pmid,pmcid,parser_category,stratum_size,stratum_reviewed,year,journal,title,evidence_snippets,source_pmc_url,gold_label,correction_class,direct_old_new,visual_required,review_note
26046950,PMC4738601,exact_replacement_candidate,70,45,2015,The Plant journal : for cell and molecular biology,Correction.,"In the article by Xie et al . ( 2014 ), the labels of MGDG and DGDG of the X ‐axis in Figure 7 a should be reversed, and the labels of the Y ‐axis in Figures 8 a,b should be signal mg −1 dry weight and in Figure 8 c should be nmol g −1 dry weight. Also, the colors in the legends of Figure 8 c should be: grey for WT, light black for OE‐1 and black for acbp3 . Therefore, the correct Figure 7 a and Figure 8 below should replace the original figures on pages 61 and 62, respectively. ⟦NEXT⟧ Content of lipid species of 4‐week‐old WT , ACBP 3‐ OE s ( OE ‐1 and OE ‐4 ) and ACBP 3‐ KO s ( acbp3 and ACBP 3‐ RNA i ) before treatment (day 0) and after LS treatment for 4 days ( LS day 4; for ACBP 3‐ OE s ) or 6 days ( LS day 6; for ACBP 3‐ KO s ). DGDG , digalactosyldiacylglycerol; MGDG , monogalactosyldiacylglycerol; PG , phosphatidylglycerol; PC , phosphatidylcholine; PE , phosphatidylethanolamine; PI , phosphatidylinositol; PS , phosphatidylserine; PA , phosphatidic acid. Asterisks indicate significant differences from WT ; * P < 0.05; ** P < 0.01 by Student's t‐test. Values represent means ± SD ( n = 4) of four independent samples and each sample was pooled from the rosettes of three plants ⟦NEXT⟧ Sphingolipid contents in rosettes of WT , ACBP 3‐ OE s and ACBP 3‐ KO s after LS treatment. For GIPC and GlcCer profiling, 4‐week‐old WT , ACBP 3‐ OE s ( OE ‐1 and OE ‐4 ) and ACBP 3‐ KO s ( acbp3 and ACBP 3‐ RNA i ) were untreated ( CK ), LS ‐treated for 4 days (a; for ACBP 3‐ OE s ), or LS treated for 6 days (b; for ACBP 3‐ KO s ). For ceramide profiling, 4‐week‐old WT , OE ‐1 and acbp3 plants were untreated ( CK ) or LS ‐treated for 2 days ( LS ). The rosette samples were harvested at the indicated times. The relative levels of GIPC (left panels in a, b) and GlcCer (right panels in a, b) were calculated by normalizing the signals of the compounds to the dry weight of tissues. The contents of Cer (c) were calculated by normalizing the amounts of compounds to the dry weights of tissues. Asterisks indicate significant differences from WT ; * P < 0.05; ** P < 0.01 by Student's t ‐test. Values represent means ± SD ( n = 4) of four independent samples and each sample was pooled from the rosettes of three plants || Sphingolipid contents in rosettes of WT , ACBP 3‐ OE s and ACBP 3‐ KO s after LS treatment. For GIPC and GlcCer profiling, 4‐week‐old WT , ACBP 3‐ OE s ( OE ‐1 and OE ‐4 ) and ACBP 3‐ KO s ( acbp3 and ACBP 3‐ RNA i ) were untreated ( CK ), LS ‐treated for 4 days (a; for ACBP 3‐ OE s ), or LS treated for 6 days (b; for ACBP 3‐ KO s ). For ceramide profiling, 4‐week‐old WT , OE ‐1 and acbp3 plants were untreated ( CK ) or LS ‐treated for 2 days ( LS ). The rosette samples were harvested at the indicated times. The relative levels of GIPC (left panels in a, b) and GlcCer (right panels in a, b) were calculated by normalizing the signals of the compounds to the dry weight of tissues. The contents of Cer (c) were calculated by normalizing the amounts of compounds to the dry weights of tissues. Asterisks indicate significant differences from WT ; * P < 0.05; ** P < 0.01 by Student's t ‐test. Values represent means ± SD ( n = 4) of four independent samples and each sample was pooled from the rosettes of three plants ⟦NEXT⟧ On page 59, the sentence ‘…but PA levels showed significant elevation compared to the untreated control (Figure 7 a)’ should read ‘…but PA levels showed significant elevation after 6‐day LS treatment compared to the untreated control (Figure 7 a)’. The sentence ‘…the levels of unsaturated species such as C36:5‐, C36:4‐, C36:2‐, C38:6‐, C38:4‐, C38:2‐, C40:2‐, C42:3‐, C42:2‐ and C44:2‐PS declined in both OE‐1 and OE‐4 lines, while those of C34:3‐, C34:2‐, C36:3‐, C36:2‐, C38:6‐, C38:5‐, C38:3‐, C38:2‐, C40:2‐, C42:4‐, C42:3‐, C42:2‐, C44:3‐ and C44:2‐PS increased significantly …’ should read ‘…the levels of unsaturated species such as C36:5‐, C36:4‐, C36:2‐, C38:4‐, C38:2‐, C40:2‐, C42:3‐, C42:2‐ and C44:2‐PS declined in both OE‐1 and OE‐4 lines, while those of C34:3‐, C34:2‐, C36:3‐, C36:2‐, C38:3‐, C38:2‐, C40:2‐, C42:4‐, C42:3‐, C42:2‐, C44:3‐ and C44:2‐PS increased significantly …’. ⟦NEXT⟧ Because in the article by Xie et al . ( 2014 ), we focused on comparison of the same compound between WT and ACBP3‐OEs or between WT and ACBP3‐KOs , rather than the relative amounts of specific compound among the samples, the above changes do not affect the conclusions of the article. ⟦NEXT⟧ The lipid data of Figures 8 a and 8 b were acquired at the Kansas Lipidomics Research Center ( http://www.k-state.edu/lipid/lipidomics/ ), following the protocols instructed on the website, while the lipid data of Figure 8 c were obtained as described in the original publication on page 65.",https://pmc.ncbi.nlm.nih.gov/articles/PMC4738601/,T1,qualifier_or_prose_claim,yes,no,
26075201,PMC4443297,exact_replacement_candidate,70,45,2015,Frontiers in bioengineering and biotechnology,"Corrigendum: ""A Validated Model of the Pro- and Anti-Inflammatory Cytokine Balancing Act in Articular Cartilage Lesion Formation"".","There are a number of errors in the original manuscript (Wang et al., 2015 ) due to the use of incorrect versions of our material during the final manuscript preparation stage. They are Figure 1 has the incorrect schematic. The figure in this corrigendum is the schematic that matches the models and simulations in the manuscript. In equation ( 1b ), δ U should be σ U . The correct initial condition for ROS is R ( r , 0) = 0. The Heaviside function is defined incorrectly in equation ( 2 ). We use the standard Heaviside function, H (θ) = 1 for θ ≥ 0, H (θ) = 0 for θ < 0. In equations (5a) and (6b), the Monod functions that depend on ROS, R , should instead depend on DAMPs, M . The parameter η in equations (8a) and (9) should be κ 1 . The underbraces in equations (8a), (8b), and (9) that indicate dependence on TNF- α specifically should instead indicate dependence on a generic pro-inflammatory cytokine, denoted by F . Equation (8b) does not depend on C U . In place of C U in the equation there should instead be implicit multiplication by 1. In Table 2, the correct parameter value for δ F is 0.1664 and the correct parameter value for δ P is 0.5545. These were obtained from the derivation in (Wang et al., 2014 ): (1) δ F = − 24 100 hour ln 1 2 = 0 . 1664 ∕ day , (2) δ P = − 24 30 hour ln 1 2 = 0 . 5545 ∕ day . Here 100 hours is the approximate half-life of TNF-α (Wedlock et al., 1996 ; Brines and Cerami, 2008 ) and 30 hours is the approximate half-life of DAMPs and EPO (Ito et al., 2008 ). To obtain the half-lives from the source literature, we used the “N-end Rule” (Varshavsky, 1997 ). The similarities in their half-lives are why we have that δ M = δ P . We note that the parameter values in Table 1 of (Wang et al., 2014 ) are not consistent with the correct values in the body of the text (Wang et al., 2014 , pg. 931). ⟦NEXT⟧ Figure 1 has the incorrect schematic. The figure in this corrigendum is the schematic that matches the models and simulations in the manuscript. ⟦NEXT⟧ In equation ( 1b ), δ U should be σ U . || Figure 1 has the incorrect schematic. The figure in this corrigendum is the schematic that matches the models and simulations in the manuscript. ⟦NEXT⟧ In equation ( 1b ), δ U should be σ U . ⟦NEXT⟧ The correct initial condition for ROS is R ( r , 0) = 0. ⟦NEXT⟧ The Heaviside function is defined incorrectly in equation ( 2 ). We use the standard Heaviside function, H (θ) = 1 for θ ≥ 0, H (θ) = 0 for θ < 0. || In equations (5a) and (6b), the Monod functions that depend on ROS, R , should instead depend on DAMPs, M . ⟦NEXT⟧ The parameter η in equations (8a) and (9) should be κ 1 . ⟦NEXT⟧ The underbraces in equations (8a), (8b), and (9) that indicate dependence on TNF- α specifically should instead indicate dependence on a generic pro-inflammatory cytokine, denoted by F . ⟦NEXT⟧ Equation (8b) does not depend on C U . In place of C U in the equation there should instead be implicit multiplication by 1. || The correct initial condition for ROS is R ( r , 0) = 0. ⟦NEXT⟧ The Heaviside function is defined incorrectly in equation ( 2 ). We use the standard Heaviside function, H (θ) = 1 for θ ≥ 0, H (θ) = 0 for θ < 0. ⟦NEXT⟧ In equations (5a) and (6b), the Monod functions that depend on ROS, R , should instead depend on DAMPs, M . ⟦NEXT⟧ The parameter η in equations (8a) and (9) should be κ 1 . || The underbraces in equations (8a), (8b), and (9) that indicate dependence on TNF- α specifically should instead indicate dependence on a generic pro-inflammatory cytokine, denoted by F . ⟦NEXT⟧ Equation (8b) does not depend on C U . In place of C U in the equation there should instead be implicit multiplication by 1. ⟦NEXT⟧ In Table 2, the correct parameter value for δ F is 0.1664 and the correct parameter value for δ P is 0.5545. These were obtained from the derivation in (Wang et al., 2014 ): (1) δ F = − 24 100 hour ln 1 2 = 0 . 1664 ∕ day , (2) δ P = − 24 30 hour ln 1 2 = 0 . 5545 ∕ day . ⟦NEXT⟧ Here 100 hours is the approximate half-life of TNF-α (Wedlock et al., 1996 ; Brines and Cerami, 2008 ) and 30 hours is the approximate half-life of DAMPs and EPO (Ito et al., 2008 ). To obtain the half-lives from the source literature, we used the “N-end Rule” (Varshavsky, 1997 ). The similarities in their half-lives are why we have that δ M = δ P . We note that the parameter values in Table 1 of (Wang et al., 2014 ) are not consistent with the correct values in the body of the text (Wang et al., 2014 , pg. 931). || There are a number of errors in the original manuscript (Wang et al., 2015 ) due to the use of incorrect versions of our material during the final manuscript preparation stage. They are Figure 1 has the incorrect schematic. The figure in this corrigendum is the schematic that matches the models and simulations in the manuscript. In equation ( 1b ), δ U should be σ U . The correct initial condition for ROS is R ( r , 0) = 0. The Heaviside function is defined incorrectly in equation ( 2 ). We use the standard Heaviside function, H (θ) = 1 for θ ≥ 0, H (θ) = 0 for θ < 0. In equations (5a) and (6b), the Monod functions that depend on ROS, R , should instead depend on DAMPs, M . The parameter η in equations (8a) and (9) should be κ 1 . The underbraces in equations (8a), (8b), and (9) that indicate dependence on TNF- α specifically should instead indicate dependence on a generic pro-inflammatory cytokine, denoted by F . Equation (8b) does not depend on C U . In place of C U in the equation there should instead be implicit multiplication by 1. In Table 2, the correct parameter value for δ F is 0.1664 and the correct parameter value for δ P is 0.5545. These were obtained from the derivation in (Wang et al., 2014 ): (1) δ F = − 24 100 hour ln 1 2 = 0 . 1664 ∕ day , (2) δ P = − 24 30 hour ln 1 2 = 0 . 5545 ∕ day . Here 100 hours is the approximate half-life of TNF-α (Wedlock et al., 1996 ; Brines and Cerami, 2008 ) and 30 hours is the approximate half-life of DAMPs and EPO (Ito et al., 2008 ). To obtain the half-lives from the source literature, we used the “N-end Rule” (Varshavsky, 1997 ). The similarities in their half-lives are why we have that δ M = δ P . We note that the parameter values in Table 1 of (Wang et al., 2014 ) are not consistent with the correct values in the body of the text (Wang et al., 2014 , pg. 931). ⟦NEXT⟧ Figure 1 has the incorrect schematic. The figure in this corrigendum is the schematic that matches the models and simulations in the manuscript. ⟦NEXT⟧ In equation ( 1b ), δ U should be σ U . ⟦NEXT⟧ The correct initial condition for ROS is R ( r , 0) = 0.",https://pmc.ncbi.nlm.nih.gov/articles/PMC4443297/,T1,method_or_scientific_entity,yes,no,
26865950,PMC4748623,exact_replacement_candidate,70,45,2016,Israel journal of health policy research,Erratum to: The burden of smoking in Israel-attributable mortality and costs (2014).,"After publication of this study [ 1 ], the authors noticed an error in the Conclusions. It should be 3600 million NIS instead of 3.6 million NIS. Please see the correct Conclusions below: ⟦NEXT⟧ Conclusions ⟦NEXT⟧ Smoking causes a considerable burden in Israel, both in terms of the expected 7847 lives lost and the financial costs of around 3600 million NIS ($1030 million or 0.42 % of GNP).",https://pmc.ncbi.nlm.nih.gov/articles/PMC4748623/,T1,numeric_or_result,yes,no,
28182791,PMC5300141,exact_replacement_candidate,70,45,2017,PloS one,Correction: Evaluation of Risk Perception and Risk-Comparison Information Regarding Dietary Radionuclides after the 2011 Fukushima Nuclear Power Plant Accident.,"There is an error in Table 3 . In row 10, the explanation incorrectly lists the unit of “1000 to 2000 mSv/year.” It should read “1000 to 2000 mSv.” Please see the corrected table here. ⟦NEXT⟧ Risk-comparison information provided, and its explanation. “+” represents risk-comparison information used in this study. ⟦NEXT⟧ Risk-comparison information provided, and its explanation.",https://pmc.ncbi.nlm.nih.gov/articles/PMC5300141/,T1,table_figure_text_or_unit,yes,no,
28352139,PMC5320681,exact_replacement_candidate,70,45,2015,Microbial genomics,"Erratum: Shetti, a simple tool to parse, manipulate and search large dataset of sequences.","MGen , 2015, 1 . DOI: 10.1099/mgen.0.000035 ⟦NEXT⟧ The Publisher apologizes for the following error in the manuscript, ‘Mati parses UniProt Knowledgebase and NCBI GenBank flat files and visualizes them as a table’ which should be ‘Shetti parses UniProt Knowledgebase and NCBI GenBank flat files and visualizes them as a table’.",https://pmc.ncbi.nlm.nih.gov/articles/PMC5320681/,T1,method_or_scientific_entity,yes,no,
28394348,PMC5385963,exact_replacement_candidate,70,45,2017,Scientific reports,Corrigendum: Anatomical Characteristics and Biomechanical Properties of the Oblique Popliteal Ligament.,"“Even so, there remains an area without external support between the OPL, the expansion over the popliteus muscle, and the lateral side of the posterior cruciate ligament, which are strongly related to the formation of popliteal cysts”. ⟦NEXT⟧ should read: ⟦NEXT⟧ “Even so, there remains an area without external support between the OPL, the expansion over the popliteus muscle, and the medial side of the posterior cruciate ligament, which are strongly related to the formation of popliteal cysts”. || Scientific Reports 7 : Article number: 42698 10.1038/srep42698 ; published online: 02 16 2017 ; updated: 04 10 2017 ⟦NEXT⟧ This Article contains an error in the Discussion section. ⟦NEXT⟧ “Even so, there remains an area without external support between the OPL, the expansion over the popliteus muscle, and the lateral side of the posterior cruciate ligament, which are strongly related to the formation of popliteal cysts”. ⟦NEXT⟧ should read:",https://pmc.ncbi.nlm.nih.gov/articles/PMC5385963/,T1,qualifier_or_prose_claim,yes,no,
28913002,PMC5585658,exact_replacement_candidate,70,45,2017,Journal of osteoporosis,"Corrigendum to ""Mikkeli Osteoporosis Index Identifies Fracture Risk Factors and Osteoporosis and Intervention Thresholds Parallel with FRAX"".","In the article titled “Mikkeli Osteoporosis Index Identifies Fracture Risk Factors and Osteoporosis and Intervention Thresholds Parallel with FRAX” [ 1 ], there was an error regarding the FRAX® tool, which should be clarified as follows. ⟦NEXT⟧ The article notes: “WHO fracture risk assessment tool FRAX integrates BMD with CRFs: age, weight/height (BMI), previous fracture, parent fractured hip, current smoking, use of glucocorticoids, use of alcohol 3 or more units/day, rheumatoid arthritis, and causes of secondary osteoporosis [14].” However, the World Health Organization (WHO) did not develop, test, or endorse the FRAX tool or its recommendations [ 2 ]. The metabolic bone disease unit at the University of Sheffield that developed FRAX was a WHO Collaborating Centre from 1991 to 2010, but treatment guidelines must undergo a formal process before they can be endorsed by the WHO.",https://pmc.ncbi.nlm.nih.gov/articles/PMC5585658/,T1,qualifier_or_prose_claim,yes,no,
29145388,PMC5689833,exact_replacement_candidate,70,45,2017,PLoS computational biology,Correction: A Unifying Probabilistic View of Associative Learning.,"There is an error in equation 15, the “discounted time derivative” h t is defined incorrectly. It should read as follows: ⟦NEXT⟧ “Operationally, the only change from the Kalman filter model described above is to replace the stimulus features x t with their discounted time derivative, h t = x t - γx t+1 . To see why this makes sense, note that the immediate reward can be expressed in terms of the difference between two values: r t = V ( x t ) − γ V ( x t + 1 ) = w t x t − γ w t x t + 1 = w t ( x t − γ x t + 1 ) . (1) ⟦NEXT⟧ This error does not affect the simulations, which were implemented with the correct definition. || “Operationally, the only change from the Kalman filter model described above is to replace the stimulus features x t with their discounted time derivative, h t = x t - γx t+1 . To see why this makes sense, note that the immediate reward can be expressed in terms of the difference between two values: r t = V ( x t ) − γ V ( x t + 1 ) = w t x t − γ w t x t + 1 = w t ( x t − γ x t + 1 ) . (1) ⟦NEXT⟧ This error does not affect the simulations, which were implemented with the correct definition.",https://pmc.ncbi.nlm.nih.gov/articles/PMC5689833/,T2_PENDING,,no,no,Pending linked-original verification; excluded from confirmed yield.
29561910,PMC5862480,exact_replacement_candidate,70,45,2018,PloS one,"Correction: Rapid enteric testing to permit targeted antimicrobial therapy, with and without Lactobacillus reuteri probiotics, for paediatric acute diarrhoeal disease in Botswana: A pilot, randomized, factorial, controlled trial.",The dose of Lactobacillus reuteri DSM 17938 appears incorrectly throughout the article as 5x10 8 colony-forming units (cfu) per day. The correct dose of of Lactobacillus reuteri DSM 17938 should be 1x10 8 cfu per day.,https://pmc.ncbi.nlm.nih.gov/articles/PMC5862480/,T1,numeric_or_result,yes,no,
29691428,PMC5915552,exact_replacement_candidate,70,45,2018,Scientific reports,Author Correction: Systematic Assessment of the Climate Sensitivity of Important Human and Domestic Animals Pathogens in Europe.,"“(b) Proportion of primary (in dark grey) compared to secondary (in light grey) drivers associated with different numbers of climate drivers” ⟦NEXT⟧ should read: ⟦NEXT⟧ “(b) Proportion of primary (in light grey) compared to secondary (in dark grey) drivers associated with different numbers of climate drivers” ⟦NEXT⟧ Additionally, in the Results section, || Correction to: Scientific Reports 10.1038/s41598-017-06948-9, published online 02 August 2017 ⟦NEXT⟧ This Article contains an error in the legend of Figure 1. ⟦NEXT⟧ “(b) Proportion of primary (in dark grey) compared to secondary (in light grey) drivers associated with different numbers of climate drivers” || Correction to: Scientific Reports 10.1038/s41598-017-06948-9, published online 02 August 2017 ⟦NEXT⟧ This Article contains an error in the legend of Figure 1. ⟦NEXT⟧ “(b) Proportion of primary (in dark grey) compared to secondary (in light grey) drivers associated with different numbers of climate drivers” ⟦NEXT⟧ should read:",https://pmc.ncbi.nlm.nih.gov/articles/PMC5915552/,T1,table_figure_text_or_unit,yes,no,
30578176,PMC6320430,exact_replacement_candidate,70,45,2018,Journal of medical Internet research,Multimedia Appendix Removal and Editorial Warning Regarding the MMAS Scale (Two-Way Social Media Messaging in Post-Operative Cataract Surgical Patients: A Prospective Interventional Study).,"Authors' Correction ⟦NEXT⟧ The authors of “Two-Way Social Media Messaging in Postoperative Cataract Surgical Patients: Prospective Interventional Study” (J Med Internet Res 2017;19(12):e413) advise that in order to address concerns raised by the purported holders of intellectual property interests in the Morisky Medication Adherence Scale (“MMAS”), Multimedia Appendix 7 (Morisky Medication Adherence Scale-8 Item questionnaire for postoperative cataract surgery) should be removed from the article. As a result, Appendix 7 was removed and all subsequent appendices 8-10 were renumbered. ⟦NEXT⟧ The correction will appear in the online version of the paper on the JMIR website on December 10, 2018, together with the publication of this correction notice. Because this was made after submission to PubMed, Pubmed Central, and other full-text repositories, the corrected article also has been re-submitted to those repositories. ⟦NEXT⟧ Editorial Notice || The authors of “Two-Way Social Media Messaging in Postoperative Cataract Surgical Patients: Prospective Interventional Study” (J Med Internet Res 2017;19(12):e413) advise that in order to address concerns raised by the purported holders of intellectual property interests in the Morisky Medication Adherence Scale (“MMAS”), Multimedia Appendix 7 (Morisky Medication Adherence Scale-8 Item questionnaire for postoperative cataract surgery) should be removed from the article. As a result, Appendix 7 was removed and all subsequent appendices 8-10 were renumbered. ⟦NEXT⟧ The correction will appear in the online version of the paper on the JMIR website on December 10, 2018, together with the publication of this correction notice. Because this was made after submission to PubMed, Pubmed Central, and other full-text repositories, the corrected article also has been re-submitted to those repositories. ⟦NEXT⟧ Editorial Notice ⟦NEXT⟧ This is the second correction we have to publish due to the actions by Steven Trubow and Donald Morisky from the company MMAS Research LLC, the copyright holder of the instrument. The developers of this scale are known to comb the literature and ask those who used the scale for research to pay for a retroactive license which may cost thousands or tens of thousands of dollars, to add references to their work, or to remove details such as the actual instrument used from publications [ 1 ]. || While it is certainly the prerogative of copyright holders of research instruments to enforce their rights, the Committee on Publication Ethics (COPE) has recently discussed the ethics of the behavior of certain copyright holders who “hold authors to ransom”, and recommends that affected journals emphasize “the fact that this is not good for the advancement of scientific knowledge or in the public interest” [ 2 ]. As open access and open science publisher, JMIR Publications could not agree more and we remind our authors of our policies and preference for public and free availability of research tools, including questionnaires [ 3 ], in the interest of reproducability and transparency of research. Given the flurry of legal disputes and correction notices related to MMAS (a third one affecting a JMIR journal is forthcoming), we now actively discourage use of MMAS and other instruments which are not available under a Creative Commons Attribution license, and encourage our authors to use or develop/validate new instruments which can be freely reproduced. ⟦NEXT⟧ We are also hereby issuing a special call for papers for short paper instruments or electronic tools licensed under Creative Commons (or available under an Open Source license) that can be used instead of MMAS to measure medication adherence, and will waive the article submission fee for such development and validation papers describing new instruments that can be used as a free alternative to MMAS. || Authors' Correction ⟦NEXT⟧ The authors of “Two-Way Social Media Messaging in Postoperative Cataract Surgical Patients: Prospective Interventional Study” (J Med Internet Res 2017;19(12):e413) advise that in order to address concerns raised by the purported holders of intellectual property interests in the Morisky Medication Adherence Scale (“MMAS”), Multimedia Appendix 7 (Morisky Medication Adherence Scale-8 Item questionnaire for postoperative cataract surgery) should be removed from the article. As a result, Appendix 7 was removed and all subsequent appendices 8-10 were renumbered. ⟦NEXT⟧ The correction will appear in the online version of the paper on the JMIR website on December 10, 2018, together with the publication of this correction notice. Because this was made after submission to PubMed, Pubmed Central, and other full-text repositories, the corrected article also has been re-submitted to those repositories. || This is the second correction we have to publish due to the actions by Steven Trubow and Donald Morisky from the company MMAS Research LLC, the copyright holder of the instrument. The developers of this scale are known to comb the literature and ask those who used the scale for research to pay for a retroactive license which may cost thousands or tens of thousands of dollars, to add references to their work, or to remove details such as the actual instrument used from publications [ 1 ]. ⟦NEXT⟧ While it is certainly the prerogative of copyright holders of research instruments to enforce their rights, the Committee on Publication Ethics (COPE) has recently discussed the ethics of the behavior of certain copyright holders who “hold authors to ransom”, and recommends that affected journals emphasize “the fact that this is not good for the advancement of scientific knowledge or in the public interest” [ 2 ]. As open access and open science publisher, JMIR Publications could not agree more and we remind our authors of our policies and preference for public and free availability of research tools, including questionnaires [ 3 ], in the interest of reproducability and transparency of research. Given the flurry of legal disputes and correction notices related to MMAS (a third one affecting a JMIR journal is forthcoming), we now actively discourage use of MMAS and other instruments which are not available under a Creative Commons Attribution license, and encourage our authors to use or develop/validate new instruments which can be freely reproduced. ⟦NEXT⟧ We are also hereby issuing a special call for papers for short paper instruments or electronic tools licensed under Creative Commons (or available under an Open Source license) that can be used instead of MMAS to measure medication adherence, and will waive the article submission fee for such development and validation papers describing new instruments that can be used as a free alternative to MMAS. || Editorial Notice ⟦NEXT⟧ This is the second correction we have to publish due to the actions by Steven Trubow and Donald Morisky from the company MMAS Research LLC, the copyright holder of the instrument. The developers of this scale are known to comb the literature and ask those who used the scale for research to pay for a retroactive license which may cost thousands or tens of thousands of dollars, to add references to their work, or to remove details such as the actual instrument used from publications [ 1 ]. ⟦NEXT⟧ While it is certainly the prerogative of copyright holders of research instruments to enforce their rights, the Committee on Publication Ethics (COPE) has recently discussed the ethics of the behavior of certain copyright holders who “hold authors to ransom”, and recommends that affected journals emphasize “the fact that this is not good for the advancement of scientific knowledge or in the public interest” [ 2 ]. As open access and open science publisher, JMIR Publications could not agree more and we remind our authors of our policies and preference for public and free availability of research tools, including questionnaires [ 3 ], in the interest of reproducability and transparency of research. Given the flurry of legal disputes and correction notices related to MMAS (a third one affecting a JMIR journal is forthcoming), we now actively discourage use of MMAS and other instruments which are not available under a Creative Commons Attribution license, and encourage our authors to use or develop/validate new instruments which can be freely reproduced. ⟦NEXT⟧ We are also hereby issuing a special call for papers for short paper instruments or electronic tools licensed under Creative Commons (or available under an Open Source license) that can be used instead of MMAS to measure medication adherence, and will waive the article submission fee for such development and validation papers describing new instruments that can be used as a free alternative to MMAS.",https://pmc.ncbi.nlm.nih.gov/articles/PMC6320430/,NONPROP,,no,no,
30787118,PMC6382969,exact_replacement_candidate,70,45,2019,mSphere,"Erratum for Wangsanut et al., ""Functional Mapping of Transcription Factor Grf10 That Regulates Adenine-Responsive and Filamentation Genes in Candida albicans "".","ERRATUM ⟦NEXT⟧ Volume 3, no. 5, e00467-18, 2018, https://doi.org/10.1128/mSphere.00467-18 . Supplemental Figure S3 legend: the description for panel B of this figure is incomplete. The last sentence of the description for this panel should read, “Plates were incubated at 30°C and photographed at 48 h; photos of LexA-IR5 with VP16 or Bas1-VP16 are from day 7.”",https://pmc.ncbi.nlm.nih.gov/articles/PMC6382969/,T2_PENDING,,no,no,Pending linked-original verification; excluded from confirmed yield.
31000781,PMC6473000,exact_replacement_candidate,70,45,2019,Scientific reports,Publisher Correction: Diattenuation Imaging reveals different brain tissue properties.,"“The magnitude of D S is related to the strength of the diattenuation ( \documentclass[12pt]{minimal} \usepackage{amsmath} \usepackage{wasysym} \usepackage{amsfonts} \usepackage{amssymb} \usepackage{amsbsy} \usepackage{mathrsfs} \usepackage{upgreek} \setlength{\oddsidemargin}{-69pt} \begin{document}$$|{\mathscr{D}}_{{\rm{S}}}|\approx |\mathscr{D}|$$\end{document} | 𝒟 S | ≈ | 𝒟 | ), the sign indicates the phase φ D (cf. equation (1)): Positive values ( D S > 0 \documentclass[12pt]{minimal} \usepackage{amsmath} \usepackage{wasysym} \usepackage{amsfonts} \usepackage{amssymb} \usepackage{amsbsy} \usepackage{mathrsfs} \usepackage{upgreek} \setlength{\oddsidemargin}{-69pt} \begin{document}$$\iff $$\end{document} ⇔ I x > I y ) correspond to regions with D + and are shown in green (the transmitted light intensity becomes maximal when the light is polarised parallel to the fibre structure, i.e. in the x-direction)”. ⟦NEXT⟧ should read: ⟦NEXT⟧ “The magnitude of D S is related to the strength of the diattenuation (| D S | ≈ \documentclass[12pt]{minimal} \usepackage{amsmath} \usepackage{wasysym} \usepackage{amsfonts} \usepackage{amssymb} \usepackage{amsbsy} \usepackage{mathrsfs} \usepackage{upgreek} \setlength{\oddsidemargin}{-69pt} \begin{document}$$|\mathscr{D}|$$\end{document} | 𝒟 | ), the sign indicates the phase φ D (cf. equation (1)): Positive values ( D S > 0 \documentclass[12pt]{minimal} \usepackage{amsmath} \usepackage{wasysym} \usepackage{amsfonts} \usepackage{amssymb} \usepackage{amsbsy} \usepackage{mathrsfs} \usepackage{upgreek} \setlength{\oddsidemargin}{-69pt} \begin{document}$$\iff $$\end{document} ⇔ I x > I y ) correspond to regions with D + and are shown in green (the transmitted light intensity becomes maximal when the light is polarised parallel to the fibre structure, i.e. in the x-direction)”. ⟦NEXT⟧ In the methods section, under subheading ‘Preparation of brain sections’, || Correction to: Scientific Reports 10.1038/s41598-019-38506-w, published online 13 February 2019 ⟦NEXT⟧ This Article contains typographical errors introduced during the publication process. ⟦NEXT⟧ In the Results section, under subheading ‘Simulation Studies’,",https://pmc.ncbi.nlm.nih.gov/articles/PMC6473000/,T1,table_figure_text_or_unit,yes,no,
32528995,PMC7263132,exact_replacement_candidate,70,45,2020,Orthopaedic journal of sports medicine,"Corrigendum to ""High Rate of Return to CrossFit Training After Arthroscopic Management of Rotator Cuff Tear"".","Carbone S, Candela V, Gumina S. High rate of return to CrossFit training after arthroscopic management of rotator cuff tear. Orthop J Sports Med . 2020;8(4):2325967120911039. (Original DOI: 10.1177/2325967120911039 ) ⟦NEXT⟧ The second author’s name appeared incorrectly in the initial published version of this article. The correct information should be Vittorio Candela, MD. The error has now been corrected in the full-text version.",https://pmc.ncbi.nlm.nih.gov/articles/PMC7263132/,NONPROP,,no,no,
32641682,PMC7343796,exact_replacement_candidate,70,45,2020,Nature communications,Publisher Correction: Controllability governs the balance between Pavlovian and instrumental action selection.,"Correction to: Nature Communications 10.1038/s41467-019-13737-7, published online 20 December 2019. ⟦NEXT⟧ The original version of this Article contained an error in the table in Figure 2b that was inadvertently introduced during production. The last row in the first column of the table should read “High Control Decoy” as opposed to “Low Control Decoy.” ⟦NEXT⟧ This error has been corrected in both the PDF and HTML versions of the Article. || The original version of this Article contained an error in the table in Figure 2b that was inadvertently introduced during production. The last row in the first column of the table should read “High Control Decoy” as opposed to “Low Control Decoy.” ⟦NEXT⟧ This error has been corrected in both the PDF and HTML versions of the Article.",https://pmc.ncbi.nlm.nih.gov/articles/PMC7343796/,T1,table_figure_text_or_unit,yes,no,
33477738,PMC7829958,exact_replacement_candidate,70,45,2021,International journal of molecular sciences,"Correction: Abughanam, G., et al. Mesenchymal Stem Cells Extract (MSCsE)-Based Therapy Alleviates Xerostomia and Keratoconjunctivitis Sicca in Sjogren's Syndrome-Like Disease. Int. J. Mol. Sci. 2019, 20 , 4750.","The authors wish to make the following corrections to this paper [ 1 ]: ⟦NEXT⟧ Figure 2B was mistakenly replaced by Figure 2D, the corrected Figure 2 is shown below: ⟦NEXT⟧ We apologize for any inconvenience brought to the readers.",https://pmc.ncbi.nlm.nih.gov/articles/PMC7829958/,T3_VISUAL,,no,yes,
33500459,PMC7838411,exact_replacement_candidate,70,45,2021,Scientific reports,"Author Correction: Passive water ascent in a tall, scalable synthetic tree.","The Authors recalculated all values of ΔP D , which led to change of the Darcy pressure drop which is now approximately one order of magnitude larger than the hydrostatic pressure drop for the short tree and roughly the same order of magnitude for the tall tree. Given that the negative Laplace pressure, P L , is equivalent to the sum of all three pressure drops, these values were also updated. Now the Laplace pressure is of order P L ~ − 10 kPa for the short tree and ranges from ~ − 10 kPa to ~ − 100 kPa for tall tree. Note that in the absence of the oscillatory flows caused by an air bubble, P L ≈ − 50 kPa is typical for the tall tree. This indicates that boiling is still not expected to be thermodynamically favorable, as the absolute pressure of water in the tree is usually greater than 10 kPa. Finally, considering that the Kelvin pressure is balanced with the Laplace pressure, this correction also updates the local humidity directly above the menisci. However, due to the slow (diffusive) evaporation rate, the resulting local humidity is still very close to 100%, so this change is not appreciable. ⟦NEXT⟧ As a result of these changes, data shown in parts of Figures 2 and 3 and in Supplementary Figure 3 is corrected. The correct Figures 2, 3 and S3 appear below as Figures 1 , 2 and 3 respectively. ⟦NEXT⟧ In addition, in the Results section under subheading ‘Modeling and physics.’, ⟦NEXT⟧ “The maximum possible Laplace pressure occurs when θ ≈ 0°, which for our case of r pore ≈ 80 m corresponds to P L,max ≈ − 1.82 MPa.” || “Our model system also assumes room temperature conditions, such that μ = 8.9 × 10^(− 4) Pa·s, ρ = 1000 kg/m 3 , and γ = 0.0728 N/m.” ⟦NEXT⟧ These changes do not affect the overall conclusions of the Article. Figure 1 Demonstration of transpiration in a short (6 cm), scalable tree. ( a ) Photograph of the experimental setup, where 19 parallel tubes pump water from a bottom reservoir to an upper synthetic leaf. The transpiration rate is tuned by changing the ambient humidity using an environmental chamber and measured using a mass balance. ( b ) Transpiration mass flux of synthetic short trees as a function of the water temperature and ambient humidity. The pre-boiled water in the reservoir is cooling over the course of the experiment, such that time progresses from right-to-left along the x-axis and each data set represents a 3 h period. ( c ) Estimated pressure drops across the synthetic tree, where Δ P P represents viscous losses along the tube array, Δ P D is the pressure drop across the wetted leaf, and Δ P G is the hydrostatic pressure column in each tube. Values of Δ P P and Δ P D were calculated to correspond to the flow rate measured at a reservoir temperature of 30 °C. ( d ) Estimated Laplace pressure as a function of the water temperature and ambient humidity, expressed as the sum of the three pressure drops found in (c). All values in (b–d) correspond to an average of three trials with error bars of one standard deviation. Figure 2 Demonstration of transpiration in a tall (3 m), scalable tree. ( a ) Photograph of the experimental setup, where the tubing and synthetic leaf are fixed to a tall vertical post. Transpiration is measured by placing the bottom reservoir on a mass balance, while the flow rate is controlled by tuning the ambient humidity of the tree growth chamber enclosing the entire tree. ( b ) Transpiration mass flux of the tall tree at 75% or 50% ambient humidities, as a function of the reservoir temperature recorded over 3 h experimental trials. ( c ) Pressure drops associated with the tall tree, calculated to match the flow rate measured at a reservoir temperature of 30 °C. ( d ) Calculated Laplace pressures of the tall tree at 75% and 50% ambient relative humidities, found as the sum of the three pressure drops. ( e ) During some trials, air bubbles (red circles) were periodically trapped within the tubes, resulting in the oscillatory backflow of the water. Graphical values in ( b – d ) are an average of three trials, while the error bars represent one standard deviation. Figure 3 Local humidities and Laplace pressures for the short tree experiments. (a) The local humidity immediately above the water menisci within the nanopores approached 100%. This is due to the slow, diffusive transpiration rate, which requires a very low Laplace pressure to conserve mass. By balancing this small Laplace pressure with the corresponding Kelvin pressure, a high local humidity is obtained. Physically, this high humidity is achieved by th || These changes do not affect the overall conclusions of the Article. Figure 1 Demonstration of transpiration in a short (6 cm), scalable tree. ( a ) Photograph of the experimental setup, where 19 parallel tubes pump water from a bottom reservoir to an upper synthetic leaf. The transpiration rate is tuned by changing the ambient humidity using an environmental chamber and measured using a mass balance. ( b ) Transpiration mass flux of synthetic short trees as a function of the water temperature and ambient humidity. The pre-boiled water in the reservoir is cooling over the course of the experiment, such that time progresses from right-to-left along the x-axis and each data set represents a 3 h period. ( c ) Estimated pressure drops across the synthetic tree, where Δ P P represents viscous losses along the tube array, Δ P D is the pressure drop across the wetted leaf, and Δ P G is the hydrostatic pressure column in each tube. Values of Δ P P and Δ P D were calculated to correspond to the flow rate measured at a reservoir temperature of 30 °C. ( d ) Estimated Laplace pressure as a function of the water temperature and ambient humidity, expressed as the sum of the three pressure drops found in (c). All values in (b–d) correspond to an average of three trials with error bars of one standard deviation. Figure 2 Demonstration of transpiration in a tall (3 m), scalable tree. ( a ) Photograph of the experimental setup, where the tubing and synthetic leaf are fixed to a tall vertical post. Transpiration is measured by placing the bottom reservoir on a mass balance, while the flow rate is controlled by tuning the ambient humidity of the tree growth chamber enclosing the entire tree. ( b ) Transpiration mass flux of the tall tree at 75% or 50% ambient humidities, as a function of the reservoir temperature recorded over 3 h experimental trials. ( c ) Pressure drops associated with the tall tree, calculated to match the flow rate measured at a reservoir temperature of 30 °C. ( d ) Calculated Laplace pressures of the tall tree at 75% and 50% ambient relative humidities, found as the sum of the three pressure drops. ( e ) During some trials, air bubbles (red circles) were periodically trapped within the tubes, resulting in the oscillatory backflow of the water. Graphical values in ( b – d ) are an average of three trials, while the error bars represent one standard deviation. Figure 3 Local humidities and Laplace pressures for the short tree experiments. (a) The local humidity immediately above the water menisci within the nanopores approached 100%. This is due to the slow, diffusive transpiration rate, which requires a very low Laplace pressure to conserve mass. By balancing this small Laplace pressure with the corresponding Kelvin pressure, a high local humidity is obtained. Physically, this high humidity is achieved by the menisci partially retreating to concentrate vapor within the nanopores, at which point the menisci position stabilizes. (b) Estimated Lapla || “The maximum possible Laplace pressure occurs when θ ≈ 0°, which for our case of r pore ≈ 80 m corresponds to P L,max ≈ − 1.82 MPa.” ⟦NEXT⟧ should read: ⟦NEXT⟧ “The maximum possible Laplace pressure occurs when θ ≈ 0°, which for our case of r pore ≈ 80 nm corresponds to P L,max ≈ − 1.82 MPa.” ⟦NEXT⟧ “where Q is the volumetric flow rate, t = 7 mm and A = 22.9 cm 2 are the thickness and cross-sectional area of the disk,” || Correction to: Scientific Reports 10.1038/s41598-019-57109-z, published online 14 January 2020 ⟦NEXT⟧ This Article contains errors. ⟦NEXT⟧ After publication of this Article, the Authors discovered an error in the code used to calculate the Darcy pressure drop (ΔP D ) across the nanoporous synthetic leaf. While Eq. 3 in the Article is correct, this code issue resulted in numerical values that were approximately four orders of magnitude too small. Additionally, the value of t used for Eq. 3 is 3.5 mm, not 7 mm as stated in the Article, to account for the fact that the vertical tubes were embedded halfway inside of the nanoporous disk. || This Article contains errors. ⟦NEXT⟧ After publication of this Article, the Authors discovered an error in the code used to calculate the Darcy pressure drop (ΔP D ) across the nanoporous synthetic leaf. While Eq. 3 in the Article is correct, this code issue resulted in numerical values that were approximately four orders of magnitude too small. Additionally, the value of t used for Eq. 3 is 3.5 mm, not 7 mm as stated in the Article, to account for the fact that the vertical tubes were embedded halfway inside of the nanoporous disk. ⟦NEXT⟧ The Authors recalculated all values of ΔP D , which led to change of the Darcy pressure drop which is now approximately one order of magnitude larger than the hydrostatic pressure drop for the short tree and roughly the same order of magnitude for the tall tree. Given that the negative Laplace pressure, P L , is equivalent to the sum of all three pressure drops, these values were also updated. Now the Laplace pressure is of order P L ~ − 10 kPa for the short tree and ranges from ~ − 10 kPa to ~ − 100 kPa for tall tree. Note that in the absence of the oscillatory flows caused by an air bubble, P L ≈ − 50 kPa is typical for the tall tree. This indicates that boiling is still not expected to be thermodynamically favorable, as the absolute pressure of water in the tree is usually greater than 10 kPa. Finally, considering that the Kelvin pressure is balanced with the Laplace pressure, this correction also updates the local humidity directly above the menisci. However, due to the slow (diffusive) evaporation rate, the resulting local humidity is still very close to 100%, so this change is not appreciable. ⟦NEXT⟧ As a result of these changes, data shown in parts of Figures 2 and 3 and in Supplementary Figure 3 is corrected. The correct Figures 2, 3 and S3 appear below as Figures 1 , 2 and 3 respectively. || After publication of this Article, the Authors discovered an error in the code used to calculate the Darcy pressure drop (ΔP D ) across the nanoporous synthetic leaf. While Eq. 3 in the Article is correct, this code issue resulted in numerical values that were approximately four orders of magnitude too small. Additionally, the value of t used for Eq. 3 is 3.5 mm, not 7 mm as stated in the Article, to account for the fact that the vertical tubes were embedded halfway inside of the nanoporous disk. ⟦NEXT⟧ The Authors recalculated all values of ΔP D , which led to change of the Darcy pressure drop which is now approximately one order of magnitude larger than the hydrostatic pressure drop for the short tree and roughly the same order of magnitude for the tall tree. Given that the negative Laplace pressure, P L , is equivalent to the sum of all three pressure drops, these values were also updated. Now the Laplace pressure is of order P L ~ − 10 kPa for the short tree and ranges from ~ − 10 kPa to ~ − 100 kPa for tall tree. Note that in the absence of the oscillatory flows caused by an air bubble, P L ≈ − 50 kPa is typical for the tall tree. This indicates that boiling is still not expected to be thermodynamically favorable, as the absolute pressure of water in the tree is usually greater than 10 kPa. Finally, considering that the Kelvin pressure is balanced with the Laplace pressure, this correction also updates the local humidity directly above the menisci. However, due to the slow (diffusive) evaporation rate, the resulting local humidity is still very close to 100%, so this change is not appreciable. ⟦NEXT⟧ As a result of these changes, data shown in parts of Figures 2 and 3 and in Supplementary Figure 3 is corrected. The correct Figures 2, 3 and S3 appear below as Figures 1 , 2 and 3 respectively. ⟦NEXT⟧ In addition, in the Results section under subheading ‘Modeling and physics.’, || Demonstration of transpiration in a short (6 cm), scalable tree. ( a ) Photograph of the experimental setup, where 19 parallel tubes pump water from a bottom reservoir to an upper synthetic leaf. The transpiration rate is tuned by changing the ambient humidity using an environmental chamber and measured using a mass balance. ( b ) Transpiration mass flux of synthetic short trees as a function of the water temperature and ambient humidity. The pre-boiled water in the reservoir is cooling over the course of the experiment, such that time progresses from right-to-left along the x-axis and each data set represents a 3 h period. ( c ) Estimated pressure drops across the synthetic tree, where Δ P P represents viscous losses along the tube array, Δ P D is the pressure drop across the wetted leaf, and Δ P G is the hydrostatic pressure column in each tube. Values of Δ P P and Δ P D were calculated to correspond to the flow rate measured at a reservoir temperature of 30 °C. ( d ) Estimated Laplace pressure as a function of the water temperature and ambient humidity, expressed as the sum of the three pressure drops found in (c). All values in (b–d) correspond to an average of three trials with error bars of one standard deviation. ⟦NEXT⟧ Demonstration of transpiration in a tall (3 m), scalable tree. ( a ) Photograph of the experimental setup, where the tubing and synthetic leaf are fixed to a tall vertical post. Transpiration is measured by placing the bottom reservoir on a mass balance, while the flow rate is controlled by tuning the ambient humidity of the tree growth chamber enclosing the entire tree. ( b ) Transpiration mass flux of the tall tree at 75% or 50% ambient humidities, as a function of the reservoir temperature recorded over 3 h experimental trials. ( c ) Pressure drops associated with the tall tree, calculated to match the flow rate measured at a reservoir temperature of 30 °C. ( d ) Calculated Laplace pressures of the tall tree at 75% and 50% ambient relative humidities, found as the sum of the three pressure drops. ( e ) During some trials, air bubbles (red circles) were periodically trapped within the tubes, resulting in the oscillatory backflow of the water. Graphical values in ( b – d ) are an average of three trials, while the error bars represent one standard deviation. ⟦NEXT⟧ Local humidities and Laplace pressures for the short tree experiments. (a) The local humidity immediately above the water menisci within the nanopores approached 100%. This is due to the slow, diffusive transpiration rate, which requires a very low Laplace pressure to conserve mass. By balancing this small Laplace pressure with the corresponding Kelvin pressure, a high local humidity is obtained. Physically, this high humidity is achieved by the menisci partially retreating to concentrate vapor within the nanopores, at which point the menisci position stabilizes. (b) Estimated Laplace pressures generated by the concave water menisci under five ambient relative h",https://pmc.ncbi.nlm.nih.gov/articles/PMC7838411/,T1,numeric_or_result,yes,no,
33590840,PMC8900150,exact_replacement_candidate,70,45,2022,American journal of health-system pharmacy : AJHP : official journal of the American Society of Health-System Pharmacists,Correction Notice.,"The term “oral” was inadvertently omitted from the following text: In the “Key Points” section, “Patients treated with semaglutide should be counselled about optimal dosing” should read: “Patients treated with oral semaglutide should be counselled about optimal dosing”. In the “Oral semaglutide use in patients with renal or hepatic impairment and/or upper GI disease” section, “Therefore, no semaglutide dose adjustment is recommended for patients with renal impairment” should read: “Therefore, no oral semaglutide dose adjustment is recommended for patients with renal impairment”. In addition, “Therefore, no semaglutide dose adjustment is recommended for patients with hepatic impairment” should read “Therefore, no oral semaglutide dose adjustment is recommended for patients with hepatic impairment”. ⟦NEXT⟧ Under the “Managing patient expectations of adverse events“ heading, the following sentence should read: “The median follow-up time in the trial was 15.9 months (range, 0.4–20 months).”. ⟦NEXT⟧ Reference 23 should read: “Almandoz JP, Lingvay I, Morales J, et al. Switching between glucagon-like peptide- 1 receptor agonists: rationale and practical guidance. Clin Diabetes . 2020;38:390–402” instead of “Almandoz JP, Lingvay I, Morales J, et al. Switching between glucagon-like peptide- 1 receptor agonists: rationale and practical guidance. Clin Diabetes ”. ⟦NEXT⟧ Reference 24 should read: “Thethi TK, Pratley R, Meier JJ et al. Efficacy, safety and cardiovascular outcomes of once-daily oral semaglutide in patients with type 2 diabetes: the PIONEER Programme. Diabetes Obes Metab . 2020;22:1263–1277.” instead of “Thethi TK, Pratley R, Meier JJ et al. Efficacy, safety and cardiovascular outcomes of once-daily oral semaglutide in patients with type 2 diabetes: the PIONEER Programme”. || Errors related to the following reference numbers were noted in Figure 2, Box 1, and on page 7: 28, 45, 52, 52, 54, 55, 59, 60. ⟦NEXT⟧ The term “oral” was inadvertently omitted from the following text: In the “Key Points” section, “Patients treated with semaglutide should be counselled about optimal dosing” should read: “Patients treated with oral semaglutide should be counselled about optimal dosing”. In the “Oral semaglutide use in patients with renal or hepatic impairment and/or upper GI disease” section, “Therefore, no semaglutide dose adjustment is recommended for patients with renal impairment” should read: “Therefore, no oral semaglutide dose adjustment is recommended for patients with renal impairment”. In addition, “Therefore, no semaglutide dose adjustment is recommended for patients with hepatic impairment” should read “Therefore, no oral semaglutide dose adjustment is recommended for patients with hepatic impairment”. ⟦NEXT⟧ Under the “Managing patient expectations of adverse events“ heading, the following sentence should read: “The median follow-up time in the trial was 15.9 months (range, 0.4–20 months).”. ⟦NEXT⟧ Reference 23 should read: “Almandoz JP, Lingvay I, Morales J, et al. Switching between glucagon-like peptide- 1 receptor agonists: rationale and practical guidance. Clin Diabetes . 2020;38:390–402” instead of “Almandoz JP, Lingvay I, Morales J, et al. Switching between glucagon-like peptide- 1 receptor agonists: rationale and practical guidance. Clin Diabetes ”. || Under the “Managing patient expectations of adverse events“ heading, the following sentence should read: “The median follow-up time in the trial was 15.9 months (range, 0.4–20 months).”. ⟦NEXT⟧ Reference 23 should read: “Almandoz JP, Lingvay I, Morales J, et al. Switching between glucagon-like peptide- 1 receptor agonists: rationale and practical guidance. Clin Diabetes . 2020;38:390–402” instead of “Almandoz JP, Lingvay I, Morales J, et al. Switching between glucagon-like peptide- 1 receptor agonists: rationale and practical guidance. Clin Diabetes ”. ⟦NEXT⟧ Reference 24 should read: “Thethi TK, Pratley R, Meier JJ et al. Efficacy, safety and cardiovascular outcomes of once-daily oral semaglutide in patients with type 2 diabetes: the PIONEER Programme. Diabetes Obes Metab . 2020;22:1263–1277.” instead of “Thethi TK, Pratley R, Meier JJ et al. Efficacy, safety and cardiovascular outcomes of once-daily oral semaglutide in patients with type 2 diabetes: the PIONEER Programme”. ⟦NEXT⟧ These have now been corrected online. || Reference 23 should read: “Almandoz JP, Lingvay I, Morales J, et al. Switching between glucagon-like peptide- 1 receptor agonists: rationale and practical guidance. Clin Diabetes . 2020;38:390–402” instead of “Almandoz JP, Lingvay I, Morales J, et al. Switching between glucagon-like peptide- 1 receptor agonists: rationale and practical guidance. Clin Diabetes ”. ⟦NEXT⟧ Reference 24 should read: “Thethi TK, Pratley R, Meier JJ et al. Efficacy, safety and cardiovascular outcomes of once-daily oral semaglutide in patients with type 2 diabetes: the PIONEER Programme. Diabetes Obes Metab . 2020;22:1263–1277.” instead of “Thethi TK, Pratley R, Meier JJ et al. Efficacy, safety and cardiovascular outcomes of once-daily oral semaglutide in patients with type 2 diabetes: the PIONEER Programme”. ⟦NEXT⟧ These have now been corrected online. ⟦NEXT⟧ DOI 10.1093/ajhp/zxaa413 || Reference 24 should read: “Thethi TK, Pratley R, Meier JJ et al. Efficacy, safety and cardiovascular outcomes of once-daily oral semaglutide in patients with type 2 diabetes: the PIONEER Programme. Diabetes Obes Metab . 2020;22:1263–1277.” instead of “Thethi TK, Pratley R, Meier JJ et al. Efficacy, safety and cardiovascular outcomes of once-daily oral semaglutide in patients with type 2 diabetes: the PIONEER Programme”. ⟦NEXT⟧ These have now been corrected online. ⟦NEXT⟧ DOI 10.1093/ajhp/zxaa413",https://pmc.ncbi.nlm.nih.gov/articles/PMC8900150/,T1,method_or_scientific_entity,yes,no,
33976345,PMC8113566,exact_replacement_candidate,70,45,2021,Scientific reports,Author Correction: The influence of different sample preparation on mechanical properties of human iliotibial tract.,"Correction to: Scientific Reports https://doi.org/10.1038/s41598-020-71790-5 , published online 09 September 2020 ⟦NEXT⟧ This Article contains errors. The determined values of the Young's moduli deviate from the literature by about two orders of magnitude. Due to the recalculation, the values of the determined Young’s moduli in Figure 7B are incorrect. The correct Figure 7B appears below as Figure 1 . Figure 1 A correct version of the original Figure 7B. ⟦NEXT⟧ A correct version of the original Figure 7B. ⟦NEXT⟧ In addition, a new table is included with each calculated Young’s modulus for better transparency. The calculated Young’s moduli are listed in Table 1 below. Table 1 Determined Young’s moduli of the examined iliotibial tract specimens (5 donors, left and right side). Sample Young’s modulus (MPa) Fresh Fresh-frozen 0% DMSO Fresh-frozen 1% DMSO Fresh-frozen 10% DMSO S1 Left 137.64 266.03 261.11 84.45 S1 Right 143.17 267.44 266.97 183.44 S2 Left 179.58 145.40 123.98 31.051 S2 Right 158.19 79.54 285.07 378.72 S3 Left 103.29 204.70 195.59 250.69 S3 Right 48.26 314.07 361.76 220.26 S4 Left 325.53 357.20 262.10 245.06 S4 Right 368.29 397.41 406.39 225.51 S5 Left 630.93 220.34 149.96 212.82 S5 Right 382.40 492.46 209.64 321.01 Mean 247.73 274.46 252.26 215.30 SD 167.91 115.60 83.16 96.04 || Determined Young’s moduli of the examined iliotibial tract specimens (5 donors, left and right side). ⟦NEXT⟧ As a result of this error, Table 2 is incorrect. The correct Table 2 appears below. Table 2 A correct version of the original Table 2 . F FDF0 FDF1 FDF10 F tu (MPa) 37.66 (SD 18.87) 34.64 (SD 12.08) 30.96 (SD 13.12) 22.00 (SD 10.91) E (MPa) 247.73 (SD 167.91) 274.46 (SD 115.60) 252.26 (SD 83.16) 215.30 (SD 96.04) ⟦NEXT⟧ A correct version of the original Table 2 . ⟦NEXT⟧ In the Results section, || “A slight increase in the Young’s Modulus of FDF0 samples (0.91 (SD 0.29) MPa) and FDF1 samples (0.83 (SD 0.28) MPa), compared to F samples (0.73 (SD 0.44) MPa) has been observed (Fig. 7).” ⟦NEXT⟧ should read: ⟦NEXT⟧ “A slight increase in the Young’s Moduli of FDF0 samples (274.46 (SD 115.60) MPa) and FDF1 samples (252.26 (SD 83.16) MPa), compared to F samples (247.73 (SD 167.91) MPa) has been observed (Fig. 7).” ⟦NEXT⟧ Finally, the Acknowledgements section is incomplete. || Correction to: Scientific Reports https://doi.org/10.1038/s41598-020-71790-5 , published online 09 September 2020 ⟦NEXT⟧ This Article contains errors. The determined values of the Young's moduli deviate from the literature by about two orders of magnitude. Due to the recalculation, the values of the determined Young’s moduli in Figure 7B are incorrect. The correct Figure 7B appears below as Figure 1 . Figure 1 A correct version of the original Figure 7B. ⟦NEXT⟧ A correct version of the original Figure 7B.",https://pmc.ncbi.nlm.nih.gov/articles/PMC8113566/,T1,numeric_or_result,yes,no,
34423023,PMC8339818,exact_replacement_candidate,70,45,2021,Annals of translational medicine,Erratum to spliceosome-associated protein 130: a novel biomarker for idiopathic pulmonary fibrosis.,"In the article titled “Spliceosome-associated protein 130: a novel biomarker for idiopathic pulmonary fibrosis” ( 1 ), corrections are needed due to carelessness on the part of the authors during the manuscript production process. ⟦NEXT⟧ Page 2, the 1 st sentence of the 4 th paragraph in the “Introduction” section stated: “Spliceosome-associated protein 130 (SAP130), a subunit of histone deacetylase, is located in the nucleus in normal live cells but diffuses out of dying cells or damaged cells and is released to the extracellular milieu.” This sentence should be updated to: “Spliceosome-associated protein 130 (SAP130), also known as splicing factor 3B subunit 3 (SF3BP), a subunit of the splicing factor 3b protein complex, is located in the nucleus in normal live cells but diffuses out of dying or damaged cells and is released into the extracellular milieu.” ⟦NEXT⟧ Page 3, the last sentence of “Immunohistochemistry (IHC)” in the “Methods” section stated: “Sections were deparaffinized and stained with Anti-SAP130 antibodies (ab 111739, Abcam) followed by biotinylated goat anti-mouse IgG and avidin-HRP.” However, the vendor information provided for SAP130 antibodies was incorrect: SAP130 antibodies were in fact purchased from Santa Cruz Biotechnologies under the catalogue number sc-398670. Therefore, the sentence should be updated to: “Sections were deparaffinized and stained with Anti-SAP130 antibodies (sc-398670, Santa Cruz Biotechnologies).” ⟦NEXT⟧ The authors apologize for these errors, which did not affect the results or conclusion of the study. || Page 2, the 1 st sentence of the 4 th paragraph in the “Introduction” section stated: “Spliceosome-associated protein 130 (SAP130), a subunit of histone deacetylase, is located in the nucleus in normal live cells but diffuses out of dying cells or damaged cells and is released to the extracellular milieu.” This sentence should be updated to: “Spliceosome-associated protein 130 (SAP130), also known as splicing factor 3B subunit 3 (SF3BP), a subunit of the splicing factor 3b protein complex, is located in the nucleus in normal live cells but diffuses out of dying or damaged cells and is released into the extracellular milieu.” ⟦NEXT⟧ Page 3, the last sentence of “Immunohistochemistry (IHC)” in the “Methods” section stated: “Sections were deparaffinized and stained with Anti-SAP130 antibodies (ab 111739, Abcam) followed by biotinylated goat anti-mouse IgG and avidin-HRP.” However, the vendor information provided for SAP130 antibodies was incorrect: SAP130 antibodies were in fact purchased from Santa Cruz Biotechnologies under the catalogue number sc-398670. Therefore, the sentence should be updated to: “Sections were deparaffinized and stained with Anti-SAP130 antibodies (sc-398670, Santa Cruz Biotechnologies).” ⟦NEXT⟧ The authors apologize for these errors, which did not affect the results or conclusion of the study. ⟦NEXT⟧ Click here to view the updated version of the article.",https://pmc.ncbi.nlm.nih.gov/articles/PMC8339818/,T1,method_or_scientific_entity,yes,no,
34831025,PMC8616274,exact_replacement_candidate,70,45,2021,Cancers,"Correction: Welter et al. Characteristics of Nephroblastoma/Nephroblastomatosis in Children with a Clinically Reported Underlying Malformation or Cancer Predisposition Syndrome. Cancers 2021, 13 , 5016.",In the original article [ 1 ] there was a mistake in Table 2 as published. Table 2 contains wrong percentages in lines Bilateral disease and Patients with CPS or GU . For this reason the table should be replaced with the correct one as shown below. ⟦NEXT⟧ The authors apologize for any inconvenience caused and state that the scientific conclusions are unaffected. The original article has been updated.,https://pmc.ncbi.nlm.nih.gov/articles/PMC8616274/,T3_VISUAL,,no,yes,
35236822,PMC8891337,exact_replacement_candidate,70,45,2022,Cell death & disease,Correction to: ECT2 overexpression promotes the polarization of tumor-associated macrophages in hepatocellular carcinoma via the ECT2/PLK1/PTEN pathway.,"Correction to: Cell Death and Disease 10.1038/s41419-021-03450-z, published online 0 8 February 2021 ⟦NEXT⟧ During the process of checking the manuscript, the authors found that GAPDH of Figure 4B, Figure 4C; GAPDH of Figure 6B and Figure 6E were incorrectly placed. The P-AKT of Figure 4 D and Figure 6B were incorrectly placed, and the authors would like this to be corrected to prevent unnecessary misunderstandings. ⟦NEXT⟧ In addition, the label group of statistic analysis shown in Figure 8C was wrongly placed. ⟦NEXT⟧ The authors apologise for any inconvenience caused and have confirmed that the associated quantitation is correct and that the results of the study were not affected. || The authors apologise for any inconvenience caused and have confirmed that the associated quantitation is correct and that the results of the study were not affected. ⟦NEXT⟧ The corrected figures can be found below. The original article has been corrected. Fig. 4 Fig. 6 Fig. 8 ⟦NEXT⟧ Fig. 4 ⟦NEXT⟧ Fig. 6 || Correction to: Cell Death and Disease 10.1038/s41419-021-03450-z, published online 0 8 February 2021 ⟦NEXT⟧ During the process of checking the manuscript, the authors found that GAPDH of Figure 4B, Figure 4C; GAPDH of Figure 6B and Figure 6E were incorrectly placed. The P-AKT of Figure 4 D and Figure 6B were incorrectly placed, and the authors would like this to be corrected to prevent unnecessary misunderstandings. ⟦NEXT⟧ In addition, the label group of statistic analysis shown in Figure 8C was wrongly placed.",https://pmc.ncbi.nlm.nih.gov/articles/PMC8891337/,T3_VISUAL,,no,yes,
35440013,PMC9019958,exact_replacement_candidate,70,45,2022,Research involvement and engagement,Correction to: Making the patient voice heard in a research consortium: experiences from an EU project (IMI-APPROACH).,"The authors would like to thank all partners of the APPROACH consortium for their continued collaboration and support of the PC. Versus Arthritis (UK) and ReumaNederland (The Netherlands) have made a particular contribution at the project proposal stage and invited founding PC members. Ingrid Lether participated in the MRI test and re-test study (Dry run of clinical protocol by APPROACH researchers section), together with two co-authors of this paper. Merck KGaA kindly allowed the authors to utilize drawings from its 350th anniversary research day (Fig. 3); the artist was Andreas Gaertner from die-zeichner.de. The authors would also like to acknowledge two former PC members from Germany and Spain, respectively; when still active members of the PC, their contribution and experience was highly valued. The authors would like to thank specifically the IMI reviewers and expert panels who encouraged the involvement of patients from the inception of this project. ⟦NEXT⟧ The correct Acknowledgements section should read: ⟦NEXT⟧ The authors would like to thank all partners of the APPROACH consortium for their continued collaboration and support of the PC. Versus Arthritis (UK) and ReumaNederland (The Netherlands) have made a particular contribution at the project proposal stage and invited founding PC members. Leonie Hussaarts (Lygature) was the PC coordinator from the start of the APPROACH project; in this role she initiated and managed a number of trivial PC activities (see section “Operationalizing the PC”). Ingrid Lether participated in the MRI test and re-test study (Dry run of clinical protocol by APPROACH researchers section), together with two co-authors of this paper. Merck KGaA kindly allowed the authors to utilize drawings from its 350th anniversary research day (Fig. 5 ); the artist was Andreas Gaertner from die-zeichner.de. The authors would also like to acknowledge two former PC members from Germany and Spain, respectively; when still active members of the PC, their contribution and experience was highly valued. The authors would like to thank specifically the IMI reviewers and expert panels who encouraged the involvement of patients from the inception of this project. ⟦NEXT⟧ All the changes requested are implemented in this correction and the original article [ 1 ] has been corrected. || Correction to: Res Involv Engagem 7, 24 (2021). 10.1186/s40900-021-00267-0 ⟦NEXT⟧ Following publication of the original article [ 1 ], the authors reported errors in the Acknowledgements section. The revised Acknowledgements section is indicated hereafter and the changes have been highlighted in bold typeface . ⟦NEXT⟧ The incorrect Acknowledgements section reads: || The authors would like to thank all partners of the APPROACH consortium for their continued collaboration and support of the PC. Versus Arthritis (UK) and ReumaNederland (The Netherlands) have made a particular contribution at the project proposal stage and invited founding PC members. Leonie Hussaarts (Lygature) was the PC coordinator from the start of the APPROACH project; in this role she initiated and managed a number of trivial PC activities (see section “Operationalizing the PC”). Ingrid Lether participated in the MRI test and re-test study (Dry run of clinical protocol by APPROACH researchers section), together with two co-authors of this paper. Merck KGaA kindly allowed the authors to utilize drawings from its 350th anniversary research day (Fig. 5 ); the artist was Andreas Gaertner from die-zeichner.de. The authors would also like to acknowledge two former PC members from Germany and Spain, respectively; when still active members of the PC, their contribution and experience was highly valued. The authors would like to thank specifically the IMI reviewers and expert panels who encouraged the involvement of patients from the inception of this project. ⟦NEXT⟧ All the changes requested are implemented in this correction and the original article [ 1 ] has been corrected. || Following publication of the original article [ 1 ], the authors reported errors in the Acknowledgements section. The revised Acknowledgements section is indicated hereafter and the changes have been highlighted in bold typeface . ⟦NEXT⟧ The incorrect Acknowledgements section reads: ⟦NEXT⟧ The authors would like to thank all partners of the APPROACH consortium for their continued collaboration and support of the PC. Versus Arthritis (UK) and ReumaNederland (The Netherlands) have made a particular contribution at the project proposal stage and invited founding PC members. Ingrid Lether participated in the MRI test and re-test study (Dry run of clinical protocol by APPROACH researchers section), together with two co-authors of this paper. Merck KGaA kindly allowed the authors to utilize drawings from its 350th anniversary research day (Fig. 3); the artist was Andreas Gaertner from die-zeichner.de. The authors would also like to acknowledge two former PC members from Germany and Spain, respectively; when still active members of the PC, their contribution and experience was highly valued. The authors would like to thank specifically the IMI reviewers and expert panels who encouraged the involvement of patients from the inception of this project. ⟦NEXT⟧ The correct Acknowledgements section should read:",https://pmc.ncbi.nlm.nih.gov/articles/PMC9019958/,NONPROP,,no,no,
35799988,PMC9195602,exact_replacement_candidate,70,45,2022,Biochemia medica,Corrigendum to: Post-GDPR survey of data protection officers in research and non-research institutions in Croatia: a cross-sectional study.,"This is a correction of: Mladinić A, Puljak L, Koporc Z. Post-GDPR survey of data protection officers in research and non-research institutions in Croatia: a cross-sectional study. Biochem Med (Zagreb). 2021;31:030703. 10.11613/BM.2021.030703. ⟦NEXT⟧ Since the publication of the article, the authors have noticed that one sentence was not correct, as the legislation has changed before the manuscript was published. Thus, in order to provide accurate information to the readers, the sentence: “According to the Personal Data Protection Act of Croatia, The Personal Data Protection Agency shall keep a Register of Personal Data Protection Officials.” should be disregarded. The authors apologize for any inconvenience caused to the readers.",https://pmc.ncbi.nlm.nih.gov/articles/PMC9195602/,T1,qualifier_or_prose_claim,yes,no,
36828932,PMC9981589,exact_replacement_candidate,70,45,2023,Experimental & molecular medicine,"Author Correction: Inhibiting nighttime melatonin and boosting cortisol increase patrolling monocytes, phagocytosis, and myelination in a murine model of multiple sclerosis.","Correction to: Experimental & Molecular Medicine 10.1038/s12276-023-00925-1, published online 13 January 2023 ⟦NEXT⟧ After online publication of this article, the authors noticed few errors in the Fig. 1b and Fig. 1c that were inadvertently introduced owing to a technical error. The unit for melatonin’s concentration is (pg/mg brain) rather than (ng/mg brain). The concentrations of all groups is divided by 100 to report the exact values as 16.52 ± 0.60 (pg/mg brain; control) rather than 1652 ± 60 (ng/mg brain; control); 20.31 ± 0.87 (pg/mg brain; vehicle) rather than 2031 ± 87 (ng/mg brain; vehicle); 13.41 ± 0.88 (pg/mg brain; constant light) rather than 1341 ± 88 (ng/mg brain; constant light); 33.44 ± 0.32 (pg/mg brain; constant darkness) rather than 3344 ± 32 (ng/mg brain; constant darkness); 18.79 ± 1.12 (pg/mg brain; luzindole) rather than 1879 ± 112 (ng/mg brain; luzindole); 24.70 ± 0.99 (pg/mg brain; melatonin) rather than 2470 ± 99 (ng/mg brain; melatonin). Figure 1C, the value of all the groups is multiplied by 0.05, a missed factor in the calculation, to report the result as 0.36 ± 0.01 rather than 7.2 ± 0.3 (pg/mg brain; control); 0.38 ± 0.02 rather than 7.6 ± 0.4 (pg/mg brain; vehicle); 0.69 ± 0.08 rather than 13.8 ± 1.7 (pg/mg brain; constant light); 0.18 ± 0.01 rather than 3.6 ± 0.2 (pg/mg brain; constant darkness); 0.39 ± 0.02 rather than 7.9 ± 0.4(pg/mg brain; luzindole); 0.26 ± 0.02 rather than 5.4 ± 0.5; (pg/mg brain; melatonin). The Fig. 1b and 1c are replaced with correct versions. ⟦NEXT⟧ Authors also corrected the following typo in section of results: “Immature OPCs were significantly (** p < 0.01) reduced by constant darkness (29 ± 8) but not by melatonin (112 ± 27) in comparison to that in the vehicle group (264 ± 48 vs 105 ± 27, respectively).” Is replaced by “Immature OPCs were significantly (** p < 0.01) reduced by constant darkness (29 ± 8) but not by melatonin (112 ± 27) in comparison to that in the vehicle group (264 ± 48).” ⟦NEXT⟧ The authors apologize for any inconvenience caused. || After online publication of this article, the authors noticed few errors in the Fig. 1b and Fig. 1c that were inadvertently introduced owing to a technical error. The unit for melatonin’s concentration is (pg/mg brain) rather than (ng/mg brain). The concentrations of all groups is divided by 100 to report the exact values as 16.52 ± 0.60 (pg/mg brain; control) rather than 1652 ± 60 (ng/mg brain; control); 20.31 ± 0.87 (pg/mg brain; vehicle) rather than 2031 ± 87 (ng/mg brain; vehicle); 13.41 ± 0.88 (pg/mg brain; constant light) rather than 1341 ± 88 (ng/mg brain; constant light); 33.44 ± 0.32 (pg/mg brain; constant darkness) rather than 3344 ± 32 (ng/mg brain; constant darkness); 18.79 ± 1.12 (pg/mg brain; luzindole) rather than 1879 ± 112 (ng/mg brain; luzindole); 24.70 ± 0.99 (pg/mg brain; melatonin) rather than 2470 ± 99 (ng/mg brain; melatonin). Figure 1C, the value of all the groups is multiplied by 0.05, a missed factor in the calculation, to report the result as 0.36 ± 0.01 rather than 7.2 ± 0.3 (pg/mg brain; control); 0.38 ± 0.02 rather than 7.6 ± 0.4 (pg/mg brain; vehicle); 0.69 ± 0.08 rather than 13.8 ± 1.7 (pg/mg brain; constant light); 0.18 ± 0.01 rather than 3.6 ± 0.2 (pg/mg brain; constant darkness); 0.39 ± 0.02 rather than 7.9 ± 0.4(pg/mg brain; luzindole); 0.26 ± 0.02 rather than 5.4 ± 0.5; (pg/mg brain; melatonin). The Fig. 1b and 1c are replaced with correct versions. ⟦NEXT⟧ Authors also corrected the following typo in section of results: “Immature OPCs were significantly (** p < 0.01) reduced by constant darkness (29 ± 8) but not by melatonin (112 ± 27) in comparison to that in the vehicle group (264 ± 48 vs 105 ± 27, respectively).” Is replaced by “Immature OPCs were significantly (** p < 0.01) reduced by constant darkness (29 ± 8) but not by melatonin (112 ± 27) in comparison to that in the vehicle group (264 ± 48).” ⟦NEXT⟧ The authors apologize for any inconvenience caused. ⟦NEXT⟧ The original article has been corrected. || Correction to: Experimental & Molecular Medicine 10.1038/s12276-023-00925-1, published online 13 January 2023 ⟦NEXT⟧ After online publication of this article, the authors noticed few errors in the Fig. 1b and Fig. 1c that were inadvertently introduced owing to a technical error. The unit for melatonin’s concentration is (pg/mg brain) rather than (ng/mg brain). The concentrations of all groups is divided by 100 to report the exact values as 16.52 ± 0.60 (pg/mg brain; control) rather than 1652 ± 60 (ng/mg brain; control); 20.31 ± 0.87 (pg/mg brain; vehicle) rather than 2031 ± 87 (ng/mg brain; vehicle); 13.41 ± 0.88 (pg/mg brain; constant light) rather than 1341 ± 88 (ng/mg brain; constant light); 33.44 ± 0.32 (pg/mg brain; constant darkness) rather than 3344 ± 32 (ng/mg brain; constant darkness); 18.79 ± 1.12 (pg/mg brain; luzindole) rather than 1879 ± 112 (ng/mg brain; luzindole); 24.70 ± 0.99 (pg/mg brain; melatonin) rather than 2470 ± 99 (ng/mg brain; melatonin). Figure 1C, the value of all the groups is multiplied by 0.05, a missed factor in the calculation, to report the result as 0.36 ± 0.01 rather than 7.2 ± 0.3 (pg/mg brain; control); 0.38 ± 0.02 rather than 7.6 ± 0.4 (pg/mg brain; vehicle); 0.69 ± 0.08 rather than 13.8 ± 1.7 (pg/mg brain; constant light); 0.18 ± 0.01 rather than 3.6 ± 0.2 (pg/mg brain; constant darkness); 0.39 ± 0.02 rather than 7.9 ± 0.4(pg/mg brain; luzindole); 0.26 ± 0.02 rather than 5.4 ± 0.5; (pg/mg brain; melatonin). The Fig. 1b and 1c are replaced with correct versions. ⟦NEXT⟧ Authors also corrected the following typo in section of results: “Immature OPCs were significantly (** p < 0.01) reduced by constant darkness (29 ± 8) but not by melatonin (112 ± 27) in comparison to that in the vehicle group (264 ± 48 vs 105 ± 27, respectively).” Is replaced by “Immature OPCs were significantly (** p < 0.01) reduced by constant darkness (29 ± 8) but not by melatonin (112 ± 27) in comparison to that in the vehicle group (264 ± 48).” || The authors apologize for any inconvenience caused. ⟦NEXT⟧ The original article has been corrected.",https://pmc.ncbi.nlm.nih.gov/articles/PMC9981589/,T1,numeric_or_result,yes,no,
36860902,PMC9969883,exact_replacement_candidate,70,45,2023,Frontiers in plant science,Corrigendum: Identification of novel canonical strigolactones produced by tomato.,"Error in Table ⟦NEXT⟧ In the published article, there was an error in Table 2 as published. In Table 2 , the chemical shift of compound A2’s 1 H NMR spectrum should be listed, but it was incorrectly listed as that of compound A1. ⟦NEXT⟧ The corrected Table 2 and its caption “NMR spectroscopic data of A2” appear below. ⟦NEXT⟧ NMR spectroscopic data of A2. || In the published article, there was an error in Table 2 as published. In Table 2 , the chemical shift of compound A2’s 1 H NMR spectrum should be listed, but it was incorrectly listed as that of compound A1. ⟦NEXT⟧ The corrected Table 2 and its caption “NMR spectroscopic data of A2” appear below. ⟦NEXT⟧ NMR spectroscopic data of A2. ⟦NEXT⟧ The authors apologize for this error and state that this does not change the scientific conclusions of the article in any way. The original article has been updated. || Error in Table ⟦NEXT⟧ In the published article, there was an error in Table 2 as published. In Table 2 , the chemical shift of compound A2’s 1 H NMR spectrum should be listed, but it was incorrectly listed as that of compound A1. ⟦NEXT⟧ The corrected Table 2 and its caption “NMR spectroscopic data of A2” appear below. || NMR spectroscopic data of A2. ⟦NEXT⟧ The authors apologize for this error and state that this does not change the scientific conclusions of the article in any way. The original article has been updated.",https://pmc.ncbi.nlm.nih.gov/articles/PMC9969883/,T2_PENDING,,no,no,Pending linked-original verification; excluded from confirmed yield.
37702856,PMC10600036,exact_replacement_candidate,70,45,2023,High blood pressure & cardiovascular prevention : the official journal of the Italian Society of Hypertension,Correction to: Impact of 2021 ESC Guidelines for Cardiovascular Disease Prevention on Hypertensive Patients Risk: Secondary Analysis of Save Your Heart Study.,"Among the 512 patients evaluated, with the application of the new parameters for fatal and non-fatal cardiovascular risk assessment, the proportion of individuals at high or very high risk rises from 48.7 to 77.1% of cases. ⟦NEXT⟧ Should read: ⟦NEXT⟧ Among the 512 patients evaluated, with the application of the new parameters for fatal and non-fatal cardiovascular risk assessment, the proportion of individuals at high or very high risk rises from 48.7 to 86.7% of cases. ⟦NEXT⟧ The original article has been corrected. || Correction to: High Blood Pressure & Cardiovascular Prevention (2023) 30:167–173 10.1007/s40292-023-00568-3 ⟦NEXT⟧ The first sentence of the ‘Results’ in the ‘Abstract’ reads as: ⟦NEXT⟧ Among the 512 patients evaluated, with the application of the new parameters for fatal and non-fatal cardiovascular risk assessment, the proportion of individuals at high or very high risk rises from 48.7 to 77.1% of cases. || Among the 512 patients evaluated, with the application of the new parameters for fatal and non-fatal cardiovascular risk assessment, the proportion of individuals at high or very high risk rises from 48.7 to 86.7% of cases. ⟦NEXT⟧ The original article has been corrected.",https://pmc.ncbi.nlm.nih.gov/articles/PMC10600036/,T1,numeric_or_result,yes,no,
37715253,PMC10503158,exact_replacement_candidate,70,45,2023,Journal of cardiothoracic surgery,Correction to: Hemostatic efcacy of a fowable collagen-thrombin matrix during coronary artery bypass grafting: a double-blind randomized controlled trial.,"Correction to: Journal of Cardiothoracic Surgery (2023) 18:193 10.1186/s13019-023-02196-3 ⟦NEXT⟧ Following publication of the original article [ 1 ], in this article text in Background section need to be changed from “Collastat®, Darim Tissen, Inc., Seoul, Korea; FDA premarket approval P810006S085” to “CollaStat, Dalim Tissen Co., Ltd., Seoul, Korea”. Also, there is a change in the Fig. 2 and the same has been placed below: Fig. 2 Study flow diagram. CAOD: coronary arterial obstructive disease, OPCAB: Of-pump coronary artery bypass ⟦NEXT⟧ Study flow diagram. CAOD: coronary arterial obstructive disease, OPCAB: Of-pump coronary artery bypass ⟦NEXT⟧ The original article has been corrected. || Correction to: Journal of Cardiothoracic Surgery (2023) 18:193 10.1186/s13019-023-02196-3 ⟦NEXT⟧ Following publication of the original article [ 1 ], in this article text in Background section need to be changed from “Collastat®, Darim Tissen, Inc., Seoul, Korea; FDA premarket approval P810006S085” to “CollaStat, Dalim Tissen Co., Ltd., Seoul, Korea”. Also, there is a change in the Fig. 2 and the same has been placed below: Fig. 2 Study flow diagram. CAOD: coronary arterial obstructive disease, OPCAB: Of-pump coronary artery bypass ⟦NEXT⟧ Study flow diagram. CAOD: coronary arterial obstructive disease, OPCAB: Of-pump coronary artery bypass || Study flow diagram. CAOD: coronary arterial obstructive disease, OPCAB: Of-pump coronary artery bypass ⟦NEXT⟧ The original article has been corrected.",https://pmc.ncbi.nlm.nih.gov/articles/PMC10503158/,T1,method_or_scientific_entity,yes,no,
38025389,PMC10661225,exact_replacement_candidate,70,45,2023,Frontiers in behavioral neuroscience,"Corrigendum: Longitudinal relations between parenting stress and child internalizing and externalizing behaviors: testing within-person changes, bidirectionality and mediating mechanisms.","In the published article, the reference for “and others comprising child domains as well, including the Parenting Stress Index (PSI)” was incorrectly written as (Deater-Deckard and Panneton, 2017). It should be (Abidin, 1995 ). ⟦NEXT⟧ In the published article, the reference for “And the Parenting Daily Hassles scale (PDH);” was incorrectly written as (Patterson, 1992). It should be (Crnic and Greenberg, 1990 ). The full citation for this reference is: Crnic, K. A., and Greenberg, M. T. (1990). Minor parenting stresses with young children. Child Dev . 61, 1628–1637. ⟦NEXT⟧ In the published article, the reference for [“…in their systematic review that parental warmth was negatively associated with behavioral outcomes in preterm children, as displayed by fewer internalizing and externalizing problems.] was incorrectly written as Baumrind (1971). It should be Neel et al. ( 2018 ). ⟦NEXT⟧ In the published article, the reference for “Families with children registered on the Child Benefit Register born between December 1st 2007 and June 30th 2008 could be included, with a total of 41,185 eligible children” was incorrectly written as (Rogosa, 1980). It should be (Quail et al., 2011 ). || In the published article, the reference for [“…in their systematic review that parental warmth was negatively associated with behavioral outcomes in preterm children, as displayed by fewer internalizing and externalizing problems.] was incorrectly written as Baumrind (1971). It should be Neel et al. ( 2018 ). ⟦NEXT⟧ In the published article, the reference for “Families with children registered on the Child Benefit Register born between December 1st 2007 and June 30th 2008 could be included, with a total of 41,185 eligible children” was incorrectly written as (Rogosa, 1980). It should be (Quail et al., 2011 ). ⟦NEXT⟧ In the published article, the reference for “Children's emotional and behavioral problems were assessed by the Strengths and Difficulties Questionnaire (SDQ);” was incorrectly written as (Hamaker et al., 2015). It should be (Goodman, 1997 ). ⟦NEXT⟧ In the published article, the reference for “For the current study, the scores on the subscale Emotional Symptoms and Peer Problems were combined by summarizing the scores to create an “Internalizing” subscale, and the Conduct Problems and Hyperactivity subscale were combined by summarizing the scores to create an “Externalizing” subscale” was incorrectly written as (Quail et al., 2011). It should be (Goodman et al., 2010 ). || In the published article, the reference for “For the current study, the scores on the subscale Emotional Symptoms and Peer Problems were combined by summarizing the scores to create an “Internalizing” subscale, and the Conduct Problems and Hyperactivity subscale were combined by summarizing the scores to create an “Externalizing” subscale” was incorrectly written as (Quail et al., 2011). It should be (Goodman et al., 2010 ). ⟦NEXT⟧ In the published article, the reference for “The subscales demonstrated acceptable reliability (Internalizing Cronbach's a = 0.73, Externalizing Cronbach's a = 0.78;” was incorrectly written as (Goodman, 1997). It should be (Goodman et al., 2010 ). ⟦NEXT⟧ In the published article, the reference for “Parenting behavior was measured using an instrument from the Longitudinal Study of Australian Children (LSAC);” was incorrectly written as (Anthony et al., 2005). It should be (Zubrick et al., 2014 ). ⟦NEXT⟧ In the published article, the reference for “To investigate the within-person associations of parenting stress and child internalizing and externalizing behavior problems over time, random-intercept crossed lagged panel modeling (RI-CLPM) were used in R using the Rstudio software v.1.2.5019 and the Lavaan package” was incorrectly written as (Goodman, 1997). It should be (Rosseel, 2012 ). || In the published article, the reference for “Parenting behavior was measured using an instrument from the Longitudinal Study of Australian Children (LSAC);” was incorrectly written as (Anthony et al., 2005). It should be (Zubrick et al., 2014 ). ⟦NEXT⟧ In the published article, the reference for “To investigate the within-person associations of parenting stress and child internalizing and externalizing behavior problems over time, random-intercept crossed lagged panel modeling (RI-CLPM) were used in R using the Rstudio software v.1.2.5019 and the Lavaan package” was incorrectly written as (Goodman, 1997). It should be (Rosseel, 2012 ). ⟦NEXT⟧ In the published article, the reference for “Primary caregiver's cultural background and child's gender were included in the model as TIC's, and primary caregiver's age, partner status, household income, occupational status, and educational level were included in the model as TVC's” was incorrectly written as (Goodman et al., 2010). It should be (Mund et al., 2021 ). ⟦NEXT⟧ In the published article, the reference for “the Tucker–Lewis Index (TLI;” was incorrectly written as Rosseel, 2012. It should be (Tucker and Lewis, 1973 ). || In the published article, the reference for “As opposed to externalizing behaviors, internalizing behaviors could easily go unnoticed by parents, and maybe also because at very young ages children's verbal skills are less well-developed yet, which makes them less competent in expressing their internal feelings” was incorrectly written as (Kline, 2015). It should be (Tandon et al., 2009 ). ⟦NEXT⟧ In the published article, the reference for “This idea is also supported by studies examining correspondence between different informants, with often larger correspondence found in reports of children's externalizing problems when compared to internalizing problems] was incorrectly written as (Enders, 2001; Tandon et al., 2009”. It should be (van der Ende et al., 2012 ; De Los Reyes et al., 2015 ). ⟦NEXT⟧ In the published article, the reference for [“… investigated the specificity of parenting stressors and disentangled the associations between various parenting stressors and internalizing and externalizing behaviors,…] was incorrectly written as van der Ende et al. (2012). It should be Costa et al. ( 2006 ). ⟦NEXT⟧ In the published article, the reference for “(PSI-SF;” was incorrectly written as (Abidin, 1995). It should be (Abidin, 1990 ). || In the published article, the reference for “Although not supported by” was incorrectly written as van der Ende et al. (2012). It should be Costa et al. ( 2006 ). ⟦NEXT⟧ In the published article, the reference for “Thus, the total time interval of 6 years as used in the current study could have been too long to measure an actual mediation effect” was incorrectly written as (Costa et al., 2006). It should be (Boele et al., 2020 ). ⟦NEXT⟧ In the published article, the reference for “our study corrected for covariates that have widely been associated with parenting stress, including household income, educational status and occupational status” was incorrectly written as (Abidin, 1990, 1995). It should be (Abidin, 1990 , 1992 ). ⟦NEXT⟧ In the published article, the reference for “Parental reports on child's internalizing behaviors are commonly found to be underreported, for instance as a consequence of internalizing symptoms being less visible to parents” was incorrectly written as (Kline, 2015). It should be (Tandon et al., 2009 ). || In the published article, the reference for “Thus, the total time interval of 6 years as used in the current study could have been too long to measure an actual mediation effect” was incorrectly written as (Costa et al., 2006). It should be (Boele et al., 2020 ). ⟦NEXT⟧ In the published article, the reference for “our study corrected for covariates that have widely been associated with parenting stress, including household income, educational status and occupational status” was incorrectly written as (Abidin, 1990, 1995). It should be (Abidin, 1990 , 1992 ). ⟦NEXT⟧ In the published article, the reference for “Parental reports on child's internalizing behaviors are commonly found to be underreported, for instance as a consequence of internalizing symptoms being less visible to parents” was incorrectly written as (Kline, 2015). It should be (Tandon et al., 2009 ). ⟦NEXT⟧ In the published article, the reference for “Even though they studied an older sample than we did in our study, a large longitudinal study by” was incorrectly written as Boele et al. (2020). It should be Robinson et al. ( 2019 ). || In the published article, the reference for “Even though they studied an older sample than we did in our study, a large longitudinal study by” was incorrectly written as Boele et al. (2020). It should be Robinson et al. ( 2019 ). ⟦NEXT⟧ In the published article, the reference for “Secondary caregivers and teachers may have a different experience about the child's behavior than the primary caregiver” was incorrectly written as (Bradley and Corwyn, 2002; de Maat et al., 2021). It should be (Kraemer et al., 2003 ; de Maat et al., 2021 ). ⟦NEXT⟧ In the published article, the reference for “A multimethod approach could be applied, by combining both questionnaires and observational data to obtain a more objective measure of parental and child behavior” was incorrectly written as (Tandon et al., 2009). It should be (de Maat et al., 2021 ). ⟦NEXT⟧ In the published article, the reference for “Thus, future studies may investigate parenting and child outcomes from a more family systems perspective by including other family members, including other children in the household” was incorrectly written as (Richmond et al., 2005; Robinson et al., 2019). It should be (Richmond et al., 2005 ).",https://pmc.ncbi.nlm.nih.gov/articles/PMC10661225/,NONPROP,,no,no,
38538577,PMC10973411,exact_replacement_candidate,70,45,2024,Nature communications,Author Correction: CAR-T cell therapy-related cytokine release syndrome and therapeutic response is modulated by the gut microbiome in hematologic malignancies.,"Correction to: Nature Communications 10.1038/s41467-022-32960-3, published online 09 September 2022 ⟦NEXT⟧ The original version of this Article had numerical mistakes in the source data corresponding to figure 1a, some values (or textual entries) were missing (cells 1P, 18P), and some were incorrect (cells 3Q, 4J, 11J-P, 17K-L, 18N, 30B, 30E, 30J-K, 30N, 39E, 39J, 40E, 40J, 41E, 54J, 63J-L, 65B, 65K, 65N, 73E, 73J, 74E, 74J, 78N-P, 85J). These are replaced with the correct entries. ⟦NEXT⟧ Column B of the source data corresponding to Supplementary Table 1 is now deleted, due to confidentiality concerns. ⟦NEXT⟧ Accordingly, the text of the “Clinical trial outcomes” section of the Results has been corrected: || Correction to: Nature Communications 10.1038/s41467-022-32960-3, published online 09 September 2022 ⟦NEXT⟧ The original version of this Article had numerical mistakes in the source data corresponding to figure 1a, some values (or textual entries) were missing (cells 1P, 18P), and some were incorrect (cells 3Q, 4J, 11J-P, 17K-L, 18N, 30B, 30E, 30J-K, 30N, 39E, 39J, 40E, 40J, 41E, 54J, 63J-L, 65B, 65K, 65N, 73E, 73J, 74E, 74J, 78N-P, 85J). These are replaced with the correct entries. ⟦NEXT⟧ Column B of the source data corresponding to Supplementary Table 1 is now deleted, due to confidentiality concerns. || Column B of the source data corresponding to Supplementary Table 1 is now deleted, due to confidentiality concerns. ⟦NEXT⟧ Accordingly, the text of the “Clinical trial outcomes” section of the Results has been corrected: ⟦NEXT⟧ Line 10: “Within 1 month after BCMA CAR-T cell infusion, 2 patients died of cerebral hemorrhage and 4 died of severe infections. ⟦NEXT⟧ Of the 95 evaluable patients, 91 (95.8%) had an overall response.”",https://pmc.ncbi.nlm.nih.gov/articles/PMC10973411/,T2_PENDING,,no,no,Pending linked-original verification; excluded from confirmed yield.
38570241,PMC11065706,exact_replacement_candidate,70,45,2024,Animal bioscience,CORRIGENDUM.,"The followings are to be changed in Anim Biosci 2024 Vol 37, No. 3 : 451-460. ⟦NEXT⟧ p-values of some parameters in Table 2 should be in bold.",https://pmc.ncbi.nlm.nih.gov/articles/PMC11065706/,NONPROP,,no,no,
38578945,PMC10997179,exact_replacement_candidate,70,45,2024,Environmental health perspectives,"Erratum: ""Clearing the Air: Gas Stove Emissions and Direct Health Effects"".","The article provides an incorrect attribution in the caption of Figure 4. The left image should be cited to Lebel et al. (2022), rather than Gruenwald et al. (2022). ⟦NEXT⟧ Corrected, the full caption is: Incomplete combustion of natural gas during normal operation of home appliances generates measurable levels of methane, carbon dioxide, and nitrous oxides, left, and benzene, right. Images: Lebel et al. (2022), left 5 ; Kashtan et al. (2023), right 10 ; both CC-BY-NC-ND 4.0. [ https://creativecommons.org/licenses/by-nc-nd/4.0/ ]. ⟦NEXT⟧ EHP regrets the error. || Corrected, the full caption is: Incomplete combustion of natural gas during normal operation of home appliances generates measurable levels of methane, carbon dioxide, and nitrous oxides, left, and benzene, right. Images: Lebel et al. (2022), left 5 ; Kashtan et al. (2023), right 10 ; both CC-BY-NC-ND 4.0. [ https://creativecommons.org/licenses/by-nc-nd/4.0/ ]. ⟦NEXT⟧ EHP regrets the error.",https://pmc.ncbi.nlm.nih.gov/articles/PMC10997179/,NONPROP,,no,no,
38823409,PMC11168937,exact_replacement_candidate,70,45,2024,The Lancet. Global health,Correction to Lancet Glob Health 2024; 12: e815-25.,"Checkley C, Thompson LM, Hossen S, et al. Cooking with liquefied petroleum gas or biomass and fetal growth outcomes: a multi-country randomised controlled trial. Lancet Glob Health 2024; 12: e815–25 —In figure 4 of this Article, for the exposure–response analysis of estimated fetal weight or birthweight and personal exposure to PM 2·5 , the 98·75% CI of the Z score at 33 weeks should be –0·10 to –0·01. And the following statement has been added after the first sentence of the Acknowledgments section: “This research represents the NIH's contribution to the Global Alliance for Chronic Diseases (GACD) coordinated call for research on prevention and management of chronic lung diseases for 2016.” These corrections have been made as of May 29, 2024.",https://pmc.ncbi.nlm.nih.gov/articles/PMC11168937/,T2_PENDING,,no,no,Pending linked-original verification; excluded from confirmed yield.
38994333,PMC11238910,exact_replacement_candidate,70,45,2024,Frontiers in medicine,Corrigendum: Nocebo effects in systemic therapies for adult plaque psoriasis: a systematic review and meta-analysis.,"In the published article, there was an error in Table 1 as published. In the row “Any AE” under the columns “Non-biologic” and “Non-biologic Placebo,” the numbers entered of 57.10 (54.66 – 59.52) and 49.78 (47.12 – 52.44), respectively, are an accidental transposition of these same numbers from the “Intervention Pooled” and “Placebo Pooled” columns. Instead, the numbers under row “Any AE” for column “Non-biologic” should be 63.02 (56.80 – 69.03) and for column “Non-biologic Placebo” should be 48.75 (41.02 – 56.51). The corrected Table 1 appears below. ⟦NEXT⟧ Pooled proportion of patients experiencing adverse events and risk difference between systemic therapy and placebo stratified by treatment class. ⟦NEXT⟧ AE, adverse event; CI, confidence interval; NA, not applicable. || Bolded values are significantly different from 0 testing at a significance level of 5%. ⟦NEXT⟧ The authors apologize for this error and state that this does not change the scientific conclusions of the article in any way. The original article has been updated.",https://pmc.ncbi.nlm.nih.gov/articles/PMC11238910/,T1,numeric_or_result,yes,no,
39083513,PMC11290657,exact_replacement_candidate,70,45,2024,PloS one,Correction: Determination of specific life changes on psychological distress during the COVID-19 pandemic.,"The images for Figs 1 and 2 are incorrectly switched. The image that appears as Fig 1 should be Fig 2 , and the image that appears as Fig 2 should be Fig 1 . The figure captions appear in the correct order.",https://pmc.ncbi.nlm.nih.gov/articles/PMC11290657/,T3_VISUAL,,no,yes,
39618286,PMC11609620,exact_replacement_candidate,70,45,2024,Cancer discovery,Correction: St. Jude Survivorship Portal: Sharing and Analyzing Large Clinical and Genomic Datasets from Pediatric Cancer Survivors.,"In the original version of this article ( 1 ), several labels in Fig. 1A were inadvertently mislabeled as “mol/L” by the compositor during production of the paper and should instead read “M” to indicate million. Figure 1A has been corrected in the latest online HTML and PDF versions of the article. The publisher regrets the error.",https://pmc.ncbi.nlm.nih.gov/articles/PMC11609620/,T1,table_figure_text_or_unit,yes,no,
39994982,PMC11850955,exact_replacement_candidate,70,45,2025,Journal of cosmetic dermatology,"Correction to ""Safety and Efficacy of REGENDIL Infused Hair Growth Promoting Product in Adult Human Subject Having Hair Fall Complaints (Alopecia)"".","A. Merja, N. Patel, M. Patel, S. Patnaik, A. Ahmed, and S. Maulekhi, “Safety and Efficacy of REGENDIL Infused Hair Growth Promoting Product in Adult Human Subjects Having Hair Fall Complaints (Alopecia).” Journal of Cosmetic Dermatology 23 (2024): 938–948, https://doi.org/10.1111/jocd.16084 . ⟦NEXT⟧ The authors noticed a typographical error in Table 1 on page 940, representing the “Demographic Data of the subjects”. The units for Weight and Height were incorrectly listed as “Weight (cm)” and “Height (kg).” This should be corrected to “Weight (kg)” and “Height (cm).” ⟦NEXT⟧ The revised version of Table 1 is shown below. ⟦NEXT⟧ Abbreviation: SD, standard deviation. || Abbreviation: SD, standard deviation. ⟦NEXT⟧ We apologize for this error.",https://pmc.ncbi.nlm.nih.gov/articles/PMC11850955/,T1,table_figure_text_or_unit,yes,no,
40198644,PMC11977965,exact_replacement_candidate,70,45,2025,PloS one,Correction: Protocol for a mobile laboratory study of co-administration of cannabis concentrates with a standard alcohol dose in humans.,"Carrie Cuttler should be included in the author byline. Carrie Cuttler should be listed as the sixth author, and his affiliation is 2: Department of Psychology, Washington State University. The contributions of this author are as follows: conceptualized ideas, developed or designed a methodology, contributed reagents/materials/analysis tools, provided activity planning and execution for the research. ⟦NEXT⟧ The correct citation is: Karoly HC, Prince MA, Emery NN, Smith EE, Piercey CJ, Cuttler C (2022) Protocol for a mobile laboratory study of co-administration of cannabis concentrates with a standard alcohol dose in humans. PLoS ONE 17(11): e0277123. https://doi.org/10.1371/journal.pone.0277123",https://pmc.ncbi.nlm.nih.gov/articles/PMC11977965/,NONPROP,,no,no,
41082484,PMC12517500,exact_replacement_candidate,70,45,2025,PloS one,"Correction: Arthrospira platensis nanoparticles dietary supplementation improves growth performance, steroid hormone balance, and reproductive productivity of Nile tilapia (Oreochromis niloticus) broodstock.","In Table 4 , all treatments are labelled as “AN 0 ” instead of “AN 0 , AN 2 , AN 4 and AN 6 ”. Please see the correct Table 4 here. ⟦NEXT⟧ Blood biochemical parameters of O. niloticus broodstock fed different inclusion levels of A. platensis nanoparticles. ⟦NEXT⟧ AN 0 , AN 2 , AN 4 , and AN 6 are diets supplemented with A. platensis nanoparticles at levels of 0, 2, 4, and 6 g kg ─1 diet, respectively. GPT: Glutamic pyruvate transaminase (U mL ─1 ), AST: Aspartate aminotransferase (U mL ─1 ), ALT Alanine (U mL ─1 ). The presented data are Means ± SD ( n = 3 ). Different letters in the same row are significantly different ( p < 0.05 ), while the absence of letters means no significant differences.",https://pmc.ncbi.nlm.nih.gov/articles/PMC12517500/,T1,table_figure_text_or_unit,yes,no,
41111908,PMC12530937,exact_replacement_candidate,70,45,2025,Mediators of inflammation,"Correction to ""Mesenchymal Stem Cell-Derived Exosomes Modulate Chondrocyte Glutamine Metabolism to Alleviate Osteoarthritis Progression"".","K. Jiang, T. Jiang, Y. Chen, and X. Mao, “Mesenchymal Stem Cell-Derived Exosomes Modulate Chondrocyte Glutamine Metabolism to Alleviate Osteoarthritis Progression,” Mediators of Inflammation 2021 (2021): 2979124, https://doi.org/10.1155/2021/2979124 . ⟦NEXT⟧ In the article, there are errors in the Abstract, the caption of Figure 6a, and Section 3.1. Specifically: 1. In the Abstract and the legend of Figure 6a, “mice” should be replaced with “rat.” 2. In Section 3.1, “PKH67” should be replaced with “PKH26.” 3. In Section 3.1, “spinal cord” should be replaced with “bone marrow.” ⟦NEXT⟧ 1. In the Abstract and the legend of Figure 6a, “mice” should be replaced with “rat.” ⟦NEXT⟧ 2. In Section 3.1, “PKH67” should be replaced with “PKH26.” || 1. In the Abstract and the legend of Figure 6a, “mice” should be replaced with “rat.” ⟦NEXT⟧ 2. In Section 3.1, “PKH67” should be replaced with “PKH26.” ⟦NEXT⟧ 3. In Section 3.1, “spinal cord” should be replaced with “bone marrow.” ⟦NEXT⟧ We apologize for these errors. || In the article, there are errors in the Abstract, the caption of Figure 6a, and Section 3.1. Specifically: 1. In the Abstract and the legend of Figure 6a, “mice” should be replaced with “rat.” 2. In Section 3.1, “PKH67” should be replaced with “PKH26.” 3. In Section 3.1, “spinal cord” should be replaced with “bone marrow.” ⟦NEXT⟧ 1. In the Abstract and the legend of Figure 6a, “mice” should be replaced with “rat.” ⟦NEXT⟧ 2. In Section 3.1, “PKH67” should be replaced with “PKH26.” ⟦NEXT⟧ 3. In Section 3.1, “spinal cord” should be replaced with “bone marrow.” || 2. In Section 3.1, “PKH67” should be replaced with “PKH26.” ⟦NEXT⟧ 3. In Section 3.1, “spinal cord” should be replaced with “bone marrow.” ⟦NEXT⟧ We apologize for these errors.",https://pmc.ncbi.nlm.nih.gov/articles/PMC12530937/,T1,qualifier_or_prose_claim,yes,no,
41639336,PMC12872623,exact_replacement_candidate,70,45,2026,Clinical oral investigations,Correction to: Hard and soft tissue contour changes following simultaneous guided bone regeneration at single peri‑implant dehiscence defects using either resorbable or non-resorbable membranes: a 6-month secondary analysis of a randomized controlled trial.,"10.1007/s00784-025-06322-4 ⟦NEXT⟧ In the Materials section, within the resorbable collagen membrane (RES) group, the material was incorrectly reported as “Geistlich Mucograft ® Seal” (Geistlich Pharma) . The correct material used should be “Bio-Gide ® (Geistlich Pharma)” . ⟦NEXT⟧ Although this involves a change of only one term, it is clinically and scientifically relevant, as these are different materials with distinct indications. ⟦NEXT⟧ The original article has been corrected. || Correction to: Clin Oral Invest ⟦NEXT⟧ 10.1007/s00784-025-06322-4 ⟦NEXT⟧ In the Materials section, within the resorbable collagen membrane (RES) group, the material was incorrectly reported as “Geistlich Mucograft ® Seal” (Geistlich Pharma) . The correct material used should be “Bio-Gide ® (Geistlich Pharma)” . || Although this involves a change of only one term, it is clinically and scientifically relevant, as these are different materials with distinct indications. ⟦NEXT⟧ The original article has been corrected.",https://pmc.ncbi.nlm.nih.gov/articles/PMC12872623/,T1,method_or_scientific_entity,yes,no,
41664648,PMC12883256,exact_replacement_candidate,70,45,2026,Journal of health economics and outcomes research,Erratum: Cost-Effectiveness of an Absorbable Antibacterial Envelope for Infection Control in Cardiac Implantable Electronic Device Procedures in Spain.,"Therefore, the evidence shows that TYRX is likely to be a cost-effective strategy for infection prevention across diverse populations and device categories, emphasizing its value in routine clinical practice. Moreover, the results demonstrate that even considering a shorter time horizon of 3 years, TYRX remains cost-effective across all devices, which highlights its potential to deliver economic and clinical benefits not only in the long-term, but also in the short-term. ⟦NEXT⟧ There are limitations in the present model that should be considered when interpreting the results. Many clinical inputs were sourced from studies conducted outside Spain due to limited availability of local data, which may affect generalizability. Specifically, infection rates were obtained from the REINFORCE study, a real-world Italian cohort considered broadly comparable to the Spanish setting. 12 Although not a randomized trial, REINFORCE provided data from a propensity-matched analysis and was preferred due to the potential underestimation of infection rates in clinical trials caused by the Hawthorne effect, where awareness of observation may lead to improved care and lower event rates. 12,35 In the absence of country-specific data for Spain, European and international consensus documents, including the EHRA International Consensus on CIED Infection Prevention and Management, 9 provide widely accepted standards for prophylaxis and perioperative infection control practices that are generally implemented across hospitals in Italy and Spain. These shared practices support the applicability of REINFORCE infection rates to the Spanish context, while acknowledging that subtle differences in hospital organization or patient characteristics may exist. Nevertheless, the model would benefit from future updates incorporating Spanish-specific data. Limitations also stem from the theoretical nature of cost-effectiveness modeling, which may not fully reflect clinical practice. For instance, regarding CIED-related infections, variability in hospital protocols and resource use can influence both infection rates and costs. Additionally, the lack of device-specific infection and mortality rates required applying uniform estimates across all CIED types. Lastly, in the high-risk scenario, several assumptions were made due to data gaps: the distribution and timing of infections, the treatment effect of TYRX, and mortality rates were all assumed to be the same as in the broad, unselected population, which may have led to overestimated survival in this subgroup. In addition, baseline infection risk was estimated using data from a separate study. Despite these limitations, all model inputs and assumptions were validated by a panel of clinical experts, and sensitivity analysis confirmed the robustness of the results. ⟦NEXT⟧ CONCLUSIONS ⟦NEXT⟧ The results of the present model suggest that the use of TRYX for preventing CIED infections could be considered a dominant strategy for CRT-D and ICD d || Infection Risks/Probability of Infection ⟦NEXT⟧ A major infection is defined as an infection that results in a CIED removal, an invasive CIED procedure without removal, treatment with long-term antibiotic therapy if extraction is not possible, or death. 11 The probability of major infection with SOC was estimated from the control arm of the propensity-matched population in the REINFORCE study, with the same value considered for all device types: 2.75%, 0.90%, and 0.83% at 12, 12 to 24, and 24 to 36 months, respectively. 12 The treatment effect associated with TYRX was included by applying a hazard ratio (HR) of 0.28, obtained from the same propensity-matched population, and applied uniformly across all device types. 12 Relapse rates were sourced from the literature, with a risk of 71.4% in people without an extraction, 50.0% with partial extraction, and 4.80% with complete extraction and replacement. 20–22 Individuals who had a complete extraction without replacement were assumed to have no risk of relapse due to the absence of an implanted device. ⟦NEXT⟧ A minor CIED infection was defined as any infection not meeting the criteria for a major CIED infection. 11 A probability of minor CIED infection of 0.95% was included for those receiving SOC, applying a RR of 0.76 to those in the TYRX + SOC arm. 13 The values were assumed to be the same across device types. ⟦NEXT⟧ Mortality || To date, most economic evaluations on TYRX have focused on patients at increased risk of infection. 1,13,14 Previous cost-effectiveness analyses conducted across different healthcare systems, including those of the United States, United Kingdom, Germany, Italy, and Denmark, have consistently shown that TYRX is cost-effective in patients at elevated risk for device-related infections, with ICERs below commonly accepted thresholds in all settings examined. 1,13,14,33 Additionally, Kay et al included an analysis in an unselected population and found that TYRX remained cost-effective in this broader group at a £30 000/QALY-gained threshold. 13 Although the populations and healthcare settings differ, the findings of the present study are consistent with this body of evidence. ⟦NEXT⟧ While these studies have consistently demonstrated favorable cost-effectiveness, their applicability to broader clinical practice has been limited. The present analysis, by accounting for the full spectrum of patients receiving CIEDs in routine care, provides valuable insights for hospitals that may be considering broader implementation of infection prevention strategies, and challenges the notion that antibacterial envelopes should be reserved exclusively for high-risk cases. 34 ⟦NEXT⟧ To our knowledge, this study is the first economic evaluation of TYRX in Spain and provides novel evidence in a broad, unselected population. The results show that, by reducing infection rates and avoiding their downstream consequences, TYRX is highly likely to be cost-effective when used in this wider population. ⟦NEXT⟧ An alternative scenario, which evaluates the results in a high-risk population, showed even more favorable outcomes. This is consistent with expectations, as higher-risk patients derive greater benefit from infection prevention strategies. Nonetheless, these findings continue to reinforce the broader application of antibacterial envelopes, with the understanding that their value increases proportionally with infection risk. || Regarding the prevention strategy, the cost of TYRX was €1200. 25 Costs associated with prophylactic antibiotics were applied as a one-time cost each time an individual received a CIED. The proportion of use per individual for each drug, as well as the dosage in milligrams per course, was defined and validated by an expert panel. Unit costs for each drug were obtained from a national pharmacological cost database. 24 ⟦NEXT⟧ For patients who experienced a major infection, the costs of extraction, replacement, hospital stay, and antibiotic treatment were estimated based on a national study. 26 In the case of minor infections, unit cost was derived by averaging unitary tariffs identified through a national database that collects health costs from different sources. 28 For specific resources such as temporary pacing, wearable defibrillators, and leadless devices, resource use was obtained from the expert panel. ⟦NEXT⟧ Device costs were sourced from a national health technology assessment (HTA) report, and internal unpublished procurement data reflecting the national average across all implants in Spain. 25,27 ⟦NEXT⟧ Lifetime Costs and QALY || Abbreviation: CIED, cardiac implantable electronic device. ⟦NEXT⟧ At the beginning of the decision tree, all patients were at risk of post-implantation infection. Individuals who experienced an infection had either a complete or partial extraction (with or without a device replacement) or no device extraction. Infection management strategies were the same in both arms of the model. Death and survival at 36 months were end nodes for all arms of the decision tree, and lifetime cost and QALY “payoff” values were used for the remainder of the individual’s life expectancy. ⟦NEXT⟧ Four CIED types were included in the analysis. The incremental cost-effectiveness ratio (ICER) was calculated, both stratified by device type and weighted, based on the distribution of the diverse implants reported in Spain by national registries: permanent pacemaker (PPM, 76.5%), implantable cardioverter-defibrillator (ICD, 15.2%), cardiac resynchronization therapy either with defibrillator (CRT-D, 5.4%), or pacemaker (CRT-P, 2.9%). 15,16 ⟦NEXT⟧ Although there is no officially established cost-effectiveness threshold in Spain, an intervention is usually considered cost-effective when the ICER is below €25 000/QALY gained. 17 Moreover, when a strategy is as or more effective and less costly than the alternative option, it is considered to be a dominant strategy. 18",https://pmc.ncbi.nlm.nih.gov/articles/PMC12883256/,UNUSABLE,,no,no,
41749227,PMC12937561,exact_replacement_candidate,70,45,2026,Journal of nanobiotechnology,Correction: PDLIM4 drives gastric cancer malignant progression and cisplatin resistance by inhibiting HSP70 ubiquitination and degradation via competitive interaction with STUB1.,"10.1186/s12951-025-03720-4 ⟦NEXT⟧ Unfortunately, in Fig. 10h, the unit for Crea was erroneously indicated as ""mmol/L"" instead of the correct unit, ""μmol/L."" ⟦NEXT⟧ For completeness and transparency, the correct and incorrect versions of Fig. 10 is displayed below. ⟦NEXT⟧ Incorrect Fig. 10 || Correction: Journal of Nanobiotechnology (2025) 23:661 ⟦NEXT⟧ 10.1186/s12951-025-03720-4 ⟦NEXT⟧ Unfortunately, in Fig. 10h, the unit for Crea was erroneously indicated as ""mmol/L"" instead of the correct unit, ""μmol/L."" || Unfortunately, in Fig. 10h, the unit for Crea was erroneously indicated as ""mmol/L"" instead of the correct unit, ""μmol/L."" ⟦NEXT⟧ For completeness and transparency, the correct and incorrect versions of Fig. 10 is displayed below. ⟦NEXT⟧ Incorrect Fig. 10 ⟦NEXT⟧ Fig. 10 In vivo evaluation of the therapeutic efficacy and toxicity of siPDLIM4/DDP LNPs. a A schematic diagram illustrates the timeline for tumor implantationand the administration of PBS, LNPs, siPDLIM4 LNPs, DDP LNPs, and siPDLIM4/DDP LNPs in mice bearing MKN45 tumors. The mice receivedLNPs injections at three-day intervals for a total of six cycles. b The pharmacokinetics of naked siPDLIM4, siPDLIM4 LNPs and siPDLIM4/DDP LNPs wereevaluated in vivo. c Naked CY5-siPDLIM4 and CY5-siPDLIM4/DDP LNPs were administered intravenously and 1, 6, 24 hours post-injection, tumors andmajor organs were harvested for biodistribution analysis using small animal CT/live imaging all-in-one machine (Milabs B.V.). d Quantitative data revealedthe distribution of naked siPDLIM4 and siPDLIM4/DDP LNPs across various organs, including tumors, in MKN45 tumor bearing mice after 24 hours postinjection. e Representative images of tumors (n = 6) are provided. f The progression of tumor volume in vivo is depicted. g Hematoxylin and eosin (H&E)stained images of key organs are presented following treatment with PBS, LNPs, siPDLIM4 LNPs, DDP LNPs, and siPDLIM4/DDP LNPs, scale bar: 20 μm. h Serum levels of ALT, AST, creatinine, and urea were measured following treatment with PBS, LNPs, siPDLIM4 LNPs, DDP LNPs, and siPDLIM4/DDP LNPs. Datawere presented as means ± SD. ***P<0.001; ns, no statistical difference || For completeness and transparency, the correct and incorrect versions of Fig. 10 is displayed below. ⟦NEXT⟧ Incorrect Fig. 10 ⟦NEXT⟧ Fig. 10 In vivo evaluation of the therapeutic efficacy and toxicity of siPDLIM4/DDP LNPs. a A schematic diagram illustrates the timeline for tumor implantationand the administration of PBS, LNPs, siPDLIM4 LNPs, DDP LNPs, and siPDLIM4/DDP LNPs in mice bearing MKN45 tumors. The mice receivedLNPs injections at three-day intervals for a total of six cycles. b The pharmacokinetics of naked siPDLIM4, siPDLIM4 LNPs and siPDLIM4/DDP LNPs wereevaluated in vivo. c Naked CY5-siPDLIM4 and CY5-siPDLIM4/DDP LNPs were administered intravenously and 1, 6, 24 hours post-injection, tumors andmajor organs were harvested for biodistribution analysis using small animal CT/live imaging all-in-one machine (Milabs B.V.). d Quantitative data revealedthe distribution of naked siPDLIM4 and siPDLIM4/DDP LNPs across various organs, including tumors, in MKN45 tumor bearing mice after 24 hours postinjection. e Representative images of tumors (n = 6) are provided. f The progression of tumor volume in vivo is depicted. g Hematoxylin and eosin (H&E)stained images of key organs are presented following treatment with PBS, LNPs, siPDLIM4 LNPs, DDP LNPs, and siPDLIM4/DDP LNPs, scale bar: 20 μm. h Serum levels of ALT, AST, creatinine, and urea were measured following treatment with PBS, LNPs, siPDLIM4 LNPs, DDP LNPs, and siPDLIM4/DDP LNPs. Datawere presented as means ± SD. ***P<0.001; ns, no statistical difference ⟦NEXT⟧ In vivo evaluation of the therapeutic efficacy and toxicity of siPDLIM4/DDP LNPs. a A schematic diagram illustrates the timeline for tumor implantationand the administration of PBS, LNPs, siPDLIM4 LNPs, DDP LNPs, and siPDLIM4/DDP LNPs in mice bearing MKN45 tumors. The mice receivedLNPs injections at three-day intervals for a total of six cycles. b The pharmacokinetics of naked siPDLIM4, siPDLIM4 LNPs and siPDLIM4/DDP LNPs wereevaluated in vivo. c Naked CY5-siPDLIM4 and CY5-siPDLIM4/DDP LNPs were administered intravenously and 1, 6, 24 hours post-injection, tumors andmajor organs were harvested for biodistribution analysis using small animal CT/live imaging all-in-one machine (Milabs B.V.). d Quantitative data revealedthe distribution of naked siPDLIM4 and siPDLIM4/DDP LNPs across various organs, including tumors, in MKN45 tumor bearing mice after 24 hours postinjection. e Representative images of tumors (n = 6) are provided. f The progression of tumor volume in vivo is depicted. g Hematoxylin and eosin (H&E)stained images of key organs are presented following treatment with PBS, LNPs, siPDLIM4 LNPs, DDP LNPs, and siPDLIM4/DDP LNPs, scale bar: 20 μm. h Serum levels of ALT, AST, creatinine, and urea were measured following treatment with PBS, LNPs, siPDLIM4 LNPs, DDP LNPs, and siPDLIM4/DDP LNPs. Datawere presented as means ± SD. ***P<0.001; ns, no statistical difference",https://pmc.ncbi.nlm.nih.gov/articles/PMC12937561/,T1,table_figure_text_or_unit,yes,no,
42033438,PMC13118809,exact_replacement_candidate,70,45,2026,Ophthalmology. Retina,Corrigendum.,"The authors of “Phenotypic Spectrum of Benign Lobular Inner Nuclear Layer Proliferations” (Ophthalmology. 2025; 10: 1017-1022) would like to make the following correction to their article. Two authors were omitted from the byline. It should read as follows (changes in bold ): ⟦NEXT⟧ Michael Javaheri, MD, Christian J. Sanfilippo, MD, Sundeep K. Kasi, MD, Rachel Chen, MD, Jose M. Ruiz-Moreno, MD, Carol L. Shields, MD, David A. Saperstein, MD, Amy Yuan, MD, Brandon J. Lujan, MD, Heinrich Heimann, MD, Rutika Dodeja, MBBS, DO, Chris Bergstrom, MD, OD, Özge Yanık, MD, MSc, Mickael Barbosa, MD, Aude Ambresin, MD , Jesse L. Berry, MD, Aaron Nagiel, MD, PhD",https://pmc.ncbi.nlm.nih.gov/articles/PMC13118809/,NONPROP,,no,no,
42052487,PMC13112451,exact_replacement_candidate,70,45,2026,Frontiers in oncology,Correction: Germ-line exon 21 EGFR V831H mutation in advanced NSCLC resistance to almonertinib: a case report.,"The date “2023.8.19” and the sentence “The patient underwent bronchial angiography and embolization in an effort to control the tumor.” should be deleted; ⟦NEXT⟧ The sentence “NGS genetic testing report on subcarinal adenocarcinoma tissue: EGFR V831H mutation positive”should be changed to “NGS(next-generation sequencing) genetic testing report on subcarinal adenocarcinoma tissue: EGFR V831H mutation positive”. ⟦NEXT⟧ The corrected Table 1 appears below. ⟦NEXT⟧ The original version of this article has been updated. || The sentence “Pathological examination of the histological wax block via subcarinal puncture confirmed adenocarcinoma.”should be changed to “BAE treatment was administered for the patient. Commence standard isoniazid and rifampin combination therapy for anti-tuberculosis treatment.” ⟦NEXT⟧ The date “2023.8.19” and the sentence “The patient underwent bronchial angiography and embolization in an effort to control the tumor.” should be deleted; ⟦NEXT⟧ The sentence “NGS genetic testing report on subcarinal adenocarcinoma tissue: EGFR V831H mutation positive”should be changed to “NGS(next-generation sequencing) genetic testing report on subcarinal adenocarcinoma tissue: EGFR V831H mutation positive”. ⟦NEXT⟧ The corrected Table 1 appears below. || The modified parts are marked in red font. The details are as follows: ⟦NEXT⟧ The date “2020.6.4” should be changed to “2023.6.4”; ⟦NEXT⟧ The date “2025.7.16” should be changed to “2023.6.16”; ⟦NEXT⟧ The sentence “The patient successfully completed a contrast-enhanced CT examination and has been scheduled for a percutaneous lung biopsy.”should be changed to “The patient successfully completed a contrast-enhanced CT examination.”; || The date “2020.6.4” should be changed to “2023.6.4”; ⟦NEXT⟧ The date “2025.7.16” should be changed to “2023.6.16”; ⟦NEXT⟧ The sentence “The patient successfully completed a contrast-enhanced CT examination and has been scheduled for a percutaneous lung biopsy.”should be changed to “The patient successfully completed a contrast-enhanced CT examination.”; ⟦NEXT⟧ The date “2024.8.4” should be changed to “2023.8.4”; || The date “2025.7.16” should be changed to “2023.6.16”; ⟦NEXT⟧ The sentence “The patient successfully completed a contrast-enhanced CT examination and has been scheduled for a percutaneous lung biopsy.”should be changed to “The patient successfully completed a contrast-enhanced CT examination.”; ⟦NEXT⟧ The date “2024.8.4” should be changed to “2023.8.4”; ⟦NEXT⟧ The sentence “The patient underwent transbronchoscopic biopsy of the subcarinal lymph nodes.”should be changed to”The patient underwent a puncture biopsy of the mediastinal lymph nodes under fiberoptic bronchoscopy.”; || The sentence “The patient successfully completed a contrast-enhanced CT examination and has been scheduled for a percutaneous lung biopsy.”should be changed to “The patient successfully completed a contrast-enhanced CT examination.”; ⟦NEXT⟧ The date “2024.8.4” should be changed to “2023.8.4”; ⟦NEXT⟧ The sentence “The patient underwent transbronchoscopic biopsy of the subcarinal lymph nodes.”should be changed to”The patient underwent a puncture biopsy of the mediastinal lymph nodes under fiberoptic bronchoscopy.”; ⟦NEXT⟧ The date “2024.8.7” should be changed to “2023.8.7”; || The date “2024.8.4” should be changed to “2023.8.4”; ⟦NEXT⟧ The sentence “The patient underwent transbronchoscopic biopsy of the subcarinal lymph nodes.”should be changed to”The patient underwent a puncture biopsy of the mediastinal lymph nodes under fiberoptic bronchoscopy.”; ⟦NEXT⟧ The date “2024.8.7” should be changed to “2023.8.7”; ⟦NEXT⟧ The sentence “Following multidisciplinary discussion, consensus was reached that the patient has latent tuberculosis and that anti-tuberculosis therapy should commence.”should be changed to “After a multidisciplinary discussion, the patient was diagnosed with stage IIIB (T3N2M0) non-small cell lung cancer (NSCLC) and latent tuberculosis infection (LTBI), and anti-tuberculosis treatment and BAE (Bronchial Artery Embolization) therapy should be initiated.”; || The sentence “The patient underwent transbronchoscopic biopsy of the subcarinal lymph nodes.”should be changed to”The patient underwent a puncture biopsy of the mediastinal lymph nodes under fiberoptic bronchoscopy.”; ⟦NEXT⟧ The date “2024.8.7” should be changed to “2023.8.7”; ⟦NEXT⟧ The sentence “Following multidisciplinary discussion, consensus was reached that the patient has latent tuberculosis and that anti-tuberculosis therapy should commence.”should be changed to “After a multidisciplinary discussion, the patient was diagnosed with stage IIIB (T3N2M0) non-small cell lung cancer (NSCLC) and latent tuberculosis infection (LTBI), and anti-tuberculosis treatment and BAE (Bronchial Artery Embolization) therapy should be initiated.”; ⟦NEXT⟧ The date “2024.8.13” should be changed to “2023.8.9”;",https://pmc.ncbi.nlm.nih.gov/articles/PMC13112451/,T1,qualifier_or_prose_claim,yes,no,
30940640,PMC6609952,location_plus_new_candidate,6,4,2019,Diabetes care,Erratum. Secular TRends in DiabEtes in India (STRiDE-I): Change in Prevalence in Ten Years Among Urban and Rural Populations in Tamil Nadu. Diabetes Care 2019;42:476-485.,The changes do not modify the overall results of the study. ⟦NEXT⟧ The online version of the article has been corrected to reflect these changes.,https://pmc.ncbi.nlm.nih.gov/articles/PMC6609952/,UNUSABLE,,no,no,
39850818,PMC11755764,location_plus_new_candidate,6,4,2024,Frontiers in oncology,Corrigendum: Modeling extracellular matrix through histo-molecular gradient in NSCLC for clinical decisions.,"In the published article, an author name was incorrectly written as “Lizandre Keren Ramos de Oliveira”. The correct spelling is “Lizandre Keren Ramos da Silveira”. ⟦NEXT⟧ In the published article, the initials used for Lizandre Keren Ramos da Silveir in the Author contributions section was incorrectly written as “LO”. The correct spelling is “LS”. ⟦NEXT⟧ In the published article, there was an error in the Data availability statement . ⟦NEXT⟧ The EMPIAR repository has informed us that the transmission electron microscopy images we submitted for deposit will be removed from their database, as they do not store this specific type of microscopy image. We had deposited these images as per the journal’s request when we submitted the article, but unfortunately, this issue has arisen. As the corresponding author, I searched for alternative repositories but was unable to find any suitable options. Nevertheless, in compliance with ethical research standards and best practices, we, the authors, are fully committed to providing any data or analyses conducted during the study upon request from our peers. || In the published article, the initials used for Lizandre Keren Ramos da Silveir in the Author contributions section was incorrectly written as “LO”. The correct spelling is “LS”. ⟦NEXT⟧ In the published article, there was an error in the Data availability statement . ⟦NEXT⟧ The EMPIAR repository has informed us that the transmission electron microscopy images we submitted for deposit will be removed from their database, as they do not store this specific type of microscopy image. We had deposited these images as per the journal’s request when we submitted the article, but unfortunately, this issue has arisen. As the corresponding author, I searched for alternative repositories but was unable to find any suitable options. Nevertheless, in compliance with ethical research standards and best practices, we, the authors, are fully committed to providing any data or analyses conducted during the study upon request from our peers. ⟦NEXT⟧ “The datasets presented in this study can be found in online repositories. The names of the repository/repositories and accession number(s) can be found below: EMPIAR, accession number EMPIAR-11226.” || In the published article, an author name was incorrectly written as “Lizandre Keren Ramos de Oliveira”. The correct spelling is “Lizandre Keren Ramos da Silveira”. ⟦NEXT⟧ In the published article, the initials used for Lizandre Keren Ramos da Silveir in the Author contributions section was incorrectly written as “LO”. The correct spelling is “LS”. ⟦NEXT⟧ In the published article, there was an error in the Data availability statement .",https://pmc.ncbi.nlm.nih.gov/articles/PMC11755764/,NONPROP,,no,no,
40284792,PMC12029411,location_plus_new_candidate,6,4,2025,Microorganisms,"Correction: Méroc et al. Systematic Literature Review of the Epidemiological Characteristics of Pneumococcal Disease Caused by the Additional Serotypes Covered by the 20-Valent Pneumococcal Conjugate Vaccine. Microorganisms 2023, 11 , 1816.","In the original publication [ 1 ], there was a mistake in Table S5 (adults), which was a duplicate of Table S5 (children). The corrected Table S5 appears below. The authors state that the scientific conclusions are unaffected. This correction was approved by the Academic Editor. The original publication has also been updated.",https://pmc.ncbi.nlm.nih.gov/articles/PMC12029411/,T3_VISUAL,,no,yes,
40306277,PMC12249939,location_plus_new_candidate,6,4,2025,Cell stem cell,Induction of Multipotential Hematopoietic Progenitors from Human Pluripotent Stem Cells via Respecification of Lineage-Restricted Precursors.,"In the version of Figure S1D that was published with our original manuscript, the SOX4 PCR was incorrectly copy-pasted and aligned with the other gel images, resulting in an inadvertent duplication of the first lane. A corrected figure appears below, with each gene-specific PCR in Figure S1D clearly marked with an outline. Since none of the samples tested were positive for SOX4, the result, text, and figure legend are all unchanged. We apologize for this error. ⟦NEXT⟧ Supplementary Material",https://pmc.ncbi.nlm.nih.gov/articles/PMC12249939/,T3_VISUAL,,no,yes,
25926704,PMC4436787,metadata_or_nonpropositional,153,30,2015,Molecular biology of the cell,Correction.,"We are grateful to Quansheng Du for the LGN-KD/GFP and GFP-control MDCK clones and Dawn Fernandez for validating the LGN-knockdown efficiency by semi-quantitative PCR. We thank the Müsch lab for critical discussions throughout the course of the study and the anonymous reviewers for input on the manuscript. This work was supported by National Institutes of Health Grants RO1 DK064842 and CA160790 to A.M. and FONDECYT Grant 1110288 to I.I. ⟦NEXT⟧ The HTML and PDF versions were corrected on the Molecular Biology of the Cell website on April 13, 2015. These corrections may not appear on copies of the article that reside on other websites. || The authors of “Cell shape impacts on the positioning of the mitotic spindle with respect to the substratum” (Mol. Biol. Cell [2015] 26, 1286–1295; originally published in MBoC In Press as 10.1091/mbc.E14-08-1330 ) wish to make a correction to the Acknowledgments of the article. In the original HTML and PDF versions, the authors omitted mention of a grant that supports their research, FONDECYT 1110288. The correct Acknowledgments text is below. ⟦NEXT⟧ We are grateful to Quansheng Du for the LGN-KD/GFP and GFP-control MDCK clones and Dawn Fernandez for validating the LGN-knockdown efficiency by semi-quantitative PCR. We thank the Müsch lab for critical discussions throughout the course of the study and the anonymous reviewers for input on the manuscript. This work was supported by National Institutes of Health Grants RO1 DK064842 and CA160790 to A.M. and FONDECYT Grant 1110288 to I.I. ⟦NEXT⟧ The HTML and PDF versions were corrected on the Molecular Biology of the Cell website on April 13, 2015. These corrections may not appear on copies of the article that reside on other websites.",https://pmc.ncbi.nlm.nih.gov/articles/PMC4436787/,NONPROP,,no,no,
27485448,PMC4976204,metadata_or_nonpropositional,153,30,2016,Nature communications,Erratum: Finite particle size drives defect-mediated domain structures in strongly confined colloidal liquid crystals.,"Faculty of Physics, University of Vienna, Boltzmanngasse 5, A-1090 Vienna, Austria. ⟦NEXT⟧ The name of this author is also incorrect in the ‘How to cite this article' section. This section should read: ⟦NEXT⟧ Gârlea, I. C. et al. Finite particle size drives defect-mediated domain structures in strongly confined colloidal liquid crystals. Nat. Commun. 7:12112 doi: 10.1038/ncomms12112 (2016). || Nature Communications 7 : Article number: 1211210.1038/ncomms12112 ( 2016 ); Published: 06 29 2016 ; Updated: 08 03 2016 . ⟦NEXT⟧ The present address for Ioana C. Gârlea is incorrect in this Article. The correct present address for this author is given below: ⟦NEXT⟧ Faculty of Physics, University of Vienna, Boltzmanngasse 5, A-1090 Vienna, Austria. ⟦NEXT⟧ The name of this author is also incorrect in the ‘How to cite this article' section. This section should read:",https://pmc.ncbi.nlm.nih.gov/articles/PMC4976204/,NONPROP,,no,no,
28570679,PMC5453601,metadata_or_nonpropositional,153,30,2017,PloS one,Correction: The perceptual saliency of fearful eyes and smiles: A signal detection study.,"The second author's name is spelled incorrectly. The correct name is: Muhammet Ikbal Sahan. The correct citation is: Elsherif MM, Sahan MI, Rotshtein P (2017) The perceptual saliency of fearful eyes and smiles: A signal detection study. PLoS ONE 12(3): e0173199. https://doi.org/10.1371/journal.pone.0173199",https://pmc.ncbi.nlm.nih.gov/articles/PMC5453601/,NONPROP,,no,no,
29390589,PMC5758291,metadata_or_nonpropositional,153,30,2017,Medicine,Multiple aneurysms and gastrointestinal involvement in Behcet's disease: A case report: Erratum.,,https://pmc.ncbi.nlm.nih.gov/articles/PMC5758291/,UNUSABLE,,no,no,
29488509,PMC5822471,metadata_or_nonpropositional,153,30,2018,Experimental and therapeutic medicine,Erratum: Increased cathepsin K levels in human atherosclerotic plaques are associated with plaque instability.,"Figs. 2 and 3 in the paper do correctly show that unstable plaques have higher cathepsin K mRNA/protein levels compared with stable plaques. Similarly, the text in the abstract, on lines 19–20 (“In unstable plaques, the expression of Cat K protein and mRNA was upregulated…”) was also worded correctly. ⟦NEXT⟧ Note that the error associated with the wording of the title did not have any bearing on the results reported in the paper, or the conclusions therein. We regret any inconvenience that this mistake has caused. || Exp Ther Med 14: 3471-3476 , 2017; DOI: 10.3892/etm.2017.4935 ⟦NEXT⟧ Following the publication of this article, we realized that the title appeared incorrectly: This appeared as “ Decreased cathepsin K levels in human atherosclerotic plaques are associated with plaque instability” instability”, and the corrected title is now featured above. ⟦NEXT⟧ Figs. 2 and 3 in the paper do correctly show that unstable plaques have higher cathepsin K mRNA/protein levels compared with stable plaques. Similarly, the text in the abstract, on lines 19–20 (“In unstable plaques, the expression of Cat K protein and mRNA was upregulated…”) was also worded correctly. ⟦NEXT⟧ Note that the error associated with the wording of the title did not have any bearing on the results reported in the paper, or the conclusions therein. We regret any inconvenience that this mistake has caused.",https://pmc.ncbi.nlm.nih.gov/articles/PMC5822471/,T1,qualifier_or_prose_claim,yes,no,
29946491,PMC6014206,metadata_or_nonpropositional,153,30,2018,BMJ global health,Correction: Comparing and contrasting 'innovation platforms' with other forms of professional networks for strengthening primary healthcare systems for Indigenous Australians .,,https://pmc.ncbi.nlm.nih.gov/articles/PMC6014206/,UNUSABLE,,no,no,
30480669,PMC6245721,metadata_or_nonpropositional,153,30,2018,"Hepatology, medicine and policy","Correction to: Hepatology, Medicine and Policy : Articles with DOIs 10.1186/s41124-016-0014-8, 10.1186/s41124-016-0013-9 and 10.1186/s41124-016-0012-x.","Correction ⟦NEXT⟧ Following publication of these three articles [ 1 – 3 ], it was flagged that the articles have an incorrect issue copyright year of 2017, because of an xml-related error. ⟦NEXT⟧ Please be advised, therefore, that the correct issue copyright year of these articles [ 1 – 3 ] is 2016. ⟦NEXT⟧ The publisher apologizes for this processing error. || Correction ⟦NEXT⟧ Following publication of these three articles [ 1 – 3 ], it was flagged that the articles have an incorrect issue copyright year of 2017, because of an xml-related error. ⟦NEXT⟧ Please be advised, therefore, that the correct issue copyright year of these articles [ 1 – 3 ] is 2016. || Please be advised, therefore, that the correct issue copyright year of these articles [ 1 – 3 ] is 2016. ⟦NEXT⟧ The publisher apologizes for this processing error.",https://pmc.ncbi.nlm.nih.gov/articles/PMC6245721/,NONPROP,,no,no,
31053721,PMC6499826,metadata_or_nonpropositional,153,30,2019,Scientific reports,Publisher Correction: Adjuvanting a viral vectored vaccine against pre-erythrocytic malaria.,"Correction to: Scientific Reports 10.1038/s41598-017-07246-0, published online 04 August 2017 ⟦NEXT⟧ In the original version of this Article, the author Christine S. Rollier was incorrectly indexed. This error has now been corrected.",https://pmc.ncbi.nlm.nih.gov/articles/PMC6499826/,NONPROP,,no,no,
31673394,PMC6802973,metadata_or_nonpropositional,153,30,2019,Open heart,"Correction: Real-world comparison of clopidogrel, prasugrel and ticagrelor in patients undergoing primary percutaneous coronary intervention .","Krishnamurthy A, Keeble C, Anderson M, et al . Real-world comparison of clopidogrel, prasugrel and ticagrelor in patients undergoing primary percutaneous coronary intervention. Open Heart 2019;6:e000951. ⟦NEXT⟧ The published version misspelled co-author’s name as John Greenwood. The correct name should be John P Greenwood.",https://pmc.ncbi.nlm.nih.gov/articles/PMC6802973/,NONPROP,,no,no,
31761991,PMC6943396,metadata_or_nonpropositional,153,30,2019,Drugs,Correction to: Cell-Based Quadrivalent Inactivated Influenza Virus Vaccine (Flucelvax ® Tetra/Flucelvax Quadrivalent ® ): A Review in the Prevention of Influenza.,"Correction to: Drugs (2019) 79:1337–1348 10.1007/s40265-019-01176-z ⟦NEXT⟧ The article Cell-Based Quadrivalent Inactivated Influenza Virus Vaccine (Flucelvax® Tetra/Flucelvax Quadrivalent®): A Review in the Prevention of Influenza, written by Yvette N. Lamb, was originally published Online First without Open Access. After publication in volume 79, issue 12, pages 1337–1348, Seqirus Inc., requested that the article be Open Choice to make the article an open access publication. Post-publication open access was funded by Seqirus Inc. The article is forthwith distributed under the terms of the Creative Commons Attribution-NonCommercial 4.0 International License ( http://creativecommons.org/licenses/by-nc/4.0/ ), which permits any noncommercial use, duplication, adaptation, distribution and reproduction in any medium or format, as long as you give appropriate credit original author(s) and the source, provide a link to the Creative Commons licence and indicate if changes were made. ⟦NEXT⟧ The original article has been corrected. || The article Cell-Based Quadrivalent Inactivated Influenza Virus Vaccine (Flucelvax® Tetra/Flucelvax Quadrivalent®): A Review in the Prevention of Influenza, written by Yvette N. Lamb, was originally published Online First without Open Access. After publication in volume 79, issue 12, pages 1337–1348, Seqirus Inc., requested that the article be Open Choice to make the article an open access publication. Post-publication open access was funded by Seqirus Inc. The article is forthwith distributed under the terms of the Creative Commons Attribution-NonCommercial 4.0 International License ( http://creativecommons.org/licenses/by-nc/4.0/ ), which permits any noncommercial use, duplication, adaptation, distribution and reproduction in any medium or format, as long as you give appropriate credit original author(s) and the source, provide a link to the Creative Commons licence and indicate if changes were made. ⟦NEXT⟧ The original article has been corrected.",https://pmc.ncbi.nlm.nih.gov/articles/PMC6943396/,NONPROP,,no,no,
31937889,PMC6960145,metadata_or_nonpropositional,153,30,2020,Scientific reports,Author Correction: Enabling cell recovery from 3D cell culture microfluidic devices for tumour microenvironment biomarker profiling.,"“Authors would like to thank Dr Edorta Santos for assistance on hydrogel degradation conditions, Inés Mármol for enriching discussions on the qPCR experiments and Jacobo Ayensa for valuable advice on statistical analysis. This work has been supported by the Spanish national research program (DPI2015-65401-C3-1-R and BIO2016-79092-R grants) and the Aragon Government (T24_17R grant). The Spanish national government provided M.V. studentship. Authors would like to acknowledge the use of Servicio General de Apoyo a la Investigación-SAI, Universidad de Zaragoza. ORCHID and CISTEM projects have received funding from H2020 programme under grant agreement 766884 and 778354 respectively.” ⟦NEXT⟧ should read: ⟦NEXT⟧ “Authors would like to thank Dr Edorta Santos for assistance on hydrogel degradation conditions, Inés Mármol for enriching discussions on the qPCR experiments and Jacobo Ayensa for valuable advice on statistical analysis. This work has been supported by the Spanish national research program (DPI2015-65401-C3-1-R and BIO2016-79092-R grants) and the Aragon Government (T24_17R grant). The Spanish national government provided M.V. studentship. Authors would like to acknowledge the use of Servicio General de Apoyo a la Investigación-SAI, Universidad de Zaragoza. ORCHID and CISTEM projects have received funding from H2020 programme under grant agreement 766884 and 778354 respectively. M.V., D.J.B and M.K.L. acknowledge University of Wisconsin Carbone Cancer Center Support Grant P30 CA014520, Environmental Protection Agency 83573701-Human Models for Analysis of Pathways (H-MAPs) Center and NIH NCI Cancer Moonshot Grant R33CA225281.” || Correction to: Scientific Reports 10.1038/s41598-019-42529-8, published online 17 April 2019 ⟦NEXT⟧ The Acknowledgements section in this Article is incomplete. ⟦NEXT⟧ “Authors would like to thank Dr Edorta Santos for assistance on hydrogel degradation conditions, Inés Mármol for enriching discussions on the qPCR experiments and Jacobo Ayensa for valuable advice on statistical analysis. This work has been supported by the Spanish national research program (DPI2015-65401-C3-1-R and BIO2016-79092-R grants) and the Aragon Government (T24_17R grant). The Spanish national government provided M.V. studentship. Authors would like to acknowledge the use of Servicio General de Apoyo a la Investigación-SAI, Universidad de Zaragoza. ORCHID and CISTEM projects have received funding from H2020 programme under grant agreement 766884 and 778354 respectively.”",https://pmc.ncbi.nlm.nih.gov/articles/PMC6960145/,NONPROP,,no,no,
32076418,PMC7006437,metadata_or_nonpropositional,153,30,2020,Frontiers in microbiology,Corrigendum: Changes in Polyphenolic Concentrations of Table Olives (cv. Itrana) Produced Under Different Irrigation Regimes During Spontaneous or Inoculated Fermentation.,"In the original article, we neglected to include the funder “European Union's Horizon 2020 research and innovation program under the Marie Skłodowska-Curie COFUND, Grant agreement no 713714 to NG-G.” ⟦NEXT⟧ The authors apologize for this error and state that this does not change the scientific conclusions of the article in any way. The original article has been updated.",https://pmc.ncbi.nlm.nih.gov/articles/PMC7006437/,NONPROP,,no,no,
32618151,PMC7335651,metadata_or_nonpropositional,153,30,2020,Infection & chemotherapy,Erratum: Special Articles for Korean History of Infectious Diseases.,"We found error in our published articles. ⟦NEXT⟧ The 9 articles published between 2019 Jun;51(2) to 2020 Mar;52(1), below are the secondary publications of ‘Korean Society of Infectious Disease (KSID). History of Infectious Disases II. Seoul: Koonja; 2018. (ISBN 979-11-5955-379-0)’, but these are not specified. ⟦NEXT⟧ - Chung MH, Kang JS. History of Tsutsugamushi Disease in Korea. 2019 Jun;51(2):196-209. https://doi.org/10.3947/ic.2019.51.2.196",https://pmc.ncbi.nlm.nih.gov/articles/PMC7335651/,NONPROP,,no,no,
33628040,PMC7898052,metadata_or_nonpropositional,153,30,2021,"Diabetes, metabolic syndrome and obesity : targets and therapy","Erratum: Health-Related Quality of Life and Associated Factors Among Type Two Diabetic Patients on Follow-Up in Dessie Comprehensive Specialized Hospital, Dessie, North East Ethiopia, 2020 [Corrigendum].","Girma M, Wodajo S, Ademe S, Edmealem A, W/silasie M, Mesafint G. Diabetes Metab Syndr Obes . 2020;13:4529–4541. ⟦NEXT⟧ The authors have advised there are errors in the author list on page 4529. The author name “Mulugeta W/silasie” should read “Mulugeta W/Selassie Gebre” and the 4 th affiliation should read “Pediatrics and Child Health Nursing, Wollo University, Dessie, Amhara, Ethiopia”. ⟦NEXT⟧ The authors apologize for these errors.",https://pmc.ncbi.nlm.nih.gov/articles/PMC7898052/,NONPROP,,no,no,
33651828,PMC7924741,metadata_or_nonpropositional,153,30,2021,PLoS pathogens,Correction: RV144 HIV-1 vaccination impacts post-infection antibody responses.,The twelfth author’s name is spelled incorrectly. The correct name is: Letzibeth Mendez-Rivera.,https://pmc.ncbi.nlm.nih.gov/articles/PMC7924741/,NONPROP,,no,no,
33796206,PMC7969379,metadata_or_nonpropositional,153,30,2021,The Pan African medical journal,"Corrigendum: Laina Ndapewa Angula et al . External auditory canal haemorrhage as the first sign of internal carotid artery pseudoaneurysm, a rare case: a case report doi: 10.11604/pamj.2020.37.163.21968.","Corrigendum ⟦NEXT⟧ The original version of this article [ 1 ] had authors' affiliations reversed in the article citation on PubMed. The affiliations of the following authors including the corresponding author: Laina Ndapewa Angula, Ning Fang and Xin Wang have been corrected by inverting author's affiliations as follows; “Peking Union Medical College Hospital, Beijing, China” to “Department of Otolaryngology, First Hospital of Jilin University, Changchun, China”.",https://pmc.ncbi.nlm.nih.gov/articles/PMC7969379/,NONPROP,,no,no,
35194130,PMC8863888,metadata_or_nonpropositional,153,30,2022,Scientific reports,Author Correction: Cost-effective filtering of unreliable proximity detection results based on BLE RSSI and IMU readings using smartphones.,"Correction to: Scientific Reports https://doi.org/10.1038/s41598-022-06201-y , published online 14 February 2022 ⟦NEXT⟧ The original version of this Article contained an error in Affiliation 2, which was incorrectly given as ‘Meetlify, Aleksandra Lubomirskiego 27/1, Katowice, 31-509, Poland’. The correct affiliation is listed below: ⟦NEXT⟧ Meetlify, Aleksandra Lubomirskiego 27/1, Kraków, 31-509, Poland || Correction to: Scientific Reports https://doi.org/10.1038/s41598-022-06201-y , published online 14 February 2022 ⟦NEXT⟧ The original version of this Article contained an error in Affiliation 2, which was incorrectly given as ‘Meetlify, Aleksandra Lubomirskiego 27/1, Katowice, 31-509, Poland’. The correct affiliation is listed below: ⟦NEXT⟧ Meetlify, Aleksandra Lubomirskiego 27/1, Kraków, 31-509, Poland ⟦NEXT⟧ The original Article has been corrected. || Meetlify, Aleksandra Lubomirskiego 27/1, Kraków, 31-509, Poland ⟦NEXT⟧ The original Article has been corrected.",https://pmc.ncbi.nlm.nih.gov/articles/PMC8863888/,NONPROP,,no,no,
36405922,PMC9671135,metadata_or_nonpropositional,153,30,2022,Frontiers in psychiatry,Corrigendum: Cultural lenses of the utility of the ICD-11-PD model: Integrating the Peruvian context.,"In the published article, there was an error regarding the affiliation of “Luis Hualparuca-Olivera.” In the version of this article initially published, Luis Hualparuca-Olivera's affiliation was given as “1. Departamento de Ciencias de la Salud, Universidad Nacional Federico Villarreal EUPG, Lima, Peru, 2. Departamento de Humanidades, Universidad Continental, Huancayo, Peru, 3. Oficina de Desarrollo de Recursos Humanos e Investigación, Dirección Regional de Salud, Huancavelica, Peru.” The correct affiliation is “Departamento de Humanidades, Universidad Continental, Huancayo, Peru.” ⟦NEXT⟧ In the published article, there was an error in the Funding statement. An incorrect funder was previously displayed. The correct Funding statement appears below. ⟦NEXT⟧ Funding || The subsidy for the processing payment of this article was covered by the Vice-Rectorate for Research of the Continental University of Peru. ⟦NEXT⟧ The authors apologize for this error and state that this does not change the scientific conclusions of the article in any way. The original article has been updated. ⟦NEXT⟧ Publisher's note ⟦NEXT⟧ All claims expressed in this article are solely those of the authors and do not necessarily represent those of their affiliated organizations, or those of the publisher, the editors and the reviewers. Any product that may be evaluated in this article, or claim that may be made by its manufacturer, is not guaranteed or endorsed by the publisher. || In the published article, there was an error regarding the affiliation of “Luis Hualparuca-Olivera.” In the version of this article initially published, Luis Hualparuca-Olivera's affiliation was given as “1. Departamento de Ciencias de la Salud, Universidad Nacional Federico Villarreal EUPG, Lima, Peru, 2. Departamento de Humanidades, Universidad Continental, Huancayo, Peru, 3. Oficina de Desarrollo de Recursos Humanos e Investigación, Dirección Regional de Salud, Huancavelica, Peru.” The correct affiliation is “Departamento de Humanidades, Universidad Continental, Huancayo, Peru.” ⟦NEXT⟧ In the published article, there was an error in the Funding statement. An incorrect funder was previously displayed. The correct Funding statement appears below. ⟦NEXT⟧ Funding ⟦NEXT⟧ The subsidy for the processing payment of this article was covered by the Vice-Rectorate for Research of the Continental University of Peru.",https://pmc.ncbi.nlm.nih.gov/articles/PMC9671135/,NONPROP,,no,no,
37058297,PMC10105304,metadata_or_nonpropositional,153,30,2023,JAMA health forum,Error in Author Affiliations.,"The Research Letter titled, “Post–Acute Care Rehabilitation Services and Outcomes in Skilled Nursing Facilities Before and During the COVID-19 Pandemic,” 1 published online on March 3, 2023, included an error in the Author Affiliations section. Dr Kosar should only be affiliated with Brown University, and Drs Berry, Gouskova, and Shi should be affiliated with Hebrew SeniorLife and Beth Israel Deaconess Medical Center, Harvard Medical School. In addition, a middle initial for Sarah D. Berry was added. This error has been corrected.",https://pmc.ncbi.nlm.nih.gov/articles/PMC10105304/,NONPROP,,no,no,
37731917,PMC10509011,metadata_or_nonpropositional,153,30,2023,Frontiers in microbiology,Corrigendum: Efficacy and functionality of sugarcane original vinegar on mice.,"The correct citation is “It is an advanced type of vinegar product (Chen et al., 2013 , 2015 , 2023 ; Yi et al., 2017 )”. ⟦NEXT⟧ In the published article, the reference “Chen, G.-L., Zheng, F.-J., Lin, B., Yang, Y.-X., Fang, X.-C., Verma, K. K., et al. (2015b). Research on the production technology of sugarcane vinegar and fruit vinegar beverages. China Brew . 34, 154–157” was incorrectly cited. ⟦NEXT⟧ The correct reference is: “Chen, G.-L., Zheng, F.-J., Lin, B., Wang, T.-S., and Li, Y.-R. (2013). Preparation and characteristics of sugarcane low alcoholic drink by submerged alcoholic fermentation. Sugar Tech . 15, 412–416. doi: 10.1007/s12355-013-0248-3 ”. ⟦NEXT⟧ The authors apologize for this error and state that this does not change the scientific conclusions of the article in any way. The original article has been updated. || In the published article, there was a mistake in the keyword “raw sugarcane vinegar”. ⟦NEXT⟧ The correct keyword is “sugarcane original vinegar”. ⟦NEXT⟧ In the published article “Chen et al. 2015b” was cited in the Introduction, first-paragraph, line 5 as “It is an advanced type of vinegar product (Chen et al., 2015a,b, 2023; Yi et al., 2017)”. || The correct reference is: “Chen, G.-L., Zheng, F.-J., Lin, B., Wang, T.-S., and Li, Y.-R. (2013). Preparation and characteristics of sugarcane low alcoholic drink by submerged alcoholic fermentation. Sugar Tech . 15, 412–416. doi: 10.1007/s12355-013-0248-3 ”. ⟦NEXT⟧ The authors apologize for this error and state that this does not change the scientific conclusions of the article in any way. The original article has been updated.",https://pmc.ncbi.nlm.nih.gov/articles/PMC10509011/,NONPROP,,no,no,
38085097,PMC10715039,metadata_or_nonpropositional,153,30,2023,Oncotarget,Correction: Abnormal topological organization in white matter structural networks in survivors of acute lymphoblastic leukaemia with chemotherapy treatment.,"This article has been corrected: In the Materials and Methods section, under the ‘MRI Acquisition,’ heading, the model of MRI scanner has been incorrectly spelled as “All MRI examinations were performed with a 3.0 T MR scanner (Trio; Siemens, Erlangen, German) in the Second Hospital of Anhui Medical University.” However, the correct model is “All MRI examinations were performed with a 3.0 T MR scanner (Verio; Siemens, Erlangen, German) in the Second Hospital of Anhui Medical University.” The authors declare that these corrections do not change the results or conclusions of this paper. ⟦NEXT⟧ Original article: Oncotarget. 2017; 8:60568–60575. 60568-60575 . https://doi.org/10.18632/oncotarget.19104",https://pmc.ncbi.nlm.nih.gov/articles/PMC10715039/,T1,method_or_scientific_entity,yes,no,
38291119,PMC10828442,metadata_or_nonpropositional,153,30,2024,Scientific reports,Author Correction: Application of deep learning technology for temporal analysis of videofluoroscopic swallowing studies.,"Correction to: Scientific Reports 10.1038/s41598-023-44802-3, published online 16 October 2023 ⟦NEXT⟧ The Funding section in the original version of this Article was incomplete. ⟦NEXT⟧ “This research was supported by the MSIT (Ministry of Science and ICT), Korea, under the ICT Creative Consilience program (IITP-2022-2020-0-01819) supervised by the IITP (Institute for Information & communications Technology Planning & Evaluation).” || “This research was supported by the MSIT (Ministry of Science and ICT), Korea, under the ICT Creative Consilience program (IITP-2022-2020-0-01819) supervised by the IITP (Institute for Information & communications Technology Planning & Evaluation), and by the National Research Foundation of Korea (NRF) Grant through MSIT under Grant No. 2022R1A5A1027646 and No. 2021R1A2C1007215.” ⟦NEXT⟧ The original Article has been corrected.",https://pmc.ncbi.nlm.nih.gov/articles/PMC10828442/,NONPROP,,no,no,
38691558,PMC11062552,metadata_or_nonpropositional,153,30,2024,PloS one,Correction: Belief about the future possibility of national aging security system and its association with mortality.,,https://pmc.ncbi.nlm.nih.gov/articles/PMC11062552/,UNUSABLE,,no,no,
39304553,PMC11499522,metadata_or_nonpropositional,153,30,2024,Journal of medical ultrasonics (2001),Correction: Principle of contrast-enhanced ultrasonography.,"Correction: Journal of Medical Ultrasonics 10.1007/s10396-024-01443-x ⟦NEXT⟧ The article Principle of contrast‑enhanced ultrasonography, written by Yoshitaka Mine, Etsuo Takada, Katsutoshi Sugimoto and Fuminori Moriyasu, was originally published electronically on the publisher’s internet portal on 23 May 2024 without open access. With the society’s decision to opt for Open Choice the copyright of the article changed on 29 August 2024 to © The Author(s) 2024 and the article is forthwith distributed under a Creative Commons Attribution 4.0 International License, which permits use, sharing, adaptation, distribution and reproduction in any medium or format, as long as you give appropriate credit to the original author(s) and the source, provide a link to the Creative Commons licence, and indicate if changes were made. The images or other third party material in this article are included in the article’s Creative Commons licence, unless indicated otherwise in a credit line to the material. If material is not included in the article’s Creative Commons licence and your intended use is not permitted by statutory regulation or exceeds the permitted use, you will need to obtain permission directly from the copyright holder. To view a copy of this licence, visit http://creativecommons.org/licenses/by/4.0 . ⟦NEXT⟧ The original article has been corrected. || The article Principle of contrast‑enhanced ultrasonography, written by Yoshitaka Mine, Etsuo Takada, Katsutoshi Sugimoto and Fuminori Moriyasu, was originally published electronically on the publisher’s internet portal on 23 May 2024 without open access. With the society’s decision to opt for Open Choice the copyright of the article changed on 29 August 2024 to © The Author(s) 2024 and the article is forthwith distributed under a Creative Commons Attribution 4.0 International License, which permits use, sharing, adaptation, distribution and reproduction in any medium or format, as long as you give appropriate credit to the original author(s) and the source, provide a link to the Creative Commons licence, and indicate if changes were made. The images or other third party material in this article are included in the article’s Creative Commons licence, unless indicated otherwise in a credit line to the material. If material is not included in the article’s Creative Commons licence and your intended use is not permitted by statutory regulation or exceeds the permitted use, you will need to obtain permission directly from the copyright holder. To view a copy of this licence, visit http://creativecommons.org/licenses/by/4.0 . ⟦NEXT⟧ The original article has been corrected.",https://pmc.ncbi.nlm.nih.gov/articles/PMC11499522/,NONPROP,,no,no,
40027949,PMC11869249,metadata_or_nonpropositional,153,30,2025,Therapeutic advances in infectious disease,"Corrigendum to ""Polio: Background and perspective on how international travel can be made safe against polio"".","Dharmapalan D, John TJ, Steinglass R, Hirschhorn N. Polio: Background and perspective on how international travel can be made safe against polio. Therapeutic Advances in Infectious Disease . 2024;11. doi: 10.1177/20499361241298857 ⟦NEXT⟧ The publisher has been alerted to a potential error regarding the references used to support the following sentences in the article on p. 5, col. 2: “Fatwas were issued by the Taliban against oral polio vaccination as an alleged American conspiracy to sterilise the Muslim populations. Hundreds of polio vaccinators in these countries have been either kidnapped or killed during the last decade. Engagement of religious leaders as champions of polio eradication is a critical strategy to encourage vaccination against polio”. ⟦NEXT⟧ The reference list remains unaltered. The correct citation should read as follows and is placed here for the reader’s reference: ⟦NEXT⟧ Pg 5, Col. 1: The New York City Department of Health and Mental Hygiene had declared that there was no possibility of contamination of drinking water with sewage, 30 thus making the transmission theory of faecal-oral route not plausible. 8,17 || The publisher has been alerted to a potential error regarding the references used to support the following sentences in the article on p. 5, col. 2: “Fatwas were issued by the Taliban against oral polio vaccination as an alleged American conspiracy to sterilise the Muslim populations. Hundreds of polio vaccinators in these countries have been either kidnapped or killed during the last decade. Engagement of religious leaders as champions of polio eradication is a critical strategy to encourage vaccination against polio”. ⟦NEXT⟧ The reference list remains unaltered. The correct citation should read as follows and is placed here for the reader’s reference: ⟦NEXT⟧ Pg 5, Col. 1: The New York City Department of Health and Mental Hygiene had declared that there was no possibility of contamination of drinking water with sewage, 30 thus making the transmission theory of faecal-oral route not plausible. 8,17 ⟦NEXT⟧ P. 5, Col. 2: The Government of India requires polio vaccination certification at least 4 weeks before departure to India from polio-endemic countries, countries with poliovirus circulation following importation, and countries with cVDPV during the last 3 years. 31",https://pmc.ncbi.nlm.nih.gov/articles/PMC11869249/,NONPROP,,no,no,
40102449,PMC11920044,metadata_or_nonpropositional,153,30,2025,Scientific reports,Author Correction: Clinical spectrum of adult-onset leukoencephalopathy with axonal spheroids and pigmented glia in individuals of Korean ancestry.,"Correction to: Scientific Reports 10.1038/s41598-024-84665-w, published online 13 January 2025 ⟦NEXT⟧ The Funding section in the original version of this Article was incorrect. ⟦NEXT⟧ “This research was supported by the National Research Foundation of Korea (NRF) grant funded by the Korean government(MSIT) (NRF-2022R1A2C2092346); ICT Creative Consilience Program through the Institute of Information & CommunicationsTechnology Planning & Evaluation (IITP) grant funded by the Korea government (MSIT) (IITP-2024-2020-0-01821); theNational Institute of Health research project (2021-ER1004-01); and Future Medicine 2030 Project of the Samsung MedicalCenter (SMX1240561).” || Correction to: Scientific Reports 10.1038/s41598-024-84665-w, published online 13 January 2025 ⟦NEXT⟧ The Funding section in the original version of this Article was incorrect. ⟦NEXT⟧ “This research was supported by the National Research Foundation of Korea (NRF) grant funded by the Korean government(MSIT) (NRF-2022R1A2C2092346); ICT Creative Consilience Program through the Institute of Information & CommunicationsTechnology Planning & Evaluation (IITP) grant funded by the Korea government (MSIT) (IITP-2024-2020-0-01821); theNational Institute of Health research project (2021-ER1004-01); and Future Medicine 2030 Project of the Samsung MedicalCenter (SMX1240561).” ⟦NEXT⟧ now reads: || “This research was supported by the National Research Foundation of Korea (NRF) grant funded by the Korean government (MSIT) (RS2022-NR070487); ICT Creative Consilience Program through the Institute of Information & Communications Technology Planning & Evaluation (IITP) grant funded by the Korea government (MSIT) (RS-2020-II201821); the Korea National Institute of Health research project (2024-ER1001-01); and Future Medicine 2030 Project of the Samsung Medical Center (SMX1240561).” ⟦NEXT⟧ The original Article has been corrected.",https://pmc.ncbi.nlm.nih.gov/articles/PMC11920044/,NONPROP,,no,no,
40111965,PMC11925296,metadata_or_nonpropositional,153,30,2025,PloS one,Correction: Exploring facial expressions and action unit domains for Parkinson detection.,"There is an error in the affiliation of the fourth author. Juan Rafael Orozco-Arroyave is not affiliated with #2 but with #1: Faculty of Engineering, Universidad de Antioquia, Medellín, Antioquia, Colombia.",https://pmc.ncbi.nlm.nih.gov/articles/PMC11925296/,NONPROP,,no,no,
40326271,PMC12053260,metadata_or_nonpropositional,153,30,2025,Briefings in bioinformatics,Correction to: ProtGraph: a tool for the quick and comprehensive exploration and exploitation of the peptide search space derived from protein sequence databases using graphs.,"This is a correction to: Dominik Lux, Katrin Marcus-Alic, Martin Eisenacher, Julian Uszkoreit, ProtGraph: a tool for the quick and comprehensive exploration and exploitation of the peptide search space derived from protein sequence databases using graphs, Briefings in Bioinformatics , Volume 26, Issue 1, January 2025, https://doi.org/10.1093/bib/bbae671 ⟦NEXT⟧ The following changes have been made to the originally published manuscript. Respective markup in the author byline has been made and a statement added regarding equal contribution made by two-co-authors to this paper: Martin Eisenacher and Julian Uszkoreit.",https://pmc.ncbi.nlm.nih.gov/articles/PMC12053260/,NONPROP,,no,no,
40791851,PMC12336243,metadata_or_nonpropositional,153,30,2025,Frontiers in neuroanatomy,Correction: Editorial: 15 years of frontiers in neuroanatomy: the origin of Parkinson's disease.,"In the published article, the funding sources that supported this publication were erroneously omitted. The corrected Funding statement appears below.",https://pmc.ncbi.nlm.nih.gov/articles/PMC12336243/,NONPROP,,no,no,
41919123,PMC13034785,metadata_or_nonpropositional,153,30,2026,Frontiers in psychology,Correction: The impact of subjective socioeconomic status and threat cues on intertemporal decision-making.,,https://pmc.ncbi.nlm.nih.gov/articles/PMC13034785/,UNUSABLE,,no,no,
25024514,PMC4094956,numeric_or_symbolic_candidate,148,50,2014,The Indian journal of radiology & imaging,Erratum.,"Page 44-50 ⟦NEXT⟧ Corrected version of this article available on the below given link : ⟦NEXT⟧ http://www.ijri.org/article.asp?issn=0971-3026;year=2014;volume=24;issue=1;spage=44;epage=50;a ulast=Singh ⟦NEXT⟧ The error is regretted || http://www.ijri.org/article.asp?issn=0971-3026;year=2014;volume=24;issue=1;spage=44;epage=50;a ulast=Singh ⟦NEXT⟧ The error is regretted ⟦NEXT⟧ - Editor, IJRI",https://pmc.ncbi.nlm.nih.gov/articles/PMC4094956/,UNUSABLE,,no,no,
25781317,PMC4364619,numeric_or_symbolic_candidate,148,50,2015,PloS one,Correction: Characterization of different substituted carboxymethyl starch microgels and their interactions with lysozyme.,"There is an error in the first sentence of the “Saturated protein uptake capacity” subsection of the Materials and Methods. The correct sentence is: Dry gel particles (3 mg) were suspended in 7 mL of buffer at various pH with 3 mL of 10 mg/mL protein solution and gently stirred for 4 h. ⟦NEXT⟧ There are errors in the legend for Fig. 3 , “TGA and the derivative TGA curves of CMS and microgels for various degrees of substitution (DS).” Fig. 3 and the complete, correct Fig. 3 legend are below. ⟦NEXT⟧ TGA and the derivative TGA curves of CMS and microgels for various degrees of substitution (DS). a, b, and c are CMS of DS 0.95, 0.67, and 0.31, respectively. A, B, and Care microgels of DS 0.95, 0.67, and 0.31, respectively.",https://pmc.ncbi.nlm.nih.gov/articles/PMC4364619/,T2_PENDING,,no,no,Pending linked-original verification; excluded from confirmed yield.
27203078,PMC4874536,numeric_or_symbolic_candidate,148,50,2016,PloS one,Correction: Correction: Engineered Promoters for Potent Transient Overexpression.,"Notice of Republication ⟦NEXT⟧ This Correction was republished on May 10, 2016, to correct formatting errors in Table 1 that were introduced during the typesetting process. The publisher apologizes for the errors. Please download this article again to view the correct version.",https://pmc.ncbi.nlm.nih.gov/articles/PMC4874536/,NONPROP,,no,no,
27510649,PMC4980793,numeric_or_symbolic_candidate,148,50,2016,Stem cell research & therapy,Erratum to: Donor age and long-term culture do not negatively influence the stem potential of limbal fibroblast-like stem cells.,"Erratum ⟦NEXT⟧ Following publication of the original article in Stem Cell Research & Therapy [ 1 ], it was brought to our attention that panel 5E in Fig. 5 is a duplicate of panel 5F. Please find below the figure with the correct panel E. We apologize for the inconvenience this may have caused. Fig. 5 Pie charts representing the GO molecular function of unvaried proteins a and differential expressed proteins b . Protein network of f-LSC unvaried proteins c and differential expressed proteins, performed on the STRING website d . Protein class distribution of unvaried e and differential expressed proteins f , performed on the Gene Ontology website ⟦NEXT⟧ Pie charts representing the GO molecular function of unvaried proteins a and differential expressed proteins b . Protein network of f-LSC unvaried proteins c and differential expressed proteins, performed on the STRING website d . Protein class distribution of unvaried e and differential expressed proteins f , performed on the Gene Ontology website",https://pmc.ncbi.nlm.nih.gov/articles/PMC4980793/,T3_VISUAL,,no,yes,
27894290,PMC5125032,numeric_or_symbolic_candidate,148,50,2016,BMC cancer,Erratum to: APC selectively mediates response to chemotherapeutic agents in breast cancer.,"Erratum ⟦NEXT⟧ After publication of the original article [ 1 ], it is noticed that all the Figures in the HTML version of the article are incorrect, please see the correct figures below. We apologize for any inconvenience caused. ⟦NEXT⟧ Fig. 1 Gene expression of ATP-dependent binding cassette transporters. a Microarray analysis of mammary glands from Apc Min/+ and Apc +/+ mice at d16 of lactation show a decrease in ABCG2 and increase in MDR1 expression due to Apc mutation. b MDR1 gene expression in cells from MMTV-PyMT; Apc Min/+ and MMTV-PyMT; Apc +/+ mice after 24 h treatment with either solvent control, paclitaxel, cisplatin or doxorubicin. MDR1 expression was significantly increased in cells from MMTV-PyMT; Apc Min/+ mice after treatment with paclitaxel and doxorubicin but not cisplatin. c ABCG2 gene expression in cells from MMTV-PyMT; Apc Min/+ and MMTV-PyMT; Apc +/+ mice after treatment for 24 h with either solvent control, paclitaxel, cisplatin or doxorubicin. ABCG2 expression was not different between MMTV-PyMT; Apc Min/+ and MMTV-PyMT; Apc +/+ cells and chemotherapy treatment had no effect on ABCG2 expression. d Representative western blots for MDR1 and ABCG2 in cells from MMTV-PyMT; Apc Min/+ and MMTV-PyMT; Apc +/+ mice after treatment for 24 h with either solvent control, paclitaxel, cisplatin or doxorubicin. e Quantification of MDR1 western blots shows that MMTV-PyMT; Apc Min/+ cells have enhanced MDR1 expression when treated with doxorubicin. f Quantification of ABCG2 western blots shows that MMTV-PyMT; Apc +/+ cells have elevated ABCG2 protein expression compared to MMTV-PyMT; Apc Min/+ cells. Results in b , c , e and f are shown as the means ± SEM from 3 independent experiments; * P < 0.05 when comparing MMTV-PyMT; Apc Min/+ to MMTV-PyMT; Apc +/+ cells and # P < 0.05 when comparing MMTV-PyMT; Apc Min/+ cells treated with solvent control or chemotherapy agent ⟦NEXT⟧ Gene expression of ATP-dependent binding cassette transporters. a Microarray analysis of mammary glands from Apc Min/+ and Apc +/+ mice at d16 of lactation show a decrease in ABCG2 and increase in MDR1 expression due to Apc mutation. b MDR1 gene expression in cells from MMTV-PyMT; Apc Min/+ and MMTV-PyMT; Apc +/+ mice after 24 h treatment with either solvent control, paclitaxel, cisplatin or doxorubicin. MDR1 expression was significantly increased in cells from MMTV-PyMT; Apc Min/+ mice after treatment with paclitaxel and doxorubicin but not cisplatin. c ABCG2 gene expression in cells from MMTV-PyMT; Apc Min/+ and MMTV-PyMT; Apc +/+ mice after treatment for 24 h with either solvent control, paclitaxel, cisplatin or doxorubicin. ABCG2 expression was not different between MMTV-PyMT; Apc Min/+ and MMTV-PyMT; Apc +/+ cells and chemotherapy treatment had no effect on ABCG2 expression. d Representative western blots for MDR1 and ABCG2 in cells from MMTV-PyMT; Apc Min/+ and MMTV-PyMT; Apc +/+ mice after treatment for 24 h with either solvent control, paclitaxel, cisplatin or do || Erratum ⟦NEXT⟧ After publication of the original article [ 1 ], it is noticed that all the Figures in the HTML version of the article are incorrect, please see the correct figures below. We apologize for any inconvenience caused. ⟦NEXT⟧ Fig. 1 Gene expression of ATP-dependent binding cassette transporters. a Microarray analysis of mammary glands from Apc Min/+ and Apc +/+ mice at d16 of lactation show a decrease in ABCG2 and increase in MDR1 expression due to Apc mutation. b MDR1 gene expression in cells from MMTV-PyMT; Apc Min/+ and MMTV-PyMT; Apc +/+ mice after 24 h treatment with either solvent control, paclitaxel, cisplatin or doxorubicin. MDR1 expression was significantly increased in cells from MMTV-PyMT; Apc Min/+ mice after treatment with paclitaxel and doxorubicin but not cisplatin. c ABCG2 gene expression in cells from MMTV-PyMT; Apc Min/+ and MMTV-PyMT; Apc +/+ mice after treatment for 24 h with either solvent control, paclitaxel, cisplatin or doxorubicin. ABCG2 expression was not different between MMTV-PyMT; Apc Min/+ and MMTV-PyMT; Apc +/+ cells and chemotherapy treatment had no effect on ABCG2 expression. d Representative western blots for MDR1 and ABCG2 in cells from MMTV-PyMT; Apc Min/+ and MMTV-PyMT; Apc +/+ mice after treatment for 24 h with either solvent control, paclitaxel, cisplatin or doxorubicin. e Quantification of MDR1 western blots shows that MMTV-PyMT; Apc Min/+ cells have enhanced MDR1 expression when treated with doxorubicin. f Quantification of ABCG2 western blots shows that MMTV-PyMT; Apc +/+ cells have elevated ABCG2 protein expression compared to MMTV-PyMT; Apc Min/+ cells. Results in b , c , e and f are shown as the means ± SEM from 3 independent experiments; * P < 0.05 when comparing MMTV-PyMT; Apc Min/+ to MMTV-PyMT; Apc +/+ cells and # P < 0.05 when comparing MMTV-PyMT; Apc Min/+ cells treated with solvent control or chemotherapy agent",https://pmc.ncbi.nlm.nih.gov/articles/PMC5125032/,T3_VISUAL,,no,yes,
29367631,PMC5784085,numeric_or_symbolic_candidate,148,50,2018,Scientific reports,Author Correction: Analytic model for the complex effective index of the leaky modes of tube-type anti-resonant hollow core fibers.,"Correction to: Scientific Reports 10.1038/s41598-017-12234-5, published online 18 September 2017 ⟦NEXT⟧ This Article contains errors within Figure 7, in which certain curves are distorted. The correct Figure 7 appears below as Figure 1 : Figure 1 . ⟦NEXT⟧ .",https://pmc.ncbi.nlm.nih.gov/articles/PMC5784085/,T3_VISUAL,,no,yes,
30538588,PMC6255273,numeric_or_symbolic_candidate,148,50,2018,"Medical devices (Auckland, N.Z.)",Erratum: VEMP using a new low-frequency bone conduction transducer [Erratum].,"Håkansson B, Fredén Jansson KJ, Tengstrand T, et al. Med Devices (Auckl) . 2018;11: 301–312 . ⟦NEXT⟧ On page 307, Table 1 , there is an error in the placement of the lines in the “Average” column. All measured values in Table 1 are correct, but the lines to the right, showing how the conclusive values “39 dB” and “32 dB” were calculated, were erroneously scaled in the final preparation, and point to wrong values in their lower end. The correct placement of the lines is shown in the corrected version of the table below.",https://pmc.ncbi.nlm.nih.gov/articles/PMC6255273/,T3_VISUAL,,no,yes,
30792612,PMC6369547,numeric_or_symbolic_candidate,148,50,2019,Cancer cell international,"Correction to: Membrane expression of thymidine kinase 1 and potential clinical relevance in lung, breast, and colorectal malignancies.","Correction to: Cancer Cell Int (2018) 18:135 10.1186/s12935-018-0633-9 ⟦NEXT⟧ Following publication of the original article [ 1 ], the authors would like to make an amendment to the Acknowledgements section. ⟦NEXT⟧ The acknowledgments currently read: || We would like to thank the Simmons Center for Cancer Research for the financial support, Dr. Juan Arroyo (BYU) for his assistance in tissue staining and confocal microscopy, Dr. Himelda Chavez (Universidad Nacional Mayor de San Marcos, Lima, Peru), for her pathology expertise and help in IHC analysis, and a team of surgeons at Utah Valley Regional Medical Center for providing normal and malignant colon tissue. ⟦NEXT⟧ The corrected acknowledgements would read: ⟦NEXT⟧ We would like to thank the Simmons Center for Cancer Research for the financial support, Dr. Juan Arroyo (BYU) for his assistance in tissue staining and confocal microscopy, Dr. Himelda Chavez (Universidad Nacional Mayor de San Marcos, Lima, Peru), for her pathology expertise and help in IHC analysis, and a team of surgeons at Utah Valley Regional Medical Center for providing normal and malignant colon tissue. Results from this study are in part based upon data generated by The Cancer Genome Atlas and managed by the United States National Cancer Institute and National Human Genome Research Institute (see http://cancergenome.nih.gov ).",https://pmc.ncbi.nlm.nih.gov/articles/PMC6369547/,NONPROP,,no,no,
31194727,PMC6563946,numeric_or_symbolic_candidate,148,50,2019,PLoS computational biology,Correction: Atrial arrhythmogenicity of KCNJ2 mutations in short QT syndrome: Insights from virtual human atria.,"Notice of Republication ⟦NEXT⟧ This article was republished on September 12, 2017, to correct an error in the author byline and article citation. The publisher apologizes for the error. Please download this article again to view the correct version. ⟦NEXT⟧ Supporting information ⟦NEXT⟧ Republished, corrected article. (PDF) || Supporting information ⟦NEXT⟧ Republished, corrected article. (PDF) ⟦NEXT⟧ Republished, corrected article. ⟦NEXT⟧ (PDF) || Republished, corrected article. (PDF) ⟦NEXT⟧ Republished, corrected article. ⟦NEXT⟧ (PDF) ⟦NEXT⟧ Click here for additional data file.",https://pmc.ncbi.nlm.nih.gov/articles/PMC6563946/,NONPROP,,no,no,
31265550,PMC4841414,numeric_or_symbolic_candidate,148,50,2016,Medicine,Erratum: The Value of U/S to Determine Priority for Upper Gastrointestinal Endoscopy in Emergency Room: Erratum.,"In the article “The Value of U/S to Determine Priority for Upper Gastrointestinal Endoscopy in Emergency Room”, 1 which appeared in Volume 94, Issue 49 of Medicine , several typos appeared in the “Limitations of the Study” section. Also, the author's degrees were not given in full in the byline. The article has since been corrected online.",https://pmc.ncbi.nlm.nih.gov/articles/PMC4841414/,NONPROP,,no,no,
31305483,PMC6641783,numeric_or_symbolic_candidate,148,50,2019,Medicine,Psychological affection in rheumatoid arthritis patients in relation to disease activity: Erratum.,"In the article, “Psychological affection in rheumatoid arthritis patients in relation to disease activity”, [ 1 ] which appears in Volume 98, Issue 19 of Medicine , Dr. Ahmed Mohmed Kamal's name appeared incorrectly as Ahmed Mustafa Kamal.",https://pmc.ncbi.nlm.nih.gov/articles/PMC6641783/,NONPROP,,no,no,
31399033,PMC6688215,numeric_or_symbolic_candidate,148,50,2019,Cardiovascular diabetology,Correction to: Effect of liraglutide on cardiac function in patients with type 2 diabetes mellitus: randomized placebo-controlled trial.,"Correction to: Bizino et al. Cardiovasc Diabetol (2019) 18:55 10.1186/s12933-019-0857-6 ⟦NEXT⟧ Following publication of the original article [ 1 ], the authors reported an error in Fig. 3. The bars in the upper right panel that represent heart rate in placebo treated patients is not correct. The revised Fig. 3 is given here. Fig. 3 LV systolic function. Bar graphs of MRI-derived indices of systolic function. Blue bars indicate baseline measurement and red bars follow-up. In the liraglutide group stroke volume decreased, whereas cardiac index remained unchanged because of the increased heart rate. Bpm beats per minute ⟦NEXT⟧ LV systolic function. Bar graphs of MRI-derived indices of systolic function. Blue bars indicate baseline measurement and red bars follow-up. In the liraglutide group stroke volume decreased, whereas cardiac index remained unchanged because of the increased heart rate. Bpm beats per minute ⟦NEXT⟧ The authors wish to apologise for this error. || Correction to: Bizino et al. Cardiovasc Diabetol (2019) 18:55 10.1186/s12933-019-0857-6 ⟦NEXT⟧ Following publication of the original article [ 1 ], the authors reported an error in Fig. 3. The bars in the upper right panel that represent heart rate in placebo treated patients is not correct. The revised Fig. 3 is given here. Fig. 3 LV systolic function. Bar graphs of MRI-derived indices of systolic function. Blue bars indicate baseline measurement and red bars follow-up. In the liraglutide group stroke volume decreased, whereas cardiac index remained unchanged because of the increased heart rate. Bpm beats per minute ⟦NEXT⟧ LV systolic function. Bar graphs of MRI-derived indices of systolic function. Blue bars indicate baseline measurement and red bars follow-up. In the liraglutide group stroke volume decreased, whereas cardiac index remained unchanged because of the increased heart rate. Bpm beats per minute || LV systolic function. Bar graphs of MRI-derived indices of systolic function. Blue bars indicate baseline measurement and red bars follow-up. In the liraglutide group stroke volume decreased, whereas cardiac index remained unchanged because of the increased heart rate. Bpm beats per minute ⟦NEXT⟧ The authors wish to apologise for this error.",https://pmc.ncbi.nlm.nih.gov/articles/PMC6688215/,T3_VISUAL,,no,yes,
31531349,PMC6720046,numeric_or_symbolic_candidate,148,50,2019,BioMed research international,"Corrigendum to "" In Vivo Biocompatibility of PLGA-Polyhexylthiophene Nanofiber Scaffolds in a Rat Model"".","In the article titled “ In Vivo Biocompatibility of PLGA-Polyhexylthiophene Nanofiber Scaffolds in a Rat Model” [ 1 ], an incorrect image was provided for Figure 2(j). The corrected figure is shown below.",https://pmc.ncbi.nlm.nih.gov/articles/PMC6720046/,T3_VISUAL,,no,yes,
31684855,PMC6827251,numeric_or_symbolic_candidate,148,50,2019,BMC evolutionary biology,Correction to: Mitochondrial phylogeography of baboons (Papio spp.) - Indication for introgressive hybridization?,"Correction to: BMC Evol Biol (2009) 9:83 ⟦NEXT⟧ https://doi.org/10.1186/1471-2148-9-83 ⟦NEXT⟧ Following publication of the original article [ 1 ], we have been notified that some of the NCB accession numbers were incorrectly associated to their corresponding taxon in the Additional file 1 . || https://doi.org/10.1186/1471-2148-9-83 ⟦NEXT⟧ Following publication of the original article [ 1 ], we have been notified that some of the NCB accession numbers were incorrectly associated to their corresponding taxon in the Additional file 1 . ⟦NEXT⟧ In this correction, the revised supplementary material is included. ⟦NEXT⟧ Supplementary information || Following publication of the original article [ 1 ], we have been notified that some of the NCB accession numbers were incorrectly associated to their corresponding taxon in the Additional file 1 . ⟦NEXT⟧ In this correction, the revised supplementary material is included. ⟦NEXT⟧ Supplementary information ⟦NEXT⟧ Additional file 1. Geographic origin of samples and GenBank accession numbers. In this table we provide information on the geographic origin of our samples, their haplotype designation, and the respective GenBank accession numbers for complete cytochrome b and ‘Brown region’ sequences.",https://pmc.ncbi.nlm.nih.gov/articles/PMC6827251/,T3_VISUAL,,no,yes,
31886032,PMC6920038,numeric_or_symbolic_candidate,148,50,2019,Journal of periodontal & implant science,Erratum: Text in Figure 1A. Factors affecting treatment outcomes in patients with oral lichen planus lesions: a retrospective study of 113 cases.,"https://doi.org/10.5051/jpis.2018.48.4.213 ⟦NEXT⟧ In the original publication of this article, there was a typo error in Figure 1A. The revised Figure 1A is shown below.",https://pmc.ncbi.nlm.nih.gov/articles/PMC6920038/,T3_VISUAL,,no,yes,
32081876,PMC7035370,numeric_or_symbolic_candidate,148,50,2020,Scientific reports,Author Correction: Visual field loss and vision-related quality of life in the Italian Primary Open Angle Glaucoma Study.,"Correction to: Scientific Reports 10.1038/s41598-017-19113-z, published online 12 January 2018 ⟦NEXT⟧ Paolo Frezzotti was omitted from the Italian Study Group on QoL in Glaucoma in the original version of this Article. This has been corrected in the PDF and HTML versions of the Article. ⟦NEXT⟧ The Italian Study Group on QoL in Glaucoma now reads as: || Correction to: Scientific Reports 10.1038/s41598-017-19113-z, published online 12 January 2018 ⟦NEXT⟧ Paolo Frezzotti was omitted from the Italian Study Group on QoL in Glaucoma in the original version of this Article. This has been corrected in the PDF and HTML versions of the Article. ⟦NEXT⟧ The Italian Study Group on QoL in Glaucoma now reads as: ⟦NEXT⟧ “L. Varano, T. Carchedi, S. Talarico, P. Frezzotti, F. Parravano, I. Motolese, S. A. Bagaglia, G. C. M. Rossi, S. Lateri, L. Bossolesi, L. Carmassi, T. Rolle, R. Piccini, R. Ratiglia, A. Rossi, S. Gandolfi, V. Tagliavini, N. Ungaro, M. Fossarello, A. Cucca, I. Zucca, M. Uva, E. Bonacci, G. Cardarella, D. Tognetto, O. Vattovani, P. Vallon, F. Iannacone, L. Fontana, S. Marchi, G. L. Manni, D. Jannetta, G. Roberti, L. Rossetti, E. Maggiolo, O. Oneta, C. Sborgia, F. Cantatore, L. Mastropasqua, L. Agnifili, E. Campos, C. Gizzi, G. Giannaccare, V. Pucci, M. Cassamali, C. Costagliola, C. Traverso, R. Scotto, M. Musolino, L. Landi & A. Bagnis”",https://pmc.ncbi.nlm.nih.gov/articles/PMC7035370/,NONPROP,,no,no,
32116662,PMC7013177,numeric_or_symbolic_candidate,148,50,2019,Frontiers in pharmacology,Corrigendum: Genotype-Phenotype Association Analysis Reveals New Pathogenic Factors for Osteogenesis Imperfecta Disease.,"A correction has been made to the Discussion , Paragraph five : ⟦NEXT⟧ “To validate the pathogenicity of the candidate variations in COL1A1 , we checked the specificity of their locations (positions of the four candidate mutations: 1094 and 1097). Evidence from the protein families database (Pfam) ( El-Gebali et al., 2019 ) demonstrate that the locations of all four variations belong to the collagen triple helix region (PF01391: Collagen triple helix repeat (1079–1137)). Structurally, different abnormalities in the collagen helix are associated with the identity of the residue replacing Gly ( Bryan et al., 2011 ; Qiu et al., 2018 ), which also influence the severity of OI patients (residues replacing Gly of four candidate mutations: Asp, Arg, and Ser). Through the statistical analysis on the location of Glysubstitution mutations in a large number of OI patients, Beck et al. found that all Gly→Asp in the α1(l) chain led to OI type II (perinatal lethat form) ( Beck et al., 2000 ). In addition, the study of the impact of various Gly replacements discovered that the three replaced form (Gly→Arg, Gly→Ser, and Gly→Cys) had a stronger association with OI lethality than the other replaced forms ( Beck et al., 2000 ). In all, these conclusions indicate that the four candidate mutations of COL1A1 we identified are highly likely to cause lethal OI phenotypes.” ⟦NEXT⟧ Due to the error outlined above, the citations for “ Di Lullo et al., 2002 ” and “ Xiao et al., 2015 ” have been removed from the reference list, and “ El-Gebali et al., 2019 ” has been cited instead. ⟦NEXT⟧ The authors apologize for these errors and state that these do not change the scientific conclusions of the article in any way. The original article has been updated. || There is an error in the Funding statement. The correct number for “Beihang University & Capital Medical University Advanced Innovation Center for Big Data-Based Precision Medicine Plan ” is “BHME- 201804.” ⟦NEXT⟧ Additionally, in the original article, there was one error. In the Discussion section, the locations of the four candidate pathogenic variations in COL1A1 were incorrectly mapped to the major ligand-binding region (MLBR3). ⟦NEXT⟧ A correction has been made to the Discussion , Paragraph five : ⟦NEXT⟧ “To validate the pathogenicity of the candidate variations in COL1A1 , we checked the specificity of their locations (positions of the four candidate mutations: 1094 and 1097). Evidence from the protein families database (Pfam) ( El-Gebali et al., 2019 ) demonstrate that the locations of all four variations belong to the collagen triple helix region (PF01391: Collagen triple helix repeat (1079–1137)). Structurally, different abnormalities in the collagen helix are associated with the identity of the residue replacing Gly ( Bryan et al., 2011 ; Qiu et al., 2018 ), which also influence the severity of OI patients (residues replacing Gly of four candidate mutations: Asp, Arg, and Ser). Through the statistical analysis on the location of Glysubstitution mutations in a large number of OI patients, Beck et al. found that all Gly→Asp in the α1(l) chain led to OI type II (perinatal lethat form) ( Beck et al., 2000 ). In addition, the study of the impact of various Gly replacements discovered that the three replaced form (Gly→Arg, Gly→Ser, and Gly→Cys) had a stronger association with OI lethality than the other replaced forms ( Beck et al., 2000 ). In all, these conclusions indicate that the four candidate mutations of COL1A1 we identified are highly likely to cause lethal OI phenotypes.” || Additionally, in the original article, there was one error. In the Discussion section, the locations of the four candidate pathogenic variations in COL1A1 were incorrectly mapped to the major ligand-binding region (MLBR3). ⟦NEXT⟧ A correction has been made to the Discussion , Paragraph five : ⟦NEXT⟧ “To validate the pathogenicity of the candidate variations in COL1A1 , we checked the specificity of their locations (positions of the four candidate mutations: 1094 and 1097). Evidence from the protein families database (Pfam) ( El-Gebali et al., 2019 ) demonstrate that the locations of all four variations belong to the collagen triple helix region (PF01391: Collagen triple helix repeat (1079–1137)). Structurally, different abnormalities in the collagen helix are associated with the identity of the residue replacing Gly ( Bryan et al., 2011 ; Qiu et al., 2018 ), which also influence the severity of OI patients (residues replacing Gly of four candidate mutations: Asp, Arg, and Ser). Through the statistical analysis on the location of Glysubstitution mutations in a large number of OI patients, Beck et al. found that all Gly→Asp in the α1(l) chain led to OI type II (perinatal lethat form) ( Beck et al., 2000 ). In addition, the study of the impact of various Gly replacements discovered that the three replaced form (Gly→Arg, Gly→Ser, and Gly→Cys) had a stronger association with OI lethality than the other replaced forms ( Beck et al., 2000 ). In all, these conclusions indicate that the four candidate mutations of COL1A1 we identified are highly likely to cause lethal OI phenotypes.” ⟦NEXT⟧ Due to the error outlined above, the citations for “ Di Lullo et al., 2002 ” and “ Xiao et al., 2015 ” have been removed from the reference list, and “ El-Gebali et al., 2019 ” has been cited instead. || “To validate the pathogenicity of the candidate variations in COL1A1 , we checked the specificity of their locations (positions of the four candidate mutations: 1094 and 1097). Evidence from the protein families database (Pfam) ( El-Gebali et al., 2019 ) demonstrate that the locations of all four variations belong to the collagen triple helix region (PF01391: Collagen triple helix repeat (1079–1137)). Structurally, different abnormalities in the collagen helix are associated with the identity of the residue replacing Gly ( Bryan et al., 2011 ; Qiu et al., 2018 ), which also influence the severity of OI patients (residues replacing Gly of four candidate mutations: Asp, Arg, and Ser). Through the statistical analysis on the location of Glysubstitution mutations in a large number of OI patients, Beck et al. found that all Gly→Asp in the α1(l) chain led to OI type II (perinatal lethat form) ( Beck et al., 2000 ). In addition, the study of the impact of various Gly replacements discovered that the three replaced form (Gly→Arg, Gly→Ser, and Gly→Cys) had a stronger association with OI lethality than the other replaced forms ( Beck et al., 2000 ). In all, these conclusions indicate that the four candidate mutations of COL1A1 we identified are highly likely to cause lethal OI phenotypes.” ⟦NEXT⟧ Due to the error outlined above, the citations for “ Di Lullo et al., 2002 ” and “ Xiao et al., 2015 ” have been removed from the reference list, and “ El-Gebali et al., 2019 ” has been cited instead. ⟦NEXT⟧ The authors apologize for these errors and state that these do not change the scientific conclusions of the article in any way. The original article has been updated. || There is an error in the Funding statement. The correct number for “Beihang University & Capital Medical University Advanced Innovation Center for Big Data-Based Precision Medicine Plan ” is “BHME- 201804.” ⟦NEXT⟧ Additionally, in the original article, there was one error. In the Discussion section, the locations of the four candidate pathogenic variations in COL1A1 were incorrectly mapped to the major ligand-binding region (MLBR3). ⟦NEXT⟧ A correction has been made to the Discussion , Paragraph five :",https://pmc.ncbi.nlm.nih.gov/articles/PMC7013177/,T1,method_or_scientific_entity,yes,no,
32433597,PMC7239944,numeric_or_symbolic_candidate,148,50,2020,Scientific reports,Author Correction: The potential role of scavengers in spreading African swine fever among wild boar.,"Correction to: Scientific Reports 10.1038/s41598-019-47623-5, published online 07 August 2019 ⟦NEXT⟧ In the original version of this Article, the file provided for Supplementary Dataset 7 was incorrect. This has been corrected in the HTML version of the Article; the PDF version was correct at time of publication.",https://pmc.ncbi.nlm.nih.gov/articles/PMC7239944/,SEMANTIC_UNALIGNED,,no,no,
33035277,PMC7546446,numeric_or_symbolic_candidate,148,50,2020,PloS one,Correction: Genome-Wide Comparative In Silico Analysis of the RNA Helicase Gene Family in Zea mays and Glycine max: A Comparison with Arabidopsis and Oryza sativa.,"In the The Expression Profile During Different Development Stage and Different Tissues of the RNA Helicase Genes in Four Species Under Normal Growth Conditions subsection of the Results, there is an error in the first sentence of the third paragraph. The correct sentence is: Approximately 108 Zea mays genes were expressed with various expression levels in the tested development stages, including dough stage, fruit formation, anthesis, inflorescence formation, stem elongation, seedling stage and germination ( Fig 6 ). ⟦NEXT⟧ There are errors in the number of RNA expression profiles in the captions of Fig 4 , Fig 5 , Fig 6 , and Fig 7 . Please see the complete, correct captions here. ⟦NEXT⟧ The expression profiles of 144 RNA helicase genes in Arabidopsis . The expression profiles of 144 RNA helicase genes in different development stages (above) and tissues (below) in Arabidopsis . The deep and light blue shading represents the relative high or low percent potential expression levels, respectively, of the helicase genes in different development stages and different tissues. The DEAD-box, DEAH-box and DExD/H-box RNA helicase genes are indicated by the red triangle, circle and square, respectively. || The expression profiles of 97 RNA helicase genes in different development stages (above) and different tissues (below) in Glycine max . The deep and light blue shading represents the relative high or low percent potential expression levels, respectively, of the helicase genes in different development sages and different tissues. The DEAD-box, DEAH-box and DExD/H-box RNA helicase genes are indicated by the red triangle, circle and square, respectively. ⟦NEXT⟧ The image for Fig 4 is incorrect. Please see the correct image here.",https://pmc.ncbi.nlm.nih.gov/articles/PMC7546446/,T2_PENDING,,no,no,Pending linked-original verification; excluded from confirmed yield.
33854185,PMC8046756,numeric_or_symbolic_candidate,148,50,2021,Scientific reports,Author Correction: Functional connectome differences in individuals with hallucinations across the psychosis continuum.,"Correction to: Scientific Reports 10.1038/s41598-020-80657-8, published online 13 January 2021 ⟦NEXT⟧ The Supplementary Information published with this Article contained an error, where an old version of Figure S5 was used. ⟦NEXT⟧ This error has now been corrected in the Supplementary Information file that accompanies the original Article. The corrected Supplementary Information file is also linked to this correction notice. || Correction to: Scientific Reports 10.1038/s41598-020-80657-8, published online 13 January 2021 ⟦NEXT⟧ The Supplementary Information published with this Article contained an error, where an old version of Figure S5 was used. ⟦NEXT⟧ This error has now been corrected in the Supplementary Information file that accompanies the original Article. The corrected Supplementary Information file is also linked to this correction notice. ⟦NEXT⟧ Supplementary Information || The Supplementary Information published with this Article contained an error, where an old version of Figure S5 was used. ⟦NEXT⟧ This error has now been corrected in the Supplementary Information file that accompanies the original Article. The corrected Supplementary Information file is also linked to this correction notice. ⟦NEXT⟧ Supplementary Information ⟦NEXT⟧ Supplementary Information.",https://pmc.ncbi.nlm.nih.gov/articles/PMC8046756/,SEMANTIC_UNALIGNED,,no,no,
34068448,PMC8152957,numeric_or_symbolic_candidate,148,50,2021,Brain sciences,"Correction: Shakil, H.; Saleem, S. Genetic Deletion of Prostacyclin IP Receptor Exacerbates Transient Global Cerebral Ischemia in Aging Mice. Brain Sci. 2013, 3 , 1095-1108.","The authors wish to make the following corrections to this paper: ref. [ 1 ] due to identical images of p-CREB immunostaining for 2–3 months old Ischemia IP KO mice (top right panel) and 12–15 months old Ischemia WT mice (left bottom panel) in Figure 7 A , replace: ⟦NEXT⟧ with ⟦NEXT⟧ The authors would like to apologize for any inconvenience caused to the readers by these changes.",https://pmc.ncbi.nlm.nih.gov/articles/PMC8152957/,T3_VISUAL,,no,yes,
34387716,PMC8360817,numeric_or_symbolic_candidate,148,50,2021,"Bundesgesundheitsblatt, Gesundheitsforschung, Gesundheitsschutz",[Not Available].,Erratum zu: ⟦NEXT⟧ Bundesgesundheitsbl 2021 ⟦NEXT⟧ 10.1007/s00103-021-03307-y,https://pmc.ncbi.nlm.nih.gov/articles/PMC8360817/,UNUSABLE,,no,no,
34571359,PMC8484805,numeric_or_symbolic_candidate,148,50,2021,The Journal of biological chemistry,Correction: Identification of an N6-methyladenosine-mediated positive feedback loop that promotes Epstein-Barr virus infection.,The data points for Figure 4 J were incorrect in the original version of this article. The t 1/2 and p values were calculated with the data points shown in the updated figure and remain the same. The results and conclusions are not changed. The authors apologize for this mistake.,https://pmc.ncbi.nlm.nih.gov/articles/PMC8484805/,T3_VISUAL,,no,yes,
34814914,PMC8609834,numeric_or_symbolic_candidate,148,50,2021,Journal of orthopaedic surgery and research,Correction to: Management of chronic knee pain caused by postsurgical or posttraumatic neuroma of the infrapatellar branch of the saphenous nerve.,"Correction to: Journal of Orthopaedic Surgery and Research (2021) 16:464 10.1186/s13018-021-02613-0 ⟦NEXT⟧ Following publication of the original article [1], the authors identified an error in Figs. 2 and 3. The correct figures are given below. Fig. 2 Multivariable logistic regression for independent predictors of clinically meaningful postoperative improvement in leg pain ⟦NEXT⟧ Fig. 3 Multivariable logistic regression for independent predictors of postoperative improvement in EQ-5D",https://pmc.ncbi.nlm.nih.gov/articles/PMC8609834/,T3_VISUAL,,no,yes,
35022693,PMC9189960,numeric_or_symbolic_candidate,148,50,2022,International journal of epidemiology,Correction to: Prenatal exposure to nitrofurantoin and risk of childhood leukaemia: a registry-based cohort study in four Nordic countries.,"Published online: 13 October 2021, International Journal of Epidemiology , dyab219, https://doi.org/10.1093/ije/dyab219 ⟦NEXT⟧ The number of live-born singletons in Norway was presented incorrectly in Figure 1. The correct number is 412,807. This means that the total number of live-born singletons in the study period was 3,130,848 and the number of children unexposed to pivmecillinam and nitrofurantoin was 2,808,757. The error did not affect the included study sample, or any other results.",https://pmc.ncbi.nlm.nih.gov/articles/PMC9189960/,T2_PENDING,,no,no,Pending linked-original verification; excluded from confirmed yield.
35046534,PMC8856956,numeric_or_symbolic_candidate,148,50,2022,Oncogene,Correction to: Cervical squamous cell carcinoma-secreted exosomal miR-221-3p promotes lymphangiogenesis and lymphatic metastasis by targeting VASH1.,"In Supplementary Fig. 2, panel E, the same image was mistakenly presented for both miR-221 exo and anti-NC exo. ⟦NEXT⟧ In Supplementary Fig. 6, panel A, the incorrect image was presented to show anti-221 exo plus SiRNA. ⟦NEXT⟧ The authors confirm that these errors do not alter the conclusions of the paper. ⟦NEXT⟧ The corrected figures are given below: || Correction to: Oncogene (2019) 38:1256–1268 10.1038/s41388-018-0511-x, published online 25 September 2018 ⟦NEXT⟧ After the publication of this article, the authors noted errors in Supplementary Figs. 2 and 6. ⟦NEXT⟧ In Supplementary Fig. 2, panel E, the same image was mistakenly presented for both miR-221 exo and anti-NC exo. || The authors confirm that these errors do not alter the conclusions of the paper. ⟦NEXT⟧ The corrected figures are given below:",https://pmc.ncbi.nlm.nih.gov/articles/PMC8856956/,T3_VISUAL,,no,yes,
35123916,PMC13373688,numeric_or_symbolic_candidate,148,50,2022,Contemporary clinical trials,"Corrigendum to ""Cancer Health Assessments Reaching Many (CHARM): A clinical trial assessing a multimodal cancer genetics services delivery program and its impact on diverse populations"" [Contemporary Clinical Trials 106 (2021) 106432].","Corrigendum: The authors regret that an error in the methods section of the article suggests that 38% of KPNW's population are racial/ethnic minorities, which is an inaccurate reflection of the demographics of KPNW's total population: ⟦NEXT⟧ Recruitment of participants is taking place at Kaiser Permanente Northwest (KPNW), an integrated healthcare system in the Portland, Oregon, metropolitan area, and Denver Health (DH), an integrated safety net health system with nine sites in Denver County, Colorado. KPNW serves approximately 25% of the population of Southwest Washington and Northwest Oregon. About 38% of members are racial/ethnic minorities. We are focusing recruitment in three KPNW clinics with the highest proportion of patients from racial/ethnic minorities and/or living in a census tract with low socioeconomic status as determined using geocoded census tract information and defined as a person living in a census tract where >20% of households are below the poverty level and/or > 20% have less than a high school education; we are also focusing recruitment on patients with a documented need for Spanish interpretation (approximately 2%) as well as patients who have EMR indication of a primary language of Spanish. ⟦NEXT⟧ Instead, 38% of the population of targeted clinics in the CHARM study meet the study definition of underserved status. We would like to correct the paragraph to the following:",https://pmc.ncbi.nlm.nih.gov/articles/PMC13373688/,T2_PENDING,,no,no,Pending linked-original verification; excluded from confirmed yield.
35147201,PMC8878635,numeric_or_symbolic_candidate,148,50,2022,International journal of oncology,[Corrigendum] DJ‑1 promotes cell proliferation and tumor metastasis in esophageal squamous cell carcinoma via the Wnt/β‑catenin signaling pathway.,"Subsequently to the publication of the above article, an interested reader drew to the authors' attention that a pair of data panels featured between Figs. 4 and 7 contained overlapping data such that the data were derived from the same original source where they were intending to depict the results from experiments performed under different experimental conditions, and a pair of the data panels featured in Fig. 8 for the β-catenin data also appeared to show overlapping data. ⟦NEXT⟧ The authors were able to re-examine their original data, and have identified the data that were intended to have been shown for these figure parts. The corrected versions of Fig. 4 (showing the correct data for the LV-DJ-1/migration experiment in Fig. 4A ), Fig. 7 (showing the correct data for the LV-DJ-1 + XAV939/migration experiment) and Fig. 8 (showing the correct data for the LV-siRNA-DJ-1 experiment) are shown on the subsequent pages. The authors confirm that these inadvertent errors did not have any major impact on the conclusions reported in their paper, are grateful to the Editor of International Journal of Oncology for allowing them the opportunity to publish this Corrigendum, and apologize to the readership for any inconvenience caused. ⟦NEXT⟧ DJ-1 promotes EMT via the Wnt/β-catenin signaling pathway in esophageal squamous cell carcinoma. (A) LV-DJ-1 cells had a significantly higher migration and invasion ability compared with the control group (magnification, x200). (B) The adhesion ability was significantly increased in LV-DJ-1 cells. (C) DJ-1 overexpression promoted the EMT process by significantly reducing E-cadherin expression and significantly increasing the vimentin and N-cadherin expression. (D) LRP6, p-LRP6 and β-catenin expression were significantly upregulated, while Axin1 expression was significantly downregulated in LV-DJ-1 cells. The ratio of p-LRP6 to total LRP6 protein exhibited no significant change between the control group and DJ-1 overexpression group. * P<0.05, **P<0.01 vs. LV-con. LV-DJ-1, lentivirus overexpressing DJ-1; LV-con, lentivirus control; LRP-6, lipoprotein receptor-related protein 6; p-. phosphorylated. ⟦NEXT⟧ Inhibition of Wnt/β-catenin reduces tumor malignant behaviors caused by DJ-1. (A) The proliferation of LV-DJ-1 cells treated with XAV939 was significantly decreased compared with LV-DJ-1 cells (magnification, x100). (B) In the colony formation assay, cells treated with XAV939 had fewer colonies compared with the control LV-DJ-1 cells (magnification, x100). (C) In the Transwell assay, cells of the LV-DJ-1 + XAV939 group demonstrated a weaker ability to migrate and invade compared with the LV-DJ-1 group (magnification, x200). (D) The adhesion ability was decreased in the LV-DJ-1 + XAV939 group compared with the LV-DJ-1 group. (E) Western blotting results demonstrated XAV939 treatment could increase the E-cadherin expression, while it reduced the vimentin and N-cadherin expression levels. (F) LRP6, p-LRP6 and β-catenin exp",https://pmc.ncbi.nlm.nih.gov/articles/PMC8878635/,T3_VISUAL,,no,yes,
35157835,PMC8837205,numeric_or_symbolic_candidate,148,50,2022,The Lancet. Respiratory medicine,Correction to Lancet Respir Med 2022; 10: 327-36.,"Ely EW, Ramanan AV, Kartman CE, et al. Efficacy and safety of baricitinib plus standard of care for the treatment of critically ill hospitalised adults with COVID-19 on invasive mechanical ventilation or extracorporeal membrane oxygenation: an exploratory, randomised, placebo-controlled trial. Lancet Respir Med 2022; published online Feb 3. https://doi.org/10.1016/S2213-2600(22)00006-6 —In this Article, some of the percentages in table 1 were incorrect and have been updated. These corrections have been made to the online version as of Feb 11, 2022, and will be made to the printed version.",https://pmc.ncbi.nlm.nih.gov/articles/PMC8837205/,T2_PENDING,,no,no,Pending linked-original verification; excluded from confirmed yield.
35440692,PMC9061292,numeric_or_symbolic_candidate,148,50,2022,Leukemia,"Correction: Infectious complications of targeted drugs and biotherapies in acute leukemia. Clinical practice guidelines by the European Conference on Infections in Leukemia (ECIL), a joint venture of the European Group for Blood and Marrow Transplantation (EBMT), the European Organization for Research and Treatment of Cancer (EORTC), the International Immunocompromised Host Society (ICHS) and the European Leukemia Net (ELN).","Correction to: Leukemia 10.1038/s41375-022-01556-7, published online 02 April 2022 ⟦NEXT⟧ Due to an error in the typesetting process of this article, the names of the authors have been set incorrectly. We have corrected this in the original article. ⟦NEXT⟧ We apologise for the error. || Due to an error in the typesetting process of this article, the names of the authors have been set incorrectly. We have corrected this in the original article. ⟦NEXT⟧ We apologise for the error.",https://pmc.ncbi.nlm.nih.gov/articles/PMC9061292/,NONPROP,,no,no,
35819792,PMC9277496,numeric_or_symbolic_candidate,148,50,2022,JAMA network open,Error in Results.,"In the Original Investigation titled “Perspectives of Latinx Individuals Who Were Unvaccinated and Hospitalized for COVID-19: A Qualitative Study,” 1 published June 17, 2022, there was an error in the Results. The number of individuals who remained undecided after hospitalization should have read 5. This article has been corrected. 1",https://pmc.ncbi.nlm.nih.gov/articles/PMC9277496/,T2_PENDING,,no,no,Pending linked-original verification; excluded from confirmed yield.
35920331,PMC9410873,numeric_or_symbolic_candidate,148,50,2022,Nucleic acids research,Correction to 'TopDom: an efficient and deterministic method for identifying topological domains in genomes'.,"28 . Lee, H., Moody-Davis, A., Saha, U., Suzuki, B.M., Asarnow, D., Chen, S., Arkin, M., Caffrey, C.R., Singh, R. (2012) Quantification and clustering of phenotypic screening data using time-series analysis for chemotherapy of schistosomiasis. BMC Genomics , 13 (Suppl 1), S4. doi: 10.1186/1471-2164-13-S1-S4. ⟦NEXT⟧ These details have been corrected only in this correction notice to preserve the published version of record.",https://pmc.ncbi.nlm.nih.gov/articles/PMC9410873/,NONPROP,,no,no,
36400980,PMC9676830,numeric_or_symbolic_candidate,148,50,2022,Supportive care in cancer : official journal of the Multinational Association of Supportive Care in Cancer,Correction to: mRNA-1273 SARS-CoV-2 vaccine safety and COVID-19 risk perception in recently transplanted allogeneic hematopoietic stem cell transplant recipients.,"https://doi.org/10.1007/s00520-022-07376-w ⟦NEXT⟧ The article ""mRNA-1273 SARS-CoV-2 vaccine safety and COVID-19 risk perception in recently transplanted allogeneic hematopoietic stem cell transplant recipients"" written by Nil Albiol et.al, was originally published online September 28, 2022 has an error. ⟦NEXT⟧ The correct author group is now reflected in this article. ⟦NEXT⟧ The correct Contributions statement is the below: || Correction to: Supportive Care in Cancer ⟦NEXT⟧ https://doi.org/10.1007/s00520-022-07376-w ⟦NEXT⟧ The article ""mRNA-1273 SARS-CoV-2 vaccine safety and COVID-19 risk perception in recently transplanted allogeneic hematopoietic stem cell transplant recipients"" written by Nil Albiol et.al, was originally published online September 28, 2022 has an error. || The correct Contributions statement is the below: ⟦NEXT⟧ NA was responsible for designing and writing the study protocol, writing the main draft, designing and filling the main database, gathering variable data and analyzing them, interpreting results, creating tables and figures, and manufacturing reference lists. OA was responsible for obtaining data and organizing patients’ schedules, as well as obtaining written consents. LG-P filled a substantial amount of the database with the gathered data. MT, NR, and EL equally obtained patient and variable data. AE, JS, and RM reviewed and corrected the final form of the manuscript. IG provided infrastructural coordination and freed nurses’ schedules to work on the study. JL-C provided vaccination timelines and infrastructure, organized patients’ appointments for vaccination, and coordinated the Infectious Diseases Department with ours. RM also gave feedback on the study design and methods and contributed to the interpretation of the results. IG-C was responsible for designing and writing the study protocol, contributing to structuration, designing and writing the main draft as well as correcting the final form, obtaining ethics committee approval, obtaining financial support, gathering the research team, identifying the population of the study, obtaining patients’ data, interpreting results, and eventually coordinating the study overall.",https://pmc.ncbi.nlm.nih.gov/articles/PMC9676830/,NONPROP,,no,no,
36536426,PMC9764474,numeric_or_symbolic_candidate,148,50,2022,Stem cell research & therapy,"Correction: Facilitating islet transplantation using a three-step approach with mesenchymal stem cells, encapsulation, and pulsed focused ultrasound.","Correction: Stem Cell Research & Therapy (2020) 11:405 https://doi.org/10.1186/s13287-020-01897-z ⟦NEXT⟧ In the original article, the authors identified an editing error in Fig. 3 a where the Live image used in Step 2: em-islets INF-Y was incorrect from a mistake during figure assembly. The correct Fig. 3 has now been provided here and the authors apologize for any inconvenience caused. Fig. 3 In vitro analysis of islet survival and function following exposure to pro-inflammatory cytokines: a representative confocal images and results of b live/dead, c MTT, and d high-glucose-stimulated insulin secretion assays of tested groups (i.e., Islets, e-Islets, m-Islets, em-Islets, and emf-Islets). Blue: live cells stained with Hoechst. Red: dead cells stained with PI. Green: AD-MSCs stained with FDA. Scale bar = 50 μm. Significant differences: b–d a P < 0.05: Islets vs. m-Islets or em-Islets or emf-Islets; b P < 0.05: m-Islets vs. em-Islets or emf-Islets; d P < 0.05: em-Islets vs. emf-Islets (one-way ANOVA post hoc Tukey test) ⟦NEXT⟧ In vitro analysis of islet survival and function following exposure to pro-inflammatory cytokines: a representative confocal images and results of b live/dead, c MTT, and d high-glucose-stimulated insulin secretion assays of tested groups (i.e., Islets, e-Islets, m-Islets, em-Islets, and emf-Islets). Blue: live cells stained with Hoechst. Red: dead cells stained with PI. Green: AD-MSCs stained with FDA. Scale bar = 50 μm. Significant differences: b–d a P < 0.05: Islets vs. m-Islets or em-Islets or emf-Islets; b P < 0.05: m-Islets vs. em-Islets or emf-Islets; d P < 0.05: em-Islets vs. emf-Islets (one-way ANOVA post hoc Tukey test)",https://pmc.ncbi.nlm.nih.gov/articles/PMC9764474/,T3_VISUAL,,no,yes,
36933898,PMC10061277,numeric_or_symbolic_candidate,148,50,2023,Molecular oncology,Corrigendum to: The transcription factors slug (SNAI2) and snail (SNAI1) regulate phospholipase D (PLD) promoter in opposite ways towards cancer cell invasion.,Ramya Ganesan et al. [ 1 ] would like to correct Fig. 5F as errors were introduced in the preparation of this figure for publication. The authors were able to provide to the journal the raw data and the corrected figure panel. The EGFR blot shown in Fig. 3 panel (G) was inadvertently duplicated and misplaced as the actin blot in Fig. 5 panel (F). The journal has reviewed the original raw data and verified the error. The Editors and Authors confirm that the correction of this error has not altered the interpretation of data and did not affect the conclusions presented in the article. The authors sincerely apologise for their mistake and for any inconvenience caused. ⟦NEXT⟧ The corrected figure is reproduced below.,https://pmc.ncbi.nlm.nih.gov/articles/PMC10061277/,T3_VISUAL,,no,yes,
37205638,PMC10198473,numeric_or_symbolic_candidate,148,50,2023,PLoS genetics,Correction: Suppression of class I compensated cell enlargement by xs2 mutation is mediated by salicylic acid signaling.,"In Fig 5 , the authors showed xs2 npr1 double mutant phenotype to suggest that the suppression of cell expansion in the xs2 mutant was mediated via the NPR1-dependent pathway downstream of salicylic acid signaling. Incorrect lines were mistakenly used, resulting in the loss of the xs2 mutation. The authors have re-examined the correct double mutants of xs2 npr1 and found that the cell size in these double mutants was similar to that in xs2 single mutants. Please see the updated Fig 5 below. ⟦NEXT⟧ Characterization of the xs2 npr1 double mutant. (A) Rosette phenotype of xs2, npr1 and xs2 npr1 mutants. Plants were grown for three weeks under a 16-h-light/8-h-dark fluorescent illumination cycle at 22°C. Bars: 10 mm. (B) Estimated cell number and (C) cell size in WT and xs2, npr1 and xs2 npr1 mutants. First leaves from three-week-old plants were used for observation. (n ≥ 240 cells from more than eight leaves). Means + SD. ⟦NEXT⟧ Characterization of the xs2 npr1 double mutant.",https://pmc.ncbi.nlm.nih.gov/articles/PMC10198473/,T1,qualifier_or_prose_claim,yes,no,
37316809,PMC10268485,numeric_or_symbolic_candidate,148,50,2023,BMC emergency medicine,Correction: Australian emergency department care for older adults diagnosed with low back pain of lumbar spine origin: a retrospective analysis of electronic medical record system data (2016-2019).,10.1186/s12873-023-00789-8 ⟦NEXT⟧ The original article [ 1 ] contained a typographical error in Gustavo C Machado’s name which has since been amended.,https://pmc.ncbi.nlm.nih.gov/articles/PMC10268485/,NONPROP,,no,no,
37457600,PMC10349182,numeric_or_symbolic_candidate,148,50,2023,Cureus,Correction: Surgical Versus Non-Surgical Treatments for the Knee: Which Is More Effective?,"This article has been corrected to fix a typo incorrectly stating that 325 million Americans suffer from osteoarthritis. The correct number if 32.5 million. Both instances of this error, located in the Abstract and Introduction, have been corrected. The journal regrets that this typo was not identified and corrected prior to publication.",https://pmc.ncbi.nlm.nih.gov/articles/PMC10349182/,T1,numeric_or_result,yes,no,
38164456,PMC10758231,numeric_or_symbolic_candidate,148,50,2023,"Journal of pharmacy & pharmaceutical sciences : a publication of the Canadian Society for Pharmaceutical Sciences, Societe canadienne des sciences pharmaceutiques",Corrigendum: Applications of exhaled breath condensate analysis for drug monitoring and bioequivalence study of inhaled drugs.,"In the original article, there was a mistake in Table 1 as published. The order of the titles of the 2nd and 3rd columns have been reversed. The corrected form is that the title of the 2nd column is read as “EBC Conc.”, and that of the 3rd column as “Plasma Conc.”. The corrected column titles are marked with red font in the following Table. ⟦NEXT⟧ An overview of drug concentrations in EBC and plasma samples, along with some details of the determination procedures. ⟦NEXT⟧ LR 1 : Linear range; LOD 2 : Limit of detection; NR 3 : Not reported; LC 4 : Liquid chromatography; MS 5 : Mass spectrometry; HPLC 6 : High-performance liquid chromatography; GC 7 : Gas chromatography; UHPLCHR 8 : Ultra-high-pressure liquid chromatography high-resolution mass spectrometry. || LR 1 : Linear range; LOD 2 : Limit of detection; NR 3 : Not reported; LC 4 : Liquid chromatography; MS 5 : Mass spectrometry; HPLC 6 : High-performance liquid chromatography; GC 7 : Gas chromatography; UHPLCHR 8 : Ultra-high-pressure liquid chromatography high-resolution mass spectrometry. ⟦NEXT⟧ The authors apologize for this error and state that this does not change the scientific conclusions of the article in any way.",https://pmc.ncbi.nlm.nih.gov/articles/PMC10758231/,T1,table_figure_text_or_unit,yes,no,
39118183,PMC11308584,numeric_or_symbolic_candidate,148,50,2024,Journal of experimental & clinical cancer research : CR,Correction: The number of polyploid giant cancer cells and epithelial-mesenchymal transitionrelated proteins are associated with invasion and metastasis in human breast cancer.,"Correction: J Exp Clin Cancer Res 34, 158 (2015) ⟦NEXT⟧ 10.1186/s13046-015-0277-8 ⟦NEXT⟧ Following publication of the original article [ 1 ], the authors found an overlapping image in the lower left corner of “Control cells” (left image) and the upper right corner of “PGCCs with budding” (right image) in the “Invasion assay” section of Fig. 4 , panel G. || Following publication of the original article [ 1 ], the authors found an overlapping image in the lower left corner of “Control cells” (left image) and the upper right corner of “PGCCs with budding” (right image) in the “Invasion assay” section of Fig. 4 , panel G. ⟦NEXT⟧ Incorrect Figure 4 ⟦NEXT⟧ Fig. 4 CoCl 2 increases the migration and invasion of breast cancer cells. a Representative images of the wound-healing assay for MCF-7 cells at different times (×40). b MCF-7 cell migration is shown as a wound-healing index quantified by measuring at least three different wound areas. c Representative images of the wound-healing assay for MDA-MB-231 cells at different times (×40). d Quantitative data of MDA-MB-231 cell migration between control cells and PGCCs with budding. e , g Transwell migration and invasion assays were performed in control MCF-7 and MDA-MB-231 cells and PGCCs with budding (×100). Upper panels indicate the migration and lower panels show cell invasion. f , h Quantitative results of transwell migration and invasion assay in MCF-7 and MDA-MB-231 cells ⟦NEXT⟧ CoCl 2 increases the migration and invasion of breast cancer cells. a Representative images of the wound-healing assay for MCF-7 cells at different times (×40). b MCF-7 cell migration is shown as a wound-healing index quantified by measuring at least three different wound areas. c Representative images of the wound-healing assay for MDA-MB-231 cells at different times (×40). d Quantitative data of MDA-MB-231 cell migration between control cells and PGCCs with budding. e , g Transwell migration and invasion assays were performed in control MCF-7 and MDA-MB-231 cells and PGCCs with budding (×100). Upper panels indicate the migration and lower panels show cell invasion. f , h Quantitative results of transwell migration and invasion assay in MCF-7 and MDA-MB-231 cells",https://pmc.ncbi.nlm.nih.gov/articles/PMC11308584/,T3_VISUAL,,no,yes,
39373818,PMC11458840,numeric_or_symbolic_candidate,148,50,2024,Insights into imaging,Correction: Standards for conducting and reporting consensus and recommendation documents: European Society of Cardiovascular Radiology policy from the Guidelines Committee.,"Correction to: Insights into Imaging (2024) 15:207 ⟦NEXT⟧ 10.1186/s13244-024-01755-z ⟦NEXT⟧ The publication of this article unfortunately contained mistakes. The given names of the authors were abbreviated by mistake. The complete names are given below. || 10.1186/s13244-024-01755-z ⟦NEXT⟧ The publication of this article unfortunately contained mistakes. The given names of the authors were abbreviated by mistake. The complete names are given below. ⟦NEXT⟧ Amalia Lupi *1 , Dominika Suchá *2 , Giulia Cundari 3 , Nicola Fink 4 , Hatem Alkadhi 5 , Ricardo P. J. Budde 6 , Federico Caobelli 7 , Carlo N. De Cecco 8 , Nicola Galea 3 , Maja Hrabak-Paar 9 , Christian Loewe 10 , Julian A. Luetkens 11 , Giuseppe Muscogiuri 12 , Luigi Natale 13 , Konstantin Nikolaou 14 , Maja Pirnat 15 , Luca Saba 16 , Rodrigo Salgado 17–19 , Michelle C. Williams 20 , Bernd J. Wintersperger 4,21,22 , Rozemarijn Vliegenthart 23 , Marco Francone 24,25 , Alessia Pepe 1 ⟦NEXT⟧ The original article has been corrected. || Amalia Lupi *1 , Dominika Suchá *2 , Giulia Cundari 3 , Nicola Fink 4 , Hatem Alkadhi 5 , Ricardo P. J. Budde 6 , Federico Caobelli 7 , Carlo N. De Cecco 8 , Nicola Galea 3 , Maja Hrabak-Paar 9 , Christian Loewe 10 , Julian A. Luetkens 11 , Giuseppe Muscogiuri 12 , Luigi Natale 13 , Konstantin Nikolaou 14 , Maja Pirnat 15 , Luca Saba 16 , Rodrigo Salgado 17–19 , Michelle C. Williams 20 , Bernd J. Wintersperger 4,21,22 , Rozemarijn Vliegenthart 23 , Marco Francone 24,25 , Alessia Pepe 1 ⟦NEXT⟧ The original article has been corrected.",https://pmc.ncbi.nlm.nih.gov/articles/PMC11458840/,NONPROP,,no,no,
40323241,PMC12447750,numeric_or_symbolic_candidate,148,50,2025,Biomolecules & biomedicine,Correction: LKB1 suppression promotes cardiomyocyte regeneration via LKB1-AMPK-YAP axis.,"Vol. 22 No. 5 (2022) | https://doi.org/10.17305/bjbms.2021.7225 | 29 April, 2022 ⟦NEXT⟧ In the published article [Qu S, et al. LKB1 suppression promotes cardiomyocyte regeneration via LKB1-AMPK-YAP axis. Bosn J Basic Med Sci. 2022; DOI: 10.17305/bjbms.2021.7225], an error was identified in Figure 4D1. Specifically, the immunofluorescence image originally belonging to the “vector” group was mistakenly used for the “LKB1 OE” group during figure preparation. This was an inadvertent error in image placement. ⟦NEXT⟧ The corrected version of Figure 4 is shown below. This correction does not affect the statistical analysis, interpretation, or the overall conclusions of the study. || In the published article [Qu S, et al. LKB1 suppression promotes cardiomyocyte regeneration via LKB1-AMPK-YAP axis. Bosn J Basic Med Sci. 2022; DOI: 10.17305/bjbms.2021.7225], an error was identified in Figure 4D1. Specifically, the immunofluorescence image originally belonging to the “vector” group was mistakenly used for the “LKB1 OE” group during figure preparation. This was an inadvertent error in image placement. ⟦NEXT⟧ The corrected version of Figure 4 is shown below. This correction does not affect the statistical analysis, interpretation, or the overall conclusions of the study.",https://pmc.ncbi.nlm.nih.gov/articles/PMC12447750/,T3_VISUAL,,no,yes,
40341992,PMC12079634,numeric_or_symbolic_candidate,148,50,2025,Oncology reports,[Corrigendum] Goserelin promotes the apoptosis of epithelial ovarian cancer cells by upregulating forkhead box O1 through the PI3K/AKT signaling pathway.,"Subsequently to the publication of the above paper, an interested reader drew to the authors' attention the fact that six consecutive β-actin bands looked similar, comparing across panels in Fig. 6A and B on p. 1040, even though different time points were represented in these experiments. ⟦NEXT⟧ After having re-examined their original data files, the authors realized that the β-actin bands shown in Fig. 6A were inadvertently assembled incorrectly. The revised version of Fig. 6 , now featuring the correct β-actin blots for Fig. 6A , is shown on the next page. Note that the corrections made to this figure do not affect the overall conclusions reported in the paper. The authors are grateful to the Editor of Oncology Reports for allowing them the opportunity to publish this further Corrigendum, and apologize to the readership for any inconvenience caused.",https://pmc.ncbi.nlm.nih.gov/articles/PMC12079634/,T3_VISUAL,,no,yes,
40694352,PMC12284735,numeric_or_symbolic_candidate,148,50,2025,JAMA network open,Error in Byline.,"In the Research Letter titled “Disability Among School Children Across Districts of India,” 1 published June 25, 2025, there was an error in the degree listed for Janny Liao. This article has been corrected. 1",https://pmc.ncbi.nlm.nih.gov/articles/PMC12284735/,NONPROP,,no,no,
41021000,PMC12678520,numeric_or_symbolic_candidate,148,50,2025,European journal of applied physiology,"Correction: Effects of 12-week free sprint training and speed, agility, and quickness training (SAQT) on reaction time and lower limb muscle activation during crouch start.","Correction: European Journal of Applied Physiology 10.1007/s00421-025-05830-1 ⟦NEXT⟧ In the original version of this article, the affiliations of authors’ Kok-Hwa Tan and Mei-Hsuan Wu were incorrectly given as ⟦NEXT⟧ Kok-Hwa Tan 2 || Correction: European Journal of Applied Physiology 10.1007/s00421-025-05830-1 ⟦NEXT⟧ In the original version of this article, the affiliations of authors’ Kok-Hwa Tan and Mei-Hsuan Wu were incorrectly given as ⟦NEXT⟧ Kok-Hwa Tan 2 ⟦NEXT⟧ 2 Precision Medicine Ph.D. Program, National Tsing Hua University, 30013 Hsinchu, Taiwan",https://pmc.ncbi.nlm.nih.gov/articles/PMC12678520/,NONPROP,,no,no,
41165037,PMC12572779,numeric_or_symbolic_candidate,148,50,2025,The ISME journal,Correction to: Vertical transport and spatiotemporal dynamics of giant viruses in the North Pacific subtropical gyre.,"Md Moinuddin Sheam, Elaine Luo, Vertical transport and spatiotemporal dynamics of giant viruses in the North Pacific subtropical gyre, The ISME Journal , Volume 19, Issue 1, January 2025, wraf094, https://doi.org/10.1093/ismejo/wraf094 ⟦NEXT⟧ In the originally published version of this manuscript, Figure 5 featured the incorrect panel for graph C ⟦NEXT⟧ This error has been corrected || This is a correction to: ⟦NEXT⟧ Md Moinuddin Sheam, Elaine Luo, Vertical transport and spatiotemporal dynamics of giant viruses in the North Pacific subtropical gyre, The ISME Journal , Volume 19, Issue 1, January 2025, wraf094, https://doi.org/10.1093/ismejo/wraf094 ⟦NEXT⟧ In the originally published version of this manuscript, Figure 5 featured the incorrect panel for graph C || In the originally published version of this manuscript, Figure 5 featured the incorrect panel for graph C ⟦NEXT⟧ This error has been corrected",https://pmc.ncbi.nlm.nih.gov/articles/PMC12572779/,T3_VISUAL,,no,yes,
41180824,PMC12573774,numeric_or_symbolic_candidate,148,50,2025,Frontiers in artificial intelligence,Correction: Artificial intelligence-enhanced assessment of fundamental motor skills: validity and reliability of the FUS test for jumping rope performance.,Incorrect text was included in the abstract. ⟦NEXT⟧ The text has been corrected to read: ⟦NEXT⟧ Introduction: Widespread concerns about children's low fundamental motor skill (FMS) proficiency highlight the need for accurate assessment tools to support structured instruction. This study examined the validity and reliability of an AI-enhanced methodology for assessing jumping rope performance within the Fundamental Motor Skills in Sport (FUS) test. || Incorrect text was included in the abstract. ⟦NEXT⟧ The text has been corrected to read: ⟦NEXT⟧ Introduction: Widespread concerns about children's low fundamental motor skill (FMS) proficiency highlight the need for accurate assessment tools to support structured instruction. This study examined the validity and reliability of an AI-enhanced methodology for assessing jumping rope performance within the Fundamental Motor Skills in Sport (FUS) test. ⟦NEXT⟧ Methods: A total of 236 participants (126 primary school students aged 7–14; 110 university sports students aged 20–21) completed jumping rope tasks recorded via the FUS mobile app integrated with an AI model evaluating five process-oriented performance criteria. Concurrent validity and inter-rater reliability were examined by comparing AI-generated assessments with scores from two expert evaluators. Intra-rater reliability was also assessed through reassessment of video trials after a 3-week interval.,https://pmc.ncbi.nlm.nih.gov/articles/PMC12573774/,T2_PENDING,,no,no,Pending linked-original verification; excluded from confirmed yield.
41564140,PMC12846845,numeric_or_symbolic_candidate,148,50,2026,Proceedings of the National Academy of Sciences of the United States of America,"Correction for Keogh and Bilal, Combinatorial asymmetric acoustic metamaterials with real-time programmability.","Correction for “Combinatorial asymmetric acoustic metamaterials with real-time programmability,” by Melanie R. Keogh and Osama R. Bilal, which published November 24, 2025; 10.1073/pnas.2502036122 ( Proc. Natl. Acad. Sci. U.S.A. 122 , e2502036122 ). ⟦NEXT⟧ The authors note that, due to a production error, Fig. 2 D appeared incorrectly. The authors explain that Fig. 2 D had erroneous red shading and a truncated line which should not be there. ⟦NEXT⟧ The corrected figure and its legend appear below. The online version has been corrected. ⟦NEXT⟧ Reprogrammable uniform metamaterial. ( A ) Polar plot map of the band gap frequencies along -X direction for a unit cell with a single two-indentation pillar. ( B ) Dispersion curves of an infinite repetition of the single unit-cell, ( C ) numerical acoustic transmission for a finite structure composed of the same unit cell, and ( D ) experimental transmission results for the same finite structure with unit cells oriented at (red) and (blue). The band gap frequency regions are shaded in light red for the orientation. There are no band gaps frequencies for the orientation. An experimental acoustic measurement field superimposed onto the numerical simulation for a uniform metamaterial composed of a single pillar unit-cell at ( E ) orientation excited at 7.33 kHz, ( F ) orientation excited at 7.33 kHz, and ( G ) orientation excited at 12.46 kHz is illustrated. || Correction for “Combinatorial asymmetric acoustic metamaterials with real-time programmability,” by Melanie R. Keogh and Osama R. Bilal, which published November 24, 2025; 10.1073/pnas.2502036122 ( Proc. Natl. Acad. Sci. U.S.A. 122 , e2502036122 ). ⟦NEXT⟧ The authors note that, due to a production error, Fig. 2 D appeared incorrectly. The authors explain that Fig. 2 D had erroneous red shading and a truncated line which should not be there. ⟦NEXT⟧ The corrected figure and its legend appear below. The online version has been corrected. || The authors note that, due to a production error, Fig. 2 D appeared incorrectly. The authors explain that Fig. 2 D had erroneous red shading and a truncated line which should not be there. ⟦NEXT⟧ The corrected figure and its legend appear below. The online version has been corrected. ⟦NEXT⟧ Reprogrammable uniform metamaterial. ( A ) Polar plot map of the band gap frequencies along -X direction for a unit cell with a single two-indentation pillar. ( B ) Dispersion curves of an infinite repetition of the single unit-cell, ( C ) numerical acoustic transmission for a finite structure composed of the same unit cell, and ( D ) experimental transmission results for the same finite structure with unit cells oriented at (red) and (blue). The band gap frequency regions are shaded in light red for the orientation. There are no band gaps frequencies for the orientation. An experimental acoustic measurement field superimposed onto the numerical simulation for a uniform metamaterial composed of a single pillar unit-cell at ( E ) orientation excited at 7.33 kHz, ( F ) orientation excited at 7.33 kHz, and ( G ) orientation excited at 12.46 kHz is illustrated.",https://pmc.ncbi.nlm.nih.gov/articles/PMC12846845/,T3_VISUAL,,no,yes,
42406714,PMC13336186,numeric_or_symbolic_candidate,148,50,2026,PLoS computational biology,Correction: Identifying essential factors for energy-efficient walking control across a wide range of velocities in reflex-based musculoskeletal systems.,"The caption for Fig 9 is incorrect. The caption has been provided here. ⟦NEXT⟧ The publisher apologizes for the error. ⟦NEXT⟧ Time evolution of the generated walking speed (orange) in response to the target velocity, v x t a r (dotted line). v x t a r was adjusted with a change rate of 0.05 m/s per second. See S1 Video. || The caption for Fig 9 is incorrect. The caption has been provided here. ⟦NEXT⟧ The publisher apologizes for the error. ⟦NEXT⟧ Time evolution of the generated walking speed (orange) in response to the target velocity, v x t a r (dotted line). v x t a r was adjusted with a change rate of 0.05 m/s per second. See S1 Video. ⟦NEXT⟧ Time evolution of the generated walking speed (orange) in response to the target velocity, v x t a r (dotted line). v x t a r was adjusted with a change rate of 0.05 m/s per second.",https://pmc.ncbi.nlm.nih.gov/articles/PMC13336186/,T2_PENDING,,no,no,Pending linked-original verification; excluded from confirmed yield.
42452780,PMC13363071,numeric_or_symbolic_candidate,148,50,2026,Journal of clinical medicine,"Correction: Lamadrid-González et al. SMN2 Copy Number Association with Spinal Muscular Atrophy Severity: Insights from Colombian Patients. J. Clin. Med. 2024, 13 , 6402.","Back Matter Correction ⟦NEXT⟧ There was an error in the original publication [ 1 ] in the “Conflicts of Interest: The authors declare no conflicts of interest”. The authors requested to update the Conflicts of Interest as below. ⟦NEXT⟧ Conflicts of Interest: José Lamadrid-González: an employee of BIIB Colombia SAS, a local subsidiary, belonging to Biogen. Sandra Castellar-Leones: received honoraria for speaking at symposia from Roche, Novartis and participated on Biogen’s advisory board, the latter being a subsidiary of Biogen. The rest authors have no conflicts to declare. ⟦NEXT⟧ The authors state that the scientific conclusions are unaffected. This correction was approved by the Academic Editor. The original publication has also been updated. || Back Matter Correction ⟦NEXT⟧ There was an error in the original publication [ 1 ] in the “Conflicts of Interest: The authors declare no conflicts of interest”. The authors requested to update the Conflicts of Interest as below. ⟦NEXT⟧ Conflicts of Interest: José Lamadrid-González: an employee of BIIB Colombia SAS, a local subsidiary, belonging to Biogen. Sandra Castellar-Leones: received honoraria for speaking at symposia from Roche, Novartis and participated on Biogen’s advisory board, the latter being a subsidiary of Biogen. The rest authors have no conflicts to declare. || Conflicts of Interest: José Lamadrid-González: an employee of BIIB Colombia SAS, a local subsidiary, belonging to Biogen. Sandra Castellar-Leones: received honoraria for speaking at symposia from Roche, Novartis and participated on Biogen’s advisory board, the latter being a subsidiary of Biogen. The rest authors have no conflicts to declare. ⟦NEXT⟧ The authors state that the scientific conclusions are unaffected. This correction was approved by the Academic Editor. The original publication has also been updated.",https://pmc.ncbi.nlm.nih.gov/articles/PMC13363071/,NONPROP,,no,no,
32555726,PMC7302488,semantic_not_alignable,6,3,2020,PloS one,Correction: Analysis of the Antennal Transcriptome and Insights into Olfactory Genes in Hyphantria cunea (Drury).,"The prefixes of all abbreviated names of genes related to Hyphantria cunea appear incorrectly throughout the article. The correct gene names are HcunOBPs, HcunPBPs, HcunCSPs, HcunORs, HcunGRs, HcunIRs and HcunSNMPs. Please see the original abbreviations and the corrected abbreviations here.",https://pmc.ncbi.nlm.nih.gov/articles/PMC7302488/,T3_VISUAL,,no,yes,
33088269,PMC7500491,semantic_not_alignable,6,3,2020,Frontiers in human neuroscience,Erratum: The Easy Part of the Hard Problem: A Resonance Theory of Consciousness.,"Due to a production error, block quotes were formatted as normal text throughout the article. ⟦NEXT⟧ The publisher apologizes for this mistake. The original article has been updated.",https://pmc.ncbi.nlm.nih.gov/articles/PMC7500491/,NONPROP,,no,no,
35481077,PMC9027242,semantic_not_alignable,6,3,2022,RSC advances,"Correction: Electrocatalytic hydrogen generation using tripod containing pyrazolylborate-based copper(ii), nickel(ii), and iron(iii) complexes loaded on a glassy carbon electrode.",The authors regret that an incorrect version of Scheme 1 was given in the original article. The corrected version is shown here. ⟦NEXT⟧ The structures of ligand KTp MeMe and its metal complexes MC. ⟦NEXT⟧ The Royal Society of Chemistry apologises for these errors and any consequent inconvenience to authors and readers.,https://pmc.ncbi.nlm.nih.gov/articles/PMC9027242/,T3_VISUAL,,no,yes,
26861152,PMC4868160,unusable_or_ambiguous,117,30,2016,Clinical orthopaedics and related research,Erratum to: Do Orthopaedic Surgeons Acknowledge Uncertainty?,,https://pmc.ncbi.nlm.nih.gov/articles/PMC4868160/,UNUSABLE,,no,no,
27035816,PMC4811133,unusable_or_ambiguous,117,30,2016,The Journal of clinical investigation,Mitochondrial metabolism mediates oxidative stress and inflammation in fatty liver.,,https://pmc.ncbi.nlm.nih.gov/articles/PMC4811133/,UNUSABLE,,no,no,
27234345,PMC4886780,unusable_or_ambiguous,117,30,2016,Journal of virology,"Correction for Shin et al., Histone Deacetylase Classes I and II Regulate Kaposi's Sarcoma-Associated Herpesvirus Reactivation.",,https://pmc.ncbi.nlm.nih.gov/articles/PMC4886780/,UNUSABLE,,no,no,
27760145,PMC5070826,unusable_or_ambiguous,117,30,2016,PLoS medicine,Correction: Supported Telemonitoring and Glycemic Control in People with Type 2 Diabetes: The Telescot Diabetes Pragmatic Multicenter Randomized Controlled Trial.,,https://pmc.ncbi.nlm.nih.gov/articles/PMC5070826/,UNUSABLE,,no,no,
27794142,PMC6322656,unusable_or_ambiguous,117,30,2016,Toxicological sciences : an official journal of the Society of Toxicology,Arsenite Uncouples Mitochondrial Respiration and Induces a Warburg-Like Effect in Caenorhabditis elegans.,,https://pmc.ncbi.nlm.nih.gov/articles/PMC6322656/,UNUSABLE,,no,no,
27923931,PMC5434477,unusable_or_ambiguous,117,30,2017,Nucleic acids research,Human RECQL1 participates in telomere maintenance.,,https://pmc.ncbi.nlm.nih.gov/articles/PMC5434477/,UNUSABLE,,no,no,
28459934,PMC12520704,unusable_or_ambiguous,117,30,2017,JAMA pediatrics,Error in Sensitivity and Specificity Estimates.,,https://pmc.ncbi.nlm.nih.gov/articles/PMC12520704/,UNUSABLE,,no,no,
28687863,PMC6828047,unusable_or_ambiguous,117,30,2017,Psychopharmacology,Erratum to: Perseveration in a spatial-discrimination serial reversal learning task is differentially affected by MAO-A and MAO-B inhibition and associated with reduced anxiety and peripheral serotonin levels.,,https://pmc.ncbi.nlm.nih.gov/articles/PMC6828047/,UNUSABLE,,no,no,
29475888,PMC5826103,unusable_or_ambiguous,117,30,2018,Antimicrobial agents and chemotherapy,"Erratum for Arias et al., ""A Prospective Cohort Multicenter Study of Molecular Epidemiology and Phylogenomics of Staphylococcus aureus Bacteremia in Nine Latin American Countries"".",,https://pmc.ncbi.nlm.nih.gov/articles/PMC5826103/,UNUSABLE,,no,no,
29497152,PMC5835777,unusable_or_ambiguous,117,30,2018,Cell research,Histone H3 lysine 4 monomethylation modulates long-range chromatin interactions at enhancers.,,https://pmc.ncbi.nlm.nih.gov/articles/PMC5835777/,UNUSABLE,,no,no,
29504122,PMC5835780,unusable_or_ambiguous,117,30,2018,Journal of anatomy,Corrigendum.,,https://pmc.ncbi.nlm.nih.gov/articles/PMC5835780/,UNUSABLE,,no,no,
29863109,PMC6256278,unusable_or_ambiguous,117,30,2018,Acta pharmacologica Sinica,"Erratum: Nucleus Accumbens, a new sleep-regulating area through the integration of motivational stimuli.",,https://pmc.ncbi.nlm.nih.gov/articles/PMC6256278/,UNUSABLE,,no,no,
30695653,PMC6827947,unusable_or_ambiguous,117,30,2019,Journal of clinical oncology : official journal of the American Society of Clinical Oncology,Errata.,,https://pmc.ncbi.nlm.nih.gov/articles/PMC6827947/,UNUSABLE,,no,no,
30951645,PMC6827934,unusable_or_ambiguous,117,30,2019,Journal of clinical oncology : official journal of the American Society of Clinical Oncology,Errata.,,https://pmc.ncbi.nlm.nih.gov/articles/PMC6827934/,UNUSABLE,,no,no,
30989382,PMC6828283,unusable_or_ambiguous,117,30,2019,Acta neurochirurgica,Correction to: Univariate comparison of performance of different cerebrovascular reactivity indices for outcome association in adult TBI: a CENTER-TBI study.,,https://pmc.ncbi.nlm.nih.gov/articles/PMC6828283/,UNUSABLE,,no,no,
31802347,PMC6911125,unusable_or_ambiguous,117,30,2019,Journal of assisted reproduction and genetics,Correction to: FoxO transcription factors regulate mouse preimplantation embryo development.,,https://pmc.ncbi.nlm.nih.gov/articles/PMC6911125/,UNUSABLE,,no,no,
31986111,PMC7294747,unusable_or_ambiguous,117,30,2020,Stroke,Correction to: Effect of Additional Rehabilitation After Botulinum Toxin-A on Upper Limb Activity in Chronic Stroke: The InTENSE Trial.,,https://pmc.ncbi.nlm.nih.gov/articles/PMC7294747/,UNUSABLE,,no,no,
31992058,PMC7265619,unusable_or_ambiguous,117,30,2020,Canadian journal of psychiatry. Revue canadienne de psychiatrie,Corrigendum to Antipsychotiques à Action Prolongé e: Révision de l'algorithme QAAPAPLE.,,https://pmc.ncbi.nlm.nih.gov/articles/PMC7265619/,UNUSABLE,,no,no,
32437504,PMC7243163,unusable_or_ambiguous,117,30,2020,JAMA,Inaccurate Quote.,,https://pmc.ncbi.nlm.nih.gov/articles/PMC7243163/,UNUSABLE,,no,no,
33325989,PMC7745136,unusable_or_ambiguous,117,30,2021,JAMA cardiology,Errors in Figure.,,https://pmc.ncbi.nlm.nih.gov/articles/PMC7745136/,UNUSABLE,,no,no,
34933605,PMC8692952,unusable_or_ambiguous,117,30,2021,Proceedings. Biological sciences,Correction to 'Environment and phenology shape local adaptation in thermal performance'.,,https://pmc.ncbi.nlm.nih.gov/articles/PMC8692952/,UNUSABLE,,no,no,
35087018,PMC9351532,unusable_or_ambiguous,117,30,2022,MMWR. Morbidity and mortality weekly report,"Erratum: Vol. 71, No. 1.",,https://pmc.ncbi.nlm.nih.gov/articles/PMC9351532/,UNUSABLE,,no,no,
35192588,PMC12356559,unusable_or_ambiguous,117,30,2022,Transplantation,Luminal Administration of a Water-soluble Carbon Monoxide-releasing Molecule (CORM-3) Mitigates Ischemia/Reperfusion Injury in Rats Following Intestinal Transplantation: Erratum.,,https://pmc.ncbi.nlm.nih.gov/articles/PMC12356559/,UNUSABLE,,no,no,
36042962,PMC9400183,unusable_or_ambiguous,117,30,2022,The journal of pediatric pharmacology and therapeutics : JPPT : the official journal of PPAG,Corrigendum.,,https://pmc.ncbi.nlm.nih.gov/articles/PMC9400183/,UNUSABLE,,no,no,
36700048,PMC9843247,unusable_or_ambiguous,117,30,2023,Molecular therapy. Nucleic acids,Erratum: Binding characterization of anthraquinone derivatives by stabilizing G-quadruplex DNA leads to an anticancerous activity.,,https://pmc.ncbi.nlm.nih.gov/articles/PMC9843247/,UNUSABLE,,no,no,
37369949,PMC11837103,unusable_or_ambiguous,117,30,2023,Surgical endoscopy,"Correction: 2023 Scientific Session of the Society of American Gastrointestinal and Endoscopic Surgeons (SAGES), Montréal, Canada, 19 March-April 1 2023: Posters.",,https://pmc.ncbi.nlm.nih.gov/articles/PMC11837103/,UNUSABLE,,no,no,
37831016,PMC12694716,unusable_or_ambiguous,117,30,2024,Journal of the American Academy of Dermatology,Correction.,,https://pmc.ncbi.nlm.nih.gov/articles/PMC12694716/,UNUSABLE,,no,no,
38696521,PMC11065236,unusable_or_ambiguous,117,30,2024,PloS one,"Correction: Unique characteristics of new complete blood count parameters, the Immature Platelet Fraction and the Immature Platelet Fraction Count, in dengue patients.",,https://pmc.ncbi.nlm.nih.gov/articles/PMC11065236/,UNUSABLE,,no,no,
41623674,PMC12859576,unusable_or_ambiguous,117,30,2025,iLIVER,"Corrigendum to ""A HRG novel mutation associated with idiopathic portal hypertension: Case report and literature review"" [iLIVER 1 (2022) 90-95].",,https://pmc.ncbi.nlm.nih.gov/articles/PMC12859576/,UNUSABLE,,no,no,
41956870,PMC13154294,unusable_or_ambiguous,117,30,2026,Virus research,"Corrigendum to""A noval strategy of deletion in PK gene for construction of a vaccine candidate with exellent safety and complete protection efficiency against high virulent Chinese pseudorabies virus variant"" [Virus Research 313 (2022) 198740].",,https://pmc.ncbi.nlm.nih.gov/articles/PMC13154294/,UNUSABLE,,no,no,
