pmid,pmcid,year,journal,title,parser_category,parser_flags,erratum_for_pmids,evidence_snippets,source_pubmed_url,source_pmc_url,gold_label,correction_class,old_text,new_text,review_note
30518698,PMC6328017,2018,JCI insight,Transcranial optical imaging reveals a pathway for optimizing the delivery of immunotherapeutics to the brain.,unusable_or_ambiguous,,30333324,,https://pubmed.ncbi.nlm.nih.gov/30518698/,https://pmc.ncbi.nlm.nih.gov/articles/PMC6328017/,,,,,
42222932,PMC13238498,2026,Oxidative medicine and cellular longevity,"Correction to ""Effects of Lipid Metabolism-Related Genes PTGIS and HRASLS on Phenotype, Prognosis, and Tumor Immunity in Lung Squamous Cell Carcinoma"".",numeric_or_symbolic_candidate,location|visual|metadata|multiple_numbers,36703911,"K. Lei, R. Liang, B. Tan, et al., “Effects of Lipid Metabolism‐Related Genes PTGIS and HRASLS on Phenotype, Prognosis, and Tumor Immunity in Lung Squamous Cell Carcinoma,” Oxidative Medicine and Cellular Longevity , 2023, 6811625, https://doi.org/10.1155/2023/6811625 . ⟦NEXT⟧ In the article, an error was identified by the authors in Figure 7 , that was introduced during the figure assembly process. Specifically, the Migration/si‐2 panel in Figure 7 c is erroneously duplicated in the Migration/Vector panel of Figure 7 f. The correct Figure 7 is shown below: ⟦NEXT⟧ HRASLS inhibits LUSC proliferation, migration, and invasion. (a) The mRNA expression of HRASLS in the SK‐MES‐1 cell line transfected with siRNAs or si‐NC was measured by qRT‐PCR. (d) The overexpression plasmid of HRASLS or the control vector was transfected in the SK‐MES‐1 cell line, and the mRNA expression of HRASLS was measured by qRT‐PCR. (b, e) Representative images of EdU assay after HRASLS knockout (b) and HRASLS overexpression (e) in SK‐MES‐1 cells. (c, f) Representative images of transwell assay after HRASLS knockout (c) and HRASLS overexpression (f) in SK‐MES‐1 cells. ∗∗∗ p < 0.001. ⟦NEXT⟧ We apologize for this error. || HRASLS inhibits LUSC proliferation, migration, and invasion. (a) The mRNA expression of HRASLS in the SK‐MES‐1 cell line transfected with siRNAs or si‐NC was measured by qRT‐PCR. (d) The overexpression plasmid of HRASLS or the control vector was transfected in the SK‐MES‐1 cell line, and the mRNA expression of HRASLS was measured by qRT‐PCR. (b, e) Representative images of EdU assay after HRASLS knockout (b) and HRASLS overexpression (e) in SK‐MES‐1 cells. (c, f) Representative images of transwell assay after HRASLS knockout (c) and HRASLS overexpression (f) in SK‐MES‐1 cells. ∗∗∗ p < 0.001. ⟦NEXT⟧ We apologize for this error.",https://pubmed.ncbi.nlm.nih.gov/42222932/,https://pmc.ncbi.nlm.nih.gov/articles/PMC13238498/,,,,,
29345634,PMC7473819,2018,The Nurse practitioner,Erratum.,unusable_or_ambiguous,,28225432,,https://pubmed.ncbi.nlm.nih.gov/29345634/,https://pmc.ncbi.nlm.nih.gov/articles/PMC7473819/,,,,,
33500459,PMC7838411,2021,Scientific reports,"Author Correction: Passive water ascent in a tall, scalable synthetic tree.",exact_replacement_candidate,exact_language|location|visual|multiple_numbers,31937824,"The Authors recalculated all values of ΔP D , which led to change of the Darcy pressure drop which is now approximately one order of magnitude larger than the hydrostatic pressure drop for the short tree and roughly the same order of magnitude for the tall tree. Given that the negative Laplace pressure, P L , is equivalent to the sum of all three pressure drops, these values were also updated. Now the Laplace pressure is of order P L ~ − 10 kPa for the short tree and ranges from ~ − 10 kPa to ~ − 100 kPa for tall tree. Note that in the absence of the oscillatory flows caused by an air bubble, P L ≈ − 50 kPa is typical for the tall tree. This indicates that boiling is still not expected to be thermodynamically favorable, as the absolute pressure of water in the tree is usually greater than 10 kPa. Finally, considering that the Kelvin pressure is balanced with the Laplace pressure, this correction also updates the local humidity directly above the menisci. However, due to the slow (diffusive) evaporation rate, the resulting local humidity is still very close to 100%, so this change is not appreciable. ⟦NEXT⟧ As a result of these changes, data shown in parts of Figures 2 and 3 and in Supplementary Figure 3 is corrected. The correct Figures 2, 3 and S3 appear below as Figures 1 , 2 and 3 respectively. ⟦NEXT⟧ In addition, in the Results section under subheading ‘Modeling and physics.’, ⟦NEXT⟧ “The maximum possible Laplace pressure occurs when θ ≈ 0°, which for our case of r pore ≈ 80 m corresponds to P L,max ≈ − 1.82 MPa.” || “Our model system also assumes room temperature conditions, such that μ = 8.9 × 10^(− 4) Pa·s, ρ = 1000 kg/m 3 , and γ = 0.0728 N/m.” ⟦NEXT⟧ These changes do not affect the overall conclusions of the Article. Figure 1 Demonstration of transpiration in a short (6 cm), scalable tree. ( a ) Photograph of the experimental setup, where 19 parallel tubes pump water from a bottom reservoir to an upper synthetic leaf. The transpiration rate is tuned by changing the ambient humidity using an environmental chamber and measured using a mass balance. ( b ) Transpiration mass flux of synthetic short trees as a function of the water temperature and ambient humidity. The pre-boiled water in the reservoir is cooling over the course of the experiment, such that time progresses from right-to-left along the x-axis and each data set represents a 3 h period. ( c ) Estimated pressure drops across the synthetic tree, where Δ P P represents viscous losses along the tube array, Δ P D is the pressure drop across the wetted leaf, and Δ P G is the hydrostatic pressure column in each tube. Values of Δ P P and Δ P D were calculated to correspond to the flow rate measured at a reservoir temperature of 30 °C. ( d ) Estimated Laplace pressure as a function of the water temperature and ambient humidity, expressed as the sum of the three pressure drops found in (c). All values in (b–d) correspond to an average of three trials with error bars of one standard deviation. Figure 2 Demonstration of transpiration in a tall (3 m), scalable tree. ( a ) Photograph of the experimental setup, where the tubing and synthetic leaf are fixed to a tall vertical post. Transpiration is measured by placing the bottom reservoir on a mass balance, while the flow rate is controlled by tuning the ambient humidity of the tree growth chamber enclosing the entire tree. ( b ) Transpiration mass flux of the tall tree at 75% or 50% ambient humidities, as a function of the reservoir temperature recorded over 3 h experimental trials. ( c ) Pressure drops associated with the tall tree, calculated to match the flow rate measured at a reservoir temperature of 30 °C. ( d ) Calculated Laplace pressures of the tall tree at 75% and 50% ambient relative humidities, found as the sum of the three pressure drops. ( e ) During some trials, air bubbles (red circles) were periodically trapped within the tubes, resulting in the oscillatory backflow of the water. Graphical values in ( b – d ) are an average of three trials, while the error bars represent one standard deviation. Figure 3 Local humidities and Laplace pressures for the short tree experiments. (a) The local humidity immediately above the water menisci within the nanopores approached 100%. This is due to the slow, diffusive transpiration rate, which requires a very low Laplace pressure to conserve mass. By balancing this small Laplace pressure with the corresponding Kelvin pressure, a high local humidity is obtained. Physically, this high humidity is achieved by th || These changes do not affect the overall conclusions of the Article. Figure 1 Demonstration of transpiration in a short (6 cm), scalable tree. ( a ) Photograph of the experimental setup, where 19 parallel tubes pump water from a bottom reservoir to an upper synthetic leaf. The transpiration rate is tuned by changing the ambient humidity using an environmental chamber and measured using a mass balance. ( b ) Transpiration mass flux of synthetic short trees as a function of the water temperature and ambient humidity. The pre-boiled water in the reservoir is cooling over the course of the experiment, such that time progresses from right-to-left along the x-axis and each data set represents a 3 h period. ( c ) Estimated pressure drops across the synthetic tree, where Δ P P represents viscous losses along the tube array, Δ P D is the pressure drop across the wetted leaf, and Δ P G is the hydrostatic pressure column in each tube. Values of Δ P P and Δ P D were calculated to correspond to the flow rate measured at a reservoir temperature of 30 °C. ( d ) Estimated Laplace pressure as a function of the water temperature and ambient humidity, expressed as the sum of the three pressure drops found in (c). All values in (b–d) correspond to an average of three trials with error bars of one standard deviation. Figure 2 Demonstration of transpiration in a tall (3 m), scalable tree. ( a ) Photograph of the experimental setup, where the tubing and synthetic leaf are fixed to a tall vertical post. Transpiration is measured by placing the bottom reservoir on a mass balance, while the flow rate is controlled by tuning the ambient humidity of the tree growth chamber enclosing the entire tree. ( b ) Transpiration mass flux of the tall tree at 75% or 50% ambient humidities, as a function of the reservoir temperature recorded over 3 h experimental trials. ( c ) Pressure drops associated with the tall tree, calculated to match the flow rate measured at a reservoir temperature of 30 °C. ( d ) Calculated Laplace pressures of the tall tree at 75% and 50% ambient relative humidities, found as the sum of the three pressure drops. ( e ) During some trials, air bubbles (red circles) were periodically trapped within the tubes, resulting in the oscillatory backflow of the water. Graphical values in ( b – d ) are an average of three trials, while the error bars represent one standard deviation. Figure 3 Local humidities and Laplace pressures for the short tree experiments. (a) The local humidity immediately above the water menisci within the nanopores approached 100%. This is due to the slow, diffusive transpiration rate, which requires a very low Laplace pressure to conserve mass. By balancing this small Laplace pressure with the corresponding Kelvin pressure, a high local humidity is obtained. Physically, this high humidity is achieved by the menisci partially retreating to concentrate vapor within the nanopores, at which point the menisci position stabilizes. (b) Estimated Lapla || “The maximum possible Laplace pressure occurs when θ ≈ 0°, which for our case of r pore ≈ 80 m corresponds to P L,max ≈ − 1.82 MPa.” ⟦NEXT⟧ should read: ⟦NEXT⟧ “The maximum possible Laplace pressure occurs when θ ≈ 0°, which for our case of r pore ≈ 80 nm corresponds to P L,max ≈ − 1.82 MPa.” ⟦NEXT⟧ “where Q is the volumetric flow rate, t = 7 mm and A = 22.9 cm 2 are the thickness and cross-sectional area of the disk,” || Correction to: Scientific Reports 10.1038/s41598-019-57109-z, published online 14 January 2020 ⟦NEXT⟧ This Article contains errors. ⟦NEXT⟧ After publication of this Article, the Authors discovered an error in the code used to calculate the Darcy pressure drop (ΔP D ) across the nanoporous synthetic leaf. While Eq. 3 in the Article is correct, this code issue resulted in numerical values that were approximately four orders of magnitude too small. Additionally, the value of t used for Eq. 3 is 3.5 mm, not 7 mm as stated in the Article, to account for the fact that the vertical tubes were embedded halfway inside of the nanoporous disk. || This Article contains errors. ⟦NEXT⟧ After publication of this Article, the Authors discovered an error in the code used to calculate the Darcy pressure drop (ΔP D ) across the nanoporous synthetic leaf. While Eq. 3 in the Article is correct, this code issue resulted in numerical values that were approximately four orders of magnitude too small. Additionally, the value of t used for Eq. 3 is 3.5 mm, not 7 mm as stated in the Article, to account for the fact that the vertical tubes were embedded halfway inside of the nanoporous disk. ⟦NEXT⟧ The Authors recalculated all values of ΔP D , which led to change of the Darcy pressure drop which is now approximately one order of magnitude larger than the hydrostatic pressure drop for the short tree and roughly the same order of magnitude for the tall tree. Given that the negative Laplace pressure, P L , is equivalent to the sum of all three pressure drops, these values were also updated. Now the Laplace pressure is of order P L ~ − 10 kPa for the short tree and ranges from ~ − 10 kPa to ~ − 100 kPa for tall tree. Note that in the absence of the oscillatory flows caused by an air bubble, P L ≈ − 50 kPa is typical for the tall tree. This indicates that boiling is still not expected to be thermodynamically favorable, as the absolute pressure of water in the tree is usually greater than 10 kPa. Finally, considering that the Kelvin pressure is balanced with the Laplace pressure, this correction also updates the local humidity directly above the menisci. However, due to the slow (diffusive) evaporation rate, the resulting local humidity is still very close to 100%, so this change is not appreciable. ⟦NEXT⟧ As a result of these changes, data shown in parts of Figures 2 and 3 and in Supplementary Figure 3 is corrected. The correct Figures 2, 3 and S3 appear below as Figures 1 , 2 and 3 respectively. || After publication of this Article, the Authors discovered an error in the code used to calculate the Darcy pressure drop (ΔP D ) across the nanoporous synthetic leaf. While Eq. 3 in the Article is correct, this code issue resulted in numerical values that were approximately four orders of magnitude too small. Additionally, the value of t used for Eq. 3 is 3.5 mm, not 7 mm as stated in the Article, to account for the fact that the vertical tubes were embedded halfway inside of the nanoporous disk. ⟦NEXT⟧ The Authors recalculated all values of ΔP D , which led to change of the Darcy pressure drop which is now approximately one order of magnitude larger than the hydrostatic pressure drop for the short tree and roughly the same order of magnitude for the tall tree. Given that the negative Laplace pressure, P L , is equivalent to the sum of all three pressure drops, these values were also updated. Now the Laplace pressure is of order P L ~ − 10 kPa for the short tree and ranges from ~ − 10 kPa to ~ − 100 kPa for tall tree. Note that in the absence of the oscillatory flows caused by an air bubble, P L ≈ − 50 kPa is typical for the tall tree. This indicates that boiling is still not expected to be thermodynamically favorable, as the absolute pressure of water in the tree is usually greater than 10 kPa. Finally, considering that the Kelvin pressure is balanced with the Laplace pressure, this correction also updates the local humidity directly above the menisci. However, due to the slow (diffusive) evaporation rate, the resulting local humidity is still very close to 100%, so this change is not appreciable. ⟦NEXT⟧ As a result of these changes, data shown in parts of Figures 2 and 3 and in Supplementary Figure 3 is corrected. The correct Figures 2, 3 and S3 appear below as Figures 1 , 2 and 3 respectively. ⟦NEXT⟧ In addition, in the Results section under subheading ‘Modeling and physics.’, || Demonstration of transpiration in a short (6 cm), scalable tree. ( a ) Photograph of the experimental setup, where 19 parallel tubes pump water from a bottom reservoir to an upper synthetic leaf. The transpiration rate is tuned by changing the ambient humidity using an environmental chamber and measured using a mass balance. ( b ) Transpiration mass flux of synthetic short trees as a function of the water temperature and ambient humidity. The pre-boiled water in the reservoir is cooling over the course of the experiment, such that time progresses from right-to-left along the x-axis and each data set represents a 3 h period. ( c ) Estimated pressure drops across the synthetic tree, where Δ P P represents viscous losses along the tube array, Δ P D is the pressure drop across the wetted leaf, and Δ P G is the hydrostatic pressure column in each tube. Values of Δ P P and Δ P D were calculated to correspond to the flow rate measured at a reservoir temperature of 30 °C. ( d ) Estimated Laplace pressure as a function of the water temperature and ambient humidity, expressed as the sum of the three pressure drops found in (c). All values in (b–d) correspond to an average of three trials with error bars of one standard deviation. ⟦NEXT⟧ Demonstration of transpiration in a tall (3 m), scalable tree. ( a ) Photograph of the experimental setup, where the tubing and synthetic leaf are fixed to a tall vertical post. Transpiration is measured by placing the bottom reservoir on a mass balance, while the flow rate is controlled by tuning the ambient humidity of the tree growth chamber enclosing the entire tree. ( b ) Transpiration mass flux of the tall tree at 75% or 50% ambient humidities, as a function of the reservoir temperature recorded over 3 h experimental trials. ( c ) Pressure drops associated with the tall tree, calculated to match the flow rate measured at a reservoir temperature of 30 °C. ( d ) Calculated Laplace pressures of the tall tree at 75% and 50% ambient relative humidities, found as the sum of the three pressure drops. ( e ) During some trials, air bubbles (red circles) were periodically trapped within the tubes, resulting in the oscillatory backflow of the water. Graphical values in ( b – d ) are an average of three trials, while the error bars represent one standard deviation. ⟦NEXT⟧ Local humidities and Laplace pressures for the short tree experiments. (a) The local humidity immediately above the water menisci within the nanopores approached 100%. This is due to the slow, diffusive transpiration rate, which requires a very low Laplace pressure to conserve mass. By balancing this small Laplace pressure with the corresponding Kelvin pressure, a high local humidity is obtained. Physically, this high humidity is achieved by the menisci partially retreating to concentrate vapor within the nanopores, at which point the menisci position stabilizes. (b) Estimated Laplace pressures generated by the concave water menisci under five ambient relative h",https://pubmed.ncbi.nlm.nih.gov/33500459/,https://pmc.ncbi.nlm.nih.gov/articles/PMC7838411/,,,,,
27923931,PMC5434477,2017,Nucleic acids research,Human RECQL1 participates in telomere maintenance.,unusable_or_ambiguous,location|visual|metadata|multiple_numbers,24623817,,https://pubmed.ncbi.nlm.nih.gov/27923931/,https://pmc.ncbi.nlm.nih.gov/articles/PMC5434477/,,,,,
29367631,PMC5784085,2018,Scientific reports,Author Correction: Analytic model for the complex effective index of the leaky modes of tube-type anti-resonant hollow core fibers.,numeric_or_symbolic_candidate,location|visual|multiple_numbers,28924224,"Correction to: Scientific Reports 10.1038/s41598-017-12234-5, published online 18 September 2017 ⟦NEXT⟧ This Article contains errors within Figure 7, in which certain curves are distorted. The correct Figure 7 appears below as Figure 1 : Figure 1 . ⟦NEXT⟧ .",https://pubmed.ncbi.nlm.nih.gov/29367631/,https://pmc.ncbi.nlm.nih.gov/articles/PMC5784085/,,,,,
38085097,PMC10715039,2023,Oncotarget,Correction: Abnormal topological organization in white matter structural networks in survivors of acute lymphoblastic leukaemia with chemotherapy treatment.,metadata_or_nonpropositional,location|metadata|multiple_numbers,28947994,"This article has been corrected: In the Materials and Methods section, under the ‘MRI Acquisition,’ heading, the model of MRI scanner has been incorrectly spelled as “All MRI examinations were performed with a 3.0 T MR scanner (Trio; Siemens, Erlangen, German) in the Second Hospital of Anhui Medical University.” However, the correct model is “All MRI examinations were performed with a 3.0 T MR scanner (Verio; Siemens, Erlangen, German) in the Second Hospital of Anhui Medical University.” The authors declare that these corrections do not change the results or conclusions of this paper. ⟦NEXT⟧ Original article: Oncotarget. 2017; 8:60568–60575. 60568-60575 . https://doi.org/10.18632/oncotarget.19104",https://pubmed.ncbi.nlm.nih.gov/38085097/,https://pmc.ncbi.nlm.nih.gov/articles/PMC10715039/,,,,,
35013523,PMC8748990,2022,Scientific reports,Author Correction: Transgenic refractory Aedes aegypti lines are resistant to multiple serotypes of dengue virus.,metadata_or_nonpropositional,metadata|multiple_numbers,34903766,"Correction to: Scientific Reports https://doi.org/10.1038/s41598-021-03229-4 , published online 13 December 2021 ⟦NEXT⟧ The original version of this Article contained an error in the spelling of the author Anna-Bella Failloux which was incorrectly given as Anna-Bella Failoux. ⟦NEXT⟧ The original Article has been corrected. || The original version of this Article contained an error in the spelling of the author Anna-Bella Failloux which was incorrectly given as Anna-Bella Failoux. ⟦NEXT⟧ The original Article has been corrected.",https://pubmed.ncbi.nlm.nih.gov/35013523/,https://pmc.ncbi.nlm.nih.gov/articles/PMC8748990/,,,,,
33528795,PMC8329833,2021,Current obesity reports,Correction to: An Exploration of the Role of Sugar-Sweetened Beverage in Promoting Obesity and Health Disparities.,unusable_or_ambiguous,,33411311,,https://pubmed.ncbi.nlm.nih.gov/33528795/,https://pmc.ncbi.nlm.nih.gov/articles/PMC8329833/,,,,,
33304854,PMC7691985,2020,Frontiers in oncology,Corrigendum: Molecular Mechanism and Approach in Progression of Meningioma.,metadata_or_nonpropositional,metadata,33042832,An author name was incorrectly spelled as Lilhong Liu. The correct spelling is Lihong Liu. ⟦NEXT⟧ The authors apologize for this error and state that this does not change the scientific conclusions of the article in any way. The original article has been updated.,https://pubmed.ncbi.nlm.nih.gov/33304854/,https://pmc.ncbi.nlm.nih.gov/articles/PMC7691985/,,,,,
21966611,PMC3178829,2011,"Allergy, asthma & immunology research",Erratum: changes in the prevalence of childhood asthma in seoul from 1995 to 2008 and its risk factors.,location_plus_new_candidate,location|visual,21217922,"In Figure, the legend ""Male"" and ""Female"" were reversed. The correct version is now present in the online version of the article. ⟦NEXT⟧ Corrected Figure",https://pubmed.ncbi.nlm.nih.gov/21966611/,https://pmc.ncbi.nlm.nih.gov/articles/PMC3178829/,,,,,
29468010,PMC5814028,2018,i-Perception,Erratum.,metadata_or_nonpropositional,metadata|multiple_numbers,28890778,,https://pubmed.ncbi.nlm.nih.gov/29468010/,https://pmc.ncbi.nlm.nih.gov/articles/PMC5814028/,,,,,
34432876,PMC8510849,2021,Neurosurgery,"Corrigendum to: ""Surgery for Degenerative Cervical Myelopathy: A Nationwide Registry-Based Observational Study With Patient-Reported Outcomes"" by Sasha Gulati, MD, PhD, Vetle Vangen-Lønne, MS, Øystein P Nygaard, MD, PhD, Agnete M Gulati, MD, PhD, Tommy A Hammer, MD, Tonje O Johansen, MD, Wilco C Peul, MD, PhD, Øyvind O Salvesen, MSc, PhD, Tore K Solberg, MD, PhD. Neurosurgery, nyab259, https://doi.org/10.1093/neuros/nyab259.",exact_replacement_candidate,exact_language|location|visual|metadata|multiple_numbers,34325471,"In the originally published version of this manuscript, there were errors in Figure 2A and 2B. Specifically: ⟦NEXT⟧ The leftmost column of the table contained in panel B should read: “perceived benefit after twelve months” instead of, “perceived benefit after three months”. ⟦NEXT⟧ The percentage values cited in the table contained in each figure were incorrect. The percentage values in the accompanying graphs were correct and are unchanged. ⟦NEXT⟧ These errors have been corrected online and in print. || The leftmost column of the table contained in panel B should read: “perceived benefit after twelve months” instead of, “perceived benefit after three months”. ⟦NEXT⟧ The percentage values cited in the table contained in each figure were incorrect. The percentage values in the accompanying graphs were correct and are unchanged. ⟦NEXT⟧ These errors have been corrected online and in print. ⟦NEXT⟧ https://doi.org/10.1093/neuros/nyab334 || The percentage values cited in the table contained in each figure were incorrect. The percentage values in the accompanying graphs were correct and are unchanged. ⟦NEXT⟧ These errors have been corrected online and in print. ⟦NEXT⟧ https://doi.org/10.1093/neuros/nyab334",https://pubmed.ncbi.nlm.nih.gov/34432876/,https://pmc.ncbi.nlm.nih.gov/articles/PMC8510849/,,,,,
28362909,PMC6790536,2017,The Journal of infectious diseases,Erratum.,unusable_or_ambiguous,,27625435,,https://pubmed.ncbi.nlm.nih.gov/28362909/,https://pmc.ncbi.nlm.nih.gov/articles/PMC6790536/,,,,,
36071382,PMC9450387,2022,BMC neurology,Correction: IL6 trans-signaling associates with ischemic stroke but not with atrial fibrillation.,numeric_or_symbolic_candidate,location|visual|metadata|multiple_numbers,34372806,"https://doi.org/10.1186/s12883-021-02321-6 ⟦NEXT⟧ Following publication of the original article [ 1 ], the authors reported an error in the number of incident atrial fibrillation cases resulting in errors in Tables 2 and 3 , Figs. 1 and 2 , and the Supplemental Material . The correct tables, figures and Supplemental Material are given below. Table 2 Number of ischemic strokes and B/T ratio level in subjects with and without atrial fibrillation Never AF AF P Total number 2748 445 - Stroke 140 (5%) 63 (14%) <0.0001 B/T ratio 1.58 (1.54-1.61) 1.58 (1.54-1.61) 0.94 Number of participants with ischemic stroke during follow-up (%) and levels of the B/T ratio presented as median (IQR) in subjects with AF (prevalent or incident) compared to those without (Never AF) Table 3 Risk of incident atrial fibrillation associated with the B/T ratio B/T ratio Crude P Adjusted P ≤25 th perc 1.00 (ref) - 1.00 (ref) 25-50 th perc 0.93 (0.71-1.23) 0.65 0.89 (0.67-1.17) 0.41 50-75 th perc 1.01 (0.77-1.32) 0.93 0.92 (0.70-1.21) 0.57 >75 th perc 1.00 (0.77-1.32) 0.94 0.86 (0.65-1.14) 0.30 ≤median 1.00 (ref) - 1.00 (ref) >median 1.04 (0.86-1.26) 0.67 0.94 (0.78-1.15) 0.59 Risk of incident AF associated with the B/T ratio, categorized into percentiles (perc) and dichotomized at the median, analyzed by Cox regression and expressed as HR (95% CI). Multivariate analysis adjusted for sex, hypertension, BMI, and left ventricular hypertrophy. Participants with prevalent AF at baseline were excluded from this analysis. Missing data on left ventricular hypertrophy ( n = 6) Fig. 1 Risk of future ischemic stroke associated with the B/T ratio > median in subjects with and without a diagnosis of AF analyzed by Cox regression and expressed as hazard ratio with 95% confidence interval Fig. 2 Cumulative incidence of AF in subjects without prevalent AF at baseline stratifed by the B/T ratio dichotomized at the median ⟦NEXT⟧ Number of ischemic strokes and B/T ratio level in subjects with and without atrial fibrillation ⟦NEXT⟧ Number of participants with ischemic stroke during follow-up (%) and levels of the B/T ratio presented as median (IQR) in subjects with AF (prevalent or incident) compared to those without (Never AF) || Correction: BMC Neurol 21, 306 (2021) ⟦NEXT⟧ https://doi.org/10.1186/s12883-021-02321-6 ⟦NEXT⟧ Following publication of the original article [ 1 ], the authors reported an error in the number of incident atrial fibrillation cases resulting in errors in Tables 2 and 3 , Figs. 1 and 2 , and the Supplemental Material . The correct tables, figures and Supplemental Material are given below. Table 2 Number of ischemic strokes and B/T ratio level in subjects with and without atrial fibrillation Never AF AF P Total number 2748 445 - Stroke 140 (5%) 63 (14%) <0.0001 B/T ratio 1.58 (1.54-1.61) 1.58 (1.54-1.61) 0.94 Number of participants with ischemic stroke during follow-up (%) and levels of the B/T ratio presented as median (IQR) in subjects with AF (prevalent or incident) compared to those without (Never AF) Table 3 Risk of incident atrial fibrillation associated with the B/T ratio B/T ratio Crude P Adjusted P ≤25 th perc 1.00 (ref) - 1.00 (ref) 25-50 th perc 0.93 (0.71-1.23) 0.65 0.89 (0.67-1.17) 0.41 50-75 th perc 1.01 (0.77-1.32) 0.93 0.92 (0.70-1.21) 0.57 >75 th perc 1.00 (0.77-1.32) 0.94 0.86 (0.65-1.14) 0.30 ≤median 1.00 (ref) - 1.00 (ref) >median 1.04 (0.86-1.26) 0.67 0.94 (0.78-1.15) 0.59 Risk of incident AF associated with the B/T ratio, categorized into percentiles (perc) and dichotomized at the median, analyzed by Cox regression and expressed as HR (95% CI). Multivariate analysis adjusted for sex, hypertension, BMI, and left ventricular hypertrophy. Participants with prevalent AF at baseline were excluded from this analysis. Missing data on left ventricular hypertrophy ( n = 6) Fig. 1 Risk of future ischemic stroke associated with the B/T ratio > median in subjects with and without a diagnosis of AF analyzed by Cox regression and expressed as hazard ratio with 95% confidence interval Fig. 2 Cumulative incidence of AF in subjects without prevalent AF at baseline stratifed by the B/T ratio dichotomized at the median",https://pubmed.ncbi.nlm.nih.gov/36071382/,https://pmc.ncbi.nlm.nih.gov/articles/PMC9450387/,,,,,
31531349,PMC6720046,2019,BioMed research international,"Corrigendum to "" In Vivo Biocompatibility of PLGA-Polyhexylthiophene Nanofiber Scaffolds in a Rat Model"".",numeric_or_symbolic_candidate,location|visual|multiple_numbers,23971031,"In the article titled “ In Vivo Biocompatibility of PLGA-Polyhexylthiophene Nanofiber Scaffolds in a Rat Model” [ 1 ], an incorrect image was provided for Figure 2(j). The corrected figure is shown below.",https://pubmed.ncbi.nlm.nih.gov/31531349/,https://pmc.ncbi.nlm.nih.gov/articles/PMC6720046/,,,,,
33976345,PMC8113566,2021,Scientific reports,Author Correction: The influence of different sample preparation on mechanical properties of human iliotibial tract.,exact_replacement_candidate,exact_language|location|visual|metadata|multiple_numbers,32908171,"Correction to: Scientific Reports https://doi.org/10.1038/s41598-020-71790-5 , published online 09 September 2020 ⟦NEXT⟧ This Article contains errors. The determined values of the Young's moduli deviate from the literature by about two orders of magnitude. Due to the recalculation, the values of the determined Young’s moduli in Figure 7B are incorrect. The correct Figure 7B appears below as Figure 1 . Figure 1 A correct version of the original Figure 7B. ⟦NEXT⟧ A correct version of the original Figure 7B. ⟦NEXT⟧ In addition, a new table is included with each calculated Young’s modulus for better transparency. The calculated Young’s moduli are listed in Table 1 below. Table 1 Determined Young’s moduli of the examined iliotibial tract specimens (5 donors, left and right side). Sample Young’s modulus (MPa) Fresh Fresh-frozen 0% DMSO Fresh-frozen 1% DMSO Fresh-frozen 10% DMSO S1 Left 137.64 266.03 261.11 84.45 S1 Right 143.17 267.44 266.97 183.44 S2 Left 179.58 145.40 123.98 31.051 S2 Right 158.19 79.54 285.07 378.72 S3 Left 103.29 204.70 195.59 250.69 S3 Right 48.26 314.07 361.76 220.26 S4 Left 325.53 357.20 262.10 245.06 S4 Right 368.29 397.41 406.39 225.51 S5 Left 630.93 220.34 149.96 212.82 S5 Right 382.40 492.46 209.64 321.01 Mean 247.73 274.46 252.26 215.30 SD 167.91 115.60 83.16 96.04 || Determined Young’s moduli of the examined iliotibial tract specimens (5 donors, left and right side). ⟦NEXT⟧ As a result of this error, Table 2 is incorrect. The correct Table 2 appears below. Table 2 A correct version of the original Table 2 . F FDF0 FDF1 FDF10 F tu (MPa) 37.66 (SD 18.87) 34.64 (SD 12.08) 30.96 (SD 13.12) 22.00 (SD 10.91) E (MPa) 247.73 (SD 167.91) 274.46 (SD 115.60) 252.26 (SD 83.16) 215.30 (SD 96.04) ⟦NEXT⟧ A correct version of the original Table 2 . ⟦NEXT⟧ In the Results section, || “A slight increase in the Young’s Modulus of FDF0 samples (0.91 (SD 0.29) MPa) and FDF1 samples (0.83 (SD 0.28) MPa), compared to F samples (0.73 (SD 0.44) MPa) has been observed (Fig. 7).” ⟦NEXT⟧ should read: ⟦NEXT⟧ “A slight increase in the Young’s Moduli of FDF0 samples (274.46 (SD 115.60) MPa) and FDF1 samples (252.26 (SD 83.16) MPa), compared to F samples (247.73 (SD 167.91) MPa) has been observed (Fig. 7).” ⟦NEXT⟧ Finally, the Acknowledgements section is incomplete. || Correction to: Scientific Reports https://doi.org/10.1038/s41598-020-71790-5 , published online 09 September 2020 ⟦NEXT⟧ This Article contains errors. The determined values of the Young's moduli deviate from the literature by about two orders of magnitude. Due to the recalculation, the values of the determined Young’s moduli in Figure 7B are incorrect. The correct Figure 7B appears below as Figure 1 . Figure 1 A correct version of the original Figure 7B. ⟦NEXT⟧ A correct version of the original Figure 7B.",https://pubmed.ncbi.nlm.nih.gov/33976345/,https://pmc.ncbi.nlm.nih.gov/articles/PMC8113566/,,,,,
36042962,PMC9400183,2022,The journal of pediatric pharmacology and therapeutics : JPPT : the official journal of PPAG,Corrigendum.,unusable_or_ambiguous,,35241987,,https://pubmed.ncbi.nlm.nih.gov/36042962/,https://pmc.ncbi.nlm.nih.gov/articles/PMC9400183/,,,,,
41623854,PMC12859428,2026,EClinicalMedicine,Corrigendum to Association between maternal vitamin D supplementation during pregnancy and the risk of acute respiratory infections in offspring: a systematic review and meta-analysis.,numeric_or_symbolic_candidate,location|metadata|multiple_numbers,41438974,"Corrigendum: Barts Charity funding of DAJ's salary was omitted in error. The first paragraph of the Acknowledgments section is corrected to “ This study was conducted without external funding. ARM is supported by the United Kingdom Office for Students . DAJ is supported by 10.13039/100015652 Barts Charity (G-002700). The views expressed are those of the authors and not necessarily those of Barts Charity or the Office for Students. Sources of support for individual trials are detailed in Appendix p7. We thank all the people who participated in primary randomised controlled trials, and the teams who conducted them.” The Role of the funding source statement is also corrected to “The funder of the study had no role in study design, data collection, data analysis, data interpretation, or writing of the report”.",https://pubmed.ncbi.nlm.nih.gov/41623854/,https://pmc.ncbi.nlm.nih.gov/articles/PMC12859428/,,,,,
38994333,PMC11238910,2024,Frontiers in medicine,Corrigendum: Nocebo effects in systemic therapies for adult plaque psoriasis: a systematic review and meta-analysis.,exact_replacement_candidate,exact_language|location|visual|multiple_numbers,38601115,"In the published article, there was an error in Table 1 as published. In the row “Any AE” under the columns “Non-biologic” and “Non-biologic Placebo,” the numbers entered of 57.10 (54.66 – 59.52) and 49.78 (47.12 – 52.44), respectively, are an accidental transposition of these same numbers from the “Intervention Pooled” and “Placebo Pooled” columns. Instead, the numbers under row “Any AE” for column “Non-biologic” should be 63.02 (56.80 – 69.03) and for column “Non-biologic Placebo” should be 48.75 (41.02 – 56.51). The corrected Table 1 appears below. ⟦NEXT⟧ Pooled proportion of patients experiencing adverse events and risk difference between systemic therapy and placebo stratified by treatment class. ⟦NEXT⟧ AE, adverse event; CI, confidence interval; NA, not applicable. || Bolded values are significantly different from 0 testing at a significance level of 5%. ⟦NEXT⟧ The authors apologize for this error and state that this does not change the scientific conclusions of the article in any way. The original article has been updated.",https://pubmed.ncbi.nlm.nih.gov/38994333/,https://pmc.ncbi.nlm.nih.gov/articles/PMC11238910/,,,,,
41402327,PMC12708634,2025,NPJ science of learning,Publisher Correction: How decoy options ferment choice biases in real-world consumer decision-making.,numeric_or_symbolic_candidate,location|visual|multiple_numbers,40841543,"Correction to: npj Science of Learning 10.1038/s41539-025-00341-2, published online 22 August 2025 ⟦NEXT⟧ In this article, the Figure legends were incorrectly assigned. The original article has now been corrected.",https://pubmed.ncbi.nlm.nih.gov/41402327/,https://pmc.ncbi.nlm.nih.gov/articles/PMC12708634/,,,,,
29212512,PMC5719727,2017,Environmental health : a global access science source,Correction to: Parma consensus statement on metabolic disruptors.,metadata_or_nonpropositional,exact_language|metadata,26092037,"Correction ⟦NEXT⟧ After publication of the article [ 1 ], it has been brought to our attention that the thirteenth author of this article has had their name spelt incorrectly. In the original article the spelling “Laura Rizzir” was used. In fact the correct spelling should be “Laura Rizzi”.",https://pubmed.ncbi.nlm.nih.gov/29212512/,https://pmc.ncbi.nlm.nih.gov/articles/PMC5719727/,,,,,
31030389,PMC6828055,2019,Current hematologic malignancy reports,Correction to: Autologous Haematopoietic Stem Cell Transplantation in Multiple Sclerosis: a Review of Current Literature and Future Directions for Transplant Haematologists and Oncologists.,unusable_or_ambiguous,,30828772,,https://pubmed.ncbi.nlm.nih.gov/31030389/,https://pmc.ncbi.nlm.nih.gov/articles/PMC6828055/,,,,,
40198644,PMC11977965,2025,PloS one,Correction: Protocol for a mobile laboratory study of co-administration of cannabis concentrates with a standard alcohol dose in humans.,exact_replacement_candidate,exact_language|metadata|multiple_numbers,36327298,"Carrie Cuttler should be included in the author byline. Carrie Cuttler should be listed as the sixth author, and his affiliation is 2: Department of Psychology, Washington State University. The contributions of this author are as follows: conceptualized ideas, developed or designed a methodology, contributed reagents/materials/analysis tools, provided activity planning and execution for the research. ⟦NEXT⟧ The correct citation is: Karoly HC, Prince MA, Emery NN, Smith EE, Piercey CJ, Cuttler C (2022) Protocol for a mobile laboratory study of co-administration of cannabis concentrates with a standard alcohol dose in humans. PLoS ONE 17(11): e0277123. https://doi.org/10.1371/journal.pone.0277123",https://pubmed.ncbi.nlm.nih.gov/40198644/,https://pmc.ncbi.nlm.nih.gov/articles/PMC11977965/,,,,,
34068448,PMC8152957,2021,Brain sciences,"Correction: Shakil, H.; Saleem, S. Genetic Deletion of Prostacyclin IP Receptor Exacerbates Transient Global Cerebral Ischemia in Aging Mice. Brain Sci. 2013, 3 , 1095-1108.",numeric_or_symbolic_candidate,location|visual|multiple_numbers,24634780,"The authors wish to make the following corrections to this paper: ref. [ 1 ] due to identical images of p-CREB immunostaining for 2–3 months old Ischemia IP KO mice (top right panel) and 12–15 months old Ischemia WT mice (left bottom panel) in Figure 7 A , replace: ⟦NEXT⟧ with ⟦NEXT⟧ The authors would like to apologize for any inconvenience caused to the readers by these changes.",https://pubmed.ncbi.nlm.nih.gov/34068448/,https://pmc.ncbi.nlm.nih.gov/articles/PMC8152957/,,,,,
39712084,PMC11655746,2024,Cognitive neurodynamics,Correction to: Optimizing feature subset for schizophrenia detection using multichannel EEG signals and rough set theory.,unusable_or_ambiguous,,38699607,,https://pubmed.ncbi.nlm.nih.gov/39712084/,https://pmc.ncbi.nlm.nih.gov/articles/PMC11655746/,,,,,
33854185,PMC8046756,2021,Scientific reports,Author Correction: Functional connectome differences in individuals with hallucinations across the psychosis continuum.,numeric_or_symbolic_candidate,location|visual|multiple_numbers,33441965,"Correction to: Scientific Reports 10.1038/s41598-020-80657-8, published online 13 January 2021 ⟦NEXT⟧ The Supplementary Information published with this Article contained an error, where an old version of Figure S5 was used. ⟦NEXT⟧ This error has now been corrected in the Supplementary Information file that accompanies the original Article. The corrected Supplementary Information file is also linked to this correction notice. || Correction to: Scientific Reports 10.1038/s41598-020-80657-8, published online 13 January 2021 ⟦NEXT⟧ The Supplementary Information published with this Article contained an error, where an old version of Figure S5 was used. ⟦NEXT⟧ This error has now been corrected in the Supplementary Information file that accompanies the original Article. The corrected Supplementary Information file is also linked to this correction notice. ⟦NEXT⟧ Supplementary Information || The Supplementary Information published with this Article contained an error, where an old version of Figure S5 was used. ⟦NEXT⟧ This error has now been corrected in the Supplementary Information file that accompanies the original Article. The corrected Supplementary Information file is also linked to this correction notice. ⟦NEXT⟧ Supplementary Information ⟦NEXT⟧ Supplementary Information.",https://pubmed.ncbi.nlm.nih.gov/33854185/,https://pmc.ncbi.nlm.nih.gov/articles/PMC8046756/,,,,,
31802347,PMC6911125,2019,Journal of assisted reproduction and genetics,Correction to: FoxO transcription factors regulate mouse preimplantation embryo development.,unusable_or_ambiguous,,31396850,,https://pubmed.ncbi.nlm.nih.gov/31802347/,https://pmc.ncbi.nlm.nih.gov/articles/PMC6911125/,,,,,
34352993,PMC8369216,2021,Diabetes & metabolism journal,Early Glycosylated Hemoglobin Target Achievement Predicts Clinical Outcomes in Patients with Newly Diagnosed Type 2 Diabetes Mellitus.,metadata_or_nonpropositional,location|metadata|multiple_numbers,34044485,"Diabetes Metab J 2021;45:337-338. https://doi.org/10.4093/dmj.2021.0078 ⟦NEXT⟧ In this article, “fasting C-peptide level was higher in the subpopulation” has been corrected to “fasting C-peptide level was lower in the subpopulation” in the 3rd paragraph. This manuscript has been corrected in the online versions. We apologize for any inconvenience that this may have caused.",https://pubmed.ncbi.nlm.nih.gov/34352993/,https://pmc.ncbi.nlm.nih.gov/articles/PMC8369216/,,,,,
25383339,PMC4203107,2014,Cell journal,Erratum: study of sperm reproductive parameters in mature zanjani viper.,numeric_or_symbolic_candidate,location|visual|multiple_numbers,24567940,"In this article which was published in Cell J, Vol 16, No 2, Summer 2014, on pages 111-116 , the title of table 3 was published incorrectly as: ""Sperms concentration, vitality, survival and morphology in Zanjani viper, (mean ± SD)"". The correct one is ""Sperm motility rate in three different parts of vas deferns duct in Zanjani viper"". ⟦NEXT⟧ Sperm motility rate in three different parts of vas deferns duct in Zanjani viper ⟦NEXT⟧ **There is no significant difference in motility rate among three different parts of ducts at p>0.05.",https://pubmed.ncbi.nlm.nih.gov/25383339/,https://pmc.ncbi.nlm.nih.gov/articles/PMC4203107/,,,,,
30123457,PMC6063212,2016,Chemical science,Correction: Unique post-translational oxime formation in the biosynthesis of the azolemycin complex of novel ribosomal peptides from Streptomyces sp. FXJ1.264.,exact_replacement_candidate,exact_language|location|multiple_numbers,28791101,"In the Conclusions section of the manuscript, the species of Streptomyces is displayed incorrectly; it should be “ Streptomyces sp. FXJ1.264” rather than “ Streptomyces sp. FXJ1.261”. ⟦NEXT⟧ The Royal Society of Chemistry apologises for these errors and any consequent inconvenience to authors and readers.",https://pubmed.ncbi.nlm.nih.gov/30123457/,https://pmc.ncbi.nlm.nih.gov/articles/PMC6063212/,,,,,
41433234,PMC12725532,2025,PloS one,Correction: Similarity and dissimilarity in alterations of the gene expression profile associated with inhalational anesthesia between sevoflurane and desflurane.,numeric_or_symbolic_candidate,location|multiple_numbers,38547201,"In the Animal experiments subsection of the Materials and methods, there is an error in the last sentence of the paragraph. The correct sentence is: The protocol for these experiments was approved by the Institutional Animal Care and Use Committee of Saitama Medical University (permission numbers 3301, 3547 and 3796).",https://pubmed.ncbi.nlm.nih.gov/41433234/,https://pmc.ncbi.nlm.nih.gov/articles/PMC12725532/,,,,,
33837243,PMC8035141,2021,Scientific reports,"Author Correction: Glycosphingolipid expression at breast cancer stem cells after novel thieno[2,3-b]pyridine anticancer compound treatment.",numeric_or_symbolic_candidate,location|metadata|multiple_numbers,32680999,"Correction to: Scientific Reports https://doi.org/10.1038/s41598-020-68516-y , published online 17 July 2020 ⟦NEXT⟧ The Author Contributions section in this Article was incomplete. ⟦NEXT⟧ “S.M. performed tissue culture and flow cytometric studies, participated in design of experiments and interpreted the data; A.M. conceptualization and design of experiments, data analysis and interpretation, major part in manuscript writing; A.M. performed tissue culture and flow cytometric studies, performed data analysis; N.R.M. performed tissue culture and flow cytometric studies; L.I.P. performed design and synthesis of chemical compounds, writing and critical reading of manuscript; J.R. performed design and synthesis of chemical compounds, conceptualization of experiments, writing and critical reading of manuscript and data interpretation; V.Č.Č. conceptualization and design of experiments, data analysis and interpretation and writing of manuscript. All authors read and approved the final manuscript.” || “S.M. performed tissue culture and flow cytometric studies, participated in design of experiments, interpretation of the data, writing and critical reading of the manuscript; A.M. conceptualization and design of experiments, data analysis and interpretation, major part in manuscript writing; A.M. performed tissue culture and flow cytometric studies, performed data analysis; N.R.M. performed tissue culture and flow cytometric studies; L.I.P. performed design and synthesis of chemical compounds, writing and critical reading of manuscript; J.R. performed design and synthesis of chemical compounds, conceptualization of experiments, writing and critical reading of manuscript and data interpretation; V.Č.Č. conceptualization and design of experiments, data analysis and interpretation and writing of manuscript. All authors read and approved the final manuscript.” ⟦NEXT⟧ The original Article has been corrected.",https://pubmed.ncbi.nlm.nih.gov/33837243/,https://pmc.ncbi.nlm.nih.gov/articles/PMC8035141/,,,,,
41956870,PMC13154294,2026,Virus research,"Corrigendum to""A noval strategy of deletion in PK gene for construction of a vaccine candidate with exellent safety and complete protection efficiency against high virulent Chinese pseudorabies virus variant"" [Virus Research 313 (2022) 198740].",unusable_or_ambiguous,,35271886,,https://pubmed.ncbi.nlm.nih.gov/41956870/,https://pmc.ncbi.nlm.nih.gov/articles/PMC13154294/,,,,,
40857254,PMC12380342,2025,PloS one,Correction: A neural network model of mathematics anxiety: The role of attention.,numeric_or_symbolic_candidate,metadata|multiple_numbers,38096237,"Notice of republication ⟦NEXT⟧ This article was republished on August 11, 2025, to correct errors in the Data Availability statement. The publisher apologizes for the errors. Please download this article again to view the correct version. The originally published, uncorrected article and the republished, corrected articles are provided here for reference. ⟦NEXT⟧ Supporting information ⟦NEXT⟧ Originally published, uncorrected article. (PDF) || (PDF) ⟦NEXT⟧ Republished, corrected article. (PDF) ⟦NEXT⟧ Republished, corrected article. || Republished, corrected article. (PDF) ⟦NEXT⟧ Republished, corrected article.",https://pubmed.ncbi.nlm.nih.gov/40857254/,https://pmc.ncbi.nlm.nih.gov/articles/PMC12380342/,,,,,
25785711,PMC4364784,2015,PloS one,Correction: Generation and characterization of induced pluripotent stem cells from aid-deficient mice.,numeric_or_symbolic_candidate,location|visual|multiple_numbers,24718089,"In Fig. 1B , phase contrast and GFP fluorescence images of 967B2, 957F1 and 979F1 are incorrect. Please view the correct Fig. 1 here. ⟦NEXT⟧ Generation of iPS cells from Aid −/− mice. (A) The relative expression of Aid and Gapdh . Total RNA was isolated from three ES cell clones (RF8, B6ES and MG1.19), three Aid +/+ iPS cell clones (967B2, 967C1 and 979B1), three Aid −/− iPS cell clones (957F1, 979F1 and 979E1), three parental Aid +/+ and Aid −/− MEF clones and primary B cells (pB cells), and was used for the quantitative RT-PCR analysis. The data are shown as the average ± SD. (B) The morphology of Aid +/+ and Aid −/− iPS colonies 25 days after the introduction of 4Fs into MEFs. Phase contrast (left column) and GFP fluorescence (right column) images are shown. Scale bars; 200 μm. (C, D) The number of GFP-positive colonies from Aid +/+ , Aid +/− and Aid −/− MEFs induced by 4Fs (C) and 3Fs (D). For each genotype, three different lots of MEFs were used in each experiment, and the experiments were repeated four times. Colonies were counted 25 (4Fs) and 30 (3Fs) days after the induction. (E) The number of total colonies from Aid +/+ , Aid +/− and Aid −/− MEFs subjected to transduction of the 3Fs with or without Aid. (F) The proportion of GFP-positive colonies out of the total colonies from Aid +/+ , Aid +/− and Aid −/− MEFs induced by 3Fs with or without Aid. (G) The number of GFP-positive colonies from Aid +/+ and Aid −/− primary B cells induced with 4Fs. Experiments were repeated five times. ⟦NEXT⟧ Generation of iPS cells from Aid −/− mice.",https://pubmed.ncbi.nlm.nih.gov/25785711/,https://pmc.ncbi.nlm.nih.gov/articles/PMC4364784/,,,,,
40281013,PMC12032027,2025,Scientific reports,Author Correction: Effect of dietary tall oil fatty acids and hydrolysed yeast in SNP2-positive and SNP2-negative piglets challenged with F4 enterotoxigenic Escherichia coli.,numeric_or_symbolic_candidate,location|metadata|multiple_numbers,38267615,"Correction to: Scientific Reports 10.1038/s41598-024-52586-3, published online 24 January 2024 ⟦NEXT⟧ In the original version of this Article, the project license was incorrect. ⟦NEXT⟧ As a result, in the Methods section, under the subheading ‘Ethics declaration’: || “The study was approved by the Dutch Central Authority for Scientific Procedures on Animals (project license AVD246002015279)” ⟦NEXT⟧ The original Article has been corrected. || Correction to: Scientific Reports 10.1038/s41598-024-52586-3, published online 24 January 2024 ⟦NEXT⟧ In the original version of this Article, the project license was incorrect. ⟦NEXT⟧ As a result, in the Methods section, under the subheading ‘Ethics declaration’: ⟦NEXT⟧ “The study was approved by the Dutch Central Authority for Scientific Procedures on Animals (project license AVD104002016515)”",https://pubmed.ncbi.nlm.nih.gov/40281013/,https://pmc.ncbi.nlm.nih.gov/articles/PMC12032027/,,,,,
31585111,PMC6817550,2019,American journal of human genetics,Distinct HLA Associations with Rheumatoid Arthritis Subsets Defined by Serological Subphenotype.,metadata_or_nonpropositional,metadata|multiple_numbers,31474319,"(The American Journal of Human Genetics 105 , 616–624; September 5, 2019) ⟦NEXT⟧ In the originally published version of this article, the first author, Chikashi Tereo, had footnotes indicating affiliations with the first seven institutions. The correct affiliations are the first six plus footnote 17, indicating equal contribution. This error has been corrected here and online, and the authors and copyeditor express their regret for the mistake.",https://pubmed.ncbi.nlm.nih.gov/31585111/,https://pmc.ncbi.nlm.nih.gov/articles/PMC6817550/,,,,,
36326254,PMC9765285,2022,mBio,"Correction for Miao et al., ""Long-Term Compost Amendment Spurs Cellulose Decomposition by Driving Shifts in Fungal Community Composition and Promoting Fungal Diversity and Phylogenetic Relatedness"".",metadata_or_nonpropositional,exact_language|location|metadata|multiple_numbers,35491853,"Volume 13, no. 3, e00323-22, 2022, https://doi.org/10.1128/mBio.00323-22 . Page 1, abstract, lines 8 and 9: “(mainly members of the genus Cryptococcus )” should be deleted. ⟦NEXT⟧ Page 9, line 10: “(mainly the genus Cryptococcus )” should be deleted. || AUTHOR CORRECTION ⟦NEXT⟧ Volume 13, no. 3, e00323-22, 2022, https://doi.org/10.1128/mBio.00323-22 . Page 1, abstract, lines 8 and 9: “(mainly members of the genus Cryptococcus )” should be deleted. ⟦NEXT⟧ Page 9, line 10: “(mainly the genus Cryptococcus )” should be deleted.",https://pubmed.ncbi.nlm.nih.gov/36326254/,https://pmc.ncbi.nlm.nih.gov/articles/PMC9765285/,,,,,
29709014,PMC5927420,2018,PloS one,Correction: Serologic and behavioral risk survey of workers with wildlife contact in China.,metadata_or_nonpropositional,metadata,29614074,,https://pubmed.ncbi.nlm.nih.gov/29709014/,https://pmc.ncbi.nlm.nih.gov/articles/PMC5927420/,,,,,
40370853,PMC12076385,2025,RSC advances,"Correction: Tracking nucleic acid nanocapsule assembly, cellular uptake and disassembly using a novel fluorescently labeled surfactant.",metadata_or_nonpropositional,metadata|multiple_numbers,35516765,,https://pubmed.ncbi.nlm.nih.gov/40370853/,https://pmc.ncbi.nlm.nih.gov/articles/PMC12076385/,,,,,
40341992,PMC12079634,2025,Oncology reports,[Corrigendum] Goserelin promotes the apoptosis of epithelial ovarian cancer cells by upregulating forkhead box O1 through the PI3K/AKT signaling pathway.,numeric_or_symbolic_candidate,location|visual|multiple_numbers,29286125,"Subsequently to the publication of the above paper, an interested reader drew to the authors' attention the fact that six consecutive β-actin bands looked similar, comparing across panels in Fig. 6A and B on p. 1040, even though different time points were represented in these experiments. ⟦NEXT⟧ After having re-examined their original data files, the authors realized that the β-actin bands shown in Fig. 6A were inadvertently assembled incorrectly. The revised version of Fig. 6 , now featuring the correct β-actin blots for Fig. 6A , is shown on the next page. Note that the corrections made to this figure do not affect the overall conclusions reported in the paper. The authors are grateful to the Editor of Oncology Reports for allowing them the opportunity to publish this further Corrigendum, and apologize to the readership for any inconvenience caused.",https://pubmed.ncbi.nlm.nih.gov/40341992/,https://pmc.ncbi.nlm.nih.gov/articles/PMC12079634/,,,,,
36119200,PMC9480785,2022,Journal of family medicine and primary care,Erratum: A review study of the providing elderly care services in different countries.,exact_replacement_candidate,exact_language|location|multiple_numbers,35360821,"In the article titled “A review study of the providing elderly care services in different countries”, published on pages 458-65., Issue 2, Volume 11 of Journal of Family Medicine and Primary Care,[ 1 ] the list of authors and affiliations is incorrectly written as “ Mohammad Asadzadeh 1 , Ali Maher 2 , Mehrnoosh Jafari 3 , Khalil A. Mohammadzadeh 4 , Seyed Mojtaba Hosseini 5 “ “ 1 Ph.D Student, Department of Health Services Management, Faculty of Management, North Tehran Branch, Islamic Azad University, 2 Department of Health Policy, Economics and Management, Shahid Beheshti University of Medical Sciences, Tehran, 3 Department of Health Services Management, School of Management, North Tehran Branch, Islamic Azad University, Tehran, 4 Department of Health Services Management, North Tehran Branch, Health Economics Policy Research Center, Tehran Medical Sciences Islamic Azad University, Tehran, 5 Department of Health Services Management, North Tehran Branch, Islamic Azad University, Tehran, Iran”. The correct list of authors and their affiliations should read as “Mohammad Asadzadeh 1 , Ali Maher 2 , Mehrnoosh Jafari 3 , Khalil Alimohammadzadeh 4 , Seyed Mojtaba Hosseini 5 ” “ 1 Ph.D Student, Department of Health Services Management, Faculty of Management, North Tehran Branch, Islamic Azad University, 2 Department of Health Policy, Economics and Management, Shahid Beheshti University of Medical Sciences, Tehran, 3 Department of Health Services Management, School of Management, North Tehran Branch, Islamic Azad University, Tehran, 4 Department of Health Services Management, North Tehran Branch, Health Economics Policy Research Center, Tehran Medical Sciences Islamic Azad University, Tehran, 5 Department of Health Services Management, North Tehran Branch, Islamic Azad University, Tehran, Iran”. ⟦NEXT⟧ The “How to cite this article” section should read correctly as “Asadzadeh M, Maher A, Jafari M, Alimohammadzadeh Kh, Hosseini SM. A review study of the providing elderly care services in different countries. J Family Med Prim Care 2022;11:458-65”.",https://pubmed.ncbi.nlm.nih.gov/36119200/,https://pmc.ncbi.nlm.nih.gov/articles/PMC9480785/,,,,,
31886032,PMC6920038,2019,Journal of periodontal & implant science,Erratum: Text in Figure 1A. Factors affecting treatment outcomes in patients with oral lichen planus lesions: a retrospective study of 113 cases.,numeric_or_symbolic_candidate,location|visual|metadata|multiple_numbers,30202605,"https://doi.org/10.5051/jpis.2018.48.4.213 ⟦NEXT⟧ In the original publication of this article, there was a typo error in Figure 1A. The revised Figure 1A is shown below.",https://pubmed.ncbi.nlm.nih.gov/31886032/,https://pmc.ncbi.nlm.nih.gov/articles/PMC6920038/,,,,,
26415948,PMC4587801,2015,BMC musculoskeletal disorders,Erratum to: Early postoperative mortality after simultaneous or staged bilateral primary total hip arthroplasty: an observational register study from the Swedish Hip Arthroplasty Register.,numeric_or_symbolic_candidate,location|multiple_numbers,25887667,"Erratum: ⟦NEXT⟧ The original version of this article unfortunately contained a mistake in the section entitled “Revision surgery”. The corrected text is given below: ⟦NEXT⟧ Corrected text: ⟦NEXT⟧ (Page 5: Results - Revision surgery) || Erratum: ⟦NEXT⟧ The original version of this article unfortunately contained a mistake in the section entitled “Revision surgery”. The corrected text is given below: ⟦NEXT⟧ Corrected text: || The original version of this article unfortunately contained a mistake in the section entitled “Revision surgery”. The corrected text is given below: ⟦NEXT⟧ Corrected text: ⟦NEXT⟧ (Page 5: Results - Revision surgery) ⟦NEXT⟧ Revision surgery of either hip after the second THA surgery was slightly more common in simultaneously operated patients compared to the patients operated with a staged procedure (Simultaneous surgeries 240 [7.1 %], surgeries within6 months n 495 [5.1 %], surgeries between 7 and 12 months n 828 [5.3 %] and second surgery after >12 months n 3,573 [6.4 %]).",https://pubmed.ncbi.nlm.nih.gov/26415948/,https://pmc.ncbi.nlm.nih.gov/articles/PMC4587801/,,,,,
25588880,PMC4460467,2015,Proceedings of the National Academy of Sciences of the United States of America,"Correction for Lewis et al., Angelman syndrome imprinting center encodes a transcriptional promoter.",unusable_or_ambiguous,,25378697,,https://pubmed.ncbi.nlm.nih.gov/25588880/,https://pmc.ncbi.nlm.nih.gov/articles/PMC4460467/,,,,,
28202481,PMC5753720,2017,BMJ case reports,Correction: Delayed diagnosis of a cerebrovascular accident associated with anabolic steroid use.,unusable_or_ambiguous,,22693186,,https://pubmed.ncbi.nlm.nih.gov/28202481/,https://pmc.ncbi.nlm.nih.gov/articles/PMC5753720/,,,,,
42033438,PMC13118809,2026,Ophthalmology. Retina,Corrigendum.,exact_replacement_candidate,exact_language|multiple_numbers,40209933,"The authors of “Phenotypic Spectrum of Benign Lobular Inner Nuclear Layer Proliferations” (Ophthalmology. 2025; 10: 1017-1022) would like to make the following correction to their article. Two authors were omitted from the byline. It should read as follows (changes in bold ): ⟦NEXT⟧ Michael Javaheri, MD, Christian J. Sanfilippo, MD, Sundeep K. Kasi, MD, Rachel Chen, MD, Jose M. Ruiz-Moreno, MD, Carol L. Shields, MD, David A. Saperstein, MD, Amy Yuan, MD, Brandon J. Lujan, MD, Heinrich Heimann, MD, Rutika Dodeja, MBBS, DO, Chris Bergstrom, MD, OD, Özge Yanık, MD, MSc, Mickael Barbosa, MD, Aude Ambresin, MD , Jesse L. Berry, MD, Aaron Nagiel, MD, PhD",https://pubmed.ncbi.nlm.nih.gov/42033438/,https://pmc.ncbi.nlm.nih.gov/articles/PMC13118809/,,,,,
41815251,PMC12974400,2026,Frontiers in psychology,Correction: Computer-based testing in higher education: a phenomenology investigation into undergraduate students' perspectives through the technology acceptance model.,metadata_or_nonpropositional,metadata|multiple_numbers,41658384,,https://pubmed.ncbi.nlm.nih.gov/41815251/,https://pmc.ncbi.nlm.nih.gov/articles/PMC12974400/,,,,,
29334479,PMC5769779,2018,JMIR mHealth and uHealth,Correction: Mobile App-Based Interventions to Support Diabetes Self-Management: A Systematic Review of Randomized Controlled Trials to Identify Functions Associated with Glycemic Efficacy.,exact_replacement_candidate,exact_language|location|visual|multiple_numbers,28292740,"In “Mobile App-Based Interventions to Support Diabetes Self-Management: A Systematic Review of Randomized Controlled Trials to Identify Functions Associated with Glycemic Efficacy” (JMIR Mhealth Uhealth 2017;5(3):e35), there was an error in Table 2. The “Mean (SD) HbA 1c , %: baseline; end; change” for “Rossi 2013” should read “I: 8.4 (NR); 7.9 (NR); –0.5 (NR); C: 8.5 (NR); 8.1 (NR); –0.5 (NR)” instead of “I: 8.4 (0.1); 7.9 (0.1); –0.5 (0.1); C: 8.5 (0.1); 8.1 (0.1); –0.5 (0.1)”. ⟦NEXT⟧ As a result, data were slightly changed as follows: ⟦NEXT⟧ In the Results subsection of the Abstract, the data were changed in 4 places: || Figure 5. ⟦NEXT⟧ In the Effects of Modules, Risks, and Technologies of App-Based Interventions on HbA 1c subsection of the Results, data were corrected in the following 5 places: ⟦NEXT⟧ “We noted a greater HbA 1c reduction when interventions included a complication prevention module (with complication prevention: MD 1.31%, 95% CI 0.66%-1.96%, I 2 =0%, P =.84 vs without: MD 0.38%, 95% CI 0.09%-0.68%, I 2 =76%, P <.001; test for subgroup difference P =.01)”; ⟦NEXT⟧ “Having a structured display was also associated with a larger HbA 1c reduction (with structured display: MD 0.69%, 95% CI 0.32%-1.06%, I 2 =63%, P =.008 vs without: MD 0.17%, 95% CI –0.18% to 0.53%, I 2 =75%, P =.007; test for subgroup difference P =.05)”; || Figure 6. ⟦NEXT⟧ In the Principal Findings subsection of the Discussion, the data were corrected in 4 places: ⟦NEXT⟧ 1) “The meta-analysis of 12 RCTs demonstrated that app-based interventions were associated with a statistically and clinically significant HbA 1c reduction of 0.48% (95% CI 0.19%-0.78%)”; ⟦NEXT⟧ 2) “We noted larger HbA 1c reductions for patients with T2DM (MD 0.67%, 95% CI 0.30%-1.03%) than those with T1DM (MD 0.37%, 95% CI –0.12%-0.86%)”; || 3) “The exploratory subgroup analyses showed that having a clinical decision-making function in app-based interventions was not associated with a greater HbA 1c reduction (with clinical decision making: MD 0.19%, 95% CI –0.24%-0.63% vs without: MD 0.61%, 95% CI 0.27%-0.95%; intersubgroup P =.14)”. ⟦NEXT⟧ The corrected article will appear in the online version of the paper on the JMIR website on January 15, 2018, together with the publication of this correction notice. Because this was made after submission to PubMed or Pubmed Central and other full-text repositories, the corrected article also has been re-submitted to those repositories. ⟦NEXT⟧ Please see the corrected data and figures here. ⟦NEXT⟧ Effects of app-based mobile health interventions on hemoglobin A 1c (HbA 1c ). MD: mean difference. || The corrected article will appear in the online version of the paper on the JMIR website on January 15, 2018, together with the publication of this correction notice. Because this was made after submission to PubMed or Pubmed Central and other full-text repositories, the corrected article also has been re-submitted to those repositories. ⟦NEXT⟧ Please see the corrected data and figures here. ⟦NEXT⟧ Effects of app-based mobile health interventions on hemoglobin A 1c (HbA 1c ). MD: mean difference. ⟦NEXT⟧ Effects of app-based mobile health interventions on hemoglobin A 1c (HbA 1c ) for patients with type 1 diabetes (T1DM) and type 2 diabetes (T2DM). MD: mean difference.",https://pubmed.ncbi.nlm.nih.gov/29334479/,https://pmc.ncbi.nlm.nih.gov/articles/PMC5769779/,,,,,
42583668,PMC13461212,2026,Rheumatology advances in practice,Correction to: Development of a clinical tool to identify patients with early inflammatory arthritis at high risk of employment loss: analysis from the National Early Inflammatory Arthritis Audit.,numeric_or_symbolic_candidate,location|metadata|multiple_numbers,41536913,"This is a correction to: Ed Alveyn, Katie Bechman, Maryam Adas, Paul Amlani-Hatcher, Mrinalini Dey, Sarah Gallagher, Mark Gibson, Bethan Jones, Daksh Mehta, Sam Norton, Elizabeth Price, Mark Russell, Karen Walker-Bone, Elizabeth MacPhie, James Galloway, Development of a clinical tool to identify patients with early inflammatory arthritis at high risk of employment loss: analysis from the National Early Inflammatory Arthritis Audit, Rheumatology Advances in Practice , Volume 10, Issue 1, 2026, rkaf149, https://doi.org/10.1093/rap/rkaf149 ⟦NEXT⟧ In the originally published version of this manuscript, there was an error in the fifth co-author’s name. This has been corrected in the author list and ‘Author Contributions’ section to read “Mrinalini Dey”.",https://pubmed.ncbi.nlm.nih.gov/42583668/,https://pmc.ncbi.nlm.nih.gov/articles/PMC13461212/,,,,,
33163171,PMC7609706,2020,Clinical liver disease,Erratum.,unusable_or_ambiguous,,31508218,,https://pubmed.ncbi.nlm.nih.gov/33163171/,https://pmc.ncbi.nlm.nih.gov/articles/PMC7609706/,,,,,
31305483,PMC6641783,2019,Medicine,Psychological affection in rheumatoid arthritis patients in relation to disease activity: Erratum.,numeric_or_symbolic_candidate,multiple_numbers,31083165,"In the article, “Psychological affection in rheumatoid arthritis patients in relation to disease activity”, [ 1 ] which appears in Volume 98, Issue 19 of Medicine , Dr. Ahmed Mohmed Kamal's name appeared incorrectly as Ahmed Mustafa Kamal.",https://pubmed.ncbi.nlm.nih.gov/31305483/,https://pmc.ncbi.nlm.nih.gov/articles/PMC6641783/,,,,,
41169542,PMC12569651,2025,JACS Au,"Correction to ""Microfluidics-Based Ionic Catch and Release Oligosaccharide Synthesis (ICROS-Microflow) to Expedite Glycosylation Chemistry"".",metadata_or_nonpropositional,location|metadata|multiple_numbers,39610727,We apologize that in the acknowledgments section of the original submission the EPSRC grant code EP/T020288/1 was listed incorrectly. Please find below the corrected list.,https://pubmed.ncbi.nlm.nih.gov/41169542/,https://pmc.ncbi.nlm.nih.gov/articles/PMC12569651/,,,,,
40093471,PMC11909364,2025,Indian journal of otolaryngology and head and neck surgery : official publication of the Association of Otolaryngologists of India,Correction to: Comparing Nasal Splints and Quilting Sutures in Septoplasty: A Systematic Review and Meta-analysis.,unusable_or_ambiguous,,40070738,,https://pubmed.ncbi.nlm.nih.gov/40093471/,https://pmc.ncbi.nlm.nih.gov/articles/PMC11909364/,,,,,
33157016,PMC7732162,2020,Molecular cell,The Molecular Link from Diet to Cancer Cell Metabolism.,numeric_or_symbolic_candidate,location|visual|multiple_numbers,32504556,"In the originally published version of this article, Figure 1 and Figure 2 were mistakenly shown in each other’s position. The titles, legends, and in-text citations are correct; however, an error in typesetting resulted in the figures’ transposition. The authors apologize for any confusion. This error has been corrected online.",https://pubmed.ncbi.nlm.nih.gov/33157016/,https://pmc.ncbi.nlm.nih.gov/articles/PMC7732162/,,,,,
30643118,PMC6331546,2019,Nature communications,Author Correction: Characterization of Nigerian breast cancer reveals prevalent homologous recombination deficiency and aggressive molecular features.,metadata_or_nonpropositional,metadata|multiple_numbers,30327465,"Correction to: Nature Communications 10.1038/s41467-018-06616-0, published online: 16 Oct 2018 ⟦NEXT⟧ The original version of this Article contained an error in the author affiliations. ⟦NEXT⟧ The affiliation of Kevin P. White with Tempus Labs, Inc. Chicago, IL, USA, was inadvertently omitted. || The affiliation of Kevin P. White with Tempus Labs, Inc. Chicago, IL, USA, was inadvertently omitted. ⟦NEXT⟧ This has now been corrected in both the PDF and HTML versions of the Article. || Correction to: Nature Communications 10.1038/s41467-018-06616-0, published online: 16 Oct 2018 ⟦NEXT⟧ The original version of this Article contained an error in the author affiliations. ⟦NEXT⟧ The affiliation of Kevin P. White with Tempus Labs, Inc. Chicago, IL, USA, was inadvertently omitted. ⟦NEXT⟧ This has now been corrected in both the PDF and HTML versions of the Article.",https://pubmed.ncbi.nlm.nih.gov/30643118/,https://pmc.ncbi.nlm.nih.gov/articles/PMC6331546/,,,,,
30113156,PMC6061758,2018,Turkish journal of orthodontics,Erratum.,unusable_or_ambiguous,,30112503,,https://pubmed.ncbi.nlm.nih.gov/30113156/,https://pmc.ncbi.nlm.nih.gov/articles/PMC6061758/,,,,,
33483629,PMC8095267,2021,Nature medicine,Author Correction: The effect of LRRK2 loss-of-function variants in humans.,unusable_or_ambiguous,,32461697,,https://pubmed.ncbi.nlm.nih.gov/33483629/,https://pmc.ncbi.nlm.nih.gov/articles/PMC8095267/,,,,,
40284792,PMC12029411,2025,Microorganisms,"Correction: Méroc et al. Systematic Literature Review of the Epidemiological Characteristics of Pneumococcal Disease Caused by the Additional Serotypes Covered by the 20-Valent Pneumococcal Conjugate Vaccine. Microorganisms 2023, 11 , 1816.",location_plus_new_candidate,location|visual,37512988,"In the original publication [ 1 ], there was a mistake in Table S5 (adults), which was a duplicate of Table S5 (children). The corrected Table S5 appears below. The authors state that the scientific conclusions are unaffected. This correction was approved by the Academic Editor. The original publication has also been updated.",https://pubmed.ncbi.nlm.nih.gov/40284792/,https://pmc.ncbi.nlm.nih.gov/articles/PMC12029411/,,,,,
41975824,PMC13073361,2026,"Diagnostics (Basel, Switzerland)","Correction: Al-bakri et al. A Hybrid Explainable AI Framework (HXAI) for Accurate and Interpretable Diagnosis of Alzheimer's Disease. Diagnostics 2025, 15 , 3118.",metadata_or_nonpropositional,metadata,41464118,"Removal of an Author ⟦NEXT⟧ The Alzheimer’s Disease Neuroimaging Initiative was included as an author in the original publication [ 1 ]. The corrected Author Contributions and Acknowledgements Sections appear here. The authors state that the scientific conclusions are unaffected. This correction was approved by the Academic Editors. The original publication has also been updated. ⟦NEXT⟧ Author Contributions ⟦NEXT⟧ Conceptualization, F.H.A.-b.; Methodology, F.H.A.-b. and W.M.Y.W.B.; Validation, W.M.Y.W.B., F.H.A.-b., R.R.R.I., and H.M.K.; Formal analysis, F.H.A.-b.; Investigation, F.H.A.-b., W.M.Y.W.B., M.S.M., N.M.Y., N.F.A.Y., M.H.F.M.F., A.S.M.J., N.A.M., N.Y., K.B., T.P.M., A.B., Z.Z., D.W., and U.K.A.; Writing—original draft preparation, F.H.A.-b.; Writing—review and editing, all authors; Visualization, F.H.A.-b.; Supervision, W.M.Y.W.B.; Guidance on ensemble learning and XAI, M.N.A.-A.; Medical validation and clinical review, H.M.K. All authors have read and agreed to the published version of the manuscript.",https://pubmed.ncbi.nlm.nih.gov/41975824/,https://pmc.ncbi.nlm.nih.gov/articles/PMC13073361/,,,,,
38116393,PMC10728814,2023,Frontiers in reproductive health,"Corrigendum: How might we motivate uptake of the Dual Prevention Pill? Findings from human-centered design research with potential end users, male partners, and healthcare providers.",metadata_or_nonpropositional,location|metadata,38023531,"“The authors are grateful for the generous support from the Children's Investment Fund Foundation (CIFF) for this research. The contents of this paper are the sole responsibility of the authors and do not necessarily reflect the views of CIFF. The authors would like to thank colleagues at AVAC and M&C Saatchi World Services for their guidance on the research and review of the manuscript, and members of the DPP Advisory Board and DPP Civil Society Advisory Group for providing feedback on the research at multiple stages throughout the process. Finally, the research would not have been possible without the critical contributions of field research teams and research participants in Kenya, South Africa, and Zimbabwe.” ⟦NEXT⟧ The corrected section appears below: ⟦NEXT⟧ “The authors are grateful for the generous support from the Children's Investment Fund Foundation (CIFF) for this research. The contents of this paper are the sole responsibility of the authors and do not necessarily reflect the views of CIFF. The authors would like to thank colleagues at AVAC and M&C Saatchi World Services for their guidance on the research and review of the manuscript. Humanly supported the design of HCD research tools, trained field research teams, analyzed outputs of the HCD research, and helped develop the user journeys and personas. Members of the DPP Advisory Board and DPP Civil Society Advisory Group provided feedback on the research at multiple stages throughout the process. Finally, the research would not have been possible without the critical contributions of field research teams and research participants in Kenya, South Africa, and Zimbabwe.” ⟦NEXT⟧ The authors apologize for this error and affirm that this does not change the scientific conclusions of the article in any way. The original article has been updated. || Text correction ⟦NEXT⟧ In the published article, one of our contributors was omitted from the Acknowledgements section of the article. A correction has been made to Acknowledgements . This section previously stated: ⟦NEXT⟧ “The authors are grateful for the generous support from the Children's Investment Fund Foundation (CIFF) for this research. The contents of this paper are the sole responsibility of the authors and do not necessarily reflect the views of CIFF. The authors would like to thank colleagues at AVAC and M&C Saatchi World Services for their guidance on the research and review of the manuscript, and members of the DPP Advisory Board and DPP Civil Society Advisory Group for providing feedback on the research at multiple stages throughout the process. Finally, the research would not have been possible without the critical contributions of field research teams and research participants in Kenya, South Africa, and Zimbabwe.” || Text correction ⟦NEXT⟧ In the published article, one of our contributors was omitted from the Acknowledgements section of the article. A correction has been made to Acknowledgements . This section previously stated: ⟦NEXT⟧ “The authors are grateful for the generous support from the Children's Investment Fund Foundation (CIFF) for this research. The contents of this paper are the sole responsibility of the authors and do not necessarily reflect the views of CIFF. The authors would like to thank colleagues at AVAC and M&C Saatchi World Services for their guidance on the research and review of the manuscript, and members of the DPP Advisory Board and DPP Civil Society Advisory Group for providing feedback on the research at multiple stages throughout the process. Finally, the research would not have been possible without the critical contributions of field research teams and research participants in Kenya, South Africa, and Zimbabwe.” ⟦NEXT⟧ The corrected section appears below: || “The authors are grateful for the generous support from the Children's Investment Fund Foundation (CIFF) for this research. The contents of this paper are the sole responsibility of the authors and do not necessarily reflect the views of CIFF. The authors would like to thank colleagues at AVAC and M&C Saatchi World Services for their guidance on the research and review of the manuscript. Humanly supported the design of HCD research tools, trained field research teams, analyzed outputs of the HCD research, and helped develop the user journeys and personas. Members of the DPP Advisory Board and DPP Civil Society Advisory Group provided feedback on the research at multiple stages throughout the process. Finally, the research would not have been possible without the critical contributions of field research teams and research participants in Kenya, South Africa, and Zimbabwe.” ⟦NEXT⟧ The authors apologize for this error and affirm that this does not change the scientific conclusions of the article in any way. The original article has been updated.",https://pubmed.ncbi.nlm.nih.gov/38116393/,https://pmc.ncbi.nlm.nih.gov/articles/PMC10728814/,,,,,
33796206,PMC7969379,2021,The Pan African medical journal,"Corrigendum: Laina Ndapewa Angula et al . External auditory canal haemorrhage as the first sign of internal carotid artery pseudoaneurysm, a rare case: a case report doi: 10.11604/pamj.2020.37.163.21968.",metadata_or_nonpropositional,metadata,33425196,"Corrigendum ⟦NEXT⟧ The original version of this article [ 1 ] had authors' affiliations reversed in the article citation on PubMed. The affiliations of the following authors including the corresponding author: Laina Ndapewa Angula, Ning Fang and Xin Wang have been corrected by inverting author's affiliations as follows; “Peking Union Medical College Hospital, Beijing, China” to “Department of Otolaryngology, First Hospital of Jilin University, Changchun, China”.",https://pubmed.ncbi.nlm.nih.gov/33796206/,https://pmc.ncbi.nlm.nih.gov/articles/PMC7969379/,,,,,
40056227,PMC11890354,2025,Archives of dermatological research,Correction: Combination treatment of extracorporeal photopheresis and belumosudil for chronic graft-versus-host disease.,numeric_or_symbolic_candidate,location|visual|metadata|multiple_numbers,39833520,"Correction to: Archives of Dermatological Research (2025) 317:298 10.1007/s00403-024-03770-y ⟦NEXT⟧ In the sentence beginning ‘While belumosudil therapy alone has demonstrated a 59–62% symptom…’ in this article, the text ‘is reported as having 38% over-all response [5]’ should have read ‘has been reported with overall response rates as high as 80% [5]’. The corrected sentence should have read as follows. ⟦NEXT⟧ While belumosudil therapy alone has demonstrated a 59–62% symptom reduction in patients in another study [3] and ECP alone has been reported with overall response rates as high as 80% [5], we suggest that the clinical responses in patients receiving combination therapy (Fig. 1) is particularly noteworthy for improvement in subcutaneous/fascial involvement. ⟦NEXT⟧ Reference 5 was incorrect as 'Jagasia M et al (2013) Extracorporeal photopheresis versus anti­cytokine therapy as a second-line treatment for steroid-refractory acute GVHD: a multicenter comparative analysis. Biol Blood Marrow Transpl 19(7):1129–1133' but should have been ‘Greinix HT et al. (1998) Successful use of extracorporeal photochemotherapy in the treatment of severe acute and chronic graft-versus-host disease. Blood 92(9):3098–3104’. || Correction to: Archives of Dermatological Research (2025) 317:298 10.1007/s00403-024-03770-y ⟦NEXT⟧ In the sentence beginning ‘While belumosudil therapy alone has demonstrated a 59–62% symptom…’ in this article, the text ‘is reported as having 38% over-all response [5]’ should have read ‘has been reported with overall response rates as high as 80% [5]’. The corrected sentence should have read as follows. ⟦NEXT⟧ While belumosudil therapy alone has demonstrated a 59–62% symptom reduction in patients in another study [3] and ECP alone has been reported with overall response rates as high as 80% [5], we suggest that the clinical responses in patients receiving combination therapy (Fig. 1) is particularly noteworthy for improvement in subcutaneous/fascial involvement. || While belumosudil therapy alone has demonstrated a 59–62% symptom reduction in patients in another study [3] and ECP alone has been reported with overall response rates as high as 80% [5], we suggest that the clinical responses in patients receiving combination therapy (Fig. 1) is particularly noteworthy for improvement in subcutaneous/fascial involvement. ⟦NEXT⟧ Reference 5 was incorrect as 'Jagasia M et al (2013) Extracorporeal photopheresis versus anti­cytokine therapy as a second-line treatment for steroid-refractory acute GVHD: a multicenter comparative analysis. Biol Blood Marrow Transpl 19(7):1129–1133' but should have been ‘Greinix HT et al. (1998) Successful use of extracorporeal photochemotherapy in the treatment of severe acute and chronic graft-versus-host disease. Blood 92(9):3098–3104’. ⟦NEXT⟧ The original article has been corrected. || Reference 5 was incorrect as 'Jagasia M et al (2013) Extracorporeal photopheresis versus anti­cytokine therapy as a second-line treatment for steroid-refractory acute GVHD: a multicenter comparative analysis. Biol Blood Marrow Transpl 19(7):1129–1133' but should have been ‘Greinix HT et al. (1998) Successful use of extracorporeal photochemotherapy in the treatment of severe acute and chronic graft-versus-host disease. Blood 92(9):3098–3104’. ⟦NEXT⟧ The original article has been corrected.",https://pubmed.ncbi.nlm.nih.gov/40056227/,https://pmc.ncbi.nlm.nih.gov/articles/PMC11890354/,,,,,
40387184,PMC12086795,2025,Journal of veterinary internal medicine,"Correction to ""Multimodal Treatment of a Peripheral Primitive Neuroectodermal Tumor Originating From the Thoracic Cavity in a Dog"".",metadata_or_nonpropositional,metadata|multiple_numbers,40095239,"L. H. Ackerman, M. Toonder, S. Bosch, V. B. Semenova, T. P. Spicer, O. Alas, L. S. Thorsen, A. G. Menoyo, V. B. Stevenson, J. R. Gutti, P. V. Saavedra, R. Nance, B. Sahay, G. P. Hery, A. M. Chan, M. E. Salute, N. Bensilmane, V. F. Vega, and R. J. Milner, “Multimodal Treatment of a Peripheral Primitive Neuroectodermal Tumor Originating From the Thoracic Cavity in a Dog,” Journal of Veterinary Internal Medicine 39, no. 2 (2025): e70050. https://doi.org/10.1111/jvim.70050 . ⟦NEXT⟧ In the above mentioned article, the name Bakash Sahay has been corrected to Bikash Sahay, and Nesrine Bensilmane has been corrected to Nesrine Benslimane. ⟦NEXT⟧ We apologize for this error. || In the above mentioned article, the name Bakash Sahay has been corrected to Bikash Sahay, and Nesrine Bensilmane has been corrected to Nesrine Benslimane. ⟦NEXT⟧ We apologize for this error.",https://pubmed.ncbi.nlm.nih.gov/40387184/,https://pmc.ncbi.nlm.nih.gov/articles/PMC12086795/,,,,,
33927730,PMC8076902,2021,Frontiers in immunology,Corrigendum: Galectin-9: A Suppressor of Atherosclerosis?,metadata_or_nonpropositional,metadata,33250901,"In the original article, an author name was incorrectly spelled as Kuwu Yu. The correct spelling is Kunwu Yu. ⟦NEXT⟧ The authors apologize for this error and state that this does not change the scientific conclusions of the article in any way. The original article has been updated.",https://pubmed.ncbi.nlm.nih.gov/33927730/,https://pmc.ncbi.nlm.nih.gov/articles/PMC8076902/,,,,,
33628040,PMC7898052,2021,"Diabetes, metabolic syndrome and obesity : targets and therapy","Erratum: Health-Related Quality of Life and Associated Factors Among Type Two Diabetic Patients on Follow-Up in Dessie Comprehensive Specialized Hospital, Dessie, North East Ethiopia, 2020 [Corrigendum].",metadata_or_nonpropositional,exact_language|location|metadata|multiple_numbers,33244250,"Girma M, Wodajo S, Ademe S, Edmealem A, W/silasie M, Mesafint G. Diabetes Metab Syndr Obes . 2020;13:4529–4541. ⟦NEXT⟧ The authors have advised there are errors in the author list on page 4529. The author name “Mulugeta W/silasie” should read “Mulugeta W/Selassie Gebre” and the 4 th affiliation should read “Pediatrics and Child Health Nursing, Wollo University, Dessie, Amhara, Ethiopia”. ⟦NEXT⟧ The authors apologize for these errors.",https://pubmed.ncbi.nlm.nih.gov/33628040/,https://pmc.ncbi.nlm.nih.gov/articles/PMC7898052/,,,,,
27315489,PMC4935451,2016,International journal of molecular medicine,[Corrigendum] Chromatin immunoprecipitation-sequencing predicts p300 binding sites in the MCF7 human breast cancer cell line.,metadata_or_nonpropositional,exact_language|metadata|multiple_numbers,25625638,"Int J Mol Med 35: 973–978 , 2015; DOI: 10.3892/ijmm.2015.2081 ⟦NEXT⟧ After the publication of the article, the authors noted that the name of the first author had been spelt incorrectly. The name of the first author should be correctly written as XIUMEI WANG and not as XIEMEI WANG. This had occurred due to a typing error on behalf of the authors upon submission.",https://pubmed.ncbi.nlm.nih.gov/27315489/,https://pmc.ncbi.nlm.nih.gov/articles/PMC4935451/,,,,,
28337146,PMC5360727,2017,Frontiers in pharmacology,Corrigendum: Pharmacological Characterization of the Native Store-Operated Calcium Channels of Cortical Neurons from Embryonic Mouse Brain.,metadata_or_nonpropositional,metadata|multiple_numbers,28018223,"Missing Funding ⟦NEXT⟧ In the original article, we neglected to include the funder Austrian Science Fund FWF , Grant Number W1226 to Niroj Shrestha . The authors apologize for this error and state that this does not change the scientific conclusions of the article in any way. ⟦NEXT⟧ Funding ⟦NEXT⟧ This work was financially supported by the Centre National de la Recherche Scientifique (France) and the Austrian Science Fund FWF (Grant Number W1226 to NS).",https://pubmed.ncbi.nlm.nih.gov/28337146/,https://pmc.ncbi.nlm.nih.gov/articles/PMC5360727/,,,,,
29145388,PMC5689833,2017,PLoS computational biology,Correction: A Unifying Probabilistic View of Associative Learning.,exact_replacement_candidate,exact_language|location|multiple_numbers,26535896,"There is an error in equation 15, the “discounted time derivative” h t is defined incorrectly. It should read as follows: ⟦NEXT⟧ “Operationally, the only change from the Kalman filter model described above is to replace the stimulus features x t with their discounted time derivative, h t = x t - γx t+1 . To see why this makes sense, note that the immediate reward can be expressed in terms of the difference between two values: r t = V ( x t ) − γ V ( x t + 1 ) = w t x t − γ w t x t + 1 = w t ( x t − γ x t + 1 ) . (1) ⟦NEXT⟧ This error does not affect the simulations, which were implemented with the correct definition. || “Operationally, the only change from the Kalman filter model described above is to replace the stimulus features x t with their discounted time derivative, h t = x t - γx t+1 . To see why this makes sense, note that the immediate reward can be expressed in terms of the difference between two values: r t = V ( x t ) − γ V ( x t + 1 ) = w t x t − γ w t x t + 1 = w t ( x t − γ x t + 1 ) . (1) ⟦NEXT⟧ This error does not affect the simulations, which were implemented with the correct definition.",https://pubmed.ncbi.nlm.nih.gov/29145388/,https://pmc.ncbi.nlm.nih.gov/articles/PMC5689833/,,,,,
30032595,PMC6056703,2018,Psychiatry investigation,"Posttraumatic Stress Disorder Symptoms and Posttraumatic Growth Following Indirect Trauma from the Sewol Ferry Disaster, 2014.",metadata_or_nonpropositional,exact_language|metadata|multiple_numbers,29940715,"https://doi.org/10.30773/pi.2017.12.03 ⟦NEXT⟧ In the original publication, reference number 20 was incorrect. It was printed as “Aldwin CM, Levenson MR, Spiro A 3rd. Vulnerability and resilience to combat exposure: can stress have lifelong effects? Psychol Aging 1994;9:34-44.” It should be revised as follows: “Aldwin CM. Stress, Coping, and Development: An Integrative Perspective. New York: Guilford Press; 1994.”",https://pubmed.ncbi.nlm.nih.gov/30032595/,https://pmc.ncbi.nlm.nih.gov/articles/PMC6056703/,,,,,
42342777,PMC13294352,2026,Scientific reports,Correction: The impact of continuous intravenous administration of heparin on coagulation dysfunction and organ failure in patients with sepsis.,numeric_or_symbolic_candidate,location|visual|multiple_numbers,41193583,"Correction to: Scientific Reports 10.1038/s41598-025-22773-x, published online 05 November 2025 ⟦NEXT⟧ The original version of this Article contained errors in Table 2, 3 and 4 where the column headings “Heparin group” and “Control group,” were switched. The correct and incorrect column headings appear below. ⟦NEXT⟧ Incorrect: ⟦NEXT⟧ Correct: || Correction to: Scientific Reports 10.1038/s41598-025-22773-x, published online 05 November 2025 ⟦NEXT⟧ The original version of this Article contained errors in Table 2, 3 and 4 where the column headings “Heparin group” and “Control group,” were switched. The correct and incorrect column headings appear below. ⟦NEXT⟧ Incorrect: || The original version of this Article contained errors in Table 2, 3 and 4 where the column headings “Heparin group” and “Control group,” were switched. The correct and incorrect column headings appear below. ⟦NEXT⟧ Incorrect: ⟦NEXT⟧ Correct: ⟦NEXT⟧ The original Article has been corrected. || Correct: ⟦NEXT⟧ The original Article has been corrected.",https://pubmed.ncbi.nlm.nih.gov/42342777/,https://pmc.ncbi.nlm.nih.gov/articles/PMC13294352/,,,,,
30951645,PMC6827934,2019,Journal of clinical oncology : official journal of the American Society of Clinical Oncology,Errata.,unusable_or_ambiguous,,30376427,,https://pubmed.ncbi.nlm.nih.gov/30951645/,https://pmc.ncbi.nlm.nih.gov/articles/PMC6827934/,,,,,
31641215,PMC7608295,2019,International journal of obesity (2005),Correction to: Bone morphogenetic protein 2 is a depot-specific regulator of human adipogenesis.,metadata_or_nonpropositional,location|metadata|multiple_numbers,31324879,"Correction to: International Journal of Obesity ⟦NEXT⟧ 10.1038/s41366-019-0421-1; Published online 19 July 2019 ⟦NEXT⟧ We erroneously published the original Article with an incorrect Copyright line. This has been updated in the XML, PDF and HTML versions of this Article. || 10.1038/s41366-019-0421-1; Published online 19 July 2019 ⟦NEXT⟧ We erroneously published the original Article with an incorrect Copyright line. This has been updated in the XML, PDF and HTML versions of this Article.",https://pubmed.ncbi.nlm.nih.gov/31641215/,https://pmc.ncbi.nlm.nih.gov/articles/PMC7608295/,,,,,
32618151,PMC7335651,2020,Infection & chemotherapy,Erratum: Special Articles for Korean History of Infectious Diseases.,metadata_or_nonpropositional,metadata|multiple_numbers,31271001|31271002|31583866|31583867|31668027|31782276|31898428|32239813|32239814,"We found error in our published articles. ⟦NEXT⟧ The 9 articles published between 2019 Jun;51(2) to 2020 Mar;52(1), below are the secondary publications of ‘Korean Society of Infectious Disease (KSID). History of Infectious Disases II. Seoul: Koonja; 2018. (ISBN 979-11-5955-379-0)’, but these are not specified. ⟦NEXT⟧ - Chung MH, Kang JS. History of Tsutsugamushi Disease in Korea. 2019 Jun;51(2):196-209. https://doi.org/10.3947/ic.2019.51.2.196",https://pubmed.ncbi.nlm.nih.gov/32618151/,https://pmc.ncbi.nlm.nih.gov/articles/PMC7335651/,,,,,
39397779,PMC11559755,2026,"Interventional neuroradiology : journal of peritherapeutic neuroradiology, surgical procedures and related neurosciences","Corrigendum to ""Occipital venous sinus stenting for idiopathic intracranial hypertension and pulsatile tinnitus: A case series"".",unusable_or_ambiguous,,38715430,,https://pubmed.ncbi.nlm.nih.gov/39397779/,https://pmc.ncbi.nlm.nih.gov/articles/PMC11559755/,,,,,
26865950,PMC4748623,2016,Israel journal of health policy research,Erratum to: The burden of smoking in Israel-attributable mortality and costs (2014).,exact_replacement_candidate,exact_language|multiple_numbers,25258677,"After publication of this study [ 1 ], the authors noticed an error in the Conclusions. It should be 3600 million NIS instead of 3.6 million NIS. Please see the correct Conclusions below: ⟦NEXT⟧ Conclusions ⟦NEXT⟧ Smoking causes a considerable burden in Israel, both in terms of the expected 7847 lives lost and the financial costs of around 3600 million NIS ($1030 million or 0.42 % of GNP).",https://pubmed.ncbi.nlm.nih.gov/26865950/,https://pmc.ncbi.nlm.nih.gov/articles/PMC4748623/,,,,,
35069878,PMC8756400,2022,Oncology letters,Erratum: LASS2 inhibits growth and invasion of bladder cancer by regulating ATPase activity.,numeric_or_symbolic_candidate,location|visual|metadata|multiple_numbers,28356943,"Oncol Lett 13: 661-668 , 2017; DOI: 10.3892/ol.2016.5514 ⟦NEXT⟧ Subsequently to the publication of the above article, an interested reader drew to the authors’ attention that the Matrigel invasion assays in Fig. 2C on p. 664 appeared to contain an error: Essentially, the T24 cell data were mistakenly selected twice for the si-LASS2 group, and also used to represent the RT4 experiment. However, the authors have consulted their original data, and have identified the correct data panel for the RT4 / si-LASS2 experiment. ⟦NEXT⟧ The corrected version of Fig. 2 , showing the correct data for Fig. 2C , is shown on the next page. Note that the errors in this figure did not affect either the results or the conclusions reported in this study. The authors are grateful to the Editor of Oncology Letters for granting them the opportunity to publish this corrigendum, and regret any inconvenience caused to the readership of the Journal. || Subsequently to the publication of the above article, an interested reader drew to the authors’ attention that the Matrigel invasion assays in Fig. 2C on p. 664 appeared to contain an error: Essentially, the T24 cell data were mistakenly selected twice for the si-LASS2 group, and also used to represent the RT4 experiment. However, the authors have consulted their original data, and have identified the correct data panel for the RT4 / si-LASS2 experiment. ⟦NEXT⟧ The corrected version of Fig. 2 , showing the correct data for Fig. 2C , is shown on the next page. Note that the errors in this figure did not affect either the results or the conclusions reported in this study. The authors are grateful to the Editor of Oncology Letters for granting them the opportunity to publish this corrigendum, and regret any inconvenience caused to the readership of the Journal.",https://pubmed.ncbi.nlm.nih.gov/35069878/,https://pmc.ncbi.nlm.nih.gov/articles/PMC8756400/,,,,,
32081876,PMC7035370,2020,Scientific reports,Author Correction: Visual field loss and vision-related quality of life in the Italian Primary Open Angle Glaucoma Study.,numeric_or_symbolic_candidate,multiple_numbers,29330448,"Correction to: Scientific Reports 10.1038/s41598-017-19113-z, published online 12 January 2018 ⟦NEXT⟧ Paolo Frezzotti was omitted from the Italian Study Group on QoL in Glaucoma in the original version of this Article. This has been corrected in the PDF and HTML versions of the Article. ⟦NEXT⟧ The Italian Study Group on QoL in Glaucoma now reads as: || Correction to: Scientific Reports 10.1038/s41598-017-19113-z, published online 12 January 2018 ⟦NEXT⟧ Paolo Frezzotti was omitted from the Italian Study Group on QoL in Glaucoma in the original version of this Article. This has been corrected in the PDF and HTML versions of the Article. ⟦NEXT⟧ The Italian Study Group on QoL in Glaucoma now reads as: ⟦NEXT⟧ “L. Varano, T. Carchedi, S. Talarico, P. Frezzotti, F. Parravano, I. Motolese, S. A. Bagaglia, G. C. M. Rossi, S. Lateri, L. Bossolesi, L. Carmassi, T. Rolle, R. Piccini, R. Ratiglia, A. Rossi, S. Gandolfi, V. Tagliavini, N. Ungaro, M. Fossarello, A. Cucca, I. Zucca, M. Uva, E. Bonacci, G. Cardarella, D. Tognetto, O. Vattovani, P. Vallon, F. Iannacone, L. Fontana, S. Marchi, G. L. Manni, D. Jannetta, G. Roberti, L. Rossetti, E. Maggiolo, O. Oneta, C. Sborgia, F. Cantatore, L. Mastropasqua, L. Agnifili, E. Campos, C. Gizzi, G. Giannaccare, V. Pucci, M. Cassamali, C. Costagliola, C. Traverso, R. Scotto, M. Musolino, L. Landi & A. Bagnis”",https://pubmed.ncbi.nlm.nih.gov/32081876/,https://pmc.ncbi.nlm.nih.gov/articles/PMC7035370/,,,,,
38164456,PMC10758231,2023,"Journal of pharmacy & pharmaceutical sciences : a publication of the Canadian Society for Pharmaceutical Sciences, Societe canadienne des sciences pharmaceutiques",Corrigendum: Applications of exhaled breath condensate analysis for drug monitoring and bioequivalence study of inhaled drugs.,numeric_or_symbolic_candidate,location|visual|multiple_numbers,36608642,"In the original article, there was a mistake in Table 1 as published. The order of the titles of the 2nd and 3rd columns have been reversed. The corrected form is that the title of the 2nd column is read as “EBC Conc.”, and that of the 3rd column as “Plasma Conc.”. The corrected column titles are marked with red font in the following Table. ⟦NEXT⟧ An overview of drug concentrations in EBC and plasma samples, along with some details of the determination procedures. ⟦NEXT⟧ LR 1 : Linear range; LOD 2 : Limit of detection; NR 3 : Not reported; LC 4 : Liquid chromatography; MS 5 : Mass spectrometry; HPLC 6 : High-performance liquid chromatography; GC 7 : Gas chromatography; UHPLCHR 8 : Ultra-high-pressure liquid chromatography high-resolution mass spectrometry. || LR 1 : Linear range; LOD 2 : Limit of detection; NR 3 : Not reported; LC 4 : Liquid chromatography; MS 5 : Mass spectrometry; HPLC 6 : High-performance liquid chromatography; GC 7 : Gas chromatography; UHPLCHR 8 : Ultra-high-pressure liquid chromatography high-resolution mass spectrometry. ⟦NEXT⟧ The authors apologize for this error and state that this does not change the scientific conclusions of the article in any way.",https://pubmed.ncbi.nlm.nih.gov/38164456/,https://pmc.ncbi.nlm.nih.gov/articles/PMC10758231/,,,,,
35143581,PMC8830722,2022,PloS one,Correction: Balancing selection and high genetic diversity of Plasmodium vivax circumsporozoite central region in parasites from Brazilian Amazon and Rio de Janeiro Atlantic Forest.,metadata_or_nonpropositional,metadata,33166298,,https://pubmed.ncbi.nlm.nih.gov/35143581/,https://pmc.ncbi.nlm.nih.gov/articles/PMC8830722/,,,,,
32641682,PMC7343796,2020,Nature communications,Publisher Correction: Controllability governs the balance between Pavlovian and instrumental action selection.,exact_replacement_candidate,exact_language|location|visual|multiple_numbers,31862876,"Correction to: Nature Communications 10.1038/s41467-019-13737-7, published online 20 December 2019. ⟦NEXT⟧ The original version of this Article contained an error in the table in Figure 2b that was inadvertently introduced during production. The last row in the first column of the table should read “High Control Decoy” as opposed to “Low Control Decoy.” ⟦NEXT⟧ This error has been corrected in both the PDF and HTML versions of the Article. || The original version of this Article contained an error in the table in Figure 2b that was inadvertently introduced during production. The last row in the first column of the table should read “High Control Decoy” as opposed to “Low Control Decoy.” ⟦NEXT⟧ This error has been corrected in both the PDF and HTML versions of the Article.",https://pubmed.ncbi.nlm.nih.gov/32641682/,https://pmc.ncbi.nlm.nih.gov/articles/PMC7343796/,,,,,
39439529,PMC11493683,2024,Frontiers in molecular biosciences,Corrigendum: Comprehensive analysis of the prognostic and immunological role of PAFAH1B in pan-cancer.,numeric_or_symbolic_candidate,location|visual|multiple_numbers,35187070,"In the published article, there was an error in Figure 12 as published. The representative pictures of transwell, SMCC-7721 cells in Figure 12G were presented incorrectly. The corrected Figure 12 and its caption appear below. ⟦NEXT⟧ Knockdown of PAFAH1B3 inhibits LIHC progression. (A) The expression PAFAH1B3 in LIHC cells lines was examined by qRT-PCR assay. (B) Establishment of PAFAH1B3 knockdown cell lines in SMC-7721 and Hu7 verified by qRT-PCR assay. (C) Knockdown of PAFAH1B3 dramatically inhibits SMC-7721 and Hu7 cells proliferation examined by growth curve assay. (D, E) Knockdown of PAFAH1B3 dramatically inhibits SMC-7721 and Hu7 cells colony formation ability. (F, G) Knockdown of PAFAH1B3 dramatically inhibits SMC-7721 and Hu7 cells migration and invasion abilities. ⟦NEXT⟧ The authors apologize for this error and state that this does not change the scientific conclusions of the article in any way. The original article has been updated. || Knockdown of PAFAH1B3 inhibits LIHC progression. (A) The expression PAFAH1B3 in LIHC cells lines was examined by qRT-PCR assay. (B) Establishment of PAFAH1B3 knockdown cell lines in SMC-7721 and Hu7 verified by qRT-PCR assay. (C) Knockdown of PAFAH1B3 dramatically inhibits SMC-7721 and Hu7 cells proliferation examined by growth curve assay. (D, E) Knockdown of PAFAH1B3 dramatically inhibits SMC-7721 and Hu7 cells colony formation ability. (F, G) Knockdown of PAFAH1B3 dramatically inhibits SMC-7721 and Hu7 cells migration and invasion abilities. ⟦NEXT⟧ The authors apologize for this error and state that this does not change the scientific conclusions of the article in any way. The original article has been updated.",https://pubmed.ncbi.nlm.nih.gov/39439529/,https://pmc.ncbi.nlm.nih.gov/articles/PMC11493683/,,,,,
34831025,PMC8616274,2021,Cancers,"Correction: Welter et al. Characteristics of Nephroblastoma/Nephroblastomatosis in Children with a Clinically Reported Underlying Malformation or Cancer Predisposition Syndrome. Cancers 2021, 13 , 5016.",exact_replacement_candidate,exact_language|location|visual|multiple_numbers,34638500,In the original article [ 1 ] there was a mistake in Table 2 as published. Table 2 contains wrong percentages in lines Bilateral disease and Patients with CPS or GU . For this reason the table should be replaced with the correct one as shown below. ⟦NEXT⟧ The authors apologize for any inconvenience caused and state that the scientific conclusions are unaffected. The original article has been updated.,https://pubmed.ncbi.nlm.nih.gov/34831025/,https://pmc.ncbi.nlm.nih.gov/articles/PMC8616274/,,,,,
38022880,PMC10666943,2023,Food technology and biotechnology,Corrigendum to: Impact of Successive Exploitation of a Saccharomyces pastorianus Starter Culture on Saccharide Uptake Dynamics from Wort (Published: Food Technol. Biotechnol. 59 (1) 16-23 (2021) https://doi.org/10.17113/ftb.59.01.21.6899).,unusable_or_ambiguous,multiple_numbers,34084076,,https://pubmed.ncbi.nlm.nih.gov/38022880/,https://pmc.ncbi.nlm.nih.gov/articles/PMC10666943/,,,,,
37962816,PMC11246301,2024,Endocrine,Correction: Non-functioning pituitary microadenoma in children and adolescents: Is follow-up with diagnostic imaging necessary?,numeric_or_symbolic_candidate,multiple_numbers,36251115,"Correction to: Endocrine ⟦NEXT⟧ 10.1007/s12020-022-03212-7 published online 17 October 2022 ⟦NEXT⟧ In the original publication of the article, the following errors has been occurred. || In a review [18] of eleven studies of 166 adult patients (>16 years old), 10% had enlarged lesions, 7% had decreased lesions, and 83% had stable lesions [16]. ⟦NEXT⟧ This has been corrected in this paper.",https://pubmed.ncbi.nlm.nih.gov/37962816/,https://pmc.ncbi.nlm.nih.gov/articles/PMC11246301/,,,,,
41469524,PMC12753695,2025,NPJ genomic medicine,Author Correction: PHKA1-associated phosphorylase kinase deficiency: a monogenic disorder of exercise intolerance and myalgia.,exact_replacement_candidate,exact_language|location|visual|metadata|multiple_numbers,41213961,"Correction to: npj Genomic Medicine 10.1038/s41525-025-00527-y, published online 10 November 2025 ⟦NEXT⟧ In this article the citation information for Figure 1 was incorrectly given as #24 but should have been #37. The original article has been corrected.",https://pubmed.ncbi.nlm.nih.gov/41469524/,https://pmc.ncbi.nlm.nih.gov/articles/PMC12753695/,,,,,
33156826,PMC7647054,2020,PLoS neglected tropical diseases,"Correction: Mortality among blood donors seropositive and seronegative for Chagas disease (1996-2000) in São Paulo, Brazil: A death certificate linkage study.",metadata_or_nonpropositional,metadata|multiple_numbers,28545053,"There is an error in the article XML causing the third author’s initials to be indexed incorrectly. The correct initials are: Alencar AP. The correct citation is: Capuani L, Bierrenbach AL, Alencar AP, Mendrone A Jr, Ferreira JE, Custer B, et al. (2017) Mortality among blood donors seropositive and seronegative for Chagas disease (1996–2000) in São Paulo, Brazil: A death certificate linkage study. PLoS Negl Trop Dis 11(5): e0005542. https://doi.org/10.1371/journal.pntd.0005542 ⟦NEXT⟧ There is an error in the article XML causing the seventh author’s initials to be indexed incorrectly. The correct initials are: Ribeiro ALP. There is an error in the article XML causing the eighth author’s initials to be indexed incorrectly. The correct initials are: Sabino EC.",https://pubmed.ncbi.nlm.nih.gov/33156826/,https://pmc.ncbi.nlm.nih.gov/articles/PMC7647054/,,,,,
36860902,PMC9969883,2023,Frontiers in plant science,Corrigendum: Identification of novel canonical strigolactones produced by tomato.,exact_replacement_candidate,exact_language|location|visual|multiple_numbers,36589093,"Error in Table ⟦NEXT⟧ In the published article, there was an error in Table 2 as published. In Table 2 , the chemical shift of compound A2’s 1 H NMR spectrum should be listed, but it was incorrectly listed as that of compound A1. ⟦NEXT⟧ The corrected Table 2 and its caption “NMR spectroscopic data of A2” appear below. ⟦NEXT⟧ NMR spectroscopic data of A2. || In the published article, there was an error in Table 2 as published. In Table 2 , the chemical shift of compound A2’s 1 H NMR spectrum should be listed, but it was incorrectly listed as that of compound A1. ⟦NEXT⟧ The corrected Table 2 and its caption “NMR spectroscopic data of A2” appear below. ⟦NEXT⟧ NMR spectroscopic data of A2. ⟦NEXT⟧ The authors apologize for this error and state that this does not change the scientific conclusions of the article in any way. The original article has been updated. || Error in Table ⟦NEXT⟧ In the published article, there was an error in Table 2 as published. In Table 2 , the chemical shift of compound A2’s 1 H NMR spectrum should be listed, but it was incorrectly listed as that of compound A1. ⟦NEXT⟧ The corrected Table 2 and its caption “NMR spectroscopic data of A2” appear below. || NMR spectroscopic data of A2. ⟦NEXT⟧ The authors apologize for this error and state that this does not change the scientific conclusions of the article in any way. The original article has been updated.",https://pubmed.ncbi.nlm.nih.gov/36860902/,https://pmc.ncbi.nlm.nih.gov/articles/PMC9969883/,,,,,
38336723,PMC10858456,2024,Molecular brain,Correction: The deficiency of Maged1 attenuates Parkinson's disease progression in mice.,numeric_or_symbolic_candidate,location|visual|multiple_numbers,36774489,"Correction: Molecular Brain (2023) 16:22 10.1186/s13041-023-01011-3 ⟦NEXT⟧ Following publication of the original article [ 1 ], the authors identified an error in Fig. 3 a. The images of KO mice for Saline group in Fig. 3A were mistakenly assembled. The authors have carefully checked the raw data and identified that this was a case of clerical error. The correct figure and caption is given hereafter. ⟦NEXT⟧ The incorrect Fig. 3: Fig. 3 Genetic ablation of Maged1 rescues DA neurons from MPTP toxicity. A Immunofluorescence staining for TH (red) and Iba1 (green) in the substantia nigra of WT or Maged1 KO mice (induced or not induced with MPTP), nuclei were counterstained with DAPI (blue).Scale bar: 200 μm. B , C Quantification of TH-positive cells ( B ) or Iba1-positive cells ( C ) in the substantia nigra (% of WT + saline). D Representative images of TH-positive fibers in striatum sections. Scale bar: 200 μm. E Quantitative analysis of the optical density of TH-positive fibers in ( D ) using ImageJ software. F , G Western blot analysis illustrating the expression of TH in the midbrain; GAPDH was used as a loading control. H , I Western blot analysis illustrating the expression of TH in the striatum; GAPDH was used as a loading control. For A–E , WT + saline: n = 4, KO + saline: n = 4, WT + MPTP: n = 6, KO + MPTP: n = 5. For F–I , n = 4 for each group. Data are shown as means ± SE. ** P < 0.01, *** P < 0.001, # P < 0.05, ## P < 0.01, ### P < 0.001. ⟦NEXT⟧ Genetic ablation of Maged1 rescues DA neurons from MPTP toxicity. A Immunofluorescence staining for TH (red) and Iba1 (green) in the substantia nigra of WT or Maged1 KO mice (induced or not induced with MPTP), nuclei were counterstained with DAPI (blue).Scale bar: 200 μm. B , C Quantification of TH-positive cells ( B ) or Iba1-positive cells ( C ) in the substantia nigra (% of WT + saline). D Representative images of TH-positive fibers in striatum sections. Scale bar: 200 μm. E Quantitative analysis of the optical density of TH-positive fibers in ( D ) using ImageJ software. F , G Western blot analysis illustrating the expression of TH in the midbrain; GAPDH was used as a loading control. H , I Western blot analysis illustrating the expression of TH in the striatum; GAPDH was used as a loading control. For A–E , WT + saline: n = 4, KO + saline: n = 4, WT + MPTP: n = 6, KO + MPTP: n = 5. For F–I , n = 4 for each group. Data are shown as means ± SE. ** P < 0.01, *** P < 0.001, # P < 0.05, ## P < 0.01, ### P < 0.001. || Following publication of the original article [ 1 ], the authors identified an error in Fig. 3 a. The images of KO mice for Saline group in Fig. 3A were mistakenly assembled. The authors have carefully checked the raw data and identified that this was a case of clerical error. The correct figure and caption is given hereafter. ⟦NEXT⟧ The incorrect Fig. 3: Fig. 3 Genetic ablation of Maged1 rescues DA neurons from MPTP toxicity. A Immunofluorescence staining for TH (red) and Iba1 (green) in the substantia nigra of WT or Maged1 KO mice (induced or not induced with MPTP), nuclei were counterstained with DAPI (blue).Scale bar: 200 μm. B , C Quantification of TH-positive cells ( B ) or Iba1-positive cells ( C ) in the substantia nigra (% of WT + saline). D Representative images of TH-positive fibers in striatum sections. Scale bar: 200 μm. E Quantitative analysis of the optical density of TH-positive fibers in ( D ) using ImageJ software. F , G Western blot analysis illustrating the expression of TH in the midbrain; GAPDH was used as a loading control. H , I Western blot analysis illustrating the expression of TH in the striatum; GAPDH was used as a loading control. For A–E , WT + saline: n = 4, KO + saline: n = 4, WT + MPTP: n = 6, KO + MPTP: n = 5. For F–I , n = 4 for each group. Data are shown as means ± SE. ** P < 0.01, *** P < 0.001, # P < 0.05, ## P < 0.01, ### P < 0.001. ⟦NEXT⟧ Genetic ablation of Maged1 rescues DA neurons from MPTP toxicity. A Immunofluorescence staining for TH (red) and Iba1 (green) in the substantia nigra of WT or Maged1 KO mice (induced or not induced with MPTP), nuclei were counterstained with DAPI (blue).Scale bar: 200 μm. B , C Quantification of TH-positive cells ( B ) or Iba1-positive cells ( C ) in the substantia nigra (% of WT + saline). D Representative images of TH-positive fibers in striatum sections. Scale bar: 200 μm. E Quantitative analysis of the optical density of TH-positive fibers in ( D ) using ImageJ software. F , G Western blot analysis illustrating the expression of TH in the midbrain; GAPDH was used as a loading control. H , I Western blot analysis illustrating the expression of TH in the striatum; GAPDH was used as a loading control. For A–E , WT + saline: n = 4, KO + saline: n = 4, WT + MPTP: n = 6, KO + MPTP: n = 5. For F–I , n = 4 for each group. Data are shown as means ± SE. ** P < 0.01, *** P < 0.001, # P < 0.05, ## P < 0.01, ### P < 0.001. ⟦NEXT⟧ The correct Fig. 3: Fig. 3 Genetic ablation of Maged1 rescues DA neurons from MPTP toxicity. A Immunofluorescence staining for TH (red) and Iba1 (green) in the substantia nigra of WT or Maged1 KO mice (induced or not induced with MPTP), nuclei were counterstained with DAPI (blue).Scale bar: 200 μm. B , C Quantification of TH-positive cells ( B ) or Iba1-positive cells ( C ) in the substantia nigra (% of WT + saline). D Representative images of TH-positive fibers in striatum sections. Scale bar: 200 μm. E Quantitative analysis of the optical density of TH- || The correct Fig. 3: Fig. 3 Genetic ablation of Maged1 rescues DA neurons from MPTP toxicity. A Immunofluorescence staining for TH (red) and Iba1 (green) in the substantia nigra of WT or Maged1 KO mice (induced or not induced with MPTP), nuclei were counterstained with DAPI (blue).Scale bar: 200 μm. B , C Quantification of TH-positive cells ( B ) or Iba1-positive cells ( C ) in the substantia nigra (% of WT + saline). D Representative images of TH-positive fibers in striatum sections. Scale bar: 200 μm. E Quantitative analysis of the optical density of TH-positive fibers in ( D ) using ImageJ software. F , G Western blot analysis illustrating the expression of TH in the midbrain; GAPDH was used as a loading control. H , I Western blot analysis illustrating the expression of TH in the striatum; GAPDH was used as a loading control. For A–E , WT + saline: n = 4, KO + saline: n = 4, WT + MPTP: n = 6, KO + MPTP: n = 5. For F–I , n = 4 for each group. Data are shown as means ± SE. ** P < 0.01, *** P < 0.001, # P < 0.05, ## P < 0.01, ### P < 0.001. ⟦NEXT⟧ Figure 3 a has been updated above and the original article [ 1 ] has been corrected. || Correction: Molecular Brain (2023) 16:22 10.1186/s13041-023-01011-3 ⟦NEXT⟧ Following publication of the original article [ 1 ], the authors identified an error in Fig. 3 a. The images of KO mice for Saline group in Fig. 3A were mistakenly assembled. The authors have carefully checked the raw data and identified that this was a case of clerical error. The correct figure and caption is given hereafter. ⟦NEXT⟧ The incorrect Fig. 3: Fig. 3 Genetic ablation of Maged1 rescues DA neurons from MPTP toxicity. A Immunofluorescence staining for TH (red) and Iba1 (green) in the substantia nigra of WT or Maged1 KO mice (induced or not induced with MPTP), nuclei were counterstained with DAPI (blue).Scale bar: 200 μm. B , C Quantification of TH-positive cells ( B ) or Iba1-positive cells ( C ) in the substantia nigra (% of WT + saline). D Representative images of TH-positive fibers in striatum sections. Scale bar: 200 μm. E Quantitative analysis of the optical density of TH-positive fibers in ( D ) using ImageJ software. F , G Western blot analysis illustrating the expression of TH in the midbrain; GAPDH was used as a loading control. H , I Western blot analysis illustrating the expression of TH in the striatum; GAPDH was used as a loading control. For A–E , WT + saline: n = 4, KO + saline: n = 4, WT + MPTP: n = 6, KO + MPTP: n = 5. For F–I , n = 4 for each group. Data are shown as means ± SE. ** P < 0.01, *** P < 0.001, # P < 0.05, ## P < 0.01, ### P < 0.001.",https://pubmed.ncbi.nlm.nih.gov/38336723/,https://pmc.ncbi.nlm.nih.gov/articles/PMC10858456/,,,,,
37155921,PMC10171939,2023,Thyroid : official journal of the American Thyroid Association,Correction to : Exploring the Genetic Link Between Thyroid Dysfunction and Common Psychiatric Disorders: A Specific Hormonal or a General Autoimmune Comorbidity by Soheili-Nezhad et al. Thyroid 2023;33(2):159-168; doi: 10.1089/thy.2022.0304.,unusable_or_ambiguous,,36463425,,https://pubmed.ncbi.nlm.nih.gov/37155921/,https://pmc.ncbi.nlm.nih.gov/articles/PMC10171939/,,,,,
40276355,PMC12018392,2025,Frontiers in public health,"Corrigendum: Epidemiological characteristics and influencing factors of hand, foot and mouth disease reinfection cases in Jiulongpo District, Chongqing, China, 2009-2023.",numeric_or_symbolic_candidate,location|multiple_numbers,40270726,"In the published article, there was an error. A correction has been made to Introduction , Paragraph 3. This sentence previously stated: ⟦NEXT⟧ “From 2008 to 2015, 398,010 out of 820,000 HFMD patients in China were diagnosed with reinfection cases” ⟦NEXT⟧ The corrected sentence appears below: || “From 2008 to 2015, 398,010 out of 820,000 HFMD patients in China were diagnosed with reinfection cases” ⟦NEXT⟧ The corrected sentence appears below: ⟦NEXT⟧ “From 2008 to 2015, 398,010 HFMD patients (a total of ≈ 820,000 episodes) in China were diagnosed with reinfection cases” ⟦NEXT⟧ The authors apologize for this error and state that this does not change the scientific conclusions of the article in any way. The original article has been updated. || “From 2008 to 2015, 398,010 HFMD patients (a total of ≈ 820,000 episodes) in China were diagnosed with reinfection cases” ⟦NEXT⟧ The authors apologize for this error and state that this does not change the scientific conclusions of the article in any way. The original article has been updated.",https://pubmed.ncbi.nlm.nih.gov/40276355/,https://pmc.ncbi.nlm.nih.gov/articles/PMC12018392/,,,,,
35819792,PMC9277496,2022,JAMA network open,Error in Results.,numeric_or_symbolic_candidate,location|multiple_numbers,35713898,"In the Original Investigation titled “Perspectives of Latinx Individuals Who Were Unvaccinated and Hospitalized for COVID-19: A Qualitative Study,” 1 published June 17, 2022, there was an error in the Results. The number of individuals who remained undecided after hospitalization should have read 5. This article has been corrected. 1",https://pubmed.ncbi.nlm.nih.gov/35819792/,https://pmc.ncbi.nlm.nih.gov/articles/PMC9277496/,,,,,
38247881,PMC10814844,2024,Cells,"Correction: Reddy et al. Rlip Reduction Induces Oxidative Stress and Mitochondrial Dysfunction in Mutant Tau-Expressed Immortalized Hippocampal Neurons: Mechanistic Insights. Cells 2023, 12 , 1646.",numeric_or_symbolic_candidate,location|visual|multiple_numbers,37371116,"The authors wish to make the following changes to their paper [ 1 ]. ⟦NEXT⟧ We accidentally uploaded unchecked versions of Figures 6 and 8 during the revision process. Upon closer examination, we found that the PINK1 (in Figure 6) and synaptophysin (in Figure 8) blots are similar in the published article. We replaced the PINK1 and synaptophysin blots in Figures 6 and 8. We sincerely apologize for our oversight. The corrected Figure 6 and Figure 8 appear below. The authors state that the scientific conclusions are unaffected. This correction was approved by the Academic Editor. The original publication has also been updated.",https://pubmed.ncbi.nlm.nih.gov/38247881/,https://pmc.ncbi.nlm.nih.gov/articles/PMC10814844/,,,,,
36536426,PMC9764474,2022,Stem cell research & therapy,"Correction: Facilitating islet transplantation using a three-step approach with mesenchymal stem cells, encapsulation, and pulsed focused ultrasound.",numeric_or_symbolic_candidate,location|visual|metadata|multiple_numbers,32948247,"Correction: Stem Cell Research & Therapy (2020) 11:405 https://doi.org/10.1186/s13287-020-01897-z ⟦NEXT⟧ In the original article, the authors identified an editing error in Fig. 3 a where the Live image used in Step 2: em-islets INF-Y was incorrect from a mistake during figure assembly. The correct Fig. 3 has now been provided here and the authors apologize for any inconvenience caused. Fig. 3 In vitro analysis of islet survival and function following exposure to pro-inflammatory cytokines: a representative confocal images and results of b live/dead, c MTT, and d high-glucose-stimulated insulin secretion assays of tested groups (i.e., Islets, e-Islets, m-Islets, em-Islets, and emf-Islets). Blue: live cells stained with Hoechst. Red: dead cells stained with PI. Green: AD-MSCs stained with FDA. Scale bar = 50 μm. Significant differences: b–d a P < 0.05: Islets vs. m-Islets or em-Islets or emf-Islets; b P < 0.05: m-Islets vs. em-Islets or emf-Islets; d P < 0.05: em-Islets vs. emf-Islets (one-way ANOVA post hoc Tukey test) ⟦NEXT⟧ In vitro analysis of islet survival and function following exposure to pro-inflammatory cytokines: a representative confocal images and results of b live/dead, c MTT, and d high-glucose-stimulated insulin secretion assays of tested groups (i.e., Islets, e-Islets, m-Islets, em-Islets, and emf-Islets). Blue: live cells stained with Hoechst. Red: dead cells stained with PI. Green: AD-MSCs stained with FDA. Scale bar = 50 μm. Significant differences: b–d a P < 0.05: Islets vs. m-Islets or em-Islets or emf-Islets; b P < 0.05: m-Islets vs. em-Islets or emf-Islets; d P < 0.05: em-Islets vs. emf-Islets (one-way ANOVA post hoc Tukey test)",https://pubmed.ncbi.nlm.nih.gov/36536426/,https://pmc.ncbi.nlm.nih.gov/articles/PMC9764474/,,,,,
34006615,PMC8315900,2021,Antimicrobial agents and chemotherapy,"Erratum for Herrera-Hidalgo et al., ""Ampicillin and Ceftriaxone Solution Stability at Different Temperatures in Outpatient Parenteral Antimicrobial Therapy"".",unusable_or_ambiguous,,32393486,,https://pubmed.ncbi.nlm.nih.gov/34006615/,https://pmc.ncbi.nlm.nih.gov/articles/PMC8315900/,,,,,
29170420,PMC5701000,2017,Nature communications,Publisher Correction: Orbital bistatic radar observations of asteroid Vesta by the Dawn mission.,metadata_or_nonpropositional,metadata|multiple_numbers,28900127,Nature Communications 8 :409 doi:10.1038/s41467-017-00434-6; Article published online 12 September 2017 ⟦NEXT⟧ An incorrect version of the Supplementary Information was inadvertently published with this Article. The HTML has now been updated to include the correct version of the Supplementary Information.,https://pubmed.ncbi.nlm.nih.gov/29170420/,https://pmc.ncbi.nlm.nih.gov/articles/PMC5701000/,,,,,
27794142,PMC6322656,2016,Toxicological sciences : an official journal of the Society of Toxicology,Arsenite Uncouples Mitochondrial Respiration and Induces a Warburg-Like Effect in Caenorhabditis elegans.,unusable_or_ambiguous,,27208080,,https://pubmed.ncbi.nlm.nih.gov/27794142/,https://pmc.ncbi.nlm.nih.gov/articles/PMC6322656/,,,,,
31886862,PMC7301148,2020,Journal of the National Cancer Institute,Erratum.,metadata_or_nonpropositional,exact_language|metadata|multiple_numbers,31095341,"Erratum to “Radiogenomics Consortium Genome-Wide Association Study Meta-Analysis of Late Toxicity After Prostate Cancer Radiotherapy” by Sarah L Kerns et al. JNCI. J Natl Cancer Inst (2019), doi: 10.1093/jnci/djz075 . ⟦NEXT⟧ In this article, the name of Sarah L. Kerns should be displayed as Sarah L. Kerns*, indicating that Dr. Kerns contributed equally to this work. The Publisher regrets the error.",https://pubmed.ncbi.nlm.nih.gov/31886862/,https://pmc.ncbi.nlm.nih.gov/articles/PMC7301148/,,,,,
26861152,PMC4868160,2016,Clinical orthopaedics and related research,Erratum to: Do Orthopaedic Surgeons Acknowledge Uncertainty?,unusable_or_ambiguous,,26552806,,https://pubmed.ncbi.nlm.nih.gov/26861152/,https://pmc.ncbi.nlm.nih.gov/articles/PMC4868160/,,,,,
36438493,PMC9691351,2022,Theranostics,Erratum: Highly sensitive magnetic particle imaging of vulnerable atherosclerotic plaque with active myeloperoxidase-targeted nanoparticles.,numeric_or_symbolic_candidate,location|visual|multiple_numbers,33391489,"The authors apologize that the original version of our paper unfortunately contained an incorrect representative image in Figure 4A, where the fluorescence image of an ApoE -/- mouse acquired at 24 h post-injection was saved twice using different color scale bars of fluorescence intensity. We apologize that, during the image assembly, the fluorescence image acquired at 24 h post-injection was mistakenly chosen as the fluorescence image acquired before injection of 5HFeC NPs. The correct version of the Figure 4A is shown below. We confirm that this correction does not affect any original results and conclusions of the paper. The authors apologize for any inconvenience that the errors may have caused.",https://pubmed.ncbi.nlm.nih.gov/36438493/,https://pmc.ncbi.nlm.nih.gov/articles/PMC9691351/,,,,,
40111965,PMC11925296,2025,PloS one,Correction: Exploring facial expressions and action unit domains for Parkinson detection.,metadata_or_nonpropositional,metadata|multiple_numbers,36730168,"There is an error in the affiliation of the fourth author. Juan Rafael Orozco-Arroyave is not affiliated with #2 but with #1: Faculty of Engineering, Universidad de Antioquia, Medellín, Antioquia, Colombia.",https://pubmed.ncbi.nlm.nih.gov/40111965/,https://pmc.ncbi.nlm.nih.gov/articles/PMC11925296/,,,,,
29497152,PMC5835777,2018,Cell research,Histone H3 lysine 4 monomethylation modulates long-range chromatin interactions at enhancers.,unusable_or_ambiguous,,29313530,,https://pubmed.ncbi.nlm.nih.gov/29497152/,https://pmc.ncbi.nlm.nih.gov/articles/PMC5835777/,,,,,
28352139,PMC5320681,2015,Microbial genomics,"Erratum: Shetti, a simple tool to parse, manipulate and search large dataset of sequences.",exact_replacement_candidate,exact_language|location|visual|metadata|multiple_numbers,28348820,"MGen , 2015, 1 . DOI: 10.1099/mgen.0.000035 ⟦NEXT⟧ The Publisher apologizes for the following error in the manuscript, ‘Mati parses UniProt Knowledgebase and NCBI GenBank flat files and visualizes them as a table’ which should be ‘Shetti parses UniProt Knowledgebase and NCBI GenBank flat files and visualizes them as a table’.",https://pubmed.ncbi.nlm.nih.gov/28352139/,https://pmc.ncbi.nlm.nih.gov/articles/PMC5320681/,,,,,
40681918,PMC12274138,2025,Endocrine pathology,Correction: Impact of Tissue Thickness on Computational Quantification of Features in Whole Slide Images for Diagnostic Pathology.,exact_replacement_candidate,exact_language|location|multiple_numbers,40198470,"10.1007/s12022-025-09855-2 ⟦NEXT⟧ In the abstract of this article, the tool was incorrectly referenced as HoverNet when it should be HoverFast. The original article has been corrected. || Correction: Endocrine Pathology (2025) 36:10 ⟦NEXT⟧ 10.1007/s12022-025-09855-2 ⟦NEXT⟧ In the abstract of this article, the tool was incorrectly referenced as HoverNet when it should be HoverFast. The original article has been corrected.",https://pubmed.ncbi.nlm.nih.gov/40681918/,https://pmc.ncbi.nlm.nih.gov/articles/PMC12274138/,,,,,
34363389,PMC8643456,2021,Neuro-oncology,Erratum to: Hippocampal avoidance whole-brain radiotherapy without memantine in preserving neurocognitive function for brain metastases: a phase II blinded randomized trial.,unusable_or_ambiguous,,32789503,,https://pubmed.ncbi.nlm.nih.gov/34363389/,https://pmc.ncbi.nlm.nih.gov/articles/PMC8643456/,,,,,
32116662,PMC7013177,2019,Frontiers in pharmacology,Corrigendum: Genotype-Phenotype Association Analysis Reveals New Pathogenic Factors for Osteogenesis Imperfecta Disease.,numeric_or_symbolic_candidate,location|metadata|multiple_numbers,31680973,"A correction has been made to the Discussion , Paragraph five : ⟦NEXT⟧ “To validate the pathogenicity of the candidate variations in COL1A1 , we checked the specificity of their locations (positions of the four candidate mutations: 1094 and 1097). Evidence from the protein families database (Pfam) ( El-Gebali et al., 2019 ) demonstrate that the locations of all four variations belong to the collagen triple helix region (PF01391: Collagen triple helix repeat (1079–1137)). Structurally, different abnormalities in the collagen helix are associated with the identity of the residue replacing Gly ( Bryan et al., 2011 ; Qiu et al., 2018 ), which also influence the severity of OI patients (residues replacing Gly of four candidate mutations: Asp, Arg, and Ser). Through the statistical analysis on the location of Glysubstitution mutations in a large number of OI patients, Beck et al. found that all Gly→Asp in the α1(l) chain led to OI type II (perinatal lethat form) ( Beck et al., 2000 ). In addition, the study of the impact of various Gly replacements discovered that the three replaced form (Gly→Arg, Gly→Ser, and Gly→Cys) had a stronger association with OI lethality than the other replaced forms ( Beck et al., 2000 ). In all, these conclusions indicate that the four candidate mutations of COL1A1 we identified are highly likely to cause lethal OI phenotypes.” ⟦NEXT⟧ Due to the error outlined above, the citations for “ Di Lullo et al., 2002 ” and “ Xiao et al., 2015 ” have been removed from the reference list, and “ El-Gebali et al., 2019 ” has been cited instead. ⟦NEXT⟧ The authors apologize for these errors and state that these do not change the scientific conclusions of the article in any way. The original article has been updated. || There is an error in the Funding statement. The correct number for “Beihang University & Capital Medical University Advanced Innovation Center for Big Data-Based Precision Medicine Plan ” is “BHME- 201804.” ⟦NEXT⟧ Additionally, in the original article, there was one error. In the Discussion section, the locations of the four candidate pathogenic variations in COL1A1 were incorrectly mapped to the major ligand-binding region (MLBR3). ⟦NEXT⟧ A correction has been made to the Discussion , Paragraph five : ⟦NEXT⟧ “To validate the pathogenicity of the candidate variations in COL1A1 , we checked the specificity of their locations (positions of the four candidate mutations: 1094 and 1097). Evidence from the protein families database (Pfam) ( El-Gebali et al., 2019 ) demonstrate that the locations of all four variations belong to the collagen triple helix region (PF01391: Collagen triple helix repeat (1079–1137)). Structurally, different abnormalities in the collagen helix are associated with the identity of the residue replacing Gly ( Bryan et al., 2011 ; Qiu et al., 2018 ), which also influence the severity of OI patients (residues replacing Gly of four candidate mutations: Asp, Arg, and Ser). Through the statistical analysis on the location of Glysubstitution mutations in a large number of OI patients, Beck et al. found that all Gly→Asp in the α1(l) chain led to OI type II (perinatal lethat form) ( Beck et al., 2000 ). In addition, the study of the impact of various Gly replacements discovered that the three replaced form (Gly→Arg, Gly→Ser, and Gly→Cys) had a stronger association with OI lethality than the other replaced forms ( Beck et al., 2000 ). In all, these conclusions indicate that the four candidate mutations of COL1A1 we identified are highly likely to cause lethal OI phenotypes.” || Additionally, in the original article, there was one error. In the Discussion section, the locations of the four candidate pathogenic variations in COL1A1 were incorrectly mapped to the major ligand-binding region (MLBR3). ⟦NEXT⟧ A correction has been made to the Discussion , Paragraph five : ⟦NEXT⟧ “To validate the pathogenicity of the candidate variations in COL1A1 , we checked the specificity of their locations (positions of the four candidate mutations: 1094 and 1097). Evidence from the protein families database (Pfam) ( El-Gebali et al., 2019 ) demonstrate that the locations of all four variations belong to the collagen triple helix region (PF01391: Collagen triple helix repeat (1079–1137)). Structurally, different abnormalities in the collagen helix are associated with the identity of the residue replacing Gly ( Bryan et al., 2011 ; Qiu et al., 2018 ), which also influence the severity of OI patients (residues replacing Gly of four candidate mutations: Asp, Arg, and Ser). Through the statistical analysis on the location of Glysubstitution mutations in a large number of OI patients, Beck et al. found that all Gly→Asp in the α1(l) chain led to OI type II (perinatal lethat form) ( Beck et al., 2000 ). In addition, the study of the impact of various Gly replacements discovered that the three replaced form (Gly→Arg, Gly→Ser, and Gly→Cys) had a stronger association with OI lethality than the other replaced forms ( Beck et al., 2000 ). In all, these conclusions indicate that the four candidate mutations of COL1A1 we identified are highly likely to cause lethal OI phenotypes.” ⟦NEXT⟧ Due to the error outlined above, the citations for “ Di Lullo et al., 2002 ” and “ Xiao et al., 2015 ” have been removed from the reference list, and “ El-Gebali et al., 2019 ” has been cited instead. || “To validate the pathogenicity of the candidate variations in COL1A1 , we checked the specificity of their locations (positions of the four candidate mutations: 1094 and 1097). Evidence from the protein families database (Pfam) ( El-Gebali et al., 2019 ) demonstrate that the locations of all four variations belong to the collagen triple helix region (PF01391: Collagen triple helix repeat (1079–1137)). Structurally, different abnormalities in the collagen helix are associated with the identity of the residue replacing Gly ( Bryan et al., 2011 ; Qiu et al., 2018 ), which also influence the severity of OI patients (residues replacing Gly of four candidate mutations: Asp, Arg, and Ser). Through the statistical analysis on the location of Glysubstitution mutations in a large number of OI patients, Beck et al. found that all Gly→Asp in the α1(l) chain led to OI type II (perinatal lethat form) ( Beck et al., 2000 ). In addition, the study of the impact of various Gly replacements discovered that the three replaced form (Gly→Arg, Gly→Ser, and Gly→Cys) had a stronger association with OI lethality than the other replaced forms ( Beck et al., 2000 ). In all, these conclusions indicate that the four candidate mutations of COL1A1 we identified are highly likely to cause lethal OI phenotypes.” ⟦NEXT⟧ Due to the error outlined above, the citations for “ Di Lullo et al., 2002 ” and “ Xiao et al., 2015 ” have been removed from the reference list, and “ El-Gebali et al., 2019 ” has been cited instead. ⟦NEXT⟧ The authors apologize for these errors and state that these do not change the scientific conclusions of the article in any way. The original article has been updated. || There is an error in the Funding statement. The correct number for “Beihang University & Capital Medical University Advanced Innovation Center for Big Data-Based Precision Medicine Plan ” is “BHME- 201804.” ⟦NEXT⟧ Additionally, in the original article, there was one error. In the Discussion section, the locations of the four candidate pathogenic variations in COL1A1 were incorrectly mapped to the major ligand-binding region (MLBR3). ⟦NEXT⟧ A correction has been made to the Discussion , Paragraph five :",https://pubmed.ncbi.nlm.nih.gov/32116662/,https://pmc.ncbi.nlm.nih.gov/articles/PMC7013177/,,,,,
28182791,PMC5300141,2017,PloS one,Correction: Evaluation of Risk Perception and Risk-Comparison Information Regarding Dietary Radionuclides after the 2011 Fukushima Nuclear Power Plant Accident.,exact_replacement_candidate,exact_language|location|visual|multiple_numbers,27802304,"There is an error in Table 3 . In row 10, the explanation incorrectly lists the unit of “1000 to 2000 mSv/year.” It should read “1000 to 2000 mSv.” Please see the corrected table here. ⟦NEXT⟧ Risk-comparison information provided, and its explanation. “+” represents risk-comparison information used in this study. ⟦NEXT⟧ Risk-comparison information provided, and its explanation.",https://pubmed.ncbi.nlm.nih.gov/28182791/,https://pmc.ncbi.nlm.nih.gov/articles/PMC5300141/,,,,,
37776564,PMC10542105,2023,"Bioinformatics (Oxford, England)",Correction to: Python interfaces for the Smoldyn simulator.,numeric_or_symbolic_candidate,location|visual|metadata|multiple_numbers,34293100,"This is a correction to: Dilawar Singh, Steven S Andrews, Python interfaces for the Smoldyn simulator, Bioinformatics , Volume 38, Issue 1, January 2022, Pages 291–293, https://doi.org/10.1093/bioinformatics/btab530 ⟦NEXT⟧ In the originally published version of this manuscript, the top panel including software code was omitted from Figure 1. ⟦NEXT⟧ (Top) Complete Python code for a simple model of molecule clustering in which blue molecules (‘B’) diffuse freely, but then convert to immobile red molecules (‘R’) upon collision with a red molecule. (Left) A snapshot of a simulation from this model. (Right) The number of red molecules over time, from the same script (Color version of this figure is available at Bioinformatics online .) || (Top) Complete Python code for a simple model of molecule clustering in which blue molecules (‘B’) diffuse freely, but then convert to immobile red molecules (‘R’) upon collision with a red molecule. (Left) A snapshot of a simulation from this model. (Right) The number of red molecules over time, from the same script (Color version of this figure is available at Bioinformatics online .) ⟦NEXT⟧ This error has been corrected online.",https://pubmed.ncbi.nlm.nih.gov/37776564/,https://pmc.ncbi.nlm.nih.gov/articles/PMC10542105/,,,,,
33325989,PMC7745136,2021,JAMA cardiology,Errors in Figure.,unusable_or_ambiguous,,33175083,,https://pubmed.ncbi.nlm.nih.gov/33325989/,https://pmc.ncbi.nlm.nih.gov/articles/PMC7745136/,,,,,
38381438,PMC10882421,2024,JAMA network open,Error in Supplement 2.,numeric_or_symbolic_candidate,multiple_numbers,38261321,"In the Original Investigation titled “Out-of-Hospital Cardiac Arrest Following the COVID-19 Pandemic,” 1 published January 23, 2024, the list of OHSCAR Investigators Group members in Supplement 2 was incomplete. This article has been corrected. 1",https://pubmed.ncbi.nlm.nih.gov/38381438/,https://pmc.ncbi.nlm.nih.gov/articles/PMC10882421/,,,,,
40306277,PMC12249939,2025,Cell stem cell,Induction of Multipotential Hematopoietic Progenitors from Human Pluripotent Stem Cells via Respecification of Lineage-Restricted Precursors.,location_plus_new_candidate,location|visual,24094326,"In the version of Figure S1D that was published with our original manuscript, the SOX4 PCR was incorrectly copy-pasted and aligned with the other gel images, resulting in an inadvertent duplication of the first lane. A corrected figure appears below, with each gene-specific PCR in Figure S1D clearly marked with an outline. Since none of the samples tested were positive for SOX4, the result, text, and figure legend are all unchanged. We apologize for this error. ⟦NEXT⟧ Supplementary Material",https://pubmed.ncbi.nlm.nih.gov/40306277/,https://pmc.ncbi.nlm.nih.gov/articles/PMC12249939/,,,,,
36506582,PMC9731148,2022,Frontiers in pharmacology,Corrigendum: Identification of an alternative glycyrrhizin metabolite causing liquorice-induced pseudohyperaldosteronism and the development of ELISA system to detect the predictive biomarker.,numeric_or_symbolic_candidate,location|multiple_numbers,34079468,"In the published article, there was an error. The numbers of the concentrations were mistaken. ⟦NEXT⟧ A correction has been made to Results , Pharmacokinetics of GA metabolites in female and male EHBRs orally treated with GA , Paragraph 7. These sentences previously stated: ⟦NEXT⟧ “The concentrations of GA and its metabolites 12 h after oral administration of GA in female EHBRs were 3.2 µM of GA, 0.1 µM of 3MGA, 14 µM of 1 , 4.3 µM of 2 , 6.6 µM of 3 , and 166 µM of 4 .” ⟦NEXT⟧ and || In the published article, there was an error. The numbers of the concentrations were mistaken. ⟦NEXT⟧ A correction has been made to Results , Pharmacokinetics of GA metabolites in female and male EHBRs orally treated with GA , Paragraph 7. These sentences previously stated: ⟦NEXT⟧ “The concentrations of GA and its metabolites 12 h after oral administration of GA in female EHBRs were 3.2 µM of GA, 0.1 µM of 3MGA, 14 µM of 1 , 4.3 µM of 2 , 6.6 µM of 3 , and 166 µM of 4 .” || “The concentrations of GA and its metabolites 12 h after oral administration of GA in male EHBRs were 2.6 µM of GA, 1.2 µM of 3MGA, 102 µM of 1 , 4.1 µM of 2 , 1.2 µM of 3 , and 198 µM of 4 .” ⟦NEXT⟧ The corrected sentences appear below: ⟦NEXT⟧ “The concentrations of GA and its metabolites 12 h after oral administration of GA in female EHBRs were 2.7 µM of GA, 0.1 µM of 3MGA, 32 µM of 1 , 10 µM of 2 , 2.0 µM of 3 , and 208 µM of 4 .” ⟦NEXT⟧ “The concentrations of GA and its metabolites 12 h after oral administration of GA in male EHBRs were 2.6 µM of GA, 1.6 µM of 3MGA, 177 µM of 1 , 8.2 µM of 2 , 2.2 µM of 3 , and 237 µM of 4 .” || “The concentrations of GA and its metabolites 12 h after oral administration of GA in male EHBRs were 2.6 µM of GA, 1.6 µM of 3MGA, 177 µM of 1 , 8.2 µM of 2 , 2.2 µM of 3 , and 237 µM of 4 .” ⟦NEXT⟧ The authors apologize for this error and state that this does not change the scientific conclusions of the article in any way. The original article has been updated.",https://pubmed.ncbi.nlm.nih.gov/36506582/,https://pmc.ncbi.nlm.nih.gov/articles/PMC9731148/,,,,,
40937298,PMC12421572,2025,Immunotherapy advances,Correction to: Applying population mechanistic modelling to find determinants of chimeric antigen receptor T-cells dynamics in month-one lymphoma patients.,metadata_or_nonpropositional,location|metadata|multiple_numbers,40837601,"This is a correction to: Liam V Brown, Mark McConnell, Robert Rosler, Leanne Peiser, Brian J Schmidt, Alexander V Ratushny, Eamonn A Gaffney, Mark C Coles, Applying population mechanistic modelling to find determinants of chimeric antigen receptor T-cells dynamics in month-one lymphoma patients, Immunotherapy Advances , Volume 5, Issue 1, 2025, https://doi.org/10.1093/immadv/ltaf001 ⟦NEXT⟧ The graphical abstract is emended from the original publication. The difference is the inclusion of the top-right cell ‘Schematics of dynamic models’.",https://pubmed.ncbi.nlm.nih.gov/40937298/,https://pmc.ncbi.nlm.nih.gov/articles/PMC12421572/,,,,,
33088269,PMC7500491,2020,Frontiers in human neuroscience,Erratum: The Easy Part of the Hard Problem: A Resonance Theory of Consciousness.,semantic_not_alignable,,31736728,"Due to a production error, block quotes were formatted as normal text throughout the article. ⟦NEXT⟧ The publisher apologizes for this mistake. The original article has been updated.",https://pubmed.ncbi.nlm.nih.gov/33088269/,https://pmc.ncbi.nlm.nih.gov/articles/PMC7500491/,,,,,
34111269,PMC8142719,2021,Translational vision science & technology,Erratum in: The ROCK Inhibitor Ripasudil Shows an Endothelial Protective Effect in Patients With Low Corneal Endothelial Cell Density After Cataract Surgery.,numeric_or_symbolic_candidate,location|visual|metadata|formatting|multiple_numbers,34003995,"The words “after” and “before” have been switched in these two locations: In the fourth paragraph of the Results, “[(ECD after surgery – ECD before surgery)/ECD before surgery × 100%]” has been corrected to “[(ECD before surgery – ECD after surgery)/ECD before surgery × 100%].” ⟦NEXT⟧ In the Figure 3 legend, “(ECD after surgery − ECD before surgery)/ECD before surgery × 100%” has been corrected to “(ECD before surgery − ECD after surgery)/ECD before surgery × 100%.” || When the article was first published, the first author's given name was misspelled as Hisitaka. The spelling has been corrected to Hisataka in the article online. ⟦NEXT⟧ The words “after” and “before” have been switched in these two locations: In the fourth paragraph of the Results, “[(ECD after surgery – ECD before surgery)/ECD before surgery × 100%]” has been corrected to “[(ECD before surgery – ECD after surgery)/ECD before surgery × 100%].” ⟦NEXT⟧ In the Figure 3 legend, “(ECD after surgery − ECD before surgery)/ECD before surgery × 100%” has been corrected to “(ECD before surgery − ECD after surgery)/ECD before surgery × 100%.” || Erratum in: “The ROCK Inhibitor Ripasudil Shows an Endothelial Protective Effect in Patients With Low Corneal Endothelial Cell Density After Cataract Surgery” by Hisataka Fujimoto, Yoshinao Setoguchi, and Junichi Kiryu ( Transl Vis Sci Technol. 2021;10(4):18), https://doi.org/10.1167/tvst.10.4.18 . ⟦NEXT⟧ When the article was first published, the first author's given name was misspelled as Hisitaka. The spelling has been corrected to Hisataka in the article online. ⟦NEXT⟧ The words “after” and “before” have been switched in these two locations: In the fourth paragraph of the Results, “[(ECD after surgery – ECD before surgery)/ECD before surgery × 100%]” has been corrected to “[(ECD before surgery – ECD after surgery)/ECD before surgery × 100%].” || Erratum in: “The ROCK Inhibitor Ripasudil Shows an Endothelial Protective Effect in Patients With Low Corneal Endothelial Cell Density After Cataract Surgery” by Hisataka Fujimoto, Yoshinao Setoguchi, and Junichi Kiryu ( Transl Vis Sci Technol. 2021;10(4):18), https://doi.org/10.1167/tvst.10.4.18 . ⟦NEXT⟧ When the article was first published, the first author's given name was misspelled as Hisitaka. The spelling has been corrected to Hisataka in the article online. ⟦NEXT⟧ The words “after” and “before” have been switched in these two locations: In the fourth paragraph of the Results, “[(ECD after surgery – ECD before surgery)/ECD before surgery × 100%]” has been corrected to “[(ECD before surgery – ECD after surgery)/ECD before surgery × 100%].” ⟦NEXT⟧ In the Figure 3 legend, “(ECD after surgery − ECD before surgery)/ECD before surgery × 100%” has been corrected to “(ECD before surgery − ECD after surgery)/ECD before surgery × 100%.”",https://pubmed.ncbi.nlm.nih.gov/34111269/,https://pmc.ncbi.nlm.nih.gov/articles/PMC8142719/,,,,,
28130389,PMC5281682,2017,Journal of neurophysiology,Corrigendum.,unusable_or_ambiguous,,27098032,,https://pubmed.ncbi.nlm.nih.gov/28130389/,https://pmc.ncbi.nlm.nih.gov/articles/PMC5281682/,,,,,
37904142,PMC10614395,2023,BMC public health,Correction to: Moving upstream: healthcare partnerships addressing social determinants of health through community wealth building.,metadata_or_nonpropositional,metadata|multiple_numbers,37726750,"Correction to: BMC Public Health 23, 1824 (2023). ⟦NEXT⟧ 10.1186/s12889-023-16761-x ⟦NEXT⟧ The original publication of this article contained an affiliation error, the correct and incorrect information is listed in this correction article. The original article has been updated. || The original publication of this article contained an affiliation error, the correct and incorrect information is listed in this correction article. The original article has been updated. ⟦NEXT⟧ Incorrect ⟦NEXT⟧ Bich Ha Pham 3 3 Department of Health Systems Science, Kaiser Permanente Bernard J. Tyson School of Medicine, 100 South Los Robles Avenue, Pasadena, CA 91101, USA. ⟦NEXT⟧ Bich Ha Pham 3 || 10.1186/s12889-023-16761-x ⟦NEXT⟧ The original publication of this article contained an affiliation error, the correct and incorrect information is listed in this correction article. The original article has been updated. ⟦NEXT⟧ Incorrect ⟦NEXT⟧ Bich Ha Pham 3 3 Department of Health Systems Science, Kaiser Permanente Bernard J. Tyson School of Medicine, 100 South Los Robles Avenue, Pasadena, CA 91101, USA.",https://pubmed.ncbi.nlm.nih.gov/37904142/,https://pmc.ncbi.nlm.nih.gov/articles/PMC10614395/,,,,,
38987747,PMC11234614,2024,Journal of nanobiotechnology,Correction: Bacterial outer membrane vesicle-cancer cell hybrid membrane-coated nanoparticles for sonodynamic therapy in the treatment of breast cancer bone metastasis.,metadata_or_nonpropositional,metadata|multiple_numbers,38858780,"Correction: Journal of Nanobiotechnology (2024) 22:328 10.1186/s12951-024-02619-w ⟦NEXT⟧ In this article, the affiliation details of all the authors except the authors Mingyu Chen and Chengcheng Niu were incorrectly given as: ⟦NEXT⟧ The School of Medicine, Nankai University, Tianjin 300071, China Hunan Engineering Research Center of Biomedical Metal and Ceramic Implants, Xiangya Hospital, Central South University, Changsha, China National Clinical Research Center for Geriatric Disorders, Xiangya Hospital, Central South University, Changsha, China Department of Orthopedics, Xiangya Hospital, Central South University, Changsha, China || Department of Orthopedics, Xiangya Hospital, Central South University, Changsha, China The School of Medicine, Nankai University, Tianjin 300071, China Hunan Engineering Research Center of Biomedical Metal and Ceramic Implants, Xiangya Hospital, Central South University, Changsha, China National Clinical Research Center for Geriatric Disorders, Xiangya Hospital, Central South University, Changsha, China ⟦NEXT⟧ The original article has been corrected. || Correction: Journal of Nanobiotechnology (2024) 22:328 10.1186/s12951-024-02619-w ⟦NEXT⟧ In this article, the affiliation details of all the authors except the authors Mingyu Chen and Chengcheng Niu were incorrectly given as: ⟦NEXT⟧ The School of Medicine, Nankai University, Tianjin 300071, China Hunan Engineering Research Center of Biomedical Metal and Ceramic Implants, Xiangya Hospital, Central South University, Changsha, China National Clinical Research Center for Geriatric Disorders, Xiangya Hospital, Central South University, Changsha, China Department of Orthopedics, Xiangya Hospital, Central South University, Changsha, China ⟦NEXT⟧ The School of Medicine, Nankai University, Tianjin 300071, China",https://pubmed.ncbi.nlm.nih.gov/38987747/,https://pmc.ncbi.nlm.nih.gov/articles/PMC11234614/,,,,,
36970403,PMC10037438,2023,Frontiers in chemistry,Erratum: How β-cyclodextrin- loaded mesoporous SiO 2 nanospheres ensure efficient adsorption of rifampicin.,metadata_or_nonpropositional,metadata,36583155,,https://pubmed.ncbi.nlm.nih.gov/36970403/,https://pmc.ncbi.nlm.nih.gov/articles/PMC10037438/,,,,,
36959207,PMC10036337,2023,NPJ breast cancer,Author Correction: Concomitant analyses of intratumoral microbiota and genomic features reveal distinct racial differences in breast cancer.,numeric_or_symbolic_candidate,location|visual|multiple_numbers,36702853,"Correction to: npj Breast Cancer 10.1038/s41523-023-00505-6, published online 26 January 2023 ⟦NEXT⟧ In this article the wrong figure appeared as Fig. 3; the figure should have appeared as shown below. Additionally, the Code Availability as well as Supplementary Data 1 and Supplementary Data 2 were missing from this article and have now been uploaded. The original article has been corrected. ⟦NEXT⟧ Supplementary information ⟦NEXT⟧ Supplementary Data 1 Supplementary Data 2 || Correction to: npj Breast Cancer 10.1038/s41523-023-00505-6, published online 26 January 2023 ⟦NEXT⟧ In this article the wrong figure appeared as Fig. 3; the figure should have appeared as shown below. Additionally, the Code Availability as well as Supplementary Data 1 and Supplementary Data 2 were missing from this article and have now been uploaded. The original article has been corrected. ⟦NEXT⟧ Supplementary information",https://pubmed.ncbi.nlm.nih.gov/36959207/,https://pmc.ncbi.nlm.nih.gov/articles/PMC10036337/,,,,,
41179771,PMC12576913,2025,Frontiers in public health,Correction: Outdoor air pollution and hospitalizations for ischemic heart disease: a systematic review and meta-analysis.,metadata_or_nonpropositional,metadata,40837958,,https://pubmed.ncbi.nlm.nih.gov/41179771/,https://pmc.ncbi.nlm.nih.gov/articles/PMC12576913/,,,,,
38355811,PMC10866864,2024,Scientific reports,Author Correction: The role of kinship and demography in shaping cooperation amongst male lions.,numeric_or_symbolic_candidate,location|multiple_numbers,33067511,"Correction to: Scientific Reports 10.1038/s41598-020-74247-x, published online 16 October 2020 ⟦NEXT⟧ The original version of this Article contained an error. In the Methods, under the subheading ‘Ethics statement’, the permit number of the Office of the Chief Wildlife Warden (CWLW) was incorrect. ⟦NEXT⟧ As a result, || Correction to: Scientific Reports 10.1038/s41598-020-74247-x, published online 16 October 2020 ⟦NEXT⟧ The original version of this Article contained an error. In the Methods, under the subheading ‘Ethics statement’, the permit number of the Office of the Chief Wildlife Warden (CWLW) was incorrect. ⟦NEXT⟧ As a result, ⟦NEXT⟧ “All permissions to carry out field work and sample collection were obtained from the Office of the Chief Wildlife Warden (CWLW), Gujarat under the provisions of the Wildlife Protection Act, 1972 (permit number: WLP/28/C/97-99/2011-16). Radio-collaring of lions was approved by the Ministry of Environment, Forests and Climate Change (MoEFCC), India (permit number: 22-7/2002 WL-I) and CWLW, Gujarat (permit number: WLP/26/B/356-61), and carried out under the supervision of veterinary officers.” || “All permissions to carry out fieldwork and sample collection were obtained from the Office of the Chief Wildlife Warden (CWLW) (Permit No: 4/2007-2008 dated 24/4/2007, and WLP/C/1-8/permission/61/2015-16), under the provisions of the Wildlife Protection Act, 1972. Radio-collaring of lions was approved by the Ministry of Environment, Forests and Climate Change (MoEFCC), India (permit number: 22-7/2002 WL-I) and CWLW, Gujarat (permit number: WLP/26/B/356-61) and carried out under the supervision of veterinary officers and forest officials.” ⟦NEXT⟧ The original Article has been corrected.",https://pubmed.ncbi.nlm.nih.gov/38355811/,https://pmc.ncbi.nlm.nih.gov/articles/PMC10866864/,,,,,
32589959,PMC7530571,2020,Cell,An Engineered CRISPR-Cas9 Mouse Line for Simultaneous Readout of Lineage Histories and Gene Expression Profiles in Single Cells.,numeric_or_symbolic_candidate,location|multiple_numbers,32413320,"Due to a production error, Figures S5 and S6 were not included with the article when it initially published. In addition, in the following equation, equal ( = ) signs were incorrectly included between the six union (u) signs and the curly brackets. ⟦NEXT⟧ Incorrect equation M j , k = { m ⇀ j − 1 , k − 1 ⊎ [ s j r k ] , m ⇀ j − 1 , k − 1 ∈ M j − 1 , k − 1 } ∪ { d ⇀ j − 1 , k − 1 ⊎ [ s j r k ] , d ⇀ j − 1 , k − 1 ∈ D j − 1 , k − 1 } ∪ { i ⇀ j − 1 , k − 1 ⊎ [ s j r k ] , i ⇀ j − 1 , k − 1 ∈ I j − 1 , k − 1 } D j , k = { m ⇀ j , k − 1 ⊎ [ B r k ] , m ⇀ j , k − 1 ∈ M j , k − 1 } ∪ { d ⇀ j , k − 1 ⊎ [ B r k ] , d ⇀ j , k − 1 ∈ D j , k − 1 } ∪ { i ⇀ j , k − 1 ⊎ [ B r k ] , i ⇀ j , k − 1 ∈ I j , k − 1 } I j , k = { m ⇀ j − 1 , k ⊎ [ s j B ] , m j − 1 , k ∈ M j − 1 , k } ∪ { d ⇀ j − 1 , k ⊎ [ s j B ] , d ⇀ j − 1 , k ∈ D j − 1 , k } ∪ { i ⇀ j − 1 , k ⊎ [ s j B ] , i ⇀ j − 1 , k ∈ I j − 1 , k } ⟦NEXT⟧ Correct equation ⟦NEXT⟧ These errors have now been corrected online, and we apologize for the inconvenience. || Due to a production error, Figures S5 and S6 were not included with the article when it initially published. In addition, in the following equation, equal ( = ) signs were incorrectly included between the six union (u) signs and the curly brackets. ⟦NEXT⟧ Incorrect equation M j , k = { m ⇀ j − 1 , k − 1 ⊎ [ s j r k ] , m ⇀ j − 1 , k − 1 ∈ M j − 1 , k − 1 } ∪ { d ⇀ j − 1 , k − 1 ⊎ [ s j r k ] , d ⇀ j − 1 , k − 1 ∈ D j − 1 , k − 1 } ∪ { i ⇀ j − 1 , k − 1 ⊎ [ s j r k ] , i ⇀ j − 1 , k − 1 ∈ I j − 1 , k − 1 } D j , k = { m ⇀ j , k − 1 ⊎ [ B r k ] , m ⇀ j , k − 1 ∈ M j , k − 1 } ∪ { d ⇀ j , k − 1 ⊎ [ B r k ] , d ⇀ j , k − 1 ∈ D j , k − 1 } ∪ { i ⇀ j , k − 1 ⊎ [ B r k ] , i ⇀ j , k − 1 ∈ I j , k − 1 } I j , k = { m ⇀ j − 1 , k ⊎ [ s j B ] , m j − 1 , k ∈ M j − 1 , k } ∪ { d ⇀ j − 1 , k ⊎ [ s j B ] , d ⇀ j − 1 , k ∈ D j − 1 , k } ∪ { i ⇀ j − 1 , k ⊎ [ s j B ] , i ⇀ j − 1 , k ∈ I j − 1 , k } ⟦NEXT⟧ Correct equation || Correct equation ⟦NEXT⟧ These errors have now been corrected online, and we apologize for the inconvenience.",https://pubmed.ncbi.nlm.nih.gov/32589959/,https://pmc.ncbi.nlm.nih.gov/articles/PMC7530571/,,,,,
27922633,PMC5315557,2016,Translational psychiatry,Variable telomere length across post-mortem human brain regions and specific reduction in the hippocampus of major depressive disorder.,unusable_or_ambiguous,,26371764,,https://pubmed.ncbi.nlm.nih.gov/27922633/,https://pmc.ncbi.nlm.nih.gov/articles/PMC5315557/,,,,,
41216559,PMC12434933,2025,Heliyon,"Corrigendum to ""A secure data transmission framework for IoT enabled healthcare"" [Heliyon Volume 10, Issue 16, August 2024, Article e36269].",metadata_or_nonpropositional,exact_language|metadata|multiple_numbers,39224301,"[55] G.T. Chavan, S. Agrawal, N.N. Sakhare, D. Mondal, M. Vigenesh, G. Vijayalakshmi, Investigating the effectiveness of birthday attack strategies in cryptography network security, in: 2023 3rd International Conference on Smart Generation Computing, Communication and Networking (SMART GENCON), IEEE, 2023, December, pp. 1 ⟦NEXT⟧ The correct version of reference [55] should be as below: ⟦NEXT⟧ [55] Twingate. (n.d.). Birthday attack. https://www.twingate.com/blog/glossary/birthday%20attack ⟦NEXT⟧ The authors apologize for the error. || [55] Twingate. (n.d.). Birthday attack. https://www.twingate.com/blog/glossary/birthday%20attack ⟦NEXT⟧ The authors apologize for the error. ⟦NEXT⟧ Declaration of competing interest ⟦NEXT⟧ The authors declare that they have no known competing financial interests or personal relationships that could have appeared to influence the work reported in this paper. || In this article, reference [55] was incorrectly included: ⟦NEXT⟧ [55] G.T. Chavan, S. Agrawal, N.N. Sakhare, D. Mondal, M. Vigenesh, G. Vijayalakshmi, Investigating the effectiveness of birthday attack strategies in cryptography network security, in: 2023 3rd International Conference on Smart Generation Computing, Communication and Networking (SMART GENCON), IEEE, 2023, December, pp. 1 ⟦NEXT⟧ The correct version of reference [55] should be as below:",https://pubmed.ncbi.nlm.nih.gov/41216559/,https://pmc.ncbi.nlm.nih.gov/articles/PMC12434933/,,,,,
40326271,PMC12053260,2025,Briefings in bioinformatics,Correction to: ProtGraph: a tool for the quick and comprehensive exploration and exploitation of the peptide search space derived from protein sequence databases using graphs.,metadata_or_nonpropositional,metadata|multiple_numbers,39757114,"This is a correction to: Dominik Lux, Katrin Marcus-Alic, Martin Eisenacher, Julian Uszkoreit, ProtGraph: a tool for the quick and comprehensive exploration and exploitation of the peptide search space derived from protein sequence databases using graphs, Briefings in Bioinformatics , Volume 26, Issue 1, January 2025, https://doi.org/10.1093/bib/bbae671 ⟦NEXT⟧ The following changes have been made to the originally published manuscript. Respective markup in the author byline has been made and a statement added regarding equal contribution made by two-co-authors to this paper: Martin Eisenacher and Julian Uszkoreit.",https://pubmed.ncbi.nlm.nih.gov/40326271/,https://pmc.ncbi.nlm.nih.gov/articles/PMC12053260/,,,,,
40027949,PMC11869249,2025,Therapeutic advances in infectious disease,"Corrigendum to ""Polio: Background and perspective on how international travel can be made safe against polio"".",metadata_or_nonpropositional,exact_language|metadata|multiple_numbers,39544851,"Dharmapalan D, John TJ, Steinglass R, Hirschhorn N. Polio: Background and perspective on how international travel can be made safe against polio. Therapeutic Advances in Infectious Disease . 2024;11. doi: 10.1177/20499361241298857 ⟦NEXT⟧ The publisher has been alerted to a potential error regarding the references used to support the following sentences in the article on p. 5, col. 2: “Fatwas were issued by the Taliban against oral polio vaccination as an alleged American conspiracy to sterilise the Muslim populations. Hundreds of polio vaccinators in these countries have been either kidnapped or killed during the last decade. Engagement of religious leaders as champions of polio eradication is a critical strategy to encourage vaccination against polio”. ⟦NEXT⟧ The reference list remains unaltered. The correct citation should read as follows and is placed here for the reader’s reference: ⟦NEXT⟧ Pg 5, Col. 1: The New York City Department of Health and Mental Hygiene had declared that there was no possibility of contamination of drinking water with sewage, 30 thus making the transmission theory of faecal-oral route not plausible. 8,17 || The publisher has been alerted to a potential error regarding the references used to support the following sentences in the article on p. 5, col. 2: “Fatwas were issued by the Taliban against oral polio vaccination as an alleged American conspiracy to sterilise the Muslim populations. Hundreds of polio vaccinators in these countries have been either kidnapped or killed during the last decade. Engagement of religious leaders as champions of polio eradication is a critical strategy to encourage vaccination against polio”. ⟦NEXT⟧ The reference list remains unaltered. The correct citation should read as follows and is placed here for the reader’s reference: ⟦NEXT⟧ Pg 5, Col. 1: The New York City Department of Health and Mental Hygiene had declared that there was no possibility of contamination of drinking water with sewage, 30 thus making the transmission theory of faecal-oral route not plausible. 8,17 ⟦NEXT⟧ P. 5, Col. 2: The Government of India requires polio vaccination certification at least 4 weeks before departure to India from polio-endemic countries, countries with poliovirus circulation following importation, and countries with cVDPV during the last 3 years. 31",https://pubmed.ncbi.nlm.nih.gov/40027949/,https://pmc.ncbi.nlm.nih.gov/articles/PMC11869249/,,,,,
35481077,PMC9027242,2022,RSC advances,"Correction: Electrocatalytic hydrogen generation using tripod containing pyrazolylborate-based copper(ii), nickel(ii), and iron(iii) complexes loaded on a glassy carbon electrode.",semantic_not_alignable,,35424777,The authors regret that an incorrect version of Scheme 1 was given in the original article. The corrected version is shown here. ⟦NEXT⟧ The structures of ligand KTp MeMe and its metal complexes MC. ⟦NEXT⟧ The Royal Society of Chemistry apologises for these errors and any consequent inconvenience to authors and readers.,https://pubmed.ncbi.nlm.nih.gov/35481077/,https://pmc.ncbi.nlm.nih.gov/articles/PMC9027242/,,,,,
35840577,PMC9287394,2022,Nature communications,Author Correction: Germline mutations in mitochondrial complex I reveal genetic and targetable vulnerability in IDH1-mutant acute myeloid leukaemia.,metadata_or_nonpropositional,metadata|multiple_numbers,35551192,"Correction to: Nature Communications 10.1038/s41467-022-30223-9, published online 12 May 2022. ⟦NEXT⟧ In this article the author name Brooks A. Benard was incorrectly written as Brooks A. Bernard. The original article has been corrected.",https://pubmed.ncbi.nlm.nih.gov/35840577/,https://pmc.ncbi.nlm.nih.gov/articles/PMC9287394/,,,,,
27644148,PMC5571738,2017,"Culture, health & sexuality",Corrigendum.,numeric_or_symbolic_candidate,location|visual|metadata|multiple_numbers,27552941,"Culture, Health & Sexuality . Advance online publication. doi:10.1080/13691058.2016.1216605. ⟦NEXT⟧ When the above article first published online, Figure 2 included incorrect data for the ‘before testosterone’ category of Cisgender men. ⟦NEXT⟧ This has now been corrected in the online and print versions of the paper to the below: ⟦NEXT⟧ The authors apologise for this error. || When the above article first published online, Figure 2 included incorrect data for the ‘before testosterone’ category of Cisgender men. ⟦NEXT⟧ This has now been corrected in the online and print versions of the paper to the below: ⟦NEXT⟧ The authors apologise for this error. || This has now been corrected in the online and print versions of the paper to the below: ⟦NEXT⟧ The authors apologise for this error.",https://pubmed.ncbi.nlm.nih.gov/27644148/,https://pmc.ncbi.nlm.nih.gov/articles/PMC5571738/,,,,,
28584894,PMC11107499,2017,Cellular and molecular life sciences : CMLS,Erratum to: Identification of a restriction point at the M/G1 transition in CHO cells.,unusable_or_ambiguous,,15004698,,https://pubmed.ncbi.nlm.nih.gov/28584894/,https://pmc.ncbi.nlm.nih.gov/articles/PMC11107499/,,,,,
26858805,PMC4737043,2016,Journal of clinical medicine research,Correction: Efficacy and Safety of Ipragliflozin in Japanese Patients With Type 2 Diabetes: Interim Outcome of the ASSIGN-K Study.,exact_replacement_candidate,exact_language|location|visual|multiple_numbers,26767080,"There were some errors in Table 2, the authors would like to make the following corrections. ⟦NEXT⟧ The baseline postprandial blood glucose level (mg/dL) should read 199.1 ± 85.2, instead of 199.1 ± 1.49. ⟦NEXT⟧ The 12 weeks postprandial blood glucose level (mg/dL) should read 154.9 ± 60.5, instead of 54.9 ± 60.5. || The baseline postprandial blood glucose level (mg/dL) should read 199.1 ± 85.2, instead of 199.1 ± 1.49. ⟦NEXT⟧ The 12 weeks postprandial blood glucose level (mg/dL) should read 154.9 ± 60.5, instead of 54.9 ± 60.5.",https://pubmed.ncbi.nlm.nih.gov/26858805/,https://pmc.ncbi.nlm.nih.gov/articles/PMC4737043/,,,,,
27893753,PMC5125558,2016,PLoS genetics,Correction: Rare Functional Variant in TM2D3 is Associated with Late-Onset Alzheimer's Disease.,metadata_or_nonpropositional,exact_language|metadata,27764101,"The equal contributions of the last six authors are displayed incorrectly. The equal contributions for these authors should be stated as follows: “EB, BMP, SS, JMS, VG and CMvD contributed equally to this work.” The publisher apologizes for the error. ⟦NEXT⟧ Two affiliations for the 53 rd author have been omitted. Joshua M. Shulman is also affiliated with: Department of Neurology, Baylor College of Medicine, Houston, Texas, United States of America, and Department of Neuroscience, Baylor College of Medicine, Houston, Texas, United States of America.",https://pubmed.ncbi.nlm.nih.gov/27893753/,https://pmc.ncbi.nlm.nih.gov/articles/PMC5125558/,,,,,
27275502,PMC4876268,2016,Annals of translational medicine,Erratum to Mitochondrial dysfunction in Kennedy's disease: a new pharmacological target?,unusable_or_ambiguous,,25992365,,https://pubmed.ncbi.nlm.nih.gov/27275502/,https://pmc.ncbi.nlm.nih.gov/articles/PMC4876268/,,,,,
32528995,PMC7263132,2020,Orthopaedic journal of sports medicine,"Corrigendum to ""High Rate of Return to CrossFit Training After Arthroscopic Management of Rotator Cuff Tear"".",exact_replacement_candidate,exact_language|metadata|multiple_numbers,32284944,"Carbone S, Candela V, Gumina S. High rate of return to CrossFit training after arthroscopic management of rotator cuff tear. Orthop J Sports Med . 2020;8(4):2325967120911039. (Original DOI: 10.1177/2325967120911039 ) ⟦NEXT⟧ The second author’s name appeared incorrectly in the initial published version of this article. The correct information should be Vittorio Candela, MD. The error has now been corrected in the full-text version.",https://pubmed.ncbi.nlm.nih.gov/32528995/,https://pmc.ncbi.nlm.nih.gov/articles/PMC7263132/,,,,,
36507418,PMC9727375,2022,Frontiers in plant science,"Corrigendum: Integrated metabolomics and transcriptomics insights on flavonoid biosynthesis of a medicinal functional forage, Agriophyllum squarrosum (L.), based on a common garden trial covering six ecotypes.",metadata_or_nonpropositional,exact_language|metadata|multiple_numbers,36204072,"In the published article, there was an error in affiliation 5. Instead of “Marsgreen Biotech Jiangsu Co., Ltd., Jiangyin, China”, it should be “Marsgreen Biotech Jiangsu Co., Ltd., Haian, China”. ⟦NEXT⟧ There was an error regarding the affiliations for Tingzhou Fang, Pengshu Zhao, Yuqiu Liao, and Liang Shi. An affiliation was missed, “College of Resources and Environment, University of Chinese Academy of Sciences, Beijing, China”. ⟦NEXT⟧ The authors apologize for these errors and state that this does not change the scientific conclusions of the article in any way. The original article has been updated. || In the published article, there was an error in affiliation 5. Instead of “Marsgreen Biotech Jiangsu Co., Ltd., Jiangyin, China”, it should be “Marsgreen Biotech Jiangsu Co., Ltd., Haian, China”. ⟦NEXT⟧ There was an error regarding the affiliations for Tingzhou Fang, Pengshu Zhao, Yuqiu Liao, and Liang Shi. An affiliation was missed, “College of Resources and Environment, University of Chinese Academy of Sciences, Beijing, China”. ⟦NEXT⟧ The authors apologize for these errors and state that this does not change the scientific conclusions of the article in any way. The original article has been updated. ⟦NEXT⟧ Publisher’s note",https://pubmed.ncbi.nlm.nih.gov/36507418/,https://pmc.ncbi.nlm.nih.gov/articles/PMC9727375/,,,,,
42125462,PMC13158846,2026,Frontiers in psychiatry,Correction: Transcutaneous auricular vagus nerve stimulation for major depressive disorder: current evidence and future research directions.,metadata_or_nonpropositional,metadata,41890420,"In the published article, there was an error in the affiliations. Affiliation 1 for authors “Jifei Sun, Hongwei Liu, Yuan Zhou, Chenjie Ma, Xiaojian Zhang, Shuqing Liu, and Chunbo Hao” was erroneously given as “Department of Neurology, Shunyi Hospital, Beijing University of Chinese Medicine, Beijing, China”. The correct affiliation is “Department of Neurology, Shunyi Hospital, Beijing Hospital of Traditional Chinese Medicine, Beijing, China”. ⟦NEXT⟧ The original version of this article has been updated.",https://pubmed.ncbi.nlm.nih.gov/42125462/,https://pmc.ncbi.nlm.nih.gov/articles/PMC13158846/,,,,,
38025389,PMC10661225,2023,Frontiers in behavioral neuroscience,"Corrigendum: Longitudinal relations between parenting stress and child internalizing and externalizing behaviors: testing within-person changes, bidirectionality and mediating mechanisms.",exact_replacement_candidate,exact_language|visual|metadata|multiple_numbers,36590923,"In the published article, the reference for “and others comprising child domains as well, including the Parenting Stress Index (PSI)” was incorrectly written as (Deater-Deckard and Panneton, 2017). It should be (Abidin, 1995 ). ⟦NEXT⟧ In the published article, the reference for “And the Parenting Daily Hassles scale (PDH);” was incorrectly written as (Patterson, 1992). It should be (Crnic and Greenberg, 1990 ). The full citation for this reference is: Crnic, K. A., and Greenberg, M. T. (1990). Minor parenting stresses with young children. Child Dev . 61, 1628–1637. ⟦NEXT⟧ In the published article, the reference for [“…in their systematic review that parental warmth was negatively associated with behavioral outcomes in preterm children, as displayed by fewer internalizing and externalizing problems.] was incorrectly written as Baumrind (1971). It should be Neel et al. ( 2018 ). ⟦NEXT⟧ In the published article, the reference for “Families with children registered on the Child Benefit Register born between December 1st 2007 and June 30th 2008 could be included, with a total of 41,185 eligible children” was incorrectly written as (Rogosa, 1980). It should be (Quail et al., 2011 ). || In the published article, the reference for [“…in their systematic review that parental warmth was negatively associated with behavioral outcomes in preterm children, as displayed by fewer internalizing and externalizing problems.] was incorrectly written as Baumrind (1971). It should be Neel et al. ( 2018 ). ⟦NEXT⟧ In the published article, the reference for “Families with children registered on the Child Benefit Register born between December 1st 2007 and June 30th 2008 could be included, with a total of 41,185 eligible children” was incorrectly written as (Rogosa, 1980). It should be (Quail et al., 2011 ). ⟦NEXT⟧ In the published article, the reference for “Children's emotional and behavioral problems were assessed by the Strengths and Difficulties Questionnaire (SDQ);” was incorrectly written as (Hamaker et al., 2015). It should be (Goodman, 1997 ). ⟦NEXT⟧ In the published article, the reference for “For the current study, the scores on the subscale Emotional Symptoms and Peer Problems were combined by summarizing the scores to create an “Internalizing” subscale, and the Conduct Problems and Hyperactivity subscale were combined by summarizing the scores to create an “Externalizing” subscale” was incorrectly written as (Quail et al., 2011). It should be (Goodman et al., 2010 ). || In the published article, the reference for “For the current study, the scores on the subscale Emotional Symptoms and Peer Problems were combined by summarizing the scores to create an “Internalizing” subscale, and the Conduct Problems and Hyperactivity subscale were combined by summarizing the scores to create an “Externalizing” subscale” was incorrectly written as (Quail et al., 2011). It should be (Goodman et al., 2010 ). ⟦NEXT⟧ In the published article, the reference for “The subscales demonstrated acceptable reliability (Internalizing Cronbach's a = 0.73, Externalizing Cronbach's a = 0.78;” was incorrectly written as (Goodman, 1997). It should be (Goodman et al., 2010 ). ⟦NEXT⟧ In the published article, the reference for “Parenting behavior was measured using an instrument from the Longitudinal Study of Australian Children (LSAC);” was incorrectly written as (Anthony et al., 2005). It should be (Zubrick et al., 2014 ). ⟦NEXT⟧ In the published article, the reference for “To investigate the within-person associations of parenting stress and child internalizing and externalizing behavior problems over time, random-intercept crossed lagged panel modeling (RI-CLPM) were used in R using the Rstudio software v.1.2.5019 and the Lavaan package” was incorrectly written as (Goodman, 1997). It should be (Rosseel, 2012 ). || In the published article, the reference for “Parenting behavior was measured using an instrument from the Longitudinal Study of Australian Children (LSAC);” was incorrectly written as (Anthony et al., 2005). It should be (Zubrick et al., 2014 ). ⟦NEXT⟧ In the published article, the reference for “To investigate the within-person associations of parenting stress and child internalizing and externalizing behavior problems over time, random-intercept crossed lagged panel modeling (RI-CLPM) were used in R using the Rstudio software v.1.2.5019 and the Lavaan package” was incorrectly written as (Goodman, 1997). It should be (Rosseel, 2012 ). ⟦NEXT⟧ In the published article, the reference for “Primary caregiver's cultural background and child's gender were included in the model as TIC's, and primary caregiver's age, partner status, household income, occupational status, and educational level were included in the model as TVC's” was incorrectly written as (Goodman et al., 2010). It should be (Mund et al., 2021 ). ⟦NEXT⟧ In the published article, the reference for “the Tucker–Lewis Index (TLI;” was incorrectly written as Rosseel, 2012. It should be (Tucker and Lewis, 1973 ). || In the published article, the reference for “As opposed to externalizing behaviors, internalizing behaviors could easily go unnoticed by parents, and maybe also because at very young ages children's verbal skills are less well-developed yet, which makes them less competent in expressing their internal feelings” was incorrectly written as (Kline, 2015). It should be (Tandon et al., 2009 ). ⟦NEXT⟧ In the published article, the reference for “This idea is also supported by studies examining correspondence between different informants, with often larger correspondence found in reports of children's externalizing problems when compared to internalizing problems] was incorrectly written as (Enders, 2001; Tandon et al., 2009”. It should be (van der Ende et al., 2012 ; De Los Reyes et al., 2015 ). ⟦NEXT⟧ In the published article, the reference for [“… investigated the specificity of parenting stressors and disentangled the associations between various parenting stressors and internalizing and externalizing behaviors,…] was incorrectly written as van der Ende et al. (2012). It should be Costa et al. ( 2006 ). ⟦NEXT⟧ In the published article, the reference for “(PSI-SF;” was incorrectly written as (Abidin, 1995). It should be (Abidin, 1990 ). || In the published article, the reference for “Although not supported by” was incorrectly written as van der Ende et al. (2012). It should be Costa et al. ( 2006 ). ⟦NEXT⟧ In the published article, the reference for “Thus, the total time interval of 6 years as used in the current study could have been too long to measure an actual mediation effect” was incorrectly written as (Costa et al., 2006). It should be (Boele et al., 2020 ). ⟦NEXT⟧ In the published article, the reference for “our study corrected for covariates that have widely been associated with parenting stress, including household income, educational status and occupational status” was incorrectly written as (Abidin, 1990, 1995). It should be (Abidin, 1990 , 1992 ). ⟦NEXT⟧ In the published article, the reference for “Parental reports on child's internalizing behaviors are commonly found to be underreported, for instance as a consequence of internalizing symptoms being less visible to parents” was incorrectly written as (Kline, 2015). It should be (Tandon et al., 2009 ). || In the published article, the reference for “Thus, the total time interval of 6 years as used in the current study could have been too long to measure an actual mediation effect” was incorrectly written as (Costa et al., 2006). It should be (Boele et al., 2020 ). ⟦NEXT⟧ In the published article, the reference for “our study corrected for covariates that have widely been associated with parenting stress, including household income, educational status and occupational status” was incorrectly written as (Abidin, 1990, 1995). It should be (Abidin, 1990 , 1992 ). ⟦NEXT⟧ In the published article, the reference for “Parental reports on child's internalizing behaviors are commonly found to be underreported, for instance as a consequence of internalizing symptoms being less visible to parents” was incorrectly written as (Kline, 2015). It should be (Tandon et al., 2009 ). ⟦NEXT⟧ In the published article, the reference for “Even though they studied an older sample than we did in our study, a large longitudinal study by” was incorrectly written as Boele et al. (2020). It should be Robinson et al. ( 2019 ). || In the published article, the reference for “Even though they studied an older sample than we did in our study, a large longitudinal study by” was incorrectly written as Boele et al. (2020). It should be Robinson et al. ( 2019 ). ⟦NEXT⟧ In the published article, the reference for “Secondary caregivers and teachers may have a different experience about the child's behavior than the primary caregiver” was incorrectly written as (Bradley and Corwyn, 2002; de Maat et al., 2021). It should be (Kraemer et al., 2003 ; de Maat et al., 2021 ). ⟦NEXT⟧ In the published article, the reference for “A multimethod approach could be applied, by combining both questionnaires and observational data to obtain a more objective measure of parental and child behavior” was incorrectly written as (Tandon et al., 2009). It should be (de Maat et al., 2021 ). ⟦NEXT⟧ In the published article, the reference for “Thus, future studies may investigate parenting and child outcomes from a more family systems perspective by including other family members, including other children in the household” was incorrectly written as (Richmond et al., 2005; Robinson et al., 2019). It should be (Richmond et al., 2005 ).",https://pubmed.ncbi.nlm.nih.gov/38025389/,https://pmc.ncbi.nlm.nih.gov/articles/PMC10661225/,,,,,
31503294,PMC6737520,2019,JAMA,"Data, Language, and Author Contribution Errors.",unusable_or_ambiguous,,31087022,,https://pubmed.ncbi.nlm.nih.gov/31503294/,https://pmc.ncbi.nlm.nih.gov/articles/PMC6737520/,,,,,
28687893,PMC6828318,2017,Biogerontology,Erratum to: The role of gender and labour status in immunosenescence of 65+ Polish population.,unusable_or_ambiguous,,28444479,,https://pubmed.ncbi.nlm.nih.gov/28687893/,https://pmc.ncbi.nlm.nih.gov/articles/PMC6828318/,,,,,
41939701,PMC13047500,2026,Frontiers in microbiology,Correction: Screening of probiotics for promoting mineral absorption based on in vitro fermentation and cell models.,metadata_or_nonpropositional,metadata,41834858,,https://pubmed.ncbi.nlm.nih.gov/41939701/,https://pmc.ncbi.nlm.nih.gov/articles/PMC13047500/,,,,,
36943413,PMC10158173,2023,Neuro-oncology,Corrigendum to: IDH-wildtype lower-grade diffuse gliomas: the importance of histological grade and molecular assessment for prognostic stratification.,unusable_or_ambiguous,,33173941,,https://pubmed.ncbi.nlm.nih.gov/36943413/,https://pmc.ncbi.nlm.nih.gov/articles/PMC10158173/,,,,,
40241086,PMC12004790,2025,BMC medicine,Correction: Robust circulating microRNA signature for the diagnosis and early detection of pancreatobiliary cancer.,metadata_or_nonpropositional,metadata|multiple_numbers,39838364,"Correction: BMC Med 23, 23 (2025) ⟦NEXT⟧ https://doi.org/10.1186/s12916-025-03849-x ⟦NEXT⟧ The original manuscript has been updated with an amendment to a minor typo in co-author, Satoshi Kobayashi’s name [ 1 ].",https://pubmed.ncbi.nlm.nih.gov/40241086/,https://pmc.ncbi.nlm.nih.gov/articles/PMC12004790/,,,,,
38696521,PMC11065236,2024,PloS one,"Correction: Unique characteristics of new complete blood count parameters, the Immature Platelet Fraction and the Immature Platelet Fraction Count, in dengue patients.",unusable_or_ambiguous,,34723977,,https://pubmed.ncbi.nlm.nih.gov/38696521/,https://pmc.ncbi.nlm.nih.gov/articles/PMC11065236/,,,,,
36543153,PMC10117603,2023,American journal of medical genetics. Part A,"Correction to ""Expanding phenotype of FAM111B-related disease focusing on liver involvement: Literature review, report of a case with end-stage liver disease and proposal for a new acronym"".",unusable_or_ambiguous,,35869874,,https://pubmed.ncbi.nlm.nih.gov/36543153/,https://pmc.ncbi.nlm.nih.gov/articles/PMC10117603/,,,,,
37476865,PMC10529803,2023,Transplantation,Long-term Transplant Function After Thrombolytic Treatment Ex Vivo of Donated Kidneys Retrieved 4 to 5 H After Circulatory Death: Erratum.,unusable_or_ambiguous,,35831928,,https://pubmed.ncbi.nlm.nih.gov/37476865/,https://pmc.ncbi.nlm.nih.gov/articles/PMC10529803/,,,,,
41564140,PMC12846845,2026,Proceedings of the National Academy of Sciences of the United States of America,"Correction for Keogh and Bilal, Combinatorial asymmetric acoustic metamaterials with real-time programmability.",numeric_or_symbolic_candidate,location|visual|multiple_numbers,41284887,"Correction for “Combinatorial asymmetric acoustic metamaterials with real-time programmability,” by Melanie R. Keogh and Osama R. Bilal, which published November 24, 2025; 10.1073/pnas.2502036122 ( Proc. Natl. Acad. Sci. U.S.A. 122 , e2502036122 ). ⟦NEXT⟧ The authors note that, due to a production error, Fig. 2 D appeared incorrectly. The authors explain that Fig. 2 D had erroneous red shading and a truncated line which should not be there. ⟦NEXT⟧ The corrected figure and its legend appear below. The online version has been corrected. ⟦NEXT⟧ Reprogrammable uniform metamaterial. ( A ) Polar plot map of the band gap frequencies along -X direction for a unit cell with a single two-indentation pillar. ( B ) Dispersion curves of an infinite repetition of the single unit-cell, ( C ) numerical acoustic transmission for a finite structure composed of the same unit cell, and ( D ) experimental transmission results for the same finite structure with unit cells oriented at (red) and (blue). The band gap frequency regions are shaded in light red for the orientation. There are no band gaps frequencies for the orientation. An experimental acoustic measurement field superimposed onto the numerical simulation for a uniform metamaterial composed of a single pillar unit-cell at ( E ) orientation excited at 7.33 kHz, ( F ) orientation excited at 7.33 kHz, and ( G ) orientation excited at 12.46 kHz is illustrated. || Correction for “Combinatorial asymmetric acoustic metamaterials with real-time programmability,” by Melanie R. Keogh and Osama R. Bilal, which published November 24, 2025; 10.1073/pnas.2502036122 ( Proc. Natl. Acad. Sci. U.S.A. 122 , e2502036122 ). ⟦NEXT⟧ The authors note that, due to a production error, Fig. 2 D appeared incorrectly. The authors explain that Fig. 2 D had erroneous red shading and a truncated line which should not be there. ⟦NEXT⟧ The corrected figure and its legend appear below. The online version has been corrected. || The authors note that, due to a production error, Fig. 2 D appeared incorrectly. The authors explain that Fig. 2 D had erroneous red shading and a truncated line which should not be there. ⟦NEXT⟧ The corrected figure and its legend appear below. The online version has been corrected. ⟦NEXT⟧ Reprogrammable uniform metamaterial. ( A ) Polar plot map of the band gap frequencies along -X direction for a unit cell with a single two-indentation pillar. ( B ) Dispersion curves of an infinite repetition of the single unit-cell, ( C ) numerical acoustic transmission for a finite structure composed of the same unit cell, and ( D ) experimental transmission results for the same finite structure with unit cells oriented at (red) and (blue). The band gap frequency regions are shaded in light red for the orientation. There are no band gaps frequencies for the orientation. An experimental acoustic measurement field superimposed onto the numerical simulation for a uniform metamaterial composed of a single pillar unit-cell at ( E ) orientation excited at 7.33 kHz, ( F ) orientation excited at 7.33 kHz, and ( G ) orientation excited at 12.46 kHz is illustrated.",https://pubmed.ncbi.nlm.nih.gov/41564140/,https://pmc.ncbi.nlm.nih.gov/articles/PMC12846845/,,,,,
27234345,PMC4886780,2016,Journal of virology,"Correction for Shin et al., Histone Deacetylase Classes I and II Regulate Kaposi's Sarcoma-Associated Herpesvirus Reactivation.",unusable_or_ambiguous,,24227836,,https://pubmed.ncbi.nlm.nih.gov/27234345/,https://pmc.ncbi.nlm.nih.gov/articles/PMC4886780/,,,,,
41623674,PMC12859576,2025,iLIVER,"Corrigendum to ""A HRG novel mutation associated with idiopathic portal hypertension: Case report and literature review"" [iLIVER 1 (2022) 90-95].",unusable_or_ambiguous,,40636418,,https://pubmed.ncbi.nlm.nih.gov/41623674/,https://pmc.ncbi.nlm.nih.gov/articles/PMC12859576/,,,,,
37158849,PMC10398721,2023,Genetic testing and molecular biomarkers,"Correction to: Identifying Mitochondrial Transcription Factor A As a Potential Biomarker for the Carcinogenesis and Prognosis of Prostate Cancer, by Yaqiong Tian, et al. Genet Test Mol Biomarkers 2023; (vol. 27, no. 1; 5-11); doi: 10.1089/gtmb.2022.0141.",unusable_or_ambiguous,,36719981,,https://pubmed.ncbi.nlm.nih.gov/37158849/,https://pmc.ncbi.nlm.nih.gov/articles/PMC10398721/,,,,,
31673394,PMC6802973,2019,Open heart,"Correction: Real-world comparison of clopidogrel, prasugrel and ticagrelor in patients undergoing primary percutaneous coronary intervention .",metadata_or_nonpropositional,exact_language|metadata|formatting|multiple_numbers,31328001,"Krishnamurthy A, Keeble C, Anderson M, et al . Real-world comparison of clopidogrel, prasugrel and ticagrelor in patients undergoing primary percutaneous coronary intervention. Open Heart 2019;6:e000951. ⟦NEXT⟧ The published version misspelled co-author’s name as John Greenwood. The correct name should be John P Greenwood.",https://pubmed.ncbi.nlm.nih.gov/31673394/,https://pmc.ncbi.nlm.nih.gov/articles/PMC6802973/,,,,,
32910254,PMC7815557,2021,Journal of neurology,Correction to: Frequency of fatigue and its changes in the first 6 months after traumatic brain injury: results from the CENTER-TBI study.,metadata_or_nonpropositional,exact_language|metadata|multiple_numbers,32676767,"Correction to: Journal of Neurology 10.1007/s00415-020-10022-2 ⟦NEXT⟧ The original version of this article unfortunately contained a mistake. The Collaborator name Joukje van der Naalt is incorrectly tagged. Therefore, author name is cited incorrectly in PubMed. The given name and family name should be as follows: ⟦NEXT⟧ Given name: Joukje. || Correction to: Journal of Neurology 10.1007/s00415-020-10022-2 ⟦NEXT⟧ The original version of this article unfortunately contained a mistake. The Collaborator name Joukje van der Naalt is incorrectly tagged. Therefore, author name is cited incorrectly in PubMed. The given name and family name should be as follows: ⟦NEXT⟧ Given name: Joukje. ⟦NEXT⟧ Family name: van der Naalt.",https://pubmed.ncbi.nlm.nih.gov/32910254/,https://pmc.ncbi.nlm.nih.gov/articles/PMC7815557/,,,,,
28459934,PMC12520704,2017,JAMA pediatrics,Error in Sensitivity and Specificity Estimates.,unusable_or_ambiguous,,28046187,,https://pubmed.ncbi.nlm.nih.gov/28459934/,https://pmc.ncbi.nlm.nih.gov/articles/PMC12520704/,,,,,
37316809,PMC10268485,2023,BMC emergency medicine,Correction: Australian emergency department care for older adults diagnosed with low back pain of lumbar spine origin: a retrospective analysis of electronic medical record system data (2016-2019).,numeric_or_symbolic_candidate,formatting|multiple_numbers,36782123,10.1186/s12873-023-00789-8 ⟦NEXT⟧ The original article [ 1 ] contained a typographical error in Gustavo C Machado’s name which has since been amended.,https://pubmed.ncbi.nlm.nih.gov/37316809/,https://pmc.ncbi.nlm.nih.gov/articles/PMC10268485/,,,,,
29832041,PMC5252351,1919,The Hospital,Erratum.,unusable_or_ambiguous,,,,https://pubmed.ncbi.nlm.nih.gov/29832041/,https://pmc.ncbi.nlm.nih.gov/articles/PMC5252351/,,,,,
42582571,PMC13458253,2026,Frontiers in immunology,Correction: PIGL promotes the docetaxel resistance of prostate cancer and is regulated by E3 ubiquitin ligase HUWE1.,exact_replacement_candidate,exact_language|location|visual|multiple_numbers,42396433,"There was a mistake in Figure 1 , Figure 3 , Figure 6 , Figure 7 as published. All Western blot panels in the Figure 1 , Figure 3 , Figure 6 , and Figure 7 have been incorrectly replaced with the original gel images, and all group information, condition annotations, and molecular weight markers were erroneously removed. The corrected Figure 1 , Figure 3 , Figure 6 , and Figure 7 appears below. ⟦NEXT⟧ PIGL is highly expressed in PCa and associated with poor prognosis. (A) The differential expression of PIGL mRNA between normal and PCa tissues analyzed by TCGA-PARD dataset. (B) The association of expression level of PIGL mRNA with Gleason score analyzed by TCGA-PARD dataset. (C) The association of expression level of PIGL mRNA with nodal metastasis analyzed by TCGA-PARD dataset. (D) The association of expression level of PIGL mRNA with overall survival (OS) analyzed by TCGA PARD dataset. (E) RT-qPCR showing the differential expression of PIGL mRNA between PCa tissues and paired tissues adjacent to cancer from patients in our centers; paired two-tailed student’s t-test. (F, G) The association of expression level of PIGL mRNA in PCa tissues from patients in our centers with biochemical recurrence-free survival (BCRFS) and OS; Kaplan-Meier analysis Gehan-Breslow-Wilcoxon test. (H, I) Western blot and the quantitative results showing the differential expression of PIGL protein between PCa tissues and paired tissues adjacent to cancer from patients in our centers; paired two-tailed student’s t-test. (J, K) The association of expression level of PIGL protein in PCa tissues from patients in our centers with BCRFS and OS; Kaplan-Meier analysis followed by Gehan-Breslow-Wilcoxon test. **P < 0.01, ***P < 0.001. ⟦NEXT⟧ The expression level of PIGL protein rather than mRNA was increased in the docetaxel-resistant PCa cells and tissues. (A) RT-qPCR showing the differential expression of PIGL mRNA between longer progression-free survival (PFS) and shorter PFS PCa biopsy tissues from mCRPC patients receiving docetaxel chemotherapy in our centers; unpaired two-tailed student’s t-test. (B) The association of expression level of PIGL mRNA with PFS and overall survival (OS) in PCa biopsy tissues from mCRPC patients receiving docetaxel chemotherapy; Kaplan-Meier analysis followed by Gehan-Breslow-Wilcoxon test. (C) Western blot and the quantitative results showing the differential expression of PIGL protein between longer PFS and shorter PFS PCa biopsy tissues from mCRPC patients receiving docetaxel chemotherapy in our centers; unpaired two-tailed student’s t-test. (D) The association of expression level of PIGL protein with PFS and OS in PCa biopsy tissues from mCRPC patients receiving docetaxel chemotherapy; Kaplan-Meier analysis followed by Gehan-Breslow-Wilcoxon test. (E) RT-qPCR showing the differential expression of PIGL mRNA between docetaxel-resistant and docetaxel-sensitive PCa cells; unpaired two-tailed student’s t-test. (F) Western blot and the quantitative",https://pubmed.ncbi.nlm.nih.gov/42582571/,https://pmc.ncbi.nlm.nih.gov/articles/PMC13458253/,,,,,
26271328,PMC4571332,2015,Molecular biology of the cell,Correction.,metadata_or_nonpropositional,location|metadata|multiple_numbers,20375150,"The journal wishes to point out that, at his request, Amit Bardhan has been removed as an author from “Meiotic Cohesin Promotes Pairing of Nonhomologous Centromeres in Early Meiotic Prophase” (Mol. Biol. Cell [2010] 21, 1799–1809 originally published in MBoC In Press as 10.1091/mbc. E09-05-0392). ⟦NEXT⟧ Also, the citation for Brar et al. (2008) in the References section of the article has been corrected to Brar, G.A., Hochwagen, A., Ee, L.S., and Amon, A. (2009). The multiple roles of cohesin in meiotic chromosome morphogenesis and pairing. Mol. Biol. Cell 20, 1030–1047. ⟦NEXT⟧ The HTML and PDF versions were changed on the Molecular Biology of the Cell website on July 16, 2015. These changes may not appear on copies of the article that reside on other websites.",https://pubmed.ncbi.nlm.nih.gov/26271328/,https://pmc.ncbi.nlm.nih.gov/articles/PMC4571332/,,,,,
27485448,PMC4976204,2016,Nature communications,Erratum: Finite particle size drives defect-mediated domain structures in strongly confined colloidal liquid crystals.,metadata_or_nonpropositional,exact_language|location|metadata|multiple_numbers,27353002,"Faculty of Physics, University of Vienna, Boltzmanngasse 5, A-1090 Vienna, Austria. ⟦NEXT⟧ The name of this author is also incorrect in the ‘How to cite this article' section. This section should read: ⟦NEXT⟧ Gârlea, I. C. et al. Finite particle size drives defect-mediated domain structures in strongly confined colloidal liquid crystals. Nat. Commun. 7:12112 doi: 10.1038/ncomms12112 (2016). || Nature Communications 7 : Article number: 1211210.1038/ncomms12112 ( 2016 ); Published: 06 29 2016 ; Updated: 08 03 2016 . ⟦NEXT⟧ The present address for Ioana C. Gârlea is incorrect in this Article. The correct present address for this author is given below: ⟦NEXT⟧ Faculty of Physics, University of Vienna, Boltzmanngasse 5, A-1090 Vienna, Austria. ⟦NEXT⟧ The name of this author is also incorrect in the ‘How to cite this article' section. This section should read:",https://pubmed.ncbi.nlm.nih.gov/27485448/,https://pmc.ncbi.nlm.nih.gov/articles/PMC4976204/,,,,,
35440013,PMC9019958,2022,Research involvement and engagement,Correction to: Making the patient voice heard in a research consortium: experiences from an EU project (IMI-APPROACH).,exact_replacement_candidate,exact_language|location|visual|metadata|multiple_numbers,33971982,"The authors would like to thank all partners of the APPROACH consortium for their continued collaboration and support of the PC. Versus Arthritis (UK) and ReumaNederland (The Netherlands) have made a particular contribution at the project proposal stage and invited founding PC members. Ingrid Lether participated in the MRI test and re-test study (Dry run of clinical protocol by APPROACH researchers section), together with two co-authors of this paper. Merck KGaA kindly allowed the authors to utilize drawings from its 350th anniversary research day (Fig. 3); the artist was Andreas Gaertner from die-zeichner.de. The authors would also like to acknowledge two former PC members from Germany and Spain, respectively; when still active members of the PC, their contribution and experience was highly valued. The authors would like to thank specifically the IMI reviewers and expert panels who encouraged the involvement of patients from the inception of this project. ⟦NEXT⟧ The correct Acknowledgements section should read: ⟦NEXT⟧ The authors would like to thank all partners of the APPROACH consortium for their continued collaboration and support of the PC. Versus Arthritis (UK) and ReumaNederland (The Netherlands) have made a particular contribution at the project proposal stage and invited founding PC members. Leonie Hussaarts (Lygature) was the PC coordinator from the start of the APPROACH project; in this role she initiated and managed a number of trivial PC activities (see section “Operationalizing the PC”). Ingrid Lether participated in the MRI test and re-test study (Dry run of clinical protocol by APPROACH researchers section), together with two co-authors of this paper. Merck KGaA kindly allowed the authors to utilize drawings from its 350th anniversary research day (Fig. 5 ); the artist was Andreas Gaertner from die-zeichner.de. The authors would also like to acknowledge two former PC members from Germany and Spain, respectively; when still active members of the PC, their contribution and experience was highly valued. The authors would like to thank specifically the IMI reviewers and expert panels who encouraged the involvement of patients from the inception of this project. ⟦NEXT⟧ All the changes requested are implemented in this correction and the original article [ 1 ] has been corrected. || Correction to: Res Involv Engagem 7, 24 (2021). 10.1186/s40900-021-00267-0 ⟦NEXT⟧ Following publication of the original article [ 1 ], the authors reported errors in the Acknowledgements section. The revised Acknowledgements section is indicated hereafter and the changes have been highlighted in bold typeface . ⟦NEXT⟧ The incorrect Acknowledgements section reads: || The authors would like to thank all partners of the APPROACH consortium for their continued collaboration and support of the PC. Versus Arthritis (UK) and ReumaNederland (The Netherlands) have made a particular contribution at the project proposal stage and invited founding PC members. Leonie Hussaarts (Lygature) was the PC coordinator from the start of the APPROACH project; in this role she initiated and managed a number of trivial PC activities (see section “Operationalizing the PC”). Ingrid Lether participated in the MRI test and re-test study (Dry run of clinical protocol by APPROACH researchers section), together with two co-authors of this paper. Merck KGaA kindly allowed the authors to utilize drawings from its 350th anniversary research day (Fig. 5 ); the artist was Andreas Gaertner from die-zeichner.de. The authors would also like to acknowledge two former PC members from Germany and Spain, respectively; when still active members of the PC, their contribution and experience was highly valued. The authors would like to thank specifically the IMI reviewers and expert panels who encouraged the involvement of patients from the inception of this project. ⟦NEXT⟧ All the changes requested are implemented in this correction and the original article [ 1 ] has been corrected. || Following publication of the original article [ 1 ], the authors reported errors in the Acknowledgements section. The revised Acknowledgements section is indicated hereafter and the changes have been highlighted in bold typeface . ⟦NEXT⟧ The incorrect Acknowledgements section reads: ⟦NEXT⟧ The authors would like to thank all partners of the APPROACH consortium for their continued collaboration and support of the PC. Versus Arthritis (UK) and ReumaNederland (The Netherlands) have made a particular contribution at the project proposal stage and invited founding PC members. Ingrid Lether participated in the MRI test and re-test study (Dry run of clinical protocol by APPROACH researchers section), together with two co-authors of this paper. Merck KGaA kindly allowed the authors to utilize drawings from its 350th anniversary research day (Fig. 3); the artist was Andreas Gaertner from die-zeichner.de. The authors would also like to acknowledge two former PC members from Germany and Spain, respectively; when still active members of the PC, their contribution and experience was highly valued. The authors would like to thank specifically the IMI reviewers and expert panels who encouraged the involvement of patients from the inception of this project. ⟦NEXT⟧ The correct Acknowledgements section should read:",https://pubmed.ncbi.nlm.nih.gov/35440013/,https://pmc.ncbi.nlm.nih.gov/articles/PMC9019958/,,,,,
36726364,PMC9885774,2023,International journal of general medicine,Erratum: Analysis of Emergency Department Use by Non-Urgent Patients and Their Visit Characteristics at an Academic Center [Corrigendum].,metadata_or_nonpropositional,location|metadata|multiple_numbers,36711428,"Alnasser S, Alharbi M, AAlibrahim A, et al. Int J Gen Med . 2023;16:221–232. ⟦NEXT⟧ The authors advise that the Funding section on page 231 is incorrect. The revised Funding statement is as follows:",https://pubmed.ncbi.nlm.nih.gov/36726364/,https://pmc.ncbi.nlm.nih.gov/articles/PMC9885774/,,,,,
32928753,PMC7489964,2020,Annals of family medicine,Correction.,unusable_or_ambiguous,,32393553,,https://pubmed.ncbi.nlm.nih.gov/32928753/,https://pmc.ncbi.nlm.nih.gov/articles/PMC7489964/,,,,,
33786752,PMC8496638,2021,Canadian journal of anaesthesia = Journal canadien d'anesthesie,Correction to: Anesthesiology airway-related medicolegal cases from the Canadian Medical Protective Association.,numeric_or_symbolic_candidate,multiple_numbers,33200320,Can J Anesth/J Can Anesth (2021) 68:183–195 10.1007/s12630-020-01846-7 ⟦NEXT⟧ The title of this article appeared incorrectly in its original publication. It appears correctly here.,https://pubmed.ncbi.nlm.nih.gov/33786752/,https://pmc.ncbi.nlm.nih.gov/articles/PMC8496638/,,,,,
38815237,PMC11227623,2024,Human molecular genetics,Correction to: Ryanodine receptor remodeling in cardiomyopathy and muscular dystrophy caused by lamin A/C gene mutation.,unusable_or_ambiguous,,33388782,,https://pubmed.ncbi.nlm.nih.gov/38815237/,https://pmc.ncbi.nlm.nih.gov/articles/PMC11227623/,,,,,
35440692,PMC9061292,2022,Leukemia,"Correction: Infectious complications of targeted drugs and biotherapies in acute leukemia. Clinical practice guidelines by the European Conference on Infections in Leukemia (ECIL), a joint venture of the European Group for Blood and Marrow Transplantation (EBMT), the European Organization for Research and Treatment of Cancer (EORTC), the International Immunocompromised Host Society (ICHS) and the European Leukemia Net (ELN).",numeric_or_symbolic_candidate,multiple_numbers,35368047,"Correction to: Leukemia 10.1038/s41375-022-01556-7, published online 02 April 2022 ⟦NEXT⟧ Due to an error in the typesetting process of this article, the names of the authors have been set incorrectly. We have corrected this in the original article. ⟦NEXT⟧ We apologise for the error. || Due to an error in the typesetting process of this article, the names of the authors have been set incorrectly. We have corrected this in the original article. ⟦NEXT⟧ We apologise for the error.",https://pubmed.ncbi.nlm.nih.gov/35440692/,https://pmc.ncbi.nlm.nih.gov/articles/PMC9061292/,,,,,
39118183,PMC11308584,2024,Journal of experimental & clinical cancer research : CR,Correction: The number of polyploid giant cancer cells and epithelial-mesenchymal transitionrelated proteins are associated with invasion and metastasis in human breast cancer.,numeric_or_symbolic_candidate,location|visual|multiple_numbers,26702618,"Correction: J Exp Clin Cancer Res 34, 158 (2015) ⟦NEXT⟧ 10.1186/s13046-015-0277-8 ⟦NEXT⟧ Following publication of the original article [ 1 ], the authors found an overlapping image in the lower left corner of “Control cells” (left image) and the upper right corner of “PGCCs with budding” (right image) in the “Invasion assay” section of Fig. 4 , panel G. || Following publication of the original article [ 1 ], the authors found an overlapping image in the lower left corner of “Control cells” (left image) and the upper right corner of “PGCCs with budding” (right image) in the “Invasion assay” section of Fig. 4 , panel G. ⟦NEXT⟧ Incorrect Figure 4 ⟦NEXT⟧ Fig. 4 CoCl 2 increases the migration and invasion of breast cancer cells. a Representative images of the wound-healing assay for MCF-7 cells at different times (×40). b MCF-7 cell migration is shown as a wound-healing index quantified by measuring at least three different wound areas. c Representative images of the wound-healing assay for MDA-MB-231 cells at different times (×40). d Quantitative data of MDA-MB-231 cell migration between control cells and PGCCs with budding. e , g Transwell migration and invasion assays were performed in control MCF-7 and MDA-MB-231 cells and PGCCs with budding (×100). Upper panels indicate the migration and lower panels show cell invasion. f , h Quantitative results of transwell migration and invasion assay in MCF-7 and MDA-MB-231 cells ⟦NEXT⟧ CoCl 2 increases the migration and invasion of breast cancer cells. a Representative images of the wound-healing assay for MCF-7 cells at different times (×40). b MCF-7 cell migration is shown as a wound-healing index quantified by measuring at least three different wound areas. c Representative images of the wound-healing assay for MDA-MB-231 cells at different times (×40). d Quantitative data of MDA-MB-231 cell migration between control cells and PGCCs with budding. e , g Transwell migration and invasion assays were performed in control MCF-7 and MDA-MB-231 cells and PGCCs with budding (×100). Upper panels indicate the migration and lower panels show cell invasion. f , h Quantitative results of transwell migration and invasion assay in MCF-7 and MDA-MB-231 cells",https://pubmed.ncbi.nlm.nih.gov/39118183/,https://pmc.ncbi.nlm.nih.gov/articles/PMC11308584/,,,,,
32767634,PMC7411562,2020,EMBO molecular medicine,Follistatin is a novel therapeutic target and biomarker in FLT3/ITD acute myeloid leukemia.,unusable_or_ambiguous,,32134197,,https://pubmed.ncbi.nlm.nih.gov/32767634/,https://pmc.ncbi.nlm.nih.gov/articles/PMC7411562/,,,,,
36213667,PMC9536489,2022,Frontiers in medicine,Corrigendum: The severity of acute kidney and lung injuries induced by cecal ligation and puncture is attenuated by menthol: Role of proliferating cell nuclear antigen and apoptotic markers.,numeric_or_symbolic_candidate,location|visual|multiple_numbers,35814769,"In the published article, there was an error in Figure 4 as published. The figure was a duplicate of Figure 5. The corrected Figure 4 and its caption appear below. ⟦NEXT⟧ Menthol treatment improves pulmonary oxidative stress status and inhibits the sepsis-induced reduction of the antioxidant capacity of lung tissue. Menthol treatment of CLP rats ameliorated CLP-induced oxidative imbalance in lung tissues as shown with the results of (A) , malondialdehyde (MDA), (B) nitrate/nitrite, (C) activity of superoxide dismutase (SOD) and (D) , reduced glutathione (GSH). Menthol (100 mg/kg, p.o), 2 h after surgery. n = 6 per group. Data were analyzed by one-way ANOVA followed by Tukey's post-test for multiple comparison. Data represent the mean ± SEM of 6 independent observations. * Significantly different from the CLP group at p < 0.05. ⟦NEXT⟧ The authors apologize for this error and state that this does not change the scientific conclusions of the article in any way. The original article has been updated. || Menthol treatment improves pulmonary oxidative stress status and inhibits the sepsis-induced reduction of the antioxidant capacity of lung tissue. Menthol treatment of CLP rats ameliorated CLP-induced oxidative imbalance in lung tissues as shown with the results of (A) , malondialdehyde (MDA), (B) nitrate/nitrite, (C) activity of superoxide dismutase (SOD) and (D) , reduced glutathione (GSH). Menthol (100 mg/kg, p.o), 2 h after surgery. n = 6 per group. Data were analyzed by one-way ANOVA followed by Tukey's post-test for multiple comparison. Data represent the mean ± SEM of 6 independent observations. * Significantly different from the CLP group at p < 0.05. ⟦NEXT⟧ The authors apologize for this error and state that this does not change the scientific conclusions of the article in any way. The original article has been updated. ⟦NEXT⟧ Publisher's note ⟦NEXT⟧ All claims expressed in this article are solely those of the authors and do not necessarily represent those of their affiliated organizations, or those of the publisher, the editors and the reviewers. Any product that may be evaluated in this article, or claim that may be made by its manufacturer, is not guaranteed or endorsed by the publisher.",https://pubmed.ncbi.nlm.nih.gov/36213667/,https://pmc.ncbi.nlm.nih.gov/articles/PMC9536489/,,,,,
29462192,PMC5819812,2018,PloS one,Correction: A refined model of claudin-15 tight junction paracellular architecture by molecular dynamics simulations.,metadata_or_nonpropositional,location|metadata|multiple_numbers,28863193,,https://pubmed.ncbi.nlm.nih.gov/29462192/,https://pmc.ncbi.nlm.nih.gov/articles/PMC5819812/,,,,,
26891911,PMC4759760,2016,Trials,Erratum to: 'Perioperative use of crystalloids in patients undergoing open radical cystectomy: balanced Ringer's maleate versus a glucose 5%/potassium-based balanced solution: study protocol for a randomized controlled trial'.,unusable_or_ambiguous,location|visual|multiple_numbers,25005045,,https://pubmed.ncbi.nlm.nih.gov/26891911/,https://pmc.ncbi.nlm.nih.gov/articles/PMC4759760/,,,,,
33487883,PMC7809891,2021,Agriculture and human values,Correction to: A small Iowa farmer's perspective on COVID-19.,metadata_or_nonpropositional,metadata|multiple_numbers,32421079,"Correction to: Agriculture and Human Values (2020) 37:631–632 10.1007/s10460-020-10084-y ⟦NEXT⟧ The article A small Iowa farmer's perspective on COVID-19, written by Denise O’Brien, was originally published electronically on the publisher’s internet portal (currently SpringerLink) on 14 May 2020 with open access. With the author(s)’ decision to step back from Open Choice, the copyright of the article changed December/2020 to © Springer Nature B.V. 2020 and the article is forthwith distributed under the terms of copyright.",https://pubmed.ncbi.nlm.nih.gov/33487883/,https://pmc.ncbi.nlm.nih.gov/articles/PMC7809891/,,,,,
30695653,PMC6827947,2019,Journal of clinical oncology : official journal of the American Society of Clinical Oncology,Errata.,unusable_or_ambiguous,,25547504,,https://pubmed.ncbi.nlm.nih.gov/30695653/,https://pmc.ncbi.nlm.nih.gov/articles/PMC6827947/,,,,,
26558167,PMC4630242,2015,SpringerPlus,Erratum to: Comparison of the trifecta outcomes of robotic and open nephron-sparing surgeries performed in the robotic era of a single institution.,metadata_or_nonpropositional,metadata|multiple_numbers,26361573,"Erratum to: SpringerPlus (2015) 4:472 DOI 10.1186/s40064-015-1274-2 ⟦NEXT⟧ It has come to our attention that during the production of the original article (Acar et al. 2015 ), the name of the second author, Esin Ozturk-Isik, was spelt as Esin Öztürk Işık, which is incorrect and differs from how her name appears in previously published work. The publisher apologises for any inconvenience caused by this.",https://pubmed.ncbi.nlm.nih.gov/26558167/,https://pmc.ncbi.nlm.nih.gov/articles/PMC4630242/,,,,,
31194727,PMC6563946,2019,PLoS computational biology,Correction: Atrial arrhythmogenicity of KCNJ2 mutations in short QT syndrome: Insights from virtual human atria.,numeric_or_symbolic_candidate,metadata|multiple_numbers,28609477,"Notice of Republication ⟦NEXT⟧ This article was republished on September 12, 2017, to correct an error in the author byline and article citation. The publisher apologizes for the error. Please download this article again to view the correct version. ⟦NEXT⟧ Supporting information ⟦NEXT⟧ Republished, corrected article. (PDF) || Supporting information ⟦NEXT⟧ Republished, corrected article. (PDF) ⟦NEXT⟧ Republished, corrected article. ⟦NEXT⟧ (PDF) || Republished, corrected article. (PDF) ⟦NEXT⟧ Republished, corrected article. ⟦NEXT⟧ (PDF) ⟦NEXT⟧ Click here for additional data file.",https://pubmed.ncbi.nlm.nih.gov/31194727/,https://pmc.ncbi.nlm.nih.gov/articles/PMC6563946/,,,,,
36923910,PMC10009781,2023,ACS medicinal chemistry letters,"Correction to ""Using Imidazo[2,1- b ][1,3,4]thiadiazol Skeleton to Design and Synthesize Novel MNK Inhibitors"".",unusable_or_ambiguous,,36655132,,https://pubmed.ncbi.nlm.nih.gov/36923910/,https://pmc.ncbi.nlm.nih.gov/articles/PMC10009781/,,,,,
42052487,PMC13112451,2026,Frontiers in oncology,Correction: Germ-line exon 21 EGFR V831H mutation in advanced NSCLC resistance to almonertinib: a case report.,exact_replacement_candidate,exact_language|location|visual|multiple_numbers,41788992,"The date “2023.8.19” and the sentence “The patient underwent bronchial angiography and embolization in an effort to control the tumor.” should be deleted; ⟦NEXT⟧ The sentence “NGS genetic testing report on subcarinal adenocarcinoma tissue: EGFR V831H mutation positive”should be changed to “NGS(next-generation sequencing) genetic testing report on subcarinal adenocarcinoma tissue: EGFR V831H mutation positive”. ⟦NEXT⟧ The corrected Table 1 appears below. ⟦NEXT⟧ The original version of this article has been updated. || The sentence “Pathological examination of the histological wax block via subcarinal puncture confirmed adenocarcinoma.”should be changed to “BAE treatment was administered for the patient. Commence standard isoniazid and rifampin combination therapy for anti-tuberculosis treatment.” ⟦NEXT⟧ The date “2023.8.19” and the sentence “The patient underwent bronchial angiography and embolization in an effort to control the tumor.” should be deleted; ⟦NEXT⟧ The sentence “NGS genetic testing report on subcarinal adenocarcinoma tissue: EGFR V831H mutation positive”should be changed to “NGS(next-generation sequencing) genetic testing report on subcarinal adenocarcinoma tissue: EGFR V831H mutation positive”. ⟦NEXT⟧ The corrected Table 1 appears below. || The modified parts are marked in red font. The details are as follows: ⟦NEXT⟧ The date “2020.6.4” should be changed to “2023.6.4”; ⟦NEXT⟧ The date “2025.7.16” should be changed to “2023.6.16”; ⟦NEXT⟧ The sentence “The patient successfully completed a contrast-enhanced CT examination and has been scheduled for a percutaneous lung biopsy.”should be changed to “The patient successfully completed a contrast-enhanced CT examination.”; || The date “2020.6.4” should be changed to “2023.6.4”; ⟦NEXT⟧ The date “2025.7.16” should be changed to “2023.6.16”; ⟦NEXT⟧ The sentence “The patient successfully completed a contrast-enhanced CT examination and has been scheduled for a percutaneous lung biopsy.”should be changed to “The patient successfully completed a contrast-enhanced CT examination.”; ⟦NEXT⟧ The date “2024.8.4” should be changed to “2023.8.4”; || The date “2025.7.16” should be changed to “2023.6.16”; ⟦NEXT⟧ The sentence “The patient successfully completed a contrast-enhanced CT examination and has been scheduled for a percutaneous lung biopsy.”should be changed to “The patient successfully completed a contrast-enhanced CT examination.”; ⟦NEXT⟧ The date “2024.8.4” should be changed to “2023.8.4”; ⟦NEXT⟧ The sentence “The patient underwent transbronchoscopic biopsy of the subcarinal lymph nodes.”should be changed to”The patient underwent a puncture biopsy of the mediastinal lymph nodes under fiberoptic bronchoscopy.”; || The sentence “The patient successfully completed a contrast-enhanced CT examination and has been scheduled for a percutaneous lung biopsy.”should be changed to “The patient successfully completed a contrast-enhanced CT examination.”; ⟦NEXT⟧ The date “2024.8.4” should be changed to “2023.8.4”; ⟦NEXT⟧ The sentence “The patient underwent transbronchoscopic biopsy of the subcarinal lymph nodes.”should be changed to”The patient underwent a puncture biopsy of the mediastinal lymph nodes under fiberoptic bronchoscopy.”; ⟦NEXT⟧ The date “2024.8.7” should be changed to “2023.8.7”; || The date “2024.8.4” should be changed to “2023.8.4”; ⟦NEXT⟧ The sentence “The patient underwent transbronchoscopic biopsy of the subcarinal lymph nodes.”should be changed to”The patient underwent a puncture biopsy of the mediastinal lymph nodes under fiberoptic bronchoscopy.”; ⟦NEXT⟧ The date “2024.8.7” should be changed to “2023.8.7”; ⟦NEXT⟧ The sentence “Following multidisciplinary discussion, consensus was reached that the patient has latent tuberculosis and that anti-tuberculosis therapy should commence.”should be changed to “After a multidisciplinary discussion, the patient was diagnosed with stage IIIB (T3N2M0) non-small cell lung cancer (NSCLC) and latent tuberculosis infection (LTBI), and anti-tuberculosis treatment and BAE (Bronchial Artery Embolization) therapy should be initiated.”; || The sentence “The patient underwent transbronchoscopic biopsy of the subcarinal lymph nodes.”should be changed to”The patient underwent a puncture biopsy of the mediastinal lymph nodes under fiberoptic bronchoscopy.”; ⟦NEXT⟧ The date “2024.8.7” should be changed to “2023.8.7”; ⟦NEXT⟧ The sentence “Following multidisciplinary discussion, consensus was reached that the patient has latent tuberculosis and that anti-tuberculosis therapy should commence.”should be changed to “After a multidisciplinary discussion, the patient was diagnosed with stage IIIB (T3N2M0) non-small cell lung cancer (NSCLC) and latent tuberculosis infection (LTBI), and anti-tuberculosis treatment and BAE (Bronchial Artery Embolization) therapy should be initiated.”; ⟦NEXT⟧ The date “2024.8.13” should be changed to “2023.8.9”;",https://pubmed.ncbi.nlm.nih.gov/42052487/,https://pmc.ncbi.nlm.nih.gov/articles/PMC13112451/,,,,,
33649849,PMC7905688,2021,Oncology reports,[Corrigendum] Mechanistic investigations of antitumor activity of a Rhodamine B‑oleanolic acid derivative bioconjugate.,metadata_or_nonpropositional,location|metadata|multiple_numbers,32705265,,https://pubmed.ncbi.nlm.nih.gov/33649849/,https://pmc.ncbi.nlm.nih.gov/articles/PMC7905688/,,,,,
36434322,PMC10020286,2023,Archives of dermatological research,"Correction to: Systematic study on nail plate assessment: differences in nail plate shape, thickness, power Doppler signal and scanning approach.",numeric_or_symbolic_candidate,multiple_numbers,36271200,"Correction to: Archives of Dermatological Research 10.1007/s00403-022-02404-5 ⟦NEXT⟧ In the original version of this article, the given and family names of all the authors were incorrectly structured. The names were displayed correctly in all versions at the time of publication. ⟦NEXT⟧ The original article has been corrected. || In the original version of this article, the given and family names of all the authors were incorrectly structured. The names were displayed correctly in all versions at the time of publication. ⟦NEXT⟧ The original article has been corrected.",https://pubmed.ncbi.nlm.nih.gov/36434322/,https://pmc.ncbi.nlm.nih.gov/articles/PMC10020286/,,,,,
27510649,PMC4980793,2016,Stem cell research & therapy,Erratum to: Donor age and long-term culture do not negatively influence the stem potential of limbal fibroblast-like stem cells.,numeric_or_symbolic_candidate,location|visual|multiple_numbers,27296060,"Erratum ⟦NEXT⟧ Following publication of the original article in Stem Cell Research & Therapy [ 1 ], it was brought to our attention that panel 5E in Fig. 5 is a duplicate of panel 5F. Please find below the figure with the correct panel E. We apologize for the inconvenience this may have caused. Fig. 5 Pie charts representing the GO molecular function of unvaried proteins a and differential expressed proteins b . Protein network of f-LSC unvaried proteins c and differential expressed proteins, performed on the STRING website d . Protein class distribution of unvaried e and differential expressed proteins f , performed on the Gene Ontology website ⟦NEXT⟧ Pie charts representing the GO molecular function of unvaried proteins a and differential expressed proteins b . Protein network of f-LSC unvaried proteins c and differential expressed proteins, performed on the STRING website d . Protein class distribution of unvaried e and differential expressed proteins f , performed on the Gene Ontology website",https://pubmed.ncbi.nlm.nih.gov/27510649/,https://pmc.ncbi.nlm.nih.gov/articles/PMC4980793/,,,,,
41919123,PMC13034785,2026,Frontiers in psychology,Correction: The impact of subjective socioeconomic status and threat cues on intertemporal decision-making.,metadata_or_nonpropositional,metadata,41815239,,https://pubmed.ncbi.nlm.nih.gov/41919123/,https://pmc.ncbi.nlm.nih.gov/articles/PMC13034785/,,,,,
28854565,PMC5886189,2017,Human molecular genetics,"The ocular albinism type 1 protein, an intracellular G protein-coupled receptor, regulates melanosome transport in pigment cells.",metadata_or_nonpropositional,location|metadata|multiple_numbers,18697795,"Human Molecular Genetics 2008, 17, 3487–3501. doi: 10.1093/hmg/ddn241 ⟦NEXT⟧ The Authors wish to make a correction to the genotype indicated for two melanocyte cell lines developed and characterized in the study above. Indeed, during a recent RNAseq analysis, we realized that the previously indicated Oa1 +/+ and Oa1 -/- melanocyte lines are actually Oa1 +/Y and Oa1 -/Y , i.e. they are wild type and Oa1-KO, respectively, as originally reported, but they are both male, rather than female ( Figures 1 - 2 ). These new findings do not affect any of the major conclusions of the original manuscript, since even in the remote possibility that the sex could impact on the physiopathology of isolated melanocytes in culture, the published work contains several other independent controls (analysis of wild type and Oa1-KO mouse retinas; analysis of Oa1-KO melanocytes transiently transfected or stably transduced with vectors for wild type or mutant OA1) supporting the reliability of the results. The genotypes will also be corrected in the Wellcome Trust Functional Genomics Cell Bank website, through which these cell lines are presently available ( https://www.sgul.ac.uk/depts/anatomy/pages/Dot/Cell%20bank%20holdings.htm#melanocytes ). ⟦NEXT⟧ PCR from genomic DNA to confirm the HPRT cassette insertion at the Oa1 locus in the indicated melanocyte cell lines. As described in the manuscript, heterozygous Oa1 +/- were subcloned and tested for Oa1 expression, to select clones expressing Oa1 from the wild type X chromosome. ⟦NEXT⟧ Expression levels of Oa1 (Gpr143), Xist (X-inactive specific transcript), and three Y specific genes (Ddx3y, Eif2s3y, Kdm5d), obtained by RNAseq analysis and normalized for transcript length and total number of reads (RPKM). Mean ± SD of 3 independent samples for each melanocyte cell line.",https://pubmed.ncbi.nlm.nih.gov/28854565/,https://pmc.ncbi.nlm.nih.gov/articles/PMC5886189/,,,,,
42487536,PMC13392572,2026,American journal of biological anthropology,"Correction to ""Male-Male Greeting Behavior Observed in Chacma Baboons (Papio ursinus griseipes) in Gorongosa National Park, Mozambique"".",unusable_or_ambiguous,,41450069,,https://pubmed.ncbi.nlm.nih.gov/42487536/,https://pmc.ncbi.nlm.nih.gov/articles/PMC13392572/,,,,,
42073838,PMC13117288,2026,"Materials (Basel, Switzerland)","Correction: Fahmy et al. Palladium Nanoparticles Fabricated by Green Chemistry: Promising Chemotherapeutic, Antioxidant and Antimicrobial Agents. Materials 2020, 13 , 3661.",numeric_or_symbolic_candidate,location|visual|multiple_numbers,32825057,"In the original publication [ 1 ], there were mistakes in Figure 3E and its legend. The corrected Figure 3 E, together with the corrected legend, is presented below. ⟦NEXT⟧ The authors state that the scientific conclusions are unaffected. This correction was approved by the Academic Editor. The original publication has also been updated.",https://pubmed.ncbi.nlm.nih.gov/42073838/,https://pmc.ncbi.nlm.nih.gov/articles/PMC13117288/,,,,,
34405156,PMC8361688,2021,"Patterns (New York, N.Y.)",Erratum: On the role of artificial intelligence in medical imaging of COVID-19.,numeric_or_symbolic_candidate,multiple_numbers,33969323,"(Patterns 2 , 100269-1–100269-18; June 11, 2021) ⟦NEXT⟧ Due to an error in production, the references for this article were incorrectly numbered upon publication of the typeset paper, May 26, 2021. Since this is a meta-analysis, incorrect numbering of references may have caused misinterpretation of the conclusions. The corrected version of the article is available online as of June 5, 2021, and we sincerely apologize to our readers for any confusion that may have resulted from this error.",https://pubmed.ncbi.nlm.nih.gov/34405156/,https://pmc.ncbi.nlm.nih.gov/articles/PMC8361688/,,,,,
31305731,PMC5682844,2017,Medicine,Erratum: Inhaled Corticosteroids Increase the Risk of Pneumonia in Patients With Chronic Obstructive Pulmonary Disease: A Nationwide Cohort Study: Erratum.,unusable_or_ambiguous,metadata|multiple_numbers,26496284,,https://pubmed.ncbi.nlm.nih.gov/31305731/,https://pmc.ncbi.nlm.nih.gov/articles/PMC5682844/,,,,,
33590840,PMC8900150,2022,American journal of health-system pharmacy : AJHP : official journal of the American Society of Health-System Pharmacists,Correction Notice.,exact_replacement_candidate,exact_language|location|visual|metadata|multiple_numbers,33354706,"The term “oral” was inadvertently omitted from the following text: In the “Key Points” section, “Patients treated with semaglutide should be counselled about optimal dosing” should read: “Patients treated with oral semaglutide should be counselled about optimal dosing”. In the “Oral semaglutide use in patients with renal or hepatic impairment and/or upper GI disease” section, “Therefore, no semaglutide dose adjustment is recommended for patients with renal impairment” should read: “Therefore, no oral semaglutide dose adjustment is recommended for patients with renal impairment”. In addition, “Therefore, no semaglutide dose adjustment is recommended for patients with hepatic impairment” should read “Therefore, no oral semaglutide dose adjustment is recommended for patients with hepatic impairment”. ⟦NEXT⟧ Under the “Managing patient expectations of adverse events“ heading, the following sentence should read: “The median follow-up time in the trial was 15.9 months (range, 0.4–20 months).”. ⟦NEXT⟧ Reference 23 should read: “Almandoz JP, Lingvay I, Morales J, et al. Switching between glucagon-like peptide- 1 receptor agonists: rationale and practical guidance. Clin Diabetes . 2020;38:390–402” instead of “Almandoz JP, Lingvay I, Morales J, et al. Switching between glucagon-like peptide- 1 receptor agonists: rationale and practical guidance. Clin Diabetes ”. ⟦NEXT⟧ Reference 24 should read: “Thethi TK, Pratley R, Meier JJ et al. Efficacy, safety and cardiovascular outcomes of once-daily oral semaglutide in patients with type 2 diabetes: the PIONEER Programme. Diabetes Obes Metab . 2020;22:1263–1277.” instead of “Thethi TK, Pratley R, Meier JJ et al. Efficacy, safety and cardiovascular outcomes of once-daily oral semaglutide in patients with type 2 diabetes: the PIONEER Programme”. || Errors related to the following reference numbers were noted in Figure 2, Box 1, and on page 7: 28, 45, 52, 52, 54, 55, 59, 60. ⟦NEXT⟧ The term “oral” was inadvertently omitted from the following text: In the “Key Points” section, “Patients treated with semaglutide should be counselled about optimal dosing” should read: “Patients treated with oral semaglutide should be counselled about optimal dosing”. In the “Oral semaglutide use in patients with renal or hepatic impairment and/or upper GI disease” section, “Therefore, no semaglutide dose adjustment is recommended for patients with renal impairment” should read: “Therefore, no oral semaglutide dose adjustment is recommended for patients with renal impairment”. In addition, “Therefore, no semaglutide dose adjustment is recommended for patients with hepatic impairment” should read “Therefore, no oral semaglutide dose adjustment is recommended for patients with hepatic impairment”. ⟦NEXT⟧ Under the “Managing patient expectations of adverse events“ heading, the following sentence should read: “The median follow-up time in the trial was 15.9 months (range, 0.4–20 months).”. ⟦NEXT⟧ Reference 23 should read: “Almandoz JP, Lingvay I, Morales J, et al. Switching between glucagon-like peptide- 1 receptor agonists: rationale and practical guidance. Clin Diabetes . 2020;38:390–402” instead of “Almandoz JP, Lingvay I, Morales J, et al. Switching between glucagon-like peptide- 1 receptor agonists: rationale and practical guidance. Clin Diabetes ”. || Under the “Managing patient expectations of adverse events“ heading, the following sentence should read: “The median follow-up time in the trial was 15.9 months (range, 0.4–20 months).”. ⟦NEXT⟧ Reference 23 should read: “Almandoz JP, Lingvay I, Morales J, et al. Switching between glucagon-like peptide- 1 receptor agonists: rationale and practical guidance. Clin Diabetes . 2020;38:390–402” instead of “Almandoz JP, Lingvay I, Morales J, et al. Switching between glucagon-like peptide- 1 receptor agonists: rationale and practical guidance. Clin Diabetes ”. ⟦NEXT⟧ Reference 24 should read: “Thethi TK, Pratley R, Meier JJ et al. Efficacy, safety and cardiovascular outcomes of once-daily oral semaglutide in patients with type 2 diabetes: the PIONEER Programme. Diabetes Obes Metab . 2020;22:1263–1277.” instead of “Thethi TK, Pratley R, Meier JJ et al. Efficacy, safety and cardiovascular outcomes of once-daily oral semaglutide in patients with type 2 diabetes: the PIONEER Programme”. ⟦NEXT⟧ These have now been corrected online. || Reference 23 should read: “Almandoz JP, Lingvay I, Morales J, et al. Switching between glucagon-like peptide- 1 receptor agonists: rationale and practical guidance. Clin Diabetes . 2020;38:390–402” instead of “Almandoz JP, Lingvay I, Morales J, et al. Switching between glucagon-like peptide- 1 receptor agonists: rationale and practical guidance. Clin Diabetes ”. ⟦NEXT⟧ Reference 24 should read: “Thethi TK, Pratley R, Meier JJ et al. Efficacy, safety and cardiovascular outcomes of once-daily oral semaglutide in patients with type 2 diabetes: the PIONEER Programme. Diabetes Obes Metab . 2020;22:1263–1277.” instead of “Thethi TK, Pratley R, Meier JJ et al. Efficacy, safety and cardiovascular outcomes of once-daily oral semaglutide in patients with type 2 diabetes: the PIONEER Programme”. ⟦NEXT⟧ These have now been corrected online. ⟦NEXT⟧ DOI 10.1093/ajhp/zxaa413 || Reference 24 should read: “Thethi TK, Pratley R, Meier JJ et al. Efficacy, safety and cardiovascular outcomes of once-daily oral semaglutide in patients with type 2 diabetes: the PIONEER Programme. Diabetes Obes Metab . 2020;22:1263–1277.” instead of “Thethi TK, Pratley R, Meier JJ et al. Efficacy, safety and cardiovascular outcomes of once-daily oral semaglutide in patients with type 2 diabetes: the PIONEER Programme”. ⟦NEXT⟧ These have now been corrected online. ⟦NEXT⟧ DOI 10.1093/ajhp/zxaa413",https://pubmed.ncbi.nlm.nih.gov/33590840/,https://pmc.ncbi.nlm.nih.gov/articles/PMC8900150/,,,,,
29561910,PMC5862480,2018,PloS one,"Correction: Rapid enteric testing to permit targeted antimicrobial therapy, with and without Lactobacillus reuteri probiotics, for paediatric acute diarrhoeal disease in Botswana: A pilot, randomized, factorial, controlled trial.",exact_replacement_candidate,exact_language|multiple_numbers,28991918,The dose of Lactobacillus reuteri DSM 17938 appears incorrectly throughout the article as 5x10 8 colony-forming units (cfu) per day. The correct dose of of Lactobacillus reuteri DSM 17938 should be 1x10 8 cfu per day.,https://pubmed.ncbi.nlm.nih.gov/29561910/,https://pmc.ncbi.nlm.nih.gov/articles/PMC5862480/,,,,,
36974762,PMC10122890,2023,Journal of the American Heart Association,Correction to: Mortality and Cardiovascular Outcomes in Patients Presenting With Non-ST Elevation Myocardial Infarction Despite No Standard Modifiable Risk Factors: Results From the SWEDEHEART Registry.,numeric_or_symbolic_candidate,location|metadata|multiple_numbers,35876409,"In the article by Gemma A. Figtree et al, “Mortality and Cardiovascular Outcomes in Patients Presenting With Non‐ST Elevation Myocardial Infarction Despite No Standard Modifiable Risk Factors: Results From the SWEDEHEART Registry,” which published on July 25, 2022, and appeared in the August 2, 2022, issue of the Journal ( J Am Heart Assoc . 2022;11:e024818. DOI: 10.1161/JAHA.121.024818 ), a correction was needed. ⟦NEXT⟧ The affiliation for Dr Hagström was incorrect in the published version of the article. On page 12, under the Affiliations heading, Dr Hagström's affiliation has been updated as follows: ⟦NEXT⟧ Department of Medical Sciences, Uppsala University, Uppsala, Sweden (N.H., J.S., E.H.) || In the article by Gemma A. Figtree et al, “Mortality and Cardiovascular Outcomes in Patients Presenting With Non‐ST Elevation Myocardial Infarction Despite No Standard Modifiable Risk Factors: Results From the SWEDEHEART Registry,” which published on July 25, 2022, and appeared in the August 2, 2022, issue of the Journal ( J Am Heart Assoc . 2022;11:e024818. DOI: 10.1161/JAHA.121.024818 ), a correction was needed. ⟦NEXT⟧ The affiliation for Dr Hagström was incorrect in the published version of the article. On page 12, under the Affiliations heading, Dr Hagström's affiliation has been updated as follows: ⟦NEXT⟧ Department of Medical Sciences, Uppsala University, Uppsala, Sweden (N.H., J.S., E.H.) ⟦NEXT⟧ The authors regret the error. || Department of Medical Sciences, Uppsala University, Uppsala, Sweden (N.H., J.S., E.H.) ⟦NEXT⟧ The authors regret the error. ⟦NEXT⟧ The online version of the article has been updated and is available here: https://www.ahajournals.org/doi/10.1161/JAHA.121.024818 .",https://pubmed.ncbi.nlm.nih.gov/36974762/,https://pmc.ncbi.nlm.nih.gov/articles/PMC10122890/,,,,,
37021381,PMC10183358,2023,Biology of reproduction,Correction to: Successful in vitro fertilization in the horse: production of blastocysts and birth of foals after prolonged sperm incubation for capacitation.,exact_replacement_candidate,exact_language|location|metadata|multiple_numbers,36106756,"The editors have since reviewed this change and confirmed that it does not affect the study results and conclusions. ⟦NEXT⟧ In paragraph 5, beginning Media, the seventh sentence should read: “FERT-TALP consisted of 114 mM NaCl, 3.2 mM KCl, 25 mM NaHCO 3 , 0.4 mM NaH 2 PO 4 , 0.05 mM MgCl 2 , 10 mM HEPES,[...] instead of “FERT-TALP consisted of 114 mM NaCl, 3.2 mM KCl, 25 mM NaHCO 3 , 0.4 mM NaH 2 PO 4 , 0.05 mM MgCl 2 , 4.6 mM D-glucose, 10 mM HEPES,[...]”. ⟦NEXT⟧ This error has been corrected within the file in the article online. || This is a correction to: Matheus R Felix, Regina M Turner, Tamara Dobbie, Katrin Hinrichs, Successful in vitro fertilization in the horse: production of blastocysts and birth of foals after prolonged sperm incubation for capacitation, Biology of Reproduction, Volume 107, Issue 6, December 2022, Pages 1551–1564, https://doi.org/10.1093/biolre/ioac172 ⟦NEXT⟧ In the originally published article, within the file Supplemental Materials and Methods in the Supplementary data section online, the composition for the FERT-TALP medium is stated to include 4.6 mM glucose. However, the FERT-TALP medium as used for the experiments reported in the paper did not contain any glucose. All other ingredients are listed correctly. ⟦NEXT⟧ The editors have since reviewed this change and confirmed that it does not affect the study results and conclusions. || In paragraph 5, beginning Media, the seventh sentence should read: “FERT-TALP consisted of 114 mM NaCl, 3.2 mM KCl, 25 mM NaHCO 3 , 0.4 mM NaH 2 PO 4 , 0.05 mM MgCl 2 , 10 mM HEPES,[...] instead of “FERT-TALP consisted of 114 mM NaCl, 3.2 mM KCl, 25 mM NaHCO 3 , 0.4 mM NaH 2 PO 4 , 0.05 mM MgCl 2 , 4.6 mM D-glucose, 10 mM HEPES,[...]”. ⟦NEXT⟧ This error has been corrected within the file in the article online.",https://pubmed.ncbi.nlm.nih.gov/37021381/,https://pmc.ncbi.nlm.nih.gov/articles/PMC10183358/,,,,,
34858910,PMC8631725,2021,Frontiers in pediatrics,Corrigendum: Age-Related Differences in the Expression of Most Relevant Mediators of SARS-CoV-2 Infection in Human Respiratory and Gastrointestinal Tract.,numeric_or_symbolic_candidate,location|metadata|multiple_numbers,34395341,"In the original article, there was a mistake in the order of Figures 1 and 2 as published. The figures are given in the correct order below. ⟦NEXT⟧ qPCR analysis of Angiotensin I Converting Enzyme ( ACE1 ), Angiotensin II Converting Enzyme ( ACE2 ), Transmembrane Serine Protease 2 ( TMPRSS2 ), and Neuropilin-1 (NRP1 ) genes in nasal epithelium from children and adult subjects. Comparative expression of ACE1, ACE2, TMPRSS2 , and NRP1 in nasal epithelium of children ( n = 15) and adult subjects ( n = 15). Data analysis was performed using the comparative threshold cycle (CT) method and expressed as 2 ∧ -delta CT. Gene expression was normalized against the expression of the reference gene hypoxanthine phosphoribosyltransferase 1 ( HPRT ). Data are expressed as median ± SD, the X in the bars indicates mean values. P -value are reported in the graphs; significant differences are indicated as * p < 0.01; ** p < 0.005. ⟦NEXT⟧ qPCR analysis of Angiotensin I Converting Enzyme ( ACE1 ), Angiotensin II Converting Enzyme ( ACE2 ), Transmembrane Serine Protease 2 ( TMPRSS2 ), and Neuropilin-1 ( NRP1 ) genes in small intestine from children and adult subjects. Comparative expression of ACE1, ACE2, TMPRSS2 , and NRP1 in small intestine of children ( n = 15) and adult subjects ( n = 15). Data analysis was performed using the comparative threshold cycle (CT) method and expressed as 2 ∧ -delta CT. Gene expression was normalized against the expression of the reference gene hypoxanthine phosphoribosyltransferase 1 ( HPRT ). Data are expressed as median ± SD, the X in the bars indicates mean values. P -value are reported in the graphs; significant differences are indicated as * p < 0.01; ** p < 0.005. || qPCR analysis of Angiotensin I Converting Enzyme ( ACE1 ), Angiotensin II Converting Enzyme ( ACE2 ), Transmembrane Serine Protease 2 ( TMPRSS2 ), and Neuropilin-1 ( NRP1 ) genes in small intestine from children and adult subjects. Comparative expression of ACE1, ACE2, TMPRSS2 , and NRP1 in small intestine of children ( n = 15) and adult subjects ( n = 15). Data analysis was performed using the comparative threshold cycle (CT) method and expressed as 2 ∧ -delta CT. Gene expression was normalized against the expression of the reference gene hypoxanthine phosphoribosyltransferase 1 ( HPRT ). Data are expressed as median ± SD, the X in the bars indicates mean values. P -value are reported in the graphs; significant differences are indicated as * p < 0.01; ** p < 0.005. ⟦NEXT⟧ The authors apologize for the error and state that this does not change the scientific conclusions of the article in any way. The original article has been updated. ⟦NEXT⟧ Publisher's Note ⟦NEXT⟧ All claims expressed in this article are solely those of the authors and do not necessarily represent those of their affiliated organizations, or those of the publisher, the editors and the reviewers. Any product that may be evaluated in this article, or claim that may be made by its manufacturer, is not guaranteed or endorsed by the publisher.",https://pubmed.ncbi.nlm.nih.gov/34858910/,https://pmc.ncbi.nlm.nih.gov/articles/PMC8631725/,,,,,
33244650,PMC7852895,2020,Journal of materials science. Materials in medicine,Publisher Correction: The choice of biopolymer is crucial to trigger angiogenesis with vascular endothelial growth factor releasing coatings.,unusable_or_ambiguous,,33108503,,https://pubmed.ncbi.nlm.nih.gov/33244650/,https://pmc.ncbi.nlm.nih.gov/articles/PMC7852895/,,,,,
28875444,PMC5638754,2017,Clinical orthopaedics and related research,Erratum to: What is the Difference in Morphologic Features of the Thoracic Pedicle Between Patients With Adolescent Idiopathic Scoliosis and Healthy Subjects? A CT-based Case-control Study.,unusable_or_ambiguous,,28766159,,https://pubmed.ncbi.nlm.nih.gov/28875444/,https://pmc.ncbi.nlm.nih.gov/articles/PMC5638754/,,,,,
31533733,PMC6751610,2019,Journal of translational medicine,Correction to: New paradigm for stage III melanoma: from surgery to adjuvant treatment.,metadata_or_nonpropositional,location|metadata|multiple_numbers,31412885,"Correction to: J Transl Med (2019) 17:266 10.1186/s12967-019-2012-2 ⟦NEXT⟧ Following publication of the original article [ 1 ], the authors reported that one of the authors, Corrado Caracò, has been accidentally omitted from the author list. In this Correction the author has been added to the author list. ⟦NEXT⟧ The correction has been implemented in the original publication of this article as well and the ‘Authors’ contributions’ section has been updated accordingly there. || Following publication of the original article [ 1 ], the authors reported that one of the authors, Corrado Caracò, has been accidentally omitted from the author list. In this Correction the author has been added to the author list. ⟦NEXT⟧ The correction has been implemented in the original publication of this article as well and the ‘Authors’ contributions’ section has been updated accordingly there.",https://pubmed.ncbi.nlm.nih.gov/31533733/,https://pmc.ncbi.nlm.nih.gov/articles/PMC6751610/,,,,,
29504122,PMC5835780,2018,Journal of anatomy,Corrigendum.,unusable_or_ambiguous,,27279028,,https://pubmed.ncbi.nlm.nih.gov/29504122/,https://pmc.ncbi.nlm.nih.gov/articles/PMC5835780/,,,,,
28853434,PMC5582346,2017,Nature communications,Corrigendum: 14-3-3ζ regulates the mitochondrial respiratory reserve linked to platelet phosphatidylserine exposure and procoagulant function.,unusable_or_ambiguous,location|visual|metadata|multiple_numbers,27670677,,https://pubmed.ncbi.nlm.nih.gov/28853434/,https://pmc.ncbi.nlm.nih.gov/articles/PMC5582346/,,,,,
38535088,PMC10969414,2024,"Diagnostics (Basel, Switzerland)","Correction: Alan et al. Evaluation of the Breastfeeding Dynamics of Neonates with Ankyloglossia via a Novel Ultrasonographic Technique. Diagnostics 2023, 13 , 3435.",numeric_or_symbolic_candidate,location|visual|multiple_numbers,37998570,"There were a few errors in the original publication [ 1 ]. ⟦NEXT⟧ 1. A correction has been made to the 2nd sentence of paragraph 8, in the Materials and Methods section, as follows: The variables nipple-HSPJ distance intraoral space depth, anterior and mid-tongue height, tongue excursion from the palate to the floor of the mouth (cm), excursion time (sec), tongue velocity (cm/sec), and one sucking cycle duration (sec) obtained in the tongue tie and control groups exhibited a non-normal distribution. ⟦NEXT⟧ 2. The corrected version of the 2nd sentence of paragraph 6, in the Results section is as follows: The average score for the lingual frenulum in neonates who received frenotomy was 3.75 (±1.06), while the average score for neonates who did not receive frenotomy was 4.29 (±1.14) ( p > 0.05) (Table 3). ⟦NEXT⟧ The authors state that the scientific conclusions are unaffected. This correction was approved by the Academic Editor. The original publication has also been updated. || 1. A correction has been made to the 2nd sentence of paragraph 8, in the Materials and Methods section, as follows: The variables nipple-HSPJ distance intraoral space depth, anterior and mid-tongue height, tongue excursion from the palate to the floor of the mouth (cm), excursion time (sec), tongue velocity (cm/sec), and one sucking cycle duration (sec) obtained in the tongue tie and control groups exhibited a non-normal distribution. ⟦NEXT⟧ 2. The corrected version of the 2nd sentence of paragraph 6, in the Results section is as follows: The average score for the lingual frenulum in neonates who received frenotomy was 3.75 (±1.06), while the average score for neonates who did not receive frenotomy was 4.29 (±1.14) ( p > 0.05) (Table 3). ⟦NEXT⟧ The authors state that the scientific conclusions are unaffected. This correction was approved by the Academic Editor. The original publication has also been updated. || 2. The corrected version of the 2nd sentence of paragraph 6, in the Results section is as follows: The average score for the lingual frenulum in neonates who received frenotomy was 3.75 (±1.06), while the average score for neonates who did not receive frenotomy was 4.29 (±1.14) ( p > 0.05) (Table 3). ⟦NEXT⟧ The authors state that the scientific conclusions are unaffected. This correction was approved by the Academic Editor. The original publication has also been updated.",https://pubmed.ncbi.nlm.nih.gov/38535088/,https://pmc.ncbi.nlm.nih.gov/articles/PMC10969414/,,,,,
35147201,PMC8878635,2022,International journal of oncology,[Corrigendum] DJ‑1 promotes cell proliferation and tumor metastasis in esophageal squamous cell carcinoma via the Wnt/β‑catenin signaling pathway.,numeric_or_symbolic_candidate,location|visual|multiple_numbers,32319588,"Subsequently to the publication of the above article, an interested reader drew to the authors' attention that a pair of data panels featured between Figs. 4 and 7 contained overlapping data such that the data were derived from the same original source where they were intending to depict the results from experiments performed under different experimental conditions, and a pair of the data panels featured in Fig. 8 for the β-catenin data also appeared to show overlapping data. ⟦NEXT⟧ The authors were able to re-examine their original data, and have identified the data that were intended to have been shown for these figure parts. The corrected versions of Fig. 4 (showing the correct data for the LV-DJ-1/migration experiment in Fig. 4A ), Fig. 7 (showing the correct data for the LV-DJ-1 + XAV939/migration experiment) and Fig. 8 (showing the correct data for the LV-siRNA-DJ-1 experiment) are shown on the subsequent pages. The authors confirm that these inadvertent errors did not have any major impact on the conclusions reported in their paper, are grateful to the Editor of International Journal of Oncology for allowing them the opportunity to publish this Corrigendum, and apologize to the readership for any inconvenience caused. ⟦NEXT⟧ DJ-1 promotes EMT via the Wnt/β-catenin signaling pathway in esophageal squamous cell carcinoma. (A) LV-DJ-1 cells had a significantly higher migration and invasion ability compared with the control group (magnification, x200). (B) The adhesion ability was significantly increased in LV-DJ-1 cells. (C) DJ-1 overexpression promoted the EMT process by significantly reducing E-cadherin expression and significantly increasing the vimentin and N-cadherin expression. (D) LRP6, p-LRP6 and β-catenin expression were significantly upregulated, while Axin1 expression was significantly downregulated in LV-DJ-1 cells. The ratio of p-LRP6 to total LRP6 protein exhibited no significant change between the control group and DJ-1 overexpression group. * P<0.05, **P<0.01 vs. LV-con. LV-DJ-1, lentivirus overexpressing DJ-1; LV-con, lentivirus control; LRP-6, lipoprotein receptor-related protein 6; p-. phosphorylated. ⟦NEXT⟧ Inhibition of Wnt/β-catenin reduces tumor malignant behaviors caused by DJ-1. (A) The proliferation of LV-DJ-1 cells treated with XAV939 was significantly decreased compared with LV-DJ-1 cells (magnification, x100). (B) In the colony formation assay, cells treated with XAV939 had fewer colonies compared with the control LV-DJ-1 cells (magnification, x100). (C) In the Transwell assay, cells of the LV-DJ-1 + XAV939 group demonstrated a weaker ability to migrate and invade compared with the LV-DJ-1 group (magnification, x200). (D) The adhesion ability was decreased in the LV-DJ-1 + XAV939 group compared with the LV-DJ-1 group. (E) Western blotting results demonstrated XAV939 treatment could increase the E-cadherin expression, while it reduced the vimentin and N-cadherin expression levels. (F) LRP6, p-LRP6 and β-catenin exp",https://pubmed.ncbi.nlm.nih.gov/35147201/,https://pmc.ncbi.nlm.nih.gov/articles/PMC8878635/,,,,,
41180824,PMC12573774,2025,Frontiers in artificial intelligence,Correction: Artificial intelligence-enhanced assessment of fundamental motor skills: validity and reliability of the FUS test for jumping rope performance.,numeric_or_symbolic_candidate,location|multiple_numbers,40832674,Incorrect text was included in the abstract. ⟦NEXT⟧ The text has been corrected to read: ⟦NEXT⟧ Introduction: Widespread concerns about children's low fundamental motor skill (FMS) proficiency highlight the need for accurate assessment tools to support structured instruction. This study examined the validity and reliability of an AI-enhanced methodology for assessing jumping rope performance within the Fundamental Motor Skills in Sport (FUS) test. || Incorrect text was included in the abstract. ⟦NEXT⟧ The text has been corrected to read: ⟦NEXT⟧ Introduction: Widespread concerns about children's low fundamental motor skill (FMS) proficiency highlight the need for accurate assessment tools to support structured instruction. This study examined the validity and reliability of an AI-enhanced methodology for assessing jumping rope performance within the Fundamental Motor Skills in Sport (FUS) test. ⟦NEXT⟧ Methods: A total of 236 participants (126 primary school students aged 7–14; 110 university sports students aged 20–21) completed jumping rope tasks recorded via the FUS mobile app integrated with an AI model evaluating five process-oriented performance criteria. Concurrent validity and inter-rater reliability were examined by comparing AI-generated assessments with scores from two expert evaluators. Intra-rater reliability was also assessed through reassessment of video trials after a 3-week interval.,https://pubmed.ncbi.nlm.nih.gov/41180824/,https://pmc.ncbi.nlm.nih.gov/articles/PMC12573774/,,,,,
30578176,PMC6320430,2018,Journal of medical Internet research,Multimedia Appendix Removal and Editorial Warning Regarding the MMAS Scale (Two-Way Social Media Messaging in Post-Operative Cataract Surgical Patients: A Prospective Interventional Study).,exact_replacement_candidate,exact_language|location|metadata|multiple_numbers,29258973,"Authors' Correction ⟦NEXT⟧ The authors of “Two-Way Social Media Messaging in Postoperative Cataract Surgical Patients: Prospective Interventional Study” (J Med Internet Res 2017;19(12):e413) advise that in order to address concerns raised by the purported holders of intellectual property interests in the Morisky Medication Adherence Scale (“MMAS”), Multimedia Appendix 7 (Morisky Medication Adherence Scale-8 Item questionnaire for postoperative cataract surgery) should be removed from the article. As a result, Appendix 7 was removed and all subsequent appendices 8-10 were renumbered. ⟦NEXT⟧ The correction will appear in the online version of the paper on the JMIR website on December 10, 2018, together with the publication of this correction notice. Because this was made after submission to PubMed, Pubmed Central, and other full-text repositories, the corrected article also has been re-submitted to those repositories. ⟦NEXT⟧ Editorial Notice || The authors of “Two-Way Social Media Messaging in Postoperative Cataract Surgical Patients: Prospective Interventional Study” (J Med Internet Res 2017;19(12):e413) advise that in order to address concerns raised by the purported holders of intellectual property interests in the Morisky Medication Adherence Scale (“MMAS”), Multimedia Appendix 7 (Morisky Medication Adherence Scale-8 Item questionnaire for postoperative cataract surgery) should be removed from the article. As a result, Appendix 7 was removed and all subsequent appendices 8-10 were renumbered. ⟦NEXT⟧ The correction will appear in the online version of the paper on the JMIR website on December 10, 2018, together with the publication of this correction notice. Because this was made after submission to PubMed, Pubmed Central, and other full-text repositories, the corrected article also has been re-submitted to those repositories. ⟦NEXT⟧ Editorial Notice ⟦NEXT⟧ This is the second correction we have to publish due to the actions by Steven Trubow and Donald Morisky from the company MMAS Research LLC, the copyright holder of the instrument. The developers of this scale are known to comb the literature and ask those who used the scale for research to pay for a retroactive license which may cost thousands or tens of thousands of dollars, to add references to their work, or to remove details such as the actual instrument used from publications [ 1 ]. || While it is certainly the prerogative of copyright holders of research instruments to enforce their rights, the Committee on Publication Ethics (COPE) has recently discussed the ethics of the behavior of certain copyright holders who “hold authors to ransom”, and recommends that affected journals emphasize “the fact that this is not good for the advancement of scientific knowledge or in the public interest” [ 2 ]. As open access and open science publisher, JMIR Publications could not agree more and we remind our authors of our policies and preference for public and free availability of research tools, including questionnaires [ 3 ], in the interest of reproducability and transparency of research. Given the flurry of legal disputes and correction notices related to MMAS (a third one affecting a JMIR journal is forthcoming), we now actively discourage use of MMAS and other instruments which are not available under a Creative Commons Attribution license, and encourage our authors to use or develop/validate new instruments which can be freely reproduced. ⟦NEXT⟧ We are also hereby issuing a special call for papers for short paper instruments or electronic tools licensed under Creative Commons (or available under an Open Source license) that can be used instead of MMAS to measure medication adherence, and will waive the article submission fee for such development and validation papers describing new instruments that can be used as a free alternative to MMAS. || Authors' Correction ⟦NEXT⟧ The authors of “Two-Way Social Media Messaging in Postoperative Cataract Surgical Patients: Prospective Interventional Study” (J Med Internet Res 2017;19(12):e413) advise that in order to address concerns raised by the purported holders of intellectual property interests in the Morisky Medication Adherence Scale (“MMAS”), Multimedia Appendix 7 (Morisky Medication Adherence Scale-8 Item questionnaire for postoperative cataract surgery) should be removed from the article. As a result, Appendix 7 was removed and all subsequent appendices 8-10 were renumbered. ⟦NEXT⟧ The correction will appear in the online version of the paper on the JMIR website on December 10, 2018, together with the publication of this correction notice. Because this was made after submission to PubMed, Pubmed Central, and other full-text repositories, the corrected article also has been re-submitted to those repositories. || This is the second correction we have to publish due to the actions by Steven Trubow and Donald Morisky from the company MMAS Research LLC, the copyright holder of the instrument. The developers of this scale are known to comb the literature and ask those who used the scale for research to pay for a retroactive license which may cost thousands or tens of thousands of dollars, to add references to their work, or to remove details such as the actual instrument used from publications [ 1 ]. ⟦NEXT⟧ While it is certainly the prerogative of copyright holders of research instruments to enforce their rights, the Committee on Publication Ethics (COPE) has recently discussed the ethics of the behavior of certain copyright holders who “hold authors to ransom”, and recommends that affected journals emphasize “the fact that this is not good for the advancement of scientific knowledge or in the public interest” [ 2 ]. As open access and open science publisher, JMIR Publications could not agree more and we remind our authors of our policies and preference for public and free availability of research tools, including questionnaires [ 3 ], in the interest of reproducability and transparency of research. Given the flurry of legal disputes and correction notices related to MMAS (a third one affecting a JMIR journal is forthcoming), we now actively discourage use of MMAS and other instruments which are not available under a Creative Commons Attribution license, and encourage our authors to use or develop/validate new instruments which can be freely reproduced. ⟦NEXT⟧ We are also hereby issuing a special call for papers for short paper instruments or electronic tools licensed under Creative Commons (or available under an Open Source license) that can be used instead of MMAS to measure medication adherence, and will waive the article submission fee for such development and validation papers describing new instruments that can be used as a free alternative to MMAS. || Editorial Notice ⟦NEXT⟧ This is the second correction we have to publish due to the actions by Steven Trubow and Donald Morisky from the company MMAS Research LLC, the copyright holder of the instrument. The developers of this scale are known to comb the literature and ask those who used the scale for research to pay for a retroactive license which may cost thousands or tens of thousands of dollars, to add references to their work, or to remove details such as the actual instrument used from publications [ 1 ]. ⟦NEXT⟧ While it is certainly the prerogative of copyright holders of research instruments to enforce their rights, the Committee on Publication Ethics (COPE) has recently discussed the ethics of the behavior of certain copyright holders who “hold authors to ransom”, and recommends that affected journals emphasize “the fact that this is not good for the advancement of scientific knowledge or in the public interest” [ 2 ]. As open access and open science publisher, JMIR Publications could not agree more and we remind our authors of our policies and preference for public and free availability of research tools, including questionnaires [ 3 ], in the interest of reproducability and transparency of research. Given the flurry of legal disputes and correction notices related to MMAS (a third one affecting a JMIR journal is forthcoming), we now actively discourage use of MMAS and other instruments which are not available under a Creative Commons Attribution license, and encourage our authors to use or develop/validate new instruments which can be freely reproduced. ⟦NEXT⟧ We are also hereby issuing a special call for papers for short paper instruments or electronic tools licensed under Creative Commons (or available under an Open Source license) that can be used instead of MMAS to measure medication adherence, and will waive the article submission fee for such development and validation papers describing new instruments that can be used as a free alternative to MMAS.",https://pubmed.ncbi.nlm.nih.gov/30578176/,https://pmc.ncbi.nlm.nih.gov/articles/PMC6320430/,,,,,
33846287,PMC8041849,2021,Translational psychiatry,Correction to: Multimethod investigation of the neurobiological basis of ADHD symptomatology in children aged 9-10: baseline data from the ABCD study.,numeric_or_symbolic_candidate,location|visual|multiple_numbers,33462190,"10.1038/s41398-020-01192-8 published online 18 January 2021 ⟦NEXT⟧ The original version of this article unfortunately contained a mistake. Due to a coding error, the final demographic table (Table 1 ) was reported incorrectly. The correct Table 1 can be found below. The authors apologize for the mistake. The original article has been corrected. Table 1 Descriptive statistics on samples for each MRI paradigm. sMRI EN-Back SST MID Mean SD Mean SD Mean SD Mean SD Child age Months 119.18 7.46 119.61 7.53 119.53 7.54 119.42 7.52 Total % Total % Total % Total % Child sex Female 4179 49% 2681 49% 2524 50% 2973 50% Child race White 5917 69% 3878 72% 3596 72% 4174 70% Black 1140 13% 592 11% 570 11% 712 12% Asian 177 2% 111 2% 105 2% 118 2% Other 1362 16% 836 15% 749 15% 955 16% Child ethnicity Hispanic 1604 19% 997 18% 911 18% 1122 19% Household income <$50K 2303 27% 1313 24% 1228 24% 1514 25% $50K–$100K 2474 29% 1588 29% 1462 29% 1736 29% >$100K 3819 44% 2516 46% 2330 46% 2709 45% Parent education <HS diploma 283 3% 142 3% 136 3% 169 3% HS diploma/GED 644 7% 352 6% 338 7% 421 7% Some college 2153 25% 1303 24% 1197 24% 1465 25% Bachelor 2336 27% 1547 29% 1434 29% 1675 28% Post graduate degree 3180 37% 2073 38% 1915 38% 2229 37% ⟦NEXT⟧ Descriptive statistics on samples for each MRI paradigm. || Correction to: Translational Psychiatry ⟦NEXT⟧ 10.1038/s41398-020-01192-8 published online 18 January 2021 ⟦NEXT⟧ The original version of this article unfortunately contained a mistake. Due to a coding error, the final demographic table (Table 1 ) was reported incorrectly. The correct Table 1 can be found below. The authors apologize for the mistake. The original article has been corrected. Table 1 Descriptive statistics on samples for each MRI paradigm. sMRI EN-Back SST MID Mean SD Mean SD Mean SD Mean SD Child age Months 119.18 7.46 119.61 7.53 119.53 7.54 119.42 7.52 Total % Total % Total % Total % Child sex Female 4179 49% 2681 49% 2524 50% 2973 50% Child race White 5917 69% 3878 72% 3596 72% 4174 70% Black 1140 13% 592 11% 570 11% 712 12% Asian 177 2% 111 2% 105 2% 118 2% Other 1362 16% 836 15% 749 15% 955 16% Child ethnicity Hispanic 1604 19% 997 18% 911 18% 1122 19% Household income <$50K 2303 27% 1313 24% 1228 24% 1514 25% $50K–$100K 2474 29% 1588 29% 1462 29% 1736 29% >$100K 3819 44% 2516 46% 2330 46% 2709 45% Parent education <HS diploma 283 3% 142 3% 136 3% 169 3% HS diploma/GED 644 7% 352 6% 338 7% 421 7% Some college 2153 25% 1303 24% 1197 24% 1465 25% Bachelor 2336 27% 1547 29% 1434 29% 1675 28% Post graduate degree 3180 37% 2073 38% 1915 38% 2229 37%",https://pubmed.ncbi.nlm.nih.gov/33846287/,https://pmc.ncbi.nlm.nih.gov/articles/PMC8041849/,,,,,
28270393,PMC5353297,2017,BMJ open,Correction.,metadata_or_nonpropositional,metadata|multiple_numbers,28188151,,https://pubmed.ncbi.nlm.nih.gov/28270393/,https://pmc.ncbi.nlm.nih.gov/articles/PMC5353297/,,,,,
32494019,PMC7271166,2020,Scientific reports,Author Correction: Fabrication of microfluidic device for Aflatoxin M1 detection in milk samples with specific aptamers.,numeric_or_symbolic_candidate,location|visual|metadata|formatting|multiple_numbers,32170077,"Correction to: Scientific Reports 10.1038/s41598-020-60926-2, published online 13 March 2020 ⟦NEXT⟧ The original version of this Article contained errors. ⟦NEXT⟧ Affiliation 3, was incorrectly given as ‘Department of Pharmaceutical Chemistry, King Saud University, Riyadh, 11451, Saudi Arabia’. The correct affiliation is listed below: || Department of Pharmaceutical Chemistry, College of Pharmacy, King Saud University, Riyadh, 11451, Kingdom of Saudi Arabia. ⟦NEXT⟧ Additionally, the title for Table 1 was incorrect. ⟦NEXT⟧ ‘Comparison of different techniques for the detection of Aflatoxin in mi.’ ⟦NEXT⟧ now reads: || The original version of this Article contained errors. ⟦NEXT⟧ Affiliation 3, was incorrectly given as ‘Department of Pharmaceutical Chemistry, King Saud University, Riyadh, 11451, Saudi Arabia’. The correct affiliation is listed below: ⟦NEXT⟧ Department of Pharmaceutical Chemistry, College of Pharmacy, King Saud University, Riyadh, 11451, Kingdom of Saudi Arabia. ⟦NEXT⟧ Additionally, the title for Table 1 was incorrect. || “Figure S1. (a) Image of different concentration of Ochratoxin in water; (b) Microfluidic device (µPAD) for the detection of Aflatoxin M1 and Ochratoxin in milk; (i) presence of Aflatoxin M1aptamer led to aggregation of AuNPs and (ii) in presence of Ochratoxinaptamer, no aggregation occurred due to non-specificity with Aflatoxin M1.” ⟦NEXT⟧ These errors have now been corrected in the HTML and PDF versions of the Article and in the Supplementary Information file that accompanies the article. || ‘Comparison of different techniques for the detection of Aflatoxin in milk.’ ⟦NEXT⟧ The Supplementary Information file contained a typographical error in the spelling of the author Azmat Ali Khan, which was incorrectly given as Azamat Ali Khan. ⟦NEXT⟧ Additionally, in the Supplementary Information file, ⟦NEXT⟧ “Figure S1. (a) Image of different concentration of Ochratoxin in water; (b) Microfluidic device (µPAD) for the detection of Aflatoxin M1 and Ochratoxin in milk; (i) presence of Aflatoxin M1aptamer led to aggregation of AuNPs and (ii) in presence of Ochratoxin aptamer, no aggregation occurred due to non-specificity with Aflatoxin M1.”",https://pubmed.ncbi.nlm.nih.gov/32494019/,https://pmc.ncbi.nlm.nih.gov/articles/PMC7271166/,,,,,
42406714,PMC13336186,2026,PLoS computational biology,Correction: Identifying essential factors for energy-efficient walking control across a wide range of velocities in reflex-based musculoskeletal systems.,numeric_or_symbolic_candidate,location|visual|multiple_numbers,38241215,"The caption for Fig 9 is incorrect. The caption has been provided here. ⟦NEXT⟧ The publisher apologizes for the error. ⟦NEXT⟧ Time evolution of the generated walking speed (orange) in response to the target velocity, v x t a r (dotted line). v x t a r was adjusted with a change rate of 0.05 m/s per second. See S1 Video. || The caption for Fig 9 is incorrect. The caption has been provided here. ⟦NEXT⟧ The publisher apologizes for the error. ⟦NEXT⟧ Time evolution of the generated walking speed (orange) in response to the target velocity, v x t a r (dotted line). v x t a r was adjusted with a change rate of 0.05 m/s per second. See S1 Video. ⟦NEXT⟧ Time evolution of the generated walking speed (orange) in response to the target velocity, v x t a r (dotted line). v x t a r was adjusted with a change rate of 0.05 m/s per second.",https://pubmed.ncbi.nlm.nih.gov/42406714/,https://pmc.ncbi.nlm.nih.gov/articles/PMC13336186/,,,,,
42327836,PMC13280437,2026,Clinical and translational radiation oncology,"Corrigendum to ""Mini-GRID enhances survival and reduces toxicity in an orthotopic murine model of oral squamous cell carcinoma: A proof-of-concept study"". [Clin. Trans. Rad. Oncol. 57 (2026) 101101].",unusable_or_ambiguous,,41552761,,https://pubmed.ncbi.nlm.nih.gov/42327836/,https://pmc.ncbi.nlm.nih.gov/articles/PMC13280437/,,,,,
38823409,PMC11168937,2024,The Lancet. Global health,Correction to Lancet Glob Health 2024; 12: e815-25.,exact_replacement_candidate,exact_language|location|visual|metadata|multiple_numbers,38614630,"Checkley C, Thompson LM, Hossen S, et al. Cooking with liquefied petroleum gas or biomass and fetal growth outcomes: a multi-country randomised controlled trial. Lancet Glob Health 2024; 12: e815–25 —In figure 4 of this Article, for the exposure–response analysis of estimated fetal weight or birthweight and personal exposure to PM 2·5 , the 98·75% CI of the Z score at 33 weeks should be –0·10 to –0·01. And the following statement has been added after the first sentence of the Acknowledgments section: “This research represents the NIH's contribution to the Global Alliance for Chronic Diseases (GACD) coordinated call for research on prevention and management of chronic lung diseases for 2016.” These corrections have been made as of May 29, 2024.",https://pubmed.ncbi.nlm.nih.gov/38823409/,https://pmc.ncbi.nlm.nih.gov/articles/PMC11168937/,,,,,
25978815,PMC4433350,2015,PloS one,"Correction: correction: plastidic phosphoglucose isomerase is an important determinant of starch accumulation in mesophyll cells, growth, photosynthetic capacity, and biosynthesis of plastidic cytokinins in Arabidopsis.",metadata_or_nonpropositional,metadata|multiple_numbers,25811607|25906238,"There is an error in the correction published on April 23, 2015. The affiliation of Dr. Ondrej Novak is correct in the original article, and the affiliation for the 13th and 14th authors is incorrect. Lukáš Spíchal and Karel Dolezal are not affiliated with #3 but with #2 Department of Chemical Biology and Genetics, Centre of the Region Haná for Biotechnological and Agricultural Research, Faculty of Science, Palacký University, Olomouc, CZ-78371, Czech Republic. The publisher apologizes for the error.",https://pubmed.ncbi.nlm.nih.gov/25978815/,https://pmc.ncbi.nlm.nih.gov/articles/PMC4433350/,,,,,
34857784,PMC8639836,2021,Scientific data,Author Correction: High content genome-wide siRNA screen to investigate the coordination of cell size and RNA production.,numeric_or_symbolic_candidate,metadata|multiple_numbers,34183683,"Correction to: Scientific Data 10.1038/s41597-021-00944-5, published online 28 June 2021 ⟦NEXT⟧ The original version of this Data Descriptor omitted the following authors from the Author List: Merve Avar, Daniel Heinzer, Marc Emmenegger and Adriano Aguzzi. The Acknowledgement and Author Contributions sections have been updated to reflect the changes in the author list. These errors have now been corrected in both the PDF and HTML versions of the Article.",https://pubmed.ncbi.nlm.nih.gov/34857784/,https://pmc.ncbi.nlm.nih.gov/articles/PMC8639836/,,,,,
31305647,PMC5406110,2017,Medicine,Erratum: Nuclear expression and/or reduced membranousexpression of β-catenin correlate with poor prognosis in colorectal carcinoma: A meta-analysis: Erratum.,metadata_or_nonpropositional,metadata|multiple_numbers,27930552,"In the article, “Nuclear expression and/or reduced membranous expression of β-catenin correlate with poor prognosis in colorectal carcinoma: A meta-analysis”, [ 1 ] which appeared in Volume 95, Issue 49 of Medicine , affiliation a was published incorrectly and should have appeared as Department of Surgical Oncology and Caner institute (Key Laboratory of Cancer Prevention & Intervention, National Ministry of Education, Provincial Key Laboratory of Molecular Biology in Medical Sciences), Second Affiliated Hospital, Zhejiang University School of Medicine, Hangzhou, China.",https://pubmed.ncbi.nlm.nih.gov/31305647/,https://pmc.ncbi.nlm.nih.gov/articles/PMC5406110/,,,,,
41111908,PMC12530937,2025,Mediators of inflammation,"Correction to ""Mesenchymal Stem Cell-Derived Exosomes Modulate Chondrocyte Glutamine Metabolism to Alleviate Osteoarthritis Progression"".",exact_replacement_candidate,exact_language|location|visual|metadata|multiple_numbers,34992497,"K. Jiang, T. Jiang, Y. Chen, and X. Mao, “Mesenchymal Stem Cell-Derived Exosomes Modulate Chondrocyte Glutamine Metabolism to Alleviate Osteoarthritis Progression,” Mediators of Inflammation 2021 (2021): 2979124, https://doi.org/10.1155/2021/2979124 . ⟦NEXT⟧ In the article, there are errors in the Abstract, the caption of Figure 6a, and Section 3.1. Specifically: 1. In the Abstract and the legend of Figure 6a, “mice” should be replaced with “rat.” 2. In Section 3.1, “PKH67” should be replaced with “PKH26.” 3. In Section 3.1, “spinal cord” should be replaced with “bone marrow.” ⟦NEXT⟧ 1. In the Abstract and the legend of Figure 6a, “mice” should be replaced with “rat.” ⟦NEXT⟧ 2. In Section 3.1, “PKH67” should be replaced with “PKH26.” || 1. In the Abstract and the legend of Figure 6a, “mice” should be replaced with “rat.” ⟦NEXT⟧ 2. In Section 3.1, “PKH67” should be replaced with “PKH26.” ⟦NEXT⟧ 3. In Section 3.1, “spinal cord” should be replaced with “bone marrow.” ⟦NEXT⟧ We apologize for these errors. || In the article, there are errors in the Abstract, the caption of Figure 6a, and Section 3.1. Specifically: 1. In the Abstract and the legend of Figure 6a, “mice” should be replaced with “rat.” 2. In Section 3.1, “PKH67” should be replaced with “PKH26.” 3. In Section 3.1, “spinal cord” should be replaced with “bone marrow.” ⟦NEXT⟧ 1. In the Abstract and the legend of Figure 6a, “mice” should be replaced with “rat.” ⟦NEXT⟧ 2. In Section 3.1, “PKH67” should be replaced with “PKH26.” ⟦NEXT⟧ 3. In Section 3.1, “spinal cord” should be replaced with “bone marrow.” || 2. In Section 3.1, “PKH67” should be replaced with “PKH26.” ⟦NEXT⟧ 3. In Section 3.1, “spinal cord” should be replaced with “bone marrow.” ⟦NEXT⟧ We apologize for these errors.",https://pubmed.ncbi.nlm.nih.gov/41111908/,https://pmc.ncbi.nlm.nih.gov/articles/PMC12530937/,,,,,
38059032,PMC10696983,2023,Nanoscale advances,Correction: A hierarchical integrated 3D carbon electrode derived from gingko leaves via hydrothermal carbonization of H 3 PO 4 for high-performance supercapacitors.,metadata_or_nonpropositional,metadata|multiple_numbers,36756496|37205286,"The authors regret that the acknowledgement of College Student Innovation and Entrepreneurship Training Program, Southwest University (S202210635259) is incorrect. The correct acknowledgement is College Student Innovation and Entrepreneurship Training Program, Southwest University (S202310635215). ⟦NEXT⟧ The Royal Society of Chemistry apologises for these errors and any consequent inconvenience to authors and readers. ⟦NEXT⟧ Supplementary Material",https://pubmed.ncbi.nlm.nih.gov/38059032/,https://pmc.ncbi.nlm.nih.gov/articles/PMC10696983/,,,,,
27717345,PMC5054616,2016,BMC oral health,Erratum to: Inequalities in the frequency of free sugars intake among Syrian 1-year-old infants: a cross-sectional study.,metadata_or_nonpropositional,location|metadata,27608712,"Erratum ⟦NEXT⟧ Unfortunately, the original version of this article [ 1 ] was missing funding information within the funding section. ⟦NEXT⟧ Please note that open access for this article was funded by King’s College London.",https://pubmed.ncbi.nlm.nih.gov/27717345/,https://pmc.ncbi.nlm.nih.gov/articles/PMC5054616/,,,,,
29730820,PMC6828050,2018,Journal of echocardiography,Correction to: Accuracy and limitations of vector flow mapping: left ventricular phantom validation using stereo particle image velocimetory.,unusable_or_ambiguous,,27848215,,https://pubmed.ncbi.nlm.nih.gov/29730820/,https://pmc.ncbi.nlm.nih.gov/articles/PMC6828050/,,,,,
37967110,PMC10651004,2023,PloS one,Correction: Parallel operated hybrid Arithmetic-Salp swarm optimizer for optimal allocation of multiple distributed generation units in distribution networks.,metadata_or_nonpropositional,metadata|multiple_numbers,35417475,"The first author’s name is spelled incorrectly. The correct name is: Zeeshan Anjum Memon. ⟦NEXT⟧ The correct citation is: Memon ZA, Said DM, Hassan MY, Leghari ZH, Sahar G. (2022) Parallel operated hybrid Arithmetic-Salp swarm optimizer for optimal allocation of multiple distributed generation units in distribution networks. PloS ONE 17(4): e0264958. https://doi.org/10.1371/journal.pone.0264958",https://pubmed.ncbi.nlm.nih.gov/37967110/,https://pmc.ncbi.nlm.nih.gov/articles/PMC10651004/,,,,,
27760145,PMC5070826,2016,PLoS medicine,Correction: Supported Telemonitoring and Glycemic Control in People with Type 2 Diabetes: The Telescot Diabetes Pragmatic Multicenter Randomized Controlled Trial.,unusable_or_ambiguous,location|visual,27458809,,https://pubmed.ncbi.nlm.nih.gov/27760145/,https://pmc.ncbi.nlm.nih.gov/articles/PMC5070826/,,,,,
41339718,PMC12675529,2025,Scientific reports,Correction: Predicting current and future habitat of Indian pangolin (Manis crassicaudata) under climate change.,numeric_or_symbolic_candidate,location|multiple_numbers,38555376,"Correction to: Scientific Reports 10.1038/s41598-024-58173-w, published online 30 March 2024 ⟦NEXT⟧ The original version of this Article contained a repeated error, where the bioclimatic variable Bio 12 was incorrectly defined as the ""mean temperature of the coldest month"" and ""mean temperature of the coldest quarter"". The correct definition is ""annual precipitation."" ⟦NEXT⟧ As a result, in the Abstract, || Correction to: Scientific Reports 10.1038/s41598-024-58173-w, published online 30 March 2024 ⟦NEXT⟧ The original version of this Article contained a repeated error, where the bioclimatic variable Bio 12 was incorrectly defined as the ""mean temperature of the coldest month"" and ""mean temperature of the coldest quarter"". The correct definition is ""annual precipitation."" ⟦NEXT⟧ As a result, in the Abstract, ⟦NEXT⟧ “Model accuracy was very good (AUC = 0.885, TSS = 0.695), and jackknife tests of variable importance showed that the contribution of annual mean temperature (bio1) was greatest (33.4%), followed by the mean temperature of the coldest quarter (bio-12, 29.3%), temperature seasonality (bio 4, 25.9%), and precipitation seasonality (bio 15, 11.5%).” || “Response of bioclimatic variable to habitat suitability of Indian pangolin (red line represents standard deviations, blue line represents effects of bioclimatic variables on predicted habitat suitability), northern Pakistan, 2021–2023. (A) Annual Mean Temperature (Bio1), (B) Temperature Seasonality (Bio 04), (C) annual precipitation (Bio12), D) Precipitation Seasonality (Bio 15).” ⟦NEXT⟧ The original Article has been corrected.",https://pubmed.ncbi.nlm.nih.gov/41339718/,https://pmc.ncbi.nlm.nih.gov/articles/PMC12675529/,,,,,
28279164,PMC5345175,2017,BMC nephrology,Erratum to: A new prescription model for regional citrate anticoagulation in therapeutic plasma exchanges.,numeric_or_symbolic_candidate,location|visual|multiple_numbers,28249613,"Erratum ⟦NEXT⟧ In the original publication of this article [ 1 ], figure 6 contains the inscription ""total Ca infused x 1/10 [mmol/l], this inscription was not correct and should have read ""total Ca infused x 1/10 [mmol]. The original figure 6 (Fig. 1 ) and the corrected figure 6 (Fig. 2 ) are published in this erratum. Fig. 1 original version of figure 6 as published on 1 March 2017 Fig. 2 corrected version of figure 6 ⟦NEXT⟧ original version of figure 6 as published on 1 March 2017 ⟦NEXT⟧ corrected version of figure 6 || original version of figure 6 as published on 1 March 2017 ⟦NEXT⟧ corrected version of figure 6 || Erratum ⟦NEXT⟧ In the original publication of this article [ 1 ], figure 6 contains the inscription ""total Ca infused x 1/10 [mmol/l], this inscription was not correct and should have read ""total Ca infused x 1/10 [mmol]. The original figure 6 (Fig. 1 ) and the corrected figure 6 (Fig. 2 ) are published in this erratum. Fig. 1 original version of figure 6 as published on 1 March 2017 Fig. 2 corrected version of figure 6 ⟦NEXT⟧ original version of figure 6 as published on 1 March 2017",https://pubmed.ncbi.nlm.nih.gov/28279164/,https://pmc.ncbi.nlm.nih.gov/articles/PMC5345175/,,,,,
31595172,PMC6769373,2019,Frontiers in microbiology,Corrigendum: Evaluation of Whole-Genome Sequence Method to Diagnose Resistance of 13 Anti-tuberculosis Drugs and Characterize Resistance Genes in Clinical Multi-Drug Resistance Mycobacterium tuberculosis Isolates From China.,metadata_or_nonpropositional,exact_language|metadata,31417530,"In the published article, there was an error in affiliation 2 . Instead of “ Sixth People's Hospital of Wenzhou City, Shenzhen, China ,” it should be “ Department of Infectious Diseases, Wenzhou Sixth People's Hospital, Wenzhou Central Hospital Medical Group, Wenzhou, China .” ⟦NEXT⟧ The authors apologize for this error and state that this does not change the scientific conclusions of the article in any way. The original article has been updated.",https://pubmed.ncbi.nlm.nih.gov/31595172/,https://pmc.ncbi.nlm.nih.gov/articles/PMC6769373/,,,,,
34125291,PMC8302544,2021,Journal of anesthesia,Correction to: Can a new scoring system reliably predict failed facemask ventilation?,metadata_or_nonpropositional,location|metadata|multiple_numbers,32440801,"Correction to: Journal of Anesthesia (2020) 34:635 10.1007/s00540-020-02793-9 ⟦NEXT⟧ The article “Can a new scoring system reliably predict failed facemask ventilation?”, written by Hans-Joachim Priebe, was originally published Online First without Open Access. After publication in volume 34, issue 4, page 635 the author decided to opt for Open Choice and to make the article an Open Access publication. Therefore, the copyright of the article has been changed to © The Author(s) 2021 and the article is forthwith distributed under the terms of the Creative Commons Attribution 4.0 International License, which permits use, sharing, adaptation, distribution and reproduction in any medium or format, as long as you give appropriate credit to the original author(s) and the source, provide a link to the Creative Commons licence, and indicate if changes were made. The images or other third party material in this article are included in the article’s Creative Commons licence, unless indicated otherwise in a credit line to the material. If material is not included in the article’s Creative Commons licence and your intended use is not permitted by statutory regulation or exceeds the permitted use, you will need to obtain permission directly from the copyright holder. To view a copy of this licence, visit http://creativecommons.org/licenses/by/4.0 . Open access funding enabled and organized by Projekt DEAL. ⟦NEXT⟧ The original article has been corrected. || The article “Can a new scoring system reliably predict failed facemask ventilation?”, written by Hans-Joachim Priebe, was originally published Online First without Open Access. After publication in volume 34, issue 4, page 635 the author decided to opt for Open Choice and to make the article an Open Access publication. Therefore, the copyright of the article has been changed to © The Author(s) 2021 and the article is forthwith distributed under the terms of the Creative Commons Attribution 4.0 International License, which permits use, sharing, adaptation, distribution and reproduction in any medium or format, as long as you give appropriate credit to the original author(s) and the source, provide a link to the Creative Commons licence, and indicate if changes were made. The images or other third party material in this article are included in the article’s Creative Commons licence, unless indicated otherwise in a credit line to the material. If material is not included in the article’s Creative Commons licence and your intended use is not permitted by statutory regulation or exceeds the permitted use, you will need to obtain permission directly from the copyright holder. To view a copy of this licence, visit http://creativecommons.org/licenses/by/4.0 . Open access funding enabled and organized by Projekt DEAL. ⟦NEXT⟧ The original article has been corrected.",https://pubmed.ncbi.nlm.nih.gov/34125291/,https://pmc.ncbi.nlm.nih.gov/articles/PMC8302544/,,,,,
32253380,PMC7136240,2020,Scientific reports,Author Correction: Modification of the head proteome of nurse honeybees (Apis mellifera) exposed to field-relevant doses of pesticides.,metadata_or_nonpropositional,exact_language|location|metadata|multiple_numbers,32042077,"“This study was supported by the Brazilian Council for Scientific and Technological Development/CNPq (grant number: 165696/2014-1). The authors thank the Pro Reitoria de Pós Graduação, Univ. Estadual Paulista (UNESP), from São Paulo state, Brazil for the financial support.” ⟦NEXT⟧ should read: ⟦NEXT⟧ “This study was financed in part by the Coordenação de Aperfeiçoamento de Pessoal de Nível Superior – Brasil (CAPES) – Finance Code 001. The authors gratefully acknowledge financial support from the Brazilian Council for Scientific and Technological Development/CNPq (grant number: 165696/2014-1), and the Universidade Federal de Mato Grosso do Sul.” || Correction to: Scientific Reports 10.1038/s41598-020-59070-8, published online 10 February 2020 ⟦NEXT⟧ The Acknowledgements section in this Article is incomplete. ⟦NEXT⟧ “This study was supported by the Brazilian Council for Scientific and Technological Development/CNPq (grant number: 165696/2014-1). The authors thank the Pro Reitoria de Pós Graduação, Univ. Estadual Paulista (UNESP), from São Paulo state, Brazil for the financial support.”",https://pubmed.ncbi.nlm.nih.gov/32253380/,https://pmc.ncbi.nlm.nih.gov/articles/PMC7136240/,,,,,
26668736,PMC4670050,2015,Ecology and evolution,Corrigendum.,exact_replacement_candidate,exact_language|location|visual|metadata|multiple_numbers,23145346,"Zostera noltii . Net photosynthetic rate ( μ mol O 2 /m 2 /s) versus photosynthetic active radiation ( PAR ; μ mol quanta/m 2 /s) measured following oxygen evolution determined at 20°C in leaf segments of plants exposed at 360 ppm (closed circles) and 700 ppm (open circles). Values are mean ± SD ( n = 3–4). ⟦NEXT⟧ The values of P max and α extracted from the two PI curves in Figure 3 need also correction. The text on page 6 should be replaced by “The irradiance‐saturated photosynthetic rate (P m ) of plants exposed to CO 2 ‐enriched conditions (6.88 ± 0.35 μ mol O 2 /m 2 /s) was 1.3‐fold higher than the rate of plants exposed to current CO 2 concentration (5.28 ± 0.23 μ mol O 2 /m 2 /s) (Fig. 3 ). Similarly, the photosynthetic rates at limiting irradiances ( α ), expressed as photosynthetic efficiency, were much higher in CO 2 ‐enriched plants (0.11 ± 0.02 μ mol O 2 / μ mol quanta) than in plants exposed to current CO 2 concentration (0.03 ± 0.003 μ mol O 2 / μ mol quanta).” ⟦NEXT⟧ The new photosynthetic values do not change the interpretation of the results and the overall conclusions of the paper remain unchanged. || Ana Alexandre, João Silva, Pimchanok Buapet, Mats Bjork & Rui Santos. Effects of CO 2 enrichment on photosynthesis, growth, and nitrogen metabolism of the seagrass Zostera noltii , Ecology and Evolution 2012; 2(10), 2620–2630. DOI: 10.1002/ece3.333 . ⟦NEXT⟧ In the above‐mentioned article, the values of the net photosynthetic rate presented in Figure 3 were incorrectly calculated during the conversion from μ mol O 2 g −1 FW h −1 into μ mol O 2 m −2 s −1 , resulting in their overestimation. Below is the corrected Figure 3 . ⟦NEXT⟧ Zostera noltii . Net photosynthetic rate ( μ mol O 2 /m 2 /s) versus photosynthetic active radiation ( PAR ; μ mol quanta/m 2 /s) measured following oxygen evolution determined at 20°C in leaf segments of plants exposed at 360 ppm (closed circles) and 700 ppm (open circles). Values are mean ± SD ( n = 3–4). ⟦NEXT⟧ The values of P max and α extracted from the two PI curves in Figure 3 need also correction. The text on page 6 should be replaced by “The irradiance‐saturated photosynthetic rate (P m ) of plants exposed to CO 2 ‐enriched conditions (6.88 ± 0.35 μ mol O 2 /m 2 /s) was 1.3‐fold higher than the rate of plants exposed to current CO 2 concentration (5.28 ± 0.23 μ mol O 2 /m 2 /s) (Fig. 3 ). Similarly, the photosynthetic rates at limiting irradiances ( α ), expressed as photosynthetic efficiency, were much higher in CO 2 ‐enriched plants (0.11 ± 0.02 μ mol O 2 / μ mol quanta) than in plants exposed to current CO 2 concentration (0.03 ± 0.003 μ mol O 2 / μ mol quanta).”",https://pubmed.ncbi.nlm.nih.gov/26668736/,https://pmc.ncbi.nlm.nih.gov/articles/PMC4670050/,,,,,
31937889,PMC6960145,2020,Scientific reports,Author Correction: Enabling cell recovery from 3D cell culture microfluidic devices for tumour microenvironment biomarker profiling.,metadata_or_nonpropositional,exact_language|location|metadata|multiple_numbers,30996291,"“Authors would like to thank Dr Edorta Santos for assistance on hydrogel degradation conditions, Inés Mármol for enriching discussions on the qPCR experiments and Jacobo Ayensa for valuable advice on statistical analysis. This work has been supported by the Spanish national research program (DPI2015-65401-C3-1-R and BIO2016-79092-R grants) and the Aragon Government (T24_17R grant). The Spanish national government provided M.V. studentship. Authors would like to acknowledge the use of Servicio General de Apoyo a la Investigación-SAI, Universidad de Zaragoza. ORCHID and CISTEM projects have received funding from H2020 programme under grant agreement 766884 and 778354 respectively.” ⟦NEXT⟧ should read: ⟦NEXT⟧ “Authors would like to thank Dr Edorta Santos for assistance on hydrogel degradation conditions, Inés Mármol for enriching discussions on the qPCR experiments and Jacobo Ayensa for valuable advice on statistical analysis. This work has been supported by the Spanish national research program (DPI2015-65401-C3-1-R and BIO2016-79092-R grants) and the Aragon Government (T24_17R grant). The Spanish national government provided M.V. studentship. Authors would like to acknowledge the use of Servicio General de Apoyo a la Investigación-SAI, Universidad de Zaragoza. ORCHID and CISTEM projects have received funding from H2020 programme under grant agreement 766884 and 778354 respectively. M.V., D.J.B and M.K.L. acknowledge University of Wisconsin Carbone Cancer Center Support Grant P30 CA014520, Environmental Protection Agency 83573701-Human Models for Analysis of Pathways (H-MAPs) Center and NIH NCI Cancer Moonshot Grant R33CA225281.” || Correction to: Scientific Reports 10.1038/s41598-019-42529-8, published online 17 April 2019 ⟦NEXT⟧ The Acknowledgements section in this Article is incomplete. ⟦NEXT⟧ “Authors would like to thank Dr Edorta Santos for assistance on hydrogel degradation conditions, Inés Mármol for enriching discussions on the qPCR experiments and Jacobo Ayensa for valuable advice on statistical analysis. This work has been supported by the Spanish national research program (DPI2015-65401-C3-1-R and BIO2016-79092-R grants) and the Aragon Government (T24_17R grant). The Spanish national government provided M.V. studentship. Authors would like to acknowledge the use of Servicio General de Apoyo a la Investigación-SAI, Universidad de Zaragoza. ORCHID and CISTEM projects have received funding from H2020 programme under grant agreement 766884 and 778354 respectively.”",https://pubmed.ncbi.nlm.nih.gov/31937889/,https://pmc.ncbi.nlm.nih.gov/articles/PMC6960145/,,,,,
31409731,PMC6694812,2019,Journal of virology,"Erratum for Uppal et al., ""The DNase Activity of Kaposi's Sarcoma-Associated Herpesvirus SOX Protein Serves an Important Role in Viral Genome Processing during Lytic Replication"".",unusable_or_ambiguous,,30728255,,https://pubmed.ncbi.nlm.nih.gov/31409731/,https://pmc.ncbi.nlm.nih.gov/articles/PMC6694812/,,,,,
36367844,PMC9797642,2023,Diabetes care,Erratum. Targeting Technology in Underserved Adults With Type 1 Diabetes: Effect of Diabetes Practice Transformations on Improving Equity in CGM Prescribing Behaviors. Diabetes Care 2022;45:2231-2237.,unusable_or_ambiguous,,36054022,,https://pubmed.ncbi.nlm.nih.gov/36367844/,https://pmc.ncbi.nlm.nih.gov/articles/PMC9797642/,,,,,
39158414,PMC11331590,2024,Addiction biology,"Correction to ""Social setting interacts with hyper dopamine to boost the stimulant effect of ethanol"".",exact_replacement_candidate,exact_language|metadata|multiple_numbers,38898729,"Murillo Gonzalez DJ , Hernandez Granados BA , Sabandal PR , Han K‐A . Social setting interacts with hyper dopamine to boost the stimulant effect of ethanol . Addiction Biology . 2024 ; 29 ( 6 ): e13420 , doi: 10.1111/adb.13420 . 38898729 PMC11187408 ⟦NEXT⟧ The footnote, “Dilean J. Murillo Gonzalez and Bryan A. Hernandez Granados contributed equally to this work”, is incorrect and should be removed. Dilean J. Murillo Gonzalez is the sole first author. ⟦NEXT⟧ There are three institutions listed in the affiliations, which is incorrect. All works reported in the paper were done entirely at the “Department of Biological Sciences, The University of Texas at El Paso, El Paso, TX, USA”. The other institutions are the authors' present addresses as noted below. ⟦NEXT⟧ D.M.G.’s present address: Department of Neuroscience, Baylor College of Medicine, Houston, TX, USA. || The footnote, “Dilean J. Murillo Gonzalez and Bryan A. Hernandez Granados contributed equally to this work”, is incorrect and should be removed. Dilean J. Murillo Gonzalez is the sole first author. ⟦NEXT⟧ There are three institutions listed in the affiliations, which is incorrect. All works reported in the paper were done entirely at the “Department of Biological Sciences, The University of Texas at El Paso, El Paso, TX, USA”. The other institutions are the authors' present addresses as noted below. ⟦NEXT⟧ D.M.G.’s present address: Department of Neuroscience, Baylor College of Medicine, Houston, TX, USA. ⟦NEXT⟧ B.H.G.’s present address: Department of Biochemistry, Vanderbilt University, Nashville, TN, USA.",https://pubmed.ncbi.nlm.nih.gov/39158414/,https://pmc.ncbi.nlm.nih.gov/articles/PMC11331590/,,,,,
39102400,PMC11299813,2024,PloS one,Correction: Determinants of the use of modern contraceptives among women of reproductive age group in Ethiopia: A multilevel mixed effects analysis.,metadata_or_nonpropositional,metadata,38968272,"There is an error in the affiliation for authors Molalign Gualu Gobena and Maru Zewdu Kassie. The correct affiliation is: Department of Statistics, Assosa University, Assosa, Benishangul-Gumuz Regional State, Ethiopia.",https://pubmed.ncbi.nlm.nih.gov/39102400/,https://pmc.ncbi.nlm.nih.gov/articles/PMC11299813/,,,,,
26459043,PMC4713938,2015,Lung,Erratum to: Morphological and Functional Alterations of Alveolar Macrophages in a Murine Model of Chronic Inflammatory Lung Disease.,metadata_or_nonpropositional,metadata|multiple_numbers,26319657,"Erratum to: Lung DOI 10.1007/s00408-015-9797-4 ⟦NEXT⟧ Unfortunately, the given name and family name of the first author was incorrectly published in the original publication. The author name is corrected with this erratum.",https://pubmed.ncbi.nlm.nih.gov/26459043/,https://pmc.ncbi.nlm.nih.gov/articles/PMC4713938/,,,,,
27035816,PMC4811133,2016,The Journal of clinical investigation,Mitochondrial metabolism mediates oxidative stress and inflammation in fatty liver.,unusable_or_ambiguous,,26571396,,https://pubmed.ncbi.nlm.nih.gov/27035816/,https://pmc.ncbi.nlm.nih.gov/articles/PMC4811133/,,,,,
40323241,PMC12447750,2025,Biomolecules & biomedicine,Correction: LKB1 suppression promotes cardiomyocyte regeneration via LKB1-AMPK-YAP axis.,numeric_or_symbolic_candidate,location|visual|metadata|multiple_numbers,35490365,"Vol. 22 No. 5 (2022) | https://doi.org/10.17305/bjbms.2021.7225 | 29 April, 2022 ⟦NEXT⟧ In the published article [Qu S, et al. LKB1 suppression promotes cardiomyocyte regeneration via LKB1-AMPK-YAP axis. Bosn J Basic Med Sci. 2022; DOI: 10.17305/bjbms.2021.7225], an error was identified in Figure 4D1. Specifically, the immunofluorescence image originally belonging to the “vector” group was mistakenly used for the “LKB1 OE” group during figure preparation. This was an inadvertent error in image placement. ⟦NEXT⟧ The corrected version of Figure 4 is shown below. This correction does not affect the statistical analysis, interpretation, or the overall conclusions of the study. || In the published article [Qu S, et al. LKB1 suppression promotes cardiomyocyte regeneration via LKB1-AMPK-YAP axis. Bosn J Basic Med Sci. 2022; DOI: 10.17305/bjbms.2021.7225], an error was identified in Figure 4D1. Specifically, the immunofluorescence image originally belonging to the “vector” group was mistakenly used for the “LKB1 OE” group during figure preparation. This was an inadvertent error in image placement. ⟦NEXT⟧ The corrected version of Figure 4 is shown below. This correction does not affect the statistical analysis, interpretation, or the overall conclusions of the study.",https://pubmed.ncbi.nlm.nih.gov/40323241/,https://pmc.ncbi.nlm.nih.gov/articles/PMC12447750/,,,,,
38691558,PMC11062552,2024,PloS one,Correction: Belief about the future possibility of national aging security system and its association with mortality.,metadata_or_nonpropositional,metadata,30763373,,https://pubmed.ncbi.nlm.nih.gov/38691558/,https://pmc.ncbi.nlm.nih.gov/articles/PMC11062552/,,,,,
27695380,PMC5022798,2016,Clinical medicine insights. Women's health,"Correction to ""Barriers to Obtaining Sera and Tissue Specimens of African-American Women for the Advancement of Cancer Research"".",numeric_or_symbolic_candidate,location|visual|metadata|multiple_numbers,27441007,"The authors have drawn to the attention of the editor in chief of the journal errors in the following paper: Katherine J. Strissel, Dequina A. Nicholas, Myriam Castagne-Charlotin, Naomi Ko and Gerald V. Denis. Barriers to Obtaining Sera and Tissue Specimens of African-American Women for the Advancement of Cancer Research. Clinical Medicine Insights: Women’s Health . 2016;Suppl 1: 57–61 . doi:10.4137/CMWH.S34698. ⟦NEXT⟧ Table 1 of the paper contains several errors. The values given for numbers of metabolically healthy obese patients by BMI group were incorrect. The correct values for each category are shown below. ⟦NEXT⟧ The editor in chief thanks the authors for bringing these errors to the attention of the journal.",https://pubmed.ncbi.nlm.nih.gov/27695380/,https://pmc.ncbi.nlm.nih.gov/articles/PMC5022798/,,,,,
37539756,PMC10433431,2023,Oncology reports,[Corrigendum] Endophytic fungi from mangrove inhibit lung cancer cell growth and angiogenesis in vitro .,numeric_or_symbolic_candidate,location|visual|metadata|multiple_numbers,28098865,"Oncol Rep 37: 1793–1803 , 2017; DOI: 10.3892/or.2017.5366 ⟦NEXT⟧ Subsequently to the publication of the above article, the authors have drawn to the attention of the Editorial Office that a few inadvertent errors were made during the assembly of Fig. 6 on p. 1802. In the first instance, the images selected to represent the A549 cell line in Fig. 6A were inadvertently shown as the data for the NCI-H460 cell line in Fig. 6C and vice versa, and so the data shown for Fig. 6A and C have been interchanged in the revised version of this figure. Moreover, the representative image for panel ‘3’ in Fig. 6A of the above article (and so, now panel ‘3’ in Fig. 6C of the corrected version) was wrongly copied across from that of panel ‘2’ in Fig. 6C (now, panel ‘2’ in Fig. 6A of the corrected version). ⟦NEXT⟧ The authors were able to re-examine their original data files, and realize how the errors were made during the assembly of this figure. The revised version of Fig. 6 , with the data originally shown in Fig. 6A and C now interchanged, also showing the correct data for panel ‘3’ in Fig. 6C , is shown on the next page. Note that the errors made in assembling this figure did not affect the overall conclusions reported in the paper. The authors are grateful to the Editor of Oncology Reports for allowing them the opportunity to publish this Corrigendum, and all the authors agree with its publication. They also apologize to the readership for any inconvenience caused.",https://pubmed.ncbi.nlm.nih.gov/37539756/,https://pmc.ncbi.nlm.nih.gov/articles/PMC10433431/,,,,,
34423023,PMC8339818,2021,Annals of translational medicine,Erratum to spliceosome-associated protein 130: a novel biomarker for idiopathic pulmonary fibrosis.,exact_replacement_candidate,exact_language|location|multiple_numbers,32953786,"In the article titled “Spliceosome-associated protein 130: a novel biomarker for idiopathic pulmonary fibrosis” ( 1 ), corrections are needed due to carelessness on the part of the authors during the manuscript production process. ⟦NEXT⟧ Page 2, the 1 st sentence of the 4 th paragraph in the “Introduction” section stated: “Spliceosome-associated protein 130 (SAP130), a subunit of histone deacetylase, is located in the nucleus in normal live cells but diffuses out of dying cells or damaged cells and is released to the extracellular milieu.” This sentence should be updated to: “Spliceosome-associated protein 130 (SAP130), also known as splicing factor 3B subunit 3 (SF3BP), a subunit of the splicing factor 3b protein complex, is located in the nucleus in normal live cells but diffuses out of dying or damaged cells and is released into the extracellular milieu.” ⟦NEXT⟧ Page 3, the last sentence of “Immunohistochemistry (IHC)” in the “Methods” section stated: “Sections were deparaffinized and stained with Anti-SAP130 antibodies (ab 111739, Abcam) followed by biotinylated goat anti-mouse IgG and avidin-HRP.” However, the vendor information provided for SAP130 antibodies was incorrect: SAP130 antibodies were in fact purchased from Santa Cruz Biotechnologies under the catalogue number sc-398670. Therefore, the sentence should be updated to: “Sections were deparaffinized and stained with Anti-SAP130 antibodies (sc-398670, Santa Cruz Biotechnologies).” ⟦NEXT⟧ The authors apologize for these errors, which did not affect the results or conclusion of the study. || Page 2, the 1 st sentence of the 4 th paragraph in the “Introduction” section stated: “Spliceosome-associated protein 130 (SAP130), a subunit of histone deacetylase, is located in the nucleus in normal live cells but diffuses out of dying cells or damaged cells and is released to the extracellular milieu.” This sentence should be updated to: “Spliceosome-associated protein 130 (SAP130), also known as splicing factor 3B subunit 3 (SF3BP), a subunit of the splicing factor 3b protein complex, is located in the nucleus in normal live cells but diffuses out of dying or damaged cells and is released into the extracellular milieu.” ⟦NEXT⟧ Page 3, the last sentence of “Immunohistochemistry (IHC)” in the “Methods” section stated: “Sections were deparaffinized and stained with Anti-SAP130 antibodies (ab 111739, Abcam) followed by biotinylated goat anti-mouse IgG and avidin-HRP.” However, the vendor information provided for SAP130 antibodies was incorrect: SAP130 antibodies were in fact purchased from Santa Cruz Biotechnologies under the catalogue number sc-398670. Therefore, the sentence should be updated to: “Sections were deparaffinized and stained with Anti-SAP130 antibodies (sc-398670, Santa Cruz Biotechnologies).” ⟦NEXT⟧ The authors apologize for these errors, which did not affect the results or conclusion of the study. ⟦NEXT⟧ Click here to view the updated version of the article.",https://pubmed.ncbi.nlm.nih.gov/34423023/,https://pmc.ncbi.nlm.nih.gov/articles/PMC8339818/,,,,,
31992058,PMC7265619,2020,Canadian journal of psychiatry. Revue canadienne de psychiatrie,Corrigendum to Antipsychotiques à Action Prolongé e: Révision de l'algorithme QAAPAPLE.,unusable_or_ambiguous,,31088133,,https://pubmed.ncbi.nlm.nih.gov/31992058/,https://pmc.ncbi.nlm.nih.gov/articles/PMC7265619/,,,,,
41749227,PMC12937561,2026,Journal of nanobiotechnology,Correction: PDLIM4 drives gastric cancer malignant progression and cisplatin resistance by inhibiting HSP70 ubiquitination and degradation via competitive interaction with STUB1.,exact_replacement_candidate,exact_language|location|visual|multiple_numbers,41076533,"10.1186/s12951-025-03720-4 ⟦NEXT⟧ Unfortunately, in Fig. 10h, the unit for Crea was erroneously indicated as ""mmol/L"" instead of the correct unit, ""μmol/L."" ⟦NEXT⟧ For completeness and transparency, the correct and incorrect versions of Fig. 10 is displayed below. ⟦NEXT⟧ Incorrect Fig. 10 || Correction: Journal of Nanobiotechnology (2025) 23:661 ⟦NEXT⟧ 10.1186/s12951-025-03720-4 ⟦NEXT⟧ Unfortunately, in Fig. 10h, the unit for Crea was erroneously indicated as ""mmol/L"" instead of the correct unit, ""μmol/L."" || Unfortunately, in Fig. 10h, the unit for Crea was erroneously indicated as ""mmol/L"" instead of the correct unit, ""μmol/L."" ⟦NEXT⟧ For completeness and transparency, the correct and incorrect versions of Fig. 10 is displayed below. ⟦NEXT⟧ Incorrect Fig. 10 ⟦NEXT⟧ Fig. 10 In vivo evaluation of the therapeutic efficacy and toxicity of siPDLIM4/DDP LNPs. a A schematic diagram illustrates the timeline for tumor implantationand the administration of PBS, LNPs, siPDLIM4 LNPs, DDP LNPs, and siPDLIM4/DDP LNPs in mice bearing MKN45 tumors. The mice receivedLNPs injections at three-day intervals for a total of six cycles. b The pharmacokinetics of naked siPDLIM4, siPDLIM4 LNPs and siPDLIM4/DDP LNPs wereevaluated in vivo. c Naked CY5-siPDLIM4 and CY5-siPDLIM4/DDP LNPs were administered intravenously and 1, 6, 24 hours post-injection, tumors andmajor organs were harvested for biodistribution analysis using small animal CT/live imaging all-in-one machine (Milabs B.V.). d Quantitative data revealedthe distribution of naked siPDLIM4 and siPDLIM4/DDP LNPs across various organs, including tumors, in MKN45 tumor bearing mice after 24 hours postinjection. e Representative images of tumors (n = 6) are provided. f The progression of tumor volume in vivo is depicted. g Hematoxylin and eosin (H&E)stained images of key organs are presented following treatment with PBS, LNPs, siPDLIM4 LNPs, DDP LNPs, and siPDLIM4/DDP LNPs, scale bar: 20 μm. h Serum levels of ALT, AST, creatinine, and urea were measured following treatment with PBS, LNPs, siPDLIM4 LNPs, DDP LNPs, and siPDLIM4/DDP LNPs. Datawere presented as means ± SD. ***P<0.001; ns, no statistical difference || For completeness and transparency, the correct and incorrect versions of Fig. 10 is displayed below. ⟦NEXT⟧ Incorrect Fig. 10 ⟦NEXT⟧ Fig. 10 In vivo evaluation of the therapeutic efficacy and toxicity of siPDLIM4/DDP LNPs. a A schematic diagram illustrates the timeline for tumor implantationand the administration of PBS, LNPs, siPDLIM4 LNPs, DDP LNPs, and siPDLIM4/DDP LNPs in mice bearing MKN45 tumors. The mice receivedLNPs injections at three-day intervals for a total of six cycles. b The pharmacokinetics of naked siPDLIM4, siPDLIM4 LNPs and siPDLIM4/DDP LNPs wereevaluated in vivo. c Naked CY5-siPDLIM4 and CY5-siPDLIM4/DDP LNPs were administered intravenously and 1, 6, 24 hours post-injection, tumors andmajor organs were harvested for biodistribution analysis using small animal CT/live imaging all-in-one machine (Milabs B.V.). d Quantitative data revealedthe distribution of naked siPDLIM4 and siPDLIM4/DDP LNPs across various organs, including tumors, in MKN45 tumor bearing mice after 24 hours postinjection. e Representative images of tumors (n = 6) are provided. f The progression of tumor volume in vivo is depicted. g Hematoxylin and eosin (H&E)stained images of key organs are presented following treatment with PBS, LNPs, siPDLIM4 LNPs, DDP LNPs, and siPDLIM4/DDP LNPs, scale bar: 20 μm. h Serum levels of ALT, AST, creatinine, and urea were measured following treatment with PBS, LNPs, siPDLIM4 LNPs, DDP LNPs, and siPDLIM4/DDP LNPs. Datawere presented as means ± SD. ***P<0.001; ns, no statistical difference ⟦NEXT⟧ In vivo evaluation of the therapeutic efficacy and toxicity of siPDLIM4/DDP LNPs. a A schematic diagram illustrates the timeline for tumor implantationand the administration of PBS, LNPs, siPDLIM4 LNPs, DDP LNPs, and siPDLIM4/DDP LNPs in mice bearing MKN45 tumors. The mice receivedLNPs injections at three-day intervals for a total of six cycles. b The pharmacokinetics of naked siPDLIM4, siPDLIM4 LNPs and siPDLIM4/DDP LNPs wereevaluated in vivo. c Naked CY5-siPDLIM4 and CY5-siPDLIM4/DDP LNPs were administered intravenously and 1, 6, 24 hours post-injection, tumors andmajor organs were harvested for biodistribution analysis using small animal CT/live imaging all-in-one machine (Milabs B.V.). d Quantitative data revealedthe distribution of naked siPDLIM4 and siPDLIM4/DDP LNPs across various organs, including tumors, in MKN45 tumor bearing mice after 24 hours postinjection. e Representative images of tumors (n = 6) are provided. f The progression of tumor volume in vivo is depicted. g Hematoxylin and eosin (H&E)stained images of key organs are presented following treatment with PBS, LNPs, siPDLIM4 LNPs, DDP LNPs, and siPDLIM4/DDP LNPs, scale bar: 20 μm. h Serum levels of ALT, AST, creatinine, and urea were measured following treatment with PBS, LNPs, siPDLIM4 LNPs, DDP LNPs, and siPDLIM4/DDP LNPs. Datawere presented as means ± SD. ***P<0.001; ns, no statistical difference",https://pubmed.ncbi.nlm.nih.gov/41749227/,https://pmc.ncbi.nlm.nih.gov/articles/PMC12937561/,,,,,
35069131,PMC8767094,2021,Frontiers in neuroanatomy,Corrigendum: Perforating Arteries of the Lemniscal Trigone: A Microsurgical Neuroanatomic Description.,numeric_or_symbolic_candidate,location|visual|formatting|multiple_numbers,34512277,"In the original article, there was a mistake in Figure 1 as published. The word trigone (in purple type) was misspelled (“trigon”). The corrected Figure 1 appears below. ⟦NEXT⟧ Anatomical illustration of the lemniscal trigone zone. a., artery. Used with permission from Barrow Neurological Institute, Phoenix, Arizona. ⟦NEXT⟧ The authors apologize for this error and state that this does not change the scientific conclusions of the article in any way. The original article has been updated. || Anatomical illustration of the lemniscal trigone zone. a., artery. Used with permission from Barrow Neurological Institute, Phoenix, Arizona. ⟦NEXT⟧ The authors apologize for this error and state that this does not change the scientific conclusions of the article in any way. The original article has been updated. ⟦NEXT⟧ Publisher's Note ⟦NEXT⟧ All claims expressed in this article are solely those of the authors and do not necessarily represent those of their affiliated organizations, or those of the publisher, the editors and the reviewers. Any product that may be evaluated in this article, or claim that may be made by its manufacturer, is not guaranteed or endorsed by the publisher.",https://pubmed.ncbi.nlm.nih.gov/35069131/,https://pmc.ncbi.nlm.nih.gov/articles/PMC8767094/,,,,,
41987038,PMC13085476,2026,BMC cardiovascular disorders,Correction: The relationship between gensini score and rates of 30-day mortality in acute coronary syndrome patients in China.,metadata_or_nonpropositional,metadata|multiple_numbers,41315962,"Correction: BMC Cardiovascular Disorders 26, 3 (2025) ⟦NEXT⟧ https://doi.org/10.1186/s12872-025-05303-5 ⟦NEXT⟧ In this article [ 1 ], the author’s name Mohammed Ahmed Al-Kaif was incorrectly written as Mohammed Ahmed Akkaif. || In this article [ 1 ], the author’s name Mohammed Ahmed Al-Kaif was incorrectly written as Mohammed Ahmed Akkaif. ⟦NEXT⟧ The original article has been corrected. || https://doi.org/10.1186/s12872-025-05303-5 ⟦NEXT⟧ In this article [ 1 ], the author’s name Mohammed Ahmed Al-Kaif was incorrectly written as Mohammed Ahmed Akkaif. ⟦NEXT⟧ The original article has been corrected.",https://pubmed.ncbi.nlm.nih.gov/41987038/,https://pmc.ncbi.nlm.nih.gov/articles/PMC13085476/,,,,,
27536080,PMC4976898,2016,"Nanotechnology, science and applications","Erratum: Factors determining the stability, size distribution, and cellular accumulation of small, monodisperse chitosan nanoparticles as candidate vectors for anticancer drug delivery: application to the passive encapsulation of [(14)C]-doxorubicin [Corrigendum].",metadata_or_nonpropositional,location|metadata|multiple_numbers,26715842,,https://pubmed.ncbi.nlm.nih.gov/27536080/,https://pmc.ncbi.nlm.nih.gov/articles/PMC4976898/,,,,,
31188421,PMC6563527,2019,JAMA surgery,Error in Abstract.,unusable_or_ambiguous,,31042283,,https://pubmed.ncbi.nlm.nih.gov/31188421/,https://pmc.ncbi.nlm.nih.gov/articles/PMC6563527/,,,,,
34341762,PMC8325580,2021,BioMed research international,"Corrigendum to ""The Protective Effect of N-Acetylcysteine on Ionizing Radiation Induced Ovarian Failure and Loss of Ovarian Reserve in Female Mouse"".",numeric_or_symbolic_candidate,location|visual|multiple_numbers,28607932,"The article titled “The Protective Effect of N-Acetylcysteine on Ionizing Radiation Induced Ovarian Failure and Loss of Ovarian Reserve in Female Mouse” [ 1 ], contains a figure duplication issue in Figure 6(b) , which was raised in a PubPeer comment [ 2 ]. Figures 6(c) and 6(d) display an area of overlap and the authors apologize for the error, which was due to the incorrect file being selected during the preparation of the figure. The correct Figure 6(b) is as follows:",https://pubmed.ncbi.nlm.nih.gov/34341762/,https://pmc.ncbi.nlm.nih.gov/articles/PMC8325580/,,,,,
26658941,PMC4676686,2015,PloS one,Correction: Photonic Activation of Plasminogen Induced by Low Dose UVB.,metadata_or_nonpropositional,metadata|multiple_numbers,25635856,,https://pubmed.ncbi.nlm.nih.gov/26658941/,https://pmc.ncbi.nlm.nih.gov/articles/PMC4676686/,,,,,
28801453,PMC5559673,2017,Molecular and cellular biology,"Correction for Szilagyi et al., ""Cyclin-Dependent Kinase 8 Regulates Mitotic Commitment in Fission Yeast"".",unusable_or_ambiguous,,22451489,,https://pubmed.ncbi.nlm.nih.gov/28801453/,https://pmc.ncbi.nlm.nih.gov/articles/PMC5559673/,,,,,
40694352,PMC12284735,2025,JAMA network open,Error in Byline.,numeric_or_symbolic_candidate,multiple_numbers,40560590,"In the Research Letter titled “Disability Among School Children Across Districts of India,” 1 published June 25, 2025, there was an error in the degree listed for Janny Liao. This article has been corrected. 1",https://pubmed.ncbi.nlm.nih.gov/40694352/,https://pmc.ncbi.nlm.nih.gov/articles/PMC12284735/,,,,,
33893145,PMC8278511,2021,BJGP open,Correction: GPs' familiarity with and use of cardiovascular clinical prediction rules: a UK survey study.,metadata_or_nonpropositional,location|metadata|multiple_numbers,33023870,"In the Research article by Ban et al. GPs’ familiarity with and use of cardiovascular clinical prediction rules: a UK survey study BJGP Open 2020; DOI: https://doi.org/10.3399/bjgpopen20X101081 , the Funding section was incomplete, stating: “This study was funded by the National Institute for Health Research (NIHR) Collaboration for Leadership in Applied Health Research and Care Oxford.” This section should have stated: “This study was funded by the National Institute for Health Research (NIHR) Collaboration for Leadership in Applied Health Research and Care Oxford. RP acknowledges part-funding from the NIHR Oxford Biomedical Research Centre, the NIHR Oxford and Thames Valley Applied Research Collaborative (ARC), NIHR Oxford Medtech and In-Vitro Diagnostics Co-operative and the Oxford Martin School and part-funding from the National Institute for Health Research (NIHR Programme Grant for Applied Research)."" ⟦NEXT⟧ We apologise for this error. The online version has been corrected.",https://pubmed.ncbi.nlm.nih.gov/33893145/,https://pmc.ncbi.nlm.nih.gov/articles/PMC8278511/,,,,,
30520331,PMC5778990,2017,Journal of the American Heart Association,Impact of Diabetes Mellitus on the Evaluation of Stable Chest Pain Patients: Insights From the PROMISE (Prospective Multicenter Imaging Study for Evaluation of Chest Pain) Trial.,metadata_or_nonpropositional,exact_language|location|metadata|multiple_numbers,29089344,"Correction ⟦NEXT⟧ In the article by Sharma et al titled “Impact of Diabetes Mellitus on the Evaluation of Stable Chest Pain Patients: Insights From the PROMISE (Prospective Multicenter Imaging Study for Evaluation of Chest Pain) Trial,” which published online on October 31, 2017, and appeared in the November 2017 issue of the journal ( J Am Heart Assoc . 2017; 6:e007019. DOI: 10.1161/JAHA.117.007019 ), on page 1, in the byline, the 11 th author's name was incorrectly spelled as “Quynh A. Trong.” It has now been corrected to “Quynh A. Truong.” ⟦NEXT⟧ The authors regret the error. ⟦NEXT⟧ The online version of the article has been updated and is available at http://jaha.ahajournals.org/content/6/11/e007019 || Correction ⟦NEXT⟧ In the article by Sharma et al titled “Impact of Diabetes Mellitus on the Evaluation of Stable Chest Pain Patients: Insights From the PROMISE (Prospective Multicenter Imaging Study for Evaluation of Chest Pain) Trial,” which published online on October 31, 2017, and appeared in the November 2017 issue of the journal ( J Am Heart Assoc . 2017; 6:e007019. DOI: 10.1161/JAHA.117.007019 ), on page 1, in the byline, the 11 th author's name was incorrectly spelled as “Quynh A. Trong.” It has now been corrected to “Quynh A. Truong.” ⟦NEXT⟧ The authors regret the error. || In the article by Sharma et al titled “Impact of Diabetes Mellitus on the Evaluation of Stable Chest Pain Patients: Insights From the PROMISE (Prospective Multicenter Imaging Study for Evaluation of Chest Pain) Trial,” which published online on October 31, 2017, and appeared in the November 2017 issue of the journal ( J Am Heart Assoc . 2017; 6:e007019. DOI: 10.1161/JAHA.117.007019 ), on page 1, in the byline, the 11 th author's name was incorrectly spelled as “Quynh A. Trong.” It has now been corrected to “Quynh A. Truong.” ⟦NEXT⟧ The authors regret the error. ⟦NEXT⟧ The online version of the article has been updated and is available at http://jaha.ahajournals.org/content/6/11/e007019",https://pubmed.ncbi.nlm.nih.gov/30520331/,https://pmc.ncbi.nlm.nih.gov/articles/PMC5778990/,,,,,
40102449,PMC11920044,2025,Scientific reports,Author Correction: Clinical spectrum of adult-onset leukoencephalopathy with axonal spheroids and pigmented glia in individuals of Korean ancestry.,metadata_or_nonpropositional,location|metadata|multiple_numbers,39805964,"Correction to: Scientific Reports 10.1038/s41598-024-84665-w, published online 13 January 2025 ⟦NEXT⟧ The Funding section in the original version of this Article was incorrect. ⟦NEXT⟧ “This research was supported by the National Research Foundation of Korea (NRF) grant funded by the Korean government(MSIT) (NRF-2022R1A2C2092346); ICT Creative Consilience Program through the Institute of Information & CommunicationsTechnology Planning & Evaluation (IITP) grant funded by the Korea government (MSIT) (IITP-2024-2020-0-01821); theNational Institute of Health research project (2021-ER1004-01); and Future Medicine 2030 Project of the Samsung MedicalCenter (SMX1240561).” || Correction to: Scientific Reports 10.1038/s41598-024-84665-w, published online 13 January 2025 ⟦NEXT⟧ The Funding section in the original version of this Article was incorrect. ⟦NEXT⟧ “This research was supported by the National Research Foundation of Korea (NRF) grant funded by the Korean government(MSIT) (NRF-2022R1A2C2092346); ICT Creative Consilience Program through the Institute of Information & CommunicationsTechnology Planning & Evaluation (IITP) grant funded by the Korea government (MSIT) (IITP-2024-2020-0-01821); theNational Institute of Health research project (2021-ER1004-01); and Future Medicine 2030 Project of the Samsung MedicalCenter (SMX1240561).” ⟦NEXT⟧ now reads: || “This research was supported by the National Research Foundation of Korea (NRF) grant funded by the Korean government (MSIT) (RS2022-NR070487); ICT Creative Consilience Program through the Institute of Information & Communications Technology Planning & Evaluation (IITP) grant funded by the Korea government (MSIT) (RS-2020-II201821); the Korea National Institute of Health research project (2024-ER1001-01); and Future Medicine 2030 Project of the Samsung Medical Center (SMX1240561).” ⟦NEXT⟧ The original Article has been corrected.",https://pubmed.ncbi.nlm.nih.gov/40102449/,https://pmc.ncbi.nlm.nih.gov/articles/PMC11920044/,,,,,
37360975,PMC10081928,2023,Sport sciences for health,Correction to: COVID-19: self-reported reductions in physical activity and increases in sedentary behaviour during the first national lockdown in the United Kingdom.,metadata_or_nonpropositional,metadata|multiple_numbers,36320439,Correction to: Sport Sciences for Health 10.1007/s11332-022-01012-0 ⟦NEXT⟧ The reference no. 4 has been incorrectly published in the original publicaiton. The complete correct reference [4] is given below. ⟦NEXT⟧ 4. Chen P et al (2020) Coronavirus disease (COVID-19) : the need to maintain regular physical activity while taking precautions. J Sport Health Sci 9(2):103.,https://pubmed.ncbi.nlm.nih.gov/37360975/,https://pmc.ncbi.nlm.nih.gov/articles/PMC10081928/,,,,,
25926704,PMC4436787,2015,Molecular biology of the cell,Correction.,metadata_or_nonpropositional,metadata|multiple_numbers,25657320,"We are grateful to Quansheng Du for the LGN-KD/GFP and GFP-control MDCK clones and Dawn Fernandez for validating the LGN-knockdown efficiency by semi-quantitative PCR. We thank the Müsch lab for critical discussions throughout the course of the study and the anonymous reviewers for input on the manuscript. This work was supported by National Institutes of Health Grants RO1 DK064842 and CA160790 to A.M. and FONDECYT Grant 1110288 to I.I. ⟦NEXT⟧ The HTML and PDF versions were corrected on the Molecular Biology of the Cell website on April 13, 2015. These corrections may not appear on copies of the article that reside on other websites. || The authors of “Cell shape impacts on the positioning of the mitotic spindle with respect to the substratum” (Mol. Biol. Cell [2015] 26, 1286–1295; originally published in MBoC In Press as 10.1091/mbc.E14-08-1330 ) wish to make a correction to the Acknowledgments of the article. In the original HTML and PDF versions, the authors omitted mention of a grant that supports their research, FONDECYT 1110288. The correct Acknowledgments text is below. ⟦NEXT⟧ We are grateful to Quansheng Du for the LGN-KD/GFP and GFP-control MDCK clones and Dawn Fernandez for validating the LGN-knockdown efficiency by semi-quantitative PCR. We thank the Müsch lab for critical discussions throughout the course of the study and the anonymous reviewers for input on the manuscript. This work was supported by National Institutes of Health Grants RO1 DK064842 and CA160790 to A.M. and FONDECYT Grant 1110288 to I.I. ⟦NEXT⟧ The HTML and PDF versions were corrected on the Molecular Biology of the Cell website on April 13, 2015. These corrections may not appear on copies of the article that reside on other websites.",https://pubmed.ncbi.nlm.nih.gov/25926704/,https://pmc.ncbi.nlm.nih.gov/articles/PMC4436787/,,,,,
38291119,PMC10828442,2024,Scientific reports,Author Correction: Application of deep learning technology for temporal analysis of videofluoroscopic swallowing studies.,metadata_or_nonpropositional,location|metadata|multiple_numbers,37845272,"Correction to: Scientific Reports 10.1038/s41598-023-44802-3, published online 16 October 2023 ⟦NEXT⟧ The Funding section in the original version of this Article was incomplete. ⟦NEXT⟧ “This research was supported by the MSIT (Ministry of Science and ICT), Korea, under the ICT Creative Consilience program (IITP-2022-2020-0-01819) supervised by the IITP (Institute for Information & communications Technology Planning & Evaluation).” || “This research was supported by the MSIT (Ministry of Science and ICT), Korea, under the ICT Creative Consilience program (IITP-2022-2020-0-01819) supervised by the IITP (Institute for Information & communications Technology Planning & Evaluation), and by the National Research Foundation of Korea (NRF) Grant through MSIT under Grant No. 2022R1A5A1027646 and No. 2021R1A2C1007215.” ⟦NEXT⟧ The original Article has been corrected.",https://pubmed.ncbi.nlm.nih.gov/38291119/,https://pmc.ncbi.nlm.nih.gov/articles/PMC10828442/,,,,,
39618286,PMC11609620,2024,Cancer discovery,Correction: St. Jude Survivorship Portal: Sharing and Analyzing Large Clinical and Genomic Datasets from Pediatric Cancer Survivors.,exact_replacement_candidate,exact_language|location|visual|multiple_numbers,38593228,"In the original version of this article ( 1 ), several labels in Fig. 1A were inadvertently mislabeled as “mol/L” by the compositor during production of the paper and should instead read “M” to indicate million. Figure 1A has been corrected in the latest online HTML and PDF versions of the article. The publisher regrets the error.",https://pubmed.ncbi.nlm.nih.gov/39618286/,https://pmc.ncbi.nlm.nih.gov/articles/PMC11609620/,,,,,
37715253,PMC10503158,2023,Journal of cardiothoracic surgery,Correction to: Hemostatic efcacy of a fowable collagen-thrombin matrix during coronary artery bypass grafting: a double-blind randomized controlled trial.,exact_replacement_candidate,exact_language|location|visual|multiple_numbers,37322537,"Correction to: Journal of Cardiothoracic Surgery (2023) 18:193 10.1186/s13019-023-02196-3 ⟦NEXT⟧ Following publication of the original article [ 1 ], in this article text in Background section need to be changed from “Collastat®, Darim Tissen, Inc., Seoul, Korea; FDA premarket approval P810006S085” to “CollaStat, Dalim Tissen Co., Ltd., Seoul, Korea”. Also, there is a change in the Fig. 2 and the same has been placed below: Fig. 2 Study flow diagram. CAOD: coronary arterial obstructive disease, OPCAB: Of-pump coronary artery bypass ⟦NEXT⟧ Study flow diagram. CAOD: coronary arterial obstructive disease, OPCAB: Of-pump coronary artery bypass ⟦NEXT⟧ The original article has been corrected. || Correction to: Journal of Cardiothoracic Surgery (2023) 18:193 10.1186/s13019-023-02196-3 ⟦NEXT⟧ Following publication of the original article [ 1 ], in this article text in Background section need to be changed from “Collastat®, Darim Tissen, Inc., Seoul, Korea; FDA premarket approval P810006S085” to “CollaStat, Dalim Tissen Co., Ltd., Seoul, Korea”. Also, there is a change in the Fig. 2 and the same has been placed below: Fig. 2 Study flow diagram. CAOD: coronary arterial obstructive disease, OPCAB: Of-pump coronary artery bypass ⟦NEXT⟧ Study flow diagram. CAOD: coronary arterial obstructive disease, OPCAB: Of-pump coronary artery bypass || Study flow diagram. CAOD: coronary arterial obstructive disease, OPCAB: Of-pump coronary artery bypass ⟦NEXT⟧ The original article has been corrected.",https://pubmed.ncbi.nlm.nih.gov/37715253/,https://pmc.ncbi.nlm.nih.gov/articles/PMC10503158/,,,,,
35799988,PMC9195602,2022,Biochemia medica,Corrigendum to: Post-GDPR survey of data protection officers in research and non-research institutions in Croatia: a cross-sectional study.,exact_replacement_candidate,exact_language|location|multiple_numbers,34658644,"This is a correction of: Mladinić A, Puljak L, Koporc Z. Post-GDPR survey of data protection officers in research and non-research institutions in Croatia: a cross-sectional study. Biochem Med (Zagreb). 2021;31:030703. 10.11613/BM.2021.030703. ⟦NEXT⟧ Since the publication of the article, the authors have noticed that one sentence was not correct, as the legislation has changed before the manuscript was published. Thus, in order to provide accurate information to the readers, the sentence: “According to the Personal Data Protection Act of Croatia, The Personal Data Protection Agency shall keep a Register of Personal Data Protection Officials.” should be disregarded. The authors apologize for any inconvenience caused to the readers.",https://pubmed.ncbi.nlm.nih.gov/35799988/,https://pmc.ncbi.nlm.nih.gov/articles/PMC9195602/,,,,,
33085727,PMC7577496,2020,PLoS pathogens,Correction: Multilocus Sequence Typing as a Replacement for Serotyping in Salmonella enterica.,numeric_or_symbolic_candidate,multiple_numbers,22737074,"Some URLs within the article are now inactive. The MLST website at University College Cork moved to University of Warwick in 2013 and was subsequently superseded by EnteroBase, which can be accessed at http://enterobase . warwick.ac.uk [ 2 ]. EnteroBase offers MLST genotyping on the basis of genomic short reads for all levels of MLST from 7-gene legacy MLST through core genome cgMLST to whole genome wgMLST. However, it no longer accepts new alleles based on ABI sequences as explained due to their excessive error rate. Allelic designations for sequences of 7-gene legacy MLST loci for Salmonella enterica , Escherichia coli , Yersinia pseudotuberculosis and Moraxella catarrhalis can be obtained from EnteroBase at http://enterobase.warwick.ac.uk/warwick_mlst_legacy . ⟦NEXT⟧ The authors, however, now recommend using short read sequencing which is handled at http://enterobase.warwick.ac.uk [ 2 ]. ⟦NEXT⟧ Another URL in the original publication at PubMLST is now also no longer operative, and a general overview of MLST databases in general can be found at https://pubmlst.org/organisms .",https://pubmed.ncbi.nlm.nih.gov/33085727/,https://pmc.ncbi.nlm.nih.gov/articles/PMC7577496/,,,,,
29863109,PMC6256278,2018,Acta pharmacologica Sinica,"Erratum: Nucleus Accumbens, a new sleep-regulating area through the integration of motivational stimuli.",unusable_or_ambiguous,,29283174,,https://pubmed.ncbi.nlm.nih.gov/29863109/,https://pmc.ncbi.nlm.nih.gov/articles/PMC6256278/,,,,,
32555726,PMC7302488,2020,PloS one,Correction: Analysis of the Antennal Transcriptome and Insights into Olfactory Genes in Hyphantria cunea (Drury).,semantic_not_alignable,,27741298,"The prefixes of all abbreviated names of genes related to Hyphantria cunea appear incorrectly throughout the article. The correct gene names are HcunOBPs, HcunPBPs, HcunCSPs, HcunORs, HcunGRs, HcunIRs and HcunSNMPs. Please see the original abbreviations and the corrected abbreviations here.",https://pubmed.ncbi.nlm.nih.gov/32555726/,https://pmc.ncbi.nlm.nih.gov/articles/PMC7302488/,,,,,
26368931,PMC4569338,2015,PloS one,"Correction: Avian Reovirus Protein p17 Functions as a Nucleoporin Tpr Suppressor Leading to Activation of p53, p21 and PTEN and Inactivation of PI3K/AKT/mTOR and ERK Signaling Pathways.",exact_replacement_candidate,exact_language|location|visual|multiple_numbers,26244501,"Two references are omitted from the first sentence of the “p17 Drives β-Arrestin-Mediated PTEN Translocation from the Cytoplasm to the Plasma Membrane via a Rock-1 Dependent Manner” subsection of the Results. ⟦NEXT⟧ The sentence should read: It is well-known that the small GTPase, RhoA, was one of the known proteins to increase PTEN lipid phosphatase activity via its downstream effector Rho kinase (ROCK) [51, 52, Lima-Fernandes et al., 2011, Li et al., 2005]. ⟦NEXT⟧ The references are: Lima-Fernandes E, Enslen H, Camand E, Kotelevets L, Boularan C, Achour L, et al. (2011) Distinct functional outputs of PTEN signalling are controlled by dynamic association with β-arrestins. EMBO J. 30(13):2557–68. ⟦NEXT⟧ Li Z, Dong X, Wang Z, Liu W, Deng N, Ding Y, et al. (2005) Regulation of PTEN by Rho small GTPases. Nat Cell Biol. 7(4):399–404. || Li Z, Dong X, Wang Z, Liu W, Deng N, Ding Y, et al. (2005) Regulation of PTEN by Rho small GTPases. Nat Cell Biol. 7(4):399–404. ⟦NEXT⟧ Table 1 has been corrected for improved readability. Please see the corrected Table 1 here. ⟦NEXT⟧ F: forward; R: reverse; ⟦NEXT⟧ * Underlines indicate the restriction sites designed in the indicated primers",https://pubmed.ncbi.nlm.nih.gov/26368931/,https://pmc.ncbi.nlm.nih.gov/articles/PMC4569338/,,,,,
39654696,PMC11628170,2024,Journal of healthcare engineering,"Corrigendum to ""Empowerment of Primary Healthcare Providers on the Prevention and Management of Dental or Oral Health Issues among Postchemotherapy Patients in Pandemic"".",metadata_or_nonpropositional,location|metadata,35310187,"In the article titled “Empowerment of Primary Healthcare Providers on the Prevention and Management of Dental or Oral Health Issues among Postchemotherapy Patients in Pandemic” [ 1 ], there was an error in the acknowledgment section. The last statement has been removed, and the corrected section appears below:",https://pubmed.ncbi.nlm.nih.gov/39654696/,https://pmc.ncbi.nlm.nih.gov/articles/PMC11628170/,,,,,
40942184,PMC12430321,2025,"Molecules (Basel, Switzerland)","Correction: Hisham et al. Hybrid Nanocellulose-Copper (II) Oxide as Engine Oil Additives for Tribological Behavior Improvement. Molecules 2020, 25 , 2975.",numeric_or_symbolic_candidate,location|visual|metadata|multiple_numbers,32605301,"The authors confirm that the same images used in Figure 19 were indeed taken from the same laboratory for two publications [ 1 , 2 ]. N.W. Awang and S. Hashem were working on the same project, with the same affiliation from the same university and laboratory. Both supervisors were also co-authors on both papers. The image in question shows SAE 40 engine oil at 100%, and during the experiment with the tribology machine, they took only one image to document the results. This image serves as the base image of SAE 40 engine oil in the tribology machine. Since there is no significant difference in the appearance of the base SAE 40 engine oil, this is the main reason the same image was used in both papers. The projects differ in terms of the additive materials being studied. The authors confirm that there was no manipulation or use of images from other researchers. ⟦NEXT⟧ To correct this error, the end of the first paragraph of Section 3.4.2. in the original publication [ 1 ] has been updated with the following paragraph: ⟦NEXT⟧ Figure 19a was originally published in our previous work [32] and was inadvertently included in this manuscript as if it were original and new. The authors would like to clarify and correct this oversight. Figure 19a is identical to the image in reference [32], and shows SAE 40 engine oil at 100% concentration, representing the base image used in the tribology machine. As there was no observable difference in the appearance of the base SAE 40 engine oil across both studies, the same image is reused and is expected not to impact the scientific interpretation of the results. We acknowledge that the two studies differ in terms of the additive materials investigated. ⟦NEXT⟧ Correction in Figure Legend || Figure 19a was originally published in our previous work [32] and was inadvertently included in this manuscript as if it were original and new. The authors would like to clarify and correct this oversight. Figure 19a is identical to the image in reference [32], and shows SAE 40 engine oil at 100% concentration, representing the base image used in the tribology machine. As there was no observable difference in the appearance of the base SAE 40 engine oil across both studies, the same image is reused and is expected not to impact the scientific interpretation of the results. We acknowledge that the two studies differ in terms of the additive materials investigated. ⟦NEXT⟧ Correction in Figure Legend ⟦NEXT⟧ The correct copyright permissions were obtained and provided to the Editorial Office for Figure 19, and the legend of Figure 19 in the original publication has been updated to the following: Figure 19. Wear morphologies at ( a ) SAE 40 [32] (figure reproduced with permission from Awang et al., published by Elsevier, 2019), ( b ) 0.5 CNC-CuO. ⟦NEXT⟧ Figure 19. Wear morphologies at ( a ) SAE 40 [32] (figure reproduced with permission from Awang et al., published by Elsevier, 2019), ( b ) 0.5 CNC-CuO. || Awang, N.W.; Ramasamy, D.; Kadirgama, K.; Najafi, G.; Che Sidik, N.A. Study on friction and wear of Cellulose Nanocrystal (CNC) nanoparticle as lubricating additive in engine oil. Int. J. Heat Mass Transf. 2019 , 131 , 1196–1204. https://doi.org/10.1016/j.ijheatmasstransfer.2018.11.128 . ⟦NEXT⟧ The authors state that the scientific conclusions are unaffected. This correction was approved by the Academic Editor. The original publication has also been updated.",https://pubmed.ncbi.nlm.nih.gov/40942184/,https://pmc.ncbi.nlm.nih.gov/articles/PMC12430321/,,,,,
37731917,PMC10509011,2023,Frontiers in microbiology,Corrigendum: Efficacy and functionality of sugarcane original vinegar on mice.,metadata_or_nonpropositional,location|metadata|multiple_numbers,37608953,"The correct citation is “It is an advanced type of vinegar product (Chen et al., 2013 , 2015 , 2023 ; Yi et al., 2017 )”. ⟦NEXT⟧ In the published article, the reference “Chen, G.-L., Zheng, F.-J., Lin, B., Yang, Y.-X., Fang, X.-C., Verma, K. K., et al. (2015b). Research on the production technology of sugarcane vinegar and fruit vinegar beverages. China Brew . 34, 154–157” was incorrectly cited. ⟦NEXT⟧ The correct reference is: “Chen, G.-L., Zheng, F.-J., Lin, B., Wang, T.-S., and Li, Y.-R. (2013). Preparation and characteristics of sugarcane low alcoholic drink by submerged alcoholic fermentation. Sugar Tech . 15, 412–416. doi: 10.1007/s12355-013-0248-3 ”. ⟦NEXT⟧ The authors apologize for this error and state that this does not change the scientific conclusions of the article in any way. The original article has been updated. || In the published article, there was a mistake in the keyword “raw sugarcane vinegar”. ⟦NEXT⟧ The correct keyword is “sugarcane original vinegar”. ⟦NEXT⟧ In the published article “Chen et al. 2015b” was cited in the Introduction, first-paragraph, line 5 as “It is an advanced type of vinegar product (Chen et al., 2015a,b, 2023; Yi et al., 2017)”. || The correct reference is: “Chen, G.-L., Zheng, F.-J., Lin, B., Wang, T.-S., and Li, Y.-R. (2013). Preparation and characteristics of sugarcane low alcoholic drink by submerged alcoholic fermentation. Sugar Tech . 15, 412–416. doi: 10.1007/s12355-013-0248-3 ”. ⟦NEXT⟧ The authors apologize for this error and state that this does not change the scientific conclusions of the article in any way. The original article has been updated.",https://pubmed.ncbi.nlm.nih.gov/37731917/,https://pmc.ncbi.nlm.nih.gov/articles/PMC10509011/,,,,,
39994982,PMC11850955,2025,Journal of cosmetic dermatology,"Correction to ""Safety and Efficacy of REGENDIL Infused Hair Growth Promoting Product in Adult Human Subject Having Hair Fall Complaints (Alopecia)"".",exact_replacement_candidate,exact_language|location|visual|metadata|formatting|multiple_numbers,38050644,"A. Merja, N. Patel, M. Patel, S. Patnaik, A. Ahmed, and S. Maulekhi, “Safety and Efficacy of REGENDIL Infused Hair Growth Promoting Product in Adult Human Subjects Having Hair Fall Complaints (Alopecia).” Journal of Cosmetic Dermatology 23 (2024): 938–948, https://doi.org/10.1111/jocd.16084 . ⟦NEXT⟧ The authors noticed a typographical error in Table 1 on page 940, representing the “Demographic Data of the subjects”. The units for Weight and Height were incorrectly listed as “Weight (cm)” and “Height (kg).” This should be corrected to “Weight (kg)” and “Height (cm).” ⟦NEXT⟧ The revised version of Table 1 is shown below. ⟦NEXT⟧ Abbreviation: SD, standard deviation. || Abbreviation: SD, standard deviation. ⟦NEXT⟧ We apologize for this error.",https://pubmed.ncbi.nlm.nih.gov/39994982/,https://pmc.ncbi.nlm.nih.gov/articles/PMC11850955/,,,,,
35192588,PMC12356559,2022,Transplantation,Luminal Administration of a Water-soluble Carbon Monoxide-releasing Molecule (CORM-3) Mitigates Ischemia/Reperfusion Injury in Rats Following Intestinal Transplantation: Erratum.,unusable_or_ambiguous,,34966108,,https://pubmed.ncbi.nlm.nih.gov/35192588/,https://pmc.ncbi.nlm.nih.gov/articles/PMC12356559/,,,,,
34341127,PMC8364099,2021,Proceedings of the National Academy of Sciences of the United States of America,"Correction for Maurer et al., Reduced perceptual narrowing in synesthesia.",unusable_or_ambiguous,,32321833,,https://pubmed.ncbi.nlm.nih.gov/34341127/,https://pmc.ncbi.nlm.nih.gov/articles/PMC8364099/,,,,,
29686253,PMC5913126,2018,Scientific reports,Author Correction: N-terminal gelsolin fragment potentiates TRAIL mediated death in resistant hepatoma cells.,numeric_or_symbolic_candidate,location|visual|multiple_numbers,28993697,"Correction to: Scientific Reports 10.1038/s41598-017-13131-7, published online 09 October 2017 ⟦NEXT⟧ In Figure 2D, the blot for ‘p-Erk (T202/Y204)’ is missing. The correct Figure 2 appears below as Figure 1 . Figure 1 CM in association with TRAIL inhibits Akt and Erk activation. Akt and Erk activation was analyzed in HepG2 (panels A and C) and Huh7 (panels B and D) cells. CM was added on cells 24 hours prior to the addition of TRAIL. Densitometric scan data is provided. Each panel is representative of three independent experiments. Note that cropped gel images are used and the gels were run under the same experimental conditions. ⟦NEXT⟧ CM in association with TRAIL inhibits Akt and Erk activation. Akt and Erk activation was analyzed in HepG2 (panels A and C) and Huh7 (panels B and D) cells. CM was added on cells 24 hours prior to the addition of TRAIL. Densitometric scan data is provided. Each panel is representative of three independent experiments. Note that cropped gel images are used and the gels were run under the same experimental conditions.",https://pubmed.ncbi.nlm.nih.gov/29686253/,https://pmc.ncbi.nlm.nih.gov/articles/PMC5913126/,,,,,
30792612,PMC6369547,2019,Cancer cell international,"Correction to: Membrane expression of thymidine kinase 1 and potential clinical relevance in lung, breast, and colorectal malignancies.",numeric_or_symbolic_candidate,location|metadata|multiple_numbers,30214377,"Correction to: Cancer Cell Int (2018) 18:135 10.1186/s12935-018-0633-9 ⟦NEXT⟧ Following publication of the original article [ 1 ], the authors would like to make an amendment to the Acknowledgements section. ⟦NEXT⟧ The acknowledgments currently read: || We would like to thank the Simmons Center for Cancer Research for the financial support, Dr. Juan Arroyo (BYU) for his assistance in tissue staining and confocal microscopy, Dr. Himelda Chavez (Universidad Nacional Mayor de San Marcos, Lima, Peru), for her pathology expertise and help in IHC analysis, and a team of surgeons at Utah Valley Regional Medical Center for providing normal and malignant colon tissue. ⟦NEXT⟧ The corrected acknowledgements would read: ⟦NEXT⟧ We would like to thank the Simmons Center for Cancer Research for the financial support, Dr. Juan Arroyo (BYU) for his assistance in tissue staining and confocal microscopy, Dr. Himelda Chavez (Universidad Nacional Mayor de San Marcos, Lima, Peru), for her pathology expertise and help in IHC analysis, and a team of surgeons at Utah Valley Regional Medical Center for providing normal and malignant colon tissue. Results from this study are in part based upon data generated by The Cancer Genome Atlas and managed by the United States National Cancer Institute and National Human Genome Research Institute (see http://cancergenome.nih.gov ).",https://pubmed.ncbi.nlm.nih.gov/30792612/,https://pmc.ncbi.nlm.nih.gov/articles/PMC6369547/,,,,,
42044062,PMC13120006,2026,PloS one,Correction: Predicting art university students' entrepreneurial intention: A hybrid SEM-ANN approach.,metadata_or_nonpropositional,metadata|multiple_numbers,40839606,"There is an error in affiliation 1 for author Yiliang Cao. The correct affiliation 1 is: College of Liberal Arts, Liaoning University, Shenyang, China.",https://pubmed.ncbi.nlm.nih.gov/42044062/,https://pmc.ncbi.nlm.nih.gov/articles/PMC13120006/,,,,,
30166976,PMC6112049,2018,Frontiers in psychology,"Corrigendum: Basic Values, Career Orientations, and Career Anchors: Empirical Investigation of Relationships.",metadata_or_nonpropositional,location|metadata|multiple_numbers,28955275,"In the original article, due to an unfortunate miswording, it is possible for readers to think that the PVQ5X was translated by Abessolo and colleagues, which is not the case. Therefore, and at the request of Mrs. Pulfrey, we would like to replace the citation of Abessolo et al., 2017b with a citation of a personal communication between Abessolo and Mrs. Pulfrey in September 2014. A correction has been made to Materials and Methods, sub-section Measures, sub-subsection Portrait Values Questionnaire, and the reference above has been removed. ⟦NEXT⟧ We used a validated French translation (Mrs. Pulfrey personal communication) of Schwartz's portrait values questionnaire (PVQ5X, Schwartz et al., 2012 ), which consisted of 51 items measuring the ten basic values of self-direction (6 items; e.g., “Being creative is important to him/her”), stimulation (3 items; e.g., “Excitement in life is important to him/her”), hedonism (3 items; e.g., “Having a good time is important to him/her”), achievement (3 items; e.g., “Being very successful is important to him/her”), power (6 items, e.g., “He/She pursues high status and power”), security (6 items; e.g., “It is important to him/her to live in secure surroundings”), tradition (3 items; e.g., “It is important to him/her to maintain traditional values or beliefs”), conformity (6 items; e.g., “Obeying all the laws is important to him/her”), benevolence (6 items; e.g., “It's very important to him/her to help the people dear to him/her”), and universalism (9 items; e.g., “Protecting society's weak and vulnerablemembers is important to him/her”). We used a six-point Likert scale ranging from 1 (not like me at all) to 6 (very much like me) (Schwartz et al., 2012 ). ⟦NEXT⟧ The authors apologize for this error and state that it does not affect the scientific conclusions of the article in any way. || We used a validated French translation (Mrs. Pulfrey personal communication) of Schwartz's portrait values questionnaire (PVQ5X, Schwartz et al., 2012 ), which consisted of 51 items measuring the ten basic values of self-direction (6 items; e.g., “Being creative is important to him/her”), stimulation (3 items; e.g., “Excitement in life is important to him/her”), hedonism (3 items; e.g., “Having a good time is important to him/her”), achievement (3 items; e.g., “Being very successful is important to him/her”), power (6 items, e.g., “He/She pursues high status and power”), security (6 items; e.g., “It is important to him/her to live in secure surroundings”), tradition (3 items; e.g., “It is important to him/her to maintain traditional values or beliefs”), conformity (6 items; e.g., “Obeying all the laws is important to him/her”), benevolence (6 items; e.g., “It's very important to him/her to help the people dear to him/her”), and universalism (9 items; e.g., “Protecting society's weak and vulnerablemembers is important to him/her”). We used a six-point Likert scale ranging from 1 (not like me at all) to 6 (very much like me) (Schwartz et al., 2012 ). ⟦NEXT⟧ The authors apologize for this error and state that it does not affect the scientific conclusions of the article in any way. ⟦NEXT⟧ The original article has been updated. ⟦NEXT⟧ Conflict of interest statement",https://pubmed.ncbi.nlm.nih.gov/30166976/,https://pmc.ncbi.nlm.nih.gov/articles/PMC6112049/,,,,,
36933898,PMC10061277,2023,Molecular oncology,Corrigendum to: The transcription factors slug (SNAI2) and snail (SNAI1) regulate phospholipase D (PLD) promoter in opposite ways towards cancer cell invasion.,numeric_or_symbolic_candidate,location|visual|multiple_numbers,26781944,Ramya Ganesan et al. [ 1 ] would like to correct Fig. 5F as errors were introduced in the preparation of this figure for publication. The authors were able to provide to the journal the raw data and the corrected figure panel. The EGFR blot shown in Fig. 3 panel (G) was inadvertently duplicated and misplaced as the actin blot in Fig. 5 panel (F). The journal has reviewed the original raw data and verified the error. The Editors and Authors confirm that the correction of this error has not altered the interpretation of data and did not affect the conclusions presented in the article. The authors sincerely apologise for their mistake and for any inconvenience caused. ⟦NEXT⟧ The corrected figure is reproduced below.,https://pubmed.ncbi.nlm.nih.gov/36933898/,https://pmc.ncbi.nlm.nih.gov/articles/PMC10061277/,,,,,
29772001,PMC5957368,2018,PloS one,"Correction: Using the Normalization Process Theory to qualitatively explore sense-making in implementation of the Enhanced Recovery After Surgery programme: ""It's not rocket science"".",metadata_or_nonpropositional,exact_language|location|metadata,29668717,"In the Author Contributions section, Georgia Herbert (GH) should be listed as one of the persons who contributed to Formal analysis.",https://pubmed.ncbi.nlm.nih.gov/29772001/,https://pmc.ncbi.nlm.nih.gov/articles/PMC5957368/,,,,,
40443952,PMC12121422,2024,Exploratory research in clinical and social pharmacy,"Corrigendum to ""Exploratory analysis of medication adherence and social determinants of health among older adults with diabetes"" [Exploratory Research in Clinical and Social Pharmacy, Volume 12, December 2023, 100371].",unusable_or_ambiguous,,38058361,,https://pubmed.ncbi.nlm.nih.gov/40443952/,https://pmc.ncbi.nlm.nih.gov/articles/PMC12121422/,,,,,
38082057,PMC11824824,2024,Prostate cancer and prostatic diseases,Correction: Retreatment rates and postprocedural complications are higher than expected after BPH surgeries: a US healthcare claims and utilization study.,unusable_or_ambiguous,,37884615,,https://pubmed.ncbi.nlm.nih.gov/38082057/,https://pmc.ncbi.nlm.nih.gov/articles/PMC11824824/,,,,,
26641807,PMC4676398,2015,Canadian respiratory journal,"Corrigendum Re: FM Ducharme, SD Dell, D Radhakrishnan, et al. Diagnosis and management of asthma in preschoolers: A Canadian Thoracic Society and Canadian Paediatric Society position paper. Can Respir J 2015;22(3):135-143.",unusable_or_ambiguous,,25893310,,https://pubmed.ncbi.nlm.nih.gov/26641807/,https://pmc.ncbi.nlm.nih.gov/articles/PMC4676398/,,,,,
25781317,PMC4364619,2015,PloS one,Correction: Characterization of different substituted carboxymethyl starch microgels and their interactions with lysozyme.,numeric_or_symbolic_candidate,location|visual|multiple_numbers,25490774,"There is an error in the first sentence of the “Saturated protein uptake capacity” subsection of the Materials and Methods. The correct sentence is: Dry gel particles (3 mg) were suspended in 7 mL of buffer at various pH with 3 mL of 10 mg/mL protein solution and gently stirred for 4 h. ⟦NEXT⟧ There are errors in the legend for Fig. 3 , “TGA and the derivative TGA curves of CMS and microgels for various degrees of substitution (DS).” Fig. 3 and the complete, correct Fig. 3 legend are below. ⟦NEXT⟧ TGA and the derivative TGA curves of CMS and microgels for various degrees of substitution (DS). a, b, and c are CMS of DS 0.95, 0.67, and 0.31, respectively. A, B, and Care microgels of DS 0.95, 0.67, and 0.31, respectively.",https://pubmed.ncbi.nlm.nih.gov/25781317/,https://pmc.ncbi.nlm.nih.gov/articles/PMC4364619/,,,,,
38222727,PMC10783317,2024,Annals of medicine and surgery (2012),Erratum: Evaluating the effect of Alantolactone on the expression of N-cadherin and Vimentin genes effective in epithelial-mesenchymal transition (EMT) in breast cancer cell line (MDA-MB-231): erratum.,unusable_or_ambiguous,,35079373,,https://pubmed.ncbi.nlm.nih.gov/38222727/,https://pmc.ncbi.nlm.nih.gov/articles/PMC10783317/,,,,,
41265463,PMC12711628,2026,The Lancet. Infectious diseases,Correction to Lancet Infect Dis 2025; 25: 1084-96.,metadata_or_nonpropositional,metadata|multiple_numbers,40414233,"Paton NI, Cousins C, Sari IP, et al. Efficacy and safety of 8-week regimens for the treatment of rifampicin-susceptible pulmonary tuberculosis (TRUNCATE-TB): a prespecified exploratory analysis of a multi-arm, multi-stage, open-label, randomised controlled trial. Lancet Infect Dis 2025; 25: 1084–96 —In this Article, Professor Erlina Burhan's affiliation should have been as follows: “Faculty of Medicine, Universitas Indonesia and Persahabatan Hospital, Jakarta, Indonesia ”. This correction has been made to the online version as of Nov 17, 2025.",https://pubmed.ncbi.nlm.nih.gov/41265463/,https://pmc.ncbi.nlm.nih.gov/articles/PMC12711628/,,,,,
41664648,PMC12883256,2026,Journal of health economics and outcomes research,Erratum: Cost-Effectiveness of an Absorbable Antibacterial Envelope for Infection Control in Cardiac Implantable Electronic Device Procedures in Spain.,exact_replacement_candidate,exact_language|location|visual|multiple_numbers,,"Therefore, the evidence shows that TYRX is likely to be a cost-effective strategy for infection prevention across diverse populations and device categories, emphasizing its value in routine clinical practice. Moreover, the results demonstrate that even considering a shorter time horizon of 3 years, TYRX remains cost-effective across all devices, which highlights its potential to deliver economic and clinical benefits not only in the long-term, but also in the short-term. ⟦NEXT⟧ There are limitations in the present model that should be considered when interpreting the results. Many clinical inputs were sourced from studies conducted outside Spain due to limited availability of local data, which may affect generalizability. Specifically, infection rates were obtained from the REINFORCE study, a real-world Italian cohort considered broadly comparable to the Spanish setting. 12 Although not a randomized trial, REINFORCE provided data from a propensity-matched analysis and was preferred due to the potential underestimation of infection rates in clinical trials caused by the Hawthorne effect, where awareness of observation may lead to improved care and lower event rates. 12,35 In the absence of country-specific data for Spain, European and international consensus documents, including the EHRA International Consensus on CIED Infection Prevention and Management, 9 provide widely accepted standards for prophylaxis and perioperative infection control practices that are generally implemented across hospitals in Italy and Spain. These shared practices support the applicability of REINFORCE infection rates to the Spanish context, while acknowledging that subtle differences in hospital organization or patient characteristics may exist. Nevertheless, the model would benefit from future updates incorporating Spanish-specific data. Limitations also stem from the theoretical nature of cost-effectiveness modeling, which may not fully reflect clinical practice. For instance, regarding CIED-related infections, variability in hospital protocols and resource use can influence both infection rates and costs. Additionally, the lack of device-specific infection and mortality rates required applying uniform estimates across all CIED types. Lastly, in the high-risk scenario, several assumptions were made due to data gaps: the distribution and timing of infections, the treatment effect of TYRX, and mortality rates were all assumed to be the same as in the broad, unselected population, which may have led to overestimated survival in this subgroup. In addition, baseline infection risk was estimated using data from a separate study. Despite these limitations, all model inputs and assumptions were validated by a panel of clinical experts, and sensitivity analysis confirmed the robustness of the results. ⟦NEXT⟧ CONCLUSIONS ⟦NEXT⟧ The results of the present model suggest that the use of TRYX for preventing CIED infections could be considered a dominant strategy for CRT-D and ICD d || Infection Risks/Probability of Infection ⟦NEXT⟧ A major infection is defined as an infection that results in a CIED removal, an invasive CIED procedure without removal, treatment with long-term antibiotic therapy if extraction is not possible, or death. 11 The probability of major infection with SOC was estimated from the control arm of the propensity-matched population in the REINFORCE study, with the same value considered for all device types: 2.75%, 0.90%, and 0.83% at 12, 12 to 24, and 24 to 36 months, respectively. 12 The treatment effect associated with TYRX was included by applying a hazard ratio (HR) of 0.28, obtained from the same propensity-matched population, and applied uniformly across all device types. 12 Relapse rates were sourced from the literature, with a risk of 71.4% in people without an extraction, 50.0% with partial extraction, and 4.80% with complete extraction and replacement. 20–22 Individuals who had a complete extraction without replacement were assumed to have no risk of relapse due to the absence of an implanted device. ⟦NEXT⟧ A minor CIED infection was defined as any infection not meeting the criteria for a major CIED infection. 11 A probability of minor CIED infection of 0.95% was included for those receiving SOC, applying a RR of 0.76 to those in the TYRX + SOC arm. 13 The values were assumed to be the same across device types. ⟦NEXT⟧ Mortality || To date, most economic evaluations on TYRX have focused on patients at increased risk of infection. 1,13,14 Previous cost-effectiveness analyses conducted across different healthcare systems, including those of the United States, United Kingdom, Germany, Italy, and Denmark, have consistently shown that TYRX is cost-effective in patients at elevated risk for device-related infections, with ICERs below commonly accepted thresholds in all settings examined. 1,13,14,33 Additionally, Kay et al included an analysis in an unselected population and found that TYRX remained cost-effective in this broader group at a £30 000/QALY-gained threshold. 13 Although the populations and healthcare settings differ, the findings of the present study are consistent with this body of evidence. ⟦NEXT⟧ While these studies have consistently demonstrated favorable cost-effectiveness, their applicability to broader clinical practice has been limited. The present analysis, by accounting for the full spectrum of patients receiving CIEDs in routine care, provides valuable insights for hospitals that may be considering broader implementation of infection prevention strategies, and challenges the notion that antibacterial envelopes should be reserved exclusively for high-risk cases. 34 ⟦NEXT⟧ To our knowledge, this study is the first economic evaluation of TYRX in Spain and provides novel evidence in a broad, unselected population. The results show that, by reducing infection rates and avoiding their downstream consequences, TYRX is highly likely to be cost-effective when used in this wider population. ⟦NEXT⟧ An alternative scenario, which evaluates the results in a high-risk population, showed even more favorable outcomes. This is consistent with expectations, as higher-risk patients derive greater benefit from infection prevention strategies. Nonetheless, these findings continue to reinforce the broader application of antibacterial envelopes, with the understanding that their value increases proportionally with infection risk. || Regarding the prevention strategy, the cost of TYRX was €1200. 25 Costs associated with prophylactic antibiotics were applied as a one-time cost each time an individual received a CIED. The proportion of use per individual for each drug, as well as the dosage in milligrams per course, was defined and validated by an expert panel. Unit costs for each drug were obtained from a national pharmacological cost database. 24 ⟦NEXT⟧ For patients who experienced a major infection, the costs of extraction, replacement, hospital stay, and antibiotic treatment were estimated based on a national study. 26 In the case of minor infections, unit cost was derived by averaging unitary tariffs identified through a national database that collects health costs from different sources. 28 For specific resources such as temporary pacing, wearable defibrillators, and leadless devices, resource use was obtained from the expert panel. ⟦NEXT⟧ Device costs were sourced from a national health technology assessment (HTA) report, and internal unpublished procurement data reflecting the national average across all implants in Spain. 25,27 ⟦NEXT⟧ Lifetime Costs and QALY || Abbreviation: CIED, cardiac implantable electronic device. ⟦NEXT⟧ At the beginning of the decision tree, all patients were at risk of post-implantation infection. Individuals who experienced an infection had either a complete or partial extraction (with or without a device replacement) or no device extraction. Infection management strategies were the same in both arms of the model. Death and survival at 36 months were end nodes for all arms of the decision tree, and lifetime cost and QALY “payoff” values were used for the remainder of the individual’s life expectancy. ⟦NEXT⟧ Four CIED types were included in the analysis. The incremental cost-effectiveness ratio (ICER) was calculated, both stratified by device type and weighted, based on the distribution of the diverse implants reported in Spain by national registries: permanent pacemaker (PPM, 76.5%), implantable cardioverter-defibrillator (ICD, 15.2%), cardiac resynchronization therapy either with defibrillator (CRT-D, 5.4%), or pacemaker (CRT-P, 2.9%). 15,16 ⟦NEXT⟧ Although there is no officially established cost-effectiveness threshold in Spain, an intervention is usually considered cost-effective when the ICER is below €25 000/QALY gained. 17 Moreover, when a strategy is as or more effective and less costly than the alternative option, it is considered to be a dominant strategy. 18",https://pubmed.ncbi.nlm.nih.gov/41664648/,https://pmc.ncbi.nlm.nih.gov/articles/PMC12883256/,,,,,
32076418,PMC7006437,2020,Frontiers in microbiology,Corrigendum: Changes in Polyphenolic Concentrations of Table Olives (cv. Itrana) Produced Under Different Irrigation Regimes During Spontaneous or Inoculated Fermentation.,metadata_or_nonpropositional,metadata|multiple_numbers,29963031,"In the original article, we neglected to include the funder “European Union's Horizon 2020 research and innovation program under the Marie Skłodowska-Curie COFUND, Grant agreement no 713714 to NG-G.” ⟦NEXT⟧ The authors apologize for this error and state that this does not change the scientific conclusions of the article in any way. The original article has been updated.",https://pubmed.ncbi.nlm.nih.gov/32076418/,https://pmc.ncbi.nlm.nih.gov/articles/PMC7006437/,,,,,
37759289,PMC10523754,2023,Cost effectiveness and resource allocation : C/E,Correction: Economic burden of breast cancer: a case of Southern Iran.,metadata_or_nonpropositional,exact_language|metadata|multiple_numbers,37644546,"10.1186/s12962-023-00470-8 ⟦NEXT⟧ Following publication of the original article, it came to the authors’ attention that the name of author Dr. Khosro Keshavarz had been incorrectly spelled: “Keshavar” had been given instead of “Keshavarz”. The name has since been corrected in the published article. The authors thank you for reading this erratum and apologize for any inconvenience caused.",https://pubmed.ncbi.nlm.nih.gov/37759289/,https://pmc.ncbi.nlm.nih.gov/articles/PMC10523754/,,,,,
28090476,PMC5234422,2016,"Pediatric gastroenterology, hepatology & nutrition",Correction: Middle East Consensus Statement on the Diagnosis and Management of Functional Gastrointestinal Disorders in <12 Months Old Infants.,exact_replacement_candidate,exact_language|location|visual|metadata|multiple_numbers,27738596,"The authors wish to make the following corrections to Table 4 and Fig. 3. ⟦NEXT⟧ In Table 4, the last sentence should be added. ⟦NEXT⟧ In Fig. 3, some contents should be added on the bottom right. ⟦NEXT⟧ The corrected Table and Figure are shown below. || In Table 4, the last sentence should be added. ⟦NEXT⟧ In Fig. 3, some contents should be added on the bottom right. ⟦NEXT⟧ The corrected Table and Figure are shown below. || Correction: Pediatr Gastroenterol Hepatol Nutr 2016;19:153-161 ⟦NEXT⟧ https://doi.org/10.5223/pghn.2016.19.3.153 ⟦NEXT⟧ The authors wish to make the following corrections to Table 4 and Fig. 3. || In Fig. 3, some contents should be added on the bottom right. ⟦NEXT⟧ The corrected Table and Figure are shown below.",https://pubmed.ncbi.nlm.nih.gov/28090476/,https://pmc.ncbi.nlm.nih.gov/articles/PMC5234422/,,,,,
26868856,PMC7301647,2016,Journal of the National Cancer Institute,Erratum.,metadata_or_nonpropositional,metadata|formatting|multiple_numbers,26582243|26757732,"“CAPG and GIPC1: Breast Cancer Biomarkers for Bone Metastasis Development and Treatment” by Jules A. Westbrook, David A. Cairns, Jianhe Peng, Valerie Speirs, Andrew M. Hanby, Ingunn Holen, Steven L. Wood, Penelope D. Ottewell, Helen Marshall, Rozalind E. Banks, Peter J. Selby, Robert E. Coleman, and Janet E. Brown. J Natl Cancer Inst 2016; 108(4): djv360 doi: 10.1093/jnci/djv360 . The tenth author’s first name was misspelled. The correct name is Rosamonde E. Banks. The authors regret the error.",https://pubmed.ncbi.nlm.nih.gov/26868856/,https://pmc.ncbi.nlm.nih.gov/articles/PMC7301647/,,,,,
33397306,PMC7783970,2021,BMC public health,Correction to: Improving lifestyles sustainability through community gardening: results and lessons learnt from the JArDinS quasi-experimental study.,numeric_or_symbolic_candidate,location|visual|metadata|multiple_numbers,33243204,"Correction to: BMC Public Health 20, 1798 (2020) ⟦NEXT⟧ https://doi.org/10.1186/s12889-020-09836-6 ⟦NEXT⟧ It was highlighted that the original article [ 1 ] contained some incorrect statements. This Correction article shows the incorrect and correct version of the sentences. The original article has been updated. || and contribution of animal protein to total protein of household food supply; ⟦NEXT⟧ Incorrect (Table 3) ⟦NEXT⟧ Animal to plant protein ratio of household food supply ⟦NEXT⟧ Animal protein (in % of total protein) || https://doi.org/10.1186/s12889-020-09836-6 ⟦NEXT⟧ It was highlighted that the original article [ 1 ] contained some incorrect statements. This Correction article shows the incorrect and correct version of the sentences. The original article has been updated. ⟦NEXT⟧ Incorrect ⟦NEXT⟧ Gardeners came from 19 different community gardens and held either a collective (52.6%) or individual (47.4%) plot. || It was highlighted that the original article [ 1 ] contained some incorrect statements. This Correction article shows the incorrect and correct version of the sentences. The original article has been updated. ⟦NEXT⟧ Incorrect ⟦NEXT⟧ Gardeners came from 19 different community gardens and held either a collective (52.6%) or individual (47.4%) plot. ⟦NEXT⟧ Correct",https://pubmed.ncbi.nlm.nih.gov/33397306/,https://pmc.ncbi.nlm.nih.gov/articles/PMC7783970/,,,,,
37750804,PMC10715601,2023,Asian journal of andrology,"Corrigendum to ""MicroRNA-27a-mediated repression of cysteine-rich secretory protein 2 translation in asthenoteratozoospermic patients"".",numeric_or_symbolic_candidate,location|visual|metadata|multiple_numbers,27517483,"Correction to: Asian Journal of Andrology 2017; 19 (5): 591–5. Doi: 10.4103/1008-682X.185001. ⟦NEXT⟧ In the published article by Zhou et al. , 1 two errors were found in Figure 2c and Figure 3a . In Figure 2c , two labels of abscissa “Norm” and “ATZ” were reversed. In Figure 3a , the scale values of abscissa were not consistent with those in Figure 3b , Figure 4a , and Figure 4b . This error occurred due to mislabeling of the computer file folders, in which images collected from similar categories of experiments were stored. The authors replotted Figure 3c according to original data. The correct Figure 2 and 3 are as follows. The correction does not change the scientific conclusion and significance of the study. ⟦NEXT⟧ High expression level of miR-27a is predicted to target CRISP2 . ( a and b ) Prediction of six candidate microRNAs potentially binding to the CRISP2 3’-UTR and a potential binding site for miR-27a. ( c ) High expression of miR-27a is observed in the ejaculated spermatozoa of patients with asthenoteratozoospermia by qRT-PCR (Student’s t -test, data are shown as mean ± s.e.m.; * P < 0.05). CRISP2: cysteine-rich secretory protein 2; Norm: normozoospermic control group; ATZ: asthenoteratozoospermic patient group; s.e.m.: standard error of the mean. ⟦NEXT⟧ miR-27a may bind to the 3’-UTR of CRISP2 mRNA and repress translation of CRISP2 . ( a and b ) miR-27a levels are negatively correlated with CRISP2 protein abundance, but not CRISP2 mRNA abundance. ( c ) Results of luciferase reporter assay in HEK 293T cells with co-transfection of 3’-UTR vector or NC vector. The bar graph shows the mean ± s.d. in the three independent experiments. One-way ANOVA and Bonferroni test are carried out to determine significant differences in luciferase activity ( * P < 0.05, ** P < 0.01). CRISP2: cysteine-rich secretory protein 2; NC: negative control; s.d.: standard deviation. || In the published article by Zhou et al. , 1 two errors were found in Figure 2c and Figure 3a . In Figure 2c , two labels of abscissa “Norm” and “ATZ” were reversed. In Figure 3a , the scale values of abscissa were not consistent with those in Figure 3b , Figure 4a , and Figure 4b . This error occurred due to mislabeling of the computer file folders, in which images collected from similar categories of experiments were stored. The authors replotted Figure 3c according to original data. The correct Figure 2 and 3 are as follows. The correction does not change the scientific conclusion and significance of the study. ⟦NEXT⟧ High expression level of miR-27a is predicted to target CRISP2 . ( a and b ) Prediction of six candidate microRNAs potentially binding to the CRISP2 3’-UTR and a potential binding site for miR-27a. ( c ) High expression of miR-27a is observed in the ejaculated spermatozoa of patients with asthenoteratozoospermia by qRT-PCR (Student’s t -test, data are shown as mean ± s.e.m.; * P < 0.05). CRISP2: cysteine-rich secretory protein 2; Norm: normozoospermic control group; ATZ: asthenoteratozoospermic patient group; s.e.m.: standard error of the mean. ⟦NEXT⟧ miR-27a may bind to the 3’-UTR of CRISP2 mRNA and repress translation of CRISP2 . ( a and b ) miR-27a levels are negatively correlated with CRISP2 protein abundance, but not CRISP2 mRNA abundance. ( c ) Results of luciferase reporter assay in HEK 293T cells with co-transfection of 3’-UTR vector or NC vector. The bar graph shows the mean ± s.d. in the three independent experiments. One-way ANOVA and Bonferroni test are carried out to determine significant differences in luciferase activity ( * P < 0.05, ** P < 0.01). CRISP2: cysteine-rich secretory protein 2; NC: negative control; s.d.: standard deviation. ⟦NEXT⟧ The authors apologize for the mistakes and any potential confusion caused by these errors. || Correction to: Asian Journal of Andrology 2017; 19 (5): 591–5. Doi: 10.4103/1008-682X.185001. ⟦NEXT⟧ In the published article by Zhou et al. , 1 two errors were found in Figure 2c and Figure 3a . In Figure 2c , two labels of abscissa “Norm” and “ATZ” were reversed. In Figure 3a , the scale values of abscissa were not consistent with those in Figure 3b , Figure 4a , and Figure 4b . This error occurred due to mislabeling of the computer file folders, in which images collected from similar categories of experiments were stored. The authors replotted Figure 3c according to original data. The correct Figure 2 and 3 are as follows. The correction does not change the scientific conclusion and significance of the study. ⟦NEXT⟧ High expression level of miR-27a is predicted to target CRISP2 . ( a and b ) Prediction of six candidate microRNAs potentially binding to the CRISP2 3’-UTR and a potential binding site for miR-27a. ( c ) High expression of miR-27a is observed in the ejaculated spermatozoa of patients with asthenoteratozoospermia by qRT-PCR (Student’s t -test, data are shown as mean ± s.e.m.; * P < 0.05). CRISP2: cysteine-rich secretory protein 2; Norm: normozoospermic control group; ATZ: asthenoteratozoospermic patient group; s.e.m.: standard error of the mean.",https://pubmed.ncbi.nlm.nih.gov/37750804/,https://pmc.ncbi.nlm.nih.gov/articles/PMC10715601/,,,,,
31211397,PMC6580685,2019,Database : the journal of biological databases and curation,ChlamBase: a curated model organism database for the Chlamydia research community.,semantic_not_alignable,,30985891,This manuscript has been amended to include additional authors who were inadvertently omitted.,https://pubmed.ncbi.nlm.nih.gov/31211397/,https://pmc.ncbi.nlm.nih.gov/articles/PMC6580685/,,,,,
34881330,PMC8646004,2021,ERJ open research,"Erratum: ""Interferon-γ liposome: a new system to improve drug delivery in the treatment of lung cancer"". Maysa Alhawamdeh, Mohammad Isreb, Abid Aziz, Badie K. Jacob, Diana Anderson and Mojgan Najafzadeh. ERJ Open Res 2021; 7: 00555-2020.",metadata_or_nonpropositional,metadata,34435034,This article was originally published with an error in the name of the first author. The correct author name is shown above and the article itself has been corrected.,https://pubmed.ncbi.nlm.nih.gov/34881330/,https://pmc.ncbi.nlm.nih.gov/articles/PMC8646004/,,,,,
32614908,PMC7332038,2020,PloS one,Correction: N-acetyltransferase (nat) Is a Critical Conjunct of Photoperiodism between the Circadian System and Endocrine Axis in Antheraea pernyi.,numeric_or_symbolic_candidate,location|multiple_numbers,24667367,"Anti-A p PTTH serum raised in rabbit was a gift from Dr. Ivo Sauman. Additional information about the specificity and production of the anti-A p PTTH antibody can be found in [ 2 ]. ⟦NEXT⟧ References 5 and 40 of the original article are incorrectly cited in the section “Production of Other Antibodies and Anti-peptide Antibodies” and do not provide information about the anti-melatonin and anti- h MT2 sera. The product details of one of the anti-melatonin antibodies used for immunohistochemical staining (IHC) are not available at the time of publication of this notice. A second anti-melatonin antibody purchased from Stockgrand Ltd, product number AB/S/01, previously HP/S/704-6483 (also used for the Radioimmunoassay (RIA) procedure) had weaker reactivity in IHC. The anti- h MT2 sera was purchased from Santa Cruz, (MEL-1B-R antibody H-18) primary antibody of human origin (Santa Cruz Biotechnology, Inc., US; sc-13174). ⟦NEXT⟧ The manufacturer and host species of the secondary antibodies used in immunohistochemical staining are specified in the Methods section, but the product numbers are not available. ⟦NEXT⟧ As described in the Methods section, the authors produced antisera against Pa ( Periplaneta americana ) PER, Ap (A . pernyi) CYC, Ap CLK, Dm (Drosophila melanogaster) aaNAT and Ap aaNAT, Bm (Bombyx mori) CYC and Bm CLK. Dilutions used are provided in the article. Specificity of these antisera was validated by controls with the omission of the primary antibody and preabsorption tests.",https://pubmed.ncbi.nlm.nih.gov/32614908/,https://pmc.ncbi.nlm.nih.gov/articles/PMC7332038/,,,,,
40828250,PMC12583345,2025,"Bundesgesundheitsblatt, Gesundheitsforschung, Gesundheitsschutz",[Not Available].,numeric_or_symbolic_candidate,multiple_numbers,38896151,Erratum zu: ⟦NEXT⟧ Bundesgesundheitsbl 2024 ⟦NEXT⟧ 10.1007/s00103-024-03907-4,https://pubmed.ncbi.nlm.nih.gov/40828250/,https://pmc.ncbi.nlm.nih.gov/articles/PMC12583345/,,,,,
42494461,PMC13393489,2026,Frontiers in medicine,Correction: Advanced computer-aided detection system exhibits no more false positives than experienced endoscopists in an image-based comparative study of colon polyps.,numeric_or_symbolic_candidate,location|visual|multiple_numbers,42369113,"There was a mistake in Figures 3 , 4 as published. The image for Figure 3 is the one for Figure 4 and vice versa . The corrected figures appears below. ⟦NEXT⟧ Non close distance image, a meaningful alert: subtle color difference and a slightly elevated feeling. The final close-up observation demonstrated a polyp, which was confirmed by pathological examination to be a tubular adenoma. If things in the box is ultimately proven not a polyp, this alert cannot be considered meaningless FPs. ⟦NEXT⟧ (A) The right box shows a very obvious FP. (B) The upper right box is a very obvious FP.",https://pubmed.ncbi.nlm.nih.gov/42494461/,https://pmc.ncbi.nlm.nih.gov/articles/PMC13393489/,,,,,
38530486,PMC10965729,2024,International journal of colorectal disease,Correction to: Robotic colorectal resection in combination with a multimodal enhanced recovery program - results of the first 100 cases.,metadata_or_nonpropositional,metadata|multiple_numbers,37055632,"Correction to: International Journal of Colorectal Disease (2023) 38:95 10.1007/s00384-023-04380-2 ⟦NEXT⟧ In this article additional affiliation has been added to the first author 'M. El-Ahmar' as 'Department of General and Visceral Surgery, Charité Universitätsmedizin Berlin Campus Benjamin Franklin, Hindenburgdamm 30, 12203 Berlin, Germany'.",https://pubmed.ncbi.nlm.nih.gov/38530486/,https://pmc.ncbi.nlm.nih.gov/articles/PMC10965729/,,,,,
29488509,PMC5822471,2018,Experimental and therapeutic medicine,Erratum: Increased cathepsin K levels in human atherosclerotic plaques are associated with plaque instability.,metadata_or_nonpropositional,location|metadata|multiple_numbers,29042935,"Figs. 2 and 3 in the paper do correctly show that unstable plaques have higher cathepsin K mRNA/protein levels compared with stable plaques. Similarly, the text in the abstract, on lines 19–20 (“In unstable plaques, the expression of Cat K protein and mRNA was upregulated…”) was also worded correctly. ⟦NEXT⟧ Note that the error associated with the wording of the title did not have any bearing on the results reported in the paper, or the conclusions therein. We regret any inconvenience that this mistake has caused. || Exp Ther Med 14: 3471-3476 , 2017; DOI: 10.3892/etm.2017.4935 ⟦NEXT⟧ Following the publication of this article, we realized that the title appeared incorrectly: This appeared as “ Decreased cathepsin K levels in human atherosclerotic plaques are associated with plaque instability” instability”, and the corrected title is now featured above. ⟦NEXT⟧ Figs. 2 and 3 in the paper do correctly show that unstable plaques have higher cathepsin K mRNA/protein levels compared with stable plaques. Similarly, the text in the abstract, on lines 19–20 (“In unstable plaques, the expression of Cat K protein and mRNA was upregulated…”) was also worded correctly. ⟦NEXT⟧ Note that the error associated with the wording of the title did not have any bearing on the results reported in the paper, or the conclusions therein. We regret any inconvenience that this mistake has caused.",https://pubmed.ncbi.nlm.nih.gov/29488509/,https://pmc.ncbi.nlm.nih.gov/articles/PMC5822471/,,,,,
37166560,PMC11837203,2023,Journal of natural medicines,"Correction: Inhibition of Aβ aggregation by naphtho-γ-pyrone derivatives from a marine-derived fungus, Aspergillus sp. MPUC239.",unusable_or_ambiguous,,37038034,,https://pubmed.ncbi.nlm.nih.gov/37166560/,https://pmc.ncbi.nlm.nih.gov/articles/PMC11837203/,,,,,
27244833,PMC8194468,2016,Pediatrics,"Seifert et al. Health Effects of Energy Drinks on Children, Adolescents, and Young Adults. Pediatrics. 2011;127(3):511-528.",unusable_or_ambiguous,,21321035,,https://pubmed.ncbi.nlm.nih.gov/27244833/,https://pmc.ncbi.nlm.nih.gov/articles/PMC8194468/,,,,,
25897776,PMC4409170,2015,The ISME journal,Genomic potential for nitrogen assimilation in uncultivated members of Prochlorococcus from an anoxic marine zone.,unusable_or_ambiguous,,25700337,,https://pubmed.ncbi.nlm.nih.gov/25897776/,https://pmc.ncbi.nlm.nih.gov/articles/PMC4409170/,,,,,
29691428,PMC5915552,2018,Scientific reports,Author Correction: Systematic Assessment of the Climate Sensitivity of Important Human and Domestic Animals Pathogens in Europe.,exact_replacement_candidate,exact_language|location|visual|multiple_numbers,28769039,"“(b) Proportion of primary (in dark grey) compared to secondary (in light grey) drivers associated with different numbers of climate drivers” ⟦NEXT⟧ should read: ⟦NEXT⟧ “(b) Proportion of primary (in light grey) compared to secondary (in dark grey) drivers associated with different numbers of climate drivers” ⟦NEXT⟧ Additionally, in the Results section, || Correction to: Scientific Reports 10.1038/s41598-017-06948-9, published online 02 August 2017 ⟦NEXT⟧ This Article contains an error in the legend of Figure 1. ⟦NEXT⟧ “(b) Proportion of primary (in dark grey) compared to secondary (in light grey) drivers associated with different numbers of climate drivers” || Correction to: Scientific Reports 10.1038/s41598-017-06948-9, published online 02 August 2017 ⟦NEXT⟧ This Article contains an error in the legend of Figure 1. ⟦NEXT⟧ “(b) Proportion of primary (in dark grey) compared to secondary (in light grey) drivers associated with different numbers of climate drivers” ⟦NEXT⟧ should read:",https://pubmed.ncbi.nlm.nih.gov/29691428/,https://pmc.ncbi.nlm.nih.gov/articles/PMC5915552/,,,,,
36400980,PMC9676830,2022,Supportive care in cancer : official journal of the Multinational Association of Supportive Care in Cancer,Correction to: mRNA-1273 SARS-CoV-2 vaccine safety and COVID-19 risk perception in recently transplanted allogeneic hematopoietic stem cell transplant recipients.,numeric_or_symbolic_candidate,location|metadata|multiple_numbers,36169731,"https://doi.org/10.1007/s00520-022-07376-w ⟦NEXT⟧ The article ""mRNA-1273 SARS-CoV-2 vaccine safety and COVID-19 risk perception in recently transplanted allogeneic hematopoietic stem cell transplant recipients"" written by Nil Albiol et.al, was originally published online September 28, 2022 has an error. ⟦NEXT⟧ The correct author group is now reflected in this article. ⟦NEXT⟧ The correct Contributions statement is the below: || Correction to: Supportive Care in Cancer ⟦NEXT⟧ https://doi.org/10.1007/s00520-022-07376-w ⟦NEXT⟧ The article ""mRNA-1273 SARS-CoV-2 vaccine safety and COVID-19 risk perception in recently transplanted allogeneic hematopoietic stem cell transplant recipients"" written by Nil Albiol et.al, was originally published online September 28, 2022 has an error. || The correct Contributions statement is the below: ⟦NEXT⟧ NA was responsible for designing and writing the study protocol, writing the main draft, designing and filling the main database, gathering variable data and analyzing them, interpreting results, creating tables and figures, and manufacturing reference lists. OA was responsible for obtaining data and organizing patients’ schedules, as well as obtaining written consents. LG-P filled a substantial amount of the database with the gathered data. MT, NR, and EL equally obtained patient and variable data. AE, JS, and RM reviewed and corrected the final form of the manuscript. IG provided infrastructural coordination and freed nurses’ schedules to work on the study. JL-C provided vaccination timelines and infrastructure, organized patients’ appointments for vaccination, and coordinated the Infectious Diseases Department with ours. RM also gave feedback on the study design and methods and contributed to the interpretation of the results. IG-C was responsible for designing and writing the study protocol, contributing to structuration, designing and writing the main draft as well as correcting the final form, obtaining ethics committee approval, obtaining financial support, gathering the research team, identifying the population of the study, obtaining patients’ data, interpreting results, and eventually coordinating the study overall.",https://pubmed.ncbi.nlm.nih.gov/36400980/,https://pmc.ncbi.nlm.nih.gov/articles/PMC9676830/,,,,,
27327409,PMC4915696,2016,PLoS biology,Correction: Ionotropic Chemosensory Receptors Mediate the Taste and Smell of Polyamines.,unusable_or_ambiguous,location|visual|multiple_numbers,27145030,,https://pubmed.ncbi.nlm.nih.gov/27327409/,https://pmc.ncbi.nlm.nih.gov/articles/PMC4915696/,,,,,
39373818,PMC11458840,2024,Insights into imaging,Correction: Standards for conducting and reporting consensus and recommendation documents: European Society of Cardiovascular Radiology policy from the Guidelines Committee.,numeric_or_symbolic_candidate,multiple_numbers,39143413,"Correction to: Insights into Imaging (2024) 15:207 ⟦NEXT⟧ 10.1186/s13244-024-01755-z ⟦NEXT⟧ The publication of this article unfortunately contained mistakes. The given names of the authors were abbreviated by mistake. The complete names are given below. || 10.1186/s13244-024-01755-z ⟦NEXT⟧ The publication of this article unfortunately contained mistakes. The given names of the authors were abbreviated by mistake. The complete names are given below. ⟦NEXT⟧ Amalia Lupi *1 , Dominika Suchá *2 , Giulia Cundari 3 , Nicola Fink 4 , Hatem Alkadhi 5 , Ricardo P. J. Budde 6 , Federico Caobelli 7 , Carlo N. De Cecco 8 , Nicola Galea 3 , Maja Hrabak-Paar 9 , Christian Loewe 10 , Julian A. Luetkens 11 , Giuseppe Muscogiuri 12 , Luigi Natale 13 , Konstantin Nikolaou 14 , Maja Pirnat 15 , Luca Saba 16 , Rodrigo Salgado 17–19 , Michelle C. Williams 20 , Bernd J. Wintersperger 4,21,22 , Rozemarijn Vliegenthart 23 , Marco Francone 24,25 , Alessia Pepe 1 ⟦NEXT⟧ The original article has been corrected. || Amalia Lupi *1 , Dominika Suchá *2 , Giulia Cundari 3 , Nicola Fink 4 , Hatem Alkadhi 5 , Ricardo P. J. Budde 6 , Federico Caobelli 7 , Carlo N. De Cecco 8 , Nicola Galea 3 , Maja Hrabak-Paar 9 , Christian Loewe 10 , Julian A. Luetkens 11 , Giuseppe Muscogiuri 12 , Luigi Natale 13 , Konstantin Nikolaou 14 , Maja Pirnat 15 , Luca Saba 16 , Rodrigo Salgado 17–19 , Michelle C. Williams 20 , Bernd J. Wintersperger 4,21,22 , Rozemarijn Vliegenthart 23 , Marco Francone 24,25 , Alessia Pepe 1 ⟦NEXT⟧ The original article has been corrected.",https://pubmed.ncbi.nlm.nih.gov/39373818/,https://pmc.ncbi.nlm.nih.gov/articles/PMC11458840/,,,,,
39304553,PMC11499522,2024,Journal of medical ultrasonics (2001),Correction: Principle of contrast-enhanced ultrasonography.,metadata_or_nonpropositional,location|metadata|multiple_numbers,38780871,"Correction: Journal of Medical Ultrasonics 10.1007/s10396-024-01443-x ⟦NEXT⟧ The article Principle of contrast‑enhanced ultrasonography, written by Yoshitaka Mine, Etsuo Takada, Katsutoshi Sugimoto and Fuminori Moriyasu, was originally published electronically on the publisher’s internet portal on 23 May 2024 without open access. With the society’s decision to opt for Open Choice the copyright of the article changed on 29 August 2024 to © The Author(s) 2024 and the article is forthwith distributed under a Creative Commons Attribution 4.0 International License, which permits use, sharing, adaptation, distribution and reproduction in any medium or format, as long as you give appropriate credit to the original author(s) and the source, provide a link to the Creative Commons licence, and indicate if changes were made. The images or other third party material in this article are included in the article’s Creative Commons licence, unless indicated otherwise in a credit line to the material. If material is not included in the article’s Creative Commons licence and your intended use is not permitted by statutory regulation or exceeds the permitted use, you will need to obtain permission directly from the copyright holder. To view a copy of this licence, visit http://creativecommons.org/licenses/by/4.0 . ⟦NEXT⟧ The original article has been corrected. || The article Principle of contrast‑enhanced ultrasonography, written by Yoshitaka Mine, Etsuo Takada, Katsutoshi Sugimoto and Fuminori Moriyasu, was originally published electronically on the publisher’s internet portal on 23 May 2024 without open access. With the society’s decision to opt for Open Choice the copyright of the article changed on 29 August 2024 to © The Author(s) 2024 and the article is forthwith distributed under a Creative Commons Attribution 4.0 International License, which permits use, sharing, adaptation, distribution and reproduction in any medium or format, as long as you give appropriate credit to the original author(s) and the source, provide a link to the Creative Commons licence, and indicate if changes were made. The images or other third party material in this article are included in the article’s Creative Commons licence, unless indicated otherwise in a credit line to the material. If material is not included in the article’s Creative Commons licence and your intended use is not permitted by statutory regulation or exceeds the permitted use, you will need to obtain permission directly from the copyright holder. To view a copy of this licence, visit http://creativecommons.org/licenses/by/4.0 . ⟦NEXT⟧ The original article has been corrected.",https://pubmed.ncbi.nlm.nih.gov/39304553/,https://pmc.ncbi.nlm.nih.gov/articles/PMC11499522/,,,,,
41953526,PMC13054144,2026,BJPsych international,Erratum: Motivational interviewing training experiences among psychiatry and family medicine resident physicians: qualitative exploration in Oman - CORRIGENDUM.,metadata_or_nonpropositional,metadata,41953518,"In the original publication of this article, the co-author Raghad Almojahed’s name was incorrectly given as ‘Raghad Mujahad’. ⟦NEXT⟧ This has since been updated, and this correction published.",https://pubmed.ncbi.nlm.nih.gov/41953526/,https://pmc.ncbi.nlm.nih.gov/articles/PMC13054144/,,,,,
33321062,PMC7776572,2020,Open biology,Correction to 'AMPA receptor auxiliary subunits emerged during early vertebrate evolution by neo/subfunctionalization of unrelated proteins'.,metadata_or_nonpropositional,metadata|multiple_numbers,33108974,,https://pubmed.ncbi.nlm.nih.gov/33321062/,https://pmc.ncbi.nlm.nih.gov/articles/PMC7776572/,,,,,
34935926,PMC8696564,2021,JAMA network open,Error in Figure 2.,numeric_or_symbolic_candidate,location|visual|multiple_numbers,34779843,"In the Original Investigation titled “Pivotal Evaluation of an Artificial Intelligence System for Autonomous Detection of Referrable and Vision-Threatening Diabetic Retinopathy,” 1 published November 15, 2021, there was a wording error in Figure 2. The wording in the flow diagram given as “intent-to-treat” should have been “intent-to-screen.” This article has been corrected. 1",https://pubmed.ncbi.nlm.nih.gov/34935926/,https://pmc.ncbi.nlm.nih.gov/articles/PMC8696564/,,,,,
41639336,PMC12872623,2026,Clinical oral investigations,Correction to: Hard and soft tissue contour changes following simultaneous guided bone regeneration at single peri‑implant dehiscence defects using either resorbable or non-resorbable membranes: a 6-month secondary analysis of a randomized controlled trial.,exact_replacement_candidate,exact_language|location|multiple_numbers,40199760,"10.1007/s00784-025-06322-4 ⟦NEXT⟧ In the Materials section, within the resorbable collagen membrane (RES) group, the material was incorrectly reported as “Geistlich Mucograft ® Seal” (Geistlich Pharma) . The correct material used should be “Bio-Gide ® (Geistlich Pharma)” . ⟦NEXT⟧ Although this involves a change of only one term, it is clinically and scientifically relevant, as these are different materials with distinct indications. ⟦NEXT⟧ The original article has been corrected. || Correction to: Clin Oral Invest ⟦NEXT⟧ 10.1007/s00784-025-06322-4 ⟦NEXT⟧ In the Materials section, within the resorbable collagen membrane (RES) group, the material was incorrectly reported as “Geistlich Mucograft ® Seal” (Geistlich Pharma) . The correct material used should be “Bio-Gide ® (Geistlich Pharma)” . || Although this involves a change of only one term, it is clinically and scientifically relevant, as these are different materials with distinct indications. ⟦NEXT⟧ The original article has been corrected.",https://pubmed.ncbi.nlm.nih.gov/41639336/,https://pmc.ncbi.nlm.nih.gov/articles/PMC12872623/,,,,,
36458434,PMC9716243,2022,Cancer discovery,"Correction: TP53-Mutated Myelodysplastic Syndrome and Acute Myeloid Leukemia: Biology, Current Therapy, and Future Directions.",unusable_or_ambiguous,,36218325,,https://pubmed.ncbi.nlm.nih.gov/36458434/,https://pmc.ncbi.nlm.nih.gov/articles/PMC9716243/,,,,,
37441558,PMC10335559,2023,Frontiers in veterinary science,Erratum: Blood B cell depletion reflects immunosuppression induced by live-attenuated infectious bursal disease vaccines.,numeric_or_symbolic_candidate,location|visual|multiple_numbers,35558891,"Due to a production error, there was a mistake in Figure 3 as published. The text in Figures 3A , B was not displaying correctly. The corrected Figure 3 appears below. ⟦NEXT⟧ Implementation of a modified European Pharmacopoeia-derived protocol for IBDV immunosuppression testing. (A) Layout of animal experiment 3. Extra analyses compared to animal experiments 1 and 2 appear in red text. (B) Percentage of clinically protected chicks observed after velogenic Newcastle Disease Virus challenge. Different letters indicate statistically significant differences ( p < 0.05) between groups using Fisher's exact test with FDR adjustment method for multiple pairwise comparisons. (C) Serological response to NDV vaccination during experiment 3. Horizontal bars indicate the median of each group. Different letters indicate statistically significant differences ( p < 0.05) between groups using Kruskal-Wallis test. (D) Blood B cell concentrations prior to NDV vaccination (“15 days,” left panel), and prior to NDV challenge (“29 days,” right panel). Different letters indicate statistically significant differences ( p < 0.05) between groups using Kruskal-Wallis test. ⟦NEXT⟧ The publisher apologizes for this mistake. The original version of this article has been updated. || Implementation of a modified European Pharmacopoeia-derived protocol for IBDV immunosuppression testing. (A) Layout of animal experiment 3. Extra analyses compared to animal experiments 1 and 2 appear in red text. (B) Percentage of clinically protected chicks observed after velogenic Newcastle Disease Virus challenge. Different letters indicate statistically significant differences ( p < 0.05) between groups using Fisher's exact test with FDR adjustment method for multiple pairwise comparisons. (C) Serological response to NDV vaccination during experiment 3. Horizontal bars indicate the median of each group. Different letters indicate statistically significant differences ( p < 0.05) between groups using Kruskal-Wallis test. (D) Blood B cell concentrations prior to NDV vaccination (“15 days,” left panel), and prior to NDV challenge (“29 days,” right panel). Different letters indicate statistically significant differences ( p < 0.05) between groups using Kruskal-Wallis test. ⟦NEXT⟧ The publisher apologizes for this mistake. The original version of this article has been updated.",https://pubmed.ncbi.nlm.nih.gov/37441558/,https://pmc.ncbi.nlm.nih.gov/articles/PMC10335559/,,,,,
36936752,PMC10015943,2023,"Clinical, cosmetic and investigational dermatology",Erratum: Exploration of Influencing Factors for Postoperative Recurrence in Patients with Madelung's Disease on the Basis of Multivariate Stepwise Cox Regression Analysis [Corrigendum].,metadata_or_nonpropositional,exact_language|location|metadata|multiple_numbers,36686607,"Li S, Xiao Y, Wang Y, Bai M, Du F, Zhang H. Clin Cosmet Investig Dermatol . 2023;16:103–110. ⟦NEXT⟧ The authors advise that the funding section on page 109 is incorrect. The funding statement should read as follows. ⟦NEXT⟧ Funding ⟦NEXT⟧ This project was supported by the grant from Peking Union Medical College Hospital Central High-level Hospital Clinical Scientific Research Project (Grant number: 2022-PUMCH-B-040). || This project was supported by the grant from Peking Union Medical College Hospital Central High-level Hospital Clinical Scientific Research Project (Grant number: 2022-PUMCH-B-040). ⟦NEXT⟧ The authors apologize for this error.",https://pubmed.ncbi.nlm.nih.gov/36936752/,https://pmc.ncbi.nlm.nih.gov/articles/PMC10015943/,,,,,
38782536,PMC11167626,2024,American journal of kidney diseases : the official journal of the National Kidney Foundation,"Erratum regarding ""Non-GFR Determinants of Low-Molecular-Weight Serum Protein Filtration Markers in CKD"" (Am J Kidney Dis. 2016;68(6):892-900).",numeric_or_symbolic_candidate,multiple_numbers,27663042,"In the Original Investigation entitled “Non-GFR Determinants of Low-Molecular-Weight Serum Protein Filtration Markers in CKD” that appeared in the December 2016 issue of AJKD , 1 there was an error regarding the source of the β-Trace Protein (BTP) and β2-Microglobulin (B2M) samples. The samples were reported as being measured in serum; however, the samples were measured in EDTA plasma.",https://pubmed.ncbi.nlm.nih.gov/38782536/,https://pmc.ncbi.nlm.nih.gov/articles/PMC11167626/,,,,,
30984787,PMC6431469,2019,BioMed research international,"Corrigendum to ""Old and New NICE Guidelines for the Evaluation of New Onset Stable Chest Pain: A Real World Perspective"".",metadata_or_nonpropositional,metadata,30533431,"In the article titled “Old and New NICE Guidelines for the Evaluation of New Onset Stable Chest Pain: A Real World Perspective” [ 1 ], the last name of the seventh author was given incorrectly as Moscogiuri. The author's name should have been written as Muscogiuri. The revised authors' list is shown above.",https://pubmed.ncbi.nlm.nih.gov/30984787/,https://pmc.ncbi.nlm.nih.gov/articles/PMC6431469/,,,,,
39533965,PMC11558059,2024,International journal of epidemiology,Correction to: Cohort Profile Update: The Neuroscience in Psychiatry Network (NSPN) 2400 cohort during the COVID-19 pandemic.,metadata_or_nonpropositional,location|metadata|multiple_numbers,37418602,"This is a correction to: Anna Wiedemann, Junaid Bhatti, Roxanne W Hook, Sharon A S Neufeld, NSPN Consortium, Raymond J Dolan, Peter Fonagy, Ian Goodyer, Edward T Bullmore, Samuel R Chamberlain, Peter B Jones, Cohort Profile Update: The Neuroscience in Psychiatry Network (NSPN) 2400 cohort during the COVID-19 pandemic, International Journal of Epidemiology , Volume 52, Issue 6, December 2023, Pages e315–e323, https://doi.org/10.1093/ije/dyad095 ⟦NEXT⟧ The Funding section of this paper has been corrected to include the following statement: ⟦NEXT⟧ “The NSPN COVID-19 2020 follow-up survey included a collection of items derived from questionnaire material developed as part of the COVID-19 Social Study, which was supported by the Nuffield Foundation (WEL/FR-000022583), the MARCH Mental Health Network funded by the Cross-Disciplinary Mental Health Network Plus initiative supported by UK Research and Innovation (ES/S002588/1), and the Wellcome Trust (221400/Z/20/Z and 205407/Z/16/Z).”",https://pubmed.ncbi.nlm.nih.gov/39533965/,https://pmc.ncbi.nlm.nih.gov/articles/PMC11558059/,,,,,
30418543,PMC7302739,2019,"Cerebral cortex (New York, N.Y. : 1991)",Emergent Functional Network Effects in Parkinson Disease.,unusable_or_ambiguous,,29878081,,https://pubmed.ncbi.nlm.nih.gov/30418543/,https://pmc.ncbi.nlm.nih.gov/articles/PMC7302739/,,,,,
28102307,PMC5244812,2017,Scientific reports,Corrigendum: Nanoimaging granule dynamics and subcellular structures in activated mast cells using soft X-ray tomography.,metadata_or_nonpropositional,metadata|multiple_numbers,27748356,"The original version of this Article contained an error in the spelling of the author Peter Guttmann, which was incorrectly given as Peter Guttermann. ⟦NEXT⟧ This has now been corrected in the PDF and HTML versions of the Article. || Scientific Reports 6 : Article number: 34879; 10.1038/srep34879 published online: 10 17 2016 ; updated: 01 19 2017 . ⟦NEXT⟧ The original version of this Article contained an error in the spelling of the author Peter Guttmann, which was incorrectly given as Peter Guttermann. ⟦NEXT⟧ This has now been corrected in the PDF and HTML versions of the Article.",https://pubmed.ncbi.nlm.nih.gov/28102307/,https://pmc.ncbi.nlm.nih.gov/articles/PMC5244812/,,,,,
32070952,PMC7819482,2020,"IEEE transactions on ultrasonics, ferroelectrics, and frequency control","Corrections to ""The Role of Viscosity in the Impulse Diffraction Field of Elastic Waves Induced by the Acoustic Radiation Force"" and ""Supersonic Shear Imaging: A New Technique for Soft Tissue Elasticity Mapping"".",exact_replacement_candidate,exact_language|location|visual|metadata|formatting|multiple_numbers,15139541|15600098,"The Fourier transform pair is defined by Equation (11) in [ 1 ]. Given this definition, the inverse Fourier transform of the Gaussian exponential shown by Equation (16) in [ 1 ] is incorrect. Its corrected form is (2) F − 1 { e − a k 2 } = 1 2 π π a e − r 2 4 a . Equation (17) in [ 1 ] follows from the application of Equation (2) . ⟦NEXT⟧ For Equation (21) in [ 1 ] the v p should be replaced with a v s . The equation’s corrected form is (3) ψ u → = a c s 4 π ρ 1 2 π v s t ( 0 , ∂ ∂ x 3 ( 1 | r → | ) , − ∂ ∂ x 2 ( 1 | r → | ) ) ∫ 0 r c s τ e − ( t − τ ) 2 c s 2 2 v s t d τ . ⟦NEXT⟧ Corrections to Viscoelastic Green’s Function ⟦NEXT⟧ Equations (22), (23), (25), and (26) in [ 1 ] are the final equations for the viscoelastic Green’s function. However, these equations have sign and/or typographical errors. The corrected form of these equations is presented in the following. || Equation (26) in [ 1 ] has variable subscript errors. The corrected form is shown in Equation (7) . ⟦NEXT⟧ Reference [ 3 ] provides a simplified form of the viscoelastic Green’s function terms. The bulk viscosity is assumed to be negligible and the shear viscosity is the only viscous term accounted for. Equation (3) in [ 3 ] is the Green’s function for this simplified model and contains typographical errors in the variable subscripts, an extra c p in the denominator, a c s that should be c s , multiplication instead of subtraction in one of the near-field term exponentials, and missing negative signs in several of the exponentials. Equation (8) presents the corrected Green’s function terms for this less general viscoelastic model. ⟦NEXT⟧ Alternate Notation ⟦NEXT⟧ Equation (27) in [ 1 ] highlights the utility of the viscoelastic Green’s function approach. The displacement field u → ( r → , t ) for an arbitrary forcing distribution can be numerically computed by convolving (in space and time) the Green’s function with the force density distribution. However, the notation used by Equation (27) in [ 1 ] doesn’t explicitly define how the displacement field is calculated from the various components of the g i j ( r → , t ) tensor. Here we provide an alternate form of Equation (27) in [ 1 ] to clarify how the displacements along the three Cartesian axes are calculated from the nine components of the Green’s function tensor g i j ( r → , t ) . The modified form of Equation (27) is (9) u i ( r → , t ) = ∑ j = 1 3 ( ∫ τ d τ ∭ V f j ( ξ → , τ ) g i j ( r → − ξ → , t − τ ) d ξ → ) where u i ( r → , t ) is the displacement component along the x ^ i axis and f j ( r → , t ) is the component of the force density along the x ^ j axis. || Corrections to Green’s Function Derivation ⟦NEXT⟧ Equation (8) in [ 1 ] is the wave equation for the Lamé potentials. This equation can be simplified by taking into account the spherical symmetry of the medium—the solution is only a function of the radial distance r . Equation (9) in [ 1 ] was obtained by using this symmetry condition and by writing the Laplacian in spherical polar coordinates. However, Equation (9) in [ 1 ] contains typographical errors. Its corrected form is (1) ∂ 2 g i ∂ t 2 − ( c i 2 + v i ∂ ∂ t ) ( ∂ 2 g i ∂ r 2 + 2 r ∂ g i ∂ r ) = δ ( r ) 4 π r 2 δ ( t ) i = p , s . Equation (10) in [ 1 ] now directly follows from Equation (1) . ⟦NEXT⟧ The Fourier transform pair is defined by Equation (11) in [ 1 ]. Given this definition, the inverse Fourier transform of the Gaussian exponential shown by Equation (16) in [ 1 ] is incorrect. Its corrected form is (2) F − 1 { e − a k 2 } = 1 2 π π a e − r 2 4 a . Equation (17) in [ 1 ] follows from the application of Equation (2) . ⟦NEXT⟧ For Equation (21) in [ 1 ] the v p should be replaced with a v s . The equation’s corrected form is (3) ψ u → = a c s 4 π ρ 1 2 π v s t ( 0 , ∂ ∂ x 3 ( 1 | r → | ) , − ∂ ∂ x 2 ( 1 | r → | ) ) ∫ 0 r c s τ e − ( t − τ ) 2 c s 2 2 v s t d τ . || Equation (8) in [ 1 ] is the wave equation for the Lamé potentials. This equation can be simplified by taking into account the spherical symmetry of the medium—the solution is only a function of the radial distance r . Equation (9) in [ 1 ] was obtained by using this symmetry condition and by writing the Laplacian in spherical polar coordinates. However, Equation (9) in [ 1 ] contains typographical errors. Its corrected form is (1) ∂ 2 g i ∂ t 2 − ( c i 2 + v i ∂ ∂ t ) ( ∂ 2 g i ∂ r 2 + 2 r ∂ g i ∂ r ) = δ ( r ) 4 π r 2 δ ( t ) i = p , s . Equation (10) in [ 1 ] now directly follows from Equation (1) . ⟦NEXT⟧ The Fourier transform pair is defined by Equation (11) in [ 1 ]. Given this definition, the inverse Fourier transform of the Gaussian exponential shown by Equation (16) in [ 1 ] is incorrect. Its corrected form is (2) F − 1 { e − a k 2 } = 1 2 π π a e − r 2 4 a . Equation (17) in [ 1 ] follows from the application of Equation (2) . ⟦NEXT⟧ For Equation (21) in [ 1 ] the v p should be replaced with a v s . The equation’s corrected form is (3) ψ u → = a c s 4 π ρ 1 2 π v s t ( 0 , ∂ ∂ x 3 ( 1 | r → | ) , − ∂ ∂ x 2 ( 1 | r → | ) ) ∫ 0 r c s τ e − ( t − τ ) 2 c s 2 2 v s t d τ . ⟦NEXT⟧ Corrections to Viscoelastic Green’s Function || Equation (22) in [ 1 ] writes the Green’s function tensor g i j ( r → , t ) as a sum of g i j p ( r → , t ) , g i j s ( r → , t ) and g i j p s ( r → , t ) which represent the P-wave, S-wave, and near-field terms, respectively. However, a i , the amplitude of the forcing function, should not be part of this Green’s function expression. The correct form of Equation (22) in [ 1 ] is (4) g i j ( r → , t ) = g i j p ( r → , t ) + g i j s ( r → , t ) + g i j p s ( r → , t ) . ⟦NEXT⟧ The P-wave and S-wave terms from Equation (23) in [ 1 ] have typographical errors in several variable subscripts. The near-field term from Equation (23) in [ 1 ] contains a sign error. Equation (5) provides the corrected Green’s function terms. (5) g i j p ( r → , t ) = 1 4 π ρ c p 1 2 π v p t γ i γ j 1 r e − ( t − r c p ) 2 c p 2 2 v p t g i j s ( r → , t ) = 1 4 π ρ c s 1 2 π v s t δ i j − γ i γ j r e − ( t − r c s ) 2 c s 2 2 v s t g i j p s ( r → , t ) = 1 4 π ρ ( δ i j − 3 γ i γ j ) 1 r 3 [ c p 2 π v p t ∫ 0 r c p τ e − ( t − τ ) 2 c p 2 2 v p t d τ − c s 2 π v s t ∫ 0 r c s τ e − ( t − τ ) 2 c s 2 2 v s t d τ ] . ⟦NEXT⟧ Equation (25) in [ 1 ] has a sign error. The correct form is (6) g i j p s ( r → , t ) = 1 4 π ρ ( δ i j − 3 γ i γ j ) 1 r 3 [ I p ( r , t ) − I s ( r , t ) ] . To derive Equation (6) we followed the method outlined in [ 1 ]. Others may find it instructive to compare Equation (6) with the first term of Equation (4.23) in [ 2 ]. ⟦NEXT⟧ Equation (26) in [ 1 ] has variable subscript errors. The corrected form is shown in Equation (7) . || The P-wave and S-wave terms from Equation (23) in [ 1 ] have typographical errors in several variable subscripts. The near-field term from Equation (23) in [ 1 ] contains a sign error. Equation (5) provides the corrected Green’s function terms. (5) g i j p ( r → , t ) = 1 4 π ρ c p 1 2 π v p t γ i γ j 1 r e − ( t − r c p ) 2 c p 2 2 v p t g i j s ( r → , t ) = 1 4 π ρ c s 1 2 π v s t δ i j − γ i γ j r e − ( t − r c s ) 2 c s 2 2 v s t g i j p s ( r → , t ) = 1 4 π ρ ( δ i j − 3 γ i γ j ) 1 r 3 [ c p 2 π v p t ∫ 0 r c p τ e − ( t − τ ) 2 c p 2 2 v p t d τ − c s 2 π v s t ∫ 0 r c s τ e − ( t − τ ) 2 c s 2 2 v s t d τ ] . ⟦NEXT⟧ Equation (25) in [ 1 ] has a sign error. The correct form is (6) g i j p s ( r → , t ) = 1 4 π ρ ( δ i j − 3 γ i γ j ) 1 r 3 [ I p ( r , t ) − I s ( r , t ) ] . To derive Equation (6) we followed the method outlined in [ 1 ]. Others may find it instructive to compare Equation (6) with the first term of Equation (4.23) in [ 2 ]. ⟦NEXT⟧ Equation (26) in [ 1 ] has variable subscript errors. The corrected form is shown in Equation (7) . ⟦NEXT⟧ Reference [ 3 ] provides a simplified form of the viscoelastic Green’s function terms. The bulk viscosity is assumed to be negligible and the shear viscosity is the only viscous term accounted for. Equation (3) in [ 3 ] is the Green’s function for this simplified model and contains typographical errors in the variable subscripts, an extra c p in the denominator, a c s that should be c s , multiplication instead of subtraction in one of the near-field term exponentials, and missing negative signs in several of the exponentials. Equation (8) presents the corrected Green’s function terms for this less general viscoelastic model. || Equation (25) in [ 1 ] has a sign error. The correct form is (6) g i j p s ( r → , t ) = 1 4 π ρ ( δ i j − 3 γ i γ j ) 1 r 3 [ I p ( r , t ) − I s ( r , t ) ] . To derive Equation (6) we followed the method outlined in [ 1 ]. Others may find it instructive to compare Equation (6) with the first term of Equation (4.23) in [ 2 ]. ⟦NEXT⟧ Equation (26) in [ 1 ] has variable subscript errors. The corrected form is shown in Equation (7) . ⟦NEXT⟧ Reference [ 3 ] provides a simplified form of the viscoelastic Green’s function terms. The bulk viscosity is assumed to be negligible and the shear viscosity is the only viscous term accounted for. Equation (3) in [ 3 ] is the Green’s function for this simplified model and contains typographical errors in the variable subscripts, an extra c p in the denominator, a c s that should be c s , multiplication instead of subtraction in one of the near-field term exponentials, and missing negative signs in several of the exponentials. Equation (8) presents the corrected Green’s function terms for this less general viscoelastic model. ⟦NEXT⟧ Alternate Notation || Discussion ⟦NEXT⟧ Many typographical errors in References [ 1 ] and [ 3 ] are due to subscript and exponent sign errors that can be readily identified by an engaged reader. However, the near-field term sign error, Equation (23) in [ 1 ], is more subtle and can result in erroneous simulated displacements if not identified and corrected. Figure 1 compares the incorrect and corrected g z z ( r → , t ) Green’s function term. The value of g z z ( r → , t ) was plotted at 4 different positions, all having the same source-observer distance. Figure 1 demonstrates that the effect of the sign error in the near-field term can be significant and depends on the angle of the observer relative to the source. (See next page for Figure 1 .) ⟦NEXT⟧ Conclusion ⟦NEXT⟧ The novel Green’s function approach presented in [ 1 ] and [ 3 ] is extremely useful for modeling the 3D displacement field in a viscoelastic medium. The method has been widely cited and is particularly useful for modeling the displacement field generated by the acoustic radiation force from an ultrasound transducer. In this note, we provide a set of corrected equations for this important viscoelastic Green’s function method.",https://pubmed.ncbi.nlm.nih.gov/32070952/,https://pmc.ncbi.nlm.nih.gov/articles/PMC7819482/,,,,,
42452780,PMC13363071,2026,Journal of clinical medicine,"Correction: Lamadrid-González et al. SMN2 Copy Number Association with Spinal Muscular Atrophy Severity: Insights from Colombian Patients. J. Clin. Med. 2024, 13 , 6402.",numeric_or_symbolic_candidate,multiple_numbers,39518541,"Back Matter Correction ⟦NEXT⟧ There was an error in the original publication [ 1 ] in the “Conflicts of Interest: The authors declare no conflicts of interest”. The authors requested to update the Conflicts of Interest as below. ⟦NEXT⟧ Conflicts of Interest: José Lamadrid-González: an employee of BIIB Colombia SAS, a local subsidiary, belonging to Biogen. Sandra Castellar-Leones: received honoraria for speaking at symposia from Roche, Novartis and participated on Biogen’s advisory board, the latter being a subsidiary of Biogen. The rest authors have no conflicts to declare. ⟦NEXT⟧ The authors state that the scientific conclusions are unaffected. This correction was approved by the Academic Editor. The original publication has also been updated. || Back Matter Correction ⟦NEXT⟧ There was an error in the original publication [ 1 ] in the “Conflicts of Interest: The authors declare no conflicts of interest”. The authors requested to update the Conflicts of Interest as below. ⟦NEXT⟧ Conflicts of Interest: José Lamadrid-González: an employee of BIIB Colombia SAS, a local subsidiary, belonging to Biogen. Sandra Castellar-Leones: received honoraria for speaking at symposia from Roche, Novartis and participated on Biogen’s advisory board, the latter being a subsidiary of Biogen. The rest authors have no conflicts to declare. || Conflicts of Interest: José Lamadrid-González: an employee of BIIB Colombia SAS, a local subsidiary, belonging to Biogen. Sandra Castellar-Leones: received honoraria for speaking at symposia from Roche, Novartis and participated on Biogen’s advisory board, the latter being a subsidiary of Biogen. The rest authors have no conflicts to declare. ⟦NEXT⟧ The authors state that the scientific conclusions are unaffected. This correction was approved by the Academic Editor. The original publication has also been updated.",https://pubmed.ncbi.nlm.nih.gov/42452780/,https://pmc.ncbi.nlm.nih.gov/articles/PMC13363071/,,,,,
37698870,PMC10498324,2023,JAMA network open,Clarification Added to Methods.,unusable_or_ambiguous,location|multiple_numbers,37459094,,https://pubmed.ncbi.nlm.nih.gov/37698870/,https://pmc.ncbi.nlm.nih.gov/articles/PMC10498324/,,,,,
33980960,PMC8116336,2021,Scientific reports,Publisher Correction: Delay in primordial germ cell migration in adamts9 knockout zebrafish.,numeric_or_symbolic_candidate,location|multiple_numbers,33879810,"Correction to: Scientific Reports 10.1038/s41598-021-88024-x, published online 20 April 2021 ⟦NEXT⟧ The original version of this Article contained errors in the in-text citations. ⟦NEXT⟧ Firstly, in the Materials and methods section under the subheading ‘Confocal imaging and analyses of GFP expression, migration and numbers of PGCs in Adamts9 knockout’, || “It is well established that the number of germ cells is important for gonadal development and sex determination in zebrafish 41,42,43 . A threshold number of germ cells is required for ovarian development. The depletion of germ cells in development or the adult will lead to the development of males 41,42,43 ” ⟦NEXT⟧ These errors have now been corrected in the HTML and PDF versions of the Article.",https://pubmed.ncbi.nlm.nih.gov/33980960/,https://pmc.ncbi.nlm.nih.gov/articles/PMC8116336/,,,,,
32437504,PMC7243163,2020,JAMA,Inaccurate Quote.,unusable_or_ambiguous,,32267505,,https://pubmed.ncbi.nlm.nih.gov/32437504/,https://pmc.ncbi.nlm.nih.gov/articles/PMC7243163/,,,,,
29335426,PMC5768678,2018,Nature communications,Author Correction: Intensification of terrestrial carbon cycle related to El Niño-Southern Oscillation under greenhouse warming.,metadata_or_nonpropositional,exact_language|metadata|multiple_numbers,29162846,"Correction to: Nature Communications 10.1038/s41467-017-01831-7, Article published online 22 November 2017 ⟦NEXT⟧ In the original version of this Article, the affiliation for Su-Jon Jeong was incorrectly given as ‘Southern University of Science and Technology of China (SUSTECH)’, instead of ‘Southern University of Science and Technology (SUSTECH)’. This has now been corrected in both the PDF and HTML versions of the Article.",https://pubmed.ncbi.nlm.nih.gov/29335426/,https://pmc.ncbi.nlm.nih.gov/articles/PMC5768678/,,,,,
36943592,PMC10030388,2023,Journal of mathematical biology,Correction to: General conditions for Turing and wave instabilities in reaction-diffusion systems.,metadata_or_nonpropositional,metadata|multiple_numbers,36708385,"Correction to : Journal of Mathematical Biology (2023) 86:39 https://doi.org/10.1007/s00285-023-01870-3 ⟦NEXT⟧ In the original publication of the article, the article title was published incorrectly. The correct title is provided in this Correction. ⟦NEXT⟧ The original article has been corrected. || In the original publication of the article, the article title was published incorrectly. The correct title is provided in this Correction. ⟦NEXT⟧ The original article has been corrected.",https://pubmed.ncbi.nlm.nih.gov/36943592/,https://pmc.ncbi.nlm.nih.gov/articles/PMC10030388/,,,,,
35046534,PMC8856956,2022,Oncogene,Correction to: Cervical squamous cell carcinoma-secreted exosomal miR-221-3p promotes lymphangiogenesis and lymphatic metastasis by targeting VASH1.,numeric_or_symbolic_candidate,location|visual|multiple_numbers,30254211,"In Supplementary Fig. 2, panel E, the same image was mistakenly presented for both miR-221 exo and anti-NC exo. ⟦NEXT⟧ In Supplementary Fig. 6, panel A, the incorrect image was presented to show anti-221 exo plus SiRNA. ⟦NEXT⟧ The authors confirm that these errors do not alter the conclusions of the paper. ⟦NEXT⟧ The corrected figures are given below: || Correction to: Oncogene (2019) 38:1256–1268 10.1038/s41388-018-0511-x, published online 25 September 2018 ⟦NEXT⟧ After the publication of this article, the authors noted errors in Supplementary Figs. 2 and 6. ⟦NEXT⟧ In Supplementary Fig. 2, panel E, the same image was mistakenly presented for both miR-221 exo and anti-NC exo. || The authors confirm that these errors do not alter the conclusions of the paper. ⟦NEXT⟧ The corrected figures are given below:",https://pubmed.ncbi.nlm.nih.gov/35046534/,https://pmc.ncbi.nlm.nih.gov/articles/PMC8856956/,,,,,
36405922,PMC9671135,2022,Frontiers in psychiatry,Corrigendum: Cultural lenses of the utility of the ICD-11-PD model: Integrating the Peruvian context.,metadata_or_nonpropositional,metadata|multiple_numbers,36276310,"In the published article, there was an error regarding the affiliation of “Luis Hualparuca-Olivera.” In the version of this article initially published, Luis Hualparuca-Olivera's affiliation was given as “1. Departamento de Ciencias de la Salud, Universidad Nacional Federico Villarreal EUPG, Lima, Peru, 2. Departamento de Humanidades, Universidad Continental, Huancayo, Peru, 3. Oficina de Desarrollo de Recursos Humanos e Investigación, Dirección Regional de Salud, Huancavelica, Peru.” The correct affiliation is “Departamento de Humanidades, Universidad Continental, Huancayo, Peru.” ⟦NEXT⟧ In the published article, there was an error in the Funding statement. An incorrect funder was previously displayed. The correct Funding statement appears below. ⟦NEXT⟧ Funding || The subsidy for the processing payment of this article was covered by the Vice-Rectorate for Research of the Continental University of Peru. ⟦NEXT⟧ The authors apologize for this error and state that this does not change the scientific conclusions of the article in any way. The original article has been updated. ⟦NEXT⟧ Publisher's note ⟦NEXT⟧ All claims expressed in this article are solely those of the authors and do not necessarily represent those of their affiliated organizations, or those of the publisher, the editors and the reviewers. Any product that may be evaluated in this article, or claim that may be made by its manufacturer, is not guaranteed or endorsed by the publisher. || In the published article, there was an error regarding the affiliation of “Luis Hualparuca-Olivera.” In the version of this article initially published, Luis Hualparuca-Olivera's affiliation was given as “1. Departamento de Ciencias de la Salud, Universidad Nacional Federico Villarreal EUPG, Lima, Peru, 2. Departamento de Humanidades, Universidad Continental, Huancayo, Peru, 3. Oficina de Desarrollo de Recursos Humanos e Investigación, Dirección Regional de Salud, Huancavelica, Peru.” The correct affiliation is “Departamento de Humanidades, Universidad Continental, Huancayo, Peru.” ⟦NEXT⟧ In the published article, there was an error in the Funding statement. An incorrect funder was previously displayed. The correct Funding statement appears below. ⟦NEXT⟧ Funding ⟦NEXT⟧ The subsidy for the processing payment of this article was covered by the Vice-Rectorate for Research of the Continental University of Peru.",https://pubmed.ncbi.nlm.nih.gov/36405922/,https://pmc.ncbi.nlm.nih.gov/articles/PMC9671135/,,,,,
40061476,PMC11889369,2025,Journal of ginseng research,"Corrigendum to ""Ginsenoside-Re-rich ethanol extract of Panax ginseng berry enhances healthspan extension via mitostasis and NAD metabolism"" [J Ginseng Res Volume 49, Issue 1, January 2025, Pages 92-102].",metadata_or_nonpropositional,metadata,39872286,,https://pubmed.ncbi.nlm.nih.gov/40061476/,https://pmc.ncbi.nlm.nih.gov/articles/PMC11889369/,,,,,
42310582,PMC13277154,2026,BMC infectious diseases,Correction: Clinical performance of a dual-target SARS CoV-2 antibody assay using sera from Ghana.,metadata_or_nonpropositional,metadata|multiple_numbers,41225345,"Correction: BMC Infectious Diseases (2025) 25:1552 ⟦NEXT⟧ 10.1186/s12879-025-12012-z ⟦NEXT⟧ In this article, the author’s name was incorrectly written. || In this article, the author’s name was incorrectly written. ⟦NEXT⟧ Incorrect: Peter Puplumpu ⟦NEXT⟧ Correct: Peter Puplampu ⟦NEXT⟧ The original article has been corrected. || Correct: Peter Puplampu ⟦NEXT⟧ The original article has been corrected. || 10.1186/s12879-025-12012-z ⟦NEXT⟧ In this article, the author’s name was incorrectly written. ⟦NEXT⟧ Incorrect: Peter Puplumpu ⟦NEXT⟧ Correct: Peter Puplampu",https://pubmed.ncbi.nlm.nih.gov/42310582/,https://pmc.ncbi.nlm.nih.gov/articles/PMC13277154/,,,,,
31584930,PMC6777748,2019,PLoS biology,Correction: Selection and characterization of ultrahigh potency designed ankyrin repeat protein inhibitors of C. difficile toxin B.,unusable_or_ambiguous,location|visual|multiple_numbers,31233493,,https://pubmed.ncbi.nlm.nih.gov/31584930/,https://pmc.ncbi.nlm.nih.gov/articles/PMC6777748/,,,,,
41701892,PMC13155943,2026,Blood transfusion = Trasfusione del sangue,Erratum: Quality and stability studies of red blood cell concentrates from umbilical cord blood compared to their adult counterparts.,metadata_or_nonpropositional,location|metadata|multiple_numbers,39133620,,https://pubmed.ncbi.nlm.nih.gov/41701892/,https://pmc.ncbi.nlm.nih.gov/articles/PMC13155943/,,,,,
36416803,PMC9685539,2023,JAMA oncology,Errors in Figure 1.,unusable_or_ambiguous,,36048453,,https://pubmed.ncbi.nlm.nih.gov/36416803/,https://pmc.ncbi.nlm.nih.gov/articles/PMC9685539/,,,,,
30940640,PMC6609952,2019,Diabetes care,Erratum. Secular TRends in DiabEtes in India (STRiDE-I): Change in Prevalence in Ten Years Among Urban and Rural Populations in Tamil Nadu. Diabetes Care 2019;42:476-485.,location_plus_new_candidate,location,30659076,The changes do not modify the overall results of the study. ⟦NEXT⟧ The online version of the article has been corrected to reflect these changes.,https://pubmed.ncbi.nlm.nih.gov/30940640/,https://pmc.ncbi.nlm.nih.gov/articles/PMC6609952/,,,,,
30989382,PMC6828283,2019,Acta neurochirurgica,Correction to: Univariate comparison of performance of different cerebrovascular reactivity indices for outcome association in adult TBI: a CENTER-TBI study.,unusable_or_ambiguous,,30877472,,https://pubmed.ncbi.nlm.nih.gov/30989382/,https://pmc.ncbi.nlm.nih.gov/articles/PMC6828283/,,,,,
40111309,PMC11926623,2025,JAMA oncology,Errors in Results and Figure 2.,unusable_or_ambiguous,,39847363,,https://pubmed.ncbi.nlm.nih.gov/40111309/,https://pmc.ncbi.nlm.nih.gov/articles/PMC11926623/,,,,,
37604946,PMC10602848,2023,Nature immunology,Publisher Correction: Human memory B cells show plasticity and adopt multiple fates upon recall response to SARS-CoV-2.,numeric_or_symbolic_candidate,location|visual|multiple_numbers,37106039,"Correction to: Nature Immunology 10.1038/s41590-023-01497-y, published 27 April 2023. ⟦NEXT⟧ In the version of this article initially published, there was a typo in the y -axis in the Fig. 4f graph, where “CD27 APC-Cy7 ” originally read “CD21 APC-Cy7 ”. This has been corrected in the HTML and PDF versions of the article.",https://pubmed.ncbi.nlm.nih.gov/37604946/,https://pmc.ncbi.nlm.nih.gov/articles/PMC10602848/,,,,,
39364748,PMC11450399,2024,"Europace : European pacing, arrhythmias, and cardiac electrophysiology : journal of the working groups on cardiac pacing, arrhythmias, and cardiac cellular electrophysiology of the European Society of Cardiology",Correction to: Outcomes of catheter ablation in high-risk patients with Brugada syndrome refusing an implantable cardioverter defibrillator implantation.,numeric_or_symbolic_candidate,metadata|multiple_numbers,37889958,"This is a correction to: Le Li, Ligang Ding, Likun Zhou, Lingmin Wu, Lihui Zheng, Zhenhao Zhang, Yulong Xiong, Zhuxin Zhang, Yan Yao, Outcomes of catheter ablation in high-risk patients with Brugada syndrome refusing an implantable cardioverter defibrillator implantation, EP Europace , Volume 26, Issue 1, January 2024, euad318, https://doi.org/10.1093/europace/euad318 ⟦NEXT⟧ In the originally published version of this article, the funding details were incorrect. ⟦NEXT⟧ These have been corrected from: ‘Medical and Health Technology Innovation Project of Chinese Academy of Medical Sciences (2021-CXGC09-1)’ to ‘Chinese Academy of Medical Sciences Innovation Fund for Medical Sciences (ClFMS, 2021-I2M-1-063).’ || In the originally published version of this article, the funding details were incorrect. ⟦NEXT⟧ These have been corrected from: ‘Medical and Health Technology Innovation Project of Chinese Academy of Medical Sciences (2021-CXGC09-1)’ to ‘Chinese Academy of Medical Sciences Innovation Fund for Medical Sciences (ClFMS, 2021-I2M-1-063).’",https://pubmed.ncbi.nlm.nih.gov/39364748/,https://pmc.ncbi.nlm.nih.gov/articles/PMC11450399/,,,,,
34762665,PMC8584682,2021,PLoS neglected tropical diseases,Correction: Enhanced attraction of sand fly vectors of Leishmania infantum to dogs infected with zoonotic visceral leishmaniasis.,metadata_or_nonpropositional,metadata|multiple_numbers,34314425,"The US National Institutes of Health and the Wellcome Trust did not provide any funding for this research and any such claim was made in error. ⟦NEXT⟧ There is an error in the Ethics statement. The correct Ethics statement is as follows: The maintenance of animals and the experimental procedures used in this research program followed the Animal Care and Use Protocol which is approved by the Institutional Animal Care and Use Committee of the Institut Pasteur de Tunis, Tunisia (2018/01/I/ES/IPT/V0). Infected dogs used in this research program were obtained from a previous industry sponsored study that was approved by the Institutional Animal Care and Use Committee of the Institut Pasteur de Tunis, Tunisia (IPT/UESV/27/2012). The Institut Pasteur de Tunis complies with the European Directive for the Protection of Vertebrate Animals used for experimental and other scientific purposes (2010/63/EU). || There are errors in the Funding statement. The correct Funding statement is as follows: The authors received no specific funding for this work. ⟦NEXT⟧ The US National Institutes of Health and the Wellcome Trust did not provide any funding for this research and any such claim was made in error. ⟦NEXT⟧ There is an error in the Ethics statement. The correct Ethics statement is as follows: The maintenance of animals and the experimental procedures used in this research program followed the Animal Care and Use Protocol which is approved by the Institutional Animal Care and Use Committee of the Institut Pasteur de Tunis, Tunisia (2018/01/I/ES/IPT/V0). Infected dogs used in this research program were obtained from a previous industry sponsored study that was approved by the Institutional Animal Care and Use Committee of the Institut Pasteur de Tunis, Tunisia (IPT/UESV/27/2012). The Institut Pasteur de Tunis complies with the European Directive for the Protection of Vertebrate Animals used for experimental and other scientific purposes (2010/63/EU).",https://pubmed.ncbi.nlm.nih.gov/34762665/,https://pmc.ncbi.nlm.nih.gov/articles/PMC8584682/,,,,,
38680215,PMC11047770,2024,Frontiers in surgery,Erratum: Advantages and limitations of clinical scores for donation after circulatory death liver transplantation.,exact_replacement_candidate,exact_language|location|visual|multiple_numbers,35071316,"Due to a production error, there was a mistake in Table 2 as published. In the row titled “Donor hepatectomy time”, the 40–60 min 95% CI reads as follows: “1.7–3.4”. It should read as follows: “0.7–3.4”. The corrected Table 2 appears below. ⟦NEXT⟧ The publisher apologizes for this mistake. The original version of this article has been updated.",https://pubmed.ncbi.nlm.nih.gov/38680215/,https://pmc.ncbi.nlm.nih.gov/articles/PMC11047770/,,,,,
39678419,PMC11635564,2024,Gland surgery,Erratum: Intraoperative frozen section for determining the extent of surgery in papillary thyroid carcinoma: comprehensive risk factor assessment.,exact_replacement_candidate,exact_language|location|metadata|multiple_numbers,38229845,"In the December 2023 issue of Gland Surgery , the paper “Intraoperative frozen section for determining the extent of surgery in papillary thyroid carcinoma: comprehensive risk factor assessment” by Dr. Jiang et al . ( 1 ) was published with an error in the authorship. The authors Chaoyu Jiang, Yongzhao Chen and Chen Zhang should be the co-first authors. The authorship information should be corrected as below. ⟦NEXT⟧ Chaoyu Jiang 1# , Yongzhao Chen 2# , Chen Zhang 1# , Bo Jiang 1 , Cheng Qu 1 , Guanqun Dong 3 , Yanxue Wang 4 , Ru Wang 1 , Yuqian Luo 5 , Jianfeng Sang 1 , Lei Su 1 ⟦NEXT⟧ 1 Division of Thyroid Surgery, Department of General Surgery, Nanjing Drum Tower Hospital, the Affiliated Hospital of Medical School, Nanjing University, Nanjing, China; 2 Nanjing Drum Tower Hospital Clinical College of Nanjing University of Chinese Medicine, Nanjing, China; 3 Medical School of Southeast University Nanjing Drum Tower Hospital, Nanjing, China; 4 Nanjing Drum Tower Hospital, Affiliated Hospital of Medical School, Nanjing University, Nanjing, China; 5 Department of Pathology and Laboratory Medicine, Nanjing Drum Tower Hospital and Jiangsu Key Laboratory for Molecular Medicine, Nanjing, China || # These authors contributed equally to this work. ⟦NEXT⟧ The authors regret the error and all inconveniences caused. ⟦NEXT⟧ Click here to view the updated version of the article. ⟦NEXT⟧ Supplementary",https://pubmed.ncbi.nlm.nih.gov/39678419/,https://pmc.ncbi.nlm.nih.gov/articles/PMC11635564/,,,,,
35201526,PMC8873318,2022,EJNMMI physics,Correction to: Use of non-Gaussian time-of-flight kernels for image reconstruction of Monte Carlo simulated data of ultra-fast PET scanners.,metadata_or_nonpropositional,location|metadata|formatting|multiple_numbers,32562010,"Correction to: EJNMMI Phys (2020) 7:42 https://doi.org/10.1186/s40658-020-00309-8 ⟦NEXT⟧ Following publication of the original article [ 1 ], two typographical errors were found by the authors in formulas 6 of the main text and 19 in the appendix. The original and correct versions of the equations are given below: ⟦NEXT⟧ Original formula 6: \documentclass[12pt]{minimal} \usepackage{amsmath} \usepackage{wasysym} \usepackage{amsfonts} \usepackage{amssymb} \usepackage{amsbsy} \usepackage{mathrsfs} \usepackage{upgreek} \setlength{\oddsidemargin}{-69pt} \begin{document}$$F_{D}(d;\lambda) = \left(\frac{1 - \text{sgn}(d)}{2} - \text{sgn}(d) (\cosh{(\lambda(T - \left|d \right|))} - 1)\, \text{csch}\left(\frac{T\lambda}{2}\right)^{2}\right) \Big/ 4$$\end{document} F D ( d ; λ ) = 1 - sgn ( d ) 2 - sgn ( d ) ( cosh ( λ ( T - d ) ) - 1 ) csch T λ 2 2 / 4 . || Correct formula 19: \documentclass[12pt]{minimal} \usepackage{amsmath} \usepackage{wasysym} \usepackage{amsfonts} \usepackage{amssymb} \usepackage{amsbsy} \usepackage{mathrsfs} \usepackage{upgreek} \setlength{\oddsidemargin}{-69pt} \begin{document}$$H=exp(2d\lambda)(-E+F)$$\end{document} H = e x p ( 2 d λ ) ( - E + F ) . ⟦NEXT⟧ The original article [ 1 ] has been corrected.",https://pubmed.ncbi.nlm.nih.gov/35201526/,https://pmc.ncbi.nlm.nih.gov/articles/PMC8873318/,,,,,
39263583,PMC11387885,2024,Frontiers in surgery,Corrigendum: Effect of dexmedetomidine on somatosensory- and motor evoked potentials in patients receiving craniotomy under propofol-sevoflurane combined anesthesia.,metadata_or_nonpropositional,exact_language|metadata|multiple_numbers,39045089,"Incorrect Affiliation ⟦NEXT⟧ In the published article, there was an error in affiliations [ 1 Department of Neurosurgery, Wuhan University Renmin Hospital, Wuhan, China, 2 Department of Anesthesiology, Wuhan University Renmin Hospital, Wuhan, China]. Instead of “[ 1 Department of Neurosurgery, Wuhan University Renmin Hospital, Wuhan, China, 2 Department of Anesthesiology, Wuhan University Renmin Hospital, Wuhan, China]”, it should be “[ 1 Department of Neurosurgery, Renmin Hospital of Wuhan University, Wuhan, China, 2 Department of Anesthesiology, Renmin Hospital of Wuhan University, Wuhan, China]”. ⟦NEXT⟧ The authors apologize for this error and state that this does not change the scientific conclusions of the article in any way. The original article has been updated. || In the published article, there was an error in affiliations [ 1 Department of Neurosurgery, Wuhan University Renmin Hospital, Wuhan, China, 2 Department of Anesthesiology, Wuhan University Renmin Hospital, Wuhan, China]. Instead of “[ 1 Department of Neurosurgery, Wuhan University Renmin Hospital, Wuhan, China, 2 Department of Anesthesiology, Wuhan University Renmin Hospital, Wuhan, China]”, it should be “[ 1 Department of Neurosurgery, Renmin Hospital of Wuhan University, Wuhan, China, 2 Department of Anesthesiology, Renmin Hospital of Wuhan University, Wuhan, China]”. ⟦NEXT⟧ The authors apologize for this error and state that this does not change the scientific conclusions of the article in any way. The original article has been updated.",https://pubmed.ncbi.nlm.nih.gov/39263583/,https://pmc.ncbi.nlm.nih.gov/articles/PMC11387885/,,,,,
29211783,PMC5718433,2017,PloS one,Correction: Development of a real-time PCR for detection of Staphylococcus pseudintermedius using a novel automated comparison of whole-genome sequences.,unusable_or_ambiguous,location|visual,28859126,,https://pubmed.ncbi.nlm.nih.gov/29211783/,https://pmc.ncbi.nlm.nih.gov/articles/PMC5718433/,,,,,
35544022,PMC9083332,2018,RSC advances,Correction: A lab-on-a-chip for preconcentration of bacteria and nucleic acid extraction.,metadata_or_nonpropositional,metadata,35541671,,https://pubmed.ncbi.nlm.nih.gov/35544022/,https://pmc.ncbi.nlm.nih.gov/articles/PMC9083332/,,,,,
35920331,PMC9410873,2022,Nucleic acids research,Correction to 'TopDom: an efficient and deterministic method for identifying topological domains in genomes'.,numeric_or_symbolic_candidate,metadata|multiple_numbers,26704975,"28 . Lee, H., Moody-Davis, A., Saha, U., Suzuki, B.M., Asarnow, D., Chen, S., Arkin, M., Caffrey, C.R., Singh, R. (2012) Quantification and clustering of phenotypic screening data using time-series analysis for chemotherapy of schistosomiasis. BMC Genomics , 13 (Suppl 1), S4. doi: 10.1186/1471-2164-13-S1-S4. ⟦NEXT⟧ These details have been corrected only in this correction notice to preserve the published version of record.",https://pubmed.ncbi.nlm.nih.gov/35920331/,https://pmc.ncbi.nlm.nih.gov/articles/PMC9410873/,,,,,
31761991,PMC6943396,2019,Drugs,Correction to: Cell-Based Quadrivalent Inactivated Influenza Virus Vaccine (Flucelvax ® Tetra/Flucelvax Quadrivalent ® ): A Review in the Prevention of Influenza.,metadata_or_nonpropositional,metadata|multiple_numbers,31372959,"Correction to: Drugs (2019) 79:1337–1348 10.1007/s40265-019-01176-z ⟦NEXT⟧ The article Cell-Based Quadrivalent Inactivated Influenza Virus Vaccine (Flucelvax® Tetra/Flucelvax Quadrivalent®): A Review in the Prevention of Influenza, written by Yvette N. Lamb, was originally published Online First without Open Access. After publication in volume 79, issue 12, pages 1337–1348, Seqirus Inc., requested that the article be Open Choice to make the article an open access publication. Post-publication open access was funded by Seqirus Inc. The article is forthwith distributed under the terms of the Creative Commons Attribution-NonCommercial 4.0 International License ( http://creativecommons.org/licenses/by-nc/4.0/ ), which permits any noncommercial use, duplication, adaptation, distribution and reproduction in any medium or format, as long as you give appropriate credit original author(s) and the source, provide a link to the Creative Commons licence and indicate if changes were made. ⟦NEXT⟧ The original article has been corrected. || The article Cell-Based Quadrivalent Inactivated Influenza Virus Vaccine (Flucelvax® Tetra/Flucelvax Quadrivalent®): A Review in the Prevention of Influenza, written by Yvette N. Lamb, was originally published Online First without Open Access. After publication in volume 79, issue 12, pages 1337–1348, Seqirus Inc., requested that the article be Open Choice to make the article an open access publication. Post-publication open access was funded by Seqirus Inc. The article is forthwith distributed under the terms of the Creative Commons Attribution-NonCommercial 4.0 International License ( http://creativecommons.org/licenses/by-nc/4.0/ ), which permits any noncommercial use, duplication, adaptation, distribution and reproduction in any medium or format, as long as you give appropriate credit original author(s) and the source, provide a link to the Creative Commons licence and indicate if changes were made. ⟦NEXT⟧ The original article has been corrected.",https://pubmed.ncbi.nlm.nih.gov/31761991/,https://pmc.ncbi.nlm.nih.gov/articles/PMC6943396/,,,,,
30948753,PMC6449340,2019,Scientific reports,Publisher Correction: Quantitative Evaluation of the Mechanical Risks Caused by Focal Cartilage Defects in the Knee.,numeric_or_symbolic_candidate,multiple_numbers,27897156,"Correction to: Scientific Reports 10.1038/srep37538, published online 29 November 2016 ⟦NEXT⟧ Due to a typesetting error, this Article contains errors in the in-text citations. References 20 to 55 are incorrectly cited as References 22 to 57 respectively.",https://pubmed.ncbi.nlm.nih.gov/30948753/,https://pmc.ncbi.nlm.nih.gov/articles/PMC6449340/,,,,,
29767625,PMC5955693,2018,eLife,Correction: Quantifying the contribution of Plasmodium falciparum malaria to febrile illness amongst African children.,numeric_or_symbolic_candidate,location|visual|metadata|multiple_numbers,29034876,"The article has been corrected accordingly. ⟦NEXT⟧ Corrected Figure 3 is shown here: ⟦NEXT⟧ Corrected figure caption: Malaria-attributable fevers as a proportion of malaria-positive fevers (children < 5 years of age). ⟦NEXT⟧ The originally published Figure 3 is also shown for reference: || Corrected Figure 3 is shown here: ⟦NEXT⟧ Corrected figure caption: Malaria-attributable fevers as a proportion of malaria-positive fevers (children < 5 years of age). ⟦NEXT⟧ The originally published Figure 3 is also shown for reference: ⟦NEXT⟧ Original figure caption: Malaria-attributable fevers as a proportion of malaria-positive fevers (children < 5 years of age, 2014). || All other content is accurate. ⟦NEXT⟧ The article has been corrected accordingly. ⟦NEXT⟧ Corrected Figure 3 is shown here: ⟦NEXT⟧ Corrected figure caption: Malaria-attributable fevers as a proportion of malaria-positive fevers (children < 5 years of age).",https://pubmed.ncbi.nlm.nih.gov/29767625/,https://pmc.ncbi.nlm.nih.gov/articles/PMC5955693/,,,,,
31053721,PMC6499826,2019,Scientific reports,Publisher Correction: Adjuvanting a viral vectored vaccine against pre-erythrocytic malaria.,metadata_or_nonpropositional,metadata|multiple_numbers,28779101,"Correction to: Scientific Reports 10.1038/s41598-017-07246-0, published online 04 August 2017 ⟦NEXT⟧ In the original version of this Article, the author Christine S. Rollier was incorrectly indexed. This error has now been corrected.",https://pubmed.ncbi.nlm.nih.gov/31053721/,https://pmc.ncbi.nlm.nih.gov/articles/PMC6499826/,,,,,
39733455,PMC11682678,2024,The ISME journal,Correction to: Pollutant profile complexity governs wastewater removal of recalcitrant pharmaceuticals.,metadata_or_nonpropositional,metadata|multiple_numbers,38423526,"This is a correction to: Marcel Suleiman, Natalie Le Lay, Francesca Demaria, Boris A Kolvenbach, Mariana S Cretoiu, Owen L Petchey, Alexandre Jousset, Philippe F-X Corvini, Pollutant profile complexity governs wastewater removal of recalcitrant pharmaceuticals, The ISME Journal , Volume 18, Issue 1, January 2024, wrae033, https://doi.org/10.1093/ismejo/wrae033 ⟦NEXT⟧ The originally published version of this manuscript contained an error in the European Union Project NYMPHE grant ID number. This has been corrected from 10106625 to 101060625.",https://pubmed.ncbi.nlm.nih.gov/39733455/,https://pmc.ncbi.nlm.nih.gov/articles/PMC11682678/,,,,,
37369949,PMC11837103,2023,Surgical endoscopy,"Correction: 2023 Scientific Session of the Society of American Gastrointestinal and Endoscopic Surgeons (SAGES), Montréal, Canada, 19 March-April 1 2023: Posters.",unusable_or_ambiguous,,,,https://pubmed.ncbi.nlm.nih.gov/37369949/,https://pmc.ncbi.nlm.nih.gov/articles/PMC11837103/,,,,,
27764225,PMC5072575,2016,PloS one,Correction: Factors Affecting the Radiosensitivity of Hexaploid Wheat to γ-Irradiation: Radiosensitivity of Hexaploid Wheat (Triticum aestivum L.).,numeric_or_symbolic_candidate,metadata|multiple_numbers,27551965,"Notice of Republication ⟦NEXT⟧ This article was republished on September 6, 2016, to correct an error in the article title that was introduced during the typesetting process. The publisher apologizes for the error. Please download this article again to view the correct version. The originally published, uncorrected article and the republished, corrected article are provided here for reference. ⟦NEXT⟧ Supporting Information ⟦NEXT⟧ Originally published, uncorrected article. (PDF) || Click here for additional data file. ⟦NEXT⟧ Republished, corrected article. (PDF) ⟦NEXT⟧ Republished, corrected article. || Republished, corrected article. (PDF) ⟦NEXT⟧ Republished, corrected article.",https://pubmed.ncbi.nlm.nih.gov/27764225/,https://pmc.ncbi.nlm.nih.gov/articles/PMC5072575/,,,,,
27228289,PMC4984462,2016,British journal of cancer,Phase 2 multicentre trial investigating intermittent and continuous dosing schedules of the poly(ADP-ribose) polymerase inhibitor rucaparib in germline BRCA mutation carriers with advanced ovarian and breast cancer.,metadata_or_nonpropositional,metadata|multiple_numbers,27002934,"Correction to: British Journal of Cancer (2016) 114 , 723–730; doi: 10.1038/bjc.2016.41 ; published online 22 March 2016 ⟦NEXT⟧ Updated online 26 May 2016: This article was originally published under a standard BJC licence, but has now been made available under a CC BY 4.0 licence. The PDF and HTML versions of the paper have been modified accordingly.",https://pubmed.ncbi.nlm.nih.gov/27228289/,https://pmc.ncbi.nlm.nih.gov/articles/PMC4984462/,,,,,
35157835,PMC8837205,2022,The Lancet. Respiratory medicine,Correction to Lancet Respir Med 2022; 10: 327-36.,numeric_or_symbolic_candidate,location|visual|metadata|multiple_numbers,35123660,"Ely EW, Ramanan AV, Kartman CE, et al. Efficacy and safety of baricitinib plus standard of care for the treatment of critically ill hospitalised adults with COVID-19 on invasive mechanical ventilation or extracorporeal membrane oxygenation: an exploratory, randomised, placebo-controlled trial. Lancet Respir Med 2022; published online Feb 3. https://doi.org/10.1016/S2213-2600(22)00006-6 —In this Article, some of the percentages in table 1 were incorrect and have been updated. These corrections have been made to the online version as of Feb 11, 2022, and will be made to the printed version.",https://pubmed.ncbi.nlm.nih.gov/35157835/,https://pmc.ncbi.nlm.nih.gov/articles/PMC8837205/,,,,,
30312878,PMC6852095,2018,Carbohydrate research,"Corrigendum to ""Synthesis of glyceryl glycosides related to A-type prymnesin toxins"" Carbohydr. Res. 463 (2018) 14-23.",unusable_or_ambiguous,,29698849,,https://pubmed.ncbi.nlm.nih.gov/30312878/,https://pmc.ncbi.nlm.nih.gov/articles/PMC6852095/,,,,,
35774872,PMC9237236,2022,Arthroplasty today,"Erratum to ""Diagnosis of and Early Revision Surgery for Biological Fixation Failure Due to Proximal-Distal Mismatch of Proximally Coated Tapered Cementless Stem"" [Arthroplasty Today 6 (2020) 914-918].",unusable_or_ambiguous,,33204788,,https://pubmed.ncbi.nlm.nih.gov/35774872/,https://pmc.ncbi.nlm.nih.gov/articles/PMC9237236/,,,,,
31986111,PMC7294747,2020,Stroke,Correction to: Effect of Additional Rehabilitation After Botulinum Toxin-A on Upper Limb Activity in Chronic Stroke: The InTENSE Trial.,unusable_or_ambiguous,,31813359,,https://pubmed.ncbi.nlm.nih.gov/31986111/,https://pmc.ncbi.nlm.nih.gov/articles/PMC7294747/,,,,,
26046950,PMC4738601,2015,The Plant journal : for cell and molecular biology,Correction.,exact_replacement_candidate,exact_language|location|visual|multiple_numbers,25284079,"In the article by Xie et al . ( 2014 ), the labels of MGDG and DGDG of the X ‐axis in Figure 7 a should be reversed, and the labels of the Y ‐axis in Figures 8 a,b should be signal mg −1 dry weight and in Figure 8 c should be nmol g −1 dry weight. Also, the colors in the legends of Figure 8 c should be: grey for WT, light black for OE‐1 and black for acbp3 . Therefore, the correct Figure 7 a and Figure 8 below should replace the original figures on pages 61 and 62, respectively. ⟦NEXT⟧ Content of lipid species of 4‐week‐old WT , ACBP 3‐ OE s ( OE ‐1 and OE ‐4 ) and ACBP 3‐ KO s ( acbp3 and ACBP 3‐ RNA i ) before treatment (day 0) and after LS treatment for 4 days ( LS day 4; for ACBP 3‐ OE s ) or 6 days ( LS day 6; for ACBP 3‐ KO s ). DGDG , digalactosyldiacylglycerol; MGDG , monogalactosyldiacylglycerol; PG , phosphatidylglycerol; PC , phosphatidylcholine; PE , phosphatidylethanolamine; PI , phosphatidylinositol; PS , phosphatidylserine; PA , phosphatidic acid. Asterisks indicate significant differences from WT ; * P < 0.05; ** P < 0.01 by Student's t‐test. Values represent means ± SD ( n = 4) of four independent samples and each sample was pooled from the rosettes of three plants ⟦NEXT⟧ Sphingolipid contents in rosettes of WT , ACBP 3‐ OE s and ACBP 3‐ KO s after LS treatment. For GIPC and GlcCer profiling, 4‐week‐old WT , ACBP 3‐ OE s ( OE ‐1 and OE ‐4 ) and ACBP 3‐ KO s ( acbp3 and ACBP 3‐ RNA i ) were untreated ( CK ), LS ‐treated for 4 days (a; for ACBP 3‐ OE s ), or LS treated for 6 days (b; for ACBP 3‐ KO s ). For ceramide profiling, 4‐week‐old WT , OE ‐1 and acbp3 plants were untreated ( CK ) or LS ‐treated for 2 days ( LS ). The rosette samples were harvested at the indicated times. The relative levels of GIPC (left panels in a, b) and GlcCer (right panels in a, b) were calculated by normalizing the signals of the compounds to the dry weight of tissues. The contents of Cer (c) were calculated by normalizing the amounts of compounds to the dry weights of tissues. Asterisks indicate significant differences from WT ; * P < 0.05; ** P < 0.01 by Student's t ‐test. Values represent means ± SD ( n = 4) of four independent samples and each sample was pooled from the rosettes of three plants || Sphingolipid contents in rosettes of WT , ACBP 3‐ OE s and ACBP 3‐ KO s after LS treatment. For GIPC and GlcCer profiling, 4‐week‐old WT , ACBP 3‐ OE s ( OE ‐1 and OE ‐4 ) and ACBP 3‐ KO s ( acbp3 and ACBP 3‐ RNA i ) were untreated ( CK ), LS ‐treated for 4 days (a; for ACBP 3‐ OE s ), or LS treated for 6 days (b; for ACBP 3‐ KO s ). For ceramide profiling, 4‐week‐old WT , OE ‐1 and acbp3 plants were untreated ( CK ) or LS ‐treated for 2 days ( LS ). The rosette samples were harvested at the indicated times. The relative levels of GIPC (left panels in a, b) and GlcCer (right panels in a, b) were calculated by normalizing the signals of the compounds to the dry weight of tissues. The contents of Cer (c) were calculated by normalizing the amounts of compounds to the dry weights of tissues. Asterisks indicate significant differences from WT ; * P < 0.05; ** P < 0.01 by Student's t ‐test. Values represent means ± SD ( n = 4) of four independent samples and each sample was pooled from the rosettes of three plants ⟦NEXT⟧ On page 59, the sentence ‘…but PA levels showed significant elevation compared to the untreated control (Figure 7 a)’ should read ‘…but PA levels showed significant elevation after 6‐day LS treatment compared to the untreated control (Figure 7 a)’. The sentence ‘…the levels of unsaturated species such as C36:5‐, C36:4‐, C36:2‐, C38:6‐, C38:4‐, C38:2‐, C40:2‐, C42:3‐, C42:2‐ and C44:2‐PS declined in both OE‐1 and OE‐4 lines, while those of C34:3‐, C34:2‐, C36:3‐, C36:2‐, C38:6‐, C38:5‐, C38:3‐, C38:2‐, C40:2‐, C42:4‐, C42:3‐, C42:2‐, C44:3‐ and C44:2‐PS increased significantly …’ should read ‘…the levels of unsaturated species such as C36:5‐, C36:4‐, C36:2‐, C38:4‐, C38:2‐, C40:2‐, C42:3‐, C42:2‐ and C44:2‐PS declined in both OE‐1 and OE‐4 lines, while those of C34:3‐, C34:2‐, C36:3‐, C36:2‐, C38:3‐, C38:2‐, C40:2‐, C42:4‐, C42:3‐, C42:2‐, C44:3‐ and C44:2‐PS increased significantly …’. ⟦NEXT⟧ Because in the article by Xie et al . ( 2014 ), we focused on comparison of the same compound between WT and ACBP3‐OEs or between WT and ACBP3‐KOs , rather than the relative amounts of specific compound among the samples, the above changes do not affect the conclusions of the article. ⟦NEXT⟧ The lipid data of Figures 8 a and 8 b were acquired at the Kansas Lipidomics Research Center ( http://www.k-state.edu/lipid/lipidomics/ ), following the protocols instructed on the website, while the lipid data of Figure 8 c were obtained as described in the original publication on page 65.",https://pubmed.ncbi.nlm.nih.gov/26046950/,https://pmc.ncbi.nlm.nih.gov/articles/PMC4738601/,,,,,
30261916,PMC6158837,2018,Alzheimer's research & therapy,Correction to: A phase III randomized trial of gantenerumab in prodromal Alzheimer's disease.,exact_replacement_candidate,exact_language|location|visual|formatting|multiple_numbers,29221491,"The APOEε4 genotype row currently contains the weight data. ⟦NEXT⟧ In Table 1, the data should be displayed as follows: ⟦NEXT⟧ Variable ⟦NEXT⟧ Intention-to-treat population ( n = 797) || Following publication of the original article [ 1 ], the authors reported errors in the formatting of the table. The details of the errors are as follows: ⟦NEXT⟧ In Table 1, the data presented do not correspond to the row title: The education row currently contains incorrect data. The weight row currently contains the years of education. The APOEε4 genotype row currently contains the weight data. ⟦NEXT⟧ The education row currently contains incorrect data. ⟦NEXT⟧ The weight row currently contains the years of education. || Correction ⟦NEXT⟧ Following publication of the original article [ 1 ], the authors reported errors in the formatting of the table. The details of the errors are as follows: ⟦NEXT⟧ In Table 1, the data presented do not correspond to the row title: The education row currently contains incorrect data. The weight row currently contains the years of education. The APOEε4 genotype row currently contains the weight data. || In Table 1, the data presented do not correspond to the row title: The education row currently contains incorrect data. The weight row currently contains the years of education. The APOEε4 genotype row currently contains the weight data. ⟦NEXT⟧ The education row currently contains incorrect data. ⟦NEXT⟧ The weight row currently contains the years of education. ⟦NEXT⟧ The APOEε4 genotype row currently contains the weight data.",https://pubmed.ncbi.nlm.nih.gov/30261916/,https://pmc.ncbi.nlm.nih.gov/articles/PMC6158837/,,,,,
27894290,PMC5125032,2016,BMC cancer,Erratum to: APC selectively mediates response to chemotherapeutic agents in breast cancer.,numeric_or_symbolic_candidate,location|visual|multiple_numbers,26049416,"Erratum ⟦NEXT⟧ After publication of the original article [ 1 ], it is noticed that all the Figures in the HTML version of the article are incorrect, please see the correct figures below. We apologize for any inconvenience caused. ⟦NEXT⟧ Fig. 1 Gene expression of ATP-dependent binding cassette transporters. a Microarray analysis of mammary glands from Apc Min/+ and Apc +/+ mice at d16 of lactation show a decrease in ABCG2 and increase in MDR1 expression due to Apc mutation. b MDR1 gene expression in cells from MMTV-PyMT; Apc Min/+ and MMTV-PyMT; Apc +/+ mice after 24 h treatment with either solvent control, paclitaxel, cisplatin or doxorubicin. MDR1 expression was significantly increased in cells from MMTV-PyMT; Apc Min/+ mice after treatment with paclitaxel and doxorubicin but not cisplatin. c ABCG2 gene expression in cells from MMTV-PyMT; Apc Min/+ and MMTV-PyMT; Apc +/+ mice after treatment for 24 h with either solvent control, paclitaxel, cisplatin or doxorubicin. ABCG2 expression was not different between MMTV-PyMT; Apc Min/+ and MMTV-PyMT; Apc +/+ cells and chemotherapy treatment had no effect on ABCG2 expression. d Representative western blots for MDR1 and ABCG2 in cells from MMTV-PyMT; Apc Min/+ and MMTV-PyMT; Apc +/+ mice after treatment for 24 h with either solvent control, paclitaxel, cisplatin or doxorubicin. e Quantification of MDR1 western blots shows that MMTV-PyMT; Apc Min/+ cells have enhanced MDR1 expression when treated with doxorubicin. f Quantification of ABCG2 western blots shows that MMTV-PyMT; Apc +/+ cells have elevated ABCG2 protein expression compared to MMTV-PyMT; Apc Min/+ cells. Results in b , c , e and f are shown as the means ± SEM from 3 independent experiments; * P < 0.05 when comparing MMTV-PyMT; Apc Min/+ to MMTV-PyMT; Apc +/+ cells and # P < 0.05 when comparing MMTV-PyMT; Apc Min/+ cells treated with solvent control or chemotherapy agent ⟦NEXT⟧ Gene expression of ATP-dependent binding cassette transporters. a Microarray analysis of mammary glands from Apc Min/+ and Apc +/+ mice at d16 of lactation show a decrease in ABCG2 and increase in MDR1 expression due to Apc mutation. b MDR1 gene expression in cells from MMTV-PyMT; Apc Min/+ and MMTV-PyMT; Apc +/+ mice after 24 h treatment with either solvent control, paclitaxel, cisplatin or doxorubicin. MDR1 expression was significantly increased in cells from MMTV-PyMT; Apc Min/+ mice after treatment with paclitaxel and doxorubicin but not cisplatin. c ABCG2 gene expression in cells from MMTV-PyMT; Apc Min/+ and MMTV-PyMT; Apc +/+ mice after treatment for 24 h with either solvent control, paclitaxel, cisplatin or doxorubicin. ABCG2 expression was not different between MMTV-PyMT; Apc Min/+ and MMTV-PyMT; Apc +/+ cells and chemotherapy treatment had no effect on ABCG2 expression. d Representative western blots for MDR1 and ABCG2 in cells from MMTV-PyMT; Apc Min/+ and MMTV-PyMT; Apc +/+ mice after treatment for 24 h with either solvent control, paclitaxel, cisplatin or do || Erratum ⟦NEXT⟧ After publication of the original article [ 1 ], it is noticed that all the Figures in the HTML version of the article are incorrect, please see the correct figures below. We apologize for any inconvenience caused. ⟦NEXT⟧ Fig. 1 Gene expression of ATP-dependent binding cassette transporters. a Microarray analysis of mammary glands from Apc Min/+ and Apc +/+ mice at d16 of lactation show a decrease in ABCG2 and increase in MDR1 expression due to Apc mutation. b MDR1 gene expression in cells from MMTV-PyMT; Apc Min/+ and MMTV-PyMT; Apc +/+ mice after 24 h treatment with either solvent control, paclitaxel, cisplatin or doxorubicin. MDR1 expression was significantly increased in cells from MMTV-PyMT; Apc Min/+ mice after treatment with paclitaxel and doxorubicin but not cisplatin. c ABCG2 gene expression in cells from MMTV-PyMT; Apc Min/+ and MMTV-PyMT; Apc +/+ mice after treatment for 24 h with either solvent control, paclitaxel, cisplatin or doxorubicin. ABCG2 expression was not different between MMTV-PyMT; Apc Min/+ and MMTV-PyMT; Apc +/+ cells and chemotherapy treatment had no effect on ABCG2 expression. d Representative western blots for MDR1 and ABCG2 in cells from MMTV-PyMT; Apc Min/+ and MMTV-PyMT; Apc +/+ mice after treatment for 24 h with either solvent control, paclitaxel, cisplatin or doxorubicin. e Quantification of MDR1 western blots shows that MMTV-PyMT; Apc Min/+ cells have enhanced MDR1 expression when treated with doxorubicin. f Quantification of ABCG2 western blots shows that MMTV-PyMT; Apc +/+ cells have elevated ABCG2 protein expression compared to MMTV-PyMT; Apc Min/+ cells. Results in b , c , e and f are shown as the means ± SEM from 3 independent experiments; * P < 0.05 when comparing MMTV-PyMT; Apc Min/+ to MMTV-PyMT; Apc +/+ cells and # P < 0.05 when comparing MMTV-PyMT; Apc Min/+ cells treated with solvent control or chemotherapy agent",https://pubmed.ncbi.nlm.nih.gov/27894290/,https://pmc.ncbi.nlm.nih.gov/articles/PMC5125032/,,,,,
40855866,PMC11662368,2025,The Angle orthodontist,Erratum.,unusable_or_ambiguous,,39230024,,https://pubmed.ncbi.nlm.nih.gov/40855866/,https://pmc.ncbi.nlm.nih.gov/articles/PMC11662368/,,,,,
39364093,PMC11448703,2024,"Experimental biology and medicine (Maywood, N.J.)",Corrigendum: Genome-wide association study identifying variants related to performance and injury in high-performance athletes.,numeric_or_symbolic_candidate,location|visual|multiple_numbers,37750015,"In the published article, there was an error in Figure 1 as published. While the Figure legend is correct, the image is incorrect. The corrected Figure 1 and its caption appear below. ⟦NEXT⟧ Manhattan plot representing the p values of the genome-wide association in reaching the podium (medalist) or not. The orange dots represent p < 10 −5 while the red dots represent p < 10 −8 (i.e., strong genome-wide significance). ⟦NEXT⟧ In the published article, there was an error in Figure 2 as published. While the Figure legend is correct, the image is incorrect. The corrected Figure 2 and its appear below. || Manhattan plot representing the p values of the genome-wide association in reaching the podium (medalist) or not. The orange dots represent p < 10 −5 while the red dots represent p < 10 −8 (i.e., strong genome-wide significance). ⟦NEXT⟧ In the published article, there was an error in Figure 2 as published. While the Figure legend is correct, the image is incorrect. The corrected Figure 2 and its appear below. ⟦NEXT⟧ Manhattan plot representing the p values of the genome-wide association in being injured or not. The orange dots represent p < 10 −5 while the red dots (N/A) represent p < 10 −8 (i.e., strong genome-wide significance). ⟦NEXT⟧ The authors apologize for these errors and state that this does not change the scientific conclusions of the article in any way.",https://pubmed.ncbi.nlm.nih.gov/39364093/,https://pmc.ncbi.nlm.nih.gov/articles/PMC11448703/,,,,,
40546946,PMC12179605,2025,iScience,Erratum: Opportunities and challenges for people-centered multi-hazard early warning systems: Perspectives from the Global South.,unusable_or_ambiguous,multiple_numbers,40292326,,https://pubmed.ncbi.nlm.nih.gov/40546946/,https://pmc.ncbi.nlm.nih.gov/articles/PMC12179605/,,,,,
37831016,PMC12694716,2024,Journal of the American Academy of Dermatology,Correction.,unusable_or_ambiguous,,37187424|37385451,,https://pubmed.ncbi.nlm.nih.gov/37831016/,https://pmc.ncbi.nlm.nih.gov/articles/PMC12694716/,,,,,
30510033,PMC8194480,2018,Pediatrics,"Bold KW, Kong G, Cavallo DA, Camenga DR, Krishnan-Sarin S. Reasons for Trying E-cigarettes and Risk of Continued Use. Pediatrics . 2016;138(3):e20160895.",unusable_or_ambiguous,,27503349,,https://pubmed.ncbi.nlm.nih.gov/30510033/,https://pmc.ncbi.nlm.nih.gov/articles/PMC8194480/,,,,,
27457934,PMC4968708,2016,Proceedings of the National Academy of Sciences of the United States of America,"Correction for Perry et al., Rapid behavioral maturation accelerates failure of stressed honey bee colonies.",unusable_or_ambiguous,,25675508,,https://pubmed.ncbi.nlm.nih.gov/27457934/,https://pmc.ncbi.nlm.nih.gov/articles/PMC4968708/,,,,,
36828932,PMC9981589,2023,Experimental & molecular medicine,"Author Correction: Inhibiting nighttime melatonin and boosting cortisol increase patrolling monocytes, phagocytosis, and myelination in a murine model of multiple sclerosis.",exact_replacement_candidate,exact_language|location|visual|multiple_numbers,36635431,"Correction to: Experimental & Molecular Medicine 10.1038/s12276-023-00925-1, published online 13 January 2023 ⟦NEXT⟧ After online publication of this article, the authors noticed few errors in the Fig. 1b and Fig. 1c that were inadvertently introduced owing to a technical error. The unit for melatonin’s concentration is (pg/mg brain) rather than (ng/mg brain). The concentrations of all groups is divided by 100 to report the exact values as 16.52 ± 0.60 (pg/mg brain; control) rather than 1652 ± 60 (ng/mg brain; control); 20.31 ± 0.87 (pg/mg brain; vehicle) rather than 2031 ± 87 (ng/mg brain; vehicle); 13.41 ± 0.88 (pg/mg brain; constant light) rather than 1341 ± 88 (ng/mg brain; constant light); 33.44 ± 0.32 (pg/mg brain; constant darkness) rather than 3344 ± 32 (ng/mg brain; constant darkness); 18.79 ± 1.12 (pg/mg brain; luzindole) rather than 1879 ± 112 (ng/mg brain; luzindole); 24.70 ± 0.99 (pg/mg brain; melatonin) rather than 2470 ± 99 (ng/mg brain; melatonin). Figure 1C, the value of all the groups is multiplied by 0.05, a missed factor in the calculation, to report the result as 0.36 ± 0.01 rather than 7.2 ± 0.3 (pg/mg brain; control); 0.38 ± 0.02 rather than 7.6 ± 0.4 (pg/mg brain; vehicle); 0.69 ± 0.08 rather than 13.8 ± 1.7 (pg/mg brain; constant light); 0.18 ± 0.01 rather than 3.6 ± 0.2 (pg/mg brain; constant darkness); 0.39 ± 0.02 rather than 7.9 ± 0.4(pg/mg brain; luzindole); 0.26 ± 0.02 rather than 5.4 ± 0.5; (pg/mg brain; melatonin). The Fig. 1b and 1c are replaced with correct versions. ⟦NEXT⟧ Authors also corrected the following typo in section of results: “Immature OPCs were significantly (** p < 0.01) reduced by constant darkness (29 ± 8) but not by melatonin (112 ± 27) in comparison to that in the vehicle group (264 ± 48 vs 105 ± 27, respectively).” Is replaced by “Immature OPCs were significantly (** p < 0.01) reduced by constant darkness (29 ± 8) but not by melatonin (112 ± 27) in comparison to that in the vehicle group (264 ± 48).” ⟦NEXT⟧ The authors apologize for any inconvenience caused. || After online publication of this article, the authors noticed few errors in the Fig. 1b and Fig. 1c that were inadvertently introduced owing to a technical error. The unit for melatonin’s concentration is (pg/mg brain) rather than (ng/mg brain). The concentrations of all groups is divided by 100 to report the exact values as 16.52 ± 0.60 (pg/mg brain; control) rather than 1652 ± 60 (ng/mg brain; control); 20.31 ± 0.87 (pg/mg brain; vehicle) rather than 2031 ± 87 (ng/mg brain; vehicle); 13.41 ± 0.88 (pg/mg brain; constant light) rather than 1341 ± 88 (ng/mg brain; constant light); 33.44 ± 0.32 (pg/mg brain; constant darkness) rather than 3344 ± 32 (ng/mg brain; constant darkness); 18.79 ± 1.12 (pg/mg brain; luzindole) rather than 1879 ± 112 (ng/mg brain; luzindole); 24.70 ± 0.99 (pg/mg brain; melatonin) rather than 2470 ± 99 (ng/mg brain; melatonin). Figure 1C, the value of all the groups is multiplied by 0.05, a missed factor in the calculation, to report the result as 0.36 ± 0.01 rather than 7.2 ± 0.3 (pg/mg brain; control); 0.38 ± 0.02 rather than 7.6 ± 0.4 (pg/mg brain; vehicle); 0.69 ± 0.08 rather than 13.8 ± 1.7 (pg/mg brain; constant light); 0.18 ± 0.01 rather than 3.6 ± 0.2 (pg/mg brain; constant darkness); 0.39 ± 0.02 rather than 7.9 ± 0.4(pg/mg brain; luzindole); 0.26 ± 0.02 rather than 5.4 ± 0.5; (pg/mg brain; melatonin). The Fig. 1b and 1c are replaced with correct versions. ⟦NEXT⟧ Authors also corrected the following typo in section of results: “Immature OPCs were significantly (** p < 0.01) reduced by constant darkness (29 ± 8) but not by melatonin (112 ± 27) in comparison to that in the vehicle group (264 ± 48 vs 105 ± 27, respectively).” Is replaced by “Immature OPCs were significantly (** p < 0.01) reduced by constant darkness (29 ± 8) but not by melatonin (112 ± 27) in comparison to that in the vehicle group (264 ± 48).” ⟦NEXT⟧ The authors apologize for any inconvenience caused. ⟦NEXT⟧ The original article has been corrected. || Correction to: Experimental & Molecular Medicine 10.1038/s12276-023-00925-1, published online 13 January 2023 ⟦NEXT⟧ After online publication of this article, the authors noticed few errors in the Fig. 1b and Fig. 1c that were inadvertently introduced owing to a technical error. The unit for melatonin’s concentration is (pg/mg brain) rather than (ng/mg brain). The concentrations of all groups is divided by 100 to report the exact values as 16.52 ± 0.60 (pg/mg brain; control) rather than 1652 ± 60 (ng/mg brain; control); 20.31 ± 0.87 (pg/mg brain; vehicle) rather than 2031 ± 87 (ng/mg brain; vehicle); 13.41 ± 0.88 (pg/mg brain; constant light) rather than 1341 ± 88 (ng/mg brain; constant light); 33.44 ± 0.32 (pg/mg brain; constant darkness) rather than 3344 ± 32 (ng/mg brain; constant darkness); 18.79 ± 1.12 (pg/mg brain; luzindole) rather than 1879 ± 112 (ng/mg brain; luzindole); 24.70 ± 0.99 (pg/mg brain; melatonin) rather than 2470 ± 99 (ng/mg brain; melatonin). Figure 1C, the value of all the groups is multiplied by 0.05, a missed factor in the calculation, to report the result as 0.36 ± 0.01 rather than 7.2 ± 0.3 (pg/mg brain; control); 0.38 ± 0.02 rather than 7.6 ± 0.4 (pg/mg brain; vehicle); 0.69 ± 0.08 rather than 13.8 ± 1.7 (pg/mg brain; constant light); 0.18 ± 0.01 rather than 3.6 ± 0.2 (pg/mg brain; constant darkness); 0.39 ± 0.02 rather than 7.9 ± 0.4(pg/mg brain; luzindole); 0.26 ± 0.02 rather than 5.4 ± 0.5; (pg/mg brain; melatonin). The Fig. 1b and 1c are replaced with correct versions. ⟦NEXT⟧ Authors also corrected the following typo in section of results: “Immature OPCs were significantly (** p < 0.01) reduced by constant darkness (29 ± 8) but not by melatonin (112 ± 27) in comparison to that in the vehicle group (264 ± 48 vs 105 ± 27, respectively).” Is replaced by “Immature OPCs were significantly (** p < 0.01) reduced by constant darkness (29 ± 8) but not by melatonin (112 ± 27) in comparison to that in the vehicle group (264 ± 48).” || The authors apologize for any inconvenience caused. ⟦NEXT⟧ The original article has been corrected.",https://pubmed.ncbi.nlm.nih.gov/36828932/,https://pmc.ncbi.nlm.nih.gov/articles/PMC9981589/,,,,,
29293616,PMC5749872,2018,PloS one,Correction: The overlap between autistic spectrum conditions and borderline personality disorder.,location_plus_new_candidate,location,28886113,"There is an error in the first sentence of the Results section of the Abstract. The correct sentence is: On the AQ, the comorbid group scored higher than the ASC group, who in turn scored higher than the BPD group, who scored higher than controls.",https://pubmed.ncbi.nlm.nih.gov/29293616/,https://pmc.ncbi.nlm.nih.gov/articles/PMC5749872/,,,,,
31048451,PMC6501959,2019,BMJ open,Correction: Comparative safety and effectiveness of long-acting inhaled agents for treating chronic obstructive pulmonary disease: a systematic review and network meta-analysis .,exact_replacement_candidate,exact_language|location|visual|metadata|multiple_numbers,26503392,"BUDE/FORM vs Placebo NMA OR 0.61 (0.43 to 0.87) MA OR 0.52 (0.35 to 0.79) 1 (510) ⟦NEXT⟧ Instead of: ⟦NEXT⟧ BUDE/FORM vs Placebo NMA OR 0.64 (0.45 to 0.91) MA OR 0.55 (0.36 to 0.83) 1 (519) ⟦NEXT⟧ In addition, the NMA odds ratio and confidence intervals are also plotted in Figure 4 of the paper. A revised version of Figure 4 is attached. || Tricco AC, Strifler L, Veroniki A, et al . Comparative safety and effectiveness of long-acting inhaled agents for treating chronic obstructive pulmonary disease: a systematic review and network meta-analysis. BMJ Open 2015;5:e009183. DOI: 10.1136/bmjopen-2015-009183. ⟦NEXT⟧ The previous version of this manuscript contains a data extraction error in Table 3 in the line comparing ‘BUDE/FORM vs placebo’. Revising this data extraction error in the sample size resulted in a slight change in the second digits of the MA and NMA estimates; however, the overall conclusions for this comparison remain the same. ⟦NEXT⟧ ­ ⟦NEXT⟧ The line in Table 3 should appear as:",https://pubmed.ncbi.nlm.nih.gov/31048451/,https://pmc.ncbi.nlm.nih.gov/articles/PMC6501959/,,,,,
42169101,PMC13191841,2026,Arthritis research & therapy,Correction: Real-world sex differences in treatment persistence and reasons for discontinuation in psoriatic arthritis patients: results from the German RABBIT-SpA register.,metadata_or_nonpropositional,metadata|multiple_numbers,41039496,"Correction: Arthritis Res Ther 27 , 188 (2025) ⟦NEXT⟧ https://doi.org/10.1186/s13075-025-03650-4 ⟦NEXT⟧ Following publication of the original article [ 1 ], author requested to add one more affiliation “Charité – Universitätsmedizin Berlin, Berlin, Germany” for corresponding author Lisa Lindner.",https://pubmed.ncbi.nlm.nih.gov/42169101/,https://pmc.ncbi.nlm.nih.gov/articles/PMC13191841/,,,,,
37291628,PMC10251658,2023,"Radiation oncology (London, England)",Correction : Pulmonary magnetic resonance-guided online adaptive radiotherapy of locally advanced non-small cell lung cancer: the PUMA trial.,numeric_or_symbolic_candidate,multiple_numbers,37143154,"Correction: Radiat Oncol 18, 74 (2023) 10.1186/s13014-023-02258-9 ⟦NEXT⟧ Following publication of the original article [ 1 ], it was reported that the article title was incomplete. The correct title is given in this Correction and the original article has been updated.",https://pubmed.ncbi.nlm.nih.gov/37291628/,https://pmc.ncbi.nlm.nih.gov/articles/PMC10251658/,,,,,
26580011,PMC6430763,2016,Nature,Corrigendum: The 'obligate diploid' Candida albicans forms mating-competent haploids.,numeric_or_symbolic_candidate,location|visual|multiple_numbers,23364695,"In this Article, there were two errors in allele assignments. In the legend and colour key to Fig. 1b , the allele identity (‘a’ and ‘b’) is inadvertently reversed. Figure 1 of this Corrigendum shows the corrected panel b and legend for the original Fig. 1 . A similar error is present in the colour key to Supplementary Fig. 5 (its legend is correct). The Supplementary Information to this Corrigendum shows the corrected panel d of Supplementary Fig. 5. ⟦NEXT⟧ CORRECTIONS & AMENDMENTS",https://pubmed.ncbi.nlm.nih.gov/26580011/,https://pmc.ncbi.nlm.nih.gov/articles/PMC6430763/,,,,,
28394348,PMC5385963,2017,Scientific reports,Corrigendum: Anatomical Characteristics and Biomechanical Properties of the Oblique Popliteal Ligament.,exact_replacement_candidate,exact_language|location|multiple_numbers,28205540,"“Even so, there remains an area without external support between the OPL, the expansion over the popliteus muscle, and the lateral side of the posterior cruciate ligament, which are strongly related to the formation of popliteal cysts”. ⟦NEXT⟧ should read: ⟦NEXT⟧ “Even so, there remains an area without external support between the OPL, the expansion over the popliteus muscle, and the medial side of the posterior cruciate ligament, which are strongly related to the formation of popliteal cysts”. || Scientific Reports 7 : Article number: 42698 10.1038/srep42698 ; published online: 02 16 2017 ; updated: 04 10 2017 ⟦NEXT⟧ This Article contains an error in the Discussion section. ⟦NEXT⟧ “Even so, there remains an area without external support between the OPL, the expansion over the popliteus muscle, and the lateral side of the posterior cruciate ligament, which are strongly related to the formation of popliteal cysts”. ⟦NEXT⟧ should read:",https://pubmed.ncbi.nlm.nih.gov/28394348/,https://pmc.ncbi.nlm.nih.gov/articles/PMC5385963/,,,,,
35087018,PMC9351532,2022,MMWR. Morbidity and mortality weekly report,"Erratum: Vol. 71, No. 1.",unusable_or_ambiguous,location|visual|multiple_numbers,34990444,,https://pubmed.ncbi.nlm.nih.gov/35087018/,https://pmc.ncbi.nlm.nih.gov/articles/PMC9351532/,,,,,
38351085,PMC10864368,2024,NPJ vaccines,Author Correction: The dengue-specific immune response and antibody identification with machine learning.,metadata_or_nonpropositional,exact_language|metadata|multiple_numbers,38245547,"Correction to: npj Vaccines 10.1038/s41541-023-00788-7, published online 20 January 2024 ⟦NEXT⟧ In this article, the affiliation details for author Alexander Horst were incorrectly given as Alexander Horst 1,2 but should have been Alexander Horst 1 and other affiliations are renumbered. The original article has been corrected.",https://pubmed.ncbi.nlm.nih.gov/38351085/,https://pmc.ncbi.nlm.nih.gov/articles/PMC10864368/,,,,,
35641953,PMC9158078,2022,BMC palliative care,Correction: Possible age-related differences in healthcare professionals' perspectives on younger and older patients' autonomy and decision-making in the context of sedation in specialised palliative care: exploratory secondary qualitative content and linguistic conversation analysis of interviews with healthcare professionals.,metadata_or_nonpropositional,metadata|multiple_numbers,35550117,"Correction: BMC Palliative Care 21, 1 (2022). ⟦NEXT⟧ 10.1186/s12904-022-00963-y ⟦NEXT⟧ Following the publication of the original article [ 1 ], the author reported that the given name and family name of all authors were erroneously transposed. || Following the publication of the original article [ 1 ], the author reported that the given name and family name of all authors were erroneously transposed. ⟦NEXT⟧ The author group has been updated above and the original article [ 1 ] has been corrected.",https://pubmed.ncbi.nlm.nih.gov/35641953/,https://pmc.ncbi.nlm.nih.gov/articles/PMC9158078/,,,,,
35237303,PMC8884158,2022,Frontiers in genetics,"Corrigendum: Bioinformatics Analysis Reveals an Association Between Cancer Cell Stemness, Gene Mutations, and the Immune Microenvironment in Stomach Adenocarcinoma.",numeric_or_symbolic_candidate,location|visual|multiple_numbers,33362856,"In the original article, there was a mistake in Figure 1 and caption / Supplementary Table S1 as published. The whole process of analysis was based on the raw mRNA expression-based stemness index (mRNAsi), but the survival curve was based on the corrected mRNAsi (mRNAsi/tumor purity). The inconsistent data was confusing. According to consistency principle, we decided to use the raw mRNAsi data to construct survival curve in STAD ( Figure 1B ; Supplementary Table S1 ). Second, the limma package was used for the analysis of DEGs between normal and tumor tissues in STAD as published in the section of “Identification of DEGs Between Normal and Tumor Tissues in STAD,” but we described as “ between the high and low mRNAsi groups ” ( Figure 1A ). ⟦NEXT⟧ Identification of DEGs between normal and tumor tissues in STAD. (A) The flow chart for identification of mRNAsi related signature in STAD. (B) Kaplan–Meier curves show that the low mRNAsi group had greater mortality than the high mRNAsi group. (C) Differences in mRNAsi between normal and tumor tissues in STAD. (D) Identification of DEGs between normal and tumor tissues in STAD; green and red indicate downregulated and upregulated genes, respectively. ⟦NEXT⟧ The corrected Figure 1 and caption appear below. || “Cancer stem cells (CSCs), characterized by infinite proliferation and self-renewal, greatly challenge tumor therapy. Research into their plasticity, dynamic instability, and immune microenvironment interactions may help overcome this obstacle. Data on the stemness indices (mRNAsi), gene mutations, copy number variations (CNV), tumor mutation burden (TMB), and corresponding clinical characteristics were obtained from The Cancer Genome Atlas (TCGA) and UCSC Xena Browser. The infiltrating immune cells in stomach adenocarcinoma (STAD) tissues were predicted using the CIBERSORT method. Differentially expressed genes (DEGs) between the normal and tumor tissues were used to construct prognostic models with weighted gene co-expression network analysis (WGCNA) and Lasso regression. The association between cancer stemness, gene mutations, and immune responses was evaluated in STAD. A total of 6,739 DEGs were identified between the normal and tumor tissues. DEGs in the brown (containing 19 genes) and blue (containing 209 genes) co-expression modules were used to perform survival analysis based on Cox regression. A nine-gene signature prognostic model (ARHGEF38-IT1, CCDC15, CPZ, DNASE1L2, NUDT10, PASK, PLCL1, PRR5-ARHGAP8, and SYCE2) was constructed from 178 survival-related DEGs that were significantly related to overall survival, clinical characteristics, tumor microenvironment immune cells, TMB, and cancer-related pathways in STAD. Gene correlation was significant across the prognostic model, CNVs, and drug sensitivity. Our findings provide a prognostic model and highlight potential mechanisms and associated factors (immune microenvironment and mutation status) useful for targeting CSCs.” ⟦NEXT⟧ A correction has been made to the section of Results , “ mRNAsi Was Significantly Associated With STAD ,” “ Paragraph Number 1 and 4 ” given below. ⟦NEXT⟧ Results ⟦NEXT⟧ mRNAsi Was Significantly Associated With STAD || Identification of DEGs between normal and tumor tissues in STAD. (A) The flow chart for identification of mRNAsi related signature in STAD. (B) Kaplan–Meier curves show that the low mRNAsi group had greater mortality than the high mRNAsi group. (C) Differences in mRNAsi between normal and tumor tissues in STAD. (D) Identification of DEGs between normal and tumor tissues in STAD; green and red indicate downregulated and upregulated genes, respectively. ⟦NEXT⟧ The corrected Figure 1 and caption appear below. ⟦NEXT⟧ The corrected Supplementary Table S1 available in Supplementary Material . ⟦NEXT⟧ In addition, errors were published in the Abstract and Results section of the original article. || The corrected Figure 1 and caption appear below. ⟦NEXT⟧ The corrected Supplementary Table S1 available in Supplementary Material . ⟦NEXT⟧ In addition, errors were published in the Abstract and Results section of the original article. ⟦NEXT⟧ A correction has been made to “ Abstract ” given below. || In addition, errors were published in the Abstract and Results section of the original article. ⟦NEXT⟧ A correction has been made to “ Abstract ” given below. ⟦NEXT⟧ “Cancer stem cells (CSCs), characterized by infinite proliferation and self-renewal, greatly challenge tumor therapy. Research into their plasticity, dynamic instability, and immune microenvironment interactions may help overcome this obstacle. Data on the stemness indices (mRNAsi), gene mutations, copy number variations (CNV), tumor mutation burden (TMB), and corresponding clinical characteristics were obtained from The Cancer Genome Atlas (TCGA) and UCSC Xena Browser. The infiltrating immune cells in stomach adenocarcinoma (STAD) tissues were predicted using the CIBERSORT method. Differentially expressed genes (DEGs) between the normal and tumor tissues were used to construct prognostic models with weighted gene co-expression network analysis (WGCNA) and Lasso regression. The association between cancer stemness, gene mutations, and immune responses was evaluated in STAD. A total of 6,739 DEGs were identified between the normal and tumor tissues. DEGs in the brown (containing 19 genes) and blue (containing 209 genes) co-expression modules were used to perform survival analysis based on Cox regression. A nine-gene signature prognostic model (ARHGEF38-IT1, CCDC15, CPZ, DNASE1L2, NUDT10, PASK, PLCL1, PRR5-ARHGAP8, and SYCE2) was constructed from 178 survival-related DEGs that were significantly related to overall survival, clinical characteristics, tumor microenvironment immune cells, TMB, and cancer-related pathways in STAD. Gene correlation was significant across the prognostic model, CNVs, and drug sensitivity. Our findings provide a prognostic model and highlight potential mechanisms and associated factors (immune microenvironment and mutation status) useful for targeting CSCs.” ⟦NEXT⟧ A correction has been made to the section of Results , “ mRNAsi Was Significantly Associated With STAD ,” “ Paragraph Number 1 and 4 ” given below.",https://pubmed.ncbi.nlm.nih.gov/35237303/,https://pmc.ncbi.nlm.nih.gov/articles/PMC8884158/,,,,,
28570679,PMC5453601,2017,PloS one,Correction: The perceptual saliency of fearful eyes and smiles: A signal detection study.,metadata_or_nonpropositional,metadata|multiple_numbers,28267761,"The second author's name is spelled incorrectly. The correct name is: Muhammet Ikbal Sahan. The correct citation is: Elsherif MM, Sahan MI, Rotshtein P (2017) The perceptual saliency of fearful eyes and smiles: A signal detection study. PLoS ONE 12(3): e0173199. https://doi.org/10.1371/journal.pone.0173199",https://pubmed.ncbi.nlm.nih.gov/28570679/,https://pmc.ncbi.nlm.nih.gov/articles/PMC5453601/,,,,,
29637930,PMC5890058,2018,BMJ open sport & exercise medicine,Correction: Fall-related accidents among hikers in the Austrian Alps: a 9-year retrospective study .,metadata_or_nonpropositional,exact_language|location|metadata|multiple_numbers,29259815,"Faulhaber M, Pocecco E, Niedermeier M, et al . Fall-related accidents among hikers in the Austrian Alps: a 9-year retrospective study. BMJ Open Sport Exerc Med 2017;3: e000304 . ⟦NEXT⟧ In the funding section the project number of the funding was not included. The funding statement should read: “MF has received research grants from the Austrian Science Fund (FWF): P28906 .”",https://pubmed.ncbi.nlm.nih.gov/29637930/,https://pmc.ncbi.nlm.nih.gov/articles/PMC5890058/,,,,,
30480669,PMC6245721,2018,"Hepatology, medicine and policy","Correction to: Hepatology, Medicine and Policy : Articles with DOIs 10.1186/s41124-016-0014-8, 10.1186/s41124-016-0013-9 and 10.1186/s41124-016-0012-x.",metadata_or_nonpropositional,metadata|multiple_numbers,,"Correction ⟦NEXT⟧ Following publication of these three articles [ 1 – 3 ], it was flagged that the articles have an incorrect issue copyright year of 2017, because of an xml-related error. ⟦NEXT⟧ Please be advised, therefore, that the correct issue copyright year of these articles [ 1 – 3 ] is 2016. ⟦NEXT⟧ The publisher apologizes for this processing error. || Correction ⟦NEXT⟧ Following publication of these three articles [ 1 – 3 ], it was flagged that the articles have an incorrect issue copyright year of 2017, because of an xml-related error. ⟦NEXT⟧ Please be advised, therefore, that the correct issue copyright year of these articles [ 1 – 3 ] is 2016. || Please be advised, therefore, that the correct issue copyright year of these articles [ 1 – 3 ] is 2016. ⟦NEXT⟧ The publisher apologizes for this processing error.",https://pubmed.ncbi.nlm.nih.gov/30480669/,https://pmc.ncbi.nlm.nih.gov/articles/PMC6245721/,,,,,
42651748,PMC13510137,2026,Biology,"Correction: Chai et al. Exploring Novel Therapeutic Targets in Breast Cancer via Comprehensive Omics Profiling and Experimental Verification. Biology 2025, 14 , 405.",exact_replacement_candidate,exact_language|location|visual|formatting|multiple_numbers,40282270,"Error in Figure ⟦NEXT⟧ In the original publication [ 1 ], there were errors in Figure 6C–F. During the preparation and assembly of the figure, the label “si-DNASE2” was inadvertently misspelled as “si-NDASE2” in Figure 6C–F. In addition, the image presented in Figure 6F was incorrectly selected during the post-experimental figure organization and layout process. Following a comprehensive re-examination of the original experimental records and source image files, the labels in Figure 6C–F have been corrected from “si-NDASE2” to “si-DNASE2”, and Figure 6F has been replaced with the correct image derived from the original experimental materials. The corrected Figure 6 appears below. These corrections concern only the labeling and presentation of the figure and do not affect the underlying experimental data, the interpretation of the results, or the scientific conclusions of the article. The authors state that the scientific conclusions are unaffected. This correction was approved by the Academic Editor. The original publication has also been updated.",https://pubmed.ncbi.nlm.nih.gov/42651748/,https://pmc.ncbi.nlm.nih.gov/articles/PMC13510137/,,,,,
35236822,PMC8891337,2022,Cell death & disease,Correction to: ECT2 overexpression promotes the polarization of tumor-associated macrophages in hepatocellular carcinoma via the ECT2/PLK1/PTEN pathway.,exact_replacement_candidate,exact_language|location|visual|multiple_numbers,33558466,"Correction to: Cell Death and Disease 10.1038/s41419-021-03450-z, published online 0 8 February 2021 ⟦NEXT⟧ During the process of checking the manuscript, the authors found that GAPDH of Figure 4B, Figure 4C; GAPDH of Figure 6B and Figure 6E were incorrectly placed. The P-AKT of Figure 4 D and Figure 6B were incorrectly placed, and the authors would like this to be corrected to prevent unnecessary misunderstandings. ⟦NEXT⟧ In addition, the label group of statistic analysis shown in Figure 8C was wrongly placed. ⟦NEXT⟧ The authors apologise for any inconvenience caused and have confirmed that the associated quantitation is correct and that the results of the study were not affected. || The authors apologise for any inconvenience caused and have confirmed that the associated quantitation is correct and that the results of the study were not affected. ⟦NEXT⟧ The corrected figures can be found below. The original article has been corrected. Fig. 4 Fig. 6 Fig. 8 ⟦NEXT⟧ Fig. 4 ⟦NEXT⟧ Fig. 6 || Correction to: Cell Death and Disease 10.1038/s41419-021-03450-z, published online 0 8 February 2021 ⟦NEXT⟧ During the process of checking the manuscript, the authors found that GAPDH of Figure 4B, Figure 4C; GAPDH of Figure 6B and Figure 6E were incorrectly placed. The P-AKT of Figure 4 D and Figure 6B were incorrectly placed, and the authors would like this to be corrected to prevent unnecessary misunderstandings. ⟦NEXT⟧ In addition, the label group of statistic analysis shown in Figure 8C was wrongly placed.",https://pubmed.ncbi.nlm.nih.gov/35236822/,https://pmc.ncbi.nlm.nih.gov/articles/PMC8891337/,,,,,
28261114,PMC5329043,2017,Frontiers in physiology,Corrigendum: Airway and Parenchymal Strains during Bronchoconstriction in the Precision Cut Lung Slice.,metadata_or_nonpropositional,metadata|multiple_numbers,27559314,"In the original article, we neglected to thank our funder MRC, MR/M004643/1 to BB. The authors apologize for this error and state that this does not change the scientific conclusions of the article in any way. ⟦NEXT⟧ Conflict of interest statement ⟦NEXT⟧ The authors declare that the research was conducted in the absence of any commercial or financial relationships that could be construed as a potential conflict of interest.",https://pubmed.ncbi.nlm.nih.gov/28261114/,https://pmc.ncbi.nlm.nih.gov/articles/PMC5329043/,,,,,
33619695,PMC8496614,2021,Neurosurgical review,Correction to: Endoscopic versus stereotactic biopsies of intracranial lesions involving the ventricles.,metadata_or_nonpropositional,location|metadata|multiple_numbers,32827050,"Correction to: Neurosurg Rev ⟦NEXT⟧ https://doi.org/10.1007/s10143-020-01371-7 ⟦NEXT⟧ The article Endoscopic versus stereotactic biopsies of intracranial lesions involving the ventricles, written by Marcin Birski, Jacek Furtak, Kamil Krystkiewicz, Julita Birska, Karolina Zielinska, Paweł Sokal, Marcin Rusinek, Dariusz Paczkowski, Lukasz Szylberg, and Marek Harat, was originally published electronically on the publisher’s internet portal on August 17, 2020 without open access. With the author(s)’ decision to opt for Open Choice the copyright of the article changed on September 15 2020 to © The Author(s) [2020] and the article is forthwith distributed under a Creative Commons Attribution 4.0 International License, which permits use, sharing, adaptation, distribution and reproduction in any medium or format, as long as you give appropriate credit to the original author(s) and the source, provide a link to the Creative Commons licence, and indicate if changes were made. The images or other third party material in this article are included in the article's Creative Commons licence, unless indicated otherwise in a credit line to the material. If material is not included in the article's Creative Commons licence and your intended use is not permitted by statutory regulation or exceeds the permitted use, you will need to obtain permission directly from the copyright holder. To view a copy of this licence, visit http://creativecommons.org/licenses/by/4.0/ . || The article Endoscopic versus stereotactic biopsies of intracranial lesions involving the ventricles, written by Marcin Birski, Jacek Furtak, Kamil Krystkiewicz, Julita Birska, Karolina Zielinska, Paweł Sokal, Marcin Rusinek, Dariusz Paczkowski, Lukasz Szylberg, and Marek Harat, was originally published electronically on the publisher’s internet portal on August 17, 2020 without open access. With the author(s)’ decision to opt for Open Choice the copyright of the article changed on September 15 2020 to © The Author(s) [2020] and the article is forthwith distributed under a Creative Commons Attribution 4.0 International License, which permits use, sharing, adaptation, distribution and reproduction in any medium or format, as long as you give appropriate credit to the original author(s) and the source, provide a link to the Creative Commons licence, and indicate if changes were made. The images or other third party material in this article are included in the article's Creative Commons licence, unless indicated otherwise in a credit line to the material. If material is not included in the article's Creative Commons licence and your intended use is not permitted by statutory regulation or exceeds the permitted use, you will need to obtain permission directly from the copyright holder. To view a copy of this licence, visit http://creativecommons.org/licenses/by/4.0/ . ⟦NEXT⟧ The original article has been corrected.",https://pubmed.ncbi.nlm.nih.gov/33619695/,https://pmc.ncbi.nlm.nih.gov/articles/PMC8496614/,,,,,
27624911,PMC5022027,2016,Scientific reports,Corrigendum: Crustal movements due to Iceland's shrinking ice caps mimic magma inflow signal at Katla volcano.,exact_replacement_candidate,exact_language|multiple_numbers,25992847,"“We varied the excess pressure drop between 1 · 10 7 and 5 · 10 8 Pa. We evaluated the best fitting model compared to the residual InSAR velocities based on the residual sum of squares, weighted by the inverse of the covariance matrix. The best fit model had an excess pressure drop of 3.2 · 10 8 Pa”. ⟦NEXT⟧ should read: ⟦NEXT⟧ “We varied the excess pressure drop between 1 · 10 4 and 5 · 10 5 Pa. We evaluated the best fitting model compared to the residual InSAR velocities based on the residual sum of squares, weighted by the inverse of the covariance matrix. The best fit model had an excess pressure drop of 3.2 · 10 5 Pa”.",https://pubmed.ncbi.nlm.nih.gov/27624911/,https://pmc.ncbi.nlm.nih.gov/articles/PMC5022027/,,,,,
38243021,PMC10799036,2024,Scientific reports,Publisher Correction: Electrospun PVDF/aromatic HBP of 4th gen based flexible and self‑powered TENG for wearable energy harvesting and health monitoring.,metadata_or_nonpropositional,metadata|multiple_numbers,38114807,"Correction to: Scientific Reports 10.1038/s41598-023-50231-z, published online 19 December 2023 ⟦NEXT⟧ In the original version of this Article, Arun Anand Prabu was incorrectly affiliated with ‘Department of Advanced Materials Engineering for Information and Electronics, College of Engineering, Kyung Hee University, Yongin-si, Gyeonggi-do 17104, Republic of Korea.’ ⟦NEXT⟧ The correct Affiliation is listed below: || Correction to: Scientific Reports 10.1038/s41598-023-50231-z, published online 19 December 2023 ⟦NEXT⟧ In the original version of this Article, Arun Anand Prabu was incorrectly affiliated with ‘Department of Advanced Materials Engineering for Information and Electronics, College of Engineering, Kyung Hee University, Yongin-si, Gyeonggi-do 17104, Republic of Korea.’ ⟦NEXT⟧ The correct Affiliation is listed below: ⟦NEXT⟧ ‘Department of Chemistry, School of Advanced Sciences, Vellore Institute of Technology, Vellore 632014, India.’ || ‘Department of Chemistry, School of Advanced Sciences, Vellore Institute of Technology, Vellore 632014, India.’ ⟦NEXT⟧ The original Article has been corrected.",https://pubmed.ncbi.nlm.nih.gov/38243021/,https://pmc.ncbi.nlm.nih.gov/articles/PMC10799036/,,,,,
36396704,PMC9671884,2022,Scientific reports,Author Correction: Greenhouse gas emissions from global production and use of nitrogen synthetic fertilisers in agriculture.,numeric_or_symbolic_candidate,location|visual|metadata|multiple_numbers,36008570,"Correction to: Scientific Reports 10.1038/s41598-022-18773-w, published online 25 August 2022 ⟦NEXT⟧ The original version of this Article contained errors. In Figure 3 a and b, “KgN” in the y-axis label was incorrectly given as “tN”. The original Figure 3 and the accompanying legend appear below for the record. Figure 3 ( a ) Fertilisation rate, N fertiliser applied per unit of cropland (kgN/ha); ( b ) amount of synthetic N fertiliser used (kg) per capita; ( c ) synthetic N fertiliser use: yearly growth rate for different world regions. Data source: FAOSTAT (see also Supplementary Table S4 ). Reference period: 1961–2018, 5-year moving averages. ⟦NEXT⟧ ( a ) Fertilisation rate, N fertiliser applied per unit of cropland (kgN/ha); ( b ) amount of synthetic N fertiliser used (kg) per capita; ( c ) synthetic N fertiliser use: yearly growth rate for different world regions. Data source: FAOSTAT (see also Supplementary Table S4 ). Reference period: 1961–2018, 5-year moving averages. || Correction to: Scientific Reports 10.1038/s41598-022-18773-w, published online 25 August 2022 ⟦NEXT⟧ The original version of this Article contained errors. In Figure 3 a and b, “KgN” in the y-axis label was incorrectly given as “tN”. The original Figure 3 and the accompanying legend appear below for the record. Figure 3 ( a ) Fertilisation rate, N fertiliser applied per unit of cropland (kgN/ha); ( b ) amount of synthetic N fertiliser used (kg) per capita; ( c ) synthetic N fertiliser use: yearly growth rate for different world regions. Data source: FAOSTAT (see also Supplementary Table S4 ). Reference period: 1961–2018, 5-year moving averages. ⟦NEXT⟧ ( a ) Fertilisation rate, N fertiliser applied per unit of cropland (kgN/ha); ( b ) amount of synthetic N fertiliser used (kg) per capita; ( c ) synthetic N fertiliser use: yearly growth rate for different world regions. Data source: FAOSTAT (see also Supplementary Table S4 ). Reference period: 1961–2018, 5-year moving averages. ⟦NEXT⟧ In addition, the Supplementary Information contained errors, where the values in the column ""N fertiliser use"" in Supplementary Table S4 were incorrect. || ( a ) Fertilisation rate, N fertiliser applied per unit of cropland (kgN/ha); ( b ) amount of synthetic N fertiliser used (kg) per capita; ( c ) synthetic N fertiliser use: yearly growth rate for different world regions. Data source: FAOSTAT (see also Supplementary Table S4 ). Reference period: 1961–2018, 5-year moving averages. ⟦NEXT⟧ In addition, the Supplementary Information contained errors, where the values in the column ""N fertiliser use"" in Supplementary Table S4 were incorrect. ⟦NEXT⟧ The original Supplementary Information file is provided below. ⟦NEXT⟧ The original Article and its accompanying Supplementary information have been corrected. || The original Supplementary Information file is provided below. ⟦NEXT⟧ The original Article and its accompanying Supplementary information have been corrected. ⟦NEXT⟧ Supplementary Information ⟦NEXT⟧ Supplementary Information.",https://pubmed.ncbi.nlm.nih.gov/36396704/,https://pmc.ncbi.nlm.nih.gov/articles/PMC9671884/,,,,,
34579564,PMC8546551,2021,mBio,"Erratum for Puertas et al., ""VIP-SPOT: an Innovative Assay To Quantify the Productive HIV-1 Reservoir in the Monitoring of Cure Strategies"".",numeric_or_symbolic_candidate,location|visual|metadata|multiple_numbers,34154408,"Volume 12, no. 3, e00560-21, 2021, https://doi.org/10.1128/mBio.00560-21 . Erratum for Fig. 2 . ⟦NEXT⟧ In Fig. 2 , the images in panel A and B were duplicated by mistake. The correct Fig. 2A and B images appear below. There are no corresponding changes to the text or figure legend. || ERRATUM ⟦NEXT⟧ Volume 12, no. 3, e00560-21, 2021, https://doi.org/10.1128/mBio.00560-21 . Erratum for Fig. 2 . ⟦NEXT⟧ In Fig. 2 , the images in panel A and B were duplicated by mistake. The correct Fig. 2A and B images appear below. There are no corresponding changes to the text or figure legend.",https://pubmed.ncbi.nlm.nih.gov/34579564/,https://pmc.ncbi.nlm.nih.gov/articles/PMC8546551/,,,,,
38578945,PMC10997179,2024,Environmental health perspectives,"Erratum: ""Clearing the Air: Gas Stove Emissions and Direct Health Effects"".",exact_replacement_candidate,exact_language|location|visual|multiple_numbers,38416539,"The article provides an incorrect attribution in the caption of Figure 4. The left image should be cited to Lebel et al. (2022), rather than Gruenwald et al. (2022). ⟦NEXT⟧ Corrected, the full caption is: Incomplete combustion of natural gas during normal operation of home appliances generates measurable levels of methane, carbon dioxide, and nitrous oxides, left, and benzene, right. Images: Lebel et al. (2022), left 5 ; Kashtan et al. (2023), right 10 ; both CC-BY-NC-ND 4.0. [ https://creativecommons.org/licenses/by-nc-nd/4.0/ ]. ⟦NEXT⟧ EHP regrets the error. || Corrected, the full caption is: Incomplete combustion of natural gas during normal operation of home appliances generates measurable levels of methane, carbon dioxide, and nitrous oxides, left, and benzene, right. Images: Lebel et al. (2022), left 5 ; Kashtan et al. (2023), right 10 ; both CC-BY-NC-ND 4.0. [ https://creativecommons.org/licenses/by-nc-nd/4.0/ ]. ⟦NEXT⟧ EHP regrets the error.",https://pubmed.ncbi.nlm.nih.gov/38578945/,https://pmc.ncbi.nlm.nih.gov/articles/PMC10997179/,,,,,
36624134,PMC9829890,2023,Scientific reports,Author Correction: Impact of chitosan administration on titanium dioxide nanoparticles induced testicular dysfunction.,numeric_or_symbolic_candidate,location|metadata|multiple_numbers,36385626,"Correction to: Scientific Reports https://doi.org/10.1038/s41598-022-22044-z , published online 16 November 2022 ⟦NEXT⟧ The original version of this Article contained errors in the Affiliations. ⟦NEXT⟧ Ahmed Farghali and Nabeel Kashan Syed were incorrectly affiliated with Department of Biotechnology and life sciences, Faculty of Postgraduate Studies for Advanced Sciences (PSAS), Beni-Suef University, Beni‑Suef 62511, Egypt. || The original version of this Article contained errors in the Affiliations. ⟦NEXT⟧ Ahmed Farghali and Nabeel Kashan Syed were incorrectly affiliated with Department of Biotechnology and life sciences, Faculty of Postgraduate Studies for Advanced Sciences (PSAS), Beni-Suef University, Beni‑Suef 62511, Egypt. ⟦NEXT⟧ The correct affiliation for Ahmed Farghali is listed below. ⟦NEXT⟧ Material Science and Nanotechnology Department, Faculty of Postgraduate Studies for Advanced Sciences (PSAS), Beni-Suef University, 62511 Beni-Suef, Egypt || As a result, the Affiliations have been renumbered. ⟦NEXT⟧ The original Article has been corrected.",https://pubmed.ncbi.nlm.nih.gov/36624134/,https://pmc.ncbi.nlm.nih.gov/articles/PMC9829890/,,,,,
26075201,PMC4443297,2015,Frontiers in bioengineering and biotechnology,"Corrigendum: ""A Validated Model of the Pro- and Anti-Inflammatory Cytokine Balancing Act in Articular Cartilage Lesion Formation"".",exact_replacement_candidate,exact_language|location|visual|multiple_numbers,25806365,"There are a number of errors in the original manuscript (Wang et al., 2015 ) due to the use of incorrect versions of our material during the final manuscript preparation stage. They are Figure 1 has the incorrect schematic. The figure in this corrigendum is the schematic that matches the models and simulations in the manuscript. In equation ( 1b ), δ U should be σ U . The correct initial condition for ROS is R ( r , 0) = 0. The Heaviside function is defined incorrectly in equation ( 2 ). We use the standard Heaviside function, H (θ) = 1 for θ ≥ 0, H (θ) = 0 for θ < 0. In equations (5a) and (6b), the Monod functions that depend on ROS, R , should instead depend on DAMPs, M . The parameter η in equations (8a) and (9) should be κ 1 . The underbraces in equations (8a), (8b), and (9) that indicate dependence on TNF- α specifically should instead indicate dependence on a generic pro-inflammatory cytokine, denoted by F . Equation (8b) does not depend on C U . In place of C U in the equation there should instead be implicit multiplication by 1. In Table 2, the correct parameter value for δ F is 0.1664 and the correct parameter value for δ P is 0.5545. These were obtained from the derivation in (Wang et al., 2014 ): (1) δ F = − 24 100 hour ln 1 2 = 0 . 1664 ∕ day , (2) δ P = − 24 30 hour ln 1 2 = 0 . 5545 ∕ day . Here 100 hours is the approximate half-life of TNF-α (Wedlock et al., 1996 ; Brines and Cerami, 2008 ) and 30 hours is the approximate half-life of DAMPs and EPO (Ito et al., 2008 ). To obtain the half-lives from the source literature, we used the “N-end Rule” (Varshavsky, 1997 ). The similarities in their half-lives are why we have that δ M = δ P . We note that the parameter values in Table 1 of (Wang et al., 2014 ) are not consistent with the correct values in the body of the text (Wang et al., 2014 , pg. 931). ⟦NEXT⟧ Figure 1 has the incorrect schematic. The figure in this corrigendum is the schematic that matches the models and simulations in the manuscript. ⟦NEXT⟧ In equation ( 1b ), δ U should be σ U . || Figure 1 has the incorrect schematic. The figure in this corrigendum is the schematic that matches the models and simulations in the manuscript. ⟦NEXT⟧ In equation ( 1b ), δ U should be σ U . ⟦NEXT⟧ The correct initial condition for ROS is R ( r , 0) = 0. ⟦NEXT⟧ The Heaviside function is defined incorrectly in equation ( 2 ). We use the standard Heaviside function, H (θ) = 1 for θ ≥ 0, H (θ) = 0 for θ < 0. || In equations (5a) and (6b), the Monod functions that depend on ROS, R , should instead depend on DAMPs, M . ⟦NEXT⟧ The parameter η in equations (8a) and (9) should be κ 1 . ⟦NEXT⟧ The underbraces in equations (8a), (8b), and (9) that indicate dependence on TNF- α specifically should instead indicate dependence on a generic pro-inflammatory cytokine, denoted by F . ⟦NEXT⟧ Equation (8b) does not depend on C U . In place of C U in the equation there should instead be implicit multiplication by 1. || The correct initial condition for ROS is R ( r , 0) = 0. ⟦NEXT⟧ The Heaviside function is defined incorrectly in equation ( 2 ). We use the standard Heaviside function, H (θ) = 1 for θ ≥ 0, H (θ) = 0 for θ < 0. ⟦NEXT⟧ In equations (5a) and (6b), the Monod functions that depend on ROS, R , should instead depend on DAMPs, M . ⟦NEXT⟧ The parameter η in equations (8a) and (9) should be κ 1 . || The underbraces in equations (8a), (8b), and (9) that indicate dependence on TNF- α specifically should instead indicate dependence on a generic pro-inflammatory cytokine, denoted by F . ⟦NEXT⟧ Equation (8b) does not depend on C U . In place of C U in the equation there should instead be implicit multiplication by 1. ⟦NEXT⟧ In Table 2, the correct parameter value for δ F is 0.1664 and the correct parameter value for δ P is 0.5545. These were obtained from the derivation in (Wang et al., 2014 ): (1) δ F = − 24 100 hour ln 1 2 = 0 . 1664 ∕ day , (2) δ P = − 24 30 hour ln 1 2 = 0 . 5545 ∕ day . ⟦NEXT⟧ Here 100 hours is the approximate half-life of TNF-α (Wedlock et al., 1996 ; Brines and Cerami, 2008 ) and 30 hours is the approximate half-life of DAMPs and EPO (Ito et al., 2008 ). To obtain the half-lives from the source literature, we used the “N-end Rule” (Varshavsky, 1997 ). The similarities in their half-lives are why we have that δ M = δ P . We note that the parameter values in Table 1 of (Wang et al., 2014 ) are not consistent with the correct values in the body of the text (Wang et al., 2014 , pg. 931). || There are a number of errors in the original manuscript (Wang et al., 2015 ) due to the use of incorrect versions of our material during the final manuscript preparation stage. They are Figure 1 has the incorrect schematic. The figure in this corrigendum is the schematic that matches the models and simulations in the manuscript. In equation ( 1b ), δ U should be σ U . The correct initial condition for ROS is R ( r , 0) = 0. The Heaviside function is defined incorrectly in equation ( 2 ). We use the standard Heaviside function, H (θ) = 1 for θ ≥ 0, H (θ) = 0 for θ < 0. In equations (5a) and (6b), the Monod functions that depend on ROS, R , should instead depend on DAMPs, M . The parameter η in equations (8a) and (9) should be κ 1 . The underbraces in equations (8a), (8b), and (9) that indicate dependence on TNF- α specifically should instead indicate dependence on a generic pro-inflammatory cytokine, denoted by F . Equation (8b) does not depend on C U . In place of C U in the equation there should instead be implicit multiplication by 1. In Table 2, the correct parameter value for δ F is 0.1664 and the correct parameter value for δ P is 0.5545. These were obtained from the derivation in (Wang et al., 2014 ): (1) δ F = − 24 100 hour ln 1 2 = 0 . 1664 ∕ day , (2) δ P = − 24 30 hour ln 1 2 = 0 . 5545 ∕ day . Here 100 hours is the approximate half-life of TNF-α (Wedlock et al., 1996 ; Brines and Cerami, 2008 ) and 30 hours is the approximate half-life of DAMPs and EPO (Ito et al., 2008 ). To obtain the half-lives from the source literature, we used the “N-end Rule” (Varshavsky, 1997 ). The similarities in their half-lives are why we have that δ M = δ P . We note that the parameter values in Table 1 of (Wang et al., 2014 ) are not consistent with the correct values in the body of the text (Wang et al., 2014 , pg. 931). ⟦NEXT⟧ Figure 1 has the incorrect schematic. The figure in this corrigendum is the schematic that matches the models and simulations in the manuscript. ⟦NEXT⟧ In equation ( 1b ), δ U should be σ U . ⟦NEXT⟧ The correct initial condition for ROS is R ( r , 0) = 0.",https://pubmed.ncbi.nlm.nih.gov/26075201/,https://pmc.ncbi.nlm.nih.gov/articles/PMC4443297/,,,,,
37058297,PMC10105304,2023,JAMA health forum,Error in Author Affiliations.,metadata_or_nonpropositional,exact_language|location|metadata|multiple_numbers,36867421,"The Research Letter titled, “Post–Acute Care Rehabilitation Services and Outcomes in Skilled Nursing Facilities Before and During the COVID-19 Pandemic,” 1 published online on March 3, 2023, included an error in the Author Affiliations section. Dr Kosar should only be affiliated with Brown University, and Drs Berry, Gouskova, and Shi should be affiliated with Hebrew SeniorLife and Beth Israel Deaconess Medical Center, Harvard Medical School. In addition, a middle initial for Sarah D. Berry was added. This error has been corrected.",https://pubmed.ncbi.nlm.nih.gov/37058297/,https://pmc.ncbi.nlm.nih.gov/articles/PMC10105304/,,,,,
40791851,PMC12336243,2025,Frontiers in neuroanatomy,Correction: Editorial: 15 years of frontiers in neuroanatomy: the origin of Parkinson's disease.,metadata_or_nonpropositional,metadata,40666019,"In the published article, the funding sources that supported this publication were erroneously omitted. The corrected Funding statement appears below.",https://pubmed.ncbi.nlm.nih.gov/40791851/,https://pmc.ncbi.nlm.nih.gov/articles/PMC12336243/,,,,,
33651828,PMC7924741,2021,PLoS pathogens,Correction: RV144 HIV-1 vaccination impacts post-infection antibody responses.,metadata_or_nonpropositional,metadata,33290394,The twelfth author’s name is spelled incorrectly. The correct name is: Letzibeth Mendez-Rivera.,https://pubmed.ncbi.nlm.nih.gov/33651828/,https://pmc.ncbi.nlm.nih.gov/articles/PMC7924741/,,,,,
27203078,PMC4874536,2016,PloS one,Correction: Correction: Engineered Promoters for Potent Transient Overexpression.,numeric_or_symbolic_candidate,location|visual|formatting|multiple_numbers,27008352,"Notice of Republication ⟦NEXT⟧ This Correction was republished on May 10, 2016, to correct formatting errors in Table 1 that were introduced during the typesetting process. The publisher apologizes for the errors. Please download this article again to view the correct version.",https://pubmed.ncbi.nlm.nih.gov/27203078/,https://pmc.ncbi.nlm.nih.gov/articles/PMC4874536/,,,,,
33712805,PMC9553952,2022,European journal of human genetics : EJHG,Correction: Self-reported hearing loss questions provide a good measure for genetic studies: a polygenic risk score analysis from UK Biobank.,unusable_or_ambiguous,,32203203,,https://pubmed.ncbi.nlm.nih.gov/33712805/,https://pmc.ncbi.nlm.nih.gov/articles/PMC9553952/,,,,,
42360784,PMC13352586,2026,Journal of the American Chemical Society,"Correction to ""Monooxygenase Activity of Indoleamine 2,3-Dioxygenase"".",numeric_or_symbolic_candidate,location|metadata|multiple_numbers,41640298,"In the original paper, Gonzáles-Sánchez has two affiliations. Only one affiliation should have been listed: Department of Physical Chemistry, University of Salamanca, Salamanca 37008, Spain. ⟦NEXT⟧ The corrected affiliations are provided in the Author Information of this Correction. ⟦NEXT⟧ Also, the statement in section 2.4 of the Supporting Information should have said “Reactions were initiated in a 500 mL volume by the addition of enzyme and were incubated overnight, in the dark with tubes wrapped in aluminum foil, to completion of enzymatic turnover”, with the modification to the original statement shown in italics. This has now been included in the updated Supporting Information file. ⟦NEXT⟧ These changes do not affect the conclusion of the manuscript.",https://pubmed.ncbi.nlm.nih.gov/42360784/,https://pmc.ncbi.nlm.nih.gov/articles/PMC13352586/,,,,,
34788979,PMC8743578,2021,"Endocrinology and metabolism (Seoul, Korea)",Corrigendum: Correction of Acknowledgments. Transformation of Mature Osteoblasts into Bone Lining Cells and RNA Sequencing-Based Transcriptome Profiling of Mouse Bone during Mechanical Unloading.,metadata_or_nonpropositional,exact_language|location|metadata|multiple_numbers,32615730,"https://doi.org/10.3803/EnM.2020.35.2.456 ⟦NEXT⟧ In our recently published article, there were some wrong contents in the Acknowledgments section, which should be properly revised as follows. ⟦NEXT⟧ ACKNOWLEDGMENTS ⟦NEXT⟧ This work was supported by grants from the National Research Foundation of Korea (2017R1A2B2004708), and from PromisingPioneering Researcher Program through Seoul National University (2016).",https://pubmed.ncbi.nlm.nih.gov/34788979/,https://pmc.ncbi.nlm.nih.gov/articles/PMC8743578/,,,,,
37311744,PMC10264451,2023,Nature communications,Publisher Correction: Oligomeric scaffolding for curvature generation by ER tubule-forming proteins.,numeric_or_symbolic_candidate,multiple_numbers,37147312,"Correction to: Nature Communications 10.1038/s41467-023-38294-y, published online 05 May 2023 ⟦NEXT⟧ The Source Data file and the Reporting Summary were missing from this article and have now been uploaded. The original article has been corrected. ⟦NEXT⟧ Reporting summary || Correction to: Nature Communications 10.1038/s41467-023-38294-y, published online 05 May 2023 ⟦NEXT⟧ The Source Data file and the Reporting Summary were missing from this article and have now been uploaded. The original article has been corrected. ⟦NEXT⟧ Reporting summary ⟦NEXT⟧ Further information on research design is available in the Nature Portfolio Reporting Summary linked to this article.",https://pubmed.ncbi.nlm.nih.gov/37311744/,https://pmc.ncbi.nlm.nih.gov/articles/PMC10264451/,,,,,
25927201,PMC4411935,2015,Systematic reviews,Erratum to: Using text mining for study identification in systematic reviews: a systematic review of current approaches.,numeric_or_symbolic_candidate,location|visual|multiple_numbers,25588314,"Erratum ⟦NEXT⟧ Following publication of our article [ 1 ], it has come to our attention that two of the formulae in Table 1 were incorrect. The formulae for the measures of precision and burden have been corrected (Table 1 ). We are publishing this erratum to update these formulae to the following: Table 1 Definitions of performance measures reported in the studies Measure # Definition Formula Recall (sensitivity) 22 Proportion of correctly identified positives amongst all real positives \documentclass[12pt]{minimal} \usepackage{amsmath} \usepackage{wasysym} \usepackage{amsfonts} \usepackage{amssymb} \usepackage{amsbsy} \usepackage{mathrsfs} \usepackage{upgreek} \setlength{\oddsidemargin}{-69pt} \begin{document}$$ \frac{\mathrm{TP}}{\mathrm{TP}+\mathrm{F}\mathrm{N}} $$\end{document} T P T P + F N Precision 18 Proportion of correctly identified positives amongst all positives. \documentclass[12pt]{minimal} \usepackage{amsmath} \usepackage{wasysym} \usepackage{amsfonts} \usepackage{amssymb} \usepackage{amsbsy} \usepackage{mathrsfs} \usepackage{upgreek} \setlength{\oddsidemargin}{-69pt} \begin{document}$$ \frac{TP}{TP+FP} $$\end{document} T P T P + F P F measure 10 Combines precision and recall. Values of β < 1.0 indicate precision is more important than recall, whilst values of β > 1.0 indicate recall is more important than precision \documentclass[12pt]{minimal} \usepackage{amsmath} \usepackage{wasysym} \usepackage{amsfonts} \usepackage{amssymb} \usepackage{amsbsy} \usepackage{mathrsfs} \usepackage{upgreek} \setlength{\oddsidemargin}{-69pt} \begin{document}$$ {F}_{\beta, k}\kern0.5em =\kern0.5em \frac{\left({\beta}^2+1\right){\mathrm{TP}}_k}{\left({\beta}^2+1\right){\mathrm{TP}}_k+{\mathrm{FP}}_k+{\beta}^2{\mathrm{FN}}_k} $$\end{document} F β , k = β 2 + 1 T P k β 2 + 1 T P k + F P k + β 2 F N k Where β is a value that specifies the relative importance of recall and precision. ROC (AUC) 10 Area under the curve traced out by graphing the true positive rate against the false positive rate. 1.0 is a perfect score and 0.50 is equivalent to a random ordering Accuracy 8 Proportion of agreements to total number of documents. \documentclass[12pt]{minimal} \usepackage{amsmath} \usepackage{wasysym} \usepackage{amsfonts} \usepackage{amssymb} \usepackage{amsbsy} \usepackage{mathrsfs} \usepackage{upgreek} \setlength{\oddsidemargin}{-69pt} \begin{document}$$ \frac{\mathrm{TP}+\mathrm{T}\mathrm{N}}{\mathrm{TP}+\mathrm{F}\mathrm{P}+\mathrm{F}\mathrm{N}+\mathrm{T}\mathrm{N}} $$\end{document} T P + T N T P + F P + F N + T N Work saved over sampling 8 The percentage of papers that the reviewers do not have to read because they have been screened out by the classifier \documentclass[12pt]{minimal} \usepackage{amsmath} \usepackage{wasysym} \usepackage{amsfonts} \usepackage{amssymb} \usepackage{amsbsy} \usepackage{mathrsfs} \usepackage{upgreek} \setlength{\oddsidemargin}{-69pt} \begin{document}$$ \mathrm{W}\mathrm{S}\mathrm{S}\ \mathrm{at}\ 95\%\ \mathrm{recall} = \ker",https://pubmed.ncbi.nlm.nih.gov/25927201/,https://pmc.ncbi.nlm.nih.gov/articles/PMC4411935/,,,,,
35194130,PMC8863888,2022,Scientific reports,Author Correction: Cost-effective filtering of unreliable proximity detection results based on BLE RSSI and IMU readings using smartphones.,metadata_or_nonpropositional,metadata|multiple_numbers,35165306,"Correction to: Scientific Reports https://doi.org/10.1038/s41598-022-06201-y , published online 14 February 2022 ⟦NEXT⟧ The original version of this Article contained an error in Affiliation 2, which was incorrectly given as ‘Meetlify, Aleksandra Lubomirskiego 27/1, Katowice, 31-509, Poland’. The correct affiliation is listed below: ⟦NEXT⟧ Meetlify, Aleksandra Lubomirskiego 27/1, Kraków, 31-509, Poland || Correction to: Scientific Reports https://doi.org/10.1038/s41598-022-06201-y , published online 14 February 2022 ⟦NEXT⟧ The original version of this Article contained an error in Affiliation 2, which was incorrectly given as ‘Meetlify, Aleksandra Lubomirskiego 27/1, Katowice, 31-509, Poland’. The correct affiliation is listed below: ⟦NEXT⟧ Meetlify, Aleksandra Lubomirskiego 27/1, Kraków, 31-509, Poland ⟦NEXT⟧ The original Article has been corrected. || Meetlify, Aleksandra Lubomirskiego 27/1, Kraków, 31-509, Poland ⟦NEXT⟧ The original Article has been corrected.",https://pubmed.ncbi.nlm.nih.gov/35194130/,https://pmc.ncbi.nlm.nih.gov/articles/PMC8863888/,,,,,
28913002,PMC5585658,2017,Journal of osteoporosis,"Corrigendum to ""Mikkeli Osteoporosis Index Identifies Fracture Risk Factors and Osteoporosis and Intervention Thresholds Parallel with FRAX"".",exact_replacement_candidate,exact_language|multiple_numbers,21772977,"In the article titled “Mikkeli Osteoporosis Index Identifies Fracture Risk Factors and Osteoporosis and Intervention Thresholds Parallel with FRAX” [ 1 ], there was an error regarding the FRAX® tool, which should be clarified as follows. ⟦NEXT⟧ The article notes: “WHO fracture risk assessment tool FRAX integrates BMD with CRFs: age, weight/height (BMI), previous fracture, parent fractured hip, current smoking, use of glucocorticoids, use of alcohol 3 or more units/day, rheumatoid arthritis, and causes of secondary osteoporosis [14].” However, the World Health Organization (WHO) did not develop, test, or endorse the FRAX tool or its recommendations [ 2 ]. The metabolic bone disease unit at the University of Sheffield that developed FRAX was a WHO Collaborating Centre from 1991 to 2010, but treatment guidelines must undergo a formal process before they can be endorsed by the WHO.",https://pubmed.ncbi.nlm.nih.gov/28913002/,https://pmc.ncbi.nlm.nih.gov/articles/PMC5585658/,,,,,
34988363,PMC8715733,2021,European heart journal. Case reports,Corrigendum to: Bail-out intravascular lithotripsy for severe stent underexpansion during primary angioplasty: a case report.,metadata_or_nonpropositional,location|metadata|formatting|multiple_numbers,34917883,"Eur Heart J Case Reports 2021; https://doi.org/10.1093/ehjcr/ytab448 ⟦NEXT⟧ In the originally published version of this manuscript, there was a typographical error in the Case presentation section: in two instances, Judkins catheter was incorrectly reported as Judking .",https://pubmed.ncbi.nlm.nih.gov/34988363/,https://pmc.ncbi.nlm.nih.gov/articles/PMC8715733/,,,,,
32468288,PMC7456403,2020,Journal of natural medicines,Correction to: Enzymatic studies on aromatic prenyltransferases.,metadata_or_nonpropositional,metadata|multiple_numbers,32180104,"Correction to: Journal of Natural Medicines 10.1007/s11418-020-01393-x ⟦NEXT⟧ The article Enzymatic studies on aromatic prenyltransferases, written by Takahiro Mori, was originally published electronically on the publisher’s internet portal on 17 March 2020 without open access. With the author(s)’ decision to opt for Open Choice the copyright of the article changed on 22 May 2020 to © The Author(s) 2020 and the article is forthwith distributed under a Creative Commons Attribution 4.0 International License ( https://creativecommons.org/licenses/by/4.0/ ), which permits use, sharing, adaptation, distribution and reproduction in any medium or format, as long as you give appropriate credit to the original author(s) and the source, provide a link to the Creative Commons licence, and indicate if changes were made. ⟦NEXT⟧ The original article was updated.",https://pubmed.ncbi.nlm.nih.gov/32468288/,https://pmc.ncbi.nlm.nih.gov/articles/PMC7456403/,,,,,
30069270,PMC6057326,2018,Disease markers,"Corrigendum to ""Proteomic-Based Approaches for the Study of Cytokines in Lung Cancer"".",metadata_or_nonpropositional,metadata,27445423,"In the article titled “Proteomic-Based Approaches for the Study of Cytokines in Lung Cancer” [ 1 ], there was a missing affiliation for the third author. The corrected authors' list and affiliations are shown above.",https://pubmed.ncbi.nlm.nih.gov/30069270/,https://pmc.ncbi.nlm.nih.gov/articles/PMC6057326/,,,,,
35399908,PMC8986651,2022,Surgical neurology international,Erratum: Navigated multiplanar osteotomies for spinal primary bone tumors.,metadata_or_nonpropositional,metadata,35242424,,https://pubmed.ncbi.nlm.nih.gov/35399908/,https://pmc.ncbi.nlm.nih.gov/articles/PMC8986651/,,,,,
30329331,PMC5739228,2018,Edinburgh medical and surgical journal,Erratum.,unusable_or_ambiguous,,30329314,,https://pubmed.ncbi.nlm.nih.gov/30329331/,https://pmc.ncbi.nlm.nih.gov/articles/PMC5739228/,,,,,
35123916,PMC13373688,2022,Contemporary clinical trials,"Corrigendum to ""Cancer Health Assessments Reaching Many (CHARM): A clinical trial assessing a multimodal cancer genetics services delivery program and its impact on diverse populations"" [Contemporary Clinical Trials 106 (2021) 106432].",numeric_or_symbolic_candidate,location|multiple_numbers,33984519,"Corrigendum: The authors regret that an error in the methods section of the article suggests that 38% of KPNW's population are racial/ethnic minorities, which is an inaccurate reflection of the demographics of KPNW's total population: ⟦NEXT⟧ Recruitment of participants is taking place at Kaiser Permanente Northwest (KPNW), an integrated healthcare system in the Portland, Oregon, metropolitan area, and Denver Health (DH), an integrated safety net health system with nine sites in Denver County, Colorado. KPNW serves approximately 25% of the population of Southwest Washington and Northwest Oregon. About 38% of members are racial/ethnic minorities. We are focusing recruitment in three KPNW clinics with the highest proportion of patients from racial/ethnic minorities and/or living in a census tract with low socioeconomic status as determined using geocoded census tract information and defined as a person living in a census tract where >20% of households are below the poverty level and/or > 20% have less than a high school education; we are also focusing recruitment on patients with a documented need for Spanish interpretation (approximately 2%) as well as patients who have EMR indication of a primary language of Spanish. ⟦NEXT⟧ Instead, 38% of the population of targeted clinics in the CHARM study meet the study definition of underserved status. We would like to correct the paragraph to the following:",https://pubmed.ncbi.nlm.nih.gov/35123916/,https://pmc.ncbi.nlm.nih.gov/articles/PMC13373688/,,,,,
31265694,PMC4865567,2016,Journal of clinical sleep medicine : JCSM : official publication of the American Academy of Sleep Medicine,Erratum.,unusable_or_ambiguous,,25979096,,https://pubmed.ncbi.nlm.nih.gov/31265694/,https://pmc.ncbi.nlm.nih.gov/articles/PMC4865567/,,,,,
29946491,PMC6014206,2018,BMJ global health,Correction: Comparing and contrasting 'innovation platforms' with other forms of professional networks for strengthening primary healthcare systems for Indigenous Australians .,metadata_or_nonpropositional,metadata|multiple_numbers,29862056,,https://pubmed.ncbi.nlm.nih.gov/29946491/,https://pmc.ncbi.nlm.nih.gov/articles/PMC6014206/,,,,,
30682375,PMC6498858,2019,Cell,Low-Fidelity Assembly of Influenza A Virus Promotes Escape from Host Cells.,numeric_or_symbolic_candidate,multiple_numbers,30503209,"During the preparation of figures for the final proof, data from individual virus clusters in Figures 3B and 3D were inadvertently not displayed due to a file conversion error. We have corrected this issue, and the curves are now shown correctly in Figures 3B and 3D . The authors apologize for any confusion this may have caused.",https://pubmed.ncbi.nlm.nih.gov/30682375/,https://pmc.ncbi.nlm.nih.gov/articles/PMC6498858/,,,,,
40308854,PMC11904315,2022,Video journal of sports medicine,Corrigendum to Arthroscopic Reverse Bankart Surgical Repair.,metadata_or_nonpropositional,metadata|multiple_numbers,40308283,"Dean RS, Gowd AK, Bunker CD, Beck EC, Dennis EJ, Waterman BR. Arthroscopic Reverse Bankart Surgical Repair. Video Journal of Sports Medicine . September 2021. doi: 10.1177/26350254211034876 ⟦NEXT⟧ In this article, the fourth author’s name was incorrectly listed as “Edward C. Becker” in the initial Online First version. The online version has been updated to reflect the correct name, “Edward C. Beck.”",https://pubmed.ncbi.nlm.nih.gov/40308854/,https://pmc.ncbi.nlm.nih.gov/articles/PMC11904315/,,,,,
34297203,PMC8587390,2021,Protoplasma,Correction to: The proteorhodopsins of the dinoflagellate Oxyrrhis marina: ultrastructure and localization by immunofluorescence light microscopy and immunoelectron microscopy.,unusable_or_ambiguous,,32617685,,https://pubmed.ncbi.nlm.nih.gov/34297203/,https://pmc.ncbi.nlm.nih.gov/articles/PMC8587390/,,,,,
33035277,PMC7546446,2020,PloS one,Correction: Genome-Wide Comparative In Silico Analysis of the RNA Helicase Gene Family in Zea mays and Glycine max: A Comparison with Arabidopsis and Oryza sativa.,numeric_or_symbolic_candidate,location|visual|multiple_numbers,24265739,"In the The Expression Profile During Different Development Stage and Different Tissues of the RNA Helicase Genes in Four Species Under Normal Growth Conditions subsection of the Results, there is an error in the first sentence of the third paragraph. The correct sentence is: Approximately 108 Zea mays genes were expressed with various expression levels in the tested development stages, including dough stage, fruit formation, anthesis, inflorescence formation, stem elongation, seedling stage and germination ( Fig 6 ). ⟦NEXT⟧ There are errors in the number of RNA expression profiles in the captions of Fig 4 , Fig 5 , Fig 6 , and Fig 7 . Please see the complete, correct captions here. ⟦NEXT⟧ The expression profiles of 144 RNA helicase genes in Arabidopsis . The expression profiles of 144 RNA helicase genes in different development stages (above) and tissues (below) in Arabidopsis . The deep and light blue shading represents the relative high or low percent potential expression levels, respectively, of the helicase genes in different development stages and different tissues. The DEAD-box, DEAH-box and DExD/H-box RNA helicase genes are indicated by the red triangle, circle and square, respectively. || The expression profiles of 97 RNA helicase genes in different development stages (above) and different tissues (below) in Glycine max . The deep and light blue shading represents the relative high or low percent potential expression levels, respectively, of the helicase genes in different development sages and different tissues. The DEAD-box, DEAH-box and DExD/H-box RNA helicase genes are indicated by the red triangle, circle and square, respectively. ⟦NEXT⟧ The image for Fig 4 is incorrect. Please see the correct image here.",https://pubmed.ncbi.nlm.nih.gov/33035277/,https://pmc.ncbi.nlm.nih.gov/articles/PMC7546446/,,,,,
30787118,PMC6382969,2019,mSphere,"Erratum for Wangsanut et al., ""Functional Mapping of Transcription Factor Grf10 That Regulates Adenine-Responsive and Filamentation Genes in Candida albicans "".",exact_replacement_candidate,exact_language|location|visual|metadata|multiple_numbers,30355670,"ERRATUM ⟦NEXT⟧ Volume 3, no. 5, e00467-18, 2018, https://doi.org/10.1128/mSphere.00467-18 . Supplemental Figure S3 legend: the description for panel B of this figure is incomplete. The last sentence of the description for this panel should read, “Plates were incubated at 30°C and photographed at 48 h; photos of LexA-IR5 with VP16 or Bas1-VP16 are from day 7.”",https://pubmed.ncbi.nlm.nih.gov/30787118/,https://pmc.ncbi.nlm.nih.gov/articles/PMC6382969/,,,,,
36869920,PMC11071774,2023,Cellular and molecular life sciences : CMLS,Correction: LYST deficiency impairs autophagic lysosome reformation in neurons and alters lysosome number and size.,unusable_or_ambiguous,,36707427,,https://pubmed.ncbi.nlm.nih.gov/36869920/,https://pmc.ncbi.nlm.nih.gov/articles/PMC11071774/,,,,,
40297651,PMC12036581,2025,ERJ open research,"Erratum: ""Enhanced diaphragm excursion and exercise tolerance in COPD patients through inspiratory muscle training after standardised pulmonary rehabilitation: randomised controlled trial"" Masashi Shiraishi, Yuji Higashimoto, Ryuji Sugiya, Hiroki Mizusawa, Yu Takeda, Masaya Noguchi, Osamu Nishiyama, Ryo Yamazaki, Shintarou Kudo, Tamotsu Kimura and Hisako Matsumoto. ERJ Open Res 2024; 10: 00035-2024.",numeric_or_symbolic_candidate,multiple_numbers,39588075,Change of maximum diaphragmatic excursion (DE max ) as measured by an ultrasonography at baseline and week 12. Error bars indicate the standard deviation. **: p<0.01. ⟦NEXT⟧ Change of peak oxygen uptake (V̇ O 2 ) as measured by a cycle ergometer at baseline and week 12. Error bars indicate the standard deviation. *: p<0.05. || This article was originally published with incorrect data in figures 3 and 4 . Absolute data were shown rather than relative changes. The corrected figures are shown below and have been corrected in the article itself. ⟦NEXT⟧ Change of maximum diaphragmatic excursion (DE max ) as measured by an ultrasonography at baseline and week 12. Error bars indicate the standard deviation. **: p<0.01. ⟦NEXT⟧ Change of peak oxygen uptake (V̇ O 2 ) as measured by a cycle ergometer at baseline and week 12. Error bars indicate the standard deviation. *: p<0.05.,https://pubmed.ncbi.nlm.nih.gov/40297651/,https://pmc.ncbi.nlm.nih.gov/articles/PMC12036581/,,,,,
39736585,PMC11684277,2024,BMC public health,Correction: Effects of active video games on mental health among college students: a systematic review.,metadata_or_nonpropositional,metadata|multiple_numbers,39695572,"The original publication of this article contained an incorrect author name. The incorrect and correct information is listed in this correction article, the original article has been updated. ⟦NEXT⟧ Incorrect name: Soh Kim Geok ⟦NEXT⟧ Correct name: Kim Geok Soh || 10.1186/s12889-024-21011-9 ⟦NEXT⟧ The original publication of this article contained an incorrect author name. The incorrect and correct information is listed in this correction article, the original article has been updated. ⟦NEXT⟧ Incorrect name: Soh Kim Geok ⟦NEXT⟧ Correct name: Kim Geok Soh",https://pubmed.ncbi.nlm.nih.gov/39736585/,https://pmc.ncbi.nlm.nih.gov/articles/PMC11684277/,,,,,
30538588,PMC6255273,2018,"Medical devices (Auckland, N.Z.)",Erratum: VEMP using a new low-frequency bone conduction transducer [Erratum].,numeric_or_symbolic_candidate,location|visual|multiple_numbers,30233258,"Håkansson B, Fredén Jansson KJ, Tengstrand T, et al. Med Devices (Auckl) . 2018;11: 301–312 . ⟦NEXT⟧ On page 307, Table 1 , there is an error in the placement of the lines in the “Average” column. All measured values in Table 1 are correct, but the lines to the right, showing how the conclusive values “39 dB” and “32 dB” were calculated, were erroneously scaled in the final preparation, and point to wrong values in their lower end. The correct placement of the lines is shown in the corrected version of the table below.",https://pubmed.ncbi.nlm.nih.gov/30538588/,https://pmc.ncbi.nlm.nih.gov/articles/PMC6255273/,,,,,
29540808,PMC5852025,2018,Scientific reports,Publisher Correction: Disordered Supersolids in the Extended Bose-Hubbard Model.,numeric_or_symbolic_candidate,location|visual|multiple_numbers,28986536,"Correction to: Scientific Reports 10.1038/s41598-017-13040-9, published online 06 October 2017 ⟦NEXT⟧ This Article contains an error in Figure 4, where the key was omitted. The correct Figure 4 appears below as Figure 1 . Figure 1 Order parameters versus temperature. Order parameters ρ s , κ , and S π computed as functions of temperature T and hopping t for various disorder strengths using quantum Monte Carlo on Eq. (1) for L = 10. Here and in the following the error bars are smaller than the symbol size unless depicted otherwise and the lines are guides to the eye. We set μ = 0.7 and V = 1/ z here. Parameters t and Δ are shown in the figure. ⟦NEXT⟧ Order parameters versus temperature. Order parameters ρ s , κ , and S π computed as functions of temperature T and hopping t for various disorder strengths using quantum Monte Carlo on Eq. (1) for L = 10. Here and in the following the error bars are smaller than the symbol size unless depicted otherwise and the lines are guides to the eye. We set μ = 0.7 and V = 1/ z here. Parameters t and Δ are shown in the figure. || This Article contains an error in Figure 4, where the key was omitted. The correct Figure 4 appears below as Figure 1 . Figure 1 Order parameters versus temperature. Order parameters ρ s , κ , and S π computed as functions of temperature T and hopping t for various disorder strengths using quantum Monte Carlo on Eq. (1) for L = 10. Here and in the following the error bars are smaller than the symbol size unless depicted otherwise and the lines are guides to the eye. We set μ = 0.7 and V = 1/ z here. Parameters t and Δ are shown in the figure. ⟦NEXT⟧ Order parameters versus temperature. Order parameters ρ s , κ , and S π computed as functions of temperature T and hopping t for various disorder strengths using quantum Monte Carlo on Eq. (1) for L = 10. Here and in the following the error bars are smaller than the symbol size unless depicted otherwise and the lines are guides to the eye. We set μ = 0.7 and V = 1/ z here. Parameters t and Δ are shown in the figure.",https://pubmed.ncbi.nlm.nih.gov/29540808/,https://pmc.ncbi.nlm.nih.gov/articles/PMC5852025/,,,,,
29018877,PMC6828427,2017,Archives of dermatological research,Correction to: Digestive system in psoriasis: an update.,unusable_or_ambiguous,,28905102,,https://pubmed.ncbi.nlm.nih.gov/29018877/,https://pmc.ncbi.nlm.nih.gov/articles/PMC6828427/,,,,,
41442031,PMC12909403,2026,Advances in therapy,"Correction to: Efficacy and Safety of 48-Week Low-Dose Dienogest Treatment in Patients with Endometriosis-Associated Dysmenorrhea: A Randomized, Open-Label, Parallel-Group Trial.",numeric_or_symbolic_candidate,multiple_numbers,41134516,"Correction to: Adv Ther 10.1007/s12325-025-03397-z ⟦NEXT⟧ In the originally published version of this article, the mean reduction in serum estradiol (E2) levels for the 1 mg group was incorrectly printed as “− 0.45 pg/mL (95% CI: − 152.51 to − 28.39)”. The correct value is “− 90.45 pg/mL (95% CI: − 152.51 to − 28.39)”. ⟦NEXT⟧ The original article has been corrected. || In the originally published version of this article, the mean reduction in serum estradiol (E2) levels for the 1 mg group was incorrectly printed as “− 0.45 pg/mL (95% CI: − 152.51 to − 28.39)”. The correct value is “− 90.45 pg/mL (95% CI: − 152.51 to − 28.39)”. ⟦NEXT⟧ The original article has been corrected.",https://pubmed.ncbi.nlm.nih.gov/41442031/,https://pmc.ncbi.nlm.nih.gov/articles/PMC12909403/,,,,,
33477738,PMC7829958,2021,International journal of molecular sciences,"Correction: Abughanam, G., et al. Mesenchymal Stem Cells Extract (MSCsE)-Based Therapy Alleviates Xerostomia and Keratoconjunctivitis Sicca in Sjogren's Syndrome-Like Disease. Int. J. Mol. Sci. 2019, 20 , 4750.",exact_replacement_candidate,exact_language|location|visual|multiple_numbers,31557796,"The authors wish to make the following corrections to this paper [ 1 ]: ⟦NEXT⟧ Figure 2B was mistakenly replaced by Figure 2D, the corrected Figure 2 is shown below: ⟦NEXT⟧ We apologize for any inconvenience brought to the readers.",https://pubmed.ncbi.nlm.nih.gov/33477738/,https://pmc.ncbi.nlm.nih.gov/articles/PMC7829958/,,,,,
39932916,PMC11813100,2025,PloS one,Correction: The dynamic lives of osseous points from Late Palaeolithic/Early Mesolithic Doggerland: A detailed functional study of barbed and unbarbed points from the Dutch North Sea.,numeric_or_symbolic_candidate,location|visual|multiple_numbers,37531378,"In the Archaeological points subsection of the Materials and methods, there is a sentence missing between the first and second sentences of the third paragraph. The missing sentence is: Seven of these points (NSM2, 3, 6, 7, 8, 9, 18) were previously analysed with a macro and morphometric approach by Spithoven [29] but were reanalysed here to obtain a very high level of detail that is consistent with this study. ⟦NEXT⟧ In the Microwear traces subsection of the Results, there is an error in the fifth sentence of the first paragraph. The correct sentence is: This polish closely resembles the polish on an experimental point shot into a salmon ( Fig 8A and 8B , experiments conducted by Spithoven, [29]). ⟦NEXT⟧ In the Microwear traces subsection of the Results, there is an error in the tenth sentence of the first paragraph. The correct sentence is: A similar bone polish is also visible on an experimental point used to shoot a carcass ( Fig 8D and 8E , experiment conducted by Spithoven, [29]). ⟦NEXT⟧ In the Points size and prey targeted subsection of the Discussions, there is an error in the first sentence of the first paragraph. The correct sentence is: Both large and small barbed points studied here show macroscopic evidence of their use as projectiles (see also [29]). || In the Microwear traces subsection of the Results, there is an error in the fifth sentence of the first paragraph. The correct sentence is: This polish closely resembles the polish on an experimental point shot into a salmon ( Fig 8A and 8B , experiments conducted by Spithoven, [29]). ⟦NEXT⟧ In the Microwear traces subsection of the Results, there is an error in the tenth sentence of the first paragraph. The correct sentence is: A similar bone polish is also visible on an experimental point used to shoot a carcass ( Fig 8D and 8E , experiment conducted by Spithoven, [29]). ⟦NEXT⟧ In the Points size and prey targeted subsection of the Discussions, there is an error in the first sentence of the first paragraph. The correct sentence is: Both large and small barbed points studied here show macroscopic evidence of their use as projectiles (see also [29]). ⟦NEXT⟧ In the Points size and prey targeted subsection of the Discussions, there is an error in the first sentence of the second paragraph. The correct sentence is: Previously it has been suggested that small points were arrow tips and the larger ones were spear tips based on size, weight, and shape of the barbs [ 14 , 29, 65 ]. || In the Points size and prey targeted subsection of the Discussions, there is an error in the first sentence of the first paragraph. The correct sentence is: Both large and small barbed points studied here show macroscopic evidence of their use as projectiles (see also [29]). ⟦NEXT⟧ In the Points size and prey targeted subsection of the Discussions, there is an error in the first sentence of the second paragraph. The correct sentence is: Previously it has been suggested that small points were arrow tips and the larger ones were spear tips based on size, weight, and shape of the barbs [ 14 , 29, 65 ]. ⟦NEXT⟧ In the Reconstruction of hafting methods subsection of the Discussions, there is an error in the eighth sentence of the first paragraph. The correct sentence is: We hypothesise that this point was reused and re-hafted several times on a bevelled shaft allowing traces to form on both sides, underlining a hypothesis also made by Spithoven [29]. ⟦NEXT⟧ In The long life of barbed points: Reuse, rejuvenation, re-hafting subsection of the Discussions, there are errors in the first and second sentences of the second paragraph. The correct sentences are: This evidence highlights that during their use-life, Doggerland barbed points were intensively curated, reused, and re-hafted many times before being discarded or lost corroborating Spithoven’s earlier interpretation of the life cycle of the small points [29, p. 89]. The bone material accommodated this intense reuse, but material selection, e.g., human and brown bear bones, may also suggest that these points were imbued with specific cultural and symbolic connotations [26]. || In the Microwear traces subsection of the Results, there is an error in the tenth sentence of the first paragraph. The correct sentence is: A similar bone polish is also visible on an experimental point used to shoot a carcass ( Fig 8D and 8E , experiment conducted by Spithoven, [29]). ⟦NEXT⟧ In the Points size and prey targeted subsection of the Discussions, there is an error in the first sentence of the first paragraph. The correct sentence is: Both large and small barbed points studied here show macroscopic evidence of their use as projectiles (see also [29]). ⟦NEXT⟧ In the Points size and prey targeted subsection of the Discussions, there is an error in the first sentence of the second paragraph. The correct sentence is: Previously it has been suggested that small points were arrow tips and the larger ones were spear tips based on size, weight, and shape of the barbs [ 14 , 29, 65 ]. ⟦NEXT⟧ In the Reconstruction of hafting methods subsection of the Discussions, there is an error in the eighth sentence of the first paragraph. The correct sentence is: We hypothesise that this point was reused and re-hafted several times on a bevelled shaft allowing traces to form on both sides, underlining a hypothesis also made by Spithoven [29]. || In the Points size and prey targeted subsection of the Discussions, there is an error in the first sentence of the second paragraph. The correct sentence is: Previously it has been suggested that small points were arrow tips and the larger ones were spear tips based on size, weight, and shape of the barbs [ 14 , 29, 65 ]. ⟦NEXT⟧ In the Reconstruction of hafting methods subsection of the Discussions, there is an error in the eighth sentence of the first paragraph. The correct sentence is: We hypothesise that this point was reused and re-hafted several times on a bevelled shaft allowing traces to form on both sides, underlining a hypothesis also made by Spithoven [29]. ⟦NEXT⟧ In The long life of barbed points: Reuse, rejuvenation, re-hafting subsection of the Discussions, there are errors in the first and second sentences of the second paragraph. The correct sentences are: This evidence highlights that during their use-life, Doggerland barbed points were intensively curated, reused, and re-hafted many times before being discarded or lost corroborating Spithoven’s earlier interpretation of the life cycle of the small points [29, p. 89]. The bone material accommodated this intense reuse, but material selection, e.g., human and brown bear bones, may also suggest that these points were imbued with specific cultural and symbolic connotations [26]. ⟦NEXT⟧ There are errors in the caption for Fig 8 . Please see the complete, correct Fig 8 caption here.",https://pubmed.ncbi.nlm.nih.gov/39932916/,https://pmc.ncbi.nlm.nih.gov/articles/PMC11813100/,,,,,
25970179,PMC4430479,2015,PloS one,Correction: Simultaneous Automated Screening and Confirmatory Testing for Vasculitis-Specific ANCA.,metadata_or_nonpropositional,metadata,25225805,,https://pubmed.ncbi.nlm.nih.gov/25970179/,https://pmc.ncbi.nlm.nih.gov/articles/PMC4430479/,,,,,
31000781,PMC6473000,2019,Scientific reports,Publisher Correction: Diattenuation Imaging reveals different brain tissue properties.,exact_replacement_candidate,exact_language|location|formatting|multiple_numbers,30760789,"“The magnitude of D S is related to the strength of the diattenuation ( \documentclass[12pt]{minimal} \usepackage{amsmath} \usepackage{wasysym} \usepackage{amsfonts} \usepackage{amssymb} \usepackage{amsbsy} \usepackage{mathrsfs} \usepackage{upgreek} \setlength{\oddsidemargin}{-69pt} \begin{document}$$|{\mathscr{D}}_{{\rm{S}}}|\approx |\mathscr{D}|$$\end{document} | 𝒟 S | ≈ | 𝒟 | ), the sign indicates the phase φ D (cf. equation (1)): Positive values ( D S > 0 \documentclass[12pt]{minimal} \usepackage{amsmath} \usepackage{wasysym} \usepackage{amsfonts} \usepackage{amssymb} \usepackage{amsbsy} \usepackage{mathrsfs} \usepackage{upgreek} \setlength{\oddsidemargin}{-69pt} \begin{document}$$\iff $$\end{document} ⇔ I x > I y ) correspond to regions with D + and are shown in green (the transmitted light intensity becomes maximal when the light is polarised parallel to the fibre structure, i.e. in the x-direction)”. ⟦NEXT⟧ should read: ⟦NEXT⟧ “The magnitude of D S is related to the strength of the diattenuation (| D S | ≈ \documentclass[12pt]{minimal} \usepackage{amsmath} \usepackage{wasysym} \usepackage{amsfonts} \usepackage{amssymb} \usepackage{amsbsy} \usepackage{mathrsfs} \usepackage{upgreek} \setlength{\oddsidemargin}{-69pt} \begin{document}$$|\mathscr{D}|$$\end{document} | 𝒟 | ), the sign indicates the phase φ D (cf. equation (1)): Positive values ( D S > 0 \documentclass[12pt]{minimal} \usepackage{amsmath} \usepackage{wasysym} \usepackage{amsfonts} \usepackage{amssymb} \usepackage{amsbsy} \usepackage{mathrsfs} \usepackage{upgreek} \setlength{\oddsidemargin}{-69pt} \begin{document}$$\iff $$\end{document} ⇔ I x > I y ) correspond to regions with D + and are shown in green (the transmitted light intensity becomes maximal when the light is polarised parallel to the fibre structure, i.e. in the x-direction)”. ⟦NEXT⟧ In the methods section, under subheading ‘Preparation of brain sections’, || Correction to: Scientific Reports 10.1038/s41598-019-38506-w, published online 13 February 2019 ⟦NEXT⟧ This Article contains typographical errors introduced during the publication process. ⟦NEXT⟧ In the Results section, under subheading ‘Simulation Studies’,",https://pubmed.ncbi.nlm.nih.gov/31000781/,https://pmc.ncbi.nlm.nih.gov/articles/PMC6473000/,,,,,
33330112,PMC7716885,2020,Frontiers in oncology,Corrigendum: Identification and Validation of Novel Biomarkers for Diagnosis and Prognosis of Hepatocellular Carcinoma.,metadata_or_nonpropositional,exact_language|metadata|multiple_numbers,33102213,"In the published article, there was an error in affiliation 2, “State Key Laboratory of Genetic Engineering, School of Life Sciences, Institute of Biostatistics, Fudan University, Shanghai, China.” Instead of affiliation 2, it should be affiliation 5. ⟦NEXT⟧ The authors apologize for this error and state that this does not change the scientific conclusions of the article in any way. The original article has been updated.",https://pubmed.ncbi.nlm.nih.gov/33330112/,https://pmc.ncbi.nlm.nih.gov/articles/PMC7716885/,,,,,
25024514,PMC4094956,2014,The Indian journal of radiology & imaging,Erratum.,numeric_or_symbolic_candidate,location|multiple_numbers,24851004,"Page 44-50 ⟦NEXT⟧ Corrected version of this article available on the below given link : ⟦NEXT⟧ http://www.ijri.org/article.asp?issn=0971-3026;year=2014;volume=24;issue=1;spage=44;epage=50;a ulast=Singh ⟦NEXT⟧ The error is regretted || http://www.ijri.org/article.asp?issn=0971-3026;year=2014;volume=24;issue=1;spage=44;epage=50;a ulast=Singh ⟦NEXT⟧ The error is regretted ⟦NEXT⟧ - Editor, IJRI",https://pubmed.ncbi.nlm.nih.gov/25024514/,https://pmc.ncbi.nlm.nih.gov/articles/PMC4094956/,,,,,
31603933,PMC6788682,2019,PloS one,Correction: Lower prevalence of Blastocystis sp. infections in HIV positive compared to HIV negative adults in Ghana.,metadata_or_nonpropositional,metadata|multiple_numbers,31479472,"There is an error in affiliation 6 for the author Lavinia Fabeni. The correct affiliation 6 is: Department of Experimental Medicine, University of Rome ""Tor Vergata"", Rome, 00133, Italy.",https://pubmed.ncbi.nlm.nih.gov/31603933/,https://pmc.ncbi.nlm.nih.gov/articles/PMC6788682/,,,,,
35022693,PMC9189960,2022,International journal of epidemiology,Correction to: Prenatal exposure to nitrofurantoin and risk of childhood leukaemia: a registry-based cohort study in four Nordic countries.,numeric_or_symbolic_candidate,location|visual|metadata|multiple_numbers,34643691,"Published online: 13 October 2021, International Journal of Epidemiology , dyab219, https://doi.org/10.1093/ije/dyab219 ⟦NEXT⟧ The number of live-born singletons in Norway was presented incorrectly in Figure 1. The correct number is 412,807. This means that the total number of live-born singletons in the study period was 3,130,848 and the number of children unexposed to pivmecillinam and nitrofurantoin was 2,808,757. The error did not affect the included study sample, or any other results.",https://pubmed.ncbi.nlm.nih.gov/35022693/,https://pmc.ncbi.nlm.nih.gov/articles/PMC9189960/,,,,,
41060157,PMC12505284,2025,FEMS microbiology reviews,Correction to: Forging new paths in bacterial motility and sensory transduction: highlights from BLAST XVIII.,metadata_or_nonpropositional,metadata|formatting|multiple_numbers,40874756,"This is a correction to: TuAnh N Huynh, Sima Setayeshgar, Abhishek Shrivastava, Joanne Engel, Forging new paths in bacterial motility and sensory transduction: highlights from BLAST XVIII, FEMS Microbiology Reviews , Volume 49, 2025, https://doi.org/10.1093/femsre/fuaf042 ⟦NEXT⟧ In the originally published version of the manuscript there was a typographical error in the first name of the third author. This is now emended in the article to read: “Abhishek Shrivastava”.",https://pubmed.ncbi.nlm.nih.gov/41060157/,https://pmc.ncbi.nlm.nih.gov/articles/PMC12505284/,,,,,
35165258,PMC8844288,2022,Cell death & disease,Correction: The histone methyltransferase DOT1L is a new epigenetic regulator of pulmonary fibrosis.,numeric_or_symbolic_candidate,multiple_numbers,35039472,"Correction to: Cell Death and Disease 10.1038/s41419-021-04365-5, published online 17 January 2022 ⟦NEXT⟧ The original version of this article unfortunately contained a mistake in figures 1 and 2. The authors apologize for the mistake. The original article has been corrected.",https://pubmed.ncbi.nlm.nih.gov/35165258/,https://pmc.ncbi.nlm.nih.gov/articles/PMC8844288/,,,,,
26418340,PMC4587844,2015,PLoS genetics,Correction: Acceleration of the Glycolytic Flux by Steroid Receptor Coactivator-2 Is Essential for Endometrial Decidualization.,unusable_or_ambiguous,location|metadata|multiple_numbers,24204309,,https://pubmed.ncbi.nlm.nih.gov/26418340/,https://pmc.ncbi.nlm.nih.gov/articles/PMC4587844/,,,,,
37328904,PMC10276401,2023,Parasites & vectors,Correction: Soil-transmitted helminths and schistosome infections in Ethiopia: a systematic review of progress in their control over the past 20 years.,metadata_or_nonpropositional,metadata|multiple_numbers,33546757,"Correction: Parasites Vectors (2021) 14:97 https://doi.org/10.1186/s13071-021-04600-0 ⟦NEXT⟧ Following publication of the original article [ 1 ], it was flagged to the journal that the article had published with incorrect affiliation information: all of the authors had been assigned the same affiliation (affiliation ‘1’) in error. The article has now been updated with the correct affiliation information and the correct affiliation information may be found in this erratum. The authors thank you for reading this erratum and apologize for any inconvenience caused.",https://pubmed.ncbi.nlm.nih.gov/37328904/,https://pmc.ncbi.nlm.nih.gov/articles/PMC10276401/,,,,,
38570241,PMC11065706,2024,Animal bioscience,CORRIGENDUM.,exact_replacement_candidate,exact_language|location|visual|multiple_numbers,38271983,"The followings are to be changed in Anim Biosci 2024 Vol 37, No. 3 : 451-460. ⟦NEXT⟧ p-values of some parameters in Table 2 should be in bold.",https://pubmed.ncbi.nlm.nih.gov/38570241/,https://pmc.ncbi.nlm.nih.gov/articles/PMC11065706/,,,,,
37581015,PMC10424915,2021,Tobacco control,Correction: Menthol levels in cigarettes from eight manufacturers .,numeric_or_symbolic_candidate,location|visual|multiple_numbers,28667094,"The research letter “Menthol levels in cigarettes from eight manufacturers” reports concentrations of menthol in whole cigarettes from eight manufacturers in the United States. As our research has progressed, we have re-examined our results and have identified an error in the calculations that were used to determine the reported menthol concentrations. The analytical method used to quantitate menthol concentrations in whole cigarettes was originally developed for only unburned tobacco (eg, tobacco filler). When the method was applied to whole cigarettes, we discovered that we did not account for the mass of the tobacco (400 mg) that was used in the validation of the analytical method. Because the calibration curve originally used to quantitate menthol concentrations has units of μg/g, the cigarette mass was also applied incorrectly. As a result, the calibration curve and subsequent product menthol concentrations quantitated under the original conditions in μg/g should have been adjusted by a factor of 0.4 to provide the correct concentration of menthol found in each cigarette product (μg/cig). Figure 1 , has been revised to reflect the correct menthol concentrations from the different manufacturers. Table 1 contains the measured menthol concentration ranges for each manufacturer so that readers can see the measured menthol concentrations used to create figure 1 . Because the calculation error applies to all products, relative concentration comparisons made in the manuscript between products remain unchanged. ⟦NEXT⟧ The manuscript contains discussion on product comparisons that require modification. None of the measured menthol contents exceed 10 mg/cigarette. RJ Reynolds’ Capri Green has the least measured menthol content (1.31 mg/cigarette) among the tested menthol cigarettes. However, this lowest measured menthol is above the menthol perception threshold of 1 mg/g of tobacco [Ref six in original paper; Hopp R. Menthol: its origin, chemistry, physiology and toxicological properties. Rec Adv Tobacco Sci 1993;19:3–46]. Corrected menthol amounts are shown in table 2 below. ⟦NEXT⟧ The analytical method remains fit for purpose. After investigation, the validation parameters and errors in reported menthol concentrations were found to be solely due to the mathematical issue discussed above. Overall, the conclusions of the manuscript are unaffected by the changes to reported menthol concentrations.",https://pubmed.ncbi.nlm.nih.gov/37581015/,https://pmc.ncbi.nlm.nih.gov/articles/PMC10424915/,,,,,
37006820,PMC10061066,2023,Frontiers in digital health,Erratum: A blended e-health intervention for improving functional capacity in elderly patients on haemodialysis: A feasibility study.,metadata_or_nonpropositional,location|metadata,36561924,An omission to the Funding section of the original article was made in error. The following sentence has been added: “Open access funding was provided by ETH Zurich”. ⟦NEXT⟧ The original article has been updated.,https://pubmed.ncbi.nlm.nih.gov/37006820/,https://pmc.ncbi.nlm.nih.gov/articles/PMC10061066/,,,,,
37205638,PMC10198473,2023,PLoS genetics,Correction: Suppression of class I compensated cell enlargement by xs2 mutation is mediated by salicylic acid signaling.,numeric_or_symbolic_candidate,location|visual|multiple_numbers,32584819,"In Fig 5 , the authors showed xs2 npr1 double mutant phenotype to suggest that the suppression of cell expansion in the xs2 mutant was mediated via the NPR1-dependent pathway downstream of salicylic acid signaling. Incorrect lines were mistakenly used, resulting in the loss of the xs2 mutation. The authors have re-examined the correct double mutants of xs2 npr1 and found that the cell size in these double mutants was similar to that in xs2 single mutants. Please see the updated Fig 5 below. ⟦NEXT⟧ Characterization of the xs2 npr1 double mutant. (A) Rosette phenotype of xs2, npr1 and xs2 npr1 mutants. Plants were grown for three weeks under a 16-h-light/8-h-dark fluorescent illumination cycle at 22°C. Bars: 10 mm. (B) Estimated cell number and (C) cell size in WT and xs2, npr1 and xs2 npr1 mutants. First leaves from three-week-old plants were used for observation. (n ≥ 240 cells from more than eight leaves). Means + SD. ⟦NEXT⟧ Characterization of the xs2 npr1 double mutant.",https://pubmed.ncbi.nlm.nih.gov/37205638/,https://pmc.ncbi.nlm.nih.gov/articles/PMC10198473/,,,,,
37709594,PMC10638449,2023,Redox biology,"Corrigendum to ""RNA binding protein IGF2BP1 meditates oxidative stress-induced granulosa cell dysfunction by regulating MDM2 mRNA stability in an m6A-dependent manner"" [Redox Biol. 57 (2022) 102492/102492].",numeric_or_symbolic_candidate,location|visual|multiple_numbers,36182806,"The authors regret that an error has been identified in Fig. 5C. During the preparation of the figures, we duplicated Fig. 6B into Fig. 5 to maintain a consistent layout. However, we inadvertently missed to replace the images for the “siIGF2BP1” group in Fig. 5C, resulting in an image repetition. Please find below the corrected Figure 5 with the appropriate images for the “siIGF2BP1” group. This error does not affect the conclusions drawn in our article. ⟦NEXT⟧ The authors would like to apologise for any inconvenience caused. Image 1",https://pubmed.ncbi.nlm.nih.gov/37709594/,https://pmc.ncbi.nlm.nih.gov/articles/PMC10638449/,,,,,
30495580,PMC5679852,2018,The London medical and physical journal,Erratum.,unusable_or_ambiguous,,30495583,,https://pubmed.ncbi.nlm.nih.gov/30495580/,https://pmc.ncbi.nlm.nih.gov/articles/PMC5679852/,,,,,
41699630,PMC12908353,2026,Molecular cancer,Correction: The circACTN4 interacts with FUBP1 to promote tumorigenesis and progression of breast cancer by regulating the expression of proto-oncogene MYC.,numeric_or_symbolic_candidate,location|visual|metadata|multiple_numbers,34116677,"https://doi.org/10.1186/s12943-021-01383-x ⟦NEXT⟧ Following publication of the original article [ 1 ], the authors would like to correct an error in Fig. 3E. Specifically, the authors identified that the “mock” and “si-circ#2” images for the MCF-7 cell line partially overlap. After reviewing the source files, the authors confirmed that images saved in the same folder were inadvertently misused during figure assembly in Adobe Photoshop. This correction does not affect the results and conclusions of this study. The incorrect and correct figures are provided below: ⟦NEXT⟧ Incorrect figure: ⟦NEXT⟧ Correct figure: || Correction: Mol Cancer 20 , 91 (2021) ⟦NEXT⟧ https://doi.org/10.1186/s12943-021-01383-x ⟦NEXT⟧ Following publication of the original article [ 1 ], the authors would like to correct an error in Fig. 3E. Specifically, the authors identified that the “mock” and “si-circ#2” images for the MCF-7 cell line partially overlap. After reviewing the source files, the authors confirmed that images saved in the same folder were inadvertently misused during figure assembly in Adobe Photoshop. This correction does not affect the results and conclusions of this study. The incorrect and correct figures are provided below: || Following publication of the original article [ 1 ], the authors would like to correct an error in Fig. 3E. Specifically, the authors identified that the “mock” and “si-circ#2” images for the MCF-7 cell line partially overlap. After reviewing the source files, the authors confirmed that images saved in the same folder were inadvertently misused during figure assembly in Adobe Photoshop. This correction does not affect the results and conclusions of this study. The incorrect and correct figures are provided below: ⟦NEXT⟧ Incorrect figure: ⟦NEXT⟧ Correct figure:",https://pubmed.ncbi.nlm.nih.gov/41699630/,https://pmc.ncbi.nlm.nih.gov/articles/PMC12908353/,,,,,
32660476,PMC7359248,2020,Malaria journal,Correction to: Methods and indicators for measuring patterns of human exposure to malaria vectors.,exact_replacement_candidate,exact_language|location|formatting|multiple_numbers,32546166,"For Box 1, Eq. 7 appeared outside of the box, in the main article body. ⟦NEXT⟧ While in the HTML version: For Box 3, the text beginning with “None of the validation steps…” (from the section “Considerations for entomological data collection”) appeared erroneously in the box instead of the main article body. For Box 4, the text beginning with “Direct observation of human behaviour…” (from the section “Considerations for human behavioural data collection”) appeared erroneously in the box instead of the main article body. ⟦NEXT⟧ For Box 3, the text beginning with “None of the validation steps…” (from the section “Considerations for entomological data collection”) appeared erroneously in the box instead of the main article body. ⟦NEXT⟧ For Box 4, the text beginning with “Direct observation of human behaviour…” (from the section “Considerations for human behavioural data collection”) appeared erroneously in the box instead of the main article body. || While in the HTML version: For Box 3, the text beginning with “None of the validation steps…” (from the section “Considerations for entomological data collection”) appeared erroneously in the box instead of the main article body. For Box 4, the text beginning with “Direct observation of human behaviour…” (from the section “Considerations for human behavioural data collection”) appeared erroneously in the box instead of the main article body. ⟦NEXT⟧ For Box 3, the text beginning with “None of the validation steps…” (from the section “Considerations for entomological data collection”) appeared erroneously in the box instead of the main article body. ⟦NEXT⟧ For Box 4, the text beginning with “Direct observation of human behaviour…” (from the section “Considerations for human behavioural data collection”) appeared erroneously in the box instead of the main article body. ⟦NEXT⟧ The original article [ 1 ] has now been updated to correct this. || For Box 3, the text beginning with “None of the validation steps…” (from the section “Considerations for entomological data collection”) appeared erroneously in the box instead of the main article body. ⟦NEXT⟧ For Box 4, the text beginning with “Direct observation of human behaviour…” (from the section “Considerations for human behavioural data collection”) appeared erroneously in the box instead of the main article body. ⟦NEXT⟧ The original article [ 1 ] has now been updated to correct this. ⟦NEXT⟧ The publisher apologizes for any inconvenience caused. || Correction to: Malar J (2020) 19:207 10.1186/s12936-020-03271-z ⟦NEXT⟧ Following publication of the original article [ 1 ], the authors reported an error in the formatting of Boxes 1, 3 and 4, affecting either the HTML or the PDF versions of the article. ⟦NEXT⟧ To explain the errors further: || Correction to: Malar J (2020) 19:207 10.1186/s12936-020-03271-z ⟦NEXT⟧ Following publication of the original article [ 1 ], the authors reported an error in the formatting of Boxes 1, 3 and 4, affecting either the HTML or the PDF versions of the article. ⟦NEXT⟧ To explain the errors further: ⟦NEXT⟧ In the PDF version of the article: For Box 1, Eq. 7 appeared outside of the box, in the main article body.",https://pubmed.ncbi.nlm.nih.gov/32660476/,https://pmc.ncbi.nlm.nih.gov/articles/PMC7359248/,,,,,
31399033,PMC6688215,2019,Cardiovascular diabetology,Correction to: Effect of liraglutide on cardiac function in patients with type 2 diabetes mellitus: randomized placebo-controlled trial.,numeric_or_symbolic_candidate,location|visual|multiple_numbers,31039778,"Correction to: Bizino et al. Cardiovasc Diabetol (2019) 18:55 10.1186/s12933-019-0857-6 ⟦NEXT⟧ Following publication of the original article [ 1 ], the authors reported an error in Fig. 3. The bars in the upper right panel that represent heart rate in placebo treated patients is not correct. The revised Fig. 3 is given here. Fig. 3 LV systolic function. Bar graphs of MRI-derived indices of systolic function. Blue bars indicate baseline measurement and red bars follow-up. In the liraglutide group stroke volume decreased, whereas cardiac index remained unchanged because of the increased heart rate. Bpm beats per minute ⟦NEXT⟧ LV systolic function. Bar graphs of MRI-derived indices of systolic function. Blue bars indicate baseline measurement and red bars follow-up. In the liraglutide group stroke volume decreased, whereas cardiac index remained unchanged because of the increased heart rate. Bpm beats per minute ⟦NEXT⟧ The authors wish to apologise for this error. || Correction to: Bizino et al. Cardiovasc Diabetol (2019) 18:55 10.1186/s12933-019-0857-6 ⟦NEXT⟧ Following publication of the original article [ 1 ], the authors reported an error in Fig. 3. The bars in the upper right panel that represent heart rate in placebo treated patients is not correct. The revised Fig. 3 is given here. Fig. 3 LV systolic function. Bar graphs of MRI-derived indices of systolic function. Blue bars indicate baseline measurement and red bars follow-up. In the liraglutide group stroke volume decreased, whereas cardiac index remained unchanged because of the increased heart rate. Bpm beats per minute ⟦NEXT⟧ LV systolic function. Bar graphs of MRI-derived indices of systolic function. Blue bars indicate baseline measurement and red bars follow-up. In the liraglutide group stroke volume decreased, whereas cardiac index remained unchanged because of the increased heart rate. Bpm beats per minute || LV systolic function. Bar graphs of MRI-derived indices of systolic function. Blue bars indicate baseline measurement and red bars follow-up. In the liraglutide group stroke volume decreased, whereas cardiac index remained unchanged because of the increased heart rate. Bpm beats per minute ⟦NEXT⟧ The authors wish to apologise for this error.",https://pubmed.ncbi.nlm.nih.gov/31399033/,https://pmc.ncbi.nlm.nih.gov/articles/PMC6688215/,,,,,
31684855,PMC6827251,2019,BMC evolutionary biology,Correction to: Mitochondrial phylogeography of baboons (Papio spp.) - Indication for introgressive hybridization?,numeric_or_symbolic_candidate,location|visual|metadata|multiple_numbers,19389236,"Correction to: BMC Evol Biol (2009) 9:83 ⟦NEXT⟧ https://doi.org/10.1186/1471-2148-9-83 ⟦NEXT⟧ Following publication of the original article [ 1 ], we have been notified that some of the NCB accession numbers were incorrectly associated to their corresponding taxon in the Additional file 1 . || https://doi.org/10.1186/1471-2148-9-83 ⟦NEXT⟧ Following publication of the original article [ 1 ], we have been notified that some of the NCB accession numbers were incorrectly associated to their corresponding taxon in the Additional file 1 . ⟦NEXT⟧ In this correction, the revised supplementary material is included. ⟦NEXT⟧ Supplementary information || Following publication of the original article [ 1 ], we have been notified that some of the NCB accession numbers were incorrectly associated to their corresponding taxon in the Additional file 1 . ⟦NEXT⟧ In this correction, the revised supplementary material is included. ⟦NEXT⟧ Supplementary information ⟦NEXT⟧ Additional file 1. Geographic origin of samples and GenBank accession numbers. In this table we provide information on the geographic origin of our samples, their haplotype designation, and the respective GenBank accession numbers for complete cytochrome b and ‘Brown region’ sequences.",https://pubmed.ncbi.nlm.nih.gov/31684855/,https://pmc.ncbi.nlm.nih.gov/articles/PMC6827251/,,,,,
41303725,PMC12652680,2025,International journal of molecular sciences,"Correction: Elboughdiri et al. Comprehensive Investigation of Cu 2+ Adsorption from Wastewater Using Olive-Waste-Derived Adsorbents: Experimental and Molecular Insights. Int. J. Mol. Sci. 2024, 25 , 1028.",numeric_or_symbolic_candidate,location|visual|multiple_numbers,38256105,"In the original publication [ 1 ], there was a mistake in the legend for Table 2. The authors mistakenly reported erroneous values of ΔG°. This has now been corrected. We recalculated all thermodynamic parameters based on Equation (7) and updated Table 2 accordingly. The correct legend appears below. The authors state that the scientific conclusions are unaffected. This correction was approved by the Academic Editor. The original publication has also been updated.",https://pubmed.ncbi.nlm.nih.gov/41303725/,https://pmc.ncbi.nlm.nih.gov/articles/PMC12652680/,,,,,
32962740,PMC7509916,2020,Parasites & vectors,Correction to: The tree that hides the forest: cryptic diversity and phylogenetic relationships in the Palaearctic vector Obsoletus/Scoticus complex (Diptera: Ceratopogonidae) at the European level.,metadata_or_nonpropositional,metadata|multiple_numbers,32434592,"Correction to: Parasites Vectors (2020) 13:265 10.1186/s13071-020-04114-1 ⟦NEXT⟧ Following publication of the original article [ 1 ], the authors flagged that unfortunately there is an error with the affiliations. ⟦NEXT⟧ The affiliation of Zati Vatansever (31) is listed as “Veterinary Control Central Research Institute, Ankara, Turkey”. || Correction to: Parasites Vectors (2020) 13:265 10.1186/s13071-020-04114-1 ⟦NEXT⟧ Following publication of the original article [ 1 ], the authors flagged that unfortunately there is an error with the affiliations. ⟦NEXT⟧ The affiliation of Zati Vatansever (31) is listed as “Veterinary Control Central Research Institute, Ankara, Turkey”. ⟦NEXT⟧ However, the correct affiliation is “Faculty of Veterinary Medicine, Department of Parasitology, Kafkas University, Kars, Turkey”.",https://pubmed.ncbi.nlm.nih.gov/32962740/,https://pmc.ncbi.nlm.nih.gov/articles/PMC7509916/,,,,,
28546259,PMC6456794,2017,Annals of the rheumatic diseases,Correction.,unusable_or_ambiguous,multiple_numbers,23897772,,https://pubmed.ncbi.nlm.nih.gov/28546259/,https://pmc.ncbi.nlm.nih.gov/articles/PMC6456794/,,,,,
34387716,PMC8360817,2021,"Bundesgesundheitsblatt, Gesundheitsforschung, Gesundheitsschutz",[Not Available].,numeric_or_symbolic_candidate,multiple_numbers,33856510,Erratum zu: ⟦NEXT⟧ Bundesgesundheitsbl 2021 ⟦NEXT⟧ 10.1007/s00103-021-03307-y,https://pubmed.ncbi.nlm.nih.gov/34387716/,https://pmc.ncbi.nlm.nih.gov/articles/PMC8360817/,,,,,
38538577,PMC10973411,2024,Nature communications,Author Correction: CAR-T cell therapy-related cytokine release syndrome and therapeutic response is modulated by the gut microbiome in hematologic malignancies.,exact_replacement_candidate,exact_language|location|visual|multiple_numbers,36085303,"Correction to: Nature Communications 10.1038/s41467-022-32960-3, published online 09 September 2022 ⟦NEXT⟧ The original version of this Article had numerical mistakes in the source data corresponding to figure 1a, some values (or textual entries) were missing (cells 1P, 18P), and some were incorrect (cells 3Q, 4J, 11J-P, 17K-L, 18N, 30B, 30E, 30J-K, 30N, 39E, 39J, 40E, 40J, 41E, 54J, 63J-L, 65B, 65K, 65N, 73E, 73J, 74E, 74J, 78N-P, 85J). These are replaced with the correct entries. ⟦NEXT⟧ Column B of the source data corresponding to Supplementary Table 1 is now deleted, due to confidentiality concerns. ⟦NEXT⟧ Accordingly, the text of the “Clinical trial outcomes” section of the Results has been corrected: || Correction to: Nature Communications 10.1038/s41467-022-32960-3, published online 09 September 2022 ⟦NEXT⟧ The original version of this Article had numerical mistakes in the source data corresponding to figure 1a, some values (or textual entries) were missing (cells 1P, 18P), and some were incorrect (cells 3Q, 4J, 11J-P, 17K-L, 18N, 30B, 30E, 30J-K, 30N, 39E, 39J, 40E, 40J, 41E, 54J, 63J-L, 65B, 65K, 65N, 73E, 73J, 74E, 74J, 78N-P, 85J). These are replaced with the correct entries. ⟦NEXT⟧ Column B of the source data corresponding to Supplementary Table 1 is now deleted, due to confidentiality concerns. || Column B of the source data corresponding to Supplementary Table 1 is now deleted, due to confidentiality concerns. ⟦NEXT⟧ Accordingly, the text of the “Clinical trial outcomes” section of the Results has been corrected: ⟦NEXT⟧ Line 10: “Within 1 month after BCMA CAR-T cell infusion, 2 patients died of cerebral hemorrhage and 4 died of severe infections. ⟦NEXT⟧ Of the 95 evaluable patients, 91 (95.8%) had an overall response.”",https://pubmed.ncbi.nlm.nih.gov/38538577/,https://pmc.ncbi.nlm.nih.gov/articles/PMC10973411/,,,,,
29390589,PMC5758291,2017,Medicine,Multiple aneurysms and gastrointestinal involvement in Behcet's disease: A case report: Erratum.,metadata_or_nonpropositional,metadata|multiple_numbers,29245353,,https://pubmed.ncbi.nlm.nih.gov/29390589/,https://pmc.ncbi.nlm.nih.gov/articles/PMC5758291/,,,,,
26631078,PMC4668607,2015,Genome biology,Erratum to: Visualizing translocation dynamics and nascent transcript errors in paused RNA polymerases in vivo.,numeric_or_symbolic_candidate,location|visual|multiple_numbers,25976475,"After the publication of this work [ 1 ], we noticed an error whereby Fig. 3b is missing the label ΔgreAB. The original version of this article was corrected. The corrected figure is given below: Fig. 3 Transcription pausing detected by RNET-seq in E. coli WT and Δ greAB cells. ( a ) Pause-inducing elements (PIEs) of the non-template DNA strand. Information content is represented by sequence logos [51]. Positions −1 and −10 of DNA ( gray ) correspond to the RNA ( blue ) 3′ and 5′ ends of the RNA-DNA hybrid within RNAP ( pink oval ) in pre-translocated ECs. The active site is shown as an empty square. P (0.9, 100) and P (0.9, 160) were used for WT ( n = 758) and Δ greAB ( n =419), respectively (see main text for the parameters). A frequency matrix and MAP scores for the PIEs are shown in Table S1 in Additional file 2. ( b ) Categorization of all RNAP pauses by RNA type. The non-coding RNA ( ncRNA ) and antisense RNA were defined using the gene annotation file of E. coli (see “Materials and methods”). ( c ) Pausing frequently occurs in regions proximal to transcript start sites ( TSS ). For panels B and C, P (0.7, 100) is used in order to increase the number of samples. Note that even when using this reduced stringency the consensus sequence for pausing remains unaffected (Fig. S6B in Additional file 1) ⟦NEXT⟧ Transcription pausing detected by RNET-seq in E. coli WT and Δ greAB cells. ( a ) Pause-inducing elements (PIEs) of the non-template DNA strand. Information content is represented by sequence logos [51]. Positions −1 and −10 of DNA ( gray ) correspond to the RNA ( blue ) 3′ and 5′ ends of the RNA-DNA hybrid within RNAP ( pink oval ) in pre-translocated ECs. The active site is shown as an empty square. P (0.9, 100) and P (0.9, 160) were used for WT ( n = 758) and Δ greAB ( n =419), respectively (see main text for the parameters). A frequency matrix and MAP scores for the PIEs are shown in Table S1 in Additional file 2. ( b ) Categorization of all RNAP pauses by RNA type. The non-coding RNA ( ncRNA ) and antisense RNA were defined using the gene annotation file of E. coli (see “Materials and methods”). ( c ) Pausing frequently occurs in regions proximal to transcript start sites ( TSS ). For panels B and C, P (0.7, 100) is used in order to increase the number of samples. Note that even when using this reduced stringency the consensus sequence for pausing remains unaffected (Fig. S6B in Additional file 1)",https://pubmed.ncbi.nlm.nih.gov/26631078/,https://pmc.ncbi.nlm.nih.gov/articles/PMC4668607/,,,,,
36700048,PMC9843247,2023,Molecular therapy. Nucleic acids,Erratum: Binding characterization of anthraquinone derivatives by stabilizing G-quadruplex DNA leads to an anticancerous activity.,unusable_or_ambiguous,location|metadata|multiple_numbers,36514353,,https://pubmed.ncbi.nlm.nih.gov/36700048/,https://pmc.ncbi.nlm.nih.gov/articles/PMC9843247/,,,,,
37289236,PMC10248957,2023,Clinical and experimental medicine,Correction to: Changing patterns and clinical outcomes of hospitalized patients with COVID‑19 severe pneumonia treated with remdesivir according to vaccination status: results from a real‑world retrospective study.,numeric_or_symbolic_candidate,location|multiple_numbers,36961678,"Correction to: Clinical and Experimental Medicine 10.1007/s10238-023-01036-x ⟦NEXT⟧ The original version of this article unfortunately contained a mistake. Modifications have been made in the following section Abstract, Introduction, Methods, Outcomes, Statistical analysis, Results, Discussion and Conclusions. ⟦NEXT⟧ The original article has been corrected. || The original version of this article unfortunately contained a mistake. Modifications have been made in the following section Abstract, Introduction, Methods, Outcomes, Statistical analysis, Results, Discussion and Conclusions. ⟦NEXT⟧ The original article has been corrected.",https://pubmed.ncbi.nlm.nih.gov/37289236/,https://pmc.ncbi.nlm.nih.gov/articles/PMC10248957/,,,,,
33218219,PMC7698732,2020,Cancers,"Correction: Wang, M., et al. HSP70-eIF4G Interaction Promotes Protein Synthesis and Cell Proliferation in Hepatocellular Carcinoma. Cancers 2020, 12 , 2262.",exact_replacement_candidate,exact_language|location|visual|multiple_numbers,32823513,"There was a mistake in the original version of the article in Figure 1. The label of “Tumor” and “Non-tumor” in Figure 1A is reversed. This is due to a mistake in the figure editing. The figure legend does not need to be changed. ⟦NEXT⟧ Thus, the original Figure 1 listed below: should be replaced with the following version: ⟦NEXT⟧ HSP70 and eIF4G expression are significantly higher in hepatocellular carcinoma (HCC) tumor specimens. ( A ) Representative pictures of H&E and IF staining. Magnification, 20×; Scale bar, 50μm. ( B ) The protein levels of HSP70 and eIF4G in HCC tumor specimens were significantly higher than those of adjacent non-tumor specimens. ( C ) Heatmap showing the relative protein expression of eIF4A, eIF4E, eIF4G, 4EBP1, and HSP70 in all HCC patients tissue samples based on IF staining results. ( D ) Heatmap showing the average relative protein expression of eIF4A, eIF4E, eIF4G, 4EBP1, and HSP70 in all patients in each TNM stage. ( E , F ) Protein expression of HSP70 and eIF4G in HCC patients displayed according to the TNM stage. ( G , H ) The scatter plot of correlation between the AFP level and the protein expression of HSP70 and eIF4G. * p < 0.05, *** p < 0.001 compared with the adjacent non-tumor groups. ⟦NEXT⟧ The authors state that this correction does not modify the scientific results of the study. The authors would like to apologize for any inconvenience caused to the readers by these changes. The manuscript will be updated, and the original will remain online on the article webpage. || The authors wish to make the following corrections to this paper [ 1 ]: ⟦NEXT⟧ There was a mistake in the original version of the article in Figure 1. The label of “Tumor” and “Non-tumor” in Figure 1A is reversed. This is due to a mistake in the figure editing. The figure legend does not need to be changed. ⟦NEXT⟧ Thus, the original Figure 1 listed below: should be replaced with the following version: ⟦NEXT⟧ HSP70 and eIF4G expression are significantly higher in hepatocellular carcinoma (HCC) tumor specimens. ( A ) Representative pictures of H&E and IF staining. Magnification, 20×; Scale bar, 50μm. ( B ) The protein levels of HSP70 and eIF4G in HCC tumor specimens were significantly higher than those of adjacent non-tumor specimens. ( C ) Heatmap showing the relative protein expression of eIF4A, eIF4E, eIF4G, 4EBP1, and HSP70 in all HCC patients tissue samples based on IF staining results. ( D ) Heatmap showing the average relative protein expression of eIF4A, eIF4E, eIF4G, 4EBP1, and HSP70 in all patients in each TNM stage. ( E , F ) Protein expression of HSP70 and eIF4G in HCC patients displayed according to the TNM stage. ( G , H ) The scatter plot of correlation between the AFP level and the protein expression of HSP70 and eIF4G. * p < 0.05, *** p < 0.001 compared with the adjacent non-tumor groups. || HSP70 and eIF4G expression are significantly higher in hepatocellular carcinoma (HCC) tumor specimens. ( A ) Representative pictures of H&E and IF staining. Magnification, 20×; Scale bar, 50μm. ( B ) The protein levels of HSP70 and eIF4G in HCC tumor specimens were significantly higher than those of adjacent non-tumor specimens. ( C ) Heatmap showing the relative protein expression of eIF4A, eIF4E, eIF4G, 4EBP1, and HSP70 in all HCC patients tissue samples based on IF staining results. ( D ) Heatmap showing the average relative protein expression of eIF4A, eIF4E, eIF4G, 4EBP1, and HSP70 in all patients in each TNM stage. ( E , F ) Protein expression of HSP70 and eIF4G in HCC patients displayed according to the TNM stage. ( G , H ) The scatter plot of correlation between the AFP level and the protein expression of HSP70 and eIF4G. * p < 0.05, *** p < 0.001 compared with the adjacent non-tumor groups. ⟦NEXT⟧ The authors state that this correction does not modify the scientific results of the study. The authors would like to apologize for any inconvenience caused to the readers by these changes. The manuscript will be updated, and the original will remain online on the article webpage.",https://pubmed.ncbi.nlm.nih.gov/33218219/,https://pmc.ncbi.nlm.nih.gov/articles/PMC7698732/,,,,,
33533942,PMC8057960,2021,European archives of oto-rhino-laryngology : official journal of the European Federation of Oto-Rhino-Laryngological Societies (EUFOS) : affiliated with the German Society for Oto-Rhino-Laryngology - Head and Neck Surgery,Correction to: Preoperative risk assessment for ambulatory sinonasal surgery.,exact_replacement_candidate,exact_language|location|multiple_numbers,33090277,"In the original publication of the article, under the abstract section, the subsections “Ethical consideration” and “Study design and patients” was included incorrectly. The correct abstract includes the subsections Objectives, Design, Setting, Participants, Main outcome measures, Results and Conclusions. ⟦NEXT⟧ In addition, under the material and methods section, the subsections “Ethical consideration” and “Study design and patients” was published incorrectly. The correct text should read as below, ⟦NEXT⟧ Material and methods ⟦NEXT⟧ Ethical considerations || Correction to: European Archives of Oto-Rhino-Laryngology 10.1007/s00405-020-06435-4 ⟦NEXT⟧ In the original publication of the article, under the abstract section, the subsections “Ethical consideration” and “Study design and patients” was included incorrectly. The correct abstract includes the subsections Objectives, Design, Setting, Participants, Main outcome measures, Results and Conclusions. ⟦NEXT⟧ In addition, under the material and methods section, the subsections “Ethical consideration” and “Study design and patients” was published incorrectly. The correct text should read as below, || Correction to: European Archives of Oto-Rhino-Laryngology 10.1007/s00405-020-06435-4 ⟦NEXT⟧ In the original publication of the article, under the abstract section, the subsections “Ethical consideration” and “Study design and patients” was included incorrectly. The correct abstract includes the subsections Objectives, Design, Setting, Participants, Main outcome measures, Results and Conclusions. ⟦NEXT⟧ In addition, under the material and methods section, the subsections “Ethical consideration” and “Study design and patients” was published incorrectly. The correct text should read as below, ⟦NEXT⟧ Material and methods",https://pubmed.ncbi.nlm.nih.gov/33533942/,https://pmc.ncbi.nlm.nih.gov/articles/PMC8057960/,,,,,
31265550,PMC4841414,2016,Medicine,Erratum: The Value of U/S to Determine Priority for Upper Gastrointestinal Endoscopy in Emergency Room: Erratum.,numeric_or_symbolic_candidate,location|metadata|multiple_numbers,26656368,"In the article “The Value of U/S to Determine Priority for Upper Gastrointestinal Endoscopy in Emergency Room”, 1 which appeared in Volume 94, Issue 49 of Medicine , several typos appeared in the “Limitations of the Study” section. Also, the author's degrees were not given in full in the byline. The article has since been corrected online.",https://pubmed.ncbi.nlm.nih.gov/31265550/,https://pmc.ncbi.nlm.nih.gov/articles/PMC4841414/,,,,,
41082484,PMC12517500,2025,PloS one,"Correction: Arthrospira platensis nanoparticles dietary supplementation improves growth performance, steroid hormone balance, and reproductive productivity of Nile tilapia (Oreochromis niloticus) broodstock.",exact_replacement_candidate,exact_language|location|visual|multiple_numbers,38917116,"In Table 4 , all treatments are labelled as “AN 0 ” instead of “AN 0 , AN 2 , AN 4 and AN 6 ”. Please see the correct Table 4 here. ⟦NEXT⟧ Blood biochemical parameters of O. niloticus broodstock fed different inclusion levels of A. platensis nanoparticles. ⟦NEXT⟧ AN 0 , AN 2 , AN 4 , and AN 6 are diets supplemented with A. platensis nanoparticles at levels of 0, 2, 4, and 6 g kg ─1 diet, respectively. GPT: Glutamic pyruvate transaminase (U mL ─1 ), AST: Aspartate aminotransferase (U mL ─1 ), ALT Alanine (U mL ─1 ). The presented data are Means ± SD ( n = 3 ). Different letters in the same row are significantly different ( p < 0.05 ), while the absence of letters means no significant differences.",https://pubmed.ncbi.nlm.nih.gov/41082484/,https://pmc.ncbi.nlm.nih.gov/articles/PMC12517500/,,,,,
39083513,PMC11290657,2024,PloS one,Correction: Determination of specific life changes on psychological distress during the COVID-19 pandemic.,exact_replacement_candidate,exact_language|location|visual|multiple_numbers,34460838,"The images for Figs 1 and 2 are incorrectly switched. The image that appears as Fig 1 should be Fig 2 , and the image that appears as Fig 2 should be Fig 1 . The figure captions appear in the correct order.",https://pubmed.ncbi.nlm.nih.gov/39083513/,https://pmc.ncbi.nlm.nih.gov/articles/PMC11290657/,,,,,
34308929,PMC8422847,2021,Journal of Alzheimer's disease : JAD,The Behavioral and Psychological Symptoms of Dementia in Down Syndrome Scale (BPSD-DS II): Optimization and Further Validation.,unusable_or_ambiguous,,33967040,,https://pubmed.ncbi.nlm.nih.gov/34308929/,https://pmc.ncbi.nlm.nih.gov/articles/PMC8422847/,,,,,
38503907,PMC11078838,2024,Surgical endoscopy,Correction: Explainable artificial intelligence prediction-based model in laparoscopic liver surgery for segments 7 and 8: an international multicenter study.,numeric_or_symbolic_candidate,multiple_numbers,38315197,Correction to: Surgical Endoscopy 10.1007/s00464-024-10681-6 ⟦NEXT⟧ The original online version of this article was revised to correct the presentation of the name of coauthor Mariano Albaladejo-González. ⟦NEXT⟧ The original article has been corrected. || The original online version of this article was revised to correct the presentation of the name of coauthor Mariano Albaladejo-González. ⟦NEXT⟧ The original article has been corrected.,https://pubmed.ncbi.nlm.nih.gov/38503907/,https://pmc.ncbi.nlm.nih.gov/articles/PMC11078838/,,,,,
35648408,PMC9161018,2022,JAMA network open,Error in Supplement 2.,numeric_or_symbolic_candidate,multiple_numbers,35344045,"In the Original Investigation titled “Racial Disparities in COVID-19 Outcomes Among Black and White Patients With Cancer,” 1 published March 28, 2022, there was an incorrect name in Supplement 2, the nonauthor collaborator list. Pier Vitale should have appeared as Pier Vitale Nuzzo. This article has been corrected. 1",https://pubmed.ncbi.nlm.nih.gov/35648408/,https://pmc.ncbi.nlm.nih.gov/articles/PMC9161018/,,,,,
34230455,PMC8260774,2021,Cell death discovery,Correction to: Interrogation of novel CDK2/9 inhibitor fadraciclib (CYC065) as a potential therapeutic approach for AML.,metadata_or_nonpropositional,location|metadata|multiple_numbers,34112754,"Correction to: Cell Death Discovery 7 :137; 10.1038/s41420-021-00496-y; published online 10 June 2021 ⟦NEXT⟧ The original version of this article unfortunately contained a mistake in the funding section. This research was funded by a Ph.D. studentship from the Royal Thai Government. Additional funding was provided by Cyclacel Ltd. This study was supported by the Glasgow Experimental Cancer Medicine Center, which is funded by Cancer Research UK [ C58789 /A251741] and the Chief Scientist’s Office, Scotland. Cell-sorting facilities were funded by the Kay Kendall Leukemia Fund (KKL501) and the Howat Foundation. The authors apologize for the mistake. The original article has been corrected.",https://pubmed.ncbi.nlm.nih.gov/34230455/,https://pmc.ncbi.nlm.nih.gov/articles/PMC8260774/,,,,,
25835298,PMC4383477,2015,PloS one,Correction: Sugarcane giant borer transcriptome analysis and identification of genes related to digestion.,metadata_or_nonpropositional,metadata|multiple_numbers,25706301,"The fifth author’s name is spelled incorrectly. The correct name is: José Dijair Antonino de Souza Júnior. The correct citation is: de Assis Fonseca FC, Firmino AAP, de Macedo LLP, Coelho RR, de Souza Júnior JDA, Silva-Junior O, et al. (2015) Sugarcane Giant Borer Transcriptome Analysis and Identification of Genes Related to Digestion. PLoS ONE 10(2): e0118231. doi: 10.1371/journal.pone.0118231",https://pubmed.ncbi.nlm.nih.gov/25835298/,https://pmc.ncbi.nlm.nih.gov/articles/PMC4383477/,,,,,
32110682,PMC7041126,2020,Open forum infectious diseases,Corrigendum to: Oral Vancomycin May Be Associated With Earlier Symptom Resolution Than Metronidazole for Hospitalized Children With Nonsevere Clostridioides difficile Infections.,metadata_or_nonpropositional,metadata|formatting|multiple_numbers,31950069,,https://pubmed.ncbi.nlm.nih.gov/32110682/,https://pmc.ncbi.nlm.nih.gov/articles/PMC7041126/,,,,,
22109878,PMC3215782,2011,Journal of community genetics,Erratum to: A short history of the first three years of the Community Genetics Network and its Newsletter.,unusable_or_ambiguous,,21949545,,https://pubmed.ncbi.nlm.nih.gov/22109878/,https://pmc.ncbi.nlm.nih.gov/articles/PMC3215782/,,,,,
42309613,PMC13308504,2026,"Journal, genetic engineering & biotechnology","Corrigendum to ""Evaluation of ARHGAP26 expression, prognostic significance, and immune infiltration in clear cell renal cell carcinoma"" [J. Genet. Eng. Biotechnol. 23(4) (2025) 100593].",unusable_or_ambiguous,,41386858,,https://pubmed.ncbi.nlm.nih.gov/42309613/,https://pmc.ncbi.nlm.nih.gov/articles/PMC13308504/,,,,,
35293391,PMC9119239,2022,Nature,Publisher Correction: Activation mechanism of PINK1.,metadata_or_nonpropositional,metadata|multiple_numbers,34933320,"Correction to: Nature 10.1038/s41586-021-04340-2Published online 21 December 2021 ⟦NEXT⟧ This article was originally published on 21 December 2021 with Open Access under a Creative Commons Attribution (CC BY) 4.0 International License. After publication the author(s) decided to cancel the Open Access. Therefore, the copyright of the article has been changed to a standard Springer Nature licence (© The Author(s), under exclusive licence to Springer Nature Limited). The original article has been corrected online",https://pubmed.ncbi.nlm.nih.gov/35293391/,https://pmc.ncbi.nlm.nih.gov/articles/PMC9119239/,,,,,
39077506,PMC11284495,2024,Journal of pharmaceutical analysis,"Corrigendum to ""Nitrosamines crisis in pharmaceuticals - Insights on toxicological implications, root causes and risk assessment: A systematic review"" [J. Pharm. Anal. 14 (2024) 100919].",numeric_or_symbolic_candidate,location|visual|formatting|multiple_numbers,38799236,"Original Fig. 1: Image 1 ⟦NEXT⟧ Corrected Fig. 1: Image 1 ⟦NEXT⟧ In the originally published Fig. 1, the dotted line is an artifact of the figure template used and does not represent any demarcation within the figure itself. The corrected Fig. 1, with the dotted line removed, avoids confusion for readers. The errors did not affect the results and conclusion of the whole study. ⟦NEXT⟧ The authors would like to apologize for any inconvenience caused. || Corrected Fig. 1: Image 1 ⟦NEXT⟧ In the originally published Fig. 1, the dotted line is an artifact of the figure template used and does not represent any demarcation within the figure itself. The corrected Fig. 1, with the dotted line removed, avoids confusion for readers. The errors did not affect the results and conclusion of the whole study. ⟦NEXT⟧ The authors would like to apologize for any inconvenience caused. || A total of 180 articles spanning from 1960 to the present day, including original research, reviews, case reports and studies reporting nitrosamine impurities above the no-observed-adverse-effect levels (NOAEL) established by regulatory agencies, were initially screened. During the primary screening, we considered factors such as relevance, publication date, access to the full article text, and content. Subsequently, in the secondary screening phase, we excluded the 33 reports including 15 with improper formats (such as case reports, letters, and short communications), 3 with incomplete content, and 15 with unavailable full texts. This process resulted in the selection of 147 articles for further evaluation. Of these, 2 articles were excluded from the study and 2 articles did not describe nitrosamine-induced toxicity or its pharmaceutical or analytical implications. In the end, 143 articles were chosen for systematic review. ⟦NEXT⟧ Corrected statement in the Section 2: ⟦NEXT⟧ Our primary screening of 190 articles yielded the relevant data for this study. ⟦NEXT⟧ A total of 190 articles spanning from 1960 to the present day, including original research, reviews, case reports and studies reporting nitrosamine impurities above the no-observed-adverse-effect levels (NOAEL) established by regulatory agencies, were initially screened. During the primary screening, we considered factors such as relevance, publication date, access to the full article text, and content. Subsequently, in the secondary screening phase, we excluded the 33 reports including 15 with improper formats (such as case reports, letters, and short communications), 3 with incomplete content, and 15 with unavailable full texts. This process resulted in the selection of 157 articles for further evaluation. Of these, 2 articles were excluded from the study and 2 articles did not describe nitrosamine-induced toxicity or its pharmaceutical or analytical implications. In the end, 153 articles were chosen for systematic review. || A total of 190 articles spanning from 1960 to the present day, including original research, reviews, case reports and studies reporting nitrosamine impurities above the no-observed-adverse-effect levels (NOAEL) established by regulatory agencies, were initially screened. During the primary screening, we considered factors such as relevance, publication date, access to the full article text, and content. Subsequently, in the secondary screening phase, we excluded the 33 reports including 15 with improper formats (such as case reports, letters, and short communications), 3 with incomplete content, and 15 with unavailable full texts. This process resulted in the selection of 157 articles for further evaluation. Of these, 2 articles were excluded from the study and 2 articles did not describe nitrosamine-induced toxicity or its pharmaceutical or analytical implications. In the end, 153 articles were chosen for systematic review. ⟦NEXT⟧ The authors regret to find that there is a typographical error in Section 2. The initial and final numbers of articles were misrepresented. The errors did not affect the results and conclusion of the whole study. ⟦NEXT⟧ Original Fig. 1: Image 1 ⟦NEXT⟧ Corrected Fig. 1: Image 1",https://pubmed.ncbi.nlm.nih.gov/39077506/,https://pmc.ncbi.nlm.nih.gov/articles/PMC11284495/,,,,,
25822898,PMC4378950,2015,PloS one,Correction: Polymorphisms of renin-angiotensin-aldosterone system gene in Chinese Han patients with nonfamilial atrial fibrillation.,metadata_or_nonpropositional,metadata,25723521,The seventh author’s name is spelled incorrectly. The correct name is Zhimin Wang.,https://pubmed.ncbi.nlm.nih.gov/25822898/,https://pmc.ncbi.nlm.nih.gov/articles/PMC4378950/,,,,,
33338424,PMC10073997,2021,The lancet. Psychiatry,Correction to Lancet Psychiatry 2021; 8: e4.,metadata_or_nonpropositional,exact_language|metadata|multiple_numbers,33308441,"Kapur N, Clements C, Appleby L, et al. Impact of the Covid-19 pandemic on the frequency of primary care-recorded mental illness and self-harm episodes in the UK: population-based cohort study of 14 million individuals . Lancet Psychiatry 2021; 8: e4 —In this Correspondence, the title should read “Effects of the COVID-19 pandemic on self-harm”. We have corrected the title and have updated the details to reference number four. These corrections have been made to the online version as of Dec 15, 2020, and and will be made to the printed version.",https://pubmed.ncbi.nlm.nih.gov/33338424/,https://pmc.ncbi.nlm.nih.gov/articles/PMC10073997/,,,,,
27185927,PMC4889419,2016,Proceedings of the National Academy of Sciences of the United States of America,"Correction for Buhrman et al., Quantum communication complexity advantage implies violation of a Bell inequality.",unusable_or_ambiguous,,26957600,,https://pubmed.ncbi.nlm.nih.gov/27185927/,https://pmc.ncbi.nlm.nih.gov/articles/PMC4889419/,,,,,
32433597,PMC7239944,2020,Scientific reports,Author Correction: The potential role of scavengers in spreading African swine fever among wild boar.,numeric_or_symbolic_candidate,multiple_numbers,31391480,"Correction to: Scientific Reports 10.1038/s41598-019-47623-5, published online 07 August 2019 ⟦NEXT⟧ In the original version of this Article, the file provided for Supplementary Dataset 7 was incorrect. This has been corrected in the HTML version of the Article; the PDF version was correct at time of publication.",https://pubmed.ncbi.nlm.nih.gov/32433597/,https://pmc.ncbi.nlm.nih.gov/articles/PMC7239944/,,,,,
34181050,PMC8289773,2021,Current microbiology,Correction to: Survival of Group A Streptococcus (GAS) is Enhanced Under Desiccated Culture Conditions.,metadata_or_nonpropositional,location|metadata|multiple_numbers,32240341,"Correction to: Current Microbiology (2020) 77:1518–1524 10.1007/s00284-020-01967-8 ⟦NEXT⟧ The article “Survival of Group A Streptococcus (GAS) is Enhanced Under Desiccated Culture Conditions”, written by Leonhard Menschner, Uta Falke, Peter Konrad, Nicole Toepfner, Reinhard Berner, was originally published electronically on the publisher’s internet portal on 2 April 2020 without open access. With the author(s)' decision to opt for Open Choice the copyright of the article changed on 4 June 2021 to © The Author(s) 2020 and the article is forthwith distributed under a Creative Commons Attribution 4.0 International License, which permits use, sharing, adaptation, distribution and reproduction in any medium or format, as long as you give appropriate credit to the original author(s) and the source, provide a link to the Creative Commons licence, and indicate if changes were made. The images or other third party material in this article are included in the article’s Creative Commons licence, unless indicated otherwise in a credit line to the material. If material is not included in the article’s Creative Commons licence and your intended use is not permitted by statutory regulation or exceeds the permitted use, you will need to obtain permission directly from the copyright holder. To view a copy of this licence, visit http://creativecommons.org/licenses/by/4.0 . ⟦NEXT⟧ The original article has been corrected. || The article “Survival of Group A Streptococcus (GAS) is Enhanced Under Desiccated Culture Conditions”, written by Leonhard Menschner, Uta Falke, Peter Konrad, Nicole Toepfner, Reinhard Berner, was originally published electronically on the publisher’s internet portal on 2 April 2020 without open access. With the author(s)' decision to opt for Open Choice the copyright of the article changed on 4 June 2021 to © The Author(s) 2020 and the article is forthwith distributed under a Creative Commons Attribution 4.0 International License, which permits use, sharing, adaptation, distribution and reproduction in any medium or format, as long as you give appropriate credit to the original author(s) and the source, provide a link to the Creative Commons licence, and indicate if changes were made. The images or other third party material in this article are included in the article’s Creative Commons licence, unless indicated otherwise in a credit line to the material. If material is not included in the article’s Creative Commons licence and your intended use is not permitted by statutory regulation or exceeds the permitted use, you will need to obtain permission directly from the copyright holder. To view a copy of this licence, visit http://creativecommons.org/licenses/by/4.0 . ⟦NEXT⟧ The original article has been corrected.",https://pubmed.ncbi.nlm.nih.gov/34181050/,https://pmc.ncbi.nlm.nih.gov/articles/PMC8289773/,,,,,
34814914,PMC8609834,2021,Journal of orthopaedic surgery and research,Correction to: Management of chronic knee pain caused by postsurgical or posttraumatic neuroma of the infrapatellar branch of the saphenous nerve.,numeric_or_symbolic_candidate,location|visual|multiple_numbers,34289862,"Correction to: Journal of Orthopaedic Surgery and Research (2021) 16:464 10.1186/s13018-021-02613-0 ⟦NEXT⟧ Following publication of the original article [1], the authors identified an error in Figs. 2 and 3. The correct figures are given below. Fig. 2 Multivariable logistic regression for independent predictors of clinically meaningful postoperative improvement in leg pain ⟦NEXT⟧ Fig. 3 Multivariable logistic regression for independent predictors of postoperative improvement in EQ-5D",https://pubmed.ncbi.nlm.nih.gov/34814914/,https://pmc.ncbi.nlm.nih.gov/articles/PMC8609834/,,,,,
34571359,PMC8484805,2021,The Journal of biological chemistry,Correction: Identification of an N6-methyladenosine-mediated positive feedback loop that promotes Epstein-Barr virus infection.,numeric_or_symbolic_candidate,location|visual|multiple_numbers,33741341,The data points for Figure 4 J were incorrect in the original version of this article. The t 1/2 and p values were calculated with the data points shown in the updated figure and remain the same. The results and conclusions are not changed. The authors apologize for this mistake.,https://pubmed.ncbi.nlm.nih.gov/34571359/,https://pmc.ncbi.nlm.nih.gov/articles/PMC8484805/,,,,,
37457600,PMC10349182,2023,Cureus,Correction: Surgical Versus Non-Surgical Treatments for the Knee: Which Is More Effective?,numeric_or_symbolic_candidate,location|multiple_numbers,36923205,"This article has been corrected to fix a typo incorrectly stating that 325 million Americans suffer from osteoarthritis. The correct number if 32.5 million. Both instances of this error, located in the Abstract and Introduction, have been corrected. The journal regrets that this typo was not identified and corrected prior to publication.",https://pubmed.ncbi.nlm.nih.gov/37457600/,https://pmc.ncbi.nlm.nih.gov/articles/PMC10349182/,,,,,
25927722,PMC4404127,2015,Molecular cancer,Erratum: OTUB1 de-ubiquitinating enzyme promotes prostate cancer cell invasion in vitro and tumorigenesis in vivo.,semantic_not_alignable,,25623341,"Erratum ⟦NEXT⟧ After publication of this study [ 1 ], we found that we unintentionally failed to provide the complete list of all coauthors. This error has now been corrected and the full list of authors contributing to this work is included. Authors’ contributions and Competing interests sections have been modified accordingly.",https://pubmed.ncbi.nlm.nih.gov/25927722/,https://pmc.ncbi.nlm.nih.gov/articles/PMC4404127/,,,,,
41021000,PMC12678520,2025,European journal of applied physiology,"Correction: Effects of 12-week free sprint training and speed, agility, and quickness training (SAQT) on reaction time and lower limb muscle activation during crouch start.",numeric_or_symbolic_candidate,multiple_numbers,40580212,"Correction: European Journal of Applied Physiology 10.1007/s00421-025-05830-1 ⟦NEXT⟧ In the original version of this article, the affiliations of authors’ Kok-Hwa Tan and Mei-Hsuan Wu were incorrectly given as ⟦NEXT⟧ Kok-Hwa Tan 2 || Correction: European Journal of Applied Physiology 10.1007/s00421-025-05830-1 ⟦NEXT⟧ In the original version of this article, the affiliations of authors’ Kok-Hwa Tan and Mei-Hsuan Wu were incorrectly given as ⟦NEXT⟧ Kok-Hwa Tan 2 ⟦NEXT⟧ 2 Precision Medicine Ph.D. Program, National Tsing Hua University, 30013 Hsinchu, Taiwan",https://pubmed.ncbi.nlm.nih.gov/41021000/,https://pmc.ncbi.nlm.nih.gov/articles/PMC12678520/,,,,,
33232596,PMC7803603,2020,"Endocrinology and metabolism (Seoul, Korea)",Corrigendum: Correction of Acknowledgments. Transcriptome Analysis Identifies an Attenuated Local Immune Response in Invasive Nonfunctioning Pituitary Adenomas.,metadata_or_nonpropositional,exact_language|location|metadata|multiple_numbers,31565884,"https://doi.org/10.3803/EnM.2019.34.3.314 ⟦NEXT⟧ In our recently published article, there were some missing contents in the Acknowledgments section, which should be properly added as follows.",https://pubmed.ncbi.nlm.nih.gov/33232596/,https://pmc.ncbi.nlm.nih.gov/articles/PMC7803603/,,,,,
30110325,PMC6093597,2018,PLoS genetics,Correction: Deletion of Nkx2-5 in trabecular myocardium reveals the developmental origins of pathological heterogeneity associated with ventricular non-compaction cardiomyopathy.,metadata_or_nonpropositional,location|metadata,29979676,,https://pubmed.ncbi.nlm.nih.gov/30110325/,https://pmc.ncbi.nlm.nih.gov/articles/PMC6093597/,,,,,
42487701,PMC13389673,2026,Frontiers in microbiology,Correction: 16S rRNA-based genetic diversity and symbiotic efficiency of indigenous cowpea-nodulating rhizobia from semiarid Eastern Kenya.,metadata_or_nonpropositional,metadata,42358258,,https://pubmed.ncbi.nlm.nih.gov/42487701/,https://pmc.ncbi.nlm.nih.gov/articles/PMC13389673/,,,,,
35471899,PMC9170066,2022,Proceedings of the National Academy of Sciences of the United States of America,"Correction for Morton et al., Mutant p53 drives metastasis and overcomes growth arrest/senescence in pancreatic cancer.",numeric_or_symbolic_candidate,location|visual|multiple_numbers,20018721,"Medical Sciences Correction for “Mutant p53 drives metastasis and overcomes growth arrest/senescence in pancreatic cancer,” by Jennifer P. Morton, Paul Timpson, Saadia A. Karim, Rachel A. Ridgway, Dimitris Athineos, Brendan Doyle, Nigel B. Jamieson, Karin A. Oien, Andrew M. Lowy, Valerie G. Brunton, Margaret C. Frame, T. R. Jeffry Evans, and Owen J. Sansom, which was first published December 29, 2010; 10.1073/pnas.0908428107 ( Proc. Natl. Acad. Sci. U.S.A. 107 , 246–251 ). ⟦NEXT⟧ The authors note that Fig. 2 and its corresponding legend appeared incorrectly. The corrected figure and its corrected legend appear below. The online version has been corrected. ⟦NEXT⟧ Senescence program is activated in Kras G12D -expressing cells in the normal pancreas but not in pancreatic tumors. ( A–C ) β-Galactosidase staining at pH 6, ( D–F ) p53 immunohistochemical staining, ( G–I ) p21 immunohistochemical staining, and ( J – L ) MCM2 immunohistochemical staining, in sections of frozen (β-galactosidase) or formalin-fixed paraffin-embedded pancreatic tissue. ( A , D , G , and J ) Normal pancreatic ducts in pancreata harvested from 6-week-old Pdx1-Cre-GFP, LSL-Kras G12D/+ (KC) mice, ( B, E, H , and K ) PanIN lesions in pancreata harvested from 6-week-old KC mice, and ( C, F, I , and L ) pancreatic ductal adenocarcinoma harvested from Pdx1-Cre-GFP, LSL-Kras G12D/+ , LSL-Trp53 R172H/+ (KPC) mice. Arrowheads indicate areas where p21 up-regulation has been lost. || Medical Sciences Correction for “Mutant p53 drives metastasis and overcomes growth arrest/senescence in pancreatic cancer,” by Jennifer P. Morton, Paul Timpson, Saadia A. Karim, Rachel A. Ridgway, Dimitris Athineos, Brendan Doyle, Nigel B. Jamieson, Karin A. Oien, Andrew M. Lowy, Valerie G. Brunton, Margaret C. Frame, T. R. Jeffry Evans, and Owen J. Sansom, which was first published December 29, 2010; 10.1073/pnas.0908428107 ( Proc. Natl. Acad. Sci. U.S.A. 107 , 246–251 ). ⟦NEXT⟧ The authors note that Fig. 2 and its corresponding legend appeared incorrectly. The corrected figure and its corrected legend appear below. The online version has been corrected. ⟦NEXT⟧ Senescence program is activated in Kras G12D -expressing cells in the normal pancreas but not in pancreatic tumors. ( A–C ) β-Galactosidase staining at pH 6, ( D–F ) p53 immunohistochemical staining, ( G–I ) p21 immunohistochemical staining, and ( J – L ) MCM2 immunohistochemical staining, in sections of frozen (β-galactosidase) or formalin-fixed paraffin-embedded pancreatic tissue. ( A , D , G , and J ) Normal pancreatic ducts in pancreata harvested from 6-week-old Pdx1-Cre-GFP, LSL-Kras G12D/+ (KC) mice, ( B, E, H , and K ) PanIN lesions in pancreata harvested from 6-week-old KC mice, and ( C, F, I , and L ) pancreatic ductal adenocarcinoma harvested from Pdx1-Cre-GFP, LSL-Kras G12D/+ , LSL-Trp53 R172H/+ (KPC) mice. Arrowheads indicate areas where p21 up-regulation has been lost. ⟦NEXT⟧ Additionally, the authors note that Fig. S7 in the SI Appendix appeared incorrectly. The SI Appendix has been corrected online. || Senescence program is activated in Kras G12D -expressing cells in the normal pancreas but not in pancreatic tumors. ( A–C ) β-Galactosidase staining at pH 6, ( D–F ) p53 immunohistochemical staining, ( G–I ) p21 immunohistochemical staining, and ( J – L ) MCM2 immunohistochemical staining, in sections of frozen (β-galactosidase) or formalin-fixed paraffin-embedded pancreatic tissue. ( A , D , G , and J ) Normal pancreatic ducts in pancreata harvested from 6-week-old Pdx1-Cre-GFP, LSL-Kras G12D/+ (KC) mice, ( B, E, H , and K ) PanIN lesions in pancreata harvested from 6-week-old KC mice, and ( C, F, I , and L ) pancreatic ductal adenocarcinoma harvested from Pdx1-Cre-GFP, LSL-Kras G12D/+ , LSL-Trp53 R172H/+ (KPC) mice. Arrowheads indicate areas where p21 up-regulation has been lost. ⟦NEXT⟧ Additionally, the authors note that Fig. S7 in the SI Appendix appeared incorrectly. The SI Appendix has been corrected online.",https://pubmed.ncbi.nlm.nih.gov/35471899/,https://pmc.ncbi.nlm.nih.gov/articles/PMC9170066/,,,,,
34933605,PMC8692952,2021,Proceedings. Biological sciences,Correction to 'Environment and phenology shape local adaptation in thermal performance'.,unusable_or_ambiguous,,34315262,,https://pubmed.ncbi.nlm.nih.gov/34933605/,https://pmc.ncbi.nlm.nih.gov/articles/PMC8692952/,,,,,
40127116,PMC12345792,2025,"Hepatology (Baltimore, Md.)","Erratum: HDV RNA assays: Performance characteristics, clinical utility, and challenges.",unusable_or_ambiguous,,37640384,,https://pubmed.ncbi.nlm.nih.gov/40127116/,https://pmc.ncbi.nlm.nih.gov/articles/PMC12345792/,,,,,
23525048,PMC3634411,2013,International journal of molecular sciences,"Correction: liang, j., et Al. Antisense oligonucleotide against clusterin regulates human hepatocellular carcinoma invasion through transcriptional regulation of matrix metalloproteinase-2 and e-cadherin. Int. J. Mol. Sci. 2012, 13, 10594-10607.",unusable_or_ambiguous,multiple_numbers,22949882,,https://pubmed.ncbi.nlm.nih.gov/23525048/,https://pmc.ncbi.nlm.nih.gov/articles/PMC3634411/,,,,,
27118494,PMC5558237,2016,Nature reviews. Clinical oncology,"The future of cancer treatment: immunomodulation, CARs and combination immunotherapy.",numeric_or_symbolic_candidate,location|multiple_numbers,26977780,"Nature Reviews Clinical Oncology 13 , 273–290 (2016) ⟦NEXT⟧ In the sentence “Results of a phase I trial 113 demonstrated that an agonist mAb targeting CD40 given as monotherapy has antitumour activity in patients with melanoma or RCC”, CD40 should have read OX40. This error has been corrected in the online HTML and PDF versions of the article.",https://pubmed.ncbi.nlm.nih.gov/27118494/,https://pmc.ncbi.nlm.nih.gov/articles/PMC5558237/,,,,,
36575223,PMC10082094,2023,Surgical endoscopy,Correction: Impact of shifting from laparoscopic to robotic surgery during 600 minimally invasive pancreatic and liver resections.,numeric_or_symbolic_candidate,location|multiple_numbers,36401105,Correction to: Surgical Endoscopy 10.1007/s00464-022-09735-4 ⟦NEXT⟧ The original online version of this article was revised to correct a typo in the presentation of “for HPB-Amsterdam” in the contributors' list and to correct an error in the graphical abstract. The original article has been corrected.,https://pubmed.ncbi.nlm.nih.gov/36575223/,https://pmc.ncbi.nlm.nih.gov/articles/PMC10082094/,,,,,
42597882,PMC13470663,2026,Frontiers in plant science,Correction: Biochar and milk vetch synergistically enhance rice yield and soil fertility via regulating N-cycling in reddish paddy fields.,metadata_or_nonpropositional,metadata,42403403,,https://pubmed.ncbi.nlm.nih.gov/42597882/,https://pmc.ncbi.nlm.nih.gov/articles/PMC13470663/,,,,,
37626189,PMC10499597,2023,Nature,Author Correction: Structural basis for directional chitin biosynthesis.,numeric_or_symbolic_candidate,location|visual|multiple_numbers,36131020,"Correction to: Nature 10.1038/s41586-022-05244-5 Published online 21 September 2022 ⟦NEXT⟧ In the version of the article originally published, the chemical structure in Fig. 4a was missing a nitrogen symbol on the far right, which is now been inserted in the HTML and PDF versions of the article.",https://pubmed.ncbi.nlm.nih.gov/37626189/,https://pmc.ncbi.nlm.nih.gov/articles/PMC10499597/,,,,,
29261788,PMC5738120,2017,PloS one,Correction: Diabetes risks and outcomes in chronic obstructive pulmonary disease patients: Two nationwide population-based retrospective cohort studies.,metadata_or_nonpropositional,exact_language|metadata|multiple_numbers,28813433,"There is an error in affiliation 1 for authors Chao-Shun Lin, Chih-Chung Liu, Ta-Liang Chen, and Chien-Chang Liao. Affiliation 1 should be: Department of Anesthesiology, School of Medicine, College of Medicine, Taipei Medical University, Taipei, Taiwan. ⟦NEXT⟧ There is an error in affiliation 3 for authors Chao-Shun Lin, Chih-Chung Liu, Ta-Liang Chen, and Chien-Chang Liao. Affiliation 3 should be: Department of Anesthesiology, Taipei Medical University Hospital, Taipei, Taiwan. The publisher apologizes for the errors.",https://pubmed.ncbi.nlm.nih.gov/29261788/,https://pmc.ncbi.nlm.nih.gov/articles/PMC5738120/,,,,,
37702856,PMC10600036,2023,High blood pressure & cardiovascular prevention : the official journal of the Italian Society of Hypertension,Correction to: Impact of 2021 ESC Guidelines for Cardiovascular Disease Prevention on Hypertensive Patients Risk: Secondary Analysis of Save Your Heart Study.,exact_replacement_candidate,exact_language|location|multiple_numbers,36906668,"Among the 512 patients evaluated, with the application of the new parameters for fatal and non-fatal cardiovascular risk assessment, the proportion of individuals at high or very high risk rises from 48.7 to 77.1% of cases. ⟦NEXT⟧ Should read: ⟦NEXT⟧ Among the 512 patients evaluated, with the application of the new parameters for fatal and non-fatal cardiovascular risk assessment, the proportion of individuals at high or very high risk rises from 48.7 to 86.7% of cases. ⟦NEXT⟧ The original article has been corrected. || Correction to: High Blood Pressure & Cardiovascular Prevention (2023) 30:167–173 10.1007/s40292-023-00568-3 ⟦NEXT⟧ The first sentence of the ‘Results’ in the ‘Abstract’ reads as: ⟦NEXT⟧ Among the 512 patients evaluated, with the application of the new parameters for fatal and non-fatal cardiovascular risk assessment, the proportion of individuals at high or very high risk rises from 48.7 to 77.1% of cases. || Among the 512 patients evaluated, with the application of the new parameters for fatal and non-fatal cardiovascular risk assessment, the proportion of individuals at high or very high risk rises from 48.7 to 86.7% of cases. ⟦NEXT⟧ The original article has been corrected.",https://pubmed.ncbi.nlm.nih.gov/37702856/,https://pmc.ncbi.nlm.nih.gov/articles/PMC10600036/,,,,,
40062716,PMC11891867,2025,Genome biology and evolution,Correction to: Chromosome-Level Genome Assembly and Annotation of Corallium rubrum: A Mediterranean Coral Threatened by Overharvesting and Climate Change.,metadata_or_nonpropositional,metadata|multiple_numbers,39917963,"This is a correction to : Jean-Baptiste Ledoux, Jessica Gomez-Garrido, Fernando Cruz, Francisco Camara Ferreira, Ana Matos, Xenia Sarropoulou, Sandra Ramirez-Calero, Didier Aurelle, Paula Lopez-Sendino, Natalie E Grayson, Bradley S Moore, Agostinho Antunes, Laura Aguilera, Marta Gut, Judit Salces-Ortiz, Rosa Fernández, Cristina Linares, Joaquim Garrabou, Tyler Alioto, Chromosome-Level Genome Assembly and Annotation of Corallium rubrum: A Mediterranean Coral Threatened by Overharvesting and Climate Change, Genome Biology and Evolution , Volume 17, Issue 2, February 2025, https://doi.org/10.1093/gbe/evae253 ⟦NEXT⟧ In the originally published version of this article, Joaquim Garrabou was erroneously listed as a corresponding author. The publisher apologizes for the error, which has been corrected.",https://pubmed.ncbi.nlm.nih.gov/40062716/,https://pmc.ncbi.nlm.nih.gov/articles/PMC11891867/,,,,,
36769381,PMC9916428,2023,International journal of molecular sciences,"Correction: Mei et al. Bombyx mori C-Type Lectin (BmIML-2) Inhibits the Proliferation of B. mori Nucleopolyhedrovirus (BmNPV) through Involvement in Apoptosis. Int. J. Mol. Sci. 2022, 23 , 8369.",numeric_or_symbolic_candidate,location|visual|multiple_numbers,35955502,"In the original publication [ 1 ], there was a mistake in Figure 5 : Effects of BmNPV infection and replication by knockdown of BmIML-2 in BmN cells as published. Accidentally, Figure 5 A–C were separately swapped for Figure 4A–C during the final corrections in the original version. The corrected Figure 5 : Knockdown-IML-2 appears below. It is worth noting that Figure 5 A–C in the new Figure 5 have been corrected. The authors state that the scientific conclusions are unaffected. This correction was approved by the Academic Editor. The original publication has also been updated.",https://pubmed.ncbi.nlm.nih.gov/36769381/,https://pmc.ncbi.nlm.nih.gov/articles/PMC9916428/,,,,,
41165037,PMC12572779,2025,The ISME journal,Correction to: Vertical transport and spatiotemporal dynamics of giant viruses in the North Pacific subtropical gyre.,numeric_or_symbolic_candidate,location|visual|metadata|multiple_numbers,40401991,"Md Moinuddin Sheam, Elaine Luo, Vertical transport and spatiotemporal dynamics of giant viruses in the North Pacific subtropical gyre, The ISME Journal , Volume 19, Issue 1, January 2025, wraf094, https://doi.org/10.1093/ismejo/wraf094 ⟦NEXT⟧ In the originally published version of this manuscript, Figure 5 featured the incorrect panel for graph C ⟦NEXT⟧ This error has been corrected || This is a correction to: ⟦NEXT⟧ Md Moinuddin Sheam, Elaine Luo, Vertical transport and spatiotemporal dynamics of giant viruses in the North Pacific subtropical gyre, The ISME Journal , Volume 19, Issue 1, January 2025, wraf094, https://doi.org/10.1093/ismejo/wraf094 ⟦NEXT⟧ In the originally published version of this manuscript, Figure 5 featured the incorrect panel for graph C || In the originally published version of this manuscript, Figure 5 featured the incorrect panel for graph C ⟦NEXT⟧ This error has been corrected",https://pubmed.ncbi.nlm.nih.gov/41165037/,https://pmc.ncbi.nlm.nih.gov/articles/PMC12572779/,,,,,
39390504,PMC11465732,2024,Stem cell research & therapy,Correction: Radiochemotherapy-induced DNA repair promotes the biogenesis of gastric cancer stem cells.,exact_replacement_candidate,exact_language|location|visual|multiple_numbers,36153608,"10.1186/s13287-022-03165-8 ⟦NEXT⟧ In Fig. 5M of the original article, the image of the fourth lane (LEF-1) of the second picture (Doxorubicin-induced GCSCs) was inadvertently replaced with an incorrect version during the upload process. The authors wish to note a correction to the aforementioned picture via the corrected picture ahead in this Correction article. ⟦NEXT⟧ The authors deeply regret that this error occurred and sincerely apologize for any inconvenience. || In Fig. 5M of the original article, the image of the fourth lane (LEF-1) of the second picture (Doxorubicin-induced GCSCs) was inadvertently replaced with an incorrect version during the upload process. The authors wish to note a correction to the aforementioned picture via the corrected picture ahead in this Correction article. ⟦NEXT⟧ The authors deeply regret that this error occurred and sincerely apologize for any inconvenience.",https://pubmed.ncbi.nlm.nih.gov/39390504/,https://pmc.ncbi.nlm.nih.gov/articles/PMC11465732/,,,,,
40041741,PMC11879695,2025,Toxicology reports,"Corrigendum to "" Rosemary officinalis extract mitigates potassium dichromate-induced testicular degeneration in male rats: Insights from the Nrf2 and its target genes signaling pathway"" [Toxicol. Rep. 13 (2024) 101700].",unusable_or_ambiguous,,39165924,,https://pubmed.ncbi.nlm.nih.gov/40041741/,https://pmc.ncbi.nlm.nih.gov/articles/PMC11879695/,,,,,
42287313,PMC13264537,2026,Histochemistry and cell biology,Correction: Effects of obesity on DNA methylation and DNA methyltransferases in the reproductive system.,metadata_or_nonpropositional,metadata|multiple_numbers,42036497,"Correction: Histochemistry and Cell Biology (2026) 164:30 ⟦NEXT⟧ 10.1007/s00418-026-02481-x ⟦NEXT⟧ In this article, the following author names Gozde Sukur, Ozgur Cinar, Fatma Uysal Cinar were incorrectly written as Gözde Şükür, Özgür Çınar, Fatma Uysal Çınar. || In this article, the following author names Gozde Sukur, Ozgur Cinar, Fatma Uysal Cinar were incorrectly written as Gözde Şükür, Özgür Çınar, Fatma Uysal Çınar. ⟦NEXT⟧ The original article has been corrected. || 10.1007/s00418-026-02481-x ⟦NEXT⟧ In this article, the following author names Gozde Sukur, Ozgur Cinar, Fatma Uysal Cinar were incorrectly written as Gözde Şükür, Özgür Çınar, Fatma Uysal Çınar. ⟦NEXT⟧ The original article has been corrected.",https://pubmed.ncbi.nlm.nih.gov/42287313/,https://pmc.ncbi.nlm.nih.gov/articles/PMC13264537/,,,,,
40201907,PMC11976480,2025,Biomaterials and biosystems,"Corrigendum to ""In vitro and in vivo assessment of a non-animal sourced chitosan scaffold loaded with xeno-free umbilical cord mesenchymal stromal cells cultured under macromolecular crowding conditions"" [Biomaterials and Biosystems, Volume 16, December 2024, 100102].",unusable_or_ambiguous,,40225717,,https://pubmed.ncbi.nlm.nih.gov/40201907/,https://pmc.ncbi.nlm.nih.gov/articles/PMC11976480/,,,,,
28687863,PMC6828047,2017,Psychopharmacology,Erratum to: Perseveration in a spatial-discrimination serial reversal learning task is differentially affected by MAO-A and MAO-B inhibition and associated with reduced anxiety and peripheral serotonin levels.,unusable_or_ambiguous,,28251298,,https://pubmed.ncbi.nlm.nih.gov/28687863/,https://pmc.ncbi.nlm.nih.gov/articles/PMC6828047/,,,,,
30578207,PMC6304224,2015,Journal of medical Internet research,Figure Correction: How Consumers and Physicians View New Medical Technology: Comparative Survey.,numeric_or_symbolic_candidate,location|visual|multiple_numbers,26369254,"In Figure 2 of the paper “How Consumers and Physicians View New Medical Technology: Comparative Survey” (J Med Internet Res 2015;17[9]:e215), authors erroneously inverted the bars indicating the proportion of people who believed access to electronic health records would increase anxiety in patients, improve health management, or increase the number of unnecessary medical tests. The originally published paper showed the proportion of respondents who answered “No” to the question. The corrected figure now displays the proportion of people who responded “Yes.” The online version of this JMIR paper has been updated with this figure, and a corrected version was sent to PubMed Central. ⟦NEXT⟧ Proportion of responders who believed access to electronic health records would increase anxiety in patients, improve health management, or increase the number of unnecessary medical tests (error bars represent 95% confidence intervals).",https://pubmed.ncbi.nlm.nih.gov/30578207/,https://pmc.ncbi.nlm.nih.gov/articles/PMC6304224/,,,,,
30942383,PMC8035991,2021,"Biostatistics (Oxford, England)",Corrigendum: Analysis of cluster-randomized test-negative designs: cluster-level methods.,unusable_or_ambiguous,,29447357,,https://pubmed.ncbi.nlm.nih.gov/30942383/,https://pmc.ncbi.nlm.nih.gov/articles/PMC8035991/,,,,,
29475888,PMC5826103,2018,Antimicrobial agents and chemotherapy,"Erratum for Arias et al., ""A Prospective Cohort Multicenter Study of Molecular Epidemiology and Phylogenomics of Staphylococcus aureus Bacteremia in Nine Latin American Countries"".",unusable_or_ambiguous,,28760895,,https://pubmed.ncbi.nlm.nih.gov/29475888/,https://pmc.ncbi.nlm.nih.gov/articles/PMC5826103/,,,,,
40520867,PMC12163454,2025,American journal of cancer research,Erratum: Induction of cells with prostate cancer stem-like properties from mouse induced pluripotent stem cells via conditioned medium.,unusable_or_ambiguous,,30210930,,https://pubmed.ncbi.nlm.nih.gov/40520867/,https://pmc.ncbi.nlm.nih.gov/articles/PMC12163454/,,,,,
32601221,PMC7368335,2020,Proceedings of the National Academy of Sciences of the United States of America,"Correction for Noyes and Keil, There is no privileged link between kinds and essences early in development.",unusable_or_ambiguous,,32366646,,https://pubmed.ncbi.nlm.nih.gov/32601221/,https://pmc.ncbi.nlm.nih.gov/articles/PMC7368335/,,,,,
40473477,PMC12199540,2025,The Journal of neuroscience : the official journal of the Society for Neuroscience,"Erratum: Bellocchio et al., ""Sustained G q -Protein Signaling Disrupts Striatal Circuits via JNK"".",unusable_or_ambiguous,,27733612,,https://pubmed.ncbi.nlm.nih.gov/40473477/,https://pmc.ncbi.nlm.nih.gov/articles/PMC12199540/,,,,,
41481265,PMC12820953,2026,ACS applied bio materials,"Correction to ""Magnetomechanical Detachment of Bacterial Biofilms Using Anisotropic Magnetic Iron Oxide Nanochains"".",numeric_or_symbolic_candidate,multiple_numbers,40904276,"An error was identified in the placement of Figures and . During the revision process, these figures were inadvertently swapped. The corrected figures along with their captions are provided below. ⟦NEXT⟧ Treatment of L. lactis biofilms with functionalized nanochains (NC-Si, NC-ToSi, and NC-Hex). A 96-well stirrer (A) or classic lab magnetic stirrer (B) was used. Bacteria were quantified by CFU counting (black bars) and fluorescence measurement (FU, red bars) in both biofilms and supernatants after treatment. Data from CFU counting and fluorescence were normalized relative to the respective values obtained in biofilm samples to which no particles were added. The significance of the differences was determined with one-way ANOVA with Dunnett’s posthoc test. Differences were shown using a compact letter display; groups that do not share a letter are significantly different ( p < 0.05). ⟦NEXT⟧ Treatment of P. fragi biofilms with functionalized nanochains (NC-Si, NC-ToSi, and NC-Hex). A 96-well stirrer (A) or classic lab magnetic stirrer (B) was used. Bacteria were quantified by CFU counting (black bars) and fluorescence measurement (FU, red bars) in both biofilms and supernatants after treatment. Data from CFU counting and fluorescence were normalized relative to the respective values obtained in biofilm samples to which no particles were added. The significance of the differences was determined with one-way ANOVA with Dunnett’s posthoc test. Differences were shown using a compact letter display; groups that do not share a letter are significantly different ( p < 0.05).",https://pubmed.ncbi.nlm.nih.gov/41481265/,https://pmc.ncbi.nlm.nih.gov/articles/PMC12820953/,,,,,
42298676,PMC13267383,2026,Implementation science communications,Correction: Mathematical modeling to assess health and economic impact of cardiovascular interventions and implementation strategies among people living with HIV: SAIA HTN.,exact_replacement_candidate,exact_language|multiple_numbers,41736102,10.1186/s43058-026-00887-1 ⟦NEXT⟧ In this article the Competing interests statement was incorrectly given as the authors declare no competing interests but should have been KS and SG are on the Editorial Board of Implementation Science Communications. The authors declare no further competing interests. ⟦NEXT⟧ The original article has been corrected. || Correction: Implementation Science Communications (2026) 7:67 ⟦NEXT⟧ 10.1186/s43058-026-00887-1 ⟦NEXT⟧ In this article the Competing interests statement was incorrectly given as the authors declare no competing interests but should have been KS and SG are on the Editorial Board of Implementation Science Communications. The authors declare no further competing interests. || In this article the Competing interests statement was incorrectly given as the authors declare no competing interests but should have been KS and SG are on the Editorial Board of Implementation Science Communications. The authors declare no further competing interests. ⟦NEXT⟧ The original article has been corrected.,https://pubmed.ncbi.nlm.nih.gov/42298676/,https://pmc.ncbi.nlm.nih.gov/articles/PMC13267383/,,,,,
40732767,PMC12299691,2025,"Pathogens (Basel, Switzerland)","Correction: Embo-Ibouanga et al. Peptide-Alkoxyamine Drugs: An Innovative Approach to Fight Schistosomiasis: ""Digging Their Graves with Their Forks"". Pathogens 2024, 13 , 482.",semantic_not_alignable,,38921780,There was an error in the original publication [ 1 ]. The conflict of interest statement was incomplete as the authors forgot to include this statement. ⟦NEXT⟧ The updated statement is as follows: ⟦NEXT⟧ Conflicts of Interest: Jerome Boissier is the cofounder of ParaDev company that was subcontracted to carry out the antiparasitic tests on the Schistosome. || Conflicts of Interest: Jerome Boissier is the cofounder of ParaDev company that was subcontracted to carry out the antiparasitic tests on the Schistosome. ⟦NEXT⟧ The authors state that the scientific conclusions are unaffected. This correction was approved by the Academic Editor. The original publication has also been updated.,https://pubmed.ncbi.nlm.nih.gov/40732767/,https://pmc.ncbi.nlm.nih.gov/articles/PMC12299691/,,,,,
39850818,PMC11755764,2024,Frontiers in oncology,Corrigendum: Modeling extracellular matrix through histo-molecular gradient in NSCLC for clinical decisions.,location_plus_new_candidate,location|visual|metadata,36452484,"In the published article, an author name was incorrectly written as “Lizandre Keren Ramos de Oliveira”. The correct spelling is “Lizandre Keren Ramos da Silveira”. ⟦NEXT⟧ In the published article, the initials used for Lizandre Keren Ramos da Silveir in the Author contributions section was incorrectly written as “LO”. The correct spelling is “LS”. ⟦NEXT⟧ In the published article, there was an error in the Data availability statement . ⟦NEXT⟧ The EMPIAR repository has informed us that the transmission electron microscopy images we submitted for deposit will be removed from their database, as they do not store this specific type of microscopy image. We had deposited these images as per the journal’s request when we submitted the article, but unfortunately, this issue has arisen. As the corresponding author, I searched for alternative repositories but was unable to find any suitable options. Nevertheless, in compliance with ethical research standards and best practices, we, the authors, are fully committed to providing any data or analyses conducted during the study upon request from our peers. || In the published article, the initials used for Lizandre Keren Ramos da Silveir in the Author contributions section was incorrectly written as “LO”. The correct spelling is “LS”. ⟦NEXT⟧ In the published article, there was an error in the Data availability statement . ⟦NEXT⟧ The EMPIAR repository has informed us that the transmission electron microscopy images we submitted for deposit will be removed from their database, as they do not store this specific type of microscopy image. We had deposited these images as per the journal’s request when we submitted the article, but unfortunately, this issue has arisen. As the corresponding author, I searched for alternative repositories but was unable to find any suitable options. Nevertheless, in compliance with ethical research standards and best practices, we, the authors, are fully committed to providing any data or analyses conducted during the study upon request from our peers. ⟦NEXT⟧ “The datasets presented in this study can be found in online repositories. The names of the repository/repositories and accession number(s) can be found below: EMPIAR, accession number EMPIAR-11226.” || In the published article, an author name was incorrectly written as “Lizandre Keren Ramos de Oliveira”. The correct spelling is “Lizandre Keren Ramos da Silveira”. ⟦NEXT⟧ In the published article, the initials used for Lizandre Keren Ramos da Silveir in the Author contributions section was incorrectly written as “LO”. The correct spelling is “LS”. ⟦NEXT⟧ In the published article, there was an error in the Data availability statement .",https://pubmed.ncbi.nlm.nih.gov/39850818/,https://pmc.ncbi.nlm.nih.gov/articles/PMC11755764/,,,,,
34746510,PMC8553356,2021,"Journal of the anus, rectum and colon",Erratum for Questionnaire Survey of Bowel Habit in Japanese Medical Personnel.,numeric_or_symbolic_candidate,location|multiple_numbers,34395943,"1. Correction: Abstract, 7th line (page 297). ⟦NEXT⟧ Original: Constipation was significantly more often observed in females (male/female: 3%/31%, p > 0.001, Chi-squared test), while diarrhea was noted to be less in females (male/female: 1%/7%). ⟦NEXT⟧ Corrected: Constipation was significantly more often observed in females (male/female: 3%/31%, p > 0.001, Chi-squared test), while diarrhea was noted to be less in females (male/female: 7%/ 1%). || Original: Constipation was significantly more often observed in females (male/female: 3%/31%, p > 0.001, Chi-squared test), while diarrhea was noted to be less in females (male/female: 1%/7%). ⟦NEXT⟧ Corrected: Constipation was significantly more often observed in females (male/female: 3%/31%, p > 0.001, Chi-squared test), while diarrhea was noted to be less in females (male/female: 7%/ 1%).",https://pubmed.ncbi.nlm.nih.gov/34746510/,https://pmc.ncbi.nlm.nih.gov/articles/PMC8553356/,,,,,
41821871,PMC12978017,2026,Frontiers in neuroscience,Correction: Neuroadaptive changes in brain structural-functional coupling among pilots.,numeric_or_symbolic_candidate,multiple_numbers,40778354,An incorrect number was provided for the National Nature Science Foundation of China (No. U2033209). The correct number is No. U2133209. ⟦NEXT⟧ The original version of this article has been updated.,https://pubmed.ncbi.nlm.nih.gov/41821871/,https://pmc.ncbi.nlm.nih.gov/articles/PMC12978017/,,,,,
