Model,frame,Prompt_Style,Sample_Size,ev_a,p_a,ev_b,p_b,y_a,y_b,x_a,x_b,ratio_a_False,ratio_a_True,n_valid_False,n_valid_True,average_first_option_rate,n_valid_total
Qwen/Qwen2.5-7B-Instruct,gain,math_reasoning_one,20.0,0.4,0.1,0.35,0.05,0.0,0.0,4.0,7.0,0.0,0.0,10.0,10.0,0.5,20.0
Qwen/Qwen2.5-7B-Instruct,gain,math_reasoning_one,20.0,0.8,0.2,0.7,0.1,0.0,0.0,4.0,7.0,0.7,1.0,20.0,20.0,0.35,40.0
Qwen/Qwen2.5-7B-Instruct,gain,math_reasoning_one,20.0,1.6,0.4,0.35,0.05,0.0,0.0,4.0,7.0,1.0,0.0,10.0,10.0,1.0,20.0
Qwen/Qwen2.5-7B-Instruct,gain,math_reasoning_one,20.0,30.0,0.3,28.8,0.3,0.0,0.0,100.0,96.0,1.0,0.0,10.0,10.0,1.0,20.0
Qwen/Qwen2.5-7B-Instruct,gain,math_reasoning_one,20.0,35.0,0.35,33.6,0.35,0.0,0.0,100.0,96.0,1.0,1.0,10.0,10.0,0.5,20.0
Qwen/Qwen2.5-7B-Instruct,gain,math_reasoning_one,20.0,35.0,0.35,38.4,0.4,0.0,0.0,100.0,96.0,1.0,1.0,10.0,10.0,0.5,20.0
Qwen/Qwen2.5-7B-Instruct,gain,math_reasoning_one,20.0,40.0,0.4,33.6,0.35,0.0,0.0,100.0,96.0,1.0,0.0,10.0,10.0,1.0,20.0
Qwen/Qwen2.5-7B-Instruct,gain,math_reasoning_one,20.0,3500.0,1.0,2750.0,0.55,0.0,0.0,3500.0,5000.0,1.0,0.0,10.0,10.0,1.0,20.0
Qwen/Qwen2.5-7B-Instruct,gain,math_reasoning_one,20.0,3500.0,1.0,3500.0,0.7,0.0,0.0,3500.0,5000.0,1.0,0.0,10.0,10.0,1.0,20.0
Qwen/Qwen2.5-7B-Instruct,gain,math_reasoning_one,20.0,3500.0,1.0,3750.0,0.75,0.0,0.0,3500.0,5000.0,0.6,0.0,10.0,10.0,0.8,20.0
Qwen/Qwen2.5-7B-Instruct,gain,math_reasoning_one,20.0,3500.0,1.0,4250.0,0.85,0.0,0.0,3500.0,5000.0,1.0,1.0,10.0,10.0,0.5,20.0
Qwen/Qwen2.5-7B-Instruct,gain,math_reasoning_one,100.0,0.6,0.15,0.84,0.12,0.0,0.0,4.0,7.0,1.0,0.4,10.0,10.0,0.8,20.0
Qwen/Qwen2.5-7B-Instruct,gain,math_reasoning_one,100.0,0.8,0.2,0.7,0.1,0.0,0.0,4.0,7.0,1.0,1.0,10.0,10.0,0.5,20.0
Qwen/Qwen2.5-7B-Instruct,gain,math_reasoning_one,100.0,0.88,0.22,0.56,0.08,0.0,0.0,4.0,7.0,0.0,0.7,10.0,10.0,0.15,20.0
Qwen/Qwen2.5-7B-Instruct,gain,math_reasoning_one,100.0,0.96,0.24,0.77,0.11,0.0,0.0,4.0,7.0,0.6,0.0,10.0,10.0,0.8,20.0
Qwen/Qwen2.5-7B-Instruct,gain,math_reasoning_one,100.0,29.0,0.29,32.64,0.34,0.0,0.0,100.0,96.0,0.6,0.0,10.0,10.0,0.8,20.0
Qwen/Qwen2.5-7B-Instruct,gain,math_reasoning_one,100.0,33.0,0.33,32.64,0.34,0.0,0.0,100.0,96.0,0.0,0.0,10.0,10.0,0.5,20.0
Qwen/Qwen2.5-7B-Instruct,gain,math_reasoning_one,100.0,37.0,0.37,37.44,0.39,0.0,0.0,100.0,96.0,0.0,0.7,10.0,10.0,0.15,20.0
Qwen/Qwen2.5-7B-Instruct,gain,math_reasoning_one,100.0,39.0,0.39,30.72,0.32,0.0,0.0,100.0,96.0,0.0,0.0,10.0,10.0,0.5,20.0
Qwen/Qwen2.5-7B-Instruct,gain,math_reasoning_one,100.0,3500.0,1.0,3600.0,0.72,0.0,0.0,3500.0,5000.0,1.0,0.0,10.0,10.0,1.0,20.0
Qwen/Qwen2.5-7B-Instruct,gain,math_reasoning_one,100.0,3500.0,1.0,3650.0,0.73,0.0,0.0,3500.0,5000.0,1.0,0.0,10.0,10.0,1.0,20.0
Qwen/Qwen2.5-7B-Instruct,gain,math_reasoning_one,100.0,3500.0,1.0,3750.0,0.75,0.0,0.0,3500.0,5000.0,0.0,0.0,10.0,10.0,0.5,20.0
Qwen/Qwen2.5-7B-Instruct,gain,math_reasoning_one,100.0,3500.0,1.0,3900.0,0.78,0.0,0.0,3500.0,5000.0,0.3,0.0,10.0,10.0,0.65,20.0
Qwen/Qwen2.5-7B-Instruct,gain,no_explanation,20.0,0.4,0.1,0.35,0.05,0.0,0.0,4.0,7.0,0.0,0.0,10.0,10.0,0.5,20.0
Qwen/Qwen2.5-7B-Instruct,gain,no_explanation,20.0,0.8,0.2,0.7,0.1,0.0,0.0,4.0,7.0,0.5,0.3,20.0,20.0,0.6,40.0
Qwen/Qwen2.5-7B-Instruct,gain,no_explanation,20.0,1.6,0.4,0.35,0.05,0.0,0.0,4.0,7.0,1.0,0.0,10.0,10.0,1.0,20.0
Qwen/Qwen2.5-7B-Instruct,gain,no_explanation,20.0,30.0,0.3,28.8,0.3,0.0,0.0,100.0,96.0,0.0,0.0,10.0,10.0,0.5,20.0
Qwen/Qwen2.5-7B-Instruct,gain,no_explanation,20.0,35.0,0.35,33.6,0.35,0.0,0.0,100.0,96.0,0.0,0.0,10.0,10.0,0.5,20.0
Qwen/Qwen2.5-7B-Instruct,gain,no_explanation,20.0,35.0,0.35,38.4,0.4,0.0,0.0,100.0,96.0,0.0,1.0,10.0,10.0,0.0,20.0
Qwen/Qwen2.5-7B-Instruct,gain,no_explanation,20.0,40.0,0.4,33.6,0.35,0.0,0.0,100.0,96.0,1.0,0.0,10.0,10.0,1.0,20.0
Qwen/Qwen2.5-7B-Instruct,gain,no_explanation,20.0,3500.0,1.0,2750.0,0.55,0.0,0.0,3500.0,5000.0,1.0,0.0,10.0,10.0,1.0,20.0
Qwen/Qwen2.5-7B-Instruct,gain,no_explanation,20.0,3500.0,1.0,3500.0,0.7,0.0,0.0,3500.0,5000.0,1.0,0.0,10.0,10.0,1.0,20.0
Qwen/Qwen2.5-7B-Instruct,gain,no_explanation,20.0,3500.0,1.0,3750.0,0.75,0.0,0.0,3500.0,5000.0,0.0,0.0,10.0,10.0,0.5,20.0
Qwen/Qwen2.5-7B-Instruct,gain,no_explanation,20.0,3500.0,1.0,4250.0,0.85,0.0,0.0,3500.0,5000.0,0.0,1.0,10.0,10.0,0.0,20.0
Qwen/Qwen2.5-7B-Instruct,gain,no_explanation,100.0,0.6,0.15,0.84,0.12,0.0,0.0,4.0,7.0,0.0,0.0,10.0,10.0,0.5,20.0
Qwen/Qwen2.5-7B-Instruct,gain,no_explanation,100.0,0.8,0.2,0.7,0.1,0.0,0.0,4.0,7.0,0.0,0.3,10.0,10.0,0.35,20.0
Qwen/Qwen2.5-7B-Instruct,gain,no_explanation,100.0,0.88,0.22,0.56,0.08,0.0,0.0,4.0,7.0,0.0,0.0,10.0,10.0,0.5,20.0
Qwen/Qwen2.5-7B-Instruct,gain,no_explanation,100.0,0.96,0.24,0.77,0.11,0.0,0.0,4.0,7.0,0.0,0.0,10.0,10.0,0.5,20.0
Qwen/Qwen2.5-7B-Instruct,gain,no_explanation,100.0,29.0,0.29,32.64,0.34,0.0,0.0,100.0,96.0,0.0,0.0,10.0,10.0,0.5,20.0
Qwen/Qwen2.5-7B-Instruct,gain,no_explanation,100.0,33.0,0.33,32.64,0.34,0.0,0.0,100.0,96.0,0.0,0.0,10.0,10.0,0.5,20.0
Qwen/Qwen2.5-7B-Instruct,gain,no_explanation,100.0,37.0,0.37,37.44,0.39,0.0,0.0,100.0,96.0,0.0,0.0,10.0,10.0,0.5,20.0
Qwen/Qwen2.5-7B-Instruct,gain,no_explanation,100.0,39.0,0.39,30.72,0.32,0.0,0.0,100.0,96.0,0.0,0.0,10.0,10.0,0.5,20.0
Qwen/Qwen2.5-7B-Instruct,gain,no_explanation,100.0,3500.0,1.0,3600.0,0.72,0.0,0.0,3500.0,5000.0,1.0,0.0,10.0,10.0,1.0,20.0
Qwen/Qwen2.5-7B-Instruct,gain,no_explanation,100.0,3500.0,1.0,3650.0,0.73,0.0,0.0,3500.0,5000.0,1.0,0.0,10.0,10.0,1.0,20.0
Qwen/Qwen2.5-7B-Instruct,gain,no_explanation,100.0,3500.0,1.0,3750.0,0.75,0.0,0.0,3500.0,5000.0,0.0,0.0,10.0,10.0,0.5,20.0
Qwen/Qwen2.5-7B-Instruct,gain,no_explanation,100.0,3500.0,1.0,3900.0,0.78,0.0,0.0,3500.0,5000.0,0.0,0.0,10.0,10.0,0.5,20.0
Qwen/Qwen2.5-7B-Instruct,gain,one_sentence_reasoning,20.0,0.4,0.1,0.35,0.05,0.0,0.0,4.0,7.0,0.0,0.0,10.0,10.0,0.5,20.0
Qwen/Qwen2.5-7B-Instruct,gain,one_sentence_reasoning,20.0,0.8,0.2,0.7,0.1,0.0,0.0,4.0,7.0,0.5,0.1,20.0,20.0,0.7,40.0
Qwen/Qwen2.5-7B-Instruct,gain,one_sentence_reasoning,20.0,1.6,0.4,0.35,0.05,0.0,0.0,4.0,7.0,1.0,0.0,10.0,10.0,1.0,20.0
Qwen/Qwen2.5-7B-Instruct,gain,one_sentence_reasoning,20.0,30.0,0.3,28.8,0.3,0.0,0.0,100.0,96.0,1.0,0.0,10.0,10.0,1.0,20.0
Qwen/Qwen2.5-7B-Instruct,gain,one_sentence_reasoning,20.0,35.0,0.35,33.6,0.35,0.0,0.0,100.0,96.0,0.6,0.6,10.0,10.0,0.5,20.0
Qwen/Qwen2.5-7B-Instruct,gain,one_sentence_reasoning,20.0,35.0,0.35,38.4,0.4,0.0,0.0,100.0,96.0,0.6,1.0,10.0,10.0,0.3,20.0
Qwen/Qwen2.5-7B-Instruct,gain,one_sentence_reasoning,20.0,40.0,0.4,33.6,0.35,0.0,0.0,100.0,96.0,1.0,0.0,10.0,10.0,1.0,20.0
Qwen/Qwen2.5-7B-Instruct,gain,one_sentence_reasoning,20.0,3500.0,1.0,2750.0,0.55,0.0,0.0,3500.0,5000.0,1.0,0.0,10.0,10.0,1.0,20.0
Qwen/Qwen2.5-7B-Instruct,gain,one_sentence_reasoning,20.0,3500.0,1.0,3500.0,0.7,0.0,0.0,3500.0,5000.0,0.0,0.0,10.0,10.0,0.5,20.0
Qwen/Qwen2.5-7B-Instruct,gain,one_sentence_reasoning,20.0,3500.0,1.0,3750.0,0.75,0.0,0.0,3500.0,5000.0,0.0,0.0,10.0,10.0,0.5,20.0
Qwen/Qwen2.5-7B-Instruct,gain,one_sentence_reasoning,20.0,3500.0,1.0,4250.0,0.85,0.0,0.0,3500.0,5000.0,0.0,0.0,10.0,10.0,0.5,20.0
Qwen/Qwen2.5-7B-Instruct,gain,one_sentence_reasoning,100.0,0.6,0.15,0.84,0.12,0.0,0.0,4.0,7.0,0.0,0.0,10.0,10.0,0.5,20.0
Qwen/Qwen2.5-7B-Instruct,gain,one_sentence_reasoning,100.0,0.8,0.2,0.7,0.1,0.0,0.0,4.0,7.0,0.0,1.0,10.0,10.0,0.0,20.0
Qwen/Qwen2.5-7B-Instruct,gain,one_sentence_reasoning,100.0,0.88,0.22,0.56,0.08,0.0,0.0,4.0,7.0,0.0,0.0,10.0,10.0,0.5,20.0
Qwen/Qwen2.5-7B-Instruct,gain,one_sentence_reasoning,100.0,0.96,0.24,0.77,0.11,0.0,0.0,4.0,7.0,0.0,0.0,10.0,10.0,0.5,20.0
Qwen/Qwen2.5-7B-Instruct,gain,one_sentence_reasoning,100.0,29.0,0.29,32.64,0.34,0.0,0.0,100.0,96.0,0.0,0.0,10.0,10.0,0.5,20.0
Qwen/Qwen2.5-7B-Instruct,gain,one_sentence_reasoning,100.0,33.0,0.33,32.64,0.34,0.0,0.0,100.0,96.0,0.0,0.0,10.0,10.0,0.5,20.0
Qwen/Qwen2.5-7B-Instruct,gain,one_sentence_reasoning,100.0,37.0,0.37,37.44,0.39,0.0,0.0,100.0,96.0,0.0,0.0,10.0,10.0,0.5,20.0
Qwen/Qwen2.5-7B-Instruct,gain,one_sentence_reasoning,100.0,39.0,0.39,30.72,0.32,0.0,0.0,100.0,96.0,0.0,0.0,10.0,10.0,0.5,20.0
Qwen/Qwen2.5-7B-Instruct,gain,one_sentence_reasoning,100.0,3500.0,1.0,3600.0,0.72,0.0,0.0,3500.0,5000.0,0.4,0.0,10.0,10.0,0.7,20.0
Qwen/Qwen2.5-7B-Instruct,gain,one_sentence_reasoning,100.0,3500.0,1.0,3650.0,0.73,0.0,0.0,3500.0,5000.0,0.0,0.0,10.0,10.0,0.5,20.0
Qwen/Qwen2.5-7B-Instruct,gain,one_sentence_reasoning,100.0,3500.0,1.0,3750.0,0.75,0.0,0.0,3500.0,5000.0,0.0,0.0,10.0,10.0,0.5,20.0
Qwen/Qwen2.5-7B-Instruct,gain,one_sentence_reasoning,100.0,3500.0,1.0,3900.0,0.78,0.0,0.0,3500.0,5000.0,0.0,0.0,10.0,10.0,0.5,20.0
Qwen/Qwen2.5-7B-Instruct,loss,math_reasoning_one,20.0,-0.4,0.1,-0.35,0.05,0.0,0.0,-4.0,-7.0,1.0,0.3,10.0,10.0,0.85,20.0
Qwen/Qwen2.5-7B-Instruct,loss,math_reasoning_one,20.0,-0.8,0.2,-0.7,0.1,0.0,0.0,-4.0,-7.0,0.8,1.0,20.0,20.0,0.4,40.0
Qwen/Qwen2.5-7B-Instruct,loss,math_reasoning_one,20.0,-1.6,0.4,-0.35,0.05,0.0,0.0,-4.0,-7.0,1.0,1.0,10.0,10.0,0.5,20.0
Qwen/Qwen2.5-7B-Instruct,loss,math_reasoning_one,20.0,-30.0,0.3,-28.8,0.3,0.0,0.0,-100.0,-96.0,1.0,1.0,10.0,10.0,0.5,20.0
Qwen/Qwen2.5-7B-Instruct,loss,math_reasoning_one,20.0,-35.0,0.35,-33.6,0.35,0.0,0.0,-100.0,-96.0,0.7,1.0,10.0,10.0,0.35,20.0
Qwen/Qwen2.5-7B-Instruct,loss,math_reasoning_one,20.0,-35.0,0.35,-38.4,0.4,0.0,0.0,-100.0,-96.0,0.7,1.0,10.0,10.0,0.35,20.0
Qwen/Qwen2.5-7B-Instruct,loss,math_reasoning_one,20.0,-40.0,0.4,-33.6,0.35,0.0,0.0,-100.0,-96.0,1.0,1.0,10.0,10.0,0.5,20.0
Qwen/Qwen2.5-7B-Instruct,loss,math_reasoning_one,20.0,-3500.0,1.0,-2750.0,0.55,0.0,0.0,-3500.0,-5000.0,1.0,0.0,10.0,10.0,1.0,20.0
Qwen/Qwen2.5-7B-Instruct,loss,math_reasoning_one,20.0,-3500.0,1.0,-3500.0,0.7,0.0,0.0,-3500.0,-5000.0,1.0,0.0,10.0,10.0,1.0,20.0
Qwen/Qwen2.5-7B-Instruct,loss,math_reasoning_one,20.0,-3500.0,1.0,-3750.0,0.75,0.0,0.0,-3500.0,-5000.0,1.0,1.0,10.0,10.0,0.5,20.0
Qwen/Qwen2.5-7B-Instruct,loss,math_reasoning_one,20.0,-3500.0,1.0,-4250.0,0.85,0.0,0.0,-3500.0,-5000.0,1.0,1.0,10.0,10.0,0.5,20.0
Qwen/Qwen2.5-7B-Instruct,loss,math_reasoning_one,100.0,-0.6,0.15,-0.84,0.12,0.0,0.0,-4.0,-7.0,1.0,0.0,10.0,10.0,1.0,20.0
Qwen/Qwen2.5-7B-Instruct,loss,math_reasoning_one,100.0,-0.8,0.2,-0.7,0.1,0.0,0.0,-4.0,-7.0,1.0,0.8,10.0,10.0,0.6,20.0
Qwen/Qwen2.5-7B-Instruct,loss,math_reasoning_one,100.0,-0.88,0.22,-0.56,0.08,0.0,0.0,-4.0,-7.0,0.0,0.0,10.0,10.0,0.5,20.0
Qwen/Qwen2.5-7B-Instruct,loss,math_reasoning_one,100.0,-0.96,0.24,-0.77,0.11,0.0,0.0,-4.0,-7.0,0.4,1.0,10.0,10.0,0.2,20.0
Qwen/Qwen2.5-7B-Instruct,loss,math_reasoning_one,100.0,-29.0,0.29,-32.64,0.34,0.0,0.0,-100.0,-96.0,0.0,0.6,10.0,10.0,0.2,20.0
Qwen/Qwen2.5-7B-Instruct,loss,math_reasoning_one,100.0,-33.0,0.33,-32.64,0.34,0.0,0.0,-100.0,-96.0,0.0,0.6,10.0,10.0,0.2,20.0
Qwen/Qwen2.5-7B-Instruct,loss,math_reasoning_one,100.0,-37.0,0.37,-37.44,0.39,0.0,0.0,-100.0,-96.0,0.0,1.0,10.0,10.0,0.0,20.0
Qwen/Qwen2.5-7B-Instruct,loss,math_reasoning_one,100.0,-39.0,0.39,-30.72,0.32,0.0,0.0,-100.0,-96.0,0.5,0.3,10.0,10.0,0.6,20.0
Qwen/Qwen2.5-7B-Instruct,loss,math_reasoning_one,100.0,-3500.0,1.0,-3600.0,0.72,0.0,0.0,-3500.0,-5000.0,1.0,0.0,10.0,10.0,1.0,20.0
Qwen/Qwen2.5-7B-Instruct,loss,math_reasoning_one,100.0,-3500.0,1.0,-3650.0,0.73,0.0,0.0,-3500.0,-5000.0,1.0,0.0,10.0,10.0,1.0,20.0
Qwen/Qwen2.5-7B-Instruct,loss,math_reasoning_one,100.0,-3500.0,1.0,-3750.0,0.75,0.0,0.0,-3500.0,-5000.0,1.0,0.0,10.0,10.0,1.0,20.0
Qwen/Qwen2.5-7B-Instruct,loss,math_reasoning_one,100.0,-3500.0,1.0,-3900.0,0.78,0.0,0.0,-3500.0,-5000.0,1.0,0.0,10.0,10.0,1.0,20.0
Qwen/Qwen2.5-7B-Instruct,loss,no_explanation,20.0,-0.4,0.1,-0.35,0.05,0.0,0.0,-4.0,-7.0,1.0,0.0,10.0,10.0,1.0,20.0
Qwen/Qwen2.5-7B-Instruct,loss,no_explanation,20.0,-0.8,0.2,-0.7,0.1,0.0,0.0,-4.0,-7.0,0.5,0.0,20.0,20.0,0.75,40.0
Qwen/Qwen2.5-7B-Instruct,loss,no_explanation,20.0,-1.6,0.4,-0.35,0.05,0.0,0.0,-4.0,-7.0,0.0,0.0,10.0,10.0,0.5,20.0
Qwen/Qwen2.5-7B-Instruct,loss,no_explanation,20.0,-30.0,0.3,-28.8,0.3,0.0,0.0,-100.0,-96.0,0.0,0.4,10.0,10.0,0.3,20.0
Qwen/Qwen2.5-7B-Instruct,loss,no_explanation,20.0,-35.0,0.35,-33.6,0.35,0.0,0.0,-100.0,-96.0,0.0,1.0,10.0,10.0,0.0,20.0
Qwen/Qwen2.5-7B-Instruct,loss,no_explanation,20.0,-35.0,0.35,-38.4,0.4,0.0,0.0,-100.0,-96.0,0.0,1.0,10.0,10.0,0.0,20.0
Qwen/Qwen2.5-7B-Instruct,loss,no_explanation,20.0,-40.0,0.4,-33.6,0.35,0.0,0.0,-100.0,-96.0,0.0,1.0,10.0,10.0,0.0,20.0
Qwen/Qwen2.5-7B-Instruct,loss,no_explanation,20.0,-3500.0,1.0,-2750.0,0.55,0.0,0.0,-3500.0,-5000.0,1.0,0.0,10.0,10.0,1.0,20.0
Qwen/Qwen2.5-7B-Instruct,loss,no_explanation,20.0,-3500.0,1.0,-3500.0,0.7,0.0,0.0,-3500.0,-5000.0,1.0,1.0,10.0,10.0,0.5,20.0
Qwen/Qwen2.5-7B-Instruct,loss,no_explanation,20.0,-3500.0,1.0,-3750.0,0.75,0.0,0.0,-3500.0,-5000.0,1.0,1.0,10.0,10.0,0.5,20.0
Qwen/Qwen2.5-7B-Instruct,loss,no_explanation,20.0,-3500.0,1.0,-4250.0,0.85,0.0,0.0,-3500.0,-5000.0,1.0,1.0,10.0,10.0,0.5,20.0
Qwen/Qwen2.5-7B-Instruct,loss,no_explanation,100.0,-0.6,0.15,-0.84,0.12,0.0,0.0,-4.0,-7.0,0.0,0.0,10.0,10.0,0.5,20.0
Qwen/Qwen2.5-7B-Instruct,loss,no_explanation,100.0,-0.8,0.2,-0.7,0.1,0.0,0.0,-4.0,-7.0,0.0,0.0,10.0,10.0,0.5,20.0
Qwen/Qwen2.5-7B-Instruct,loss,no_explanation,100.0,-0.88,0.22,-0.56,0.08,0.0,0.0,-4.0,-7.0,0.0,0.0,10.0,10.0,0.5,20.0
Qwen/Qwen2.5-7B-Instruct,loss,no_explanation,100.0,-0.96,0.24,-0.77,0.11,0.0,0.0,-4.0,-7.0,0.0,0.0,10.0,10.0,0.5,20.0
Qwen/Qwen2.5-7B-Instruct,loss,no_explanation,100.0,-29.0,0.29,-32.64,0.34,0.0,0.0,-100.0,-96.0,0.0,0.0,10.0,10.0,0.5,20.0
Qwen/Qwen2.5-7B-Instruct,loss,no_explanation,100.0,-33.0,0.33,-32.64,0.34,0.0,0.0,-100.0,-96.0,0.0,0.0,10.0,10.0,0.5,20.0
Qwen/Qwen2.5-7B-Instruct,loss,no_explanation,100.0,-37.0,0.37,-37.44,0.39,0.0,0.0,-100.0,-96.0,0.0,0.0,10.0,10.0,0.5,20.0
Qwen/Qwen2.5-7B-Instruct,loss,no_explanation,100.0,-39.0,0.39,-30.72,0.32,0.0,0.0,-100.0,-96.0,0.0,0.0,10.0,10.0,0.5,20.0
Qwen/Qwen2.5-7B-Instruct,loss,no_explanation,100.0,-3500.0,1.0,-3600.0,0.72,0.0,0.0,-3500.0,-5000.0,1.0,0.0,10.0,10.0,1.0,20.0
Qwen/Qwen2.5-7B-Instruct,loss,no_explanation,100.0,-3500.0,1.0,-3650.0,0.73,0.0,0.0,-3500.0,-5000.0,1.0,0.0,10.0,10.0,1.0,20.0
Qwen/Qwen2.5-7B-Instruct,loss,no_explanation,100.0,-3500.0,1.0,-3750.0,0.75,0.0,0.0,-3500.0,-5000.0,1.0,0.0,10.0,10.0,1.0,20.0
Qwen/Qwen2.5-7B-Instruct,loss,no_explanation,100.0,-3500.0,1.0,-3900.0,0.78,0.0,0.0,-3500.0,-5000.0,1.0,1.0,10.0,10.0,0.5,20.0
Qwen/Qwen2.5-7B-Instruct,loss,one_sentence_reasoning,20.0,-0.4,0.1,-0.35,0.05,0.0,0.0,-4.0,-7.0,1.0,0.0,10.0,10.0,1.0,20.0
Qwen/Qwen2.5-7B-Instruct,loss,one_sentence_reasoning,20.0,-0.8,0.2,-0.7,0.1,0.0,0.0,-4.0,-7.0,0.5,0.0,20.0,20.0,0.75,40.0
Qwen/Qwen2.5-7B-Instruct,loss,one_sentence_reasoning,20.0,-1.6,0.4,-0.35,0.05,0.0,0.0,-4.0,-7.0,0.0,1.0,10.0,10.0,0.0,20.0
Qwen/Qwen2.5-7B-Instruct,loss,one_sentence_reasoning,20.0,-30.0,0.3,-28.8,0.3,0.0,0.0,-100.0,-96.0,0.0,0.0,10.0,10.0,0.5,20.0
Qwen/Qwen2.5-7B-Instruct,loss,one_sentence_reasoning,20.0,-35.0,0.35,-33.6,0.35,0.0,0.0,-100.0,-96.0,0.0,0.9,10.0,10.0,0.0499999999999999,20.0
Qwen/Qwen2.5-7B-Instruct,loss,one_sentence_reasoning,20.0,-35.0,0.35,-38.4,0.4,0.0,0.0,-100.0,-96.0,0.0,1.0,10.0,10.0,0.0,20.0
Qwen/Qwen2.5-7B-Instruct,loss,one_sentence_reasoning,20.0,-40.0,0.4,-33.6,0.35,0.0,0.0,-100.0,-96.0,0.6,1.0,10.0,10.0,0.3,20.0
Qwen/Qwen2.5-7B-Instruct,loss,one_sentence_reasoning,20.0,-3500.0,1.0,-2750.0,0.55,0.0,0.0,-3500.0,-5000.0,1.0,0.0,10.0,10.0,1.0,20.0
Qwen/Qwen2.5-7B-Instruct,loss,one_sentence_reasoning,20.0,-3500.0,1.0,-3500.0,0.7,0.0,0.0,-3500.0,-5000.0,1.0,0.0,10.0,10.0,1.0,20.0
Qwen/Qwen2.5-7B-Instruct,loss,one_sentence_reasoning,20.0,-3500.0,1.0,-3750.0,0.75,0.0,0.0,-3500.0,-5000.0,0.0,0.0,10.0,10.0,0.5,20.0
Qwen/Qwen2.5-7B-Instruct,loss,one_sentence_reasoning,20.0,-3500.0,1.0,-4250.0,0.85,0.0,0.0,-3500.0,-5000.0,1.0,1.0,10.0,10.0,0.5,20.0
Qwen/Qwen2.5-7B-Instruct,loss,one_sentence_reasoning,100.0,-0.6,0.15,-0.84,0.12,0.0,0.0,-4.0,-7.0,0.6,0.0,10.0,10.0,0.8,20.0
Qwen/Qwen2.5-7B-Instruct,loss,one_sentence_reasoning,100.0,-0.8,0.2,-0.7,0.1,0.0,0.0,-4.0,-7.0,0.4,0.0,10.0,10.0,0.7,20.0
Qwen/Qwen2.5-7B-Instruct,loss,one_sentence_reasoning,100.0,-0.88,0.22,-0.56,0.08,0.0,0.0,-4.0,-7.0,0.0,0.0,10.0,10.0,0.5,20.0
Qwen/Qwen2.5-7B-Instruct,loss,one_sentence_reasoning,100.0,-0.96,0.24,-0.77,0.11,0.0,0.0,-4.0,-7.0,0.0,0.0,10.0,10.0,0.5,20.0
Qwen/Qwen2.5-7B-Instruct,loss,one_sentence_reasoning,100.0,-29.0,0.29,-32.64,0.34,0.0,0.0,-100.0,-96.0,0.0,0.0,10.0,10.0,0.5,20.0
Qwen/Qwen2.5-7B-Instruct,loss,one_sentence_reasoning,100.0,-33.0,0.33,-32.64,0.34,0.0,0.0,-100.0,-96.0,0.0,0.0,10.0,10.0,0.5,20.0
Qwen/Qwen2.5-7B-Instruct,loss,one_sentence_reasoning,100.0,-37.0,0.37,-37.44,0.39,0.0,0.0,-100.0,-96.0,0.0,0.0,10.0,10.0,0.5,20.0
Qwen/Qwen2.5-7B-Instruct,loss,one_sentence_reasoning,100.0,-39.0,0.39,-30.72,0.32,0.0,0.0,-100.0,-96.0,0.0,0.0,10.0,10.0,0.5,20.0
Qwen/Qwen2.5-7B-Instruct,loss,one_sentence_reasoning,100.0,-3500.0,1.0,-3600.0,0.72,0.0,0.0,-3500.0,-5000.0,1.0,0.0,10.0,10.0,1.0,20.0
Qwen/Qwen2.5-7B-Instruct,loss,one_sentence_reasoning,100.0,-3500.0,1.0,-3650.0,0.73,0.0,0.0,-3500.0,-5000.0,1.0,0.0,10.0,10.0,1.0,20.0
Qwen/Qwen2.5-7B-Instruct,loss,one_sentence_reasoning,100.0,-3500.0,1.0,-3750.0,0.75,0.0,0.0,-3500.0,-5000.0,1.0,0.0,10.0,10.0,1.0,20.0
Qwen/Qwen2.5-7B-Instruct,loss,one_sentence_reasoning,100.0,-3500.0,1.0,-3900.0,0.78,0.0,0.0,-3500.0,-5000.0,1.0,0.8,10.0,10.0,0.6,20.0
Qwen/Qwen2.5-Math-7B-Instruct,gain,math_reasoning_one,20.0,0.4,0.1,0.35,0.05,0.0,0.0,4.0,7.0,0.75,0.1428571428571428,8.0,7.0,0.8035714285714286,15.0
Qwen/Qwen2.5-Math-7B-Instruct,gain,math_reasoning_one,20.0,0.8,0.2,0.7,0.1,0.0,0.0,4.0,7.0,0.7857142857142857,0.3333333333333333,14.0,15.0,0.7261904761904763,29.0
Qwen/Qwen2.5-Math-7B-Instruct,gain,math_reasoning_one,20.0,1.6,0.4,0.35,0.05,0.0,0.0,4.0,7.0,1.0,0.1428571428571428,7.0,7.0,0.9285714285714286,14.0
Qwen/Qwen2.5-Math-7B-Instruct,gain,math_reasoning_one,20.0,30.0,0.3,28.8,0.3,0.0,0.0,100.0,96.0,0.8571428571428571,0.5,7.0,8.0,0.6785714285714286,15.0
Qwen/Qwen2.5-Math-7B-Instruct,gain,math_reasoning_one,20.0,35.0,0.35,33.6,0.35,0.0,0.0,100.0,96.0,0.4,0.5,5.0,4.0,0.45,9.0
Qwen/Qwen2.5-Math-7B-Instruct,gain,math_reasoning_one,20.0,35.0,0.35,38.4,0.4,0.0,0.0,100.0,96.0,0.5714285714285714,0.625,7.0,8.0,0.4732142857142857,15.0
Qwen/Qwen2.5-Math-7B-Instruct,gain,math_reasoning_one,20.0,40.0,0.4,33.6,0.35,0.0,0.0,100.0,96.0,0.875,0.0,8.0,6.0,0.9375,14.0
Qwen/Qwen2.5-Math-7B-Instruct,gain,math_reasoning_one,20.0,3500.0,1.0,2750.0,0.55,0.0,0.0,3500.0,5000.0,1.0,0.25,5.0,4.0,0.875,9.0
Qwen/Qwen2.5-Math-7B-Instruct,gain,math_reasoning_one,20.0,3500.0,1.0,3500.0,0.7,0.0,0.0,3500.0,5000.0,1.0,0.6,8.0,5.0,0.7,13.0
Qwen/Qwen2.5-Math-7B-Instruct,gain,math_reasoning_one,20.0,3500.0,1.0,3750.0,0.75,0.0,0.0,3500.0,5000.0,0.9,0.3333333333333333,10.0,6.0,0.7833333333333334,16.0
Qwen/Qwen2.5-Math-7B-Instruct,gain,math_reasoning_one,20.0,3500.0,1.0,4250.0,0.85,0.0,0.0,3500.0,5000.0,0.3333333333333333,0.3333333333333333,3.0,6.0,0.5,9.0
Qwen/Qwen2.5-Math-7B-Instruct,gain,math_reasoning_one,100.0,0.6,0.15,0.84,0.12,0.0,0.0,4.0,7.0,0.6666666666666666,0.75,6.0,4.0,0.4583333333333333,10.0
Qwen/Qwen2.5-Math-7B-Instruct,gain,math_reasoning_one,100.0,0.8,0.2,0.7,0.1,0.0,0.0,4.0,7.0,0.5714285714285714,0.25,7.0,4.0,0.6607142857142857,11.0
Qwen/Qwen2.5-Math-7B-Instruct,gain,math_reasoning_one,100.0,0.88,0.22,0.56,0.08,0.0,0.0,4.0,7.0,0.6,0.4,5.0,5.0,0.6,10.0
Qwen/Qwen2.5-Math-7B-Instruct,gain,math_reasoning_one,100.0,0.96,0.24,0.77,0.11,0.0,0.0,4.0,7.0,1.0,0.6666666666666666,7.0,3.0,0.6666666666666667,10.0
Qwen/Qwen2.5-Math-7B-Instruct,gain,math_reasoning_one,100.0,29.0,0.29,32.64,0.34,0.0,0.0,100.0,96.0,0.5,0.8333333333333334,4.0,6.0,0.3333333333333333,10.0
Qwen/Qwen2.5-Math-7B-Instruct,gain,math_reasoning_one,100.0,33.0,0.33,32.64,0.34,0.0,0.0,100.0,96.0,0.5,0.0,4.0,3.0,0.75,7.0
Qwen/Qwen2.5-Math-7B-Instruct,gain,math_reasoning_one,100.0,37.0,0.37,37.44,0.39,0.0,0.0,100.0,96.0,0.6666666666666666,1.0,3.0,3.0,0.3333333333333333,6.0
Qwen/Qwen2.5-Math-7B-Instruct,gain,math_reasoning_one,100.0,39.0,0.39,30.72,0.32,0.0,0.0,100.0,96.0,0.8,0.5,5.0,4.0,0.65,9.0
Qwen/Qwen2.5-Math-7B-Instruct,gain,math_reasoning_one,100.0,3500.0,1.0,3600.0,0.72,0.0,0.0,3500.0,5000.0,0.75,0.0,8.0,5.0,0.875,13.0
Qwen/Qwen2.5-Math-7B-Instruct,gain,math_reasoning_one,100.0,3500.0,1.0,3650.0,0.73,0.0,0.0,3500.0,5000.0,0.5,0.75,4.0,4.0,0.375,8.0
Qwen/Qwen2.5-Math-7B-Instruct,gain,math_reasoning_one,100.0,3500.0,1.0,3750.0,0.75,0.0,0.0,3500.0,5000.0,0.75,0.1666666666666666,4.0,6.0,0.7916666666666667,10.0
Qwen/Qwen2.5-Math-7B-Instruct,gain,math_reasoning_one,100.0,3500.0,1.0,3900.0,0.78,0.0,0.0,3500.0,5000.0,0.5,0.3333333333333333,2.0,3.0,0.5833333333333334,5.0
Qwen/Qwen2.5-Math-7B-Instruct,gain,no_explanation,20.0,0.4,0.1,0.35,0.05,0.0,0.0,4.0,7.0,0.8888888888888888,0.2222222222222222,9.0,9.0,0.8333333333333333,18.0
Qwen/Qwen2.5-Math-7B-Instruct,gain,no_explanation,20.0,0.8,0.2,0.7,0.1,0.0,0.0,4.0,7.0,0.7857142857142857,0.2857142857142857,14.0,14.0,0.75,28.0
Qwen/Qwen2.5-Math-7B-Instruct,gain,no_explanation,20.0,1.6,0.4,0.35,0.05,0.0,0.0,4.0,7.0,0.875,0.2,8.0,10.0,0.8375,18.0
Qwen/Qwen2.5-Math-7B-Instruct,gain,no_explanation,20.0,30.0,0.3,28.8,0.3,0.0,0.0,100.0,96.0,0.875,0.5555555555555556,8.0,9.0,0.6597222222222222,17.0
Qwen/Qwen2.5-Math-7B-Instruct,gain,no_explanation,20.0,35.0,0.35,33.6,0.35,0.0,0.0,100.0,96.0,0.375,0.5,8.0,6.0,0.4375,14.0
Qwen/Qwen2.5-Math-7B-Instruct,gain,no_explanation,20.0,35.0,0.35,38.4,0.4,0.0,0.0,100.0,96.0,0.5714285714285714,0.5555555555555556,7.0,9.0,0.5079365079365079,16.0
Qwen/Qwen2.5-Math-7B-Instruct,gain,no_explanation,20.0,40.0,0.4,33.6,0.35,0.0,0.0,100.0,96.0,0.6666666666666666,0.5,6.0,6.0,0.5833333333333333,12.0
Qwen/Qwen2.5-Math-7B-Instruct,gain,no_explanation,20.0,3500.0,1.0,2750.0,0.55,0.0,0.0,3500.0,5000.0,1.0,0.1428571428571428,5.0,7.0,0.9285714285714286,12.0
Qwen/Qwen2.5-Math-7B-Instruct,gain,no_explanation,20.0,3500.0,1.0,3500.0,0.7,0.0,0.0,3500.0,5000.0,1.0,0.1428571428571428,5.0,7.0,0.9285714285714286,12.0
Qwen/Qwen2.5-Math-7B-Instruct,gain,no_explanation,20.0,3500.0,1.0,3750.0,0.75,0.0,0.0,3500.0,5000.0,0.4,0.125,5.0,8.0,0.6375,13.0
Qwen/Qwen2.5-Math-7B-Instruct,gain,no_explanation,20.0,3500.0,1.0,4250.0,0.85,0.0,0.0,3500.0,5000.0,0.2,0.2857142857142857,5.0,7.0,0.4571428571428572,12.0
Qwen/Qwen2.5-Math-7B-Instruct,gain,no_explanation,100.0,0.6,0.15,0.84,0.12,0.0,0.0,4.0,7.0,0.5,0.8,4.0,5.0,0.35,9.0
Qwen/Qwen2.5-Math-7B-Instruct,gain,no_explanation,100.0,0.8,0.2,0.7,0.1,0.0,0.0,4.0,7.0,0.6666666666666666,0.6666666666666666,6.0,6.0,0.5,12.0
Qwen/Qwen2.5-Math-7B-Instruct,gain,no_explanation,100.0,0.88,0.22,0.56,0.08,0.0,0.0,4.0,7.0,0.3333333333333333,0.5,6.0,8.0,0.4166666666666666,14.0
Qwen/Qwen2.5-Math-7B-Instruct,gain,no_explanation,100.0,0.96,0.24,0.77,0.11,0.0,0.0,4.0,7.0,0.6,0.4285714285714285,5.0,7.0,0.5857142857142856,12.0
Qwen/Qwen2.5-Math-7B-Instruct,gain,no_explanation,100.0,29.0,0.29,32.64,0.34,0.0,0.0,100.0,96.0,0.8,0.5,5.0,6.0,0.65,11.0
Qwen/Qwen2.5-Math-7B-Instruct,gain,no_explanation,100.0,33.0,0.33,32.64,0.34,0.0,0.0,100.0,96.0,0.5,0.4285714285714285,4.0,7.0,0.5357142857142857,11.0
Qwen/Qwen2.5-Math-7B-Instruct,gain,no_explanation,100.0,37.0,0.37,37.44,0.39,0.0,0.0,100.0,96.0,0.5714285714285714,0.5,7.0,6.0,0.5357142857142857,13.0
Qwen/Qwen2.5-Math-7B-Instruct,gain,no_explanation,100.0,39.0,0.39,30.72,0.32,0.0,0.0,100.0,96.0,0.6666666666666666,0.3333333333333333,6.0,6.0,0.6666666666666667,12.0
Qwen/Qwen2.5-Math-7B-Instruct,gain,no_explanation,100.0,3500.0,1.0,3600.0,0.72,0.0,0.0,3500.0,5000.0,0.4,0.6,5.0,5.0,0.4,10.0
Qwen/Qwen2.5-Math-7B-Instruct,gain,no_explanation,100.0,3500.0,1.0,3650.0,0.73,0.0,0.0,3500.0,5000.0,0.6666666666666666,0.75,3.0,8.0,0.4583333333333333,11.0
Qwen/Qwen2.5-Math-7B-Instruct,gain,no_explanation,100.0,3500.0,1.0,3750.0,0.75,0.0,0.0,3500.0,5000.0,0.75,0.4,4.0,5.0,0.675,9.0
Qwen/Qwen2.5-Math-7B-Instruct,gain,no_explanation,100.0,3500.0,1.0,3900.0,0.78,0.0,0.0,3500.0,5000.0,0.6666666666666666,0.1428571428571428,6.0,7.0,0.7619047619047619,13.0
Qwen/Qwen2.5-Math-7B-Instruct,gain,one_sentence_reasoning,20.0,0.4,0.1,0.35,0.05,0.0,0.0,4.0,7.0,0.8,0.3333333333333333,10.0,6.0,0.7333333333333334,16.0
Qwen/Qwen2.5-Math-7B-Instruct,gain,one_sentence_reasoning,20.0,0.8,0.2,0.7,0.1,0.0,0.0,4.0,7.0,0.5384615384615384,0.4285714285714285,13.0,14.0,0.554945054945055,27.0
Qwen/Qwen2.5-Math-7B-Instruct,gain,one_sentence_reasoning,20.0,1.6,0.4,0.35,0.05,0.0,0.0,4.0,7.0,0.8888888888888888,0.2857142857142857,9.0,7.0,0.8015873015873016,16.0
Qwen/Qwen2.5-Math-7B-Instruct,gain,one_sentence_reasoning,20.0,30.0,0.3,28.8,0.3,0.0,0.0,100.0,96.0,0.4285714285714285,0.875,7.0,8.0,0.2767857142857143,15.0
Qwen/Qwen2.5-Math-7B-Instruct,gain,one_sentence_reasoning,20.0,35.0,0.35,33.6,0.35,0.0,0.0,100.0,96.0,0.6666666666666666,0.5555555555555556,6.0,9.0,0.5555555555555556,15.0
Qwen/Qwen2.5-Math-7B-Instruct,gain,one_sentence_reasoning,20.0,35.0,0.35,38.4,0.4,0.0,0.0,100.0,96.0,0.8571428571428571,0.6666666666666666,7.0,6.0,0.5952380952380952,13.0
Qwen/Qwen2.5-Math-7B-Instruct,gain,one_sentence_reasoning,20.0,40.0,0.4,33.6,0.35,0.0,0.0,100.0,96.0,0.8571428571428571,0.25,7.0,8.0,0.8035714285714286,15.0
Qwen/Qwen2.5-Math-7B-Instruct,gain,one_sentence_reasoning,20.0,3500.0,1.0,2750.0,0.55,0.0,0.0,3500.0,5000.0,1.0,0.0,5.0,6.0,1.0,11.0
Qwen/Qwen2.5-Math-7B-Instruct,gain,one_sentence_reasoning,20.0,3500.0,1.0,3500.0,0.7,0.0,0.0,3500.0,5000.0,0.5,0.0,6.0,7.0,0.75,13.0
Qwen/Qwen2.5-Math-7B-Instruct,gain,one_sentence_reasoning,20.0,3500.0,1.0,3750.0,0.75,0.0,0.0,3500.0,5000.0,0.8,0.3,5.0,10.0,0.75,15.0
Qwen/Qwen2.5-Math-7B-Instruct,gain,one_sentence_reasoning,20.0,3500.0,1.0,4250.0,0.85,0.0,0.0,3500.0,5000.0,0.6666666666666666,0.3333333333333333,3.0,6.0,0.6666666666666667,9.0
Qwen/Qwen2.5-Math-7B-Instruct,gain,one_sentence_reasoning,100.0,0.6,0.15,0.84,0.12,0.0,0.0,4.0,7.0,0.4444444444444444,0.6666666666666666,9.0,3.0,0.3888888888888889,12.0
Qwen/Qwen2.5-Math-7B-Instruct,gain,one_sentence_reasoning,100.0,0.8,0.2,0.7,0.1,0.0,0.0,4.0,7.0,0.375,0.4,8.0,5.0,0.4875,13.0
Qwen/Qwen2.5-Math-7B-Instruct,gain,one_sentence_reasoning,100.0,0.88,0.22,0.56,0.08,0.0,0.0,4.0,7.0,0.4285714285714285,0.3333333333333333,7.0,6.0,0.5476190476190477,13.0
Qwen/Qwen2.5-Math-7B-Instruct,gain,one_sentence_reasoning,100.0,0.96,0.24,0.77,0.11,0.0,0.0,4.0,7.0,0.8571428571428571,0.75,7.0,4.0,0.5535714285714286,11.0
Qwen/Qwen2.5-Math-7B-Instruct,gain,one_sentence_reasoning,100.0,29.0,0.29,32.64,0.34,0.0,0.0,100.0,96.0,0.6,0.6,5.0,5.0,0.5,10.0
Qwen/Qwen2.5-Math-7B-Instruct,gain,one_sentence_reasoning,100.0,33.0,0.33,32.64,0.34,0.0,0.0,100.0,96.0,0.25,0.6666666666666666,4.0,6.0,0.2916666666666667,10.0
Qwen/Qwen2.5-Math-7B-Instruct,gain,one_sentence_reasoning,100.0,37.0,0.37,37.44,0.39,0.0,0.0,100.0,96.0,0.3333333333333333,0.2857142857142857,6.0,7.0,0.5238095238095238,13.0
Qwen/Qwen2.5-Math-7B-Instruct,gain,one_sentence_reasoning,100.0,39.0,0.39,30.72,0.32,0.0,0.0,100.0,96.0,0.4285714285714285,0.75,7.0,4.0,0.3392857142857143,11.0
Qwen/Qwen2.5-Math-7B-Instruct,gain,one_sentence_reasoning,100.0,3500.0,1.0,3600.0,0.72,0.0,0.0,3500.0,5000.0,1.0,0.25,1.0,4.0,0.875,5.0
Qwen/Qwen2.5-Math-7B-Instruct,gain,one_sentence_reasoning,100.0,3500.0,1.0,3650.0,0.73,0.0,0.0,3500.0,5000.0,0.8333333333333334,1.0,6.0,2.0,0.4166666666666667,8.0
Qwen/Qwen2.5-Math-7B-Instruct,gain,one_sentence_reasoning,100.0,3500.0,1.0,3750.0,0.75,0.0,0.0,3500.0,5000.0,0.75,0.4,4.0,5.0,0.675,9.0
Qwen/Qwen2.5-Math-7B-Instruct,gain,one_sentence_reasoning,100.0,3500.0,1.0,3900.0,0.78,0.0,0.0,3500.0,5000.0,0.6666666666666666,0.125,6.0,8.0,0.7708333333333333,14.0
Qwen/Qwen2.5-Math-7B-Instruct,loss,math_reasoning_one,20.0,-0.4,0.1,-0.35,0.05,0.0,0.0,-4.0,-7.0,0.2857142857142857,0.7142857142857143,7.0,7.0,0.2857142857142857,14.0
Qwen/Qwen2.5-Math-7B-Instruct,loss,math_reasoning_one,20.0,-0.8,0.2,-0.7,0.1,0.0,0.0,-4.0,-7.0,0.4705882352941176,0.5384615384615384,17.0,13.0,0.4660633484162896,30.0
Qwen/Qwen2.5-Math-7B-Instruct,loss,math_reasoning_one,20.0,-1.6,0.4,-0.35,0.05,0.0,0.0,-4.0,-7.0,0.5555555555555556,0.5714285714285714,9.0,7.0,0.4920634920634921,16.0
Qwen/Qwen2.5-Math-7B-Instruct,loss,math_reasoning_one,20.0,-30.0,0.3,-28.8,0.3,0.0,0.0,-100.0,-96.0,0.5,0.8333333333333334,8.0,6.0,0.3333333333333333,14.0
Qwen/Qwen2.5-Math-7B-Instruct,loss,math_reasoning_one,20.0,-35.0,0.35,-33.6,0.35,0.0,0.0,-100.0,-96.0,0.5714285714285714,0.5,7.0,6.0,0.5357142857142857,13.0
Qwen/Qwen2.5-Math-7B-Instruct,loss,math_reasoning_one,20.0,-35.0,0.35,-38.4,0.4,0.0,0.0,-100.0,-96.0,0.7142857142857143,0.4285714285714285,7.0,7.0,0.6428571428571428,14.0
Qwen/Qwen2.5-Math-7B-Instruct,loss,math_reasoning_one,20.0,-40.0,0.4,-33.6,0.35,0.0,0.0,-100.0,-96.0,0.2222222222222222,0.7142857142857143,9.0,7.0,0.2539682539682539,16.0
Qwen/Qwen2.5-Math-7B-Instruct,loss,math_reasoning_one,20.0,-3500.0,1.0,-2750.0,0.55,0.0,0.0,-3500.0,-5000.0,0.5714285714285714,0.3333333333333333,7.0,3.0,0.6190476190476191,10.0
Qwen/Qwen2.5-Math-7B-Instruct,loss,math_reasoning_one,20.0,-3500.0,1.0,-3500.0,0.7,0.0,0.0,-3500.0,-5000.0,1.0,0.8,2.0,5.0,0.6,7.0
Qwen/Qwen2.5-Math-7B-Instruct,loss,math_reasoning_one,20.0,-3500.0,1.0,-3750.0,0.75,0.0,0.0,-3500.0,-5000.0,0.8,0.5714285714285714,5.0,7.0,0.6142857142857143,12.0
Qwen/Qwen2.5-Math-7B-Instruct,loss,math_reasoning_one,20.0,-3500.0,1.0,-4250.0,0.85,0.0,0.0,-3500.0,-5000.0,0.0,0.6666666666666666,1.0,3.0,0.1666666666666666,4.0
Qwen/Qwen2.5-Math-7B-Instruct,loss,math_reasoning_one,100.0,-0.6,0.15,-0.84,0.12,0.0,0.0,-4.0,-7.0,0.75,0.0,4.0,3.0,0.875,7.0
Qwen/Qwen2.5-Math-7B-Instruct,loss,math_reasoning_one,100.0,-0.8,0.2,-0.7,0.1,0.0,0.0,-4.0,-7.0,0.8,0.5,5.0,4.0,0.65,9.0
Qwen/Qwen2.5-Math-7B-Instruct,loss,math_reasoning_one,100.0,-0.88,0.22,-0.56,0.08,0.0,0.0,-4.0,-7.0,0.75,0.8,4.0,5.0,0.475,9.0
Qwen/Qwen2.5-Math-7B-Instruct,loss,math_reasoning_one,100.0,-0.96,0.24,-0.77,0.11,0.0,0.0,-4.0,-7.0,0.5,0.1666666666666666,4.0,6.0,0.6666666666666667,10.0
Qwen/Qwen2.5-Math-7B-Instruct,loss,math_reasoning_one,100.0,-29.0,0.29,-32.64,0.34,0.0,0.0,-100.0,-96.0,0.6666666666666666,0.6666666666666666,3.0,3.0,0.5,6.0
Qwen/Qwen2.5-Math-7B-Instruct,loss,math_reasoning_one,100.0,-33.0,0.33,-32.64,0.34,0.0,0.0,-100.0,-96.0,0.6666666666666666,1.0,3.0,3.0,0.3333333333333333,6.0
Qwen/Qwen2.5-Math-7B-Instruct,loss,math_reasoning_one,100.0,-37.0,0.37,-37.44,0.39,0.0,0.0,-100.0,-96.0,0.8333333333333334,0.0,6.0,3.0,0.9166666666666669,9.0
Qwen/Qwen2.5-Math-7B-Instruct,loss,math_reasoning_one,100.0,-39.0,0.39,-30.72,0.32,0.0,0.0,-100.0,-96.0,0.2,1.0,5.0,2.0,0.1,7.0
Qwen/Qwen2.5-Math-7B-Instruct,loss,math_reasoning_one,100.0,-3500.0,1.0,-3600.0,0.72,0.0,0.0,-3500.0,-5000.0,0.75,1.0,4.0,1.0,0.375,5.0
Qwen/Qwen2.5-Math-7B-Instruct,loss,math_reasoning_one,100.0,-3500.0,1.0,-3650.0,0.73,0.0,0.0,-3500.0,-5000.0,1.0,0.8,3.0,5.0,0.6,8.0
Qwen/Qwen2.5-Math-7B-Instruct,loss,math_reasoning_one,100.0,-3500.0,1.0,-3750.0,0.75,0.0,0.0,-3500.0,-5000.0,0.5,1.0,2.0,2.0,0.25,4.0
Qwen/Qwen2.5-Math-7B-Instruct,loss,math_reasoning_one,100.0,-3500.0,1.0,-3900.0,0.78,0.0,0.0,-3500.0,-5000.0,0.3333333333333333,0.8333333333333334,3.0,6.0,0.2499999999999999,9.0
Qwen/Qwen2.5-Math-7B-Instruct,loss,no_explanation,20.0,-0.4,0.1,-0.35,0.05,0.0,0.0,-4.0,-7.0,0.4444444444444444,0.5,9.0,6.0,0.4722222222222222,15.0
Qwen/Qwen2.5-Math-7B-Instruct,loss,no_explanation,20.0,-0.8,0.2,-0.7,0.1,0.0,0.0,-4.0,-7.0,0.375,0.5882352941176471,16.0,17.0,0.3933823529411764,33.0
Qwen/Qwen2.5-Math-7B-Instruct,loss,no_explanation,20.0,-1.6,0.4,-0.35,0.05,0.0,0.0,-4.0,-7.0,0.5555555555555556,0.5714285714285714,9.0,7.0,0.4920634920634921,16.0
Qwen/Qwen2.5-Math-7B-Instruct,loss,no_explanation,20.0,-30.0,0.3,-28.8,0.3,0.0,0.0,-100.0,-96.0,0.375,0.5714285714285714,8.0,7.0,0.4017857142857143,15.0
Qwen/Qwen2.5-Math-7B-Instruct,loss,no_explanation,20.0,-35.0,0.35,-33.6,0.35,0.0,0.0,-100.0,-96.0,0.3333333333333333,0.375,6.0,8.0,0.4791666666666666,14.0
Qwen/Qwen2.5-Math-7B-Instruct,loss,no_explanation,20.0,-35.0,0.35,-38.4,0.4,0.0,0.0,-100.0,-96.0,0.5,0.5,8.0,4.0,0.5,12.0
Qwen/Qwen2.5-Math-7B-Instruct,loss,no_explanation,20.0,-40.0,0.4,-33.6,0.35,0.0,0.0,-100.0,-96.0,0.3333333333333333,0.5714285714285714,6.0,7.0,0.3809523809523809,13.0
Qwen/Qwen2.5-Math-7B-Instruct,loss,no_explanation,20.0,-3500.0,1.0,-2750.0,0.55,0.0,0.0,-3500.0,-5000.0,0.5,0.4285714285714285,6.0,7.0,0.5357142857142857,13.0
Qwen/Qwen2.5-Math-7B-Instruct,loss,no_explanation,20.0,-3500.0,1.0,-3500.0,0.7,0.0,0.0,-3500.0,-5000.0,0.6,0.4285714285714285,5.0,7.0,0.5857142857142856,12.0
Qwen/Qwen2.5-Math-7B-Instruct,loss,no_explanation,20.0,-3500.0,1.0,-3750.0,0.75,0.0,0.0,-3500.0,-5000.0,0.0,0.5555555555555556,4.0,9.0,0.2222222222222222,13.0
Qwen/Qwen2.5-Math-7B-Instruct,loss,no_explanation,20.0,-3500.0,1.0,-4250.0,0.85,0.0,0.0,-3500.0,-5000.0,0.8571428571428571,0.5,7.0,6.0,0.6785714285714286,13.0
Qwen/Qwen2.5-Math-7B-Instruct,loss,no_explanation,100.0,-0.6,0.15,-0.84,0.12,0.0,0.0,-4.0,-7.0,0.6666666666666666,0.4,6.0,5.0,0.6333333333333333,11.0
Qwen/Qwen2.5-Math-7B-Instruct,loss,no_explanation,100.0,-0.8,0.2,-0.7,0.1,0.0,0.0,-4.0,-7.0,0.625,0.75,8.0,4.0,0.4375,12.0
Qwen/Qwen2.5-Math-7B-Instruct,loss,no_explanation,100.0,-0.88,0.22,-0.56,0.08,0.0,0.0,-4.0,-7.0,0.25,0.75,8.0,8.0,0.25,16.0
Qwen/Qwen2.5-Math-7B-Instruct,loss,no_explanation,100.0,-0.96,0.24,-0.77,0.11,0.0,0.0,-4.0,-7.0,0.5,0.125,6.0,8.0,0.6875,14.0
Qwen/Qwen2.5-Math-7B-Instruct,loss,no_explanation,100.0,-29.0,0.29,-32.64,0.34,0.0,0.0,-100.0,-96.0,0.2857142857142857,0.8571428571428571,7.0,7.0,0.2142857142857143,14.0
Qwen/Qwen2.5-Math-7B-Instruct,loss,no_explanation,100.0,-33.0,0.33,-32.64,0.34,0.0,0.0,-100.0,-96.0,0.6666666666666666,0.25,6.0,4.0,0.7083333333333333,10.0
Qwen/Qwen2.5-Math-7B-Instruct,loss,no_explanation,100.0,-37.0,0.37,-37.44,0.39,0.0,0.0,-100.0,-96.0,0.6666666666666666,0.75,6.0,4.0,0.4583333333333333,10.0
Qwen/Qwen2.5-Math-7B-Instruct,loss,no_explanation,100.0,-39.0,0.39,-30.72,0.32,0.0,0.0,-100.0,-96.0,0.5,0.6666666666666666,4.0,3.0,0.4166666666666667,7.0
Qwen/Qwen2.5-Math-7B-Instruct,loss,no_explanation,100.0,-3500.0,1.0,-3600.0,0.72,0.0,0.0,-3500.0,-5000.0,0.75,0.8571428571428571,4.0,7.0,0.4464285714285714,11.0
Qwen/Qwen2.5-Math-7B-Instruct,loss,no_explanation,100.0,-3500.0,1.0,-3650.0,0.73,0.0,0.0,-3500.0,-5000.0,0.6666666666666666,0.8333333333333334,3.0,6.0,0.4166666666666666,9.0
Qwen/Qwen2.5-Math-7B-Instruct,loss,no_explanation,100.0,-3500.0,1.0,-3750.0,0.75,0.0,0.0,-3500.0,-5000.0,0.5,0.5,4.0,4.0,0.5,8.0
Qwen/Qwen2.5-Math-7B-Instruct,loss,no_explanation,100.0,-3500.0,1.0,-3900.0,0.78,0.0,0.0,-3500.0,-5000.0,0.0,1.0,3.0,6.0,0.0,9.0
Qwen/Qwen2.5-Math-7B-Instruct,loss,one_sentence_reasoning,20.0,-0.4,0.1,-0.35,0.05,0.0,0.0,-4.0,-7.0,0.3333333333333333,0.5714285714285714,9.0,7.0,0.3809523809523809,16.0
Qwen/Qwen2.5-Math-7B-Instruct,loss,one_sentence_reasoning,20.0,-0.8,0.2,-0.7,0.1,0.0,0.0,-4.0,-7.0,0.3846153846153846,0.4285714285714285,13.0,14.0,0.478021978021978,27.0
Qwen/Qwen2.5-Math-7B-Instruct,loss,one_sentence_reasoning,20.0,-1.6,0.4,-0.35,0.05,0.0,0.0,-4.0,-7.0,0.4285714285714285,0.7142857142857143,7.0,7.0,0.3571428571428571,14.0
Qwen/Qwen2.5-Math-7B-Instruct,loss,one_sentence_reasoning,20.0,-30.0,0.3,-28.8,0.3,0.0,0.0,-100.0,-96.0,0.3333333333333333,0.5714285714285714,9.0,7.0,0.3809523809523809,16.0
Qwen/Qwen2.5-Math-7B-Instruct,loss,one_sentence_reasoning,20.0,-35.0,0.35,-33.6,0.35,0.0,0.0,-100.0,-96.0,0.5,0.4,10.0,5.0,0.55,15.0
Qwen/Qwen2.5-Math-7B-Instruct,loss,one_sentence_reasoning,20.0,-35.0,0.35,-38.4,0.4,0.0,0.0,-100.0,-96.0,0.5,0.4285714285714285,8.0,7.0,0.5357142857142857,15.0
Qwen/Qwen2.5-Math-7B-Instruct,loss,one_sentence_reasoning,20.0,-40.0,0.4,-33.6,0.35,0.0,0.0,-100.0,-96.0,0.2,0.5,5.0,8.0,0.35,13.0
Qwen/Qwen2.5-Math-7B-Instruct,loss,one_sentence_reasoning,20.0,-3500.0,1.0,-2750.0,0.55,0.0,0.0,-3500.0,-5000.0,0.6,1.0,5.0,5.0,0.3,10.0
Qwen/Qwen2.5-Math-7B-Instruct,loss,one_sentence_reasoning,20.0,-3500.0,1.0,-3500.0,0.7,0.0,0.0,-3500.0,-5000.0,1.0,0.8,5.0,5.0,0.6,10.0
Qwen/Qwen2.5-Math-7B-Instruct,loss,one_sentence_reasoning,20.0,-3500.0,1.0,-3750.0,0.75,0.0,0.0,-3500.0,-5000.0,0.75,0.3333333333333333,4.0,3.0,0.7083333333333334,7.0
Qwen/Qwen2.5-Math-7B-Instruct,loss,one_sentence_reasoning,20.0,-3500.0,1.0,-4250.0,0.85,0.0,0.0,-3500.0,-5000.0,0.8333333333333334,0.6666666666666666,6.0,6.0,0.5833333333333334,12.0
Qwen/Qwen2.5-Math-7B-Instruct,loss,one_sentence_reasoning,100.0,-0.6,0.15,-0.84,0.12,0.0,0.0,-4.0,-7.0,0.3333333333333333,1.0,3.0,5.0,0.1666666666666666,8.0
Qwen/Qwen2.5-Math-7B-Instruct,loss,one_sentence_reasoning,100.0,-0.8,0.2,-0.7,0.1,0.0,0.0,-4.0,-7.0,0.6666666666666666,0.6666666666666666,9.0,6.0,0.5,15.0
Qwen/Qwen2.5-Math-7B-Instruct,loss,one_sentence_reasoning,100.0,-0.88,0.22,-0.56,0.08,0.0,0.0,-4.0,-7.0,0.625,0.4,8.0,5.0,0.6125,13.0
Qwen/Qwen2.5-Math-7B-Instruct,loss,one_sentence_reasoning,100.0,-0.96,0.24,-0.77,0.11,0.0,0.0,-4.0,-7.0,0.5,0.5,4.0,6.0,0.5,10.0
Qwen/Qwen2.5-Math-7B-Instruct,loss,one_sentence_reasoning,100.0,-29.0,0.29,-32.64,0.34,0.0,0.0,-100.0,-96.0,0.5,0.4,6.0,5.0,0.55,11.0
Qwen/Qwen2.5-Math-7B-Instruct,loss,one_sentence_reasoning,100.0,-33.0,0.33,-32.64,0.34,0.0,0.0,-100.0,-96.0,0.1666666666666666,1.0,6.0,2.0,0.0833333333333333,8.0
Qwen/Qwen2.5-Math-7B-Instruct,loss,one_sentence_reasoning,100.0,-37.0,0.37,-37.44,0.39,0.0,0.0,-100.0,-96.0,0.5,1.0,4.0,4.0,0.25,8.0
Qwen/Qwen2.5-Math-7B-Instruct,loss,one_sentence_reasoning,100.0,-39.0,0.39,-30.72,0.32,0.0,0.0,-100.0,-96.0,0.4285714285714285,0.5,7.0,2.0,0.4642857142857143,9.0
Qwen/Qwen2.5-Math-7B-Instruct,loss,one_sentence_reasoning,100.0,-3500.0,1.0,-3600.0,0.72,0.0,0.0,-3500.0,-5000.0,0.8,0.6666666666666666,5.0,3.0,0.5666666666666667,8.0
Qwen/Qwen2.5-Math-7B-Instruct,loss,one_sentence_reasoning,100.0,-3500.0,1.0,-3650.0,0.73,0.0,0.0,-3500.0,-5000.0,1.0,0.5,5.0,2.0,0.75,7.0
Qwen/Qwen2.5-Math-7B-Instruct,loss,one_sentence_reasoning,100.0,-3500.0,1.0,-3750.0,0.75,0.0,0.0,-3500.0,-5000.0,,0.6666666666666666,,3.0,,3.0
Qwen/Qwen2.5-Math-7B-Instruct,loss,one_sentence_reasoning,100.0,-3500.0,1.0,-3900.0,0.78,0.0,0.0,-3500.0,-5000.0,0.6666666666666666,0.875,3.0,8.0,0.3958333333333333,11.0
Qwen/Qwen3-30B-A3B-Instruct-2507,gain,math_reasoning_one,20.0,0.4,0.1,0.35,0.05,0.0,0.0,4.0,7.0,0.625,0.0,8.0,10.0,0.8125,18.0
Qwen/Qwen3-30B-A3B-Instruct-2507,gain,math_reasoning_one,20.0,0.8,0.2,0.7,0.1,0.0,0.0,4.0,7.0,0.2222222222222222,0.25,18.0,20.0,0.4861111111111111,38.0
Qwen/Qwen3-30B-A3B-Instruct-2507,gain,math_reasoning_one,20.0,1.6,0.4,0.35,0.05,0.0,0.0,4.0,7.0,0.4,0.0,10.0,10.0,0.7,20.0
Qwen/Qwen3-30B-A3B-Instruct-2507,gain,math_reasoning_one,20.0,30.0,0.3,28.8,0.3,0.0,0.0,100.0,96.0,0.6,0.0,10.0,10.0,0.8,20.0
Qwen/Qwen3-30B-A3B-Instruct-2507,gain,math_reasoning_one,20.0,35.0,0.35,33.6,0.35,0.0,0.0,100.0,96.0,0.5,0.0,8.0,10.0,0.75,18.0
Qwen/Qwen3-30B-A3B-Instruct-2507,gain,math_reasoning_one,20.0,35.0,0.35,38.4,0.4,0.0,0.0,100.0,96.0,0.1,0.0,10.0,10.0,0.55,20.0
Qwen/Qwen3-30B-A3B-Instruct-2507,gain,math_reasoning_one,20.0,40.0,0.4,33.6,0.35,0.0,0.0,100.0,96.0,0.4444444444444444,0.0,9.0,10.0,0.7222222222222222,19.0
Qwen/Qwen3-30B-A3B-Instruct-2507,gain,math_reasoning_one,20.0,3500.0,1.0,2750.0,0.55,0.0,0.0,3500.0,5000.0,0.8,0.0,10.0,10.0,0.9,20.0
Qwen/Qwen3-30B-A3B-Instruct-2507,gain,math_reasoning_one,20.0,3500.0,1.0,3500.0,0.7,0.0,0.0,3500.0,5000.0,0.1111111111111111,0.0,9.0,10.0,0.5555555555555556,19.0
Qwen/Qwen3-30B-A3B-Instruct-2507,gain,math_reasoning_one,20.0,3500.0,1.0,3750.0,0.75,0.0,0.0,3500.0,5000.0,0.0,0.2,10.0,10.0,0.4,20.0
Qwen/Qwen3-30B-A3B-Instruct-2507,gain,math_reasoning_one,20.0,3500.0,1.0,4250.0,0.85,0.0,0.0,3500.0,5000.0,0.0,0.0,10.0,9.0,0.5,19.0
Qwen/Qwen3-30B-A3B-Instruct-2507,gain,math_reasoning_one,100.0,0.6,0.15,0.84,0.12,0.0,0.0,4.0,7.0,0.0,0.4,10.0,10.0,0.3,20.0
Qwen/Qwen3-30B-A3B-Instruct-2507,gain,math_reasoning_one,100.0,0.8,0.2,0.7,0.1,0.0,0.0,4.0,7.0,0.125,0.4444444444444444,8.0,9.0,0.3402777777777778,17.0
Qwen/Qwen3-30B-A3B-Instruct-2507,gain,math_reasoning_one,100.0,0.88,0.22,0.56,0.08,0.0,0.0,4.0,7.0,0.3,0.0,10.0,10.0,0.65,20.0
Qwen/Qwen3-30B-A3B-Instruct-2507,gain,math_reasoning_one,100.0,0.96,0.24,0.77,0.11,0.0,0.0,4.0,7.0,0.1111111111111111,0.5555555555555556,9.0,9.0,0.2777777777777778,18.0
Qwen/Qwen3-30B-A3B-Instruct-2507,gain,math_reasoning_one,100.0,29.0,0.29,32.64,0.34,0.0,0.0,100.0,96.0,0.1,0.1111111111111111,10.0,9.0,0.4944444444444444,19.0
Qwen/Qwen3-30B-A3B-Instruct-2507,gain,math_reasoning_one,100.0,33.0,0.33,32.64,0.34,0.0,0.0,100.0,96.0,0.4444444444444444,0.0,9.0,10.0,0.7222222222222222,19.0
Qwen/Qwen3-30B-A3B-Instruct-2507,gain,math_reasoning_one,100.0,37.0,0.37,37.44,0.39,0.0,0.0,100.0,96.0,0.5555555555555556,0.3,9.0,10.0,0.6277777777777778,19.0
Qwen/Qwen3-30B-A3B-Instruct-2507,gain,math_reasoning_one,100.0,39.0,0.39,30.72,0.32,0.0,0.0,100.0,96.0,0.2857142857142857,0.0,7.0,10.0,0.6428571428571428,17.0
Qwen/Qwen3-30B-A3B-Instruct-2507,gain,math_reasoning_one,100.0,3500.0,1.0,3600.0,0.72,0.0,0.0,3500.0,5000.0,0.1,0.0,10.0,10.0,0.55,20.0
Qwen/Qwen3-30B-A3B-Instruct-2507,gain,math_reasoning_one,100.0,3500.0,1.0,3650.0,0.73,0.0,0.0,3500.0,5000.0,0.0,0.3,10.0,10.0,0.35,20.0
Qwen/Qwen3-30B-A3B-Instruct-2507,gain,math_reasoning_one,100.0,3500.0,1.0,3750.0,0.75,0.0,0.0,3500.0,5000.0,0.1,0.2,10.0,10.0,0.45,20.0
Qwen/Qwen3-30B-A3B-Instruct-2507,gain,math_reasoning_one,100.0,3500.0,1.0,3900.0,0.78,0.0,0.0,3500.0,5000.0,0.0,0.2222222222222222,10.0,9.0,0.3888888888888889,19.0
Qwen/Qwen3-30B-A3B-Instruct-2507,gain,no_explanation,20.0,0.4,0.1,0.35,0.05,0.0,0.0,4.0,7.0,0.0,0.7,10.0,10.0,0.15,20.0
Qwen/Qwen3-30B-A3B-Instruct-2507,gain,no_explanation,20.0,0.8,0.2,0.7,0.1,0.0,0.0,4.0,7.0,0.7,0.5,20.0,20.0,0.6,40.0
Qwen/Qwen3-30B-A3B-Instruct-2507,gain,no_explanation,20.0,1.6,0.4,0.35,0.05,0.0,0.0,4.0,7.0,1.0,0.0,10.0,10.0,1.0,20.0
Qwen/Qwen3-30B-A3B-Instruct-2507,gain,no_explanation,20.0,30.0,0.3,28.8,0.3,0.0,0.0,100.0,96.0,0.8,0.0,10.0,10.0,0.9,20.0
Qwen/Qwen3-30B-A3B-Instruct-2507,gain,no_explanation,20.0,35.0,0.35,33.6,0.35,0.0,0.0,100.0,96.0,1.0,0.0,10.0,10.0,1.0,20.0
Qwen/Qwen3-30B-A3B-Instruct-2507,gain,no_explanation,20.0,35.0,0.35,38.4,0.4,0.0,0.0,100.0,96.0,0.0,0.2,10.0,10.0,0.4,20.0
Qwen/Qwen3-30B-A3B-Instruct-2507,gain,no_explanation,20.0,40.0,0.4,33.6,0.35,0.0,0.0,100.0,96.0,0.8,0.0,10.0,10.0,0.9,20.0
Qwen/Qwen3-30B-A3B-Instruct-2507,gain,no_explanation,20.0,3500.0,1.0,2750.0,0.55,0.0,0.0,3500.0,5000.0,1.0,0.5,10.0,10.0,0.75,20.0
Qwen/Qwen3-30B-A3B-Instruct-2507,gain,no_explanation,20.0,3500.0,1.0,3500.0,0.7,0.0,0.0,3500.0,5000.0,0.7,0.6,10.0,10.0,0.55,20.0
Qwen/Qwen3-30B-A3B-Instruct-2507,gain,no_explanation,20.0,3500.0,1.0,3750.0,0.75,0.0,0.0,3500.0,5000.0,0.0,1.0,10.0,10.0,0.0,20.0
Qwen/Qwen3-30B-A3B-Instruct-2507,gain,no_explanation,20.0,3500.0,1.0,4250.0,0.85,0.0,0.0,3500.0,5000.0,0.0,0.8,10.0,10.0,0.0999999999999999,20.0
Qwen/Qwen3-30B-A3B-Instruct-2507,gain,no_explanation,100.0,0.6,0.15,0.84,0.12,0.0,0.0,4.0,7.0,0.6,0.6,10.0,10.0,0.5,20.0
Qwen/Qwen3-30B-A3B-Instruct-2507,gain,no_explanation,100.0,0.8,0.2,0.7,0.1,0.0,0.0,4.0,7.0,0.2,0.0,10.0,10.0,0.6,20.0
Qwen/Qwen3-30B-A3B-Instruct-2507,gain,no_explanation,100.0,0.88,0.22,0.56,0.08,0.0,0.0,4.0,7.0,1.0,0.1,10.0,10.0,0.95,20.0
Qwen/Qwen3-30B-A3B-Instruct-2507,gain,no_explanation,100.0,0.96,0.24,0.77,0.11,0.0,0.0,4.0,7.0,1.0,0.4,10.0,10.0,0.8,20.0
Qwen/Qwen3-30B-A3B-Instruct-2507,gain,no_explanation,100.0,29.0,0.29,32.64,0.34,0.0,0.0,100.0,96.0,0.0,0.0,10.0,10.0,0.5,20.0
Qwen/Qwen3-30B-A3B-Instruct-2507,gain,no_explanation,100.0,33.0,0.33,32.64,0.34,0.0,0.0,100.0,96.0,0.7,0.0,10.0,10.0,0.85,20.0
Qwen/Qwen3-30B-A3B-Instruct-2507,gain,no_explanation,100.0,37.0,0.37,37.44,0.39,0.0,0.0,100.0,96.0,0.8,0.5,10.0,10.0,0.65,20.0
Qwen/Qwen3-30B-A3B-Instruct-2507,gain,no_explanation,100.0,39.0,0.39,30.72,0.32,0.0,0.0,100.0,96.0,1.0,0.4,10.0,10.0,0.8,20.0
Qwen/Qwen3-30B-A3B-Instruct-2507,gain,no_explanation,100.0,3500.0,1.0,3600.0,0.72,0.0,0.0,3500.0,5000.0,0.0,0.0,10.0,10.0,0.5,20.0
Qwen/Qwen3-30B-A3B-Instruct-2507,gain,no_explanation,100.0,3500.0,1.0,3650.0,0.73,0.0,0.0,3500.0,5000.0,0.0,0.4,10.0,10.0,0.3,20.0
Qwen/Qwen3-30B-A3B-Instruct-2507,gain,no_explanation,100.0,3500.0,1.0,3750.0,0.75,0.0,0.0,3500.0,5000.0,0.0,0.3,10.0,10.0,0.35,20.0
Qwen/Qwen3-30B-A3B-Instruct-2507,gain,no_explanation,100.0,3500.0,1.0,3900.0,0.78,0.0,0.0,3500.0,5000.0,0.0,0.0,10.0,10.0,0.5,20.0
Qwen/Qwen3-30B-A3B-Instruct-2507,gain,one_sentence_reasoning,20.0,0.4,0.1,0.35,0.05,0.0,0.0,4.0,7.0,0.0,0.5,10.0,10.0,0.25,20.0
Qwen/Qwen3-30B-A3B-Instruct-2507,gain,one_sentence_reasoning,20.0,0.8,0.2,0.7,0.1,0.0,0.0,4.0,7.0,0.5,0.5,20.0,20.0,0.5,40.0
Qwen/Qwen3-30B-A3B-Instruct-2507,gain,one_sentence_reasoning,20.0,1.6,0.4,0.35,0.05,0.0,0.0,4.0,7.0,1.0,0.0,10.0,10.0,1.0,20.0
Qwen/Qwen3-30B-A3B-Instruct-2507,gain,one_sentence_reasoning,20.0,30.0,0.3,28.8,0.3,0.0,0.0,100.0,96.0,0.8,0.0,20.0,10.0,0.9,30.0
Qwen/Qwen3-30B-A3B-Instruct-2507,gain,one_sentence_reasoning,20.0,35.0,0.35,33.6,0.35,0.0,0.0,100.0,96.0,1.0,0.0,20.0,10.0,1.0,30.0
Qwen/Qwen3-30B-A3B-Instruct-2507,gain,one_sentence_reasoning,20.0,35.0,0.35,38.4,0.4,0.0,0.0,100.0,96.0,0.0,0.0,20.0,10.0,0.5,30.0
Qwen/Qwen3-30B-A3B-Instruct-2507,gain,one_sentence_reasoning,20.0,40.0,0.4,33.6,0.35,0.0,0.0,100.0,96.0,0.7272727272727273,0.0,11.0,10.0,0.8636363636363636,21.0
Qwen/Qwen3-30B-A3B-Instruct-2507,gain,one_sentence_reasoning,20.0,3500.0,1.0,2750.0,0.55,0.0,0.0,3500.0,5000.0,1.0,0.0,6.0,10.0,1.0,16.0
Qwen/Qwen3-30B-A3B-Instruct-2507,gain,one_sentence_reasoning,20.0,3500.0,1.0,3500.0,0.7,0.0,0.0,3500.0,5000.0,1.0,0.0,3.0,10.0,1.0,13.0
Qwen/Qwen3-30B-A3B-Instruct-2507,gain,one_sentence_reasoning,20.0,3500.0,1.0,3750.0,0.75,0.0,0.0,3500.0,5000.0,0.5,0.0,4.0,10.0,0.75,14.0
Qwen/Qwen3-30B-A3B-Instruct-2507,gain,one_sentence_reasoning,20.0,3500.0,1.0,4250.0,0.85,0.0,0.0,3500.0,5000.0,0.0,0.0,10.0,10.0,0.5,20.0
Qwen/Qwen3-30B-A3B-Instruct-2507,gain,one_sentence_reasoning,100.0,0.6,0.15,0.84,0.12,0.0,0.0,4.0,7.0,0.5,0.9,10.0,10.0,0.3,20.0
Qwen/Qwen3-30B-A3B-Instruct-2507,gain,one_sentence_reasoning,100.0,0.8,0.2,0.7,0.1,0.0,0.0,4.0,7.0,1.0,0.5,10.0,10.0,0.75,20.0
Qwen/Qwen3-30B-A3B-Instruct-2507,gain,one_sentence_reasoning,100.0,0.88,0.22,0.56,0.08,0.0,0.0,4.0,7.0,1.0,0.9,10.0,10.0,0.55,20.0
Qwen/Qwen3-30B-A3B-Instruct-2507,gain,one_sentence_reasoning,100.0,0.96,0.24,0.77,0.11,0.0,0.0,4.0,7.0,1.0,0.8,8.0,10.0,0.6,18.0
Qwen/Qwen3-30B-A3B-Instruct-2507,gain,one_sentence_reasoning,100.0,29.0,0.29,32.64,0.34,0.0,0.0,100.0,96.0,0.6,0.0,10.0,10.0,0.8,20.0
Qwen/Qwen3-30B-A3B-Instruct-2507,gain,one_sentence_reasoning,100.0,33.0,0.33,32.64,0.34,0.0,0.0,100.0,96.0,1.0,0.0,10.0,10.0,1.0,20.0
Qwen/Qwen3-30B-A3B-Instruct-2507,gain,one_sentence_reasoning,100.0,37.0,0.37,37.44,0.39,0.0,0.0,100.0,96.0,0.8,0.8,10.0,10.0,0.5,20.0
Qwen/Qwen3-30B-A3B-Instruct-2507,gain,one_sentence_reasoning,100.0,39.0,0.39,30.72,0.32,0.0,0.0,100.0,96.0,1.0,0.0,10.0,10.0,1.0,20.0
Qwen/Qwen3-30B-A3B-Instruct-2507,gain,one_sentence_reasoning,100.0,3500.0,1.0,3600.0,0.72,0.0,0.0,3500.0,5000.0,1.0,0.0,10.0,10.0,1.0,20.0
Qwen/Qwen3-30B-A3B-Instruct-2507,gain,one_sentence_reasoning,100.0,3500.0,1.0,3650.0,0.73,0.0,0.0,3500.0,5000.0,0.0,1.0,10.0,10.0,0.0,20.0
Qwen/Qwen3-30B-A3B-Instruct-2507,gain,one_sentence_reasoning,100.0,3500.0,1.0,3750.0,0.75,0.0,0.0,3500.0,5000.0,0.0,0.0,10.0,10.0,0.5,20.0
Qwen/Qwen3-30B-A3B-Instruct-2507,gain,one_sentence_reasoning,100.0,3500.0,1.0,3900.0,0.78,0.0,0.0,3500.0,5000.0,0.0,1.0,10.0,10.0,0.0,20.0
Qwen/Qwen3-30B-A3B-Instruct-2507,loss,math_reasoning_one,20.0,-0.4,0.1,-0.35,0.05,0.0,0.0,-4.0,-7.0,0.0,0.1,10.0,10.0,0.45,20.0
Qwen/Qwen3-30B-A3B-Instruct-2507,loss,math_reasoning_one,20.0,-0.8,0.2,-0.7,0.1,0.0,0.0,-4.0,-7.0,0.0,0.15,20.0,20.0,0.425,40.0
Qwen/Qwen3-30B-A3B-Instruct-2507,loss,math_reasoning_one,20.0,-1.6,0.4,-0.35,0.05,0.0,0.0,-4.0,-7.0,0.1,0.3,10.0,10.0,0.3999999999999999,20.0
Qwen/Qwen3-30B-A3B-Instruct-2507,loss,math_reasoning_one,20.0,-30.0,0.3,-28.8,0.3,0.0,0.0,-100.0,-96.0,0.0,0.3,10.0,10.0,0.35,20.0
Qwen/Qwen3-30B-A3B-Instruct-2507,loss,math_reasoning_one,20.0,-35.0,0.35,-33.6,0.35,0.0,0.0,-100.0,-96.0,0.0,0.1,10.0,10.0,0.45,20.0
Qwen/Qwen3-30B-A3B-Instruct-2507,loss,math_reasoning_one,20.0,-35.0,0.35,-38.4,0.4,0.0,0.0,-100.0,-96.0,0.0,0.0,10.0,10.0,0.5,20.0
Qwen/Qwen3-30B-A3B-Instruct-2507,loss,math_reasoning_one,20.0,-40.0,0.4,-33.6,0.35,0.0,0.0,-100.0,-96.0,0.0,0.4,10.0,10.0,0.3,20.0
Qwen/Qwen3-30B-A3B-Instruct-2507,loss,math_reasoning_one,20.0,-3500.0,1.0,-2750.0,0.55,0.0,0.0,-3500.0,-5000.0,0.1,0.3333333333333333,10.0,9.0,0.3833333333333333,19.0
Qwen/Qwen3-30B-A3B-Instruct-2507,loss,math_reasoning_one,20.0,-3500.0,1.0,-3500.0,0.7,0.0,0.0,-3500.0,-5000.0,0.0,0.0,10.0,10.0,0.5,20.0
Qwen/Qwen3-30B-A3B-Instruct-2507,loss,math_reasoning_one,20.0,-3500.0,1.0,-3750.0,0.75,0.0,0.0,-3500.0,-5000.0,0.5,0.0,10.0,10.0,0.75,20.0
Qwen/Qwen3-30B-A3B-Instruct-2507,loss,math_reasoning_one,20.0,-3500.0,1.0,-4250.0,0.85,0.0,0.0,-3500.0,-5000.0,0.3333333333333333,0.0,9.0,10.0,0.6666666666666666,19.0
Qwen/Qwen3-30B-A3B-Instruct-2507,loss,math_reasoning_one,100.0,-0.6,0.15,-0.84,0.12,0.0,0.0,-4.0,-7.0,0.3333333333333333,0.0,9.0,10.0,0.6666666666666666,19.0
Qwen/Qwen3-30B-A3B-Instruct-2507,loss,math_reasoning_one,100.0,-0.8,0.2,-0.7,0.1,0.0,0.0,-4.0,-7.0,0.0,0.3,10.0,10.0,0.35,20.0
Qwen/Qwen3-30B-A3B-Instruct-2507,loss,math_reasoning_one,100.0,-0.88,0.22,-0.56,0.08,0.0,0.0,-4.0,-7.0,0.0,0.0,10.0,10.0,0.5,20.0
Qwen/Qwen3-30B-A3B-Instruct-2507,loss,math_reasoning_one,100.0,-0.96,0.24,-0.77,0.11,0.0,0.0,-4.0,-7.0,0.0,0.0,10.0,10.0,0.5,20.0
Qwen/Qwen3-30B-A3B-Instruct-2507,loss,math_reasoning_one,100.0,-29.0,0.29,-32.64,0.34,0.0,0.0,-100.0,-96.0,0.0,0.0,10.0,9.0,0.5,19.0
Qwen/Qwen3-30B-A3B-Instruct-2507,loss,math_reasoning_one,100.0,-33.0,0.33,-32.64,0.34,0.0,0.0,-100.0,-96.0,0.0,0.0,10.0,10.0,0.5,20.0
Qwen/Qwen3-30B-A3B-Instruct-2507,loss,math_reasoning_one,100.0,-37.0,0.37,-37.44,0.39,0.0,0.0,-100.0,-96.0,0.0,0.0,10.0,10.0,0.5,20.0
Qwen/Qwen3-30B-A3B-Instruct-2507,loss,math_reasoning_one,100.0,-39.0,0.39,-30.72,0.32,0.0,0.0,-100.0,-96.0,0.0,0.2,10.0,10.0,0.4,20.0
Qwen/Qwen3-30B-A3B-Instruct-2507,loss,math_reasoning_one,100.0,-3500.0,1.0,-3600.0,0.72,0.0,0.0,-3500.0,-5000.0,0.3,0.3,10.0,10.0,0.5,20.0
Qwen/Qwen3-30B-A3B-Instruct-2507,loss,math_reasoning_one,100.0,-3500.0,1.0,-3650.0,0.73,0.0,0.0,-3500.0,-5000.0,0.0,0.6,10.0,10.0,0.2,20.0
Qwen/Qwen3-30B-A3B-Instruct-2507,loss,math_reasoning_one,100.0,-3500.0,1.0,-3750.0,0.75,0.0,0.0,-3500.0,-5000.0,0.2,0.0,10.0,10.0,0.6,20.0
Qwen/Qwen3-30B-A3B-Instruct-2507,loss,math_reasoning_one,100.0,-3500.0,1.0,-3900.0,0.78,0.0,0.0,-3500.0,-5000.0,0.1,0.0,10.0,10.0,0.55,20.0
Qwen/Qwen3-30B-A3B-Instruct-2507,loss,no_explanation,20.0,-0.4,0.1,-0.35,0.05,0.0,0.0,-4.0,-7.0,0.0,0.2,10.0,10.0,0.4,20.0
Qwen/Qwen3-30B-A3B-Instruct-2507,loss,no_explanation,20.0,-0.8,0.2,-0.7,0.1,0.0,0.0,-4.0,-7.0,0.8,0.0,20.0,20.0,0.9,40.0
Qwen/Qwen3-30B-A3B-Instruct-2507,loss,no_explanation,20.0,-1.6,0.4,-0.35,0.05,0.0,0.0,-4.0,-7.0,1.0,0.8,10.0,10.0,0.6,20.0
Qwen/Qwen3-30B-A3B-Instruct-2507,loss,no_explanation,20.0,-30.0,0.3,-28.8,0.3,0.0,0.0,-100.0,-96.0,0.0,0.0,10.0,10.0,0.5,20.0
Qwen/Qwen3-30B-A3B-Instruct-2507,loss,no_explanation,20.0,-35.0,0.35,-33.6,0.35,0.0,0.0,-100.0,-96.0,0.0,0.2,10.0,10.0,0.4,20.0
Qwen/Qwen3-30B-A3B-Instruct-2507,loss,no_explanation,20.0,-35.0,0.35,-38.4,0.4,0.0,0.0,-100.0,-96.0,0.0,0.0,10.0,10.0,0.5,20.0
Qwen/Qwen3-30B-A3B-Instruct-2507,loss,no_explanation,20.0,-40.0,0.4,-33.6,0.35,0.0,0.0,-100.0,-96.0,0.0,0.5,10.0,10.0,0.25,20.0
Qwen/Qwen3-30B-A3B-Instruct-2507,loss,no_explanation,20.0,-3500.0,1.0,-2750.0,0.55,0.0,0.0,-3500.0,-5000.0,0.9,0.3,10.0,10.0,0.8,20.0
Qwen/Qwen3-30B-A3B-Instruct-2507,loss,no_explanation,20.0,-3500.0,1.0,-3500.0,0.7,0.0,0.0,-3500.0,-5000.0,0.0,0.2,10.0,10.0,0.4,20.0
Qwen/Qwen3-30B-A3B-Instruct-2507,loss,no_explanation,20.0,-3500.0,1.0,-3750.0,0.75,0.0,0.0,-3500.0,-5000.0,1.0,0.8,10.0,10.0,0.6,20.0
Qwen/Qwen3-30B-A3B-Instruct-2507,loss,no_explanation,20.0,-3500.0,1.0,-4250.0,0.85,0.0,0.0,-3500.0,-5000.0,1.0,0.7,10.0,10.0,0.65,20.0
Qwen/Qwen3-30B-A3B-Instruct-2507,loss,no_explanation,100.0,-0.6,0.15,-0.84,0.12,0.0,0.0,-4.0,-7.0,0.4,0.5,10.0,10.0,0.45,20.0
Qwen/Qwen3-30B-A3B-Instruct-2507,loss,no_explanation,100.0,-0.8,0.2,-0.7,0.1,0.0,0.0,-4.0,-7.0,1.0,0.4,10.0,10.0,0.8,20.0
Qwen/Qwen3-30B-A3B-Instruct-2507,loss,no_explanation,100.0,-0.88,0.22,-0.56,0.08,0.0,0.0,-4.0,-7.0,1.0,0.6,10.0,10.0,0.7,20.0
Qwen/Qwen3-30B-A3B-Instruct-2507,loss,no_explanation,100.0,-0.96,0.24,-0.77,0.11,0.0,0.0,-4.0,-7.0,1.0,0.4,10.0,10.0,0.8,20.0
Qwen/Qwen3-30B-A3B-Instruct-2507,loss,no_explanation,100.0,-29.0,0.29,-32.64,0.34,0.0,0.0,-100.0,-96.0,0.3,0.6,10.0,10.0,0.35,20.0
Qwen/Qwen3-30B-A3B-Instruct-2507,loss,no_explanation,100.0,-33.0,0.33,-32.64,0.34,0.0,0.0,-100.0,-96.0,0.0,0.3,10.0,10.0,0.35,20.0
Qwen/Qwen3-30B-A3B-Instruct-2507,loss,no_explanation,100.0,-37.0,0.37,-37.44,0.39,0.0,0.0,-100.0,-96.0,0.0,1.0,10.0,10.0,0.0,20.0
Qwen/Qwen3-30B-A3B-Instruct-2507,loss,no_explanation,100.0,-39.0,0.39,-30.72,0.32,0.0,0.0,-100.0,-96.0,0.3,1.0,10.0,10.0,0.15,20.0
Qwen/Qwen3-30B-A3B-Instruct-2507,loss,no_explanation,100.0,-3500.0,1.0,-3600.0,0.72,0.0,0.0,-3500.0,-5000.0,0.4,0.7,10.0,10.0,0.35,20.0
Qwen/Qwen3-30B-A3B-Instruct-2507,loss,no_explanation,100.0,-3500.0,1.0,-3650.0,0.73,0.0,0.0,-3500.0,-5000.0,0.5,1.0,10.0,10.0,0.25,20.0
Qwen/Qwen3-30B-A3B-Instruct-2507,loss,no_explanation,100.0,-3500.0,1.0,-3750.0,0.75,0.0,0.0,-3500.0,-5000.0,0.3,0.5,10.0,10.0,0.4,20.0
Qwen/Qwen3-30B-A3B-Instruct-2507,loss,no_explanation,100.0,-3500.0,1.0,-3900.0,0.78,0.0,0.0,-3500.0,-5000.0,1.0,0.9,10.0,10.0,0.55,20.0
Qwen/Qwen3-30B-A3B-Instruct-2507,loss,one_sentence_reasoning,20.0,-0.4,0.1,-0.35,0.05,0.0,0.0,-4.0,-7.0,0.0,0.1,10.0,10.0,0.45,20.0
Qwen/Qwen3-30B-A3B-Instruct-2507,loss,one_sentence_reasoning,20.0,-0.8,0.2,-0.7,0.1,0.0,0.0,-4.0,-7.0,0.25,0.0,20.0,20.0,0.625,40.0
Qwen/Qwen3-30B-A3B-Instruct-2507,loss,one_sentence_reasoning,20.0,-1.6,0.4,-0.35,0.05,0.0,0.0,-4.0,-7.0,1.0,0.2857142857142857,10.0,7.0,0.8571428571428572,17.0
Qwen/Qwen3-30B-A3B-Instruct-2507,loss,one_sentence_reasoning,20.0,-30.0,0.3,-28.8,0.3,0.0,0.0,-100.0,-96.0,0.0,0.0,10.0,10.0,0.5,20.0
Qwen/Qwen3-30B-A3B-Instruct-2507,loss,one_sentence_reasoning,20.0,-35.0,0.35,-33.6,0.35,0.0,0.0,-100.0,-96.0,0.0,0.4,10.0,10.0,0.3,20.0
Qwen/Qwen3-30B-A3B-Instruct-2507,loss,one_sentence_reasoning,20.0,-35.0,0.35,-38.4,0.4,0.0,0.0,-100.0,-96.0,0.0,0.0,10.0,10.0,0.5,20.0
Qwen/Qwen3-30B-A3B-Instruct-2507,loss,one_sentence_reasoning,20.0,-40.0,0.4,-33.6,0.35,0.0,0.0,-100.0,-96.0,0.0,0.2,10.0,10.0,0.4,20.0
Qwen/Qwen3-30B-A3B-Instruct-2507,loss,one_sentence_reasoning,20.0,-3500.0,1.0,-2750.0,0.55,0.0,0.0,-3500.0,-5000.0,0.25,0.2,8.0,10.0,0.525,18.0
Qwen/Qwen3-30B-A3B-Instruct-2507,loss,one_sentence_reasoning,20.0,-3500.0,1.0,-3500.0,0.7,0.0,0.0,-3500.0,-5000.0,0.3,0.8,10.0,10.0,0.2499999999999999,20.0
Qwen/Qwen3-30B-A3B-Instruct-2507,loss,one_sentence_reasoning,20.0,-3500.0,1.0,-3750.0,0.75,0.0,0.0,-3500.0,-5000.0,1.0,0.2,9.0,10.0,0.9,19.0
Qwen/Qwen3-30B-A3B-Instruct-2507,loss,one_sentence_reasoning,20.0,-3500.0,1.0,-4250.0,0.85,0.0,0.0,-3500.0,-5000.0,1.0,0.0,10.0,10.0,1.0,20.0
Qwen/Qwen3-30B-A3B-Instruct-2507,loss,one_sentence_reasoning,100.0,-0.6,0.15,-0.84,0.12,0.0,0.0,-4.0,-7.0,0.5,0.7,10.0,10.0,0.4,20.0
Qwen/Qwen3-30B-A3B-Instruct-2507,loss,one_sentence_reasoning,100.0,-0.8,0.2,-0.7,0.1,0.0,0.0,-4.0,-7.0,1.0,0.6,9.0,10.0,0.7,19.0
Qwen/Qwen3-30B-A3B-Instruct-2507,loss,one_sentence_reasoning,100.0,-0.88,0.22,-0.56,0.08,0.0,0.0,-4.0,-7.0,1.0,0.8,10.0,10.0,0.6,20.0
Qwen/Qwen3-30B-A3B-Instruct-2507,loss,one_sentence_reasoning,100.0,-0.96,0.24,-0.77,0.11,0.0,0.0,-4.0,-7.0,1.0,0.3,9.0,10.0,0.85,19.0
Qwen/Qwen3-30B-A3B-Instruct-2507,loss,one_sentence_reasoning,100.0,-29.0,0.29,-32.64,0.34,0.0,0.0,-100.0,-96.0,0.1,0.2,10.0,10.0,0.45,20.0
Qwen/Qwen3-30B-A3B-Instruct-2507,loss,one_sentence_reasoning,100.0,-33.0,0.33,-32.64,0.34,0.0,0.0,-100.0,-96.0,0.0,0.4,10.0,10.0,0.3,20.0
Qwen/Qwen3-30B-A3B-Instruct-2507,loss,one_sentence_reasoning,100.0,-37.0,0.37,-37.44,0.39,0.0,0.0,-100.0,-96.0,0.0,1.0,10.0,10.0,0.0,20.0
Qwen/Qwen3-30B-A3B-Instruct-2507,loss,one_sentence_reasoning,100.0,-39.0,0.39,-30.72,0.32,0.0,0.0,-100.0,-96.0,0.0,1.0,10.0,10.0,0.0,20.0
Qwen/Qwen3-30B-A3B-Instruct-2507,loss,one_sentence_reasoning,100.0,-3500.0,1.0,-3600.0,0.72,0.0,0.0,-3500.0,-5000.0,1.0,0.7,10.0,10.0,0.65,20.0
Qwen/Qwen3-30B-A3B-Instruct-2507,loss,one_sentence_reasoning,100.0,-3500.0,1.0,-3650.0,0.73,0.0,0.0,-3500.0,-5000.0,1.0,1.0,10.0,10.0,0.5,20.0
Qwen/Qwen3-30B-A3B-Instruct-2507,loss,one_sentence_reasoning,100.0,-3500.0,1.0,-3750.0,0.75,0.0,0.0,-3500.0,-5000.0,1.0,1.0,10.0,10.0,0.5,20.0
Qwen/Qwen3-30B-A3B-Instruct-2507,loss,one_sentence_reasoning,100.0,-3500.0,1.0,-3900.0,0.78,0.0,0.0,-3500.0,-5000.0,1.0,1.0,6.0,10.0,0.5,16.0
Qwen/Qwen3-30B-A3B-Thinking-2507,gain,math_reasoning_one,20.0,0.4,0.1,0.35,0.05,0.0,0.0,4.0,7.0,1.0,0.0,7.0,7.0,1.0,14.0
Qwen/Qwen3-30B-A3B-Thinking-2507,gain,math_reasoning_one,20.0,0.8,0.2,0.7,0.1,0.0,0.0,4.0,7.0,1.0,0.0,13.0,10.0,1.0,23.0
Qwen/Qwen3-30B-A3B-Thinking-2507,gain,math_reasoning_one,20.0,1.6,0.4,0.35,0.05,0.0,0.0,4.0,7.0,1.0,0.0,5.0,2.0,1.0,7.0
Qwen/Qwen3-30B-A3B-Thinking-2507,gain,math_reasoning_one,20.0,30.0,0.3,28.8,0.3,0.0,0.0,100.0,96.0,1.0,0.0,3.0,2.0,1.0,5.0
Qwen/Qwen3-30B-A3B-Thinking-2507,gain,math_reasoning_one,20.0,35.0,0.35,38.4,0.4,0.0,0.0,100.0,96.0,,1.0,,1.0,,1.0
Qwen/Qwen3-30B-A3B-Thinking-2507,gain,math_reasoning_one,20.0,40.0,0.4,33.6,0.35,0.0,0.0,100.0,96.0,1.0,0.0,1.0,2.0,1.0,3.0
Qwen/Qwen3-30B-A3B-Thinking-2507,gain,math_reasoning_one,20.0,3500.0,1.0,2750.0,0.55,0.0,0.0,3500.0,5000.0,1.0,0.0,5.0,2.0,1.0,7.0
Qwen/Qwen3-30B-A3B-Thinking-2507,gain,math_reasoning_one,20.0,3500.0,1.0,3750.0,0.75,0.0,0.0,3500.0,5000.0,0.0,1.0,4.0,5.0,0.0,9.0
Qwen/Qwen3-30B-A3B-Thinking-2507,gain,math_reasoning_one,20.0,3500.0,1.0,4250.0,0.85,0.0,0.0,3500.0,5000.0,0.0,1.0,8.0,2.0,0.0,10.0
Qwen/Qwen3-30B-A3B-Thinking-2507,gain,no_explanation,20.0,0.4,0.1,0.35,0.05,0.0,0.0,4.0,7.0,1.0,0.0,10.0,5.0,1.0,15.0
Qwen/Qwen3-30B-A3B-Thinking-2507,gain,no_explanation,20.0,0.8,0.2,0.7,0.1,0.0,0.0,4.0,7.0,1.0,0.0,18.0,13.0,1.0,31.0
Qwen/Qwen3-30B-A3B-Thinking-2507,gain,no_explanation,20.0,1.6,0.4,0.35,0.05,0.0,0.0,4.0,7.0,1.0,0.0,7.0,3.0,1.0,10.0
Qwen/Qwen3-30B-A3B-Thinking-2507,gain,no_explanation,20.0,30.0,0.3,28.8,0.3,0.0,0.0,100.0,96.0,1.0,0.0,3.0,4.0,1.0,7.0
Qwen/Qwen3-30B-A3B-Thinking-2507,gain,no_explanation,20.0,35.0,0.35,33.6,0.35,0.0,0.0,100.0,96.0,1.0,0.0,1.0,4.0,1.0,5.0
Qwen/Qwen3-30B-A3B-Thinking-2507,gain,no_explanation,20.0,35.0,0.35,38.4,0.4,0.0,0.0,100.0,96.0,0.0,1.0,1.0,2.0,0.0,3.0
Qwen/Qwen3-30B-A3B-Thinking-2507,gain,no_explanation,20.0,40.0,0.4,33.6,0.35,0.0,0.0,100.0,96.0,1.0,0.0,1.0,3.0,1.0,4.0
Qwen/Qwen3-30B-A3B-Thinking-2507,gain,no_explanation,20.0,3500.0,1.0,2750.0,0.55,0.0,0.0,3500.0,5000.0,1.0,0.0,4.0,2.0,1.0,6.0
Qwen/Qwen3-30B-A3B-Thinking-2507,gain,no_explanation,20.0,3500.0,1.0,3750.0,0.75,0.0,0.0,3500.0,5000.0,0.0,1.0,9.0,8.0,0.0,17.0
Qwen/Qwen3-30B-A3B-Thinking-2507,gain,no_explanation,20.0,3500.0,1.0,4250.0,0.85,0.0,0.0,3500.0,5000.0,0.0,1.0,9.0,8.0,0.0,17.0
Qwen/Qwen3-30B-A3B-Thinking-2507,gain,one_sentence_reasoning,20.0,0.4,0.1,0.35,0.05,0.0,0.0,4.0,7.0,0.8,0.25,10.0,8.0,0.775,18.0
Qwen/Qwen3-30B-A3B-Thinking-2507,gain,one_sentence_reasoning,20.0,0.8,0.2,0.7,0.1,0.0,0.0,4.0,7.0,0.9375,0.0,16.0,18.0,0.96875,34.0
Qwen/Qwen3-30B-A3B-Thinking-2507,gain,one_sentence_reasoning,20.0,1.6,0.4,0.35,0.05,0.0,0.0,4.0,7.0,1.0,0.0,8.0,10.0,1.0,18.0
Qwen/Qwen3-30B-A3B-Thinking-2507,gain,one_sentence_reasoning,20.0,30.0,0.3,28.8,0.3,0.0,0.0,100.0,96.0,1.0,0.0,7.0,5.0,1.0,12.0
Qwen/Qwen3-30B-A3B-Thinking-2507,gain,one_sentence_reasoning,20.0,35.0,0.35,33.6,0.35,0.0,0.0,100.0,96.0,1.0,0.0,6.0,7.0,1.0,13.0
Qwen/Qwen3-30B-A3B-Thinking-2507,gain,one_sentence_reasoning,20.0,35.0,0.35,38.4,0.4,0.0,0.0,100.0,96.0,0.0,1.0,5.0,7.0,0.0,12.0
Qwen/Qwen3-30B-A3B-Thinking-2507,gain,one_sentence_reasoning,20.0,40.0,0.4,33.6,0.35,0.0,0.0,100.0,96.0,1.0,0.0,8.0,7.0,1.0,15.0
Qwen/Qwen3-30B-A3B-Thinking-2507,gain,one_sentence_reasoning,20.0,3500.0,1.0,2750.0,0.55,0.0,0.0,3500.0,5000.0,1.0,0.0,8.0,6.0,1.0,14.0
Qwen/Qwen3-30B-A3B-Thinking-2507,gain,one_sentence_reasoning,20.0,3500.0,1.0,3500.0,0.7,0.0,0.0,3500.0,5000.0,0.75,0.0,4.0,6.0,0.875,10.0
Qwen/Qwen3-30B-A3B-Thinking-2507,gain,one_sentence_reasoning,20.0,3500.0,1.0,3750.0,0.75,0.0,0.0,3500.0,5000.0,0.0,0.8571428571428571,8.0,7.0,0.0714285714285714,15.0
Qwen/Qwen3-30B-A3B-Thinking-2507,gain,one_sentence_reasoning,20.0,3500.0,1.0,4250.0,0.85,0.0,0.0,3500.0,5000.0,0.0,1.0,10.0,8.0,0.0,18.0
Qwen/Qwen3-30B-A3B-Thinking-2507,gain,one_sentence_reasoning,100.0,0.6,0.15,0.84,0.12,0.0,0.0,4.0,7.0,,1.0,,2.0,,2.0
Qwen/Qwen3-30B-A3B-Thinking-2507,gain,one_sentence_reasoning,100.0,0.8,0.2,0.7,0.1,0.0,0.0,4.0,7.0,1.0,1.0,1.0,1.0,0.5,2.0
Qwen/Qwen3-30B-A3B-Thinking-2507,gain,one_sentence_reasoning,100.0,0.88,0.22,0.56,0.08,0.0,0.0,4.0,7.0,1.0,1.0,1.0,1.0,0.5,2.0
Qwen/Qwen3-30B-A3B-Thinking-2507,gain,one_sentence_reasoning,100.0,0.96,0.24,0.77,0.11,0.0,0.0,4.0,7.0,0.5,,2.0,,,2.0
Qwen/Qwen3-30B-A3B-Thinking-2507,gain,one_sentence_reasoning,100.0,33.0,0.33,32.64,0.34,0.0,0.0,100.0,96.0,,0.0,,3.0,,3.0
Qwen/Qwen3-30B-A3B-Thinking-2507,gain,one_sentence_reasoning,100.0,37.0,0.37,37.44,0.39,0.0,0.0,100.0,96.0,1.0,1.0,1.0,1.0,0.5,2.0
Qwen/Qwen3-30B-A3B-Thinking-2507,gain,one_sentence_reasoning,100.0,39.0,0.39,30.72,0.32,0.0,0.0,100.0,96.0,1.0,0.0,2.0,1.0,1.0,3.0
Qwen/Qwen3-30B-A3B-Thinking-2507,gain,one_sentence_reasoning,100.0,3500.0,1.0,3750.0,0.75,0.0,0.0,3500.0,5000.0,0.0,,1.0,,,1.0
Qwen/Qwen3-30B-A3B-Thinking-2507,loss,math_reasoning_one,20.0,-0.4,0.1,-0.35,0.05,0.0,0.0,-4.0,-7.0,0.0,1.0,9.0,10.0,0.0,19.0
Qwen/Qwen3-30B-A3B-Thinking-2507,loss,math_reasoning_one,20.0,-0.8,0.2,-0.7,0.1,0.0,0.0,-4.0,-7.0,0.0,1.0,15.0,15.0,0.0,30.0
Qwen/Qwen3-30B-A3B-Thinking-2507,loss,math_reasoning_one,20.0,-1.6,0.4,-0.35,0.05,0.0,0.0,-4.0,-7.0,0.0,1.0,5.0,2.0,0.0,7.0
Qwen/Qwen3-30B-A3B-Thinking-2507,loss,math_reasoning_one,20.0,-30.0,0.3,-28.8,0.3,0.0,0.0,-100.0,-96.0,0.0,1.0,5.0,3.0,0.0,8.0
Qwen/Qwen3-30B-A3B-Thinking-2507,loss,math_reasoning_one,20.0,-35.0,0.35,-33.6,0.35,0.0,0.0,-100.0,-96.0,,1.0,,1.0,,1.0
Qwen/Qwen3-30B-A3B-Thinking-2507,loss,math_reasoning_one,20.0,-35.0,0.35,-38.4,0.4,0.0,0.0,-100.0,-96.0,1.0,0.0,1.0,1.0,1.0,2.0
Qwen/Qwen3-30B-A3B-Thinking-2507,loss,math_reasoning_one,20.0,-40.0,0.4,-33.6,0.35,0.0,0.0,-100.0,-96.0,0.0,,3.0,,,3.0
Qwen/Qwen3-30B-A3B-Thinking-2507,loss,math_reasoning_one,20.0,-3500.0,1.0,-2750.0,0.55,0.0,0.0,-3500.0,-5000.0,0.0,1.0,3.0,3.0,0.0,6.0
Qwen/Qwen3-30B-A3B-Thinking-2507,loss,math_reasoning_one,20.0,-3500.0,1.0,-3750.0,0.75,0.0,0.0,-3500.0,-5000.0,1.0,0.0,3.0,6.0,1.0,9.0
Qwen/Qwen3-30B-A3B-Thinking-2507,loss,math_reasoning_one,20.0,-3500.0,1.0,-4250.0,0.85,0.0,0.0,-3500.0,-5000.0,1.0,0.0,9.0,5.0,1.0,14.0
Qwen/Qwen3-30B-A3B-Thinking-2507,loss,no_explanation,20.0,-0.4,0.1,-0.35,0.05,0.0,0.0,-4.0,-7.0,0.0,1.0,9.0,8.0,0.0,17.0
Qwen/Qwen3-30B-A3B-Thinking-2507,loss,no_explanation,20.0,-0.8,0.2,-0.7,0.1,0.0,0.0,-4.0,-7.0,0.0,1.0,20.0,17.0,0.0,37.0
Qwen/Qwen3-30B-A3B-Thinking-2507,loss,no_explanation,20.0,-1.6,0.4,-0.35,0.05,0.0,0.0,-4.0,-7.0,0.0,1.0,8.0,9.0,0.0,17.0
Qwen/Qwen3-30B-A3B-Thinking-2507,loss,no_explanation,20.0,-30.0,0.3,-28.8,0.3,0.0,0.0,-100.0,-96.0,0.0,1.0,4.0,7.0,0.0,11.0
Qwen/Qwen3-30B-A3B-Thinking-2507,loss,no_explanation,20.0,-35.0,0.35,-33.6,0.35,0.0,0.0,-100.0,-96.0,0.0,1.0,2.0,4.0,0.0,6.0
Qwen/Qwen3-30B-A3B-Thinking-2507,loss,no_explanation,20.0,-40.0,0.4,-33.6,0.35,0.0,0.0,-100.0,-96.0,0.0,1.0,2.0,1.0,0.0,3.0
Qwen/Qwen3-30B-A3B-Thinking-2507,loss,no_explanation,20.0,-3500.0,1.0,-2750.0,0.55,0.0,0.0,-3500.0,-5000.0,0.0,1.0,7.0,7.0,0.0,14.0
Qwen/Qwen3-30B-A3B-Thinking-2507,loss,no_explanation,20.0,-3500.0,1.0,-3750.0,0.75,0.0,0.0,-3500.0,-5000.0,1.0,0.0,7.0,4.0,1.0,11.0
Qwen/Qwen3-30B-A3B-Thinking-2507,loss,no_explanation,20.0,-3500.0,1.0,-4250.0,0.85,0.0,0.0,-3500.0,-5000.0,1.0,0.0,9.0,5.0,1.0,14.0
Qwen/Qwen3-30B-A3B-Thinking-2507,loss,no_explanation,100.0,-33.0,0.33,-32.64,0.34,0.0,0.0,-100.0,-96.0,,1.0,,1.0,,1.0
Qwen/Qwen3-30B-A3B-Thinking-2507,loss,one_sentence_reasoning,20.0,-0.4,0.1,-0.35,0.05,0.0,0.0,-4.0,-7.0,0.0,1.0,10.0,9.0,0.0,19.0
Qwen/Qwen3-30B-A3B-Thinking-2507,loss,one_sentence_reasoning,20.0,-0.8,0.2,-0.7,0.1,0.0,0.0,-4.0,-7.0,0.0,1.0,18.0,19.0,0.0,37.0
Qwen/Qwen3-30B-A3B-Thinking-2507,loss,one_sentence_reasoning,20.0,-1.6,0.4,-0.35,0.05,0.0,0.0,-4.0,-7.0,0.125,1.0,8.0,10.0,0.0625,18.0
Qwen/Qwen3-30B-A3B-Thinking-2507,loss,one_sentence_reasoning,20.0,-30.0,0.3,-28.8,0.3,0.0,0.0,-100.0,-96.0,0.0,1.0,6.0,8.0,0.0,14.0
Qwen/Qwen3-30B-A3B-Thinking-2507,loss,one_sentence_reasoning,20.0,-35.0,0.35,-33.6,0.35,0.0,0.0,-100.0,-96.0,0.0,1.0,5.0,9.0,0.0,14.0
Qwen/Qwen3-30B-A3B-Thinking-2507,loss,one_sentence_reasoning,20.0,-35.0,0.35,-38.4,0.4,0.0,0.0,-100.0,-96.0,1.0,0.0,6.0,3.0,1.0,9.0
Qwen/Qwen3-30B-A3B-Thinking-2507,loss,one_sentence_reasoning,20.0,-40.0,0.4,-33.6,0.35,0.0,0.0,-100.0,-96.0,0.0,1.0,6.0,9.0,0.0,15.0
Qwen/Qwen3-30B-A3B-Thinking-2507,loss,one_sentence_reasoning,20.0,-3500.0,1.0,-2750.0,0.55,0.0,0.0,-3500.0,-5000.0,0.0,1.0,9.0,9.0,0.0,18.0
Qwen/Qwen3-30B-A3B-Thinking-2507,loss,one_sentence_reasoning,20.0,-3500.0,1.0,-3500.0,0.7,0.0,0.0,-3500.0,-5000.0,0.5,1.0,4.0,2.0,0.25,6.0
Qwen/Qwen3-30B-A3B-Thinking-2507,loss,one_sentence_reasoning,20.0,-3500.0,1.0,-3750.0,0.75,0.0,0.0,-3500.0,-5000.0,1.0,0.0,6.0,8.0,1.0,14.0
Qwen/Qwen3-30B-A3B-Thinking-2507,loss,one_sentence_reasoning,20.0,-3500.0,1.0,-4250.0,0.85,0.0,0.0,-3500.0,-5000.0,1.0,0.0,7.0,6.0,1.0,13.0
Qwen/Qwen3-30B-A3B-Thinking-2507,loss,one_sentence_reasoning,100.0,-0.6,0.15,-0.84,0.12,0.0,0.0,-4.0,-7.0,1.0,0.0,1.0,1.0,1.0,2.0
Qwen/Qwen3-30B-A3B-Thinking-2507,loss,one_sentence_reasoning,100.0,-0.8,0.2,-0.7,0.1,0.0,0.0,-4.0,-7.0,1.0,0.0,1.0,2.0,1.0,3.0
Qwen/Qwen3-30B-A3B-Thinking-2507,loss,one_sentence_reasoning,100.0,-0.88,0.22,-0.56,0.08,0.0,0.0,-4.0,-7.0,0.5,,2.0,,,2.0
Qwen/Qwen3-30B-A3B-Thinking-2507,loss,one_sentence_reasoning,100.0,-0.96,0.24,-0.77,0.11,0.0,0.0,-4.0,-7.0,,0.0,,2.0,,2.0
Qwen/Qwen3-30B-A3B-Thinking-2507,loss,one_sentence_reasoning,100.0,-29.0,0.29,-32.64,0.34,0.0,0.0,-100.0,-96.0,,0.0,,1.0,,1.0
Qwen/Qwen3-30B-A3B-Thinking-2507,loss,one_sentence_reasoning,100.0,-33.0,0.33,-32.64,0.34,0.0,0.0,-100.0,-96.0,0.0,1.0,1.0,1.0,0.0,2.0
Qwen/Qwen3-30B-A3B-Thinking-2507,loss,one_sentence_reasoning,100.0,-37.0,0.37,-37.44,0.39,0.0,0.0,-100.0,-96.0,0.0,0.0,5.0,1.0,0.5,6.0
Qwen/Qwen3-30B-A3B-Thinking-2507,loss,one_sentence_reasoning,100.0,-39.0,0.39,-30.72,0.32,0.0,0.0,-100.0,-96.0,0.0,1.0,1.0,4.0,0.0,5.0
Qwen/Qwen3-30B-A3B-Thinking-2507,loss,one_sentence_reasoning,100.0,-3500.0,1.0,-3600.0,0.72,0.0,0.0,-3500.0,-5000.0,1.0,,1.0,,,1.0
Qwen/Qwen3-30B-A3B-Thinking-2507,loss,one_sentence_reasoning,100.0,-3500.0,1.0,-3650.0,0.73,0.0,0.0,-3500.0,-5000.0,0.5,1.0,2.0,1.0,0.25,3.0
Qwen/Qwen3-30B-A3B-Thinking-2507,loss,one_sentence_reasoning,100.0,-3500.0,1.0,-3750.0,0.75,0.0,0.0,-3500.0,-5000.0,1.0,,4.0,,,4.0
Qwen/Qwen3-30B-A3B-Thinking-2507,loss,one_sentence_reasoning,100.0,-3500.0,1.0,-3900.0,0.78,0.0,0.0,-3500.0,-5000.0,1.0,,1.0,,,1.0
allenai/Olmo-3-32B-Think,gain,math_reasoning_one,20.0,0.4,0.1,0.35,0.05,0.0,0.0,4.0,7.0,1.0,0.0,3.0,3.0,1.0,6.0
allenai/Olmo-3-32B-Think,gain,math_reasoning_one,20.0,0.8,0.2,0.7,0.1,0.0,0.0,4.0,7.0,1.0,0.0,6.0,7.0,1.0,13.0
allenai/Olmo-3-32B-Think,gain,math_reasoning_one,20.0,1.6,0.4,0.35,0.05,0.0,0.0,4.0,7.0,1.0,0.0,1.0,1.0,1.0,2.0
allenai/Olmo-3-32B-Think,gain,math_reasoning_one,20.0,30.0,0.3,28.8,0.3,0.0,0.0,100.0,96.0,1.0,0.0,1.0,1.0,1.0,2.0
allenai/Olmo-3-32B-Think,gain,math_reasoning_one,20.0,40.0,0.4,33.6,0.35,0.0,0.0,100.0,96.0,1.0,,2.0,,,2.0
allenai/Olmo-3-32B-Think,gain,math_reasoning_one,20.0,3500.0,1.0,2750.0,0.55,0.0,0.0,3500.0,5000.0,1.0,0.0,5.0,2.0,1.0,7.0
allenai/Olmo-3-32B-Think,gain,math_reasoning_one,20.0,3500.0,1.0,3750.0,0.75,0.0,0.0,3500.0,5000.0,0.0,1.0,3.0,1.0,0.0,4.0
allenai/Olmo-3-32B-Think,gain,math_reasoning_one,20.0,3500.0,1.0,4250.0,0.85,0.0,0.0,3500.0,5000.0,0.0,0.75,4.0,4.0,0.125,8.0
allenai/Olmo-3-32B-Think,gain,no_explanation,20.0,0.4,0.1,0.35,0.05,0.0,0.0,4.0,7.0,1.0,0.0,5.0,2.0,1.0,7.0
allenai/Olmo-3-32B-Think,gain,no_explanation,20.0,0.8,0.2,0.7,0.1,0.0,0.0,4.0,7.0,1.0,0.0,8.0,6.0,1.0,14.0
allenai/Olmo-3-32B-Think,gain,no_explanation,20.0,1.6,0.4,0.35,0.05,0.0,0.0,4.0,7.0,1.0,0.0,1.0,2.0,1.0,3.0
allenai/Olmo-3-32B-Think,gain,no_explanation,20.0,35.0,0.35,33.6,0.35,0.0,0.0,100.0,96.0,1.0,,2.0,,,2.0
allenai/Olmo-3-32B-Think,gain,no_explanation,20.0,3500.0,1.0,2750.0,0.55,0.0,0.0,3500.0,5000.0,1.0,0.0,1.0,6.0,1.0,7.0
allenai/Olmo-3-32B-Think,gain,no_explanation,20.0,3500.0,1.0,3500.0,0.7,0.0,0.0,3500.0,5000.0,,0.0,,1.0,,1.0
allenai/Olmo-3-32B-Think,gain,no_explanation,20.0,3500.0,1.0,3750.0,0.75,0.0,0.0,3500.0,5000.0,0.0,1.0,6.0,2.0,0.0,8.0
allenai/Olmo-3-32B-Think,gain,no_explanation,20.0,3500.0,1.0,4250.0,0.85,0.0,0.0,3500.0,5000.0,0.0,,2.0,,,2.0
allenai/Olmo-3-32B-Think,gain,one_sentence_reasoning,20.0,0.4,0.1,0.35,0.05,0.0,0.0,4.0,7.0,1.0,0.0,8.0,8.0,1.0,16.0
allenai/Olmo-3-32B-Think,gain,one_sentence_reasoning,20.0,0.8,0.2,0.7,0.1,0.0,0.0,4.0,7.0,1.0,0.0,11.0,16.0,1.0,27.0
allenai/Olmo-3-32B-Think,gain,one_sentence_reasoning,20.0,1.6,0.4,0.35,0.05,0.0,0.0,4.0,7.0,1.0,0.0,7.0,8.0,1.0,15.0
allenai/Olmo-3-32B-Think,gain,one_sentence_reasoning,20.0,30.0,0.3,28.8,0.3,0.0,0.0,100.0,96.0,0.8,0.0,5.0,2.0,0.9,7.0
allenai/Olmo-3-32B-Think,gain,one_sentence_reasoning,20.0,35.0,0.35,33.6,0.35,0.0,0.0,100.0,96.0,1.0,,4.0,,,4.0
allenai/Olmo-3-32B-Think,gain,one_sentence_reasoning,20.0,35.0,0.35,38.4,0.4,0.0,0.0,100.0,96.0,,1.0,,4.0,,4.0
allenai/Olmo-3-32B-Think,gain,one_sentence_reasoning,20.0,40.0,0.4,33.6,0.35,0.0,0.0,100.0,96.0,1.0,0.0,2.0,1.0,1.0,3.0
allenai/Olmo-3-32B-Think,gain,one_sentence_reasoning,20.0,3500.0,1.0,2750.0,0.55,0.0,0.0,3500.0,5000.0,1.0,0.0,5.0,5.0,1.0,10.0
allenai/Olmo-3-32B-Think,gain,one_sentence_reasoning,20.0,3500.0,1.0,3500.0,0.7,0.0,0.0,3500.0,5000.0,1.0,0.0,1.0,3.0,1.0,4.0
allenai/Olmo-3-32B-Think,gain,one_sentence_reasoning,20.0,3500.0,1.0,3750.0,0.75,0.0,0.0,3500.0,5000.0,0.0,1.0,5.0,2.0,0.0,7.0
allenai/Olmo-3-32B-Think,gain,one_sentence_reasoning,20.0,3500.0,1.0,4250.0,0.85,0.0,0.0,3500.0,5000.0,0.0,0.8,5.0,5.0,0.0999999999999999,10.0
allenai/Olmo-3-32B-Think,gain,one_sentence_reasoning,100.0,3500.0,1.0,3900.0,0.78,0.0,0.0,3500.0,5000.0,1.0,,1.0,,,1.0
allenai/Olmo-3-32B-Think,loss,math_reasoning_one,20.0,-0.4,0.1,-0.35,0.05,0.0,0.0,-4.0,-7.0,0.0,1.0,2.0,4.0,0.0,6.0
allenai/Olmo-3-32B-Think,loss,math_reasoning_one,20.0,-0.8,0.2,-0.7,0.1,0.0,0.0,-4.0,-7.0,0.0,1.0,3.0,5.0,0.0,8.0
allenai/Olmo-3-32B-Think,loss,math_reasoning_one,20.0,-1.6,0.4,-0.35,0.05,0.0,0.0,-4.0,-7.0,0.0,,1.0,,,1.0
allenai/Olmo-3-32B-Think,loss,math_reasoning_one,20.0,-30.0,0.3,-28.8,0.3,0.0,0.0,-100.0,-96.0,0.0,,2.0,,,2.0
allenai/Olmo-3-32B-Think,loss,math_reasoning_one,20.0,-35.0,0.35,-33.6,0.35,0.0,0.0,-100.0,-96.0,0.0,,1.0,,,1.0
allenai/Olmo-3-32B-Think,loss,math_reasoning_one,20.0,-40.0,0.4,-33.6,0.35,0.0,0.0,-100.0,-96.0,0.0,,2.0,,,2.0
allenai/Olmo-3-32B-Think,loss,math_reasoning_one,20.0,-3500.0,1.0,-2750.0,0.55,0.0,0.0,-3500.0,-5000.0,0.0,1.0,3.0,3.0,0.0,6.0
allenai/Olmo-3-32B-Think,loss,math_reasoning_one,20.0,-3500.0,1.0,-3750.0,0.75,0.0,0.0,-3500.0,-5000.0,1.0,0.0,3.0,2.0,1.0,5.0
allenai/Olmo-3-32B-Think,loss,math_reasoning_one,20.0,-3500.0,1.0,-4250.0,0.85,0.0,0.0,-3500.0,-5000.0,1.0,0.0,4.0,2.0,1.0,6.0
allenai/Olmo-3-32B-Think,loss,no_explanation,20.0,-0.4,0.1,-0.35,0.05,0.0,0.0,-4.0,-7.0,0.3333333333333333,1.0,3.0,2.0,0.1666666666666666,5.0
allenai/Olmo-3-32B-Think,loss,no_explanation,20.0,-0.8,0.2,-0.7,0.1,0.0,0.0,-4.0,-7.0,0.0,1.0,3.0,6.0,0.0,9.0
allenai/Olmo-3-32B-Think,loss,no_explanation,20.0,-1.6,0.4,-0.35,0.05,0.0,0.0,-4.0,-7.0,0.0,1.0,1.0,1.0,0.0,2.0
allenai/Olmo-3-32B-Think,loss,no_explanation,20.0,-30.0,0.3,-28.8,0.3,0.0,0.0,-100.0,-96.0,0.0,1.0,2.0,2.0,0.0,4.0
allenai/Olmo-3-32B-Think,loss,no_explanation,20.0,-35.0,0.35,-33.6,0.35,0.0,0.0,-100.0,-96.0,,1.0,,1.0,,1.0
allenai/Olmo-3-32B-Think,loss,no_explanation,20.0,-35.0,0.35,-38.4,0.4,0.0,0.0,-100.0,-96.0,1.0,,1.0,,,1.0
allenai/Olmo-3-32B-Think,loss,no_explanation,20.0,-40.0,0.4,-33.6,0.35,0.0,0.0,-100.0,-96.0,0.0,1.0,1.0,1.0,0.0,2.0
allenai/Olmo-3-32B-Think,loss,no_explanation,20.0,-3500.0,1.0,-2750.0,0.55,0.0,0.0,-3500.0,-5000.0,0.0,1.0,3.0,5.0,0.0,8.0
allenai/Olmo-3-32B-Think,loss,no_explanation,20.0,-3500.0,1.0,-3750.0,0.75,0.0,0.0,-3500.0,-5000.0,1.0,0.0,6.0,1.0,1.0,7.0
allenai/Olmo-3-32B-Think,loss,no_explanation,20.0,-3500.0,1.0,-4250.0,0.85,0.0,0.0,-3500.0,-5000.0,1.0,0.0,8.0,4.0,1.0,12.0
allenai/Olmo-3-32B-Think,loss,one_sentence_reasoning,20.0,-0.4,0.1,-0.35,0.05,0.0,0.0,-4.0,-7.0,0.0,1.0,9.0,8.0,0.0,17.0
allenai/Olmo-3-32B-Think,loss,one_sentence_reasoning,20.0,-0.8,0.2,-0.7,0.1,0.0,0.0,-4.0,-7.0,0.0,0.7333333333333333,11.0,15.0,0.1333333333333333,26.0
allenai/Olmo-3-32B-Think,loss,one_sentence_reasoning,20.0,-1.6,0.4,-0.35,0.05,0.0,0.0,-4.0,-7.0,0.0,1.0,4.0,4.0,0.0,8.0
allenai/Olmo-3-32B-Think,loss,one_sentence_reasoning,20.0,-30.0,0.3,-28.8,0.3,0.0,0.0,-100.0,-96.0,0.0,1.0,6.0,5.0,0.0,11.0
allenai/Olmo-3-32B-Think,loss,one_sentence_reasoning,20.0,-35.0,0.35,-33.6,0.35,0.0,0.0,-100.0,-96.0,0.0,1.0,2.0,5.0,0.0,7.0
allenai/Olmo-3-32B-Think,loss,one_sentence_reasoning,20.0,-35.0,0.35,-38.4,0.4,0.0,0.0,-100.0,-96.0,1.0,0.0,2.0,1.0,1.0,3.0
allenai/Olmo-3-32B-Think,loss,one_sentence_reasoning,20.0,-40.0,0.4,-33.6,0.35,0.0,0.0,-100.0,-96.0,0.0,1.0,8.0,1.0,0.0,9.0
allenai/Olmo-3-32B-Think,loss,one_sentence_reasoning,20.0,-3500.0,1.0,-2750.0,0.55,0.0,0.0,-3500.0,-5000.0,0.0,1.0,7.0,5.0,0.0,12.0
allenai/Olmo-3-32B-Think,loss,one_sentence_reasoning,20.0,-3500.0,1.0,-3500.0,0.7,0.0,0.0,-3500.0,-5000.0,1.0,0.0,1.0,1.0,1.0,2.0
allenai/Olmo-3-32B-Think,loss,one_sentence_reasoning,20.0,-3500.0,1.0,-3750.0,0.75,0.0,0.0,-3500.0,-5000.0,1.0,0.0,9.0,4.0,1.0,13.0
allenai/Olmo-3-32B-Think,loss,one_sentence_reasoning,20.0,-3500.0,1.0,-4250.0,0.85,0.0,0.0,-3500.0,-5000.0,1.0,0.0,4.0,2.0,1.0,6.0
allenai/Olmo-3-32B-Think,loss,one_sentence_reasoning,100.0,-3500.0,1.0,-3750.0,0.75,0.0,0.0,-3500.0,-5000.0,0.0,1.0,1.0,1.0,0.0,2.0
allenai/Olmo-3-32B-Think-DPO,gain,math_reasoning_one,20.0,0.4,0.1,0.35,0.05,0.0,0.0,4.0,7.0,1.0,0.0,4.0,3.0,1.0,7.0
allenai/Olmo-3-32B-Think-DPO,gain,math_reasoning_one,20.0,0.8,0.2,0.7,0.1,0.0,0.0,4.0,7.0,1.0,0.0,2.0,4.0,1.0,6.0
allenai/Olmo-3-32B-Think-DPO,gain,math_reasoning_one,20.0,1.6,0.4,0.35,0.05,0.0,0.0,4.0,7.0,1.0,0.0,2.0,2.0,1.0,4.0
allenai/Olmo-3-32B-Think-DPO,gain,math_reasoning_one,20.0,30.0,0.3,28.8,0.3,0.0,0.0,100.0,96.0,1.0,0.0,1.0,1.0,1.0,2.0
allenai/Olmo-3-32B-Think-DPO,gain,math_reasoning_one,20.0,35.0,0.35,38.4,0.4,0.0,0.0,100.0,96.0,0.0,,3.0,,,3.0
allenai/Olmo-3-32B-Think-DPO,gain,math_reasoning_one,20.0,3500.0,1.0,2750.0,0.55,0.0,0.0,3500.0,5000.0,1.0,0.0,2.0,2.0,1.0,4.0
allenai/Olmo-3-32B-Think-DPO,gain,math_reasoning_one,20.0,3500.0,1.0,3750.0,0.75,0.0,0.0,3500.0,5000.0,0.0,,3.0,,,3.0
allenai/Olmo-3-32B-Think-DPO,gain,math_reasoning_one,20.0,3500.0,1.0,4250.0,0.85,0.0,0.0,3500.0,5000.0,0.0,1.0,5.0,1.0,0.0,6.0
allenai/Olmo-3-32B-Think-DPO,gain,no_explanation,20.0,0.4,0.1,0.35,0.05,0.0,0.0,4.0,7.0,1.0,0.0,8.0,3.0,1.0,11.0
allenai/Olmo-3-32B-Think-DPO,gain,no_explanation,20.0,0.8,0.2,0.7,0.1,0.0,0.0,4.0,7.0,1.0,0.0,7.0,4.0,1.0,11.0
allenai/Olmo-3-32B-Think-DPO,gain,no_explanation,20.0,1.6,0.4,0.35,0.05,0.0,0.0,4.0,7.0,1.0,0.0,4.0,2.0,1.0,6.0
allenai/Olmo-3-32B-Think-DPO,gain,no_explanation,20.0,30.0,0.3,28.8,0.3,0.0,0.0,100.0,96.0,,0.0,,1.0,,1.0
allenai/Olmo-3-32B-Think-DPO,gain,no_explanation,20.0,35.0,0.35,33.6,0.35,0.0,0.0,100.0,96.0,,0.0,,1.0,,1.0
allenai/Olmo-3-32B-Think-DPO,gain,no_explanation,20.0,3500.0,1.0,2750.0,0.55,0.0,0.0,3500.0,5000.0,1.0,0.0,3.0,5.0,1.0,8.0
allenai/Olmo-3-32B-Think-DPO,gain,no_explanation,20.0,3500.0,1.0,3500.0,0.7,0.0,0.0,3500.0,5000.0,,0.0,,1.0,,1.0
allenai/Olmo-3-32B-Think-DPO,gain,no_explanation,20.0,3500.0,1.0,3750.0,0.75,0.0,0.0,3500.0,5000.0,0.0,1.0,3.0,3.0,0.0,6.0
allenai/Olmo-3-32B-Think-DPO,gain,no_explanation,20.0,3500.0,1.0,4250.0,0.85,0.0,0.0,3500.0,5000.0,0.0,,2.0,,,2.0
allenai/Olmo-3-32B-Think-DPO,gain,one_sentence_reasoning,20.0,0.4,0.1,0.35,0.05,0.0,0.0,4.0,7.0,1.0,0.0,5.0,7.0,1.0,12.0
allenai/Olmo-3-32B-Think-DPO,gain,one_sentence_reasoning,20.0,0.8,0.2,0.7,0.1,0.0,0.0,4.0,7.0,1.0,0.0,12.0,9.0,1.0,21.0
allenai/Olmo-3-32B-Think-DPO,gain,one_sentence_reasoning,20.0,1.6,0.4,0.35,0.05,0.0,0.0,4.0,7.0,1.0,0.0,4.0,6.0,1.0,10.0
allenai/Olmo-3-32B-Think-DPO,gain,one_sentence_reasoning,20.0,30.0,0.3,28.8,0.3,0.0,0.0,100.0,96.0,1.0,0.0,2.0,1.0,1.0,3.0
allenai/Olmo-3-32B-Think-DPO,gain,one_sentence_reasoning,20.0,35.0,0.35,33.6,0.35,0.0,0.0,100.0,96.0,1.0,0.0,1.0,2.0,1.0,3.0
allenai/Olmo-3-32B-Think-DPO,gain,one_sentence_reasoning,20.0,35.0,0.35,38.4,0.4,0.0,0.0,100.0,96.0,0.0,,2.0,,,2.0
allenai/Olmo-3-32B-Think-DPO,gain,one_sentence_reasoning,20.0,3500.0,1.0,2750.0,0.55,0.0,0.0,3500.0,5000.0,1.0,0.0,6.0,1.0,1.0,7.0
allenai/Olmo-3-32B-Think-DPO,gain,one_sentence_reasoning,20.0,3500.0,1.0,3500.0,0.7,0.0,0.0,3500.0,5000.0,,0.0,,4.0,,4.0
allenai/Olmo-3-32B-Think-DPO,gain,one_sentence_reasoning,20.0,3500.0,1.0,3750.0,0.75,0.0,0.0,3500.0,5000.0,0.0,1.0,6.0,2.0,0.0,8.0
allenai/Olmo-3-32B-Think-DPO,gain,one_sentence_reasoning,20.0,3500.0,1.0,4250.0,0.85,0.0,0.0,3500.0,5000.0,0.0,0.5,2.0,4.0,0.25,6.0
allenai/Olmo-3-32B-Think-DPO,loss,math_reasoning_one,20.0,-0.4,0.1,-0.35,0.05,0.0,0.0,-4.0,-7.0,0.3333333333333333,1.0,3.0,4.0,0.1666666666666666,7.0
allenai/Olmo-3-32B-Think-DPO,loss,math_reasoning_one,20.0,-0.8,0.2,-0.7,0.1,0.0,0.0,-4.0,-7.0,0.0,1.0,4.0,3.0,0.0,7.0
allenai/Olmo-3-32B-Think-DPO,loss,math_reasoning_one,20.0,-1.6,0.4,-0.35,0.05,0.0,0.0,-4.0,-7.0,0.0,1.0,1.0,2.0,0.0,3.0
allenai/Olmo-3-32B-Think-DPO,loss,math_reasoning_one,20.0,-40.0,0.4,-33.6,0.35,0.0,0.0,-100.0,-96.0,,1.0,,1.0,,1.0
allenai/Olmo-3-32B-Think-DPO,loss,math_reasoning_one,20.0,-3500.0,1.0,-2750.0,0.55,0.0,0.0,-3500.0,-5000.0,0.0,1.0,3.0,2.0,0.0,5.0
allenai/Olmo-3-32B-Think-DPO,loss,math_reasoning_one,20.0,-3500.0,1.0,-3750.0,0.75,0.0,0.0,-3500.0,-5000.0,1.0,0.0,3.0,2.0,1.0,5.0
allenai/Olmo-3-32B-Think-DPO,loss,math_reasoning_one,20.0,-3500.0,1.0,-4250.0,0.85,0.0,0.0,-3500.0,-5000.0,1.0,0.0,2.0,1.0,1.0,3.0
allenai/Olmo-3-32B-Think-DPO,loss,no_explanation,20.0,-0.4,0.1,-0.35,0.05,0.0,0.0,-4.0,-7.0,0.0,1.0,5.0,7.0,0.0,12.0
allenai/Olmo-3-32B-Think-DPO,loss,no_explanation,20.0,-0.8,0.2,-0.7,0.1,0.0,0.0,-4.0,-7.0,0.0,1.0,4.0,5.0,0.0,9.0
allenai/Olmo-3-32B-Think-DPO,loss,no_explanation,20.0,-1.6,0.4,-0.35,0.05,0.0,0.0,-4.0,-7.0,0.0,1.0,1.0,2.0,0.0,3.0
allenai/Olmo-3-32B-Think-DPO,loss,no_explanation,20.0,-30.0,0.3,-28.8,0.3,0.0,0.0,-100.0,-96.0,,1.0,,1.0,,1.0
allenai/Olmo-3-32B-Think-DPO,loss,no_explanation,20.0,-35.0,0.35,-33.6,0.35,0.0,0.0,-100.0,-96.0,0.0,1.0,1.0,1.0,0.0,2.0
allenai/Olmo-3-32B-Think-DPO,loss,no_explanation,20.0,-35.0,0.35,-38.4,0.4,0.0,0.0,-100.0,-96.0,1.0,0.0,1.0,1.0,1.0,2.0
allenai/Olmo-3-32B-Think-DPO,loss,no_explanation,20.0,-40.0,0.4,-33.6,0.35,0.0,0.0,-100.0,-96.0,0.0,,3.0,,,3.0
allenai/Olmo-3-32B-Think-DPO,loss,no_explanation,20.0,-3500.0,1.0,-2750.0,0.55,0.0,0.0,-3500.0,-5000.0,0.0,1.0,6.0,2.0,0.0,8.0
allenai/Olmo-3-32B-Think-DPO,loss,no_explanation,20.0,-3500.0,1.0,-3750.0,0.75,0.0,0.0,-3500.0,-5000.0,1.0,0.0,5.0,2.0,1.0,7.0
allenai/Olmo-3-32B-Think-DPO,loss,no_explanation,20.0,-3500.0,1.0,-4250.0,0.85,0.0,0.0,-3500.0,-5000.0,1.0,0.0,3.0,4.0,1.0,7.0
allenai/Olmo-3-32B-Think-DPO,loss,one_sentence_reasoning,20.0,-0.4,0.1,-0.35,0.05,0.0,0.0,-4.0,-7.0,0.0,1.0,5.0,3.0,0.0,8.0
allenai/Olmo-3-32B-Think-DPO,loss,one_sentence_reasoning,20.0,-0.8,0.2,-0.7,0.1,0.0,0.0,-4.0,-7.0,0.0,0.6666666666666666,9.0,9.0,0.1666666666666666,18.0
allenai/Olmo-3-32B-Think-DPO,loss,one_sentence_reasoning,20.0,-1.6,0.4,-0.35,0.05,0.0,0.0,-4.0,-7.0,0.0,1.0,3.0,2.0,0.0,5.0
allenai/Olmo-3-32B-Think-DPO,loss,one_sentence_reasoning,20.0,-30.0,0.3,-28.8,0.3,0.0,0.0,-100.0,-96.0,0.0,1.0,3.0,1.0,0.0,4.0
allenai/Olmo-3-32B-Think-DPO,loss,one_sentence_reasoning,20.0,-35.0,0.35,-33.6,0.35,0.0,0.0,-100.0,-96.0,0.0,1.0,1.0,4.0,0.0,5.0
allenai/Olmo-3-32B-Think-DPO,loss,one_sentence_reasoning,20.0,-35.0,0.35,-38.4,0.4,0.0,0.0,-100.0,-96.0,,0.0,,1.0,,1.0
allenai/Olmo-3-32B-Think-DPO,loss,one_sentence_reasoning,20.0,-40.0,0.4,-33.6,0.35,0.0,0.0,-100.0,-96.0,0.0,1.0,4.0,1.0,0.0,5.0
allenai/Olmo-3-32B-Think-DPO,loss,one_sentence_reasoning,20.0,-3500.0,1.0,-2750.0,0.55,0.0,0.0,-3500.0,-5000.0,0.0,1.0,3.0,3.0,0.0,6.0
allenai/Olmo-3-32B-Think-DPO,loss,one_sentence_reasoning,20.0,-3500.0,1.0,-3500.0,0.7,0.0,0.0,-3500.0,-5000.0,,0.0,,1.0,,1.0
allenai/Olmo-3-32B-Think-DPO,loss,one_sentence_reasoning,20.0,-3500.0,1.0,-3750.0,0.75,0.0,0.0,-3500.0,-5000.0,1.0,0.0,3.0,1.0,1.0,4.0
allenai/Olmo-3-32B-Think-DPO,loss,one_sentence_reasoning,20.0,-3500.0,1.0,-4250.0,0.85,0.0,0.0,-3500.0,-5000.0,1.0,0.3333333333333333,2.0,3.0,0.8333333333333334,5.0
allenai/Olmo-3-32B-Think-DPO,loss,one_sentence_reasoning,100.0,-29.0,0.29,-32.64,0.34,0.0,0.0,-100.0,-96.0,0.0,,1.0,,,1.0
allenai/Olmo-3-32B-Think-DPO,loss,one_sentence_reasoning,100.0,-37.0,0.37,-37.44,0.39,0.0,0.0,-100.0,-96.0,1.0,,1.0,,,1.0
allenai/Olmo-3-32B-Think-DPO,loss,one_sentence_reasoning,100.0,-3500.0,1.0,-3750.0,0.75,0.0,0.0,-3500.0,-5000.0,1.0,,1.0,,,1.0
allenai/Olmo-3-32B-Think-SFT,gain,math_reasoning_one,20.0,0.4,0.1,0.35,0.05,0.0,0.0,4.0,7.0,1.0,0.0,5.0,5.0,1.0,10.0
allenai/Olmo-3-32B-Think-SFT,gain,math_reasoning_one,20.0,0.8,0.2,0.7,0.1,0.0,0.0,4.0,7.0,1.0,0.0,10.0,6.0,1.0,16.0
allenai/Olmo-3-32B-Think-SFT,gain,math_reasoning_one,20.0,1.6,0.4,0.35,0.05,0.0,0.0,4.0,7.0,1.0,0.0,2.0,3.0,1.0,5.0
allenai/Olmo-3-32B-Think-SFT,gain,math_reasoning_one,20.0,30.0,0.3,28.8,0.3,0.0,0.0,100.0,96.0,1.0,0.0,2.0,3.0,1.0,5.0
allenai/Olmo-3-32B-Think-SFT,gain,math_reasoning_one,20.0,35.0,0.35,33.6,0.35,0.0,0.0,100.0,96.0,,0.0,,2.0,,2.0
allenai/Olmo-3-32B-Think-SFT,gain,math_reasoning_one,20.0,35.0,0.35,38.4,0.4,0.0,0.0,100.0,96.0,,1.0,,1.0,,1.0
allenai/Olmo-3-32B-Think-SFT,gain,math_reasoning_one,20.0,40.0,0.4,33.6,0.35,0.0,0.0,100.0,96.0,1.0,,2.0,,,2.0
allenai/Olmo-3-32B-Think-SFT,gain,math_reasoning_one,20.0,3500.0,1.0,2750.0,0.55,0.0,0.0,3500.0,5000.0,1.0,0.0,5.0,2.0,1.0,7.0
allenai/Olmo-3-32B-Think-SFT,gain,math_reasoning_one,20.0,3500.0,1.0,3500.0,0.7,0.0,0.0,3500.0,5000.0,1.0,,1.0,,,1.0
allenai/Olmo-3-32B-Think-SFT,gain,math_reasoning_one,20.0,3500.0,1.0,3750.0,0.75,0.0,0.0,3500.0,5000.0,0.0,1.0,3.0,3.0,0.0,6.0
allenai/Olmo-3-32B-Think-SFT,gain,math_reasoning_one,20.0,3500.0,1.0,4250.0,0.85,0.0,0.0,3500.0,5000.0,0.0,1.0,4.0,2.0,0.0,6.0
allenai/Olmo-3-32B-Think-SFT,gain,no_explanation,20.0,0.4,0.1,0.35,0.05,0.0,0.0,4.0,7.0,1.0,0.0,9.0,6.0,1.0,15.0
allenai/Olmo-3-32B-Think-SFT,gain,no_explanation,20.0,0.8,0.2,0.7,0.1,0.0,0.0,4.0,7.0,1.0,0.0,12.0,12.0,1.0,24.0
allenai/Olmo-3-32B-Think-SFT,gain,no_explanation,20.0,1.6,0.4,0.35,0.05,0.0,0.0,4.0,7.0,1.0,0.0,4.0,3.0,1.0,7.0
allenai/Olmo-3-32B-Think-SFT,gain,no_explanation,20.0,30.0,0.3,28.8,0.3,0.0,0.0,100.0,96.0,1.0,0.0,4.0,3.0,1.0,7.0
allenai/Olmo-3-32B-Think-SFT,gain,no_explanation,20.0,35.0,0.35,33.6,0.35,0.0,0.0,100.0,96.0,1.0,0.0,2.0,2.0,1.0,4.0
allenai/Olmo-3-32B-Think-SFT,gain,no_explanation,20.0,35.0,0.35,38.4,0.4,0.0,0.0,100.0,96.0,,1.0,,3.0,,3.0
allenai/Olmo-3-32B-Think-SFT,gain,no_explanation,20.0,40.0,0.4,33.6,0.35,0.0,0.0,100.0,96.0,1.0,0.0,1.0,1.0,1.0,2.0
allenai/Olmo-3-32B-Think-SFT,gain,no_explanation,20.0,3500.0,1.0,2750.0,0.55,0.0,0.0,3500.0,5000.0,1.0,0.0,7.0,6.0,1.0,13.0
allenai/Olmo-3-32B-Think-SFT,gain,no_explanation,20.0,3500.0,1.0,3750.0,0.75,0.0,0.0,3500.0,5000.0,0.0,1.0,5.0,2.0,0.0,7.0
allenai/Olmo-3-32B-Think-SFT,gain,no_explanation,20.0,3500.0,1.0,4250.0,0.85,0.0,0.0,3500.0,5000.0,0.0,0.3333333333333333,5.0,3.0,0.3333333333333333,8.0
allenai/Olmo-3-32B-Think-SFT,gain,no_explanation,100.0,3500.0,1.0,3900.0,0.78,0.0,0.0,3500.0,5000.0,1.0,,1.0,,,1.0
allenai/Olmo-3-32B-Think-SFT,gain,one_sentence_reasoning,20.0,0.4,0.1,0.35,0.05,0.0,0.0,4.0,7.0,1.0,0.0,7.0,6.0,1.0,13.0
allenai/Olmo-3-32B-Think-SFT,gain,one_sentence_reasoning,20.0,0.8,0.2,0.7,0.1,0.0,0.0,4.0,7.0,0.9230769230769232,0.0909090909090909,13.0,11.0,0.916083916083916,24.0
allenai/Olmo-3-32B-Think-SFT,gain,one_sentence_reasoning,20.0,1.6,0.4,0.35,0.05,0.0,0.0,4.0,7.0,1.0,0.0,3.0,9.0,1.0,12.0
allenai/Olmo-3-32B-Think-SFT,gain,one_sentence_reasoning,20.0,30.0,0.3,28.8,0.3,0.0,0.0,100.0,96.0,1.0,0.0,3.0,1.0,1.0,4.0
allenai/Olmo-3-32B-Think-SFT,gain,one_sentence_reasoning,20.0,35.0,0.35,33.6,0.35,0.0,0.0,100.0,96.0,1.0,,4.0,,,4.0
allenai/Olmo-3-32B-Think-SFT,gain,one_sentence_reasoning,20.0,35.0,0.35,38.4,0.4,0.0,0.0,100.0,96.0,0.0,1.0,5.0,2.0,0.0,7.0
allenai/Olmo-3-32B-Think-SFT,gain,one_sentence_reasoning,20.0,40.0,0.4,33.6,0.35,0.0,0.0,100.0,96.0,1.0,0.0,2.0,3.0,1.0,5.0
allenai/Olmo-3-32B-Think-SFT,gain,one_sentence_reasoning,20.0,3500.0,1.0,2750.0,0.55,0.0,0.0,3500.0,5000.0,1.0,0.0,4.0,5.0,1.0,9.0
allenai/Olmo-3-32B-Think-SFT,gain,one_sentence_reasoning,20.0,3500.0,1.0,3500.0,0.7,0.0,0.0,3500.0,5000.0,1.0,0.0,1.0,1.0,1.0,2.0
allenai/Olmo-3-32B-Think-SFT,gain,one_sentence_reasoning,20.0,3500.0,1.0,3750.0,0.75,0.0,0.0,3500.0,5000.0,0.0,0.75,3.0,4.0,0.125,7.0
allenai/Olmo-3-32B-Think-SFT,gain,one_sentence_reasoning,20.0,3500.0,1.0,4250.0,0.85,0.0,0.0,3500.0,5000.0,0.0,0.75,6.0,4.0,0.125,10.0
allenai/Olmo-3-32B-Think-SFT,gain,one_sentence_reasoning,100.0,0.6,0.15,0.84,0.12,0.0,0.0,4.0,7.0,0.0,,1.0,,,1.0
allenai/Olmo-3-32B-Think-SFT,gain,one_sentence_reasoning,100.0,39.0,0.39,30.72,0.32,0.0,0.0,100.0,96.0,,0.0,,1.0,,1.0
allenai/Olmo-3-32B-Think-SFT,gain,one_sentence_reasoning,100.0,3500.0,1.0,3900.0,0.78,0.0,0.0,3500.0,5000.0,1.0,0.0,2.0,1.0,1.0,3.0
allenai/Olmo-3-32B-Think-SFT,loss,math_reasoning_one,20.0,-0.4,0.1,-0.35,0.05,0.0,0.0,-4.0,-7.0,0.0,1.0,8.0,3.0,0.0,11.0
allenai/Olmo-3-32B-Think-SFT,loss,math_reasoning_one,20.0,-0.8,0.2,-0.7,0.1,0.0,0.0,-4.0,-7.0,0.0,0.6666666666666666,7.0,6.0,0.1666666666666666,13.0
allenai/Olmo-3-32B-Think-SFT,loss,math_reasoning_one,20.0,-1.6,0.4,-0.35,0.05,0.0,0.0,-4.0,-7.0,0.0,1.0,1.0,2.0,0.0,3.0
allenai/Olmo-3-32B-Think-SFT,loss,math_reasoning_one,20.0,-30.0,0.3,-28.8,0.3,0.0,0.0,-100.0,-96.0,0.0,1.0,4.0,1.0,0.0,5.0
allenai/Olmo-3-32B-Think-SFT,loss,math_reasoning_one,20.0,-35.0,0.35,-33.6,0.35,0.0,0.0,-100.0,-96.0,0.0,1.0,2.0,1.0,0.0,3.0
allenai/Olmo-3-32B-Think-SFT,loss,math_reasoning_one,20.0,-35.0,0.35,-38.4,0.4,0.0,0.0,-100.0,-96.0,1.0,0.0,1.0,1.0,1.0,2.0
allenai/Olmo-3-32B-Think-SFT,loss,math_reasoning_one,20.0,-3500.0,1.0,-2750.0,0.55,0.0,0.0,-3500.0,-5000.0,0.0,1.0,4.0,4.0,0.0,8.0
allenai/Olmo-3-32B-Think-SFT,loss,math_reasoning_one,20.0,-3500.0,1.0,-3750.0,0.75,0.0,0.0,-3500.0,-5000.0,1.0,0.0,6.0,3.0,1.0,9.0
allenai/Olmo-3-32B-Think-SFT,loss,math_reasoning_one,20.0,-3500.0,1.0,-4250.0,0.85,0.0,0.0,-3500.0,-5000.0,1.0,0.0,6.0,1.0,1.0,7.0
allenai/Olmo-3-32B-Think-SFT,loss,no_explanation,20.0,-0.4,0.1,-0.35,0.05,0.0,0.0,-4.0,-7.0,0.2,1.0,5.0,9.0,0.1,14.0
allenai/Olmo-3-32B-Think-SFT,loss,no_explanation,20.0,-0.8,0.2,-0.7,0.1,0.0,0.0,-4.0,-7.0,0.0,1.0,8.0,7.0,0.0,15.0
allenai/Olmo-3-32B-Think-SFT,loss,no_explanation,20.0,-1.6,0.4,-0.35,0.05,0.0,0.0,-4.0,-7.0,0.0,1.0,3.0,3.0,0.0,6.0
allenai/Olmo-3-32B-Think-SFT,loss,no_explanation,20.0,-30.0,0.3,-28.8,0.3,0.0,0.0,-100.0,-96.0,0.0,1.0,3.0,3.0,0.0,6.0
allenai/Olmo-3-32B-Think-SFT,loss,no_explanation,20.0,-35.0,0.35,-33.6,0.35,0.0,0.0,-100.0,-96.0,0.0,1.0,1.0,1.0,0.0,2.0
allenai/Olmo-3-32B-Think-SFT,loss,no_explanation,20.0,-35.0,0.35,-38.4,0.4,0.0,0.0,-100.0,-96.0,1.0,,1.0,,,1.0
allenai/Olmo-3-32B-Think-SFT,loss,no_explanation,20.0,-40.0,0.4,-33.6,0.35,0.0,0.0,-100.0,-96.0,0.0,1.0,2.0,1.0,0.0,3.0
allenai/Olmo-3-32B-Think-SFT,loss,no_explanation,20.0,-3500.0,1.0,-2750.0,0.55,0.0,0.0,-3500.0,-5000.0,0.0,1.0,6.0,6.0,0.0,12.0
allenai/Olmo-3-32B-Think-SFT,loss,no_explanation,20.0,-3500.0,1.0,-3500.0,0.7,0.0,0.0,-3500.0,-5000.0,,0.0,,1.0,,1.0
allenai/Olmo-3-32B-Think-SFT,loss,no_explanation,20.0,-3500.0,1.0,-3750.0,0.75,0.0,0.0,-3500.0,-5000.0,0.8333333333333334,0.0,6.0,5.0,0.9166666666666669,11.0
allenai/Olmo-3-32B-Think-SFT,loss,no_explanation,20.0,-3500.0,1.0,-4250.0,0.85,0.0,0.0,-3500.0,-5000.0,1.0,,7.0,,,7.0
allenai/Olmo-3-32B-Think-SFT,loss,no_explanation,100.0,-3500.0,1.0,-3600.0,0.72,0.0,0.0,-3500.0,-5000.0,1.0,,1.0,,,1.0
allenai/Olmo-3-32B-Think-SFT,loss,one_sentence_reasoning,20.0,-0.4,0.1,-0.35,0.05,0.0,0.0,-4.0,-7.0,0.0,1.0,7.0,6.0,0.0,13.0
allenai/Olmo-3-32B-Think-SFT,loss,one_sentence_reasoning,20.0,-0.8,0.2,-0.7,0.1,0.0,0.0,-4.0,-7.0,0.0,0.9166666666666666,10.0,12.0,0.0416666666666666,22.0
allenai/Olmo-3-32B-Think-SFT,loss,one_sentence_reasoning,20.0,-1.6,0.4,-0.35,0.05,0.0,0.0,-4.0,-7.0,0.0,1.0,2.0,2.0,0.0,4.0
allenai/Olmo-3-32B-Think-SFT,loss,one_sentence_reasoning,20.0,-30.0,0.3,-28.8,0.3,0.0,0.0,-100.0,-96.0,0.0,0.8,6.0,5.0,0.0999999999999999,11.0
allenai/Olmo-3-32B-Think-SFT,loss,one_sentence_reasoning,20.0,-35.0,0.35,-33.6,0.35,0.0,0.0,-100.0,-96.0,0.0,,5.0,,,5.0
allenai/Olmo-3-32B-Think-SFT,loss,one_sentence_reasoning,20.0,-35.0,0.35,-38.4,0.4,0.0,0.0,-100.0,-96.0,0.75,0.0,4.0,3.0,0.875,7.0
allenai/Olmo-3-32B-Think-SFT,loss,one_sentence_reasoning,20.0,-40.0,0.4,-33.6,0.35,0.0,0.0,-100.0,-96.0,0.0,1.0,4.0,2.0,0.0,6.0
allenai/Olmo-3-32B-Think-SFT,loss,one_sentence_reasoning,20.0,-3500.0,1.0,-2750.0,0.55,0.0,0.0,-3500.0,-5000.0,0.0,1.0,7.0,5.0,0.0,12.0
allenai/Olmo-3-32B-Think-SFT,loss,one_sentence_reasoning,20.0,-3500.0,1.0,-3500.0,0.7,0.0,0.0,-3500.0,-5000.0,1.0,,1.0,,,1.0
allenai/Olmo-3-32B-Think-SFT,loss,one_sentence_reasoning,20.0,-3500.0,1.0,-3750.0,0.75,0.0,0.0,-3500.0,-5000.0,1.0,0.0,5.0,2.0,1.0,7.0
allenai/Olmo-3-32B-Think-SFT,loss,one_sentence_reasoning,20.0,-3500.0,1.0,-4250.0,0.85,0.0,0.0,-3500.0,-5000.0,1.0,0.0,5.0,4.0,1.0,9.0
allenai/Olmo-3-32B-Think-SFT,loss,one_sentence_reasoning,100.0,-29.0,0.29,-32.64,0.34,0.0,0.0,-100.0,-96.0,0.0,,1.0,,,1.0
allenai/Olmo-3-32B-Think-SFT,loss,one_sentence_reasoning,100.0,-39.0,0.39,-30.72,0.32,0.0,0.0,-100.0,-96.0,,1.0,,1.0,,1.0
allenai/Olmo-3-7B-Instruct,gain,math_reasoning_one,20.0,0.4,0.1,0.35,0.05,0.0,0.0,4.0,7.0,0.875,0.3,8.0,10.0,0.7875,18.0
allenai/Olmo-3-7B-Instruct,gain,math_reasoning_one,20.0,0.8,0.2,0.7,0.1,0.0,0.0,4.0,7.0,0.875,0.4444444444444444,16.0,18.0,0.7152777777777778,34.0
allenai/Olmo-3-7B-Instruct,gain,math_reasoning_one,20.0,1.6,0.4,0.35,0.05,0.0,0.0,4.0,7.0,1.0,0.1428571428571428,6.0,7.0,0.9285714285714286,13.0
allenai/Olmo-3-7B-Instruct,gain,math_reasoning_one,20.0,30.0,0.3,28.8,0.3,0.0,0.0,100.0,96.0,0.875,0.7,8.0,10.0,0.5875,18.0
allenai/Olmo-3-7B-Instruct,gain,math_reasoning_one,20.0,35.0,0.35,33.6,0.35,0.0,0.0,100.0,96.0,0.9,0.625,10.0,8.0,0.6375,18.0
allenai/Olmo-3-7B-Instruct,gain,math_reasoning_one,20.0,35.0,0.35,38.4,0.4,0.0,0.0,100.0,96.0,0.6666666666666666,0.7142857142857143,9.0,7.0,0.4761904761904761,16.0
allenai/Olmo-3-7B-Instruct,gain,math_reasoning_one,20.0,40.0,0.4,33.6,0.35,0.0,0.0,100.0,96.0,0.75,0.625,8.0,8.0,0.5625,16.0
allenai/Olmo-3-7B-Instruct,gain,math_reasoning_one,20.0,3500.0,1.0,2750.0,0.55,0.0,0.0,3500.0,5000.0,0.7142857142857143,0.5,7.0,8.0,0.6071428571428572,15.0
allenai/Olmo-3-7B-Instruct,gain,math_reasoning_one,20.0,3500.0,1.0,3500.0,0.7,0.0,0.0,3500.0,5000.0,0.4444444444444444,0.3333333333333333,9.0,6.0,0.5555555555555556,15.0
allenai/Olmo-3-7B-Instruct,gain,math_reasoning_one,20.0,3500.0,1.0,3750.0,0.75,0.0,0.0,3500.0,5000.0,0.5,0.75,8.0,8.0,0.375,16.0
allenai/Olmo-3-7B-Instruct,gain,math_reasoning_one,20.0,3500.0,1.0,4250.0,0.85,0.0,0.0,3500.0,5000.0,0.1428571428571428,0.5714285714285714,7.0,7.0,0.2857142857142857,14.0
allenai/Olmo-3-7B-Instruct,gain,math_reasoning_one,100.0,0.6,0.15,0.84,0.12,0.0,0.0,4.0,7.0,0.8,0.7142857142857143,10.0,7.0,0.5428571428571429,17.0
allenai/Olmo-3-7B-Instruct,gain,math_reasoning_one,100.0,0.8,0.2,0.7,0.1,0.0,0.0,4.0,7.0,0.5,0.375,10.0,8.0,0.5625,18.0
allenai/Olmo-3-7B-Instruct,gain,math_reasoning_one,100.0,0.88,0.22,0.56,0.08,0.0,0.0,4.0,7.0,0.875,0.6,8.0,10.0,0.6375,18.0
allenai/Olmo-3-7B-Instruct,gain,math_reasoning_one,100.0,0.96,0.24,0.77,0.11,0.0,0.0,4.0,7.0,0.75,0.625,8.0,8.0,0.5625,16.0
allenai/Olmo-3-7B-Instruct,gain,math_reasoning_one,100.0,29.0,0.29,32.64,0.34,0.0,0.0,100.0,96.0,0.8571428571428571,0.5555555555555556,7.0,9.0,0.6507936507936507,16.0
allenai/Olmo-3-7B-Instruct,gain,math_reasoning_one,100.0,33.0,0.33,32.64,0.34,0.0,0.0,100.0,96.0,1.0,0.4285714285714285,6.0,7.0,0.7857142857142857,13.0
allenai/Olmo-3-7B-Instruct,gain,math_reasoning_one,100.0,37.0,0.37,37.44,0.39,0.0,0.0,100.0,96.0,0.6666666666666666,0.625,9.0,8.0,0.5208333333333333,17.0
allenai/Olmo-3-7B-Instruct,gain,math_reasoning_one,100.0,39.0,0.39,30.72,0.32,0.0,0.0,100.0,96.0,0.875,0.4,8.0,5.0,0.7375,13.0
allenai/Olmo-3-7B-Instruct,gain,math_reasoning_one,100.0,3500.0,1.0,3600.0,0.72,0.0,0.0,3500.0,5000.0,0.7777777777777778,0.2857142857142857,9.0,7.0,0.746031746031746,16.0
allenai/Olmo-3-7B-Instruct,gain,math_reasoning_one,100.0,3500.0,1.0,3650.0,0.73,0.0,0.0,3500.0,5000.0,0.4285714285714285,0.5,7.0,8.0,0.4642857142857143,15.0
allenai/Olmo-3-7B-Instruct,gain,math_reasoning_one,100.0,3500.0,1.0,3750.0,0.75,0.0,0.0,3500.0,5000.0,0.25,0.8888888888888888,4.0,9.0,0.1805555555555555,13.0
allenai/Olmo-3-7B-Instruct,gain,math_reasoning_one,100.0,3500.0,1.0,3900.0,0.78,0.0,0.0,3500.0,5000.0,0.8888888888888888,0.2222222222222222,9.0,9.0,0.8333333333333333,18.0
allenai/Olmo-3-7B-Instruct,gain,no_explanation,20.0,0.4,0.1,0.35,0.05,0.0,0.0,4.0,7.0,0.8,0.7,10.0,10.0,0.55,20.0
allenai/Olmo-3-7B-Instruct,gain,no_explanation,20.0,0.8,0.2,0.7,0.1,0.0,0.0,4.0,7.0,0.4,0.8333333333333334,20.0,18.0,0.2833333333333333,38.0
allenai/Olmo-3-7B-Instruct,gain,no_explanation,20.0,1.6,0.4,0.35,0.05,0.0,0.0,4.0,7.0,1.0,0.3,10.0,10.0,0.85,20.0
allenai/Olmo-3-7B-Instruct,gain,no_explanation,20.0,30.0,0.3,28.8,0.3,0.0,0.0,100.0,96.0,0.5,0.4444444444444444,10.0,9.0,0.5277777777777778,19.0
allenai/Olmo-3-7B-Instruct,gain,no_explanation,20.0,35.0,0.35,33.6,0.35,0.0,0.0,100.0,96.0,0.6,0.4444444444444444,10.0,9.0,0.5777777777777777,19.0
allenai/Olmo-3-7B-Instruct,gain,no_explanation,20.0,35.0,0.35,38.4,0.4,0.0,0.0,100.0,96.0,0.4,0.2,10.0,10.0,0.6000000000000001,20.0
allenai/Olmo-3-7B-Instruct,gain,no_explanation,20.0,40.0,0.4,33.6,0.35,0.0,0.0,100.0,96.0,0.9,0.4,10.0,10.0,0.75,20.0
allenai/Olmo-3-7B-Instruct,gain,no_explanation,20.0,3500.0,1.0,2750.0,0.55,0.0,0.0,3500.0,5000.0,0.3,0.9,10.0,10.0,0.1999999999999999,20.0
allenai/Olmo-3-7B-Instruct,gain,no_explanation,20.0,3500.0,1.0,3500.0,0.7,0.0,0.0,3500.0,5000.0,0.1111111111111111,0.625,9.0,8.0,0.2430555555555555,17.0
allenai/Olmo-3-7B-Instruct,gain,no_explanation,20.0,3500.0,1.0,3750.0,0.75,0.0,0.0,3500.0,5000.0,0.2,0.8888888888888888,10.0,9.0,0.1555555555555555,19.0
allenai/Olmo-3-7B-Instruct,gain,no_explanation,20.0,3500.0,1.0,4250.0,0.85,0.0,0.0,3500.0,5000.0,0.2222222222222222,1.0,9.0,10.0,0.1111111111111111,19.0
allenai/Olmo-3-7B-Instruct,gain,no_explanation,100.0,0.6,0.15,0.84,0.12,0.0,0.0,4.0,7.0,0.6,0.6,10.0,10.0,0.5,20.0
allenai/Olmo-3-7B-Instruct,gain,no_explanation,100.0,0.8,0.2,0.7,0.1,0.0,0.0,4.0,7.0,0.75,0.4,8.0,10.0,0.675,18.0
allenai/Olmo-3-7B-Instruct,gain,no_explanation,100.0,0.88,0.22,0.56,0.08,0.0,0.0,4.0,7.0,0.5,0.2222222222222222,10.0,9.0,0.6388888888888888,19.0
allenai/Olmo-3-7B-Instruct,gain,no_explanation,100.0,0.96,0.24,0.77,0.11,0.0,0.0,4.0,7.0,0.4,0.4,10.0,10.0,0.5,20.0
allenai/Olmo-3-7B-Instruct,gain,no_explanation,100.0,29.0,0.29,32.64,0.34,0.0,0.0,100.0,96.0,0.3333333333333333,0.8,9.0,10.0,0.2666666666666666,19.0
allenai/Olmo-3-7B-Instruct,gain,no_explanation,100.0,33.0,0.33,32.64,0.34,0.0,0.0,100.0,96.0,0.7,0.5555555555555556,10.0,9.0,0.5722222222222222,19.0
allenai/Olmo-3-7B-Instruct,gain,no_explanation,100.0,37.0,0.37,37.44,0.39,0.0,0.0,100.0,96.0,0.4,0.6,10.0,10.0,0.4,20.0
allenai/Olmo-3-7B-Instruct,gain,no_explanation,100.0,39.0,0.39,30.72,0.32,0.0,0.0,100.0,96.0,0.5555555555555556,0.5,9.0,10.0,0.5277777777777778,19.0
allenai/Olmo-3-7B-Instruct,gain,no_explanation,100.0,3500.0,1.0,3600.0,0.72,0.0,0.0,3500.0,5000.0,0.6666666666666666,0.5,9.0,10.0,0.5833333333333333,19.0
allenai/Olmo-3-7B-Instruct,gain,no_explanation,100.0,3500.0,1.0,3650.0,0.73,0.0,0.0,3500.0,5000.0,0.1,0.4444444444444444,10.0,9.0,0.3277777777777778,19.0
allenai/Olmo-3-7B-Instruct,gain,no_explanation,100.0,3500.0,1.0,3750.0,0.75,0.0,0.0,3500.0,5000.0,0.5,0.7,10.0,10.0,0.4,20.0
allenai/Olmo-3-7B-Instruct,gain,no_explanation,100.0,3500.0,1.0,3900.0,0.78,0.0,0.0,3500.0,5000.0,0.3,0.5,10.0,8.0,0.4,18.0
allenai/Olmo-3-7B-Instruct,gain,one_sentence_reasoning,20.0,0.4,0.1,0.35,0.05,0.0,0.0,4.0,7.0,0.7,0.7,10.0,10.0,0.5,20.0
allenai/Olmo-3-7B-Instruct,gain,one_sentence_reasoning,20.0,0.8,0.2,0.7,0.1,0.0,0.0,4.0,7.0,0.3684210526315789,0.6666666666666666,19.0,18.0,0.3508771929824561,37.0
allenai/Olmo-3-7B-Instruct,gain,one_sentence_reasoning,20.0,1.6,0.4,0.35,0.05,0.0,0.0,4.0,7.0,0.6666666666666666,0.6,9.0,10.0,0.5333333333333333,19.0
allenai/Olmo-3-7B-Instruct,gain,one_sentence_reasoning,20.0,30.0,0.3,28.8,0.3,0.0,0.0,100.0,96.0,0.6,0.3,10.0,10.0,0.6499999999999999,20.0
allenai/Olmo-3-7B-Instruct,gain,one_sentence_reasoning,20.0,35.0,0.35,33.6,0.35,0.0,0.0,100.0,96.0,0.6,0.4,10.0,10.0,0.6,20.0
allenai/Olmo-3-7B-Instruct,gain,one_sentence_reasoning,20.0,35.0,0.35,38.4,0.4,0.0,0.0,100.0,96.0,0.7,0.3,10.0,10.0,0.7,20.0
allenai/Olmo-3-7B-Instruct,gain,one_sentence_reasoning,20.0,40.0,0.4,33.6,0.35,0.0,0.0,100.0,96.0,0.6,0.7,10.0,10.0,0.45,20.0
allenai/Olmo-3-7B-Instruct,gain,one_sentence_reasoning,20.0,3500.0,1.0,2750.0,0.55,0.0,0.0,3500.0,5000.0,0.6,0.5555555555555556,10.0,9.0,0.5222222222222221,19.0
allenai/Olmo-3-7B-Instruct,gain,one_sentence_reasoning,20.0,3500.0,1.0,3500.0,0.7,0.0,0.0,3500.0,5000.0,0.3,0.7777777777777778,10.0,9.0,0.261111111111111,19.0
allenai/Olmo-3-7B-Instruct,gain,one_sentence_reasoning,20.0,3500.0,1.0,3750.0,0.75,0.0,0.0,3500.0,5000.0,0.0,0.8,10.0,10.0,0.0999999999999999,20.0
allenai/Olmo-3-7B-Instruct,gain,one_sentence_reasoning,20.0,3500.0,1.0,4250.0,0.85,0.0,0.0,3500.0,5000.0,0.0,0.5714285714285714,9.0,7.0,0.2142857142857143,16.0
allenai/Olmo-3-7B-Instruct,gain,one_sentence_reasoning,100.0,0.6,0.15,0.84,0.12,0.0,0.0,4.0,7.0,0.5555555555555556,0.7,9.0,10.0,0.4277777777777778,19.0
allenai/Olmo-3-7B-Instruct,gain,one_sentence_reasoning,100.0,0.8,0.2,0.7,0.1,0.0,0.0,4.0,7.0,0.5,0.5714285714285714,10.0,7.0,0.4642857142857143,17.0
allenai/Olmo-3-7B-Instruct,gain,one_sentence_reasoning,100.0,0.88,0.22,0.56,0.08,0.0,0.0,4.0,7.0,0.6,0.5555555555555556,10.0,9.0,0.5222222222222221,19.0
allenai/Olmo-3-7B-Instruct,gain,one_sentence_reasoning,100.0,0.96,0.24,0.77,0.11,0.0,0.0,4.0,7.0,0.7,0.6666666666666666,10.0,9.0,0.5166666666666666,19.0
allenai/Olmo-3-7B-Instruct,gain,one_sentence_reasoning,100.0,29.0,0.29,32.64,0.34,0.0,0.0,100.0,96.0,0.5,0.7,10.0,10.0,0.4,20.0
allenai/Olmo-3-7B-Instruct,gain,one_sentence_reasoning,100.0,33.0,0.33,32.64,0.34,0.0,0.0,100.0,96.0,0.6,0.5555555555555556,10.0,9.0,0.5222222222222221,19.0
allenai/Olmo-3-7B-Instruct,gain,one_sentence_reasoning,100.0,37.0,0.37,37.44,0.39,0.0,0.0,100.0,96.0,0.3,0.5,10.0,10.0,0.4,20.0
allenai/Olmo-3-7B-Instruct,gain,one_sentence_reasoning,100.0,39.0,0.39,30.72,0.32,0.0,0.0,100.0,96.0,0.6666666666666666,0.4,9.0,10.0,0.6333333333333333,19.0
allenai/Olmo-3-7B-Instruct,gain,one_sentence_reasoning,100.0,3500.0,1.0,3600.0,0.72,0.0,0.0,3500.0,5000.0,0.375,0.3,8.0,10.0,0.5375,18.0
allenai/Olmo-3-7B-Instruct,gain,one_sentence_reasoning,100.0,3500.0,1.0,3650.0,0.73,0.0,0.0,3500.0,5000.0,0.5,0.4444444444444444,10.0,9.0,0.5277777777777778,19.0
allenai/Olmo-3-7B-Instruct,gain,one_sentence_reasoning,100.0,3500.0,1.0,3750.0,0.75,0.0,0.0,3500.0,5000.0,0.4,0.5,10.0,10.0,0.45,20.0
allenai/Olmo-3-7B-Instruct,gain,one_sentence_reasoning,100.0,3500.0,1.0,3900.0,0.78,0.0,0.0,3500.0,5000.0,0.1111111111111111,0.7,9.0,10.0,0.2055555555555555,19.0
allenai/Olmo-3-7B-Instruct,loss,math_reasoning_one,20.0,-0.4,0.1,-0.35,0.05,0.0,0.0,-4.0,-7.0,1.0,0.75,7.0,8.0,0.625,15.0
allenai/Olmo-3-7B-Instruct,loss,math_reasoning_one,20.0,-0.8,0.2,-0.7,0.1,0.0,0.0,-4.0,-7.0,0.6470588235294118,0.5882352941176471,17.0,17.0,0.5294117647058824,34.0
allenai/Olmo-3-7B-Instruct,loss,math_reasoning_one,20.0,-1.6,0.4,-0.35,0.05,0.0,0.0,-4.0,-7.0,0.5,1.0,8.0,9.0,0.25,17.0
allenai/Olmo-3-7B-Instruct,loss,math_reasoning_one,20.0,-30.0,0.3,-28.8,0.3,0.0,0.0,-100.0,-96.0,0.3333333333333333,0.7,9.0,10.0,0.3166666666666666,19.0
allenai/Olmo-3-7B-Instruct,loss,math_reasoning_one,20.0,-35.0,0.35,-33.6,0.35,0.0,0.0,-100.0,-96.0,0.3333333333333333,0.5,9.0,8.0,0.4166666666666666,17.0
allenai/Olmo-3-7B-Instruct,loss,math_reasoning_one,20.0,-35.0,0.35,-38.4,0.4,0.0,0.0,-100.0,-96.0,0.7777777777777778,0.7142857142857143,9.0,7.0,0.5317460317460317,16.0
allenai/Olmo-3-7B-Instruct,loss,math_reasoning_one,20.0,-40.0,0.4,-33.6,0.35,0.0,0.0,-100.0,-96.0,0.5,0.7777777777777778,8.0,9.0,0.3611111111111111,17.0
allenai/Olmo-3-7B-Instruct,loss,math_reasoning_one,20.0,-3500.0,1.0,-2750.0,0.55,0.0,0.0,-3500.0,-5000.0,0.5555555555555556,0.75,9.0,8.0,0.4027777777777778,17.0
allenai/Olmo-3-7B-Instruct,loss,math_reasoning_one,20.0,-3500.0,1.0,-3500.0,0.7,0.0,0.0,-3500.0,-5000.0,1.0,0.4444444444444444,9.0,9.0,0.7777777777777778,18.0
allenai/Olmo-3-7B-Instruct,loss,math_reasoning_one,20.0,-3500.0,1.0,-3750.0,0.75,0.0,0.0,-3500.0,-5000.0,1.0,0.3333333333333333,6.0,3.0,0.8333333333333334,9.0
allenai/Olmo-3-7B-Instruct,loss,math_reasoning_one,20.0,-3500.0,1.0,-4250.0,0.85,0.0,0.0,-3500.0,-5000.0,0.875,0.875,8.0,8.0,0.5,16.0
allenai/Olmo-3-7B-Instruct,loss,math_reasoning_one,100.0,-0.6,0.15,-0.84,0.12,0.0,0.0,-4.0,-7.0,1.0,0.125,9.0,8.0,0.9375,17.0
allenai/Olmo-3-7B-Instruct,loss,math_reasoning_one,100.0,-0.8,0.2,-0.7,0.1,0.0,0.0,-4.0,-7.0,0.5714285714285714,0.7,7.0,10.0,0.4357142857142857,17.0
allenai/Olmo-3-7B-Instruct,loss,math_reasoning_one,100.0,-0.88,0.22,-0.56,0.08,0.0,0.0,-4.0,-7.0,0.7777777777777778,0.375,9.0,8.0,0.7013888888888888,17.0
allenai/Olmo-3-7B-Instruct,loss,math_reasoning_one,100.0,-0.96,0.24,-0.77,0.11,0.0,0.0,-4.0,-7.0,0.3333333333333333,0.5,6.0,6.0,0.4166666666666666,12.0
allenai/Olmo-3-7B-Instruct,loss,math_reasoning_one,100.0,-29.0,0.29,-32.64,0.34,0.0,0.0,-100.0,-96.0,0.7777777777777778,1.0,9.0,8.0,0.3888888888888889,17.0
allenai/Olmo-3-7B-Instruct,loss,math_reasoning_one,100.0,-33.0,0.33,-32.64,0.34,0.0,0.0,-100.0,-96.0,0.5,0.75,10.0,8.0,0.375,18.0
allenai/Olmo-3-7B-Instruct,loss,math_reasoning_one,100.0,-37.0,0.37,-37.44,0.39,0.0,0.0,-100.0,-96.0,0.5,0.8571428571428571,10.0,7.0,0.3214285714285714,17.0
allenai/Olmo-3-7B-Instruct,loss,math_reasoning_one,100.0,-39.0,0.39,-30.72,0.32,0.0,0.0,-100.0,-96.0,0.5555555555555556,0.6666666666666666,9.0,9.0,0.4444444444444445,18.0
allenai/Olmo-3-7B-Instruct,loss,math_reasoning_one,100.0,-3500.0,1.0,-3600.0,0.72,0.0,0.0,-3500.0,-5000.0,0.625,0.8,8.0,10.0,0.4125,18.0
allenai/Olmo-3-7B-Instruct,loss,math_reasoning_one,100.0,-3500.0,1.0,-3650.0,0.73,0.0,0.0,-3500.0,-5000.0,0.3333333333333333,0.5555555555555556,9.0,9.0,0.3888888888888888,18.0
allenai/Olmo-3-7B-Instruct,loss,math_reasoning_one,100.0,-3500.0,1.0,-3750.0,0.75,0.0,0.0,-3500.0,-5000.0,0.875,0.6,8.0,10.0,0.6375,18.0
allenai/Olmo-3-7B-Instruct,loss,math_reasoning_one,100.0,-3500.0,1.0,-3900.0,0.78,0.0,0.0,-3500.0,-5000.0,1.0,0.8,9.0,10.0,0.6,19.0
allenai/Olmo-3-7B-Instruct,loss,no_explanation,20.0,-0.4,0.1,-0.35,0.05,0.0,0.0,-4.0,-7.0,0.6666666666666666,0.5,9.0,10.0,0.5833333333333333,19.0
allenai/Olmo-3-7B-Instruct,loss,no_explanation,20.0,-0.8,0.2,-0.7,0.1,0.0,0.0,-4.0,-7.0,0.5789473684210527,0.65,19.0,20.0,0.4644736842105263,39.0
allenai/Olmo-3-7B-Instruct,loss,no_explanation,20.0,-1.6,0.4,-0.35,0.05,0.0,0.0,-4.0,-7.0,1.0,0.9,10.0,10.0,0.55,20.0
allenai/Olmo-3-7B-Instruct,loss,no_explanation,20.0,-30.0,0.3,-28.8,0.3,0.0,0.0,-100.0,-96.0,0.6666666666666666,0.7777777777777778,9.0,9.0,0.4444444444444444,18.0
allenai/Olmo-3-7B-Instruct,loss,no_explanation,20.0,-35.0,0.35,-33.6,0.35,0.0,0.0,-100.0,-96.0,0.7,0.875,10.0,8.0,0.4125,18.0
allenai/Olmo-3-7B-Instruct,loss,no_explanation,20.0,-35.0,0.35,-38.4,0.4,0.0,0.0,-100.0,-96.0,0.7,0.4,10.0,10.0,0.6499999999999999,20.0
allenai/Olmo-3-7B-Instruct,loss,no_explanation,20.0,-40.0,0.4,-33.6,0.35,0.0,0.0,-100.0,-96.0,0.6666666666666666,0.8,9.0,10.0,0.4333333333333333,19.0
allenai/Olmo-3-7B-Instruct,loss,no_explanation,20.0,-3500.0,1.0,-2750.0,0.55,0.0,0.0,-3500.0,-5000.0,0.8,0.9,10.0,10.0,0.45,20.0
allenai/Olmo-3-7B-Instruct,loss,no_explanation,20.0,-3500.0,1.0,-3500.0,0.7,0.0,0.0,-3500.0,-5000.0,0.6,0.9,10.0,10.0,0.35,20.0
allenai/Olmo-3-7B-Instruct,loss,no_explanation,20.0,-3500.0,1.0,-3750.0,0.75,0.0,0.0,-3500.0,-5000.0,0.8,0.9,10.0,10.0,0.45,20.0
allenai/Olmo-3-7B-Instruct,loss,no_explanation,20.0,-3500.0,1.0,-4250.0,0.85,0.0,0.0,-3500.0,-5000.0,0.5,0.9,10.0,10.0,0.3,20.0
allenai/Olmo-3-7B-Instruct,loss,no_explanation,100.0,-0.6,0.15,-0.84,0.12,0.0,0.0,-4.0,-7.0,0.8,0.3333333333333333,10.0,9.0,0.7333333333333334,19.0
allenai/Olmo-3-7B-Instruct,loss,no_explanation,100.0,-0.8,0.2,-0.7,0.1,0.0,0.0,-4.0,-7.0,1.0,0.8,10.0,10.0,0.6,20.0
allenai/Olmo-3-7B-Instruct,loss,no_explanation,100.0,-0.88,0.22,-0.56,0.08,0.0,0.0,-4.0,-7.0,0.6666666666666666,0.75,9.0,8.0,0.4583333333333333,17.0
allenai/Olmo-3-7B-Instruct,loss,no_explanation,100.0,-0.96,0.24,-0.77,0.11,0.0,0.0,-4.0,-7.0,0.8888888888888888,0.5555555555555556,9.0,9.0,0.6666666666666666,18.0
allenai/Olmo-3-7B-Instruct,loss,no_explanation,100.0,-29.0,0.29,-32.64,0.34,0.0,0.0,-100.0,-96.0,0.7,0.8,10.0,10.0,0.4499999999999999,20.0
allenai/Olmo-3-7B-Instruct,loss,no_explanation,100.0,-33.0,0.33,-32.64,0.34,0.0,0.0,-100.0,-96.0,0.7,0.9,10.0,10.0,0.3999999999999999,20.0
allenai/Olmo-3-7B-Instruct,loss,no_explanation,100.0,-37.0,0.37,-37.44,0.39,0.0,0.0,-100.0,-96.0,0.7,0.7777777777777778,10.0,9.0,0.4611111111111111,19.0
allenai/Olmo-3-7B-Instruct,loss,no_explanation,100.0,-39.0,0.39,-30.72,0.32,0.0,0.0,-100.0,-96.0,0.8,0.7777777777777778,10.0,9.0,0.5111111111111111,19.0
allenai/Olmo-3-7B-Instruct,loss,no_explanation,100.0,-3500.0,1.0,-3600.0,0.72,0.0,0.0,-3500.0,-5000.0,0.9,0.8888888888888888,10.0,9.0,0.5055555555555555,19.0
allenai/Olmo-3-7B-Instruct,loss,no_explanation,100.0,-3500.0,1.0,-3650.0,0.73,0.0,0.0,-3500.0,-5000.0,0.6666666666666666,0.6666666666666666,9.0,9.0,0.5,18.0
allenai/Olmo-3-7B-Instruct,loss,no_explanation,100.0,-3500.0,1.0,-3750.0,0.75,0.0,0.0,-3500.0,-5000.0,0.9,0.7,10.0,10.0,0.6000000000000001,20.0
allenai/Olmo-3-7B-Instruct,loss,no_explanation,100.0,-3500.0,1.0,-3900.0,0.78,0.0,0.0,-3500.0,-5000.0,0.7777777777777778,0.5555555555555556,9.0,9.0,0.6111111111111112,18.0
allenai/Olmo-3-7B-Instruct,loss,one_sentence_reasoning,20.0,-0.4,0.1,-0.35,0.05,0.0,0.0,-4.0,-7.0,0.875,0.5555555555555556,8.0,9.0,0.6597222222222222,17.0
allenai/Olmo-3-7B-Instruct,loss,one_sentence_reasoning,20.0,-0.8,0.2,-0.7,0.1,0.0,0.0,-4.0,-7.0,0.3,0.7,20.0,20.0,0.3,40.0
allenai/Olmo-3-7B-Instruct,loss,one_sentence_reasoning,20.0,-1.6,0.4,-0.35,0.05,0.0,0.0,-4.0,-7.0,0.8,0.9,10.0,10.0,0.45,20.0
allenai/Olmo-3-7B-Instruct,loss,one_sentence_reasoning,20.0,-30.0,0.3,-28.8,0.3,0.0,0.0,-100.0,-96.0,0.5,0.7,10.0,10.0,0.4,20.0
allenai/Olmo-3-7B-Instruct,loss,one_sentence_reasoning,20.0,-35.0,0.35,-33.6,0.35,0.0,0.0,-100.0,-96.0,0.7,0.8,10.0,10.0,0.4499999999999999,20.0
allenai/Olmo-3-7B-Instruct,loss,one_sentence_reasoning,20.0,-35.0,0.35,-38.4,0.4,0.0,0.0,-100.0,-96.0,0.6666666666666666,0.7,9.0,10.0,0.4833333333333333,19.0
allenai/Olmo-3-7B-Instruct,loss,one_sentence_reasoning,20.0,-40.0,0.4,-33.6,0.35,0.0,0.0,-100.0,-96.0,0.6666666666666666,0.7,9.0,10.0,0.4833333333333333,19.0
allenai/Olmo-3-7B-Instruct,loss,one_sentence_reasoning,20.0,-3500.0,1.0,-2750.0,0.55,0.0,0.0,-3500.0,-5000.0,0.8,0.9,10.0,10.0,0.45,20.0
allenai/Olmo-3-7B-Instruct,loss,one_sentence_reasoning,20.0,-3500.0,1.0,-3500.0,0.7,0.0,0.0,-3500.0,-5000.0,0.5555555555555556,0.8888888888888888,9.0,9.0,0.3333333333333333,18.0
allenai/Olmo-3-7B-Instruct,loss,one_sentence_reasoning,20.0,-3500.0,1.0,-3750.0,0.75,0.0,0.0,-3500.0,-5000.0,0.7777777777777778,1.0,9.0,9.0,0.3888888888888889,18.0
allenai/Olmo-3-7B-Instruct,loss,one_sentence_reasoning,20.0,-3500.0,1.0,-4250.0,0.85,0.0,0.0,-3500.0,-5000.0,0.7,0.8,10.0,10.0,0.4499999999999999,20.0
allenai/Olmo-3-7B-Instruct,loss,one_sentence_reasoning,100.0,-0.6,0.15,-0.84,0.12,0.0,0.0,-4.0,-7.0,0.6666666666666666,0.7,9.0,10.0,0.4833333333333333,19.0
allenai/Olmo-3-7B-Instruct,loss,one_sentence_reasoning,100.0,-0.8,0.2,-0.7,0.1,0.0,0.0,-4.0,-7.0,1.0,0.6666666666666666,8.0,9.0,0.6666666666666667,17.0
allenai/Olmo-3-7B-Instruct,loss,one_sentence_reasoning,100.0,-0.88,0.22,-0.56,0.08,0.0,0.0,-4.0,-7.0,0.5,0.75,8.0,8.0,0.375,16.0
allenai/Olmo-3-7B-Instruct,loss,one_sentence_reasoning,100.0,-0.96,0.24,-0.77,0.11,0.0,0.0,-4.0,-7.0,0.8571428571428571,0.7,7.0,10.0,0.5785714285714285,17.0
allenai/Olmo-3-7B-Instruct,loss,one_sentence_reasoning,100.0,-29.0,0.29,-32.64,0.34,0.0,0.0,-100.0,-96.0,0.6666666666666666,0.7777777777777778,9.0,9.0,0.4444444444444444,18.0
allenai/Olmo-3-7B-Instruct,loss,one_sentence_reasoning,100.0,-33.0,0.33,-32.64,0.34,0.0,0.0,-100.0,-96.0,0.5555555555555556,0.8,9.0,10.0,0.3777777777777777,19.0
allenai/Olmo-3-7B-Instruct,loss,one_sentence_reasoning,100.0,-37.0,0.37,-37.44,0.39,0.0,0.0,-100.0,-96.0,0.75,1.0,8.0,10.0,0.375,18.0
allenai/Olmo-3-7B-Instruct,loss,one_sentence_reasoning,100.0,-39.0,0.39,-30.72,0.32,0.0,0.0,-100.0,-96.0,0.75,0.8,8.0,10.0,0.475,18.0
allenai/Olmo-3-7B-Instruct,loss,one_sentence_reasoning,100.0,-3500.0,1.0,-3600.0,0.72,0.0,0.0,-3500.0,-5000.0,0.6666666666666666,0.8,9.0,10.0,0.4333333333333333,19.0
allenai/Olmo-3-7B-Instruct,loss,one_sentence_reasoning,100.0,-3500.0,1.0,-3650.0,0.73,0.0,0.0,-3500.0,-5000.0,0.5555555555555556,0.5555555555555556,9.0,9.0,0.5,18.0
allenai/Olmo-3-7B-Instruct,loss,one_sentence_reasoning,100.0,-3500.0,1.0,-3750.0,0.75,0.0,0.0,-3500.0,-5000.0,0.7777777777777778,0.6,9.0,10.0,0.5888888888888889,19.0
allenai/Olmo-3-7B-Instruct,loss,one_sentence_reasoning,100.0,-3500.0,1.0,-3900.0,0.78,0.0,0.0,-3500.0,-5000.0,0.8333333333333334,0.5,6.0,8.0,0.6666666666666667,14.0
allenai/Olmo-3-7B-Instruct-DPO,gain,math_reasoning_one,20.0,0.4,0.1,0.35,0.05,0.0,0.0,4.0,7.0,0.8571428571428571,0.5714285714285714,7.0,7.0,0.6428571428571428,14.0
allenai/Olmo-3-7B-Instruct-DPO,gain,math_reasoning_one,20.0,0.8,0.2,0.7,0.1,0.0,0.0,4.0,7.0,0.6470588235294118,0.5384615384615384,17.0,13.0,0.5542986425339367,30.0
allenai/Olmo-3-7B-Instruct-DPO,gain,math_reasoning_one,20.0,1.6,0.4,0.35,0.05,0.0,0.0,4.0,7.0,0.9,0.5555555555555556,10.0,9.0,0.6722222222222223,19.0
allenai/Olmo-3-7B-Instruct-DPO,gain,math_reasoning_one,20.0,30.0,0.3,28.8,0.3,0.0,0.0,100.0,96.0,1.0,0.375,9.0,8.0,0.8125,17.0
allenai/Olmo-3-7B-Instruct-DPO,gain,math_reasoning_one,20.0,35.0,0.35,33.6,0.35,0.0,0.0,100.0,96.0,0.8888888888888888,0.5,9.0,8.0,0.6944444444444444,17.0
allenai/Olmo-3-7B-Instruct-DPO,gain,math_reasoning_one,20.0,35.0,0.35,38.4,0.4,0.0,0.0,100.0,96.0,0.4,0.4,10.0,10.0,0.5,20.0
allenai/Olmo-3-7B-Instruct-DPO,gain,math_reasoning_one,20.0,40.0,0.4,33.6,0.35,0.0,0.0,100.0,96.0,0.7142857142857143,0.7,7.0,10.0,0.5071428571428571,17.0
allenai/Olmo-3-7B-Instruct-DPO,gain,math_reasoning_one,20.0,3500.0,1.0,2750.0,0.55,0.0,0.0,3500.0,5000.0,0.4444444444444444,0.4,9.0,5.0,0.5222222222222221,14.0
allenai/Olmo-3-7B-Instruct-DPO,gain,math_reasoning_one,20.0,3500.0,1.0,3500.0,0.7,0.0,0.0,3500.0,5000.0,0.4,0.5,10.0,8.0,0.45,18.0
allenai/Olmo-3-7B-Instruct-DPO,gain,math_reasoning_one,20.0,3500.0,1.0,3750.0,0.75,0.0,0.0,3500.0,5000.0,0.25,0.2222222222222222,8.0,9.0,0.5138888888888888,17.0
allenai/Olmo-3-7B-Instruct-DPO,gain,math_reasoning_one,20.0,3500.0,1.0,4250.0,0.85,0.0,0.0,3500.0,5000.0,0.4444444444444444,0.875,9.0,8.0,0.2847222222222222,17.0
allenai/Olmo-3-7B-Instruct-DPO,gain,math_reasoning_one,100.0,0.6,0.15,0.84,0.12,0.0,0.0,4.0,7.0,0.7777777777777778,0.6666666666666666,9.0,9.0,0.5555555555555556,18.0
allenai/Olmo-3-7B-Instruct-DPO,gain,math_reasoning_one,100.0,0.8,0.2,0.7,0.1,0.0,0.0,4.0,7.0,0.8333333333333334,0.8571428571428571,6.0,7.0,0.4880952380952381,13.0
allenai/Olmo-3-7B-Instruct-DPO,gain,math_reasoning_one,100.0,0.88,0.22,0.56,0.08,0.0,0.0,4.0,7.0,0.6666666666666666,0.7777777777777778,6.0,9.0,0.4444444444444444,15.0
allenai/Olmo-3-7B-Instruct-DPO,gain,math_reasoning_one,100.0,0.96,0.24,0.77,0.11,0.0,0.0,4.0,7.0,0.625,0.9,8.0,10.0,0.3625,18.0
allenai/Olmo-3-7B-Instruct-DPO,gain,math_reasoning_one,100.0,29.0,0.29,32.64,0.34,0.0,0.0,100.0,96.0,0.6,0.8571428571428571,5.0,7.0,0.3714285714285714,12.0
allenai/Olmo-3-7B-Instruct-DPO,gain,math_reasoning_one,100.0,33.0,0.33,32.64,0.34,0.0,0.0,100.0,96.0,0.6666666666666666,0.75,6.0,4.0,0.4583333333333333,10.0
allenai/Olmo-3-7B-Instruct-DPO,gain,math_reasoning_one,100.0,37.0,0.37,37.44,0.39,0.0,0.0,100.0,96.0,0.75,0.5555555555555556,4.0,9.0,0.5972222222222222,13.0
allenai/Olmo-3-7B-Instruct-DPO,gain,math_reasoning_one,100.0,39.0,0.39,30.72,0.32,0.0,0.0,100.0,96.0,0.8333333333333334,0.8333333333333334,6.0,6.0,0.5,12.0
allenai/Olmo-3-7B-Instruct-DPO,gain,math_reasoning_one,100.0,3500.0,1.0,3600.0,0.72,0.0,0.0,3500.0,5000.0,0.3333333333333333,0.3333333333333333,9.0,9.0,0.5,18.0
allenai/Olmo-3-7B-Instruct-DPO,gain,math_reasoning_one,100.0,3500.0,1.0,3650.0,0.73,0.0,0.0,3500.0,5000.0,0.625,0.0,8.0,7.0,0.8125,15.0
allenai/Olmo-3-7B-Instruct-DPO,gain,math_reasoning_one,100.0,3500.0,1.0,3750.0,0.75,0.0,0.0,3500.0,5000.0,0.3333333333333333,0.5555555555555556,9.0,9.0,0.3888888888888888,18.0
allenai/Olmo-3-7B-Instruct-DPO,gain,math_reasoning_one,100.0,3500.0,1.0,3900.0,0.78,0.0,0.0,3500.0,5000.0,0.4444444444444444,0.5714285714285714,9.0,7.0,0.4365079365079365,16.0
allenai/Olmo-3-7B-Instruct-DPO,gain,no_explanation,20.0,0.4,0.1,0.35,0.05,0.0,0.0,4.0,7.0,0.8888888888888888,0.7777777777777778,9.0,9.0,0.5555555555555556,18.0
allenai/Olmo-3-7B-Instruct-DPO,gain,no_explanation,20.0,0.8,0.2,0.7,0.1,0.0,0.0,4.0,7.0,0.65,0.7368421052631579,20.0,19.0,0.4565789473684211,39.0
allenai/Olmo-3-7B-Instruct-DPO,gain,no_explanation,20.0,1.6,0.4,0.35,0.05,0.0,0.0,4.0,7.0,1.0,0.8,10.0,10.0,0.6,20.0
allenai/Olmo-3-7B-Instruct-DPO,gain,no_explanation,20.0,30.0,0.3,28.8,0.3,0.0,0.0,100.0,96.0,0.8,0.3,10.0,10.0,0.75,20.0
allenai/Olmo-3-7B-Instruct-DPO,gain,no_explanation,20.0,35.0,0.35,33.6,0.35,0.0,0.0,100.0,96.0,0.8,0.3,10.0,10.0,0.75,20.0
allenai/Olmo-3-7B-Instruct-DPO,gain,no_explanation,20.0,35.0,0.35,38.4,0.4,0.0,0.0,100.0,96.0,0.7,0.2222222222222222,10.0,9.0,0.7388888888888889,19.0
allenai/Olmo-3-7B-Instruct-DPO,gain,no_explanation,20.0,40.0,0.4,33.6,0.35,0.0,0.0,100.0,96.0,0.8888888888888888,0.6,9.0,10.0,0.6444444444444444,19.0
allenai/Olmo-3-7B-Instruct-DPO,gain,no_explanation,20.0,3500.0,1.0,2750.0,0.55,0.0,0.0,3500.0,5000.0,0.6,0.8,10.0,10.0,0.3999999999999999,20.0
allenai/Olmo-3-7B-Instruct-DPO,gain,no_explanation,20.0,3500.0,1.0,3500.0,0.7,0.0,0.0,3500.0,5000.0,0.4444444444444444,0.8888888888888888,9.0,9.0,0.2777777777777778,18.0
allenai/Olmo-3-7B-Instruct-DPO,gain,no_explanation,20.0,3500.0,1.0,3750.0,0.75,0.0,0.0,3500.0,5000.0,0.0,0.8888888888888888,10.0,9.0,0.0555555555555555,19.0
allenai/Olmo-3-7B-Instruct-DPO,gain,no_explanation,20.0,3500.0,1.0,4250.0,0.85,0.0,0.0,3500.0,5000.0,0.1111111111111111,0.75,9.0,8.0,0.1805555555555555,17.0
allenai/Olmo-3-7B-Instruct-DPO,gain,no_explanation,100.0,0.6,0.15,0.84,0.12,0.0,0.0,4.0,7.0,0.7,0.8,10.0,10.0,0.4499999999999999,20.0
allenai/Olmo-3-7B-Instruct-DPO,gain,no_explanation,100.0,0.8,0.2,0.7,0.1,0.0,0.0,4.0,7.0,1.0,0.8888888888888888,10.0,9.0,0.5555555555555556,19.0
allenai/Olmo-3-7B-Instruct-DPO,gain,no_explanation,100.0,0.88,0.22,0.56,0.08,0.0,0.0,4.0,7.0,0.7777777777777778,0.3333333333333333,9.0,9.0,0.7222222222222223,18.0
allenai/Olmo-3-7B-Instruct-DPO,gain,no_explanation,100.0,0.96,0.24,0.77,0.11,0.0,0.0,4.0,7.0,0.5555555555555556,0.5,9.0,10.0,0.5277777777777778,19.0
allenai/Olmo-3-7B-Instruct-DPO,gain,no_explanation,100.0,29.0,0.29,32.64,0.34,0.0,0.0,100.0,96.0,0.8,0.8,10.0,10.0,0.5,20.0
allenai/Olmo-3-7B-Instruct-DPO,gain,no_explanation,100.0,33.0,0.33,32.64,0.34,0.0,0.0,100.0,96.0,0.7,0.6666666666666666,10.0,9.0,0.5166666666666666,19.0
allenai/Olmo-3-7B-Instruct-DPO,gain,no_explanation,100.0,37.0,0.37,37.44,0.39,0.0,0.0,100.0,96.0,0.9,0.7777777777777778,10.0,9.0,0.5611111111111111,19.0
allenai/Olmo-3-7B-Instruct-DPO,gain,no_explanation,100.0,39.0,0.39,30.72,0.32,0.0,0.0,100.0,96.0,1.0,0.5,10.0,10.0,0.75,20.0
allenai/Olmo-3-7B-Instruct-DPO,gain,no_explanation,100.0,3500.0,1.0,3600.0,0.72,0.0,0.0,3500.0,5000.0,0.8,0.7777777777777778,10.0,9.0,0.5111111111111111,19.0
allenai/Olmo-3-7B-Instruct-DPO,gain,no_explanation,100.0,3500.0,1.0,3650.0,0.73,0.0,0.0,3500.0,5000.0,0.8,0.5,10.0,8.0,0.65,18.0
allenai/Olmo-3-7B-Instruct-DPO,gain,no_explanation,100.0,3500.0,1.0,3750.0,0.75,0.0,0.0,3500.0,5000.0,0.4,0.875,10.0,8.0,0.2625,18.0
allenai/Olmo-3-7B-Instruct-DPO,gain,no_explanation,100.0,3500.0,1.0,3900.0,0.78,0.0,0.0,3500.0,5000.0,0.7,0.5,10.0,8.0,0.6,18.0
allenai/Olmo-3-7B-Instruct-DPO,gain,one_sentence_reasoning,20.0,0.4,0.1,0.35,0.05,0.0,0.0,4.0,7.0,0.8888888888888888,0.8571428571428571,9.0,7.0,0.5158730158730158,16.0
allenai/Olmo-3-7B-Instruct-DPO,gain,one_sentence_reasoning,20.0,0.8,0.2,0.7,0.1,0.0,0.0,4.0,7.0,0.6470588235294118,0.6111111111111112,17.0,18.0,0.5179738562091503,35.0
allenai/Olmo-3-7B-Instruct-DPO,gain,one_sentence_reasoning,20.0,1.6,0.4,0.35,0.05,0.0,0.0,4.0,7.0,1.0,0.2857142857142857,8.0,7.0,0.8571428571428572,15.0
allenai/Olmo-3-7B-Instruct-DPO,gain,one_sentence_reasoning,20.0,30.0,0.3,28.8,0.3,0.0,0.0,100.0,96.0,0.6,0.3333333333333333,10.0,9.0,0.6333333333333333,19.0
allenai/Olmo-3-7B-Instruct-DPO,gain,one_sentence_reasoning,20.0,35.0,0.35,33.6,0.35,0.0,0.0,100.0,96.0,0.8888888888888888,0.5,9.0,10.0,0.6944444444444444,19.0
allenai/Olmo-3-7B-Instruct-DPO,gain,one_sentence_reasoning,20.0,35.0,0.35,38.4,0.4,0.0,0.0,100.0,96.0,0.9,0.5714285714285714,10.0,7.0,0.6642857142857144,17.0
allenai/Olmo-3-7B-Instruct-DPO,gain,one_sentence_reasoning,20.0,40.0,0.4,33.6,0.35,0.0,0.0,100.0,96.0,0.6666666666666666,0.9,9.0,10.0,0.3833333333333333,19.0
allenai/Olmo-3-7B-Instruct-DPO,gain,one_sentence_reasoning,20.0,3500.0,1.0,2750.0,0.55,0.0,0.0,3500.0,5000.0,0.2857142857142857,0.8888888888888888,7.0,9.0,0.1984126984126984,16.0
allenai/Olmo-3-7B-Instruct-DPO,gain,one_sentence_reasoning,20.0,3500.0,1.0,3500.0,0.7,0.0,0.0,3500.0,5000.0,0.1111111111111111,0.875,9.0,8.0,0.1180555555555555,17.0
allenai/Olmo-3-7B-Instruct-DPO,gain,one_sentence_reasoning,20.0,3500.0,1.0,3750.0,0.75,0.0,0.0,3500.0,5000.0,0.375,0.8571428571428571,8.0,7.0,0.2589285714285714,15.0
allenai/Olmo-3-7B-Instruct-DPO,gain,one_sentence_reasoning,20.0,3500.0,1.0,4250.0,0.85,0.0,0.0,3500.0,5000.0,0.1,0.875,10.0,8.0,0.1125,18.0
allenai/Olmo-3-7B-Instruct-DPO,gain,one_sentence_reasoning,100.0,0.6,0.15,0.84,0.12,0.0,0.0,4.0,7.0,0.6666666666666666,0.4444444444444444,9.0,9.0,0.6111111111111112,18.0
allenai/Olmo-3-7B-Instruct-DPO,gain,one_sentence_reasoning,100.0,0.8,0.2,0.7,0.1,0.0,0.0,4.0,7.0,0.5714285714285714,0.5,7.0,10.0,0.5357142857142857,17.0
allenai/Olmo-3-7B-Instruct-DPO,gain,one_sentence_reasoning,100.0,0.88,0.22,0.56,0.08,0.0,0.0,4.0,7.0,0.7,0.875,10.0,8.0,0.4125,18.0
allenai/Olmo-3-7B-Instruct-DPO,gain,one_sentence_reasoning,100.0,0.96,0.24,0.77,0.11,0.0,0.0,4.0,7.0,0.8888888888888888,0.5555555555555556,9.0,9.0,0.6666666666666666,18.0
allenai/Olmo-3-7B-Instruct-DPO,gain,one_sentence_reasoning,100.0,29.0,0.29,32.64,0.34,0.0,0.0,100.0,96.0,0.7,0.5555555555555556,10.0,9.0,0.5722222222222222,19.0
allenai/Olmo-3-7B-Instruct-DPO,gain,one_sentence_reasoning,100.0,33.0,0.33,32.64,0.34,0.0,0.0,100.0,96.0,0.7777777777777778,0.7,9.0,10.0,0.538888888888889,19.0
allenai/Olmo-3-7B-Instruct-DPO,gain,one_sentence_reasoning,100.0,37.0,0.37,37.44,0.39,0.0,0.0,100.0,96.0,0.8,0.7142857142857143,10.0,7.0,0.5428571428571429,17.0
allenai/Olmo-3-7B-Instruct-DPO,gain,one_sentence_reasoning,100.0,39.0,0.39,30.72,0.32,0.0,0.0,100.0,96.0,0.7777777777777778,0.8,9.0,10.0,0.4888888888888889,19.0
allenai/Olmo-3-7B-Instruct-DPO,gain,one_sentence_reasoning,100.0,3500.0,1.0,3600.0,0.72,0.0,0.0,3500.0,5000.0,0.6666666666666666,0.8,6.0,10.0,0.4333333333333333,16.0
allenai/Olmo-3-7B-Instruct-DPO,gain,one_sentence_reasoning,100.0,3500.0,1.0,3650.0,0.73,0.0,0.0,3500.0,5000.0,0.8571428571428571,0.5714285714285714,7.0,7.0,0.6428571428571428,14.0
allenai/Olmo-3-7B-Instruct-DPO,gain,one_sentence_reasoning,100.0,3500.0,1.0,3750.0,0.75,0.0,0.0,3500.0,5000.0,0.375,0.625,8.0,8.0,0.375,16.0
allenai/Olmo-3-7B-Instruct-DPO,gain,one_sentence_reasoning,100.0,3500.0,1.0,3900.0,0.78,0.0,0.0,3500.0,5000.0,0.4444444444444444,0.8,9.0,10.0,0.3222222222222222,19.0
allenai/Olmo-3-7B-Instruct-DPO,loss,math_reasoning_one,20.0,-0.4,0.1,-0.35,0.05,0.0,0.0,-4.0,-7.0,0.7777777777777778,0.6666666666666666,9.0,6.0,0.5555555555555556,15.0
allenai/Olmo-3-7B-Instruct-DPO,loss,math_reasoning_one,20.0,-0.8,0.2,-0.7,0.1,0.0,0.0,-4.0,-7.0,0.375,0.8,16.0,15.0,0.2875,31.0
allenai/Olmo-3-7B-Instruct-DPO,loss,math_reasoning_one,20.0,-1.6,0.4,-0.35,0.05,0.0,0.0,-4.0,-7.0,0.8888888888888888,0.5,9.0,8.0,0.6944444444444444,17.0
allenai/Olmo-3-7B-Instruct-DPO,loss,math_reasoning_one,20.0,-30.0,0.3,-28.8,0.3,0.0,0.0,-100.0,-96.0,0.4444444444444444,0.7,9.0,10.0,0.3722222222222222,19.0
allenai/Olmo-3-7B-Instruct-DPO,loss,math_reasoning_one,20.0,-35.0,0.35,-33.6,0.35,0.0,0.0,-100.0,-96.0,0.3333333333333333,0.8,9.0,5.0,0.2666666666666666,14.0
allenai/Olmo-3-7B-Instruct-DPO,loss,math_reasoning_one,20.0,-35.0,0.35,-38.4,0.4,0.0,0.0,-100.0,-96.0,0.75,0.875,8.0,8.0,0.4375,16.0
allenai/Olmo-3-7B-Instruct-DPO,loss,math_reasoning_one,20.0,-40.0,0.4,-33.6,0.35,0.0,0.0,-100.0,-96.0,0.5,0.875,4.0,8.0,0.3125,12.0
allenai/Olmo-3-7B-Instruct-DPO,loss,math_reasoning_one,20.0,-3500.0,1.0,-2750.0,0.55,0.0,0.0,-3500.0,-5000.0,1.0,1.0,8.0,8.0,0.5,16.0
allenai/Olmo-3-7B-Instruct-DPO,loss,math_reasoning_one,20.0,-3500.0,1.0,-3500.0,0.7,0.0,0.0,-3500.0,-5000.0,0.875,0.8888888888888888,8.0,9.0,0.4930555555555556,17.0
allenai/Olmo-3-7B-Instruct-DPO,loss,math_reasoning_one,20.0,-3500.0,1.0,-3750.0,0.75,0.0,0.0,-3500.0,-5000.0,0.7777777777777778,0.75,9.0,8.0,0.5138888888888888,17.0
allenai/Olmo-3-7B-Instruct-DPO,loss,math_reasoning_one,20.0,-3500.0,1.0,-4250.0,0.85,0.0,0.0,-3500.0,-5000.0,1.0,0.8333333333333334,9.0,6.0,0.5833333333333333,15.0
allenai/Olmo-3-7B-Instruct-DPO,loss,math_reasoning_one,100.0,-0.6,0.15,-0.84,0.12,0.0,0.0,-4.0,-7.0,0.3333333333333333,0.6,6.0,10.0,0.3666666666666667,16.0
allenai/Olmo-3-7B-Instruct-DPO,loss,math_reasoning_one,100.0,-0.8,0.2,-0.7,0.1,0.0,0.0,-4.0,-7.0,0.4285714285714285,0.8333333333333334,7.0,6.0,0.2976190476190475,13.0
allenai/Olmo-3-7B-Instruct-DPO,loss,math_reasoning_one,100.0,-0.88,0.22,-0.56,0.08,0.0,0.0,-4.0,-7.0,0.625,0.875,8.0,8.0,0.375,16.0
allenai/Olmo-3-7B-Instruct-DPO,loss,math_reasoning_one,100.0,-0.96,0.24,-0.77,0.11,0.0,0.0,-4.0,-7.0,0.5714285714285714,0.3333333333333333,7.0,6.0,0.6190476190476191,13.0
allenai/Olmo-3-7B-Instruct-DPO,loss,math_reasoning_one,100.0,-29.0,0.29,-32.64,0.34,0.0,0.0,-100.0,-96.0,0.6666666666666666,0.8571428571428571,6.0,7.0,0.4047619047619047,13.0
allenai/Olmo-3-7B-Instruct-DPO,loss,math_reasoning_one,100.0,-33.0,0.33,-32.64,0.34,0.0,0.0,-100.0,-96.0,0.4285714285714285,0.7777777777777778,7.0,9.0,0.3253968253968253,16.0
allenai/Olmo-3-7B-Instruct-DPO,loss,math_reasoning_one,100.0,-37.0,0.37,-37.44,0.39,0.0,0.0,-100.0,-96.0,0.875,0.8333333333333334,8.0,6.0,0.5208333333333333,14.0
allenai/Olmo-3-7B-Instruct-DPO,loss,math_reasoning_one,100.0,-39.0,0.39,-30.72,0.32,0.0,0.0,-100.0,-96.0,0.5,0.8333333333333334,6.0,6.0,0.3333333333333333,12.0
allenai/Olmo-3-7B-Instruct-DPO,loss,math_reasoning_one,100.0,-3500.0,1.0,-3600.0,0.72,0.0,0.0,-3500.0,-5000.0,1.0,0.5714285714285714,7.0,7.0,0.7142857142857143,14.0
allenai/Olmo-3-7B-Instruct-DPO,loss,math_reasoning_one,100.0,-3500.0,1.0,-3650.0,0.73,0.0,0.0,-3500.0,-5000.0,0.6,0.75,5.0,8.0,0.425,13.0
allenai/Olmo-3-7B-Instruct-DPO,loss,math_reasoning_one,100.0,-3500.0,1.0,-3750.0,0.75,0.0,0.0,-3500.0,-5000.0,0.6666666666666666,0.3333333333333333,9.0,9.0,0.6666666666666667,18.0
allenai/Olmo-3-7B-Instruct-DPO,loss,math_reasoning_one,100.0,-3500.0,1.0,-3900.0,0.78,0.0,0.0,-3500.0,-5000.0,0.875,0.75,8.0,8.0,0.5625,16.0
allenai/Olmo-3-7B-Instruct-DPO,loss,no_explanation,20.0,-0.4,0.1,-0.35,0.05,0.0,0.0,-4.0,-7.0,0.7777777777777778,0.6,9.0,10.0,0.5888888888888889,19.0
allenai/Olmo-3-7B-Instruct-DPO,loss,no_explanation,20.0,-0.8,0.2,-0.7,0.1,0.0,0.0,-4.0,-7.0,0.7058823529411765,0.85,17.0,20.0,0.4279411764705882,37.0
allenai/Olmo-3-7B-Instruct-DPO,loss,no_explanation,20.0,-1.6,0.4,-0.35,0.05,0.0,0.0,-4.0,-7.0,1.0,1.0,10.0,10.0,0.5,20.0
allenai/Olmo-3-7B-Instruct-DPO,loss,no_explanation,20.0,-30.0,0.3,-28.8,0.3,0.0,0.0,-100.0,-96.0,0.8,0.4,10.0,10.0,0.7,20.0
allenai/Olmo-3-7B-Instruct-DPO,loss,no_explanation,20.0,-35.0,0.35,-33.6,0.35,0.0,0.0,-100.0,-96.0,0.3,1.0,10.0,10.0,0.15,20.0
allenai/Olmo-3-7B-Instruct-DPO,loss,no_explanation,20.0,-35.0,0.35,-38.4,0.4,0.0,0.0,-100.0,-96.0,0.5555555555555556,0.9,9.0,10.0,0.3277777777777778,19.0
allenai/Olmo-3-7B-Instruct-DPO,loss,no_explanation,20.0,-40.0,0.4,-33.6,0.35,0.0,0.0,-100.0,-96.0,0.8888888888888888,0.6,9.0,10.0,0.6444444444444444,19.0
allenai/Olmo-3-7B-Instruct-DPO,loss,no_explanation,20.0,-3500.0,1.0,-2750.0,0.55,0.0,0.0,-3500.0,-5000.0,0.6666666666666666,0.875,9.0,8.0,0.3958333333333333,17.0
allenai/Olmo-3-7B-Instruct-DPO,loss,no_explanation,20.0,-3500.0,1.0,-3500.0,0.7,0.0,0.0,-3500.0,-5000.0,0.7,0.9,10.0,10.0,0.3999999999999999,20.0
allenai/Olmo-3-7B-Instruct-DPO,loss,no_explanation,20.0,-3500.0,1.0,-3750.0,0.75,0.0,0.0,-3500.0,-5000.0,0.625,1.0,8.0,10.0,0.3125,18.0
allenai/Olmo-3-7B-Instruct-DPO,loss,no_explanation,20.0,-3500.0,1.0,-4250.0,0.85,0.0,0.0,-3500.0,-5000.0,0.7,0.7,10.0,10.0,0.5,20.0
allenai/Olmo-3-7B-Instruct-DPO,loss,no_explanation,100.0,-0.6,0.15,-0.84,0.12,0.0,0.0,-4.0,-7.0,1.0,0.7,10.0,10.0,0.65,20.0
allenai/Olmo-3-7B-Instruct-DPO,loss,no_explanation,100.0,-0.8,0.2,-0.7,0.1,0.0,0.0,-4.0,-7.0,0.8,0.8,10.0,10.0,0.5,20.0
allenai/Olmo-3-7B-Instruct-DPO,loss,no_explanation,100.0,-0.88,0.22,-0.56,0.08,0.0,0.0,-4.0,-7.0,0.7,0.8888888888888888,10.0,9.0,0.4055555555555555,19.0
allenai/Olmo-3-7B-Instruct-DPO,loss,no_explanation,100.0,-0.96,0.24,-0.77,0.11,0.0,0.0,-4.0,-7.0,0.7,0.5555555555555556,10.0,9.0,0.5722222222222222,19.0
allenai/Olmo-3-7B-Instruct-DPO,loss,no_explanation,100.0,-29.0,0.29,-32.64,0.34,0.0,0.0,-100.0,-96.0,0.8,0.8,10.0,10.0,0.5,20.0
allenai/Olmo-3-7B-Instruct-DPO,loss,no_explanation,100.0,-33.0,0.33,-32.64,0.34,0.0,0.0,-100.0,-96.0,0.8888888888888888,0.8888888888888888,9.0,9.0,0.5,18.0
allenai/Olmo-3-7B-Instruct-DPO,loss,no_explanation,100.0,-37.0,0.37,-37.44,0.39,0.0,0.0,-100.0,-96.0,0.7777777777777778,0.875,9.0,8.0,0.4513888888888889,17.0
allenai/Olmo-3-7B-Instruct-DPO,loss,no_explanation,100.0,-39.0,0.39,-30.72,0.32,0.0,0.0,-100.0,-96.0,0.8888888888888888,0.8,9.0,10.0,0.5444444444444444,19.0
allenai/Olmo-3-7B-Instruct-DPO,loss,no_explanation,100.0,-3500.0,1.0,-3600.0,0.72,0.0,0.0,-3500.0,-5000.0,0.7777777777777778,0.8,9.0,10.0,0.4888888888888889,19.0
allenai/Olmo-3-7B-Instruct-DPO,loss,no_explanation,100.0,-3500.0,1.0,-3650.0,0.73,0.0,0.0,-3500.0,-5000.0,0.9,0.5,10.0,8.0,0.7,18.0
allenai/Olmo-3-7B-Instruct-DPO,loss,no_explanation,100.0,-3500.0,1.0,-3750.0,0.75,0.0,0.0,-3500.0,-5000.0,0.8,0.6666666666666666,10.0,9.0,0.5666666666666667,19.0
allenai/Olmo-3-7B-Instruct-DPO,loss,no_explanation,100.0,-3500.0,1.0,-3900.0,0.78,0.0,0.0,-3500.0,-5000.0,0.7,0.6666666666666666,10.0,9.0,0.5166666666666666,19.0
allenai/Olmo-3-7B-Instruct-DPO,loss,one_sentence_reasoning,20.0,-0.4,0.1,-0.35,0.05,0.0,0.0,-4.0,-7.0,1.0,0.4444444444444444,6.0,9.0,0.7777777777777778,15.0
allenai/Olmo-3-7B-Instruct-DPO,loss,one_sentence_reasoning,20.0,-0.8,0.2,-0.7,0.1,0.0,0.0,-4.0,-7.0,0.7142857142857143,0.8125,14.0,16.0,0.4508928571428571,30.0
allenai/Olmo-3-7B-Instruct-DPO,loss,one_sentence_reasoning,20.0,-1.6,0.4,-0.35,0.05,0.0,0.0,-4.0,-7.0,1.0,0.6666666666666666,8.0,9.0,0.6666666666666667,17.0
allenai/Olmo-3-7B-Instruct-DPO,loss,one_sentence_reasoning,20.0,-30.0,0.3,-28.8,0.3,0.0,0.0,-100.0,-96.0,0.6666666666666666,0.9,9.0,10.0,0.3833333333333333,19.0
allenai/Olmo-3-7B-Instruct-DPO,loss,one_sentence_reasoning,20.0,-35.0,0.35,-33.6,0.35,0.0,0.0,-100.0,-96.0,1.0,0.6,8.0,10.0,0.7,18.0
allenai/Olmo-3-7B-Instruct-DPO,loss,one_sentence_reasoning,20.0,-35.0,0.35,-38.4,0.4,0.0,0.0,-100.0,-96.0,0.625,0.8888888888888888,8.0,9.0,0.3680555555555556,17.0
allenai/Olmo-3-7B-Instruct-DPO,loss,one_sentence_reasoning,20.0,-40.0,0.4,-33.6,0.35,0.0,0.0,-100.0,-96.0,0.6666666666666666,0.8888888888888888,9.0,9.0,0.3888888888888889,18.0
allenai/Olmo-3-7B-Instruct-DPO,loss,one_sentence_reasoning,20.0,-3500.0,1.0,-2750.0,0.55,0.0,0.0,-3500.0,-5000.0,0.4444444444444444,0.7777777777777778,9.0,9.0,0.3333333333333333,18.0
allenai/Olmo-3-7B-Instruct-DPO,loss,one_sentence_reasoning,20.0,-3500.0,1.0,-3500.0,0.7,0.0,0.0,-3500.0,-5000.0,0.7142857142857143,0.8571428571428571,7.0,7.0,0.4285714285714286,14.0
allenai/Olmo-3-7B-Instruct-DPO,loss,one_sentence_reasoning,20.0,-3500.0,1.0,-3750.0,0.75,0.0,0.0,-3500.0,-5000.0,0.8333333333333334,1.0,6.0,10.0,0.4166666666666667,16.0
allenai/Olmo-3-7B-Instruct-DPO,loss,one_sentence_reasoning,20.0,-3500.0,1.0,-4250.0,0.85,0.0,0.0,-3500.0,-5000.0,0.5,0.6666666666666666,4.0,9.0,0.4166666666666667,13.0
allenai/Olmo-3-7B-Instruct-DPO,loss,one_sentence_reasoning,100.0,-0.6,0.15,-0.84,0.12,0.0,0.0,-4.0,-7.0,0.8,0.75,10.0,8.0,0.525,18.0
allenai/Olmo-3-7B-Instruct-DPO,loss,one_sentence_reasoning,100.0,-0.8,0.2,-0.7,0.1,0.0,0.0,-4.0,-7.0,0.8888888888888888,0.5,9.0,10.0,0.6944444444444444,19.0
allenai/Olmo-3-7B-Instruct-DPO,loss,one_sentence_reasoning,100.0,-0.88,0.22,-0.56,0.08,0.0,0.0,-4.0,-7.0,0.75,0.8333333333333334,8.0,6.0,0.4583333333333333,14.0
allenai/Olmo-3-7B-Instruct-DPO,loss,one_sentence_reasoning,100.0,-0.96,0.24,-0.77,0.11,0.0,0.0,-4.0,-7.0,0.9,0.6666666666666666,10.0,9.0,0.6166666666666667,19.0
allenai/Olmo-3-7B-Instruct-DPO,loss,one_sentence_reasoning,100.0,-29.0,0.29,-32.64,0.34,0.0,0.0,-100.0,-96.0,0.7142857142857143,0.75,7.0,8.0,0.4821428571428571,15.0
allenai/Olmo-3-7B-Instruct-DPO,loss,one_sentence_reasoning,100.0,-33.0,0.33,-32.64,0.34,0.0,0.0,-100.0,-96.0,0.7777777777777778,0.875,9.0,8.0,0.4513888888888889,17.0
allenai/Olmo-3-7B-Instruct-DPO,loss,one_sentence_reasoning,100.0,-37.0,0.37,-37.44,0.39,0.0,0.0,-100.0,-96.0,0.8888888888888888,1.0,9.0,10.0,0.4444444444444444,19.0
allenai/Olmo-3-7B-Instruct-DPO,loss,one_sentence_reasoning,100.0,-39.0,0.39,-30.72,0.32,0.0,0.0,-100.0,-96.0,0.8571428571428571,0.8888888888888888,7.0,9.0,0.4841269841269841,16.0
allenai/Olmo-3-7B-Instruct-DPO,loss,one_sentence_reasoning,100.0,-3500.0,1.0,-3600.0,0.72,0.0,0.0,-3500.0,-5000.0,0.8571428571428571,0.7142857142857143,7.0,7.0,0.5714285714285714,14.0
allenai/Olmo-3-7B-Instruct-DPO,loss,one_sentence_reasoning,100.0,-3500.0,1.0,-3650.0,0.73,0.0,0.0,-3500.0,-5000.0,0.75,1.0,8.0,9.0,0.375,17.0
allenai/Olmo-3-7B-Instruct-DPO,loss,one_sentence_reasoning,100.0,-3500.0,1.0,-3750.0,0.75,0.0,0.0,-3500.0,-5000.0,0.75,0.8571428571428571,8.0,7.0,0.4464285714285714,15.0
allenai/Olmo-3-7B-Instruct-DPO,loss,one_sentence_reasoning,100.0,-3500.0,1.0,-3900.0,0.78,0.0,0.0,-3500.0,-5000.0,0.8888888888888888,0.8571428571428571,9.0,7.0,0.5158730158730158,16.0
allenai/Olmo-3-7B-Instruct-SFT,gain,math_reasoning_one,20.0,0.4,0.1,0.35,0.05,0.0,0.0,4.0,7.0,0.8,0.7142857142857143,5.0,7.0,0.5428571428571429,12.0
allenai/Olmo-3-7B-Instruct-SFT,gain,math_reasoning_one,20.0,0.8,0.2,0.7,0.1,0.0,0.0,4.0,7.0,0.6,0.3846153846153846,15.0,13.0,0.6076923076923078,28.0
allenai/Olmo-3-7B-Instruct-SFT,gain,math_reasoning_one,20.0,1.6,0.4,0.35,0.05,0.0,0.0,4.0,7.0,0.5,0.125,4.0,8.0,0.6875,12.0
allenai/Olmo-3-7B-Instruct-SFT,gain,math_reasoning_one,20.0,30.0,0.3,28.8,0.3,0.0,0.0,100.0,96.0,0.8571428571428571,0.2222222222222222,7.0,9.0,0.8174603174603174,16.0
allenai/Olmo-3-7B-Instruct-SFT,gain,math_reasoning_one,20.0,35.0,0.35,33.6,0.35,0.0,0.0,100.0,96.0,0.5714285714285714,0.25,7.0,8.0,0.6607142857142857,15.0
allenai/Olmo-3-7B-Instruct-SFT,gain,math_reasoning_one,20.0,35.0,0.35,38.4,0.4,0.0,0.0,100.0,96.0,0.6,0.3333333333333333,5.0,9.0,0.6333333333333333,14.0
allenai/Olmo-3-7B-Instruct-SFT,gain,math_reasoning_one,20.0,40.0,0.4,33.6,0.35,0.0,0.0,100.0,96.0,0.875,0.3333333333333333,8.0,6.0,0.7708333333333334,14.0
allenai/Olmo-3-7B-Instruct-SFT,gain,math_reasoning_one,20.0,3500.0,1.0,2750.0,0.55,0.0,0.0,3500.0,5000.0,0.3333333333333333,0.2857142857142857,6.0,7.0,0.5238095238095238,13.0
allenai/Olmo-3-7B-Instruct-SFT,gain,math_reasoning_one,20.0,3500.0,1.0,3500.0,0.7,0.0,0.0,3500.0,5000.0,0.1666666666666666,0.25,6.0,4.0,0.4583333333333333,10.0
allenai/Olmo-3-7B-Instruct-SFT,gain,math_reasoning_one,20.0,3500.0,1.0,3750.0,0.75,0.0,0.0,3500.0,5000.0,0.1111111111111111,0.5,9.0,4.0,0.3055555555555556,13.0
allenai/Olmo-3-7B-Instruct-SFT,gain,math_reasoning_one,20.0,3500.0,1.0,4250.0,0.85,0.0,0.0,3500.0,5000.0,0.5,0.4,6.0,5.0,0.55,11.0
allenai/Olmo-3-7B-Instruct-SFT,gain,math_reasoning_one,100.0,0.6,0.15,0.84,0.12,0.0,0.0,4.0,7.0,0.5714285714285714,0.2857142857142857,7.0,7.0,0.6428571428571428,14.0
allenai/Olmo-3-7B-Instruct-SFT,gain,math_reasoning_one,100.0,0.8,0.2,0.7,0.1,0.0,0.0,4.0,7.0,0.8,0.4,5.0,5.0,0.7,10.0
allenai/Olmo-3-7B-Instruct-SFT,gain,math_reasoning_one,100.0,0.88,0.22,0.56,0.08,0.0,0.0,4.0,7.0,0.5714285714285714,0.375,7.0,8.0,0.5982142857142857,15.0
allenai/Olmo-3-7B-Instruct-SFT,gain,math_reasoning_one,100.0,0.96,0.24,0.77,0.11,0.0,0.0,4.0,7.0,0.5714285714285714,0.5714285714285714,7.0,7.0,0.5,14.0
allenai/Olmo-3-7B-Instruct-SFT,gain,math_reasoning_one,100.0,29.0,0.29,32.64,0.34,0.0,0.0,100.0,96.0,0.4285714285714285,0.5,7.0,8.0,0.4642857142857143,15.0
allenai/Olmo-3-7B-Instruct-SFT,gain,math_reasoning_one,100.0,33.0,0.33,32.64,0.34,0.0,0.0,100.0,96.0,0.5,0.5,8.0,6.0,0.5,14.0
allenai/Olmo-3-7B-Instruct-SFT,gain,math_reasoning_one,100.0,37.0,0.37,37.44,0.39,0.0,0.0,100.0,96.0,0.7142857142857143,0.5714285714285714,7.0,7.0,0.5714285714285714,14.0
allenai/Olmo-3-7B-Instruct-SFT,gain,math_reasoning_one,100.0,39.0,0.39,30.72,0.32,0.0,0.0,100.0,96.0,0.5555555555555556,0.8571428571428571,9.0,7.0,0.3492063492063492,16.0
allenai/Olmo-3-7B-Instruct-SFT,gain,math_reasoning_one,100.0,3500.0,1.0,3600.0,0.72,0.0,0.0,3500.0,5000.0,0.2,0.4,10.0,10.0,0.4,20.0
allenai/Olmo-3-7B-Instruct-SFT,gain,math_reasoning_one,100.0,3500.0,1.0,3650.0,0.73,0.0,0.0,3500.0,5000.0,0.125,0.5,8.0,8.0,0.3125,16.0
allenai/Olmo-3-7B-Instruct-SFT,gain,math_reasoning_one,100.0,3500.0,1.0,3750.0,0.75,0.0,0.0,3500.0,5000.0,0.2857142857142857,0.4285714285714285,7.0,7.0,0.4285714285714285,14.0
allenai/Olmo-3-7B-Instruct-SFT,gain,math_reasoning_one,100.0,3500.0,1.0,3900.0,0.78,0.0,0.0,3500.0,5000.0,0.2857142857142857,0.5,7.0,8.0,0.3928571428571428,15.0
allenai/Olmo-3-7B-Instruct-SFT,gain,no_explanation,20.0,0.4,0.1,0.35,0.05,0.0,0.0,4.0,7.0,0.8,0.7777777777777778,10.0,9.0,0.5111111111111111,19.0
allenai/Olmo-3-7B-Instruct-SFT,gain,no_explanation,20.0,0.8,0.2,0.7,0.1,0.0,0.0,4.0,7.0,0.7647058823529411,0.8888888888888888,17.0,18.0,0.4379084967320261,35.0
allenai/Olmo-3-7B-Instruct-SFT,gain,no_explanation,20.0,1.6,0.4,0.35,0.05,0.0,0.0,4.0,7.0,0.8,0.5555555555555556,10.0,9.0,0.6222222222222222,19.0
allenai/Olmo-3-7B-Instruct-SFT,gain,no_explanation,20.0,30.0,0.3,28.8,0.3,0.0,0.0,100.0,96.0,1.0,0.6666666666666666,8.0,9.0,0.6666666666666667,17.0
allenai/Olmo-3-7B-Instruct-SFT,gain,no_explanation,20.0,35.0,0.35,33.6,0.35,0.0,0.0,100.0,96.0,0.2222222222222222,0.2,9.0,10.0,0.5111111111111111,19.0
allenai/Olmo-3-7B-Instruct-SFT,gain,no_explanation,20.0,35.0,0.35,38.4,0.4,0.0,0.0,100.0,96.0,0.6,0.3,10.0,10.0,0.6499999999999999,20.0
allenai/Olmo-3-7B-Instruct-SFT,gain,no_explanation,20.0,40.0,0.4,33.6,0.35,0.0,0.0,100.0,96.0,0.875,0.7,8.0,10.0,0.5875,18.0
allenai/Olmo-3-7B-Instruct-SFT,gain,no_explanation,20.0,3500.0,1.0,2750.0,0.55,0.0,0.0,3500.0,5000.0,0.2222222222222222,0.5714285714285714,9.0,7.0,0.3253968253968254,16.0
allenai/Olmo-3-7B-Instruct-SFT,gain,no_explanation,20.0,3500.0,1.0,3500.0,0.7,0.0,0.0,3500.0,5000.0,0.1111111111111111,0.75,9.0,8.0,0.1805555555555555,17.0
allenai/Olmo-3-7B-Instruct-SFT,gain,no_explanation,20.0,3500.0,1.0,3750.0,0.75,0.0,0.0,3500.0,5000.0,0.25,0.7142857142857143,8.0,7.0,0.2678571428571428,15.0
allenai/Olmo-3-7B-Instruct-SFT,gain,no_explanation,20.0,3500.0,1.0,4250.0,0.85,0.0,0.0,3500.0,5000.0,0.2,0.5,5.0,6.0,0.35,11.0
allenai/Olmo-3-7B-Instruct-SFT,gain,no_explanation,100.0,0.6,0.15,0.84,0.12,0.0,0.0,4.0,7.0,0.8,0.6666666666666666,10.0,9.0,0.5666666666666667,19.0
allenai/Olmo-3-7B-Instruct-SFT,gain,no_explanation,100.0,0.8,0.2,0.7,0.1,0.0,0.0,4.0,7.0,0.75,0.8,8.0,10.0,0.475,18.0
allenai/Olmo-3-7B-Instruct-SFT,gain,no_explanation,100.0,0.88,0.22,0.56,0.08,0.0,0.0,4.0,7.0,0.4,0.2,10.0,10.0,0.6000000000000001,20.0
allenai/Olmo-3-7B-Instruct-SFT,gain,no_explanation,100.0,0.96,0.24,0.77,0.11,0.0,0.0,4.0,7.0,0.375,0.4,8.0,10.0,0.4875,18.0
allenai/Olmo-3-7B-Instruct-SFT,gain,no_explanation,100.0,29.0,0.29,32.64,0.34,0.0,0.0,100.0,96.0,0.7777777777777778,0.7,9.0,10.0,0.538888888888889,19.0
allenai/Olmo-3-7B-Instruct-SFT,gain,no_explanation,100.0,33.0,0.33,32.64,0.34,0.0,0.0,100.0,96.0,0.875,0.125,8.0,8.0,0.875,16.0
allenai/Olmo-3-7B-Instruct-SFT,gain,no_explanation,100.0,37.0,0.37,37.44,0.39,0.0,0.0,100.0,96.0,0.5,0.6,10.0,10.0,0.45,20.0
allenai/Olmo-3-7B-Instruct-SFT,gain,no_explanation,100.0,39.0,0.39,30.72,0.32,0.0,0.0,100.0,96.0,0.6666666666666666,0.3333333333333333,9.0,9.0,0.6666666666666667,18.0
allenai/Olmo-3-7B-Instruct-SFT,gain,no_explanation,100.0,3500.0,1.0,3600.0,0.72,0.0,0.0,3500.0,5000.0,0.5,0.6666666666666666,10.0,6.0,0.4166666666666667,16.0
allenai/Olmo-3-7B-Instruct-SFT,gain,no_explanation,100.0,3500.0,1.0,3650.0,0.73,0.0,0.0,3500.0,5000.0,0.625,0.5,8.0,8.0,0.5625,16.0
allenai/Olmo-3-7B-Instruct-SFT,gain,no_explanation,100.0,3500.0,1.0,3750.0,0.75,0.0,0.0,3500.0,5000.0,0.5,0.5,10.0,8.0,0.5,18.0
allenai/Olmo-3-7B-Instruct-SFT,gain,no_explanation,100.0,3500.0,1.0,3900.0,0.78,0.0,0.0,3500.0,5000.0,0.6,0.5,10.0,8.0,0.55,18.0
allenai/Olmo-3-7B-Instruct-SFT,gain,one_sentence_reasoning,20.0,0.4,0.1,0.35,0.05,0.0,0.0,4.0,7.0,0.625,0.6666666666666666,8.0,9.0,0.4791666666666667,17.0
allenai/Olmo-3-7B-Instruct-SFT,gain,one_sentence_reasoning,20.0,0.8,0.2,0.7,0.1,0.0,0.0,4.0,7.0,0.5555555555555556,0.8421052631578947,18.0,19.0,0.3567251461988304,37.0
allenai/Olmo-3-7B-Instruct-SFT,gain,one_sentence_reasoning,20.0,1.6,0.4,0.35,0.05,0.0,0.0,4.0,7.0,0.875,0.6666666666666666,8.0,9.0,0.6041666666666667,17.0
allenai/Olmo-3-7B-Instruct-SFT,gain,one_sentence_reasoning,20.0,30.0,0.3,28.8,0.3,0.0,0.0,100.0,96.0,0.6666666666666666,0.375,9.0,8.0,0.6458333333333333,17.0
allenai/Olmo-3-7B-Instruct-SFT,gain,one_sentence_reasoning,20.0,35.0,0.35,33.6,0.35,0.0,0.0,100.0,96.0,0.8,0.5,10.0,8.0,0.65,18.0
allenai/Olmo-3-7B-Instruct-SFT,gain,one_sentence_reasoning,20.0,35.0,0.35,38.4,0.4,0.0,0.0,100.0,96.0,0.625,0.4,8.0,10.0,0.6125,18.0
allenai/Olmo-3-7B-Instruct-SFT,gain,one_sentence_reasoning,20.0,40.0,0.4,33.6,0.35,0.0,0.0,100.0,96.0,0.8,0.3333333333333333,10.0,9.0,0.7333333333333334,19.0
allenai/Olmo-3-7B-Instruct-SFT,gain,one_sentence_reasoning,20.0,3500.0,1.0,2750.0,0.55,0.0,0.0,3500.0,5000.0,0.4285714285714285,0.6,7.0,10.0,0.4142857142857142,17.0
allenai/Olmo-3-7B-Instruct-SFT,gain,one_sentence_reasoning,20.0,3500.0,1.0,3500.0,0.7,0.0,0.0,3500.0,5000.0,0.0,0.875,6.0,8.0,0.0625,14.0
allenai/Olmo-3-7B-Instruct-SFT,gain,one_sentence_reasoning,20.0,3500.0,1.0,3750.0,0.75,0.0,0.0,3500.0,5000.0,0.375,0.8571428571428571,8.0,7.0,0.2589285714285714,15.0
allenai/Olmo-3-7B-Instruct-SFT,gain,one_sentence_reasoning,20.0,3500.0,1.0,4250.0,0.85,0.0,0.0,3500.0,5000.0,0.1428571428571428,0.625,7.0,8.0,0.2589285714285714,15.0
allenai/Olmo-3-7B-Instruct-SFT,gain,one_sentence_reasoning,100.0,0.6,0.15,0.84,0.12,0.0,0.0,4.0,7.0,0.625,0.1666666666666666,8.0,6.0,0.7291666666666667,14.0
allenai/Olmo-3-7B-Instruct-SFT,gain,one_sentence_reasoning,100.0,0.8,0.2,0.7,0.1,0.0,0.0,4.0,7.0,0.6666666666666666,0.6666666666666666,9.0,9.0,0.5,18.0
allenai/Olmo-3-7B-Instruct-SFT,gain,one_sentence_reasoning,100.0,0.88,0.22,0.56,0.08,0.0,0.0,4.0,7.0,0.5714285714285714,0.75,7.0,8.0,0.4107142857142857,15.0
allenai/Olmo-3-7B-Instruct-SFT,gain,one_sentence_reasoning,100.0,0.96,0.24,0.77,0.11,0.0,0.0,4.0,7.0,0.4285714285714285,0.6666666666666666,7.0,9.0,0.3809523809523809,16.0
allenai/Olmo-3-7B-Instruct-SFT,gain,one_sentence_reasoning,100.0,29.0,0.29,32.64,0.34,0.0,0.0,100.0,96.0,0.2857142857142857,0.75,7.0,8.0,0.2678571428571428,15.0
allenai/Olmo-3-7B-Instruct-SFT,gain,one_sentence_reasoning,100.0,33.0,0.33,32.64,0.34,0.0,0.0,100.0,96.0,0.8888888888888888,0.5,9.0,4.0,0.6944444444444444,13.0
allenai/Olmo-3-7B-Instruct-SFT,gain,one_sentence_reasoning,100.0,37.0,0.37,37.44,0.39,0.0,0.0,100.0,96.0,0.7777777777777778,0.625,9.0,8.0,0.5763888888888888,17.0
allenai/Olmo-3-7B-Instruct-SFT,gain,one_sentence_reasoning,100.0,39.0,0.39,30.72,0.32,0.0,0.0,100.0,96.0,0.7,0.6666666666666666,10.0,9.0,0.5166666666666666,19.0
allenai/Olmo-3-7B-Instruct-SFT,gain,one_sentence_reasoning,100.0,3500.0,1.0,3600.0,0.72,0.0,0.0,3500.0,5000.0,0.5714285714285714,0.8571428571428571,7.0,7.0,0.3571428571428571,14.0
allenai/Olmo-3-7B-Instruct-SFT,gain,one_sentence_reasoning,100.0,3500.0,1.0,3650.0,0.73,0.0,0.0,3500.0,5000.0,0.6,0.375,10.0,8.0,0.6125,18.0
allenai/Olmo-3-7B-Instruct-SFT,gain,one_sentence_reasoning,100.0,3500.0,1.0,3750.0,0.75,0.0,0.0,3500.0,5000.0,0.3333333333333333,0.75,9.0,8.0,0.2916666666666666,17.0
allenai/Olmo-3-7B-Instruct-SFT,gain,one_sentence_reasoning,100.0,3500.0,1.0,3900.0,0.78,0.0,0.0,3500.0,5000.0,0.7142857142857143,0.6666666666666666,7.0,9.0,0.5238095238095238,16.0
allenai/Olmo-3-7B-Instruct-SFT,loss,math_reasoning_one,20.0,-0.4,0.1,-0.35,0.05,0.0,0.0,-4.0,-7.0,0.4,0.2222222222222222,5.0,9.0,0.5888888888888889,14.0
allenai/Olmo-3-7B-Instruct-SFT,loss,math_reasoning_one,20.0,-0.8,0.2,-0.7,0.1,0.0,0.0,-4.0,-7.0,0.4615384615384615,0.3571428571428571,13.0,14.0,0.5521978021978022,27.0
allenai/Olmo-3-7B-Instruct-SFT,loss,math_reasoning_one,20.0,-1.6,0.4,-0.35,0.05,0.0,0.0,-4.0,-7.0,0.5,0.5,6.0,4.0,0.5,10.0
allenai/Olmo-3-7B-Instruct-SFT,loss,math_reasoning_one,20.0,-30.0,0.3,-28.8,0.3,0.0,0.0,-100.0,-96.0,0.375,0.8571428571428571,8.0,7.0,0.2589285714285714,15.0
allenai/Olmo-3-7B-Instruct-SFT,loss,math_reasoning_one,20.0,-35.0,0.35,-33.6,0.35,0.0,0.0,-100.0,-96.0,0.625,0.3333333333333333,8.0,9.0,0.6458333333333334,17.0
allenai/Olmo-3-7B-Instruct-SFT,loss,math_reasoning_one,20.0,-35.0,0.35,-38.4,0.4,0.0,0.0,-100.0,-96.0,0.625,0.875,8.0,8.0,0.375,16.0
allenai/Olmo-3-7B-Instruct-SFT,loss,math_reasoning_one,20.0,-40.0,0.4,-33.6,0.35,0.0,0.0,-100.0,-96.0,0.7142857142857143,0.5555555555555556,7.0,9.0,0.5793650793650793,16.0
allenai/Olmo-3-7B-Instruct-SFT,loss,math_reasoning_one,20.0,-3500.0,1.0,-2750.0,0.55,0.0,0.0,-3500.0,-5000.0,0.7142857142857143,0.2857142857142857,7.0,7.0,0.7142857142857143,14.0
allenai/Olmo-3-7B-Instruct-SFT,loss,math_reasoning_one,20.0,-3500.0,1.0,-3500.0,0.7,0.0,0.0,-3500.0,-5000.0,0.875,0.3333333333333333,8.0,6.0,0.7708333333333334,14.0
allenai/Olmo-3-7B-Instruct-SFT,loss,math_reasoning_one,20.0,-3500.0,1.0,-3750.0,0.75,0.0,0.0,-3500.0,-5000.0,0.1666666666666666,0.7142857142857143,6.0,7.0,0.2261904761904761,13.0
allenai/Olmo-3-7B-Instruct-SFT,loss,math_reasoning_one,20.0,-3500.0,1.0,-4250.0,0.85,0.0,0.0,-3500.0,-5000.0,0.6666666666666666,0.6,9.0,5.0,0.5333333333333333,14.0
allenai/Olmo-3-7B-Instruct-SFT,loss,math_reasoning_one,100.0,-0.6,0.15,-0.84,0.12,0.0,0.0,-4.0,-7.0,0.6666666666666666,0.4,9.0,5.0,0.6333333333333333,14.0
allenai/Olmo-3-7B-Instruct-SFT,loss,math_reasoning_one,100.0,-0.8,0.2,-0.7,0.1,0.0,0.0,-4.0,-7.0,0.375,0.375,8.0,8.0,0.5,16.0
allenai/Olmo-3-7B-Instruct-SFT,loss,math_reasoning_one,100.0,-0.88,0.22,-0.56,0.08,0.0,0.0,-4.0,-7.0,0.5555555555555556,0.25,9.0,8.0,0.6527777777777778,17.0
allenai/Olmo-3-7B-Instruct-SFT,loss,math_reasoning_one,100.0,-0.96,0.24,-0.77,0.11,0.0,0.0,-4.0,-7.0,0.5,0.6,6.0,5.0,0.45,11.0
allenai/Olmo-3-7B-Instruct-SFT,loss,math_reasoning_one,100.0,-29.0,0.29,-32.64,0.34,0.0,0.0,-100.0,-96.0,0.625,0.375,8.0,8.0,0.625,16.0
allenai/Olmo-3-7B-Instruct-SFT,loss,math_reasoning_one,100.0,-33.0,0.33,-32.64,0.34,0.0,0.0,-100.0,-96.0,0.0,0.625,5.0,8.0,0.1875,13.0
allenai/Olmo-3-7B-Instruct-SFT,loss,math_reasoning_one,100.0,-37.0,0.37,-37.44,0.39,0.0,0.0,-100.0,-96.0,0.8571428571428571,0.625,7.0,8.0,0.6160714285714286,15.0
allenai/Olmo-3-7B-Instruct-SFT,loss,math_reasoning_one,100.0,-39.0,0.39,-30.72,0.32,0.0,0.0,-100.0,-96.0,0.4,0.5,5.0,6.0,0.45,11.0
allenai/Olmo-3-7B-Instruct-SFT,loss,math_reasoning_one,100.0,-3500.0,1.0,-3600.0,0.72,0.0,0.0,-3500.0,-5000.0,0.7,0.5,10.0,8.0,0.6,18.0
allenai/Olmo-3-7B-Instruct-SFT,loss,math_reasoning_one,100.0,-3500.0,1.0,-3650.0,0.73,0.0,0.0,-3500.0,-5000.0,0.7777777777777778,0.3333333333333333,9.0,6.0,0.7222222222222223,15.0
allenai/Olmo-3-7B-Instruct-SFT,loss,math_reasoning_one,100.0,-3500.0,1.0,-3750.0,0.75,0.0,0.0,-3500.0,-5000.0,0.5,0.75,8.0,8.0,0.375,16.0
allenai/Olmo-3-7B-Instruct-SFT,loss,math_reasoning_one,100.0,-3500.0,1.0,-3900.0,0.78,0.0,0.0,-3500.0,-5000.0,0.75,0.6,8.0,5.0,0.575,13.0
allenai/Olmo-3-7B-Instruct-SFT,loss,no_explanation,20.0,-0.4,0.1,-0.35,0.05,0.0,0.0,-4.0,-7.0,0.8,0.4,10.0,10.0,0.7,20.0
allenai/Olmo-3-7B-Instruct-SFT,loss,no_explanation,20.0,-0.8,0.2,-0.7,0.1,0.0,0.0,-4.0,-7.0,0.5555555555555556,0.6,18.0,15.0,0.4777777777777778,33.0
allenai/Olmo-3-7B-Instruct-SFT,loss,no_explanation,20.0,-1.6,0.4,-0.35,0.05,0.0,0.0,-4.0,-7.0,1.0,0.8888888888888888,10.0,9.0,0.5555555555555556,19.0
allenai/Olmo-3-7B-Instruct-SFT,loss,no_explanation,20.0,-30.0,0.3,-28.8,0.3,0.0,0.0,-100.0,-96.0,0.5,0.7777777777777778,10.0,9.0,0.3611111111111111,19.0
allenai/Olmo-3-7B-Instruct-SFT,loss,no_explanation,20.0,-35.0,0.35,-33.6,0.35,0.0,0.0,-100.0,-96.0,0.5,0.8888888888888888,8.0,9.0,0.3055555555555556,17.0
allenai/Olmo-3-7B-Instruct-SFT,loss,no_explanation,20.0,-35.0,0.35,-38.4,0.4,0.0,0.0,-100.0,-96.0,0.5,0.6666666666666666,8.0,9.0,0.4166666666666667,17.0
allenai/Olmo-3-7B-Instruct-SFT,loss,no_explanation,20.0,-40.0,0.4,-33.6,0.35,0.0,0.0,-100.0,-96.0,0.6666666666666666,0.8333333333333334,6.0,6.0,0.4166666666666666,12.0
allenai/Olmo-3-7B-Instruct-SFT,loss,no_explanation,20.0,-3500.0,1.0,-2750.0,0.55,0.0,0.0,-3500.0,-5000.0,1.0,0.75,5.0,8.0,0.625,13.0
allenai/Olmo-3-7B-Instruct-SFT,loss,no_explanation,20.0,-3500.0,1.0,-3500.0,0.7,0.0,0.0,-3500.0,-5000.0,0.625,0.7777777777777778,8.0,9.0,0.4236111111111111,17.0
allenai/Olmo-3-7B-Instruct-SFT,loss,no_explanation,20.0,-3500.0,1.0,-3750.0,0.75,0.0,0.0,-3500.0,-5000.0,0.5714285714285714,0.875,7.0,8.0,0.3482142857142857,15.0
allenai/Olmo-3-7B-Instruct-SFT,loss,no_explanation,20.0,-3500.0,1.0,-4250.0,0.85,0.0,0.0,-3500.0,-5000.0,0.5,0.7777777777777778,8.0,9.0,0.3611111111111111,17.0
allenai/Olmo-3-7B-Instruct-SFT,loss,no_explanation,100.0,-0.6,0.15,-0.84,0.12,0.0,0.0,-4.0,-7.0,0.7,0.375,10.0,8.0,0.6625,18.0
allenai/Olmo-3-7B-Instruct-SFT,loss,no_explanation,100.0,-0.8,0.2,-0.7,0.1,0.0,0.0,-4.0,-7.0,0.9,0.7142857142857143,10.0,7.0,0.5928571428571429,17.0
allenai/Olmo-3-7B-Instruct-SFT,loss,no_explanation,100.0,-0.88,0.22,-0.56,0.08,0.0,0.0,-4.0,-7.0,0.3,0.6666666666666666,10.0,9.0,0.3166666666666666,19.0
allenai/Olmo-3-7B-Instruct-SFT,loss,no_explanation,100.0,-0.96,0.24,-0.77,0.11,0.0,0.0,-4.0,-7.0,0.3,0.375,10.0,8.0,0.4625,18.0
allenai/Olmo-3-7B-Instruct-SFT,loss,no_explanation,100.0,-29.0,0.29,-32.64,0.34,0.0,0.0,-100.0,-96.0,0.8888888888888888,0.5714285714285714,9.0,7.0,0.6587301587301587,16.0
allenai/Olmo-3-7B-Instruct-SFT,loss,no_explanation,100.0,-33.0,0.33,-32.64,0.34,0.0,0.0,-100.0,-96.0,0.5,1.0,8.0,4.0,0.25,12.0
allenai/Olmo-3-7B-Instruct-SFT,loss,no_explanation,100.0,-37.0,0.37,-37.44,0.39,0.0,0.0,-100.0,-96.0,0.8888888888888888,0.75,9.0,8.0,0.5694444444444444,17.0
allenai/Olmo-3-7B-Instruct-SFT,loss,no_explanation,100.0,-39.0,0.39,-30.72,0.32,0.0,0.0,-100.0,-96.0,1.0,0.6,9.0,10.0,0.7,19.0
allenai/Olmo-3-7B-Instruct-SFT,loss,no_explanation,100.0,-3500.0,1.0,-3600.0,0.72,0.0,0.0,-3500.0,-5000.0,0.8888888888888888,0.6666666666666666,9.0,9.0,0.6111111111111112,18.0
allenai/Olmo-3-7B-Instruct-SFT,loss,no_explanation,100.0,-3500.0,1.0,-3650.0,0.73,0.0,0.0,-3500.0,-5000.0,0.5555555555555556,0.875,9.0,8.0,0.3402777777777778,17.0
allenai/Olmo-3-7B-Instruct-SFT,loss,no_explanation,100.0,-3500.0,1.0,-3750.0,0.75,0.0,0.0,-3500.0,-5000.0,0.875,0.6,8.0,10.0,0.6375,18.0
allenai/Olmo-3-7B-Instruct-SFT,loss,no_explanation,100.0,-3500.0,1.0,-3900.0,0.78,0.0,0.0,-3500.0,-5000.0,0.5,0.4285714285714285,6.0,7.0,0.5357142857142857,13.0
allenai/Olmo-3-7B-Instruct-SFT,loss,one_sentence_reasoning,20.0,-0.4,0.1,-0.35,0.05,0.0,0.0,-4.0,-7.0,0.8,0.5,10.0,8.0,0.65,18.0
allenai/Olmo-3-7B-Instruct-SFT,loss,one_sentence_reasoning,20.0,-0.8,0.2,-0.7,0.1,0.0,0.0,-4.0,-7.0,0.4705882352941176,0.7894736842105263,17.0,19.0,0.3405572755417956,36.0
allenai/Olmo-3-7B-Instruct-SFT,loss,one_sentence_reasoning,20.0,-1.6,0.4,-0.35,0.05,0.0,0.0,-4.0,-7.0,0.5,0.7,6.0,10.0,0.4,16.0
allenai/Olmo-3-7B-Instruct-SFT,loss,one_sentence_reasoning,20.0,-30.0,0.3,-28.8,0.3,0.0,0.0,-100.0,-96.0,0.375,0.6666666666666666,8.0,9.0,0.3541666666666667,17.0
allenai/Olmo-3-7B-Instruct-SFT,loss,one_sentence_reasoning,20.0,-35.0,0.35,-33.6,0.35,0.0,0.0,-100.0,-96.0,0.6666666666666666,0.7142857142857143,6.0,7.0,0.4761904761904761,13.0
allenai/Olmo-3-7B-Instruct-SFT,loss,one_sentence_reasoning,20.0,-35.0,0.35,-38.4,0.4,0.0,0.0,-100.0,-96.0,0.875,0.6666666666666666,8.0,9.0,0.6041666666666667,17.0
allenai/Olmo-3-7B-Instruct-SFT,loss,one_sentence_reasoning,20.0,-40.0,0.4,-33.6,0.35,0.0,0.0,-100.0,-96.0,0.6666666666666666,1.0,6.0,7.0,0.3333333333333333,13.0
allenai/Olmo-3-7B-Instruct-SFT,loss,one_sentence_reasoning,20.0,-3500.0,1.0,-2750.0,0.55,0.0,0.0,-3500.0,-5000.0,0.6,1.0,5.0,8.0,0.3,13.0
allenai/Olmo-3-7B-Instruct-SFT,loss,one_sentence_reasoning,20.0,-3500.0,1.0,-3500.0,0.7,0.0,0.0,-3500.0,-5000.0,0.4444444444444444,0.8888888888888888,9.0,9.0,0.2777777777777778,18.0
allenai/Olmo-3-7B-Instruct-SFT,loss,one_sentence_reasoning,20.0,-3500.0,1.0,-3750.0,0.75,0.0,0.0,-3500.0,-5000.0,0.6,0.7777777777777778,10.0,9.0,0.4111111111111111,19.0
allenai/Olmo-3-7B-Instruct-SFT,loss,one_sentence_reasoning,20.0,-3500.0,1.0,-4250.0,0.85,0.0,0.0,-3500.0,-5000.0,0.7142857142857143,0.9,7.0,10.0,0.4071428571428571,17.0
allenai/Olmo-3-7B-Instruct-SFT,loss,one_sentence_reasoning,100.0,-0.6,0.15,-0.84,0.12,0.0,0.0,-4.0,-7.0,0.8571428571428571,0.2857142857142857,7.0,7.0,0.7857142857142857,14.0
allenai/Olmo-3-7B-Instruct-SFT,loss,one_sentence_reasoning,100.0,-0.8,0.2,-0.7,0.1,0.0,0.0,-4.0,-7.0,0.7142857142857143,0.75,7.0,8.0,0.4821428571428571,15.0
allenai/Olmo-3-7B-Instruct-SFT,loss,one_sentence_reasoning,100.0,-0.88,0.22,-0.56,0.08,0.0,0.0,-4.0,-7.0,0.4,0.4,5.0,10.0,0.5,15.0
allenai/Olmo-3-7B-Instruct-SFT,loss,one_sentence_reasoning,100.0,-0.96,0.24,-0.77,0.11,0.0,0.0,-4.0,-7.0,0.25,1.0,8.0,10.0,0.125,18.0
allenai/Olmo-3-7B-Instruct-SFT,loss,one_sentence_reasoning,100.0,-29.0,0.29,-32.64,0.34,0.0,0.0,-100.0,-96.0,0.7777777777777778,0.7142857142857143,9.0,7.0,0.5317460317460317,16.0
allenai/Olmo-3-7B-Instruct-SFT,loss,one_sentence_reasoning,100.0,-33.0,0.33,-32.64,0.34,0.0,0.0,-100.0,-96.0,0.8571428571428571,0.25,7.0,8.0,0.8035714285714286,15.0
allenai/Olmo-3-7B-Instruct-SFT,loss,one_sentence_reasoning,100.0,-37.0,0.37,-37.44,0.39,0.0,0.0,-100.0,-96.0,0.5714285714285714,0.8571428571428571,7.0,7.0,0.3571428571428571,14.0
allenai/Olmo-3-7B-Instruct-SFT,loss,one_sentence_reasoning,100.0,-39.0,0.39,-30.72,0.32,0.0,0.0,-100.0,-96.0,0.8888888888888888,0.6,9.0,5.0,0.6444444444444444,14.0
allenai/Olmo-3-7B-Instruct-SFT,loss,one_sentence_reasoning,100.0,-3500.0,1.0,-3600.0,0.72,0.0,0.0,-3500.0,-5000.0,0.7142857142857143,0.7777777777777778,7.0,9.0,0.4682539682539682,16.0
allenai/Olmo-3-7B-Instruct-SFT,loss,one_sentence_reasoning,100.0,-3500.0,1.0,-3650.0,0.73,0.0,0.0,-3500.0,-5000.0,0.5,0.7777777777777778,8.0,9.0,0.3611111111111111,17.0
allenai/Olmo-3-7B-Instruct-SFT,loss,one_sentence_reasoning,100.0,-3500.0,1.0,-3750.0,0.75,0.0,0.0,-3500.0,-5000.0,0.8888888888888888,1.0,9.0,7.0,0.4444444444444444,16.0
allenai/Olmo-3-7B-Instruct-SFT,loss,one_sentence_reasoning,100.0,-3500.0,1.0,-3900.0,0.78,0.0,0.0,-3500.0,-5000.0,0.8,0.5714285714285714,10.0,7.0,0.6142857142857143,17.0
allenai/Olmo-3-7B-Think,gain,math_reasoning_one,20.0,0.4,0.1,0.35,0.05,0.0,0.0,4.0,7.0,1.0,0.0,2.0,2.0,1.0,4.0
allenai/Olmo-3-7B-Think,gain,math_reasoning_one,20.0,0.8,0.2,0.7,0.1,0.0,0.0,4.0,7.0,1.0,0.0,1.0,1.0,1.0,2.0
allenai/Olmo-3-7B-Think,gain,math_reasoning_one,20.0,3500.0,1.0,2750.0,0.55,0.0,0.0,3500.0,5000.0,1.0,,1.0,,,1.0
allenai/Olmo-3-7B-Think,gain,no_explanation,20.0,0.4,0.1,0.35,0.05,0.0,0.0,4.0,7.0,1.0,0.0,1.0,4.0,1.0,5.0
allenai/Olmo-3-7B-Think,gain,no_explanation,20.0,0.8,0.2,0.7,0.1,0.0,0.0,4.0,7.0,1.0,0.0,4.0,2.0,1.0,6.0
allenai/Olmo-3-7B-Think,gain,no_explanation,20.0,1.6,0.4,0.35,0.05,0.0,0.0,4.0,7.0,1.0,,1.0,,,1.0
allenai/Olmo-3-7B-Think,gain,no_explanation,20.0,35.0,0.35,38.4,0.4,0.0,0.0,100.0,96.0,0.0,,1.0,,,1.0
allenai/Olmo-3-7B-Think,gain,no_explanation,20.0,40.0,0.4,33.6,0.35,0.0,0.0,100.0,96.0,1.0,0.0,2.0,1.0,1.0,3.0
allenai/Olmo-3-7B-Think,gain,no_explanation,20.0,3500.0,1.0,2750.0,0.55,0.0,0.0,3500.0,5000.0,,0.0,,1.0,,1.0
allenai/Olmo-3-7B-Think,gain,one_sentence_reasoning,20.0,0.4,0.1,0.35,0.05,0.0,0.0,4.0,7.0,1.0,0.25,1.0,4.0,0.875,5.0
allenai/Olmo-3-7B-Think,gain,one_sentence_reasoning,20.0,0.8,0.2,0.7,0.1,0.0,0.0,4.0,7.0,0.8333333333333334,0.0,6.0,3.0,0.9166666666666669,9.0
allenai/Olmo-3-7B-Think,gain,one_sentence_reasoning,20.0,1.6,0.4,0.35,0.05,0.0,0.0,4.0,7.0,1.0,0.0,4.0,3.0,1.0,7.0
allenai/Olmo-3-7B-Think,gain,one_sentence_reasoning,20.0,30.0,0.3,28.8,0.3,0.0,0.0,100.0,96.0,1.0,0.0,2.0,1.0,1.0,3.0
allenai/Olmo-3-7B-Think,gain,one_sentence_reasoning,20.0,40.0,0.4,33.6,0.35,0.0,0.0,100.0,96.0,1.0,,1.0,,,1.0
allenai/Olmo-3-7B-Think,gain,one_sentence_reasoning,20.0,3500.0,1.0,2750.0,0.55,0.0,0.0,3500.0,5000.0,,0.0,,1.0,,1.0
allenai/Olmo-3-7B-Think,gain,one_sentence_reasoning,20.0,3500.0,1.0,3750.0,0.75,0.0,0.0,3500.0,5000.0,0.5,,2.0,,,2.0
allenai/Olmo-3-7B-Think,gain,one_sentence_reasoning,20.0,3500.0,1.0,4250.0,0.85,0.0,0.0,3500.0,5000.0,0.0,,1.0,,,1.0
allenai/Olmo-3-7B-Think,gain,one_sentence_reasoning,100.0,0.6,0.15,0.84,0.12,0.0,0.0,4.0,7.0,0.0,,1.0,,,1.0
allenai/Olmo-3-7B-Think,gain,one_sentence_reasoning,100.0,0.96,0.24,0.77,0.11,0.0,0.0,4.0,7.0,,1.0,,1.0,,1.0
allenai/Olmo-3-7B-Think,gain,one_sentence_reasoning,100.0,29.0,0.29,32.64,0.34,0.0,0.0,100.0,96.0,1.0,,2.0,,,2.0
allenai/Olmo-3-7B-Think,gain,one_sentence_reasoning,100.0,33.0,0.33,32.64,0.34,0.0,0.0,100.0,96.0,,1.0,,1.0,,1.0
allenai/Olmo-3-7B-Think,gain,one_sentence_reasoning,100.0,3500.0,1.0,3600.0,0.72,0.0,0.0,3500.0,5000.0,,0.0,,2.0,,2.0
allenai/Olmo-3-7B-Think,gain,one_sentence_reasoning,100.0,3500.0,1.0,3650.0,0.73,0.0,0.0,3500.0,5000.0,,0.0,,1.0,,1.0
allenai/Olmo-3-7B-Think,loss,math_reasoning_one,20.0,-0.8,0.2,-0.7,0.1,0.0,0.0,-4.0,-7.0,1.0,,1.0,,,1.0
allenai/Olmo-3-7B-Think,loss,no_explanation,20.0,-0.4,0.1,-0.35,0.05,0.0,0.0,-4.0,-7.0,,1.0,,5.0,,5.0
allenai/Olmo-3-7B-Think,loss,no_explanation,20.0,-0.8,0.2,-0.7,0.1,0.0,0.0,-4.0,-7.0,0.25,1.0,4.0,2.0,0.125,6.0
allenai/Olmo-3-7B-Think,loss,no_explanation,20.0,-1.6,0.4,-0.35,0.05,0.0,0.0,-4.0,-7.0,0.0,1.0,1.0,1.0,0.0,2.0
allenai/Olmo-3-7B-Think,loss,no_explanation,20.0,-30.0,0.3,-28.8,0.3,0.0,0.0,-100.0,-96.0,0.0,,2.0,,,2.0
allenai/Olmo-3-7B-Think,loss,no_explanation,20.0,-35.0,0.35,-38.4,0.4,0.0,0.0,-100.0,-96.0,,0.0,,1.0,,1.0
allenai/Olmo-3-7B-Think,loss,no_explanation,100.0,-29.0,0.29,-32.64,0.34,0.0,0.0,-100.0,-96.0,0.0,,1.0,,,1.0
allenai/Olmo-3-7B-Think,loss,no_explanation,100.0,-33.0,0.33,-32.64,0.34,0.0,0.0,-100.0,-96.0,,1.0,,1.0,,1.0
allenai/Olmo-3-7B-Think,loss,one_sentence_reasoning,20.0,-0.4,0.1,-0.35,0.05,0.0,0.0,-4.0,-7.0,0.3333333333333333,1.0,3.0,4.0,0.1666666666666666,7.0
allenai/Olmo-3-7B-Think,loss,one_sentence_reasoning,20.0,-0.8,0.2,-0.7,0.1,0.0,0.0,-4.0,-7.0,0.2857142857142857,0.8,7.0,5.0,0.2428571428571428,12.0
allenai/Olmo-3-7B-Think,loss,one_sentence_reasoning,20.0,-1.6,0.4,-0.35,0.05,0.0,0.0,-4.0,-7.0,0.0,1.0,1.0,2.0,0.0,3.0
allenai/Olmo-3-7B-Think,loss,one_sentence_reasoning,20.0,-30.0,0.3,-28.8,0.3,0.0,0.0,-100.0,-96.0,0.0,1.0,1.0,1.0,0.0,2.0
allenai/Olmo-3-7B-Think,loss,one_sentence_reasoning,20.0,-40.0,0.4,-33.6,0.35,0.0,0.0,-100.0,-96.0,,0.0,,1.0,,1.0
allenai/Olmo-3-7B-Think,loss,one_sentence_reasoning,20.0,-3500.0,1.0,-2750.0,0.55,0.0,0.0,-3500.0,-5000.0,0.0,1.0,2.0,1.0,0.0,3.0
allenai/Olmo-3-7B-Think,loss,one_sentence_reasoning,20.0,-3500.0,1.0,-4250.0,0.85,0.0,0.0,-3500.0,-5000.0,1.0,,2.0,,,2.0
allenai/Olmo-3-7B-Think,loss,one_sentence_reasoning,100.0,-39.0,0.39,-30.72,0.32,0.0,0.0,-100.0,-96.0,,1.0,,1.0,,1.0
allenai/Olmo-3-7B-Think-DPO,gain,math_reasoning_one,20.0,0.4,0.1,0.35,0.05,0.0,0.0,4.0,7.0,1.0,0.0,1.0,3.0,1.0,4.0
allenai/Olmo-3-7B-Think-DPO,gain,math_reasoning_one,20.0,0.8,0.2,0.7,0.1,0.0,0.0,4.0,7.0,1.0,0.0,1.0,3.0,1.0,4.0
allenai/Olmo-3-7B-Think-DPO,gain,math_reasoning_one,20.0,1.6,0.4,0.35,0.05,0.0,0.0,4.0,7.0,1.0,,2.0,,,2.0
allenai/Olmo-3-7B-Think-DPO,gain,math_reasoning_one,20.0,3500.0,1.0,4250.0,0.85,0.0,0.0,3500.0,5000.0,0.0,,1.0,,,1.0
allenai/Olmo-3-7B-Think-DPO,gain,no_explanation,20.0,0.4,0.1,0.35,0.05,0.0,0.0,4.0,7.0,1.0,0.0,3.0,4.0,1.0,7.0
allenai/Olmo-3-7B-Think-DPO,gain,no_explanation,20.0,0.8,0.2,0.7,0.1,0.0,0.0,4.0,7.0,0.8333333333333334,0.25,6.0,4.0,0.7916666666666667,10.0
allenai/Olmo-3-7B-Think-DPO,gain,no_explanation,20.0,1.6,0.4,0.35,0.05,0.0,0.0,4.0,7.0,1.0,0.0,4.0,2.0,1.0,6.0
allenai/Olmo-3-7B-Think-DPO,gain,no_explanation,20.0,30.0,0.3,28.8,0.3,0.0,0.0,100.0,96.0,1.0,,2.0,,,2.0
allenai/Olmo-3-7B-Think-DPO,gain,no_explanation,20.0,35.0,0.35,38.4,0.4,0.0,0.0,100.0,96.0,0.5,,2.0,,,2.0
allenai/Olmo-3-7B-Think-DPO,gain,no_explanation,20.0,40.0,0.4,33.6,0.35,0.0,0.0,100.0,96.0,1.0,0.0,1.0,2.0,1.0,3.0
allenai/Olmo-3-7B-Think-DPO,gain,no_explanation,20.0,3500.0,1.0,2750.0,0.55,0.0,0.0,3500.0,5000.0,,0.0,,1.0,,1.0
allenai/Olmo-3-7B-Think-DPO,gain,no_explanation,20.0,3500.0,1.0,4250.0,0.85,0.0,0.0,3500.0,5000.0,0.0,,1.0,,,1.0
allenai/Olmo-3-7B-Think-DPO,gain,no_explanation,100.0,39.0,0.39,30.72,0.32,0.0,0.0,100.0,96.0,1.0,,1.0,,,1.0
allenai/Olmo-3-7B-Think-DPO,gain,one_sentence_reasoning,20.0,0.4,0.1,0.35,0.05,0.0,0.0,4.0,7.0,0.6666666666666666,0.0,3.0,4.0,0.8333333333333333,7.0
allenai/Olmo-3-7B-Think-DPO,gain,one_sentence_reasoning,20.0,0.8,0.2,0.7,0.1,0.0,0.0,4.0,7.0,1.0,0.1666666666666666,6.0,6.0,0.9166666666666669,12.0
allenai/Olmo-3-7B-Think-DPO,gain,one_sentence_reasoning,20.0,1.6,0.4,0.35,0.05,0.0,0.0,4.0,7.0,1.0,0.0,3.0,7.0,1.0,10.0
allenai/Olmo-3-7B-Think-DPO,gain,one_sentence_reasoning,20.0,30.0,0.3,28.8,0.3,0.0,0.0,100.0,96.0,1.0,0.5,1.0,2.0,0.75,3.0
allenai/Olmo-3-7B-Think-DPO,gain,one_sentence_reasoning,20.0,40.0,0.4,33.6,0.35,0.0,0.0,100.0,96.0,1.0,0.0,4.0,1.0,1.0,5.0
allenai/Olmo-3-7B-Think-DPO,gain,one_sentence_reasoning,20.0,3500.0,1.0,2750.0,0.55,0.0,0.0,3500.0,5000.0,,0.0,,1.0,,1.0
allenai/Olmo-3-7B-Think-DPO,gain,one_sentence_reasoning,20.0,3500.0,1.0,3500.0,0.7,0.0,0.0,3500.0,5000.0,1.0,,2.0,,,2.0
allenai/Olmo-3-7B-Think-DPO,gain,one_sentence_reasoning,20.0,3500.0,1.0,3750.0,0.75,0.0,0.0,3500.0,5000.0,,1.0,,1.0,,1.0
allenai/Olmo-3-7B-Think-DPO,gain,one_sentence_reasoning,20.0,3500.0,1.0,4250.0,0.85,0.0,0.0,3500.0,5000.0,,1.0,,1.0,,1.0
allenai/Olmo-3-7B-Think-DPO,gain,one_sentence_reasoning,100.0,0.6,0.15,0.84,0.12,0.0,0.0,4.0,7.0,1.0,,1.0,,,1.0
allenai/Olmo-3-7B-Think-DPO,gain,one_sentence_reasoning,100.0,0.8,0.2,0.7,0.1,0.0,0.0,4.0,7.0,,1.0,,1.0,,1.0
allenai/Olmo-3-7B-Think-DPO,gain,one_sentence_reasoning,100.0,29.0,0.29,32.64,0.34,0.0,0.0,100.0,96.0,,1.0,,1.0,,1.0
allenai/Olmo-3-7B-Think-DPO,gain,one_sentence_reasoning,100.0,33.0,0.33,32.64,0.34,0.0,0.0,100.0,96.0,,0.0,,1.0,,1.0
allenai/Olmo-3-7B-Think-DPO,gain,one_sentence_reasoning,100.0,3500.0,1.0,3900.0,0.78,0.0,0.0,3500.0,5000.0,0.0,,1.0,,,1.0
allenai/Olmo-3-7B-Think-DPO,loss,math_reasoning_one,20.0,-0.8,0.2,-0.7,0.1,0.0,0.0,-4.0,-7.0,0.0,1.0,1.0,3.0,0.0,4.0
allenai/Olmo-3-7B-Think-DPO,loss,math_reasoning_one,20.0,-1.6,0.4,-0.35,0.05,0.0,0.0,-4.0,-7.0,0.0,,1.0,,,1.0
allenai/Olmo-3-7B-Think-DPO,loss,math_reasoning_one,20.0,-30.0,0.3,-28.8,0.3,0.0,0.0,-100.0,-96.0,,1.0,,1.0,,1.0
allenai/Olmo-3-7B-Think-DPO,loss,math_reasoning_one,20.0,-3500.0,1.0,-2750.0,0.55,0.0,0.0,-3500.0,-5000.0,,1.0,,1.0,,1.0
allenai/Olmo-3-7B-Think-DPO,loss,math_reasoning_one,20.0,-3500.0,1.0,-3750.0,0.75,0.0,0.0,-3500.0,-5000.0,1.0,,1.0,,,1.0
allenai/Olmo-3-7B-Think-DPO,loss,no_explanation,20.0,-0.4,0.1,-0.35,0.05,0.0,0.0,-4.0,-7.0,0.0,1.0,2.0,6.0,0.0,8.0
allenai/Olmo-3-7B-Think-DPO,loss,no_explanation,20.0,-0.8,0.2,-0.7,0.1,0.0,0.0,-4.0,-7.0,0.375,0.5,8.0,6.0,0.4375,14.0
allenai/Olmo-3-7B-Think-DPO,loss,no_explanation,20.0,-1.6,0.4,-0.35,0.05,0.0,0.0,-4.0,-7.0,0.0,1.0,1.0,2.0,0.0,3.0
allenai/Olmo-3-7B-Think-DPO,loss,no_explanation,20.0,-30.0,0.3,-28.8,0.3,0.0,0.0,-100.0,-96.0,0.0,,2.0,,,2.0
allenai/Olmo-3-7B-Think-DPO,loss,no_explanation,20.0,-35.0,0.35,-33.6,0.35,0.0,0.0,-100.0,-96.0,,0.5,,2.0,,2.0
allenai/Olmo-3-7B-Think-DPO,loss,no_explanation,20.0,-40.0,0.4,-33.6,0.35,0.0,0.0,-100.0,-96.0,,1.0,,1.0,,1.0
allenai/Olmo-3-7B-Think-DPO,loss,no_explanation,20.0,-3500.0,1.0,-2750.0,0.55,0.0,0.0,-3500.0,-5000.0,0.0,1.0,3.0,1.0,0.0,4.0
allenai/Olmo-3-7B-Think-DPO,loss,no_explanation,20.0,-3500.0,1.0,-3500.0,0.7,0.0,0.0,-3500.0,-5000.0,,1.0,,1.0,,1.0
allenai/Olmo-3-7B-Think-DPO,loss,no_explanation,100.0,-0.6,0.15,-0.84,0.12,0.0,0.0,-4.0,-7.0,,0.0,,1.0,,1.0
allenai/Olmo-3-7B-Think-DPO,loss,no_explanation,100.0,-0.8,0.2,-0.7,0.1,0.0,0.0,-4.0,-7.0,1.0,,1.0,,,1.0
allenai/Olmo-3-7B-Think-DPO,loss,no_explanation,100.0,-3500.0,1.0,-3650.0,0.73,0.0,0.0,-3500.0,-5000.0,,1.0,,1.0,,1.0
allenai/Olmo-3-7B-Think-DPO,loss,one_sentence_reasoning,20.0,-0.4,0.1,-0.35,0.05,0.0,0.0,-4.0,-7.0,0.0,1.0,4.0,2.0,0.0,6.0
allenai/Olmo-3-7B-Think-DPO,loss,one_sentence_reasoning,20.0,-0.8,0.2,-0.7,0.1,0.0,0.0,-4.0,-7.0,0.2857142857142857,0.7142857142857143,7.0,7.0,0.2857142857142857,14.0
allenai/Olmo-3-7B-Think-DPO,loss,one_sentence_reasoning,20.0,-1.6,0.4,-0.35,0.05,0.0,0.0,-4.0,-7.0,0.0,1.0,3.0,1.0,0.0,4.0
allenai/Olmo-3-7B-Think-DPO,loss,one_sentence_reasoning,20.0,-30.0,0.3,-28.8,0.3,0.0,0.0,-100.0,-96.0,0.0,1.0,1.0,1.0,0.0,2.0
allenai/Olmo-3-7B-Think-DPO,loss,one_sentence_reasoning,20.0,-35.0,0.35,-33.6,0.35,0.0,0.0,-100.0,-96.0,1.0,,3.0,,,3.0
allenai/Olmo-3-7B-Think-DPO,loss,one_sentence_reasoning,20.0,-40.0,0.4,-33.6,0.35,0.0,0.0,-100.0,-96.0,,1.0,,2.0,,2.0
allenai/Olmo-3-7B-Think-DPO,loss,one_sentence_reasoning,20.0,-3500.0,1.0,-2750.0,0.55,0.0,0.0,-3500.0,-5000.0,0.0,1.0,1.0,3.0,0.0,4.0
allenai/Olmo-3-7B-Think-DPO,loss,one_sentence_reasoning,20.0,-3500.0,1.0,-3500.0,0.7,0.0,0.0,-3500.0,-5000.0,,1.0,,2.0,,2.0
allenai/Olmo-3-7B-Think-DPO,loss,one_sentence_reasoning,20.0,-3500.0,1.0,-3750.0,0.75,0.0,0.0,-3500.0,-5000.0,1.0,0.0,1.0,1.0,1.0,2.0
allenai/Olmo-3-7B-Think-DPO,loss,one_sentence_reasoning,100.0,-0.8,0.2,-0.7,0.1,0.0,0.0,-4.0,-7.0,1.0,,1.0,,,1.0
allenai/Olmo-3-7B-Think-DPO,loss,one_sentence_reasoning,100.0,-37.0,0.37,-37.44,0.39,0.0,0.0,-100.0,-96.0,,1.0,,1.0,,1.0
allenai/Olmo-3-7B-Think-DPO,loss,one_sentence_reasoning,100.0,-3500.0,1.0,-3600.0,0.72,0.0,0.0,-3500.0,-5000.0,,0.5,,2.0,,2.0
allenai/Olmo-3-7B-Think-DPO,loss,one_sentence_reasoning,100.0,-3500.0,1.0,-3650.0,0.73,0.0,0.0,-3500.0,-5000.0,,1.0,,1.0,,1.0
allenai/Olmo-3-7B-Think-DPO,loss,one_sentence_reasoning,100.0,-3500.0,1.0,-3900.0,0.78,0.0,0.0,-3500.0,-5000.0,,1.0,,1.0,,1.0
allenai/Olmo-3-7B-Think-SFT,gain,math_reasoning_one,20.0,0.4,0.1,0.35,0.05,0.0,0.0,4.0,7.0,1.0,0.0,2.0,2.0,1.0,4.0
allenai/Olmo-3-7B-Think-SFT,gain,math_reasoning_one,20.0,0.8,0.2,0.7,0.1,0.0,0.0,4.0,7.0,0.8,0.0,5.0,4.0,0.9,9.0
allenai/Olmo-3-7B-Think-SFT,gain,math_reasoning_one,20.0,1.6,0.4,0.35,0.05,0.0,0.0,4.0,7.0,,0.0,,2.0,,2.0
allenai/Olmo-3-7B-Think-SFT,gain,math_reasoning_one,20.0,30.0,0.3,28.8,0.3,0.0,0.0,100.0,96.0,1.0,0.0,2.0,2.0,1.0,4.0
allenai/Olmo-3-7B-Think-SFT,gain,math_reasoning_one,20.0,35.0,0.35,33.6,0.35,0.0,0.0,100.0,96.0,1.0,,1.0,,,1.0
allenai/Olmo-3-7B-Think-SFT,gain,math_reasoning_one,20.0,3500.0,1.0,2750.0,0.55,0.0,0.0,3500.0,5000.0,,0.0,,2.0,,2.0
allenai/Olmo-3-7B-Think-SFT,gain,math_reasoning_one,20.0,3500.0,1.0,3500.0,0.7,0.0,0.0,3500.0,5000.0,1.0,,1.0,,,1.0
allenai/Olmo-3-7B-Think-SFT,gain,math_reasoning_one,20.0,3500.0,1.0,3750.0,0.75,0.0,0.0,3500.0,5000.0,0.5,1.0,2.0,1.0,0.25,3.0
allenai/Olmo-3-7B-Think-SFT,gain,math_reasoning_one,20.0,3500.0,1.0,4250.0,0.85,0.0,0.0,3500.0,5000.0,0.0,0.0,1.0,1.0,0.5,2.0
allenai/Olmo-3-7B-Think-SFT,gain,math_reasoning_one,100.0,3500.0,1.0,3750.0,0.75,0.0,0.0,3500.0,5000.0,,0.0,,1.0,,1.0
allenai/Olmo-3-7B-Think-SFT,gain,no_explanation,20.0,0.4,0.1,0.35,0.05,0.0,0.0,4.0,7.0,0.8,0.0,5.0,4.0,0.9,9.0
allenai/Olmo-3-7B-Think-SFT,gain,no_explanation,20.0,0.8,0.2,0.7,0.1,0.0,0.0,4.0,7.0,0.8,0.4444444444444444,10.0,9.0,0.6777777777777778,19.0
allenai/Olmo-3-7B-Think-SFT,gain,no_explanation,20.0,1.6,0.4,0.35,0.05,0.0,0.0,4.0,7.0,1.0,0.0,3.0,6.0,1.0,9.0
allenai/Olmo-3-7B-Think-SFT,gain,no_explanation,20.0,30.0,0.3,28.8,0.3,0.0,0.0,100.0,96.0,1.0,,1.0,,,1.0
allenai/Olmo-3-7B-Think-SFT,gain,no_explanation,20.0,35.0,0.35,33.6,0.35,0.0,0.0,100.0,96.0,1.0,0.0,1.0,1.0,1.0,2.0
allenai/Olmo-3-7B-Think-SFT,gain,no_explanation,20.0,35.0,0.35,38.4,0.4,0.0,0.0,100.0,96.0,0.0,,2.0,,,2.0
allenai/Olmo-3-7B-Think-SFT,gain,no_explanation,20.0,40.0,0.4,33.6,0.35,0.0,0.0,100.0,96.0,,0.0,,2.0,,2.0
allenai/Olmo-3-7B-Think-SFT,gain,no_explanation,20.0,3500.0,1.0,2750.0,0.55,0.0,0.0,3500.0,5000.0,1.0,0.0,1.0,2.0,1.0,3.0
allenai/Olmo-3-7B-Think-SFT,gain,no_explanation,20.0,3500.0,1.0,3750.0,0.75,0.0,0.0,3500.0,5000.0,0.0,0.0,1.0,1.0,0.5,2.0
allenai/Olmo-3-7B-Think-SFT,gain,no_explanation,20.0,3500.0,1.0,4250.0,0.85,0.0,0.0,3500.0,5000.0,0.0,1.0,1.0,2.0,0.0,3.0
allenai/Olmo-3-7B-Think-SFT,gain,no_explanation,100.0,0.88,0.22,0.56,0.08,0.0,0.0,4.0,7.0,,1.0,,1.0,,1.0
allenai/Olmo-3-7B-Think-SFT,gain,no_explanation,100.0,29.0,0.29,32.64,0.34,0.0,0.0,100.0,96.0,1.0,,1.0,,,1.0
allenai/Olmo-3-7B-Think-SFT,gain,no_explanation,100.0,33.0,0.33,32.64,0.34,0.0,0.0,100.0,96.0,1.0,,1.0,,,1.0
allenai/Olmo-3-7B-Think-SFT,gain,no_explanation,100.0,37.0,0.37,37.44,0.39,0.0,0.0,100.0,96.0,0.0,,1.0,,,1.0
allenai/Olmo-3-7B-Think-SFT,gain,no_explanation,100.0,39.0,0.39,30.72,0.32,0.0,0.0,100.0,96.0,,1.0,,1.0,,1.0
allenai/Olmo-3-7B-Think-SFT,gain,no_explanation,100.0,3500.0,1.0,3750.0,0.75,0.0,0.0,3500.0,5000.0,1.0,,1.0,,,1.0
allenai/Olmo-3-7B-Think-SFT,gain,one_sentence_reasoning,20.0,0.4,0.1,0.35,0.05,0.0,0.0,4.0,7.0,0.5,0.3333333333333333,4.0,3.0,0.5833333333333334,7.0
allenai/Olmo-3-7B-Think-SFT,gain,one_sentence_reasoning,20.0,0.8,0.2,0.7,0.1,0.0,0.0,4.0,7.0,0.375,0.0,8.0,9.0,0.6875,17.0
allenai/Olmo-3-7B-Think-SFT,gain,one_sentence_reasoning,20.0,1.6,0.4,0.35,0.05,0.0,0.0,4.0,7.0,1.0,0.0,6.0,3.0,1.0,9.0
allenai/Olmo-3-7B-Think-SFT,gain,one_sentence_reasoning,20.0,30.0,0.3,28.8,0.3,0.0,0.0,100.0,96.0,1.0,0.0,3.0,1.0,1.0,4.0
allenai/Olmo-3-7B-Think-SFT,gain,one_sentence_reasoning,20.0,35.0,0.35,33.6,0.35,0.0,0.0,100.0,96.0,,1.0,,1.0,,1.0
allenai/Olmo-3-7B-Think-SFT,gain,one_sentence_reasoning,20.0,35.0,0.35,38.4,0.4,0.0,0.0,100.0,96.0,1.0,,1.0,,,1.0
allenai/Olmo-3-7B-Think-SFT,gain,one_sentence_reasoning,20.0,40.0,0.4,33.6,0.35,0.0,0.0,100.0,96.0,1.0,0.0,1.0,2.0,1.0,3.0
allenai/Olmo-3-7B-Think-SFT,gain,one_sentence_reasoning,20.0,3500.0,1.0,2750.0,0.55,0.0,0.0,3500.0,5000.0,1.0,0.0,2.0,1.0,1.0,3.0
allenai/Olmo-3-7B-Think-SFT,gain,one_sentence_reasoning,20.0,3500.0,1.0,3500.0,0.7,0.0,0.0,3500.0,5000.0,0.5,,2.0,,,2.0
allenai/Olmo-3-7B-Think-SFT,gain,one_sentence_reasoning,20.0,3500.0,1.0,3750.0,0.75,0.0,0.0,3500.0,5000.0,0.3333333333333333,0.0,3.0,2.0,0.6666666666666666,5.0
allenai/Olmo-3-7B-Think-SFT,gain,one_sentence_reasoning,20.0,3500.0,1.0,4250.0,0.85,0.0,0.0,3500.0,5000.0,0.0,0.6666666666666666,3.0,3.0,0.1666666666666666,6.0
allenai/Olmo-3-7B-Think-SFT,gain,one_sentence_reasoning,100.0,0.6,0.15,0.84,0.12,0.0,0.0,4.0,7.0,,1.0,,3.0,,3.0
allenai/Olmo-3-7B-Think-SFT,gain,one_sentence_reasoning,100.0,0.8,0.2,0.7,0.1,0.0,0.0,4.0,7.0,,0.0,,1.0,,1.0
allenai/Olmo-3-7B-Think-SFT,gain,one_sentence_reasoning,100.0,0.88,0.22,0.56,0.08,0.0,0.0,4.0,7.0,,1.0,,1.0,,1.0
allenai/Olmo-3-7B-Think-SFT,gain,one_sentence_reasoning,100.0,0.96,0.24,0.77,0.11,0.0,0.0,4.0,7.0,0.0,,1.0,,,1.0
allenai/Olmo-3-7B-Think-SFT,gain,one_sentence_reasoning,100.0,29.0,0.29,32.64,0.34,0.0,0.0,100.0,96.0,1.0,0.0,2.0,1.0,1.0,3.0
allenai/Olmo-3-7B-Think-SFT,gain,one_sentence_reasoning,100.0,33.0,0.33,32.64,0.34,0.0,0.0,100.0,96.0,1.0,,3.0,,,3.0
allenai/Olmo-3-7B-Think-SFT,gain,one_sentence_reasoning,100.0,37.0,0.37,37.44,0.39,0.0,0.0,100.0,96.0,1.0,,1.0,,,1.0
allenai/Olmo-3-7B-Think-SFT,gain,one_sentence_reasoning,100.0,39.0,0.39,30.72,0.32,0.0,0.0,100.0,96.0,1.0,0.0,3.0,1.0,1.0,4.0
allenai/Olmo-3-7B-Think-SFT,gain,one_sentence_reasoning,100.0,3500.0,1.0,3600.0,0.72,0.0,0.0,3500.0,5000.0,0.0,0.0,1.0,2.0,0.5,3.0
allenai/Olmo-3-7B-Think-SFT,gain,one_sentence_reasoning,100.0,3500.0,1.0,3750.0,0.75,0.0,0.0,3500.0,5000.0,0.0,0.0,1.0,2.0,0.5,3.0
allenai/Olmo-3-7B-Think-SFT,gain,one_sentence_reasoning,100.0,3500.0,1.0,3900.0,0.78,0.0,0.0,3500.0,5000.0,0.0,0.0,1.0,2.0,0.5,3.0
allenai/Olmo-3-7B-Think-SFT,loss,math_reasoning_one,20.0,-0.4,0.1,-0.35,0.05,0.0,0.0,-4.0,-7.0,0.0,1.0,3.0,2.0,0.0,5.0
allenai/Olmo-3-7B-Think-SFT,loss,math_reasoning_one,20.0,-0.8,0.2,-0.7,0.1,0.0,0.0,-4.0,-7.0,0.0,1.0,6.0,1.0,0.0,7.0
allenai/Olmo-3-7B-Think-SFT,loss,math_reasoning_one,20.0,-1.6,0.4,-0.35,0.05,0.0,0.0,-4.0,-7.0,0.0,1.0,1.0,1.0,0.0,2.0
allenai/Olmo-3-7B-Think-SFT,loss,math_reasoning_one,20.0,-30.0,0.3,-28.8,0.3,0.0,0.0,-100.0,-96.0,0.0,1.0,1.0,1.0,0.0,2.0
allenai/Olmo-3-7B-Think-SFT,loss,math_reasoning_one,20.0,-40.0,0.4,-33.6,0.35,0.0,0.0,-100.0,-96.0,,1.0,,2.0,,2.0
allenai/Olmo-3-7B-Think-SFT,loss,math_reasoning_one,20.0,-3500.0,1.0,-2750.0,0.55,0.0,0.0,-3500.0,-5000.0,1.0,1.0,1.0,1.0,0.5,2.0
allenai/Olmo-3-7B-Think-SFT,loss,no_explanation,20.0,-0.4,0.1,-0.35,0.05,0.0,0.0,-4.0,-7.0,0.0,0.6666666666666666,6.0,3.0,0.1666666666666666,9.0
allenai/Olmo-3-7B-Think-SFT,loss,no_explanation,20.0,-0.8,0.2,-0.7,0.1,0.0,0.0,-4.0,-7.0,0.6666666666666666,1.0,3.0,5.0,0.3333333333333333,8.0
allenai/Olmo-3-7B-Think-SFT,loss,no_explanation,20.0,-1.6,0.4,-0.35,0.05,0.0,0.0,-4.0,-7.0,0.0,1.0,2.0,3.0,0.0,5.0
allenai/Olmo-3-7B-Think-SFT,loss,no_explanation,20.0,-30.0,0.3,-28.8,0.3,0.0,0.0,-100.0,-96.0,0.0,1.0,1.0,1.0,0.0,2.0
allenai/Olmo-3-7B-Think-SFT,loss,no_explanation,20.0,-35.0,0.35,-38.4,0.4,0.0,0.0,-100.0,-96.0,,1.0,,1.0,,1.0
allenai/Olmo-3-7B-Think-SFT,loss,no_explanation,20.0,-40.0,0.4,-33.6,0.35,0.0,0.0,-100.0,-96.0,,1.0,,1.0,,1.0
allenai/Olmo-3-7B-Think-SFT,loss,no_explanation,20.0,-3500.0,1.0,-2750.0,0.55,0.0,0.0,-3500.0,-5000.0,0.0,1.0,3.0,3.0,0.0,6.0
allenai/Olmo-3-7B-Think-SFT,loss,no_explanation,20.0,-3500.0,1.0,-3500.0,0.7,0.0,0.0,-3500.0,-5000.0,1.0,0.5,1.0,2.0,0.75,3.0
allenai/Olmo-3-7B-Think-SFT,loss,no_explanation,20.0,-3500.0,1.0,-3750.0,0.75,0.0,0.0,-3500.0,-5000.0,1.0,,2.0,,,2.0
allenai/Olmo-3-7B-Think-SFT,loss,no_explanation,20.0,-3500.0,1.0,-4250.0,0.85,0.0,0.0,-3500.0,-5000.0,1.0,0.3333333333333333,1.0,3.0,0.8333333333333334,4.0
allenai/Olmo-3-7B-Think-SFT,loss,no_explanation,100.0,-33.0,0.33,-32.64,0.34,0.0,0.0,-100.0,-96.0,,1.0,,1.0,,1.0
allenai/Olmo-3-7B-Think-SFT,loss,no_explanation,100.0,-39.0,0.39,-30.72,0.32,0.0,0.0,-100.0,-96.0,,1.0,,1.0,,1.0
allenai/Olmo-3-7B-Think-SFT,loss,no_explanation,100.0,-3500.0,1.0,-3750.0,0.75,0.0,0.0,-3500.0,-5000.0,0.0,1.0,1.0,1.0,0.0,2.0
allenai/Olmo-3-7B-Think-SFT,loss,one_sentence_reasoning,20.0,-0.4,0.1,-0.35,0.05,0.0,0.0,-4.0,-7.0,0.0,1.0,4.0,4.0,0.0,8.0
allenai/Olmo-3-7B-Think-SFT,loss,one_sentence_reasoning,20.0,-0.8,0.2,-0.7,0.1,0.0,0.0,-4.0,-7.0,0.2857142857142857,0.5714285714285714,7.0,7.0,0.3571428571428571,14.0
allenai/Olmo-3-7B-Think-SFT,loss,one_sentence_reasoning,20.0,-1.6,0.4,-0.35,0.05,0.0,0.0,-4.0,-7.0,0.0,1.0,1.0,2.0,0.0,3.0
allenai/Olmo-3-7B-Think-SFT,loss,one_sentence_reasoning,20.0,-30.0,0.3,-28.8,0.3,0.0,0.0,-100.0,-96.0,0.0,1.0,1.0,1.0,0.0,2.0
allenai/Olmo-3-7B-Think-SFT,loss,one_sentence_reasoning,20.0,-35.0,0.35,-33.6,0.35,0.0,0.0,-100.0,-96.0,0.0,,2.0,,,2.0
allenai/Olmo-3-7B-Think-SFT,loss,one_sentence_reasoning,20.0,-35.0,0.35,-38.4,0.4,0.0,0.0,-100.0,-96.0,0.75,,4.0,,,4.0
allenai/Olmo-3-7B-Think-SFT,loss,one_sentence_reasoning,20.0,-40.0,0.4,-33.6,0.35,0.0,0.0,-100.0,-96.0,,1.0,,3.0,,3.0
allenai/Olmo-3-7B-Think-SFT,loss,one_sentence_reasoning,20.0,-3500.0,1.0,-2750.0,0.55,0.0,0.0,-3500.0,-5000.0,,1.0,,5.0,,5.0
allenai/Olmo-3-7B-Think-SFT,loss,one_sentence_reasoning,20.0,-3500.0,1.0,-3500.0,0.7,0.0,0.0,-3500.0,-5000.0,,1.0,,1.0,,1.0
allenai/Olmo-3-7B-Think-SFT,loss,one_sentence_reasoning,20.0,-3500.0,1.0,-3750.0,0.75,0.0,0.0,-3500.0,-5000.0,0.0,0.5,1.0,2.0,0.25,3.0
allenai/Olmo-3-7B-Think-SFT,loss,one_sentence_reasoning,20.0,-3500.0,1.0,-4250.0,0.85,0.0,0.0,-3500.0,-5000.0,0.5,,2.0,,,2.0
allenai/Olmo-3-7B-Think-SFT,loss,one_sentence_reasoning,100.0,-0.8,0.2,-0.7,0.1,0.0,0.0,-4.0,-7.0,1.0,,1.0,,,1.0
allenai/Olmo-3-7B-Think-SFT,loss,one_sentence_reasoning,100.0,-0.88,0.22,-0.56,0.08,0.0,0.0,-4.0,-7.0,0.0,,1.0,,,1.0
allenai/Olmo-3-7B-Think-SFT,loss,one_sentence_reasoning,100.0,-0.96,0.24,-0.77,0.11,0.0,0.0,-4.0,-7.0,0.0,,1.0,,,1.0
allenai/Olmo-3-7B-Think-SFT,loss,one_sentence_reasoning,100.0,-29.0,0.29,-32.64,0.34,0.0,0.0,-100.0,-96.0,0.0,1.0,2.0,2.0,0.0,4.0
allenai/Olmo-3-7B-Think-SFT,loss,one_sentence_reasoning,100.0,-33.0,0.33,-32.64,0.34,0.0,0.0,-100.0,-96.0,0.0,,1.0,,,1.0
allenai/Olmo-3-7B-Think-SFT,loss,one_sentence_reasoning,100.0,-37.0,0.37,-37.44,0.39,0.0,0.0,-100.0,-96.0,0.0,1.0,1.0,1.0,0.0,2.0
allenai/Olmo-3-7B-Think-SFT,loss,one_sentence_reasoning,100.0,-39.0,0.39,-30.72,0.32,0.0,0.0,-100.0,-96.0,0.0,,1.0,,,1.0
allenai/Olmo-3-7B-Think-SFT,loss,one_sentence_reasoning,100.0,-3500.0,1.0,-3600.0,0.72,0.0,0.0,-3500.0,-5000.0,1.0,0.5,1.0,2.0,0.75,3.0
allenai/Olmo-3-7B-Think-SFT,loss,one_sentence_reasoning,100.0,-3500.0,1.0,-3650.0,0.73,0.0,0.0,-3500.0,-5000.0,0.6666666666666666,0.5,3.0,2.0,0.5833333333333333,5.0
allenai/Olmo-3-7B-Think-SFT,loss,one_sentence_reasoning,100.0,-3500.0,1.0,-3750.0,0.75,0.0,0.0,-3500.0,-5000.0,1.0,,1.0,,,1.0
allenai/Olmo-3-7B-Think-SFT,loss,one_sentence_reasoning,100.0,-3500.0,1.0,-3900.0,0.78,0.0,0.0,-3500.0,-5000.0,0.5,0.0,2.0,2.0,0.75,4.0
meta-llama/Llama-3.2-3B-Instruct,gain,math_reasoning_one,20.0,0.4,0.1,0.35,0.05,0.0,0.0,4.0,7.0,0.0,0.0,8.0,10.0,0.5,18.0
meta-llama/Llama-3.2-3B-Instruct,gain,math_reasoning_one,20.0,0.8,0.2,0.7,0.1,0.0,0.0,4.0,7.0,0.0,0.0,18.0,19.0,0.5,37.0
meta-llama/Llama-3.2-3B-Instruct,gain,math_reasoning_one,20.0,1.6,0.4,0.35,0.05,0.0,0.0,4.0,7.0,0.0,0.0,9.0,10.0,0.5,19.0
meta-llama/Llama-3.2-3B-Instruct,gain,math_reasoning_one,20.0,30.0,0.3,28.8,0.3,0.0,0.0,100.0,96.0,0.1,0.0,10.0,9.0,0.55,19.0
meta-llama/Llama-3.2-3B-Instruct,gain,math_reasoning_one,20.0,35.0,0.35,33.6,0.35,0.0,0.0,100.0,96.0,0.0,0.0,10.0,8.0,0.5,18.0
meta-llama/Llama-3.2-3B-Instruct,gain,math_reasoning_one,20.0,35.0,0.35,38.4,0.4,0.0,0.0,100.0,96.0,0.0,0.0,9.0,9.0,0.5,18.0
meta-llama/Llama-3.2-3B-Instruct,gain,math_reasoning_one,20.0,40.0,0.4,33.6,0.35,0.0,0.0,100.0,96.0,0.0,0.2,10.0,10.0,0.4,20.0
meta-llama/Llama-3.2-3B-Instruct,gain,math_reasoning_one,20.0,3500.0,1.0,2750.0,0.55,0.0,0.0,3500.0,5000.0,0.1111111111111111,0.0,9.0,10.0,0.5555555555555556,19.0
meta-llama/Llama-3.2-3B-Instruct,gain,math_reasoning_one,20.0,3500.0,1.0,3500.0,0.7,0.0,0.0,3500.0,5000.0,0.0,0.0,9.0,10.0,0.5,19.0
meta-llama/Llama-3.2-3B-Instruct,gain,math_reasoning_one,20.0,3500.0,1.0,3750.0,0.75,0.0,0.0,3500.0,5000.0,0.0,0.0,9.0,8.0,0.5,17.0
meta-llama/Llama-3.2-3B-Instruct,gain,math_reasoning_one,20.0,3500.0,1.0,4250.0,0.85,0.0,0.0,3500.0,5000.0,0.0,0.0,10.0,9.0,0.5,19.0
meta-llama/Llama-3.2-3B-Instruct,gain,math_reasoning_one,100.0,0.6,0.15,0.84,0.12,0.0,0.0,4.0,7.0,0.0,0.0,6.0,9.0,0.5,15.0
meta-llama/Llama-3.2-3B-Instruct,gain,math_reasoning_one,100.0,0.8,0.2,0.7,0.1,0.0,0.0,4.0,7.0,0.0,0.0,10.0,8.0,0.5,18.0
meta-llama/Llama-3.2-3B-Instruct,gain,math_reasoning_one,100.0,0.88,0.22,0.56,0.08,0.0,0.0,4.0,7.0,0.1666666666666666,0.0,6.0,6.0,0.5833333333333334,12.0
meta-llama/Llama-3.2-3B-Instruct,gain,math_reasoning_one,100.0,0.96,0.24,0.77,0.11,0.0,0.0,4.0,7.0,0.1111111111111111,0.0,9.0,10.0,0.5555555555555556,19.0
meta-llama/Llama-3.2-3B-Instruct,gain,math_reasoning_one,100.0,29.0,0.29,32.64,0.34,0.0,0.0,100.0,96.0,0.0,0.125,10.0,8.0,0.4375,18.0
meta-llama/Llama-3.2-3B-Instruct,gain,math_reasoning_one,100.0,33.0,0.33,32.64,0.34,0.0,0.0,100.0,96.0,0.1111111111111111,0.0,9.0,7.0,0.5555555555555556,16.0
meta-llama/Llama-3.2-3B-Instruct,gain,math_reasoning_one,100.0,37.0,0.37,37.44,0.39,0.0,0.0,100.0,96.0,0.0,0.0,8.0,7.0,0.5,15.0
meta-llama/Llama-3.2-3B-Instruct,gain,math_reasoning_one,100.0,39.0,0.39,30.72,0.32,0.0,0.0,100.0,96.0,0.0,0.0,8.0,10.0,0.5,18.0
meta-llama/Llama-3.2-3B-Instruct,gain,math_reasoning_one,100.0,3500.0,1.0,3600.0,0.72,0.0,0.0,3500.0,5000.0,0.0,0.0,9.0,10.0,0.5,19.0
meta-llama/Llama-3.2-3B-Instruct,gain,math_reasoning_one,100.0,3500.0,1.0,3650.0,0.73,0.0,0.0,3500.0,5000.0,0.0,0.0,9.0,9.0,0.5,18.0
meta-llama/Llama-3.2-3B-Instruct,gain,math_reasoning_one,100.0,3500.0,1.0,3750.0,0.75,0.0,0.0,3500.0,5000.0,0.0,0.0,9.0,9.0,0.5,18.0
meta-llama/Llama-3.2-3B-Instruct,gain,math_reasoning_one,100.0,3500.0,1.0,3900.0,0.78,0.0,0.0,3500.0,5000.0,0.0,0.0,10.0,9.0,0.5,19.0
meta-llama/Llama-3.2-3B-Instruct,gain,no_explanation,20.0,0.4,0.1,0.35,0.05,0.0,0.0,4.0,7.0,0.0,0.0,10.0,10.0,0.5,20.0
meta-llama/Llama-3.2-3B-Instruct,gain,no_explanation,20.0,0.8,0.2,0.7,0.1,0.0,0.0,4.0,7.0,0.0,0.0,20.0,20.0,0.5,40.0
meta-llama/Llama-3.2-3B-Instruct,gain,no_explanation,20.0,1.6,0.4,0.35,0.05,0.0,0.0,4.0,7.0,0.0,0.0,10.0,10.0,0.5,20.0
meta-llama/Llama-3.2-3B-Instruct,gain,no_explanation,20.0,30.0,0.3,28.8,0.3,0.0,0.0,100.0,96.0,0.0,0.0,10.0,10.0,0.5,20.0
meta-llama/Llama-3.2-3B-Instruct,gain,no_explanation,20.0,35.0,0.35,33.6,0.35,0.0,0.0,100.0,96.0,0.0,0.0,10.0,10.0,0.5,20.0
meta-llama/Llama-3.2-3B-Instruct,gain,no_explanation,20.0,35.0,0.35,38.4,0.4,0.0,0.0,100.0,96.0,0.0,0.0,10.0,10.0,0.5,20.0
meta-llama/Llama-3.2-3B-Instruct,gain,no_explanation,20.0,40.0,0.4,33.6,0.35,0.0,0.0,100.0,96.0,0.0,0.0,10.0,10.0,0.5,20.0
meta-llama/Llama-3.2-3B-Instruct,gain,no_explanation,20.0,3500.0,1.0,2750.0,0.55,0.0,0.0,3500.0,5000.0,0.0,0.0,10.0,10.0,0.5,20.0
meta-llama/Llama-3.2-3B-Instruct,gain,no_explanation,20.0,3500.0,1.0,3500.0,0.7,0.0,0.0,3500.0,5000.0,0.0,0.0,10.0,10.0,0.5,20.0
meta-llama/Llama-3.2-3B-Instruct,gain,no_explanation,20.0,3500.0,1.0,3750.0,0.75,0.0,0.0,3500.0,5000.0,0.0,0.0,10.0,10.0,0.5,20.0
meta-llama/Llama-3.2-3B-Instruct,gain,no_explanation,20.0,3500.0,1.0,4250.0,0.85,0.0,0.0,3500.0,5000.0,0.0,0.0,10.0,10.0,0.5,20.0
meta-llama/Llama-3.2-3B-Instruct,gain,no_explanation,100.0,0.6,0.15,0.84,0.12,0.0,0.0,4.0,7.0,0.0,0.0,10.0,10.0,0.5,20.0
meta-llama/Llama-3.2-3B-Instruct,gain,no_explanation,100.0,0.8,0.2,0.7,0.1,0.0,0.0,4.0,7.0,0.0,0.0,10.0,10.0,0.5,20.0
meta-llama/Llama-3.2-3B-Instruct,gain,no_explanation,100.0,0.88,0.22,0.56,0.08,0.0,0.0,4.0,7.0,0.0,0.0,10.0,10.0,0.5,20.0
meta-llama/Llama-3.2-3B-Instruct,gain,no_explanation,100.0,0.96,0.24,0.77,0.11,0.0,0.0,4.0,7.0,0.0,0.0,10.0,10.0,0.5,20.0
meta-llama/Llama-3.2-3B-Instruct,gain,no_explanation,100.0,29.0,0.29,32.64,0.34,0.0,0.0,100.0,96.0,0.0,0.0,10.0,10.0,0.5,20.0
meta-llama/Llama-3.2-3B-Instruct,gain,no_explanation,100.0,33.0,0.33,32.64,0.34,0.0,0.0,100.0,96.0,0.0,0.0,10.0,10.0,0.5,20.0
meta-llama/Llama-3.2-3B-Instruct,gain,no_explanation,100.0,37.0,0.37,37.44,0.39,0.0,0.0,100.0,96.0,0.0,0.0,10.0,10.0,0.5,20.0
meta-llama/Llama-3.2-3B-Instruct,gain,no_explanation,100.0,39.0,0.39,30.72,0.32,0.0,0.0,100.0,96.0,0.0,0.0,10.0,10.0,0.5,20.0
meta-llama/Llama-3.2-3B-Instruct,gain,no_explanation,100.0,3500.0,1.0,3600.0,0.72,0.0,0.0,3500.0,5000.0,0.0,0.0,10.0,10.0,0.5,20.0
meta-llama/Llama-3.2-3B-Instruct,gain,no_explanation,100.0,3500.0,1.0,3650.0,0.73,0.0,0.0,3500.0,5000.0,0.0,0.0,10.0,10.0,0.5,20.0
meta-llama/Llama-3.2-3B-Instruct,gain,no_explanation,100.0,3500.0,1.0,3750.0,0.75,0.0,0.0,3500.0,5000.0,0.0,0.0,10.0,10.0,0.5,20.0
meta-llama/Llama-3.2-3B-Instruct,gain,no_explanation,100.0,3500.0,1.0,3900.0,0.78,0.0,0.0,3500.0,5000.0,0.0,0.0,10.0,10.0,0.5,20.0
meta-llama/Llama-3.2-3B-Instruct,gain,one_sentence_reasoning,20.0,0.4,0.1,0.35,0.05,0.0,0.0,4.0,7.0,0.0,0.0,10.0,10.0,0.5,20.0
meta-llama/Llama-3.2-3B-Instruct,gain,one_sentence_reasoning,20.0,0.8,0.2,0.7,0.1,0.0,0.0,4.0,7.0,0.0,0.0,20.0,20.0,0.5,40.0
meta-llama/Llama-3.2-3B-Instruct,gain,one_sentence_reasoning,20.0,1.6,0.4,0.35,0.05,0.0,0.0,4.0,7.0,0.0,0.0,10.0,10.0,0.5,20.0
meta-llama/Llama-3.2-3B-Instruct,gain,one_sentence_reasoning,20.0,30.0,0.3,28.8,0.3,0.0,0.0,100.0,96.0,0.0,0.0,10.0,10.0,0.5,20.0
meta-llama/Llama-3.2-3B-Instruct,gain,one_sentence_reasoning,20.0,35.0,0.35,33.6,0.35,0.0,0.0,100.0,96.0,0.0,0.0,10.0,10.0,0.5,20.0
meta-llama/Llama-3.2-3B-Instruct,gain,one_sentence_reasoning,20.0,35.0,0.35,38.4,0.4,0.0,0.0,100.0,96.0,0.0,0.0,10.0,10.0,0.5,20.0
meta-llama/Llama-3.2-3B-Instruct,gain,one_sentence_reasoning,20.0,40.0,0.4,33.6,0.35,0.0,0.0,100.0,96.0,0.0,0.0,10.0,10.0,0.5,20.0
meta-llama/Llama-3.2-3B-Instruct,gain,one_sentence_reasoning,20.0,3500.0,1.0,2750.0,0.55,0.0,0.0,3500.0,5000.0,0.0,0.0,10.0,10.0,0.5,20.0
meta-llama/Llama-3.2-3B-Instruct,gain,one_sentence_reasoning,20.0,3500.0,1.0,3500.0,0.7,0.0,0.0,3500.0,5000.0,0.0,0.0,10.0,10.0,0.5,20.0
meta-llama/Llama-3.2-3B-Instruct,gain,one_sentence_reasoning,20.0,3500.0,1.0,3750.0,0.75,0.0,0.0,3500.0,5000.0,0.0,0.0,10.0,10.0,0.5,20.0
meta-llama/Llama-3.2-3B-Instruct,gain,one_sentence_reasoning,20.0,3500.0,1.0,4250.0,0.85,0.0,0.0,3500.0,5000.0,0.0,0.0,10.0,10.0,0.5,20.0
meta-llama/Llama-3.2-3B-Instruct,gain,one_sentence_reasoning,100.0,0.6,0.15,0.84,0.12,0.0,0.0,4.0,7.0,0.0,0.0,10.0,10.0,0.5,20.0
meta-llama/Llama-3.2-3B-Instruct,gain,one_sentence_reasoning,100.0,0.8,0.2,0.7,0.1,0.0,0.0,4.0,7.0,0.0,0.0,10.0,10.0,0.5,20.0
meta-llama/Llama-3.2-3B-Instruct,gain,one_sentence_reasoning,100.0,0.88,0.22,0.56,0.08,0.0,0.0,4.0,7.0,0.0,0.0,10.0,10.0,0.5,20.0
meta-llama/Llama-3.2-3B-Instruct,gain,one_sentence_reasoning,100.0,0.96,0.24,0.77,0.11,0.0,0.0,4.0,7.0,0.0,0.0,10.0,10.0,0.5,20.0
meta-llama/Llama-3.2-3B-Instruct,gain,one_sentence_reasoning,100.0,29.0,0.29,32.64,0.34,0.0,0.0,100.0,96.0,0.0,0.0,10.0,10.0,0.5,20.0
meta-llama/Llama-3.2-3B-Instruct,gain,one_sentence_reasoning,100.0,33.0,0.33,32.64,0.34,0.0,0.0,100.0,96.0,0.0,0.0,10.0,10.0,0.5,20.0
meta-llama/Llama-3.2-3B-Instruct,gain,one_sentence_reasoning,100.0,37.0,0.37,37.44,0.39,0.0,0.0,100.0,96.0,0.0,0.0,10.0,10.0,0.5,20.0
meta-llama/Llama-3.2-3B-Instruct,gain,one_sentence_reasoning,100.0,39.0,0.39,30.72,0.32,0.0,0.0,100.0,96.0,0.0,0.0,10.0,10.0,0.5,20.0
meta-llama/Llama-3.2-3B-Instruct,gain,one_sentence_reasoning,100.0,3500.0,1.0,3600.0,0.72,0.0,0.0,3500.0,5000.0,0.0,0.0,10.0,10.0,0.5,20.0
meta-llama/Llama-3.2-3B-Instruct,gain,one_sentence_reasoning,100.0,3500.0,1.0,3650.0,0.73,0.0,0.0,3500.0,5000.0,0.0,0.0,10.0,10.0,0.5,20.0
meta-llama/Llama-3.2-3B-Instruct,gain,one_sentence_reasoning,100.0,3500.0,1.0,3750.0,0.75,0.0,0.0,3500.0,5000.0,0.0,0.0,10.0,10.0,0.5,20.0
meta-llama/Llama-3.2-3B-Instruct,gain,one_sentence_reasoning,100.0,3500.0,1.0,3900.0,0.78,0.0,0.0,3500.0,5000.0,0.0,0.0,10.0,10.0,0.5,20.0
meta-llama/Llama-3.2-3B-Instruct,loss,math_reasoning_one,20.0,-0.4,0.1,-0.35,0.05,0.0,0.0,-4.0,-7.0,0.0,0.0,10.0,8.0,0.5,18.0
meta-llama/Llama-3.2-3B-Instruct,loss,math_reasoning_one,20.0,-0.8,0.2,-0.7,0.1,0.0,0.0,-4.0,-7.0,0.05,0.0555555555555555,20.0,18.0,0.4972222222222222,38.0
meta-llama/Llama-3.2-3B-Instruct,loss,math_reasoning_one,20.0,-1.6,0.4,-0.35,0.05,0.0,0.0,-4.0,-7.0,0.0,0.0,8.0,7.0,0.5,15.0
meta-llama/Llama-3.2-3B-Instruct,loss,math_reasoning_one,20.0,-30.0,0.3,-28.8,0.3,0.0,0.0,-100.0,-96.0,0.0,0.0,10.0,9.0,0.5,19.0
meta-llama/Llama-3.2-3B-Instruct,loss,math_reasoning_one,20.0,-35.0,0.35,-33.6,0.35,0.0,0.0,-100.0,-96.0,0.0,0.0,10.0,7.0,0.5,17.0
meta-llama/Llama-3.2-3B-Instruct,loss,math_reasoning_one,20.0,-35.0,0.35,-38.4,0.4,0.0,0.0,-100.0,-96.0,0.0,0.1,10.0,10.0,0.45,20.0
meta-llama/Llama-3.2-3B-Instruct,loss,math_reasoning_one,20.0,-40.0,0.4,-33.6,0.35,0.0,0.0,-100.0,-96.0,0.0,0.0,10.0,9.0,0.5,19.0
meta-llama/Llama-3.2-3B-Instruct,loss,math_reasoning_one,20.0,-3500.0,1.0,-2750.0,0.55,0.0,0.0,-3500.0,-5000.0,0.0,0.0,10.0,8.0,0.5,18.0
meta-llama/Llama-3.2-3B-Instruct,loss,math_reasoning_one,20.0,-3500.0,1.0,-3500.0,0.7,0.0,0.0,-3500.0,-5000.0,0.0,0.0,8.0,9.0,0.5,17.0
meta-llama/Llama-3.2-3B-Instruct,loss,math_reasoning_one,20.0,-3500.0,1.0,-3750.0,0.75,0.0,0.0,-3500.0,-5000.0,0.0,0.0,8.0,9.0,0.5,17.0
meta-llama/Llama-3.2-3B-Instruct,loss,math_reasoning_one,20.0,-3500.0,1.0,-4250.0,0.85,0.0,0.0,-3500.0,-5000.0,0.0,0.0,9.0,10.0,0.5,19.0
meta-llama/Llama-3.2-3B-Instruct,loss,math_reasoning_one,100.0,-0.6,0.15,-0.84,0.12,0.0,0.0,-4.0,-7.0,0.0,0.0,8.0,7.0,0.5,15.0
meta-llama/Llama-3.2-3B-Instruct,loss,math_reasoning_one,100.0,-0.8,0.2,-0.7,0.1,0.0,0.0,-4.0,-7.0,0.0,0.0,8.0,7.0,0.5,15.0
meta-llama/Llama-3.2-3B-Instruct,loss,math_reasoning_one,100.0,-0.88,0.22,-0.56,0.08,0.0,0.0,-4.0,-7.0,0.0,0.0,7.0,8.0,0.5,15.0
meta-llama/Llama-3.2-3B-Instruct,loss,math_reasoning_one,100.0,-0.96,0.24,-0.77,0.11,0.0,0.0,-4.0,-7.0,0.0,0.0,9.0,8.0,0.5,17.0
meta-llama/Llama-3.2-3B-Instruct,loss,math_reasoning_one,100.0,-29.0,0.29,-32.64,0.34,0.0,0.0,-100.0,-96.0,0.0,0.0,9.0,8.0,0.5,17.0
meta-llama/Llama-3.2-3B-Instruct,loss,math_reasoning_one,100.0,-33.0,0.33,-32.64,0.34,0.0,0.0,-100.0,-96.0,0.0,0.0,5.0,9.0,0.5,14.0
meta-llama/Llama-3.2-3B-Instruct,loss,math_reasoning_one,100.0,-37.0,0.37,-37.44,0.39,0.0,0.0,-100.0,-96.0,0.0,0.0,10.0,10.0,0.5,20.0
meta-llama/Llama-3.2-3B-Instruct,loss,math_reasoning_one,100.0,-39.0,0.39,-30.72,0.32,0.0,0.0,-100.0,-96.0,0.0,0.0,8.0,7.0,0.5,15.0
meta-llama/Llama-3.2-3B-Instruct,loss,math_reasoning_one,100.0,-3500.0,1.0,-3600.0,0.72,0.0,0.0,-3500.0,-5000.0,0.0,0.0,8.0,10.0,0.5,18.0
meta-llama/Llama-3.2-3B-Instruct,loss,math_reasoning_one,100.0,-3500.0,1.0,-3650.0,0.73,0.0,0.0,-3500.0,-5000.0,0.0,0.0,9.0,8.0,0.5,17.0
meta-llama/Llama-3.2-3B-Instruct,loss,math_reasoning_one,100.0,-3500.0,1.0,-3750.0,0.75,0.0,0.0,-3500.0,-5000.0,0.0,0.0,9.0,9.0,0.5,18.0
meta-llama/Llama-3.2-3B-Instruct,loss,math_reasoning_one,100.0,-3500.0,1.0,-3900.0,0.78,0.0,0.0,-3500.0,-5000.0,0.0,0.0,10.0,9.0,0.5,19.0
meta-llama/Llama-3.2-3B-Instruct,loss,no_explanation,20.0,-0.4,0.1,-0.35,0.05,0.0,0.0,-4.0,-7.0,0.0,0.0,10.0,10.0,0.5,20.0
meta-llama/Llama-3.2-3B-Instruct,loss,no_explanation,20.0,-0.8,0.2,-0.7,0.1,0.0,0.0,-4.0,-7.0,0.0,0.0,20.0,20.0,0.5,40.0
meta-llama/Llama-3.2-3B-Instruct,loss,no_explanation,20.0,-1.6,0.4,-0.35,0.05,0.0,0.0,-4.0,-7.0,0.0,0.0,10.0,10.0,0.5,20.0
meta-llama/Llama-3.2-3B-Instruct,loss,no_explanation,20.0,-30.0,0.3,-28.8,0.3,0.0,0.0,-100.0,-96.0,0.0,0.0,10.0,10.0,0.5,20.0
meta-llama/Llama-3.2-3B-Instruct,loss,no_explanation,20.0,-35.0,0.35,-33.6,0.35,0.0,0.0,-100.0,-96.0,0.0,0.0,10.0,10.0,0.5,20.0
meta-llama/Llama-3.2-3B-Instruct,loss,no_explanation,20.0,-35.0,0.35,-38.4,0.4,0.0,0.0,-100.0,-96.0,0.0,0.0,10.0,10.0,0.5,20.0
meta-llama/Llama-3.2-3B-Instruct,loss,no_explanation,20.0,-40.0,0.4,-33.6,0.35,0.0,0.0,-100.0,-96.0,0.0,0.0,10.0,10.0,0.5,20.0
meta-llama/Llama-3.2-3B-Instruct,loss,no_explanation,20.0,-3500.0,1.0,-2750.0,0.55,0.0,0.0,-3500.0,-5000.0,0.0,0.0,10.0,10.0,0.5,20.0
meta-llama/Llama-3.2-3B-Instruct,loss,no_explanation,20.0,-3500.0,1.0,-3500.0,0.7,0.0,0.0,-3500.0,-5000.0,0.0,0.0,10.0,10.0,0.5,20.0
meta-llama/Llama-3.2-3B-Instruct,loss,no_explanation,20.0,-3500.0,1.0,-3750.0,0.75,0.0,0.0,-3500.0,-5000.0,0.0,0.0,10.0,10.0,0.5,20.0
meta-llama/Llama-3.2-3B-Instruct,loss,no_explanation,20.0,-3500.0,1.0,-4250.0,0.85,0.0,0.0,-3500.0,-5000.0,0.0,0.0,10.0,10.0,0.5,20.0
meta-llama/Llama-3.2-3B-Instruct,loss,no_explanation,100.0,-0.6,0.15,-0.84,0.12,0.0,0.0,-4.0,-7.0,0.0,0.0,10.0,10.0,0.5,20.0
meta-llama/Llama-3.2-3B-Instruct,loss,no_explanation,100.0,-0.8,0.2,-0.7,0.1,0.0,0.0,-4.0,-7.0,0.0,0.0,10.0,10.0,0.5,20.0
meta-llama/Llama-3.2-3B-Instruct,loss,no_explanation,100.0,-0.88,0.22,-0.56,0.08,0.0,0.0,-4.0,-7.0,0.0,0.0,10.0,10.0,0.5,20.0
meta-llama/Llama-3.2-3B-Instruct,loss,no_explanation,100.0,-0.96,0.24,-0.77,0.11,0.0,0.0,-4.0,-7.0,0.0,0.0,10.0,10.0,0.5,20.0
meta-llama/Llama-3.2-3B-Instruct,loss,no_explanation,100.0,-29.0,0.29,-32.64,0.34,0.0,0.0,-100.0,-96.0,0.0,0.0,10.0,10.0,0.5,20.0
meta-llama/Llama-3.2-3B-Instruct,loss,no_explanation,100.0,-33.0,0.33,-32.64,0.34,0.0,0.0,-100.0,-96.0,0.0,0.0,10.0,10.0,0.5,20.0
meta-llama/Llama-3.2-3B-Instruct,loss,no_explanation,100.0,-37.0,0.37,-37.44,0.39,0.0,0.0,-100.0,-96.0,0.0,0.0,10.0,10.0,0.5,20.0
meta-llama/Llama-3.2-3B-Instruct,loss,no_explanation,100.0,-39.0,0.39,-30.72,0.32,0.0,0.0,-100.0,-96.0,0.0,0.0,10.0,10.0,0.5,20.0
meta-llama/Llama-3.2-3B-Instruct,loss,no_explanation,100.0,-3500.0,1.0,-3600.0,0.72,0.0,0.0,-3500.0,-5000.0,0.0,0.0,10.0,10.0,0.5,20.0
meta-llama/Llama-3.2-3B-Instruct,loss,no_explanation,100.0,-3500.0,1.0,-3650.0,0.73,0.0,0.0,-3500.0,-5000.0,0.0,0.0,10.0,10.0,0.5,20.0
meta-llama/Llama-3.2-3B-Instruct,loss,no_explanation,100.0,-3500.0,1.0,-3750.0,0.75,0.0,0.0,-3500.0,-5000.0,0.0,0.0,10.0,10.0,0.5,20.0
meta-llama/Llama-3.2-3B-Instruct,loss,no_explanation,100.0,-3500.0,1.0,-3900.0,0.78,0.0,0.0,-3500.0,-5000.0,0.0,0.0,10.0,10.0,0.5,20.0
meta-llama/Llama-3.2-3B-Instruct,loss,one_sentence_reasoning,20.0,-0.4,0.1,-0.35,0.05,0.0,0.0,-4.0,-7.0,0.0,0.0,10.0,10.0,0.5,20.0
meta-llama/Llama-3.2-3B-Instruct,loss,one_sentence_reasoning,20.0,-0.8,0.2,-0.7,0.1,0.0,0.0,-4.0,-7.0,0.0,0.0,20.0,20.0,0.5,40.0
meta-llama/Llama-3.2-3B-Instruct,loss,one_sentence_reasoning,20.0,-1.6,0.4,-0.35,0.05,0.0,0.0,-4.0,-7.0,0.0,0.0,10.0,10.0,0.5,20.0
meta-llama/Llama-3.2-3B-Instruct,loss,one_sentence_reasoning,20.0,-30.0,0.3,-28.8,0.3,0.0,0.0,-100.0,-96.0,0.0,0.0,10.0,10.0,0.5,20.0
meta-llama/Llama-3.2-3B-Instruct,loss,one_sentence_reasoning,20.0,-35.0,0.35,-33.6,0.35,0.0,0.0,-100.0,-96.0,0.0,0.0,10.0,10.0,0.5,20.0
meta-llama/Llama-3.2-3B-Instruct,loss,one_sentence_reasoning,20.0,-35.0,0.35,-38.4,0.4,0.0,0.0,-100.0,-96.0,0.0,0.0,10.0,10.0,0.5,20.0
meta-llama/Llama-3.2-3B-Instruct,loss,one_sentence_reasoning,20.0,-40.0,0.4,-33.6,0.35,0.0,0.0,-100.0,-96.0,0.0,0.0,10.0,10.0,0.5,20.0
meta-llama/Llama-3.2-3B-Instruct,loss,one_sentence_reasoning,20.0,-3500.0,1.0,-2750.0,0.55,0.0,0.0,-3500.0,-5000.0,0.0,0.0,10.0,10.0,0.5,20.0
meta-llama/Llama-3.2-3B-Instruct,loss,one_sentence_reasoning,20.0,-3500.0,1.0,-3500.0,0.7,0.0,0.0,-3500.0,-5000.0,0.0,0.0,10.0,10.0,0.5,20.0
meta-llama/Llama-3.2-3B-Instruct,loss,one_sentence_reasoning,20.0,-3500.0,1.0,-3750.0,0.75,0.0,0.0,-3500.0,-5000.0,0.0,0.0,10.0,10.0,0.5,20.0
meta-llama/Llama-3.2-3B-Instruct,loss,one_sentence_reasoning,20.0,-3500.0,1.0,-4250.0,0.85,0.0,0.0,-3500.0,-5000.0,0.0,0.0,10.0,10.0,0.5,20.0
meta-llama/Llama-3.2-3B-Instruct,loss,one_sentence_reasoning,100.0,-0.6,0.15,-0.84,0.12,0.0,0.0,-4.0,-7.0,0.0,0.0,10.0,10.0,0.5,20.0
meta-llama/Llama-3.2-3B-Instruct,loss,one_sentence_reasoning,100.0,-0.8,0.2,-0.7,0.1,0.0,0.0,-4.0,-7.0,0.0,0.0,10.0,10.0,0.5,20.0
meta-llama/Llama-3.2-3B-Instruct,loss,one_sentence_reasoning,100.0,-0.88,0.22,-0.56,0.08,0.0,0.0,-4.0,-7.0,0.0,0.0,10.0,10.0,0.5,20.0
meta-llama/Llama-3.2-3B-Instruct,loss,one_sentence_reasoning,100.0,-0.96,0.24,-0.77,0.11,0.0,0.0,-4.0,-7.0,0.0,0.0,10.0,10.0,0.5,20.0
meta-llama/Llama-3.2-3B-Instruct,loss,one_sentence_reasoning,100.0,-29.0,0.29,-32.64,0.34,0.0,0.0,-100.0,-96.0,0.0,0.0,10.0,10.0,0.5,20.0
meta-llama/Llama-3.2-3B-Instruct,loss,one_sentence_reasoning,100.0,-33.0,0.33,-32.64,0.34,0.0,0.0,-100.0,-96.0,0.0,0.0,10.0,10.0,0.5,20.0
meta-llama/Llama-3.2-3B-Instruct,loss,one_sentence_reasoning,100.0,-37.0,0.37,-37.44,0.39,0.0,0.0,-100.0,-96.0,0.0,0.0,10.0,10.0,0.5,20.0
meta-llama/Llama-3.2-3B-Instruct,loss,one_sentence_reasoning,100.0,-39.0,0.39,-30.72,0.32,0.0,0.0,-100.0,-96.0,0.0,0.0,10.0,10.0,0.5,20.0
meta-llama/Llama-3.2-3B-Instruct,loss,one_sentence_reasoning,100.0,-3500.0,1.0,-3600.0,0.72,0.0,0.0,-3500.0,-5000.0,0.0,0.0,10.0,10.0,0.5,20.0
meta-llama/Llama-3.2-3B-Instruct,loss,one_sentence_reasoning,100.0,-3500.0,1.0,-3650.0,0.73,0.0,0.0,-3500.0,-5000.0,0.0,0.0,10.0,10.0,0.5,20.0
meta-llama/Llama-3.2-3B-Instruct,loss,one_sentence_reasoning,100.0,-3500.0,1.0,-3750.0,0.75,0.0,0.0,-3500.0,-5000.0,0.0,0.0,10.0,10.0,0.5,20.0
meta-llama/Llama-3.2-3B-Instruct,loss,one_sentence_reasoning,100.0,-3500.0,1.0,-3900.0,0.78,0.0,0.0,-3500.0,-5000.0,0.0,0.0,10.0,10.0,0.5,20.0
