item_id,pair_id,source_row_id,subtype,condition,question_type,prompt_id,demo_bundle,query_order,interface,instruction,p_yes,p_correct,correct,choice_mass,prompt_sha256
amouyal:0,set_10,0,prob,gp,simple,demo_reg_query_reg_raw_none,reg,reg,raw,none,0.9709517359733582,0.9709517359733582,1,0.9759634733200073,83694d28bb477ccaa5682b2e72f10eef2ffbd793d613f642c976e1f3897e70c6
amouyal:1,set_10,1,prob,gp,lingering,demo_reg_query_reg_raw_none,reg,reg,raw,none,0.9917944669723511,0.008205533027648926,0,0.977561891078949,a14ced9a8622f3a7e11172fddbf8a832d84c558878b800e060578abf54e79639
amouyal:2,set_10,4,prob,non_gp,simple,demo_reg_query_reg_raw_none,reg,reg,raw,none,0.9771550297737122,0.9771550297737122,1,0.9680557250976562,890cd9912fd610bf349eb2a796e817ee1eb2ade376d8c44773f7a4e450003dd7
amouyal:3,set_10,5,prob,non_gp,lingering,demo_reg_query_reg_raw_none,reg,reg,raw,none,0.9891545176506042,0.010845482349395752,0,0.9791209101676941,d00984812efc6b0fcd5b8d8f646eaedf2a44b44771c1749cc2773ef7ad7dd5ba
amouyal:4,set_11,8,prob,gp,simple,demo_reg_query_reg_raw_none,reg,reg,raw,none,0.9982859492301941,0.9982859492301941,1,0.9833402037620544,cbc9f6b76db2bd56a72edb3d55e487605f9c1b11fd80804134a7e85bd4eb9e10
amouyal:5,set_11,9,prob,gp,lingering,demo_reg_query_reg_raw_none,reg,reg,raw,none,0.9958187341690063,0.004181265830993652,0,0.9797080159187317,042eb711c6f4ff30848ac89003d6415c0ebee03ff48a8126af2075f0ce934b65
amouyal:6,set_11,12,prob,non_gp,simple,demo_reg_query_reg_raw_none,reg,reg,raw,none,0.9975285530090332,0.9975285530090332,1,0.9767447113990784,8891640d2c0ae8d9746207af499c6b70f17b79ab2a55f8bb4290bb72d4e2ba3d
amouyal:7,set_11,13,prob,non_gp,lingering,demo_reg_query_reg_raw_none,reg,reg,raw,none,0.9923798441886902,0.0076201558113098145,0,0.9754458665847778,907950e7c749ffd3951dc77dd948e6b7f3d4179cd369b9ab045dfdfe39400488
amouyal:8,set_12,16,prob,gp,simple,demo_reg_query_reg_raw_none,reg,reg,raw,none,0.7750419974327087,0.7750419974327087,1,0.9453341364860535,027defb64eb7e48eedba6e2fd9617d59ff2eaaec1fb56a720ae45c12ee8b6875
amouyal:9,set_12,17,prob,gp,lingering,demo_reg_query_reg_raw_none,reg,reg,raw,none,0.9948301911354065,0.005169808864593506,0,0.983431339263916,44826e5baa47caa746323e1101929580c8a44e5ddf9867c0854ac09c712ac3cc
amouyal:10,set_12,20,prob,non_gp,simple,demo_reg_query_reg_raw_none,reg,reg,raw,none,0.9991750717163086,0.9991750717163086,1,0.9900420308113098,5f3f00db08573b9b1ea1560bd52ec40589da98d9eb419abe893f235b2c1b5359
amouyal:11,set_12,21,prob,non_gp,lingering,demo_reg_query_reg_raw_none,reg,reg,raw,none,0.9958308935165405,0.004169106483459473,0,0.9894130825996399,f105d2f6c8a0984c2e2c44d4a182b678ea6e6b59f821da0e2270d2eda08b158f
amouyal:12,set_13,24,prob,gp,simple,demo_reg_query_reg_raw_none,reg,reg,raw,none,0.9970781803131104,0.9970781803131104,1,0.980495274066925,99b27acd3208e677a670e921a4032273516d0275520c224377a2c9036a942735
amouyal:13,set_13,25,prob,gp,lingering,demo_reg_query_reg_raw_none,reg,reg,raw,none,0.9047249555587769,0.09527504444122314,0,0.8995967507362366,55c32864b63fc4dc2da37b9bf729c430ad0af92aa839406344d332bf9eef6aae
amouyal:14,set_13,28,prob,non_gp,simple,demo_reg_query_reg_raw_none,reg,reg,raw,none,0.9969525933265686,0.9969525933265686,1,0.9716192483901978,daa8322309211183d9aca4b71ca3cf66de8fbf7381e9e791389dd32812ea65d6
amouyal:15,set_13,29,prob,non_gp,lingering,demo_reg_query_reg_raw_none,reg,reg,raw,none,0.9986283779144287,0.001371622085571289,0,0.9873228073120117,a7c33ccf450319c03f7d3ac51d9032a3dc717f3cc557efc06231aedcc04bb522
amouyal:16,set_14,32,prob,gp,simple,demo_reg_query_reg_raw_none,reg,reg,raw,none,0.9347391724586487,0.9347391724586487,1,0.9350712299346924,7d4e8c996485b8f61b0a6a141933ab4291380b00f034e46fab396514756e92a5
amouyal:17,set_14,33,prob,gp,lingering,demo_reg_query_reg_raw_none,reg,reg,raw,none,0.9775708913803101,0.02242910861968994,0,0.9630696773529053,f46e0ce542fbde284ae04705eb606d81686e0531670e680c90d0bfc369add28d
amouyal:18,set_14,36,prob,non_gp,simple,demo_reg_query_reg_raw_none,reg,reg,raw,none,0.9556544423103333,0.9556544423103333,1,0.9442774057388306,ba45fec60fddd9aa209dc505a45f094b0af83ff8e1ee0f7c3509e55f9b015ea9
amouyal:19,set_14,37,prob,non_gp,lingering,demo_reg_query_reg_raw_none,reg,reg,raw,none,0.14232026040554047,0.8576797395944595,1,0.9191917777061462,f8034eb3ddedda2e7db246ed09d71f8d239632d8bbcb4672d5e6d31f9bd6370e
amouyal:20,set_15,40,prob,gp,simple,demo_reg_query_reg_raw_none,reg,reg,raw,none,0.9983537197113037,0.9983537197113037,1,0.9909542202949524,f9c1161979a5d5c77db693e0597c39e8ab08bd6ee4dae409e1aebf52f03323ae
amouyal:21,set_15,41,prob,gp,lingering,demo_reg_query_reg_raw_none,reg,reg,raw,none,0.992942750453949,0.007057249546051025,0,0.9882054328918457,ce0418dc7f0ab2de648ccb4e8286f8f8d937ad10fd4e4e63597f336ce6d80252
amouyal:22,set_15,44,prob,non_gp,simple,demo_reg_query_reg_raw_none,reg,reg,raw,none,0.9985424876213074,0.9985424876213074,1,0.9886732697486877,27e85e8a87f08083570c88b0cdfe1fa70913a558f71fa9fa79df0cedbe641446
amouyal:23,set_15,45,prob,non_gp,lingering,demo_reg_query_reg_raw_none,reg,reg,raw,none,0.9984962940216064,0.0015037059783935547,0,0.99472576379776,66383976aaed6ff08cd29f7e02cfd2eabc7da18c3c4aa08bdda3cc997826766a
amouyal:24,set_16,48,prob,gp,simple,demo_reg_query_reg_raw_none,reg,reg,raw,none,0.9964483976364136,0.9964483976364136,1,0.9840617775917053,67bfca15d11910747e2266a72669dbc76fb07132c9065276fa9bb8fa7bc7cae2
amouyal:25,set_16,49,prob,gp,lingering,demo_reg_query_reg_raw_none,reg,reg,raw,none,0.9948044419288635,0.005195558071136475,0,0.9765916466712952,ba8c423582cfd2c633028bf6378dc5315ef3b2bbc720bd57ec19fa84a2b44711
amouyal:26,set_16,52,prob,non_gp,simple,demo_reg_query_reg_raw_none,reg,reg,raw,none,0.9968544244766235,0.9968544244766235,1,0.9746057987213135,b9051a9bda785b633b3dedaa01868764c1b35b0c3acf8968c1f16c8c6ce9a473
amouyal:27,set_16,53,prob,non_gp,lingering,demo_reg_query_reg_raw_none,reg,reg,raw,none,0.9976162314414978,0.0023837685585021973,0,0.9807959198951721,c9d07e43ffb858820be8af1dd2a45bfbcb9bde26d92ca2970bcedcd84263ab7b
amouyal:28,set_17,56,prob,gp,simple,demo_reg_query_reg_raw_none,reg,reg,raw,none,0.991994321346283,0.991994321346283,1,0.9817070364952087,ab4159f2ddffc6524de68e2352f59632aea1efde0efa5edd1da4e627b8aa346b
amouyal:29,set_17,57,prob,gp,lingering,demo_reg_query_reg_raw_none,reg,reg,raw,none,0.9567933678627014,0.043206632137298584,0,0.9551562666893005,505f83477494a6d1090f858b624ef3771527a8a4348f3df11b3cb99346ddbae0
amouyal:30,set_17,60,prob,non_gp,simple,demo_reg_query_reg_raw_none,reg,reg,raw,none,0.9978611469268799,0.9978611469268799,1,0.9837141633033752,b9702473e172c2632d29d8fda17cf70edca1902934796f3e27cb3a327d9ea2fd
amouyal:31,set_17,61,prob,non_gp,lingering,demo_reg_query_reg_raw_none,reg,reg,raw,none,0.0358683243393898,0.9641316756606102,1,0.9361779689788818,d2dd9901e4024fd20cc5fd9f00ee1b71a7fb7078f58ffa97caf814ddd1e7c023
amouyal:32,set_18,64,prob,gp,simple,demo_reg_query_reg_raw_none,reg,reg,raw,none,0.9988715052604675,0.9988715052604675,1,0.9952719807624817,4b68d5244b777e332eb50606ed21901e2ebfb589c7f5c381207a8831aec1e006
amouyal:33,set_18,65,prob,gp,lingering,demo_reg_query_reg_raw_none,reg,reg,raw,none,0.44978442788124084,0.5502155721187592,1,0.884613037109375,f31a24b0183480313dd21817d6436fbd8e8118f0780f2fcaaf90c79c722e4012
amouyal:34,set_18,68,prob,non_gp,simple,demo_reg_query_reg_raw_none,reg,reg,raw,none,0.9993281364440918,0.9993281364440918,1,0.9936361908912659,da7881713499419634197a47a2dac7936885a7000408f0c835b2e8a9e29d8b0d
amouyal:35,set_18,69,prob,non_gp,lingering,demo_reg_query_reg_raw_none,reg,reg,raw,none,0.0007752940873615444,0.9992247059126385,1,0.9727773070335388,6cbdc16e12dd6d50d6c4a05fb7276a53ff17ef93ff721ff10d7ef9c14d69b20e
amouyal:36,set_19,72,prob,gp,simple,demo_reg_query_reg_raw_none,reg,reg,raw,none,0.9977849125862122,0.9977849125862122,1,0.9848516583442688,ebd73884b1d4b5270e1632f54adeeb7a455e9c256c9b8126563b686244958176
amouyal:37,set_19,73,prob,gp,lingering,demo_reg_query_reg_raw_none,reg,reg,raw,none,0.9707462787628174,0.029253721237182617,0,0.9626732468605042,82ca4db9ebd09eb20e55cf660b7d6129e9db29abe7c4d9d55a19ae178cb915c5
amouyal:38,set_19,76,prob,non_gp,simple,demo_reg_query_reg_raw_none,reg,reg,raw,none,0.9984764456748962,0.9984764456748962,1,0.9855336546897888,e19f0425f0f41a26ddef1991dc46ab512a7c0b55981e6050a8d97c6c65c14b7b
amouyal:39,set_19,77,prob,non_gp,lingering,demo_reg_query_reg_raw_none,reg,reg,raw,none,0.966545045375824,0.033454954624176025,0,0.9668933153152466,b14baeb0272902caf970f6f01b79e723d5d27dcc109cf210fcc91b46e84b462a
amouyal:40,set_20,80,prob,gp,simple,demo_reg_query_reg_raw_none,reg,reg,raw,none,0.9941393733024597,0.9941393733024597,1,0.9797099828720093,25608df986e9bcc195a33306ee37b0b7c8a3f4de9b7b67c7f9f6a22797682ef0
amouyal:41,set_20,81,prob,gp,lingering,demo_reg_query_reg_raw_none,reg,reg,raw,none,0.9480218291282654,0.05197817087173462,0,0.9436801075935364,5c3b2abb0d4ef2814cdc5be8daeec7e7514034201679700d1b50e509c81b6fea
amouyal:42,set_20,84,prob,non_gp,simple,demo_reg_query_reg_raw_none,reg,reg,raw,none,0.994479775428772,0.994479775428772,1,0.9858095049858093,ff38b80a99dae5f661ac14f8c9ed8c2cb63974d5ea9bf0f76b3ea9df96ea6782
amouyal:43,set_20,85,prob,non_gp,lingering,demo_reg_query_reg_raw_none,reg,reg,raw,none,0.00637705996632576,0.9936229400336742,1,0.9573346972465515,4864a13695afcf27f15f4e49a6853c5b0e3d24a22f39f50b5ae9bc33fb83d9e2
amouyal:44,set_21,88,prob,gp,simple,demo_reg_query_reg_raw_none,reg,reg,raw,none,0.9971848726272583,0.9971848726272583,1,0.9808869361877441,697072149c78e5aa33307821cbfe07a5168a147f6c8bc818391baa0cb9324c70
amouyal:45,set_21,89,prob,gp,lingering,demo_reg_query_reg_raw_none,reg,reg,raw,none,0.11096256971359253,0.8890374302864075,1,0.8258188366889954,ba516663bf7f77d67c89b2137b5988c5dd049fdae5a0de25196b737ec4ef58a7
amouyal:46,set_21,92,prob,non_gp,simple,demo_reg_query_reg_raw_none,reg,reg,raw,none,0.998611569404602,0.998611569404602,1,0.9809711575508118,f6b05b0356fe943011101ecfa836a0fbce7ee9d25b374473d22268999af9509a
amouyal:47,set_21,93,prob,non_gp,lingering,demo_reg_query_reg_raw_none,reg,reg,raw,none,0.9339529275894165,0.0660470724105835,0,0.9500983953475952,2ff3a965c246bde2dc162c1cec74878329ce2763975fe47eda4a7b45d9c3b2ca
amouyal:48,set_22,96,prob,gp,simple,demo_reg_query_reg_raw_none,reg,reg,raw,none,0.9987521767616272,0.9987521767616272,1,0.9933713674545288,87ef394095899a76e771d62ea3ac065b7fdef88390053717744d2c257124aa47
amouyal:49,set_22,97,prob,gp,lingering,demo_reg_query_reg_raw_none,reg,reg,raw,none,0.9888851642608643,0.011114835739135742,0,0.9821300506591797,fedbe1876e58168fa599273a147a8f6d917e4750cfcc7a1eade320dced15d0a0
amouyal:50,set_22,100,prob,non_gp,simple,demo_reg_query_reg_raw_none,reg,reg,raw,none,0.9984685182571411,0.9984685182571411,1,0.99254310131073,610c3a6b7f9ceb1c62ddbc60c240253d5674982bc1746e06cd03aae551ae2d0d
amouyal:51,set_22,101,prob,non_gp,lingering,demo_reg_query_reg_raw_none,reg,reg,raw,none,0.026359647512435913,0.9736403524875641,1,0.946576714515686,8b3599a8d056ae0634bf04be851da43ef1307fb11d95a2b5a9d5e2451d65dbf3
amouyal:52,set_23,104,prob,gp,simple,demo_reg_query_reg_raw_none,reg,reg,raw,none,0.9929645657539368,0.9929645657539368,1,0.9725305438041687,938696540eaa7930b45eb8f9c1b5eda5d9c9211a1bfc23844070e7c412bd0e99
amouyal:53,set_23,105,prob,gp,lingering,demo_reg_query_reg_raw_none,reg,reg,raw,none,0.9523401856422424,0.04765981435775757,0,0.954293429851532,bbf72dab7d3b2370ea8efd9ca97f905f25a3c6da6bda0bcb8265b449a47213c6
amouyal:54,set_23,108,prob,non_gp,simple,demo_reg_query_reg_raw_none,reg,reg,raw,none,0.9977623820304871,0.9977623820304871,1,0.9841833114624023,497e56d6c79468f76a50b311651bd4a0f7894560620641872584902f45778604
amouyal:55,set_23,109,prob,non_gp,lingering,demo_reg_query_reg_raw_none,reg,reg,raw,none,0.9967795610427856,0.0032204389572143555,0,0.9816257357597351,ac4bee140858c27c5f3e142da6114ede92e453b752db0734887855c691cf7b5b
amouyal:56,set_24,112,prob,gp,simple,demo_reg_query_reg_raw_none,reg,reg,raw,none,0.9621914625167847,0.9621914625167847,1,0.9646487236022949,ffe4a59848f85865688a95ebc281e65e4ea6324870bc91e30be70d652c2affa3
amouyal:57,set_24,113,prob,gp,lingering,demo_reg_query_reg_raw_none,reg,reg,raw,none,0.7654898166656494,0.23451018333435059,0,0.9112616181373596,a7a2484b1204fbc98f3d5ac5de1be09e0a607375d23304b3d9dcdd88ee0cca26
amouyal:58,set_24,116,prob,non_gp,simple,demo_reg_query_reg_raw_none,reg,reg,raw,none,0.9967123866081238,0.9967123866081238,1,0.9876870512962341,f7908defdc36245932cd54ac303300ff9e668c2c77353b5544fa1c830808f7dd
amouyal:59,set_24,117,prob,non_gp,lingering,demo_reg_query_reg_raw_none,reg,reg,raw,none,0.011566617526113987,0.988433382473886,1,0.9415841102600098,b3dc73915c03500f7df596f08ec0b5c427e1f97f4849a04637f46181394ef60c
amouyal:60,set_25,120,prob,gp,simple,demo_reg_query_reg_raw_none,reg,reg,raw,none,0.9971600770950317,0.9971600770950317,1,0.9860100150108337,6b6c04f29826ac633f06d8b806d94ae9e92fa3967c4baab1fca7801a54942b4f
amouyal:61,set_25,121,prob,gp,lingering,demo_reg_query_reg_raw_none,reg,reg,raw,none,0.9917594194412231,0.008240580558776855,0,0.9717683792114258,919274cb2ab9df99f16a083a04bbebeb2c4a1f4514d48ba73d9468466482918a
amouyal:62,set_25,124,prob,non_gp,simple,demo_reg_query_reg_raw_none,reg,reg,raw,none,0.9976890087127686,0.9976890087127686,1,0.9814425110816956,28fbaebcd53d3a75696b447e1b6dc0c51a70a195881fbafd84c7fdac6f3105a6
amouyal:63,set_25,125,prob,non_gp,lingering,demo_reg_query_reg_raw_none,reg,reg,raw,none,0.9772534370422363,0.022746562957763672,0,0.9654994606971741,08d7baacd261ebe9bc7c41161571c5229c3d0168895df24286102ba2fdc2b129
amouyal:64,set_26,128,prob,gp,simple,demo_reg_query_reg_raw_none,reg,reg,raw,none,0.9943994879722595,0.9943994879722595,1,0.9826610684394836,455abe444b7d4b41c9b625004e3eb5bbe8159a8c03285ca09491b4f058a44f88
amouyal:65,set_26,129,prob,gp,lingering,demo_reg_query_reg_raw_none,reg,reg,raw,none,0.02403813600540161,0.9759618639945984,1,0.9105067849159241,a5d15845694a83318a5fbf7c7070da6d85cefa70e168324cdccad300344183fd
amouyal:66,set_26,132,prob,non_gp,simple,demo_reg_query_reg_raw_none,reg,reg,raw,none,0.9984164834022522,0.9984164834022522,1,0.9878079295158386,7b681d8a023f32d94159d674c691c5aa4e9f5e6769683a3f57645fa5038cac3c
amouyal:67,set_26,133,prob,non_gp,lingering,demo_reg_query_reg_raw_none,reg,reg,raw,none,0.0007092923042364419,0.9992907076957636,1,0.9776724576950073,8987b0082a6115e8889f9a781ea10a74c563cd2f4182b5d2fbc34d86b377c107
amouyal:68,set_27,136,prob,gp,simple,demo_reg_query_reg_raw_none,reg,reg,raw,none,0.9988048076629639,0.9988048076629639,1,0.9876232147216797,850f3c1e84ce4f7b4aefdc6e8540c9e972f44fa805ed9e37c34b3ccb1ed58a12
amouyal:69,set_27,137,prob,gp,lingering,demo_reg_query_reg_raw_none,reg,reg,raw,none,0.9960269331932068,0.003973066806793213,0,0.9804255366325378,b6af901ce0a82bffa529f4814e72cc94930e15c2aea26fff0e544584012a77f7
amouyal:70,set_27,140,prob,non_gp,simple,demo_reg_query_reg_raw_none,reg,reg,raw,none,0.9988559484481812,0.9988559484481812,1,0.9860955476760864,775ea8d6a877676a8d0f6dd9e13ee9947b414ed0b5509740fddf38f25e6686c1
amouyal:71,set_27,141,prob,non_gp,lingering,demo_reg_query_reg_raw_none,reg,reg,raw,none,0.8234352469444275,0.1765647530555725,0,0.8420165777206421,614b6c4e83f7976766f73fb324f75057ea7ea066dc28af158fc7086139507cef
amouyal:72,set_28,144,prob,gp,simple,demo_reg_query_reg_raw_none,reg,reg,raw,none,0.9979930520057678,0.9979930520057678,1,0.9879065752029419,85f0ac47867dcd680422c1baeffe6e6e656785fd9ec3d45c146c3db6d8207dd1
amouyal:73,set_28,145,prob,gp,lingering,demo_reg_query_reg_raw_none,reg,reg,raw,none,0.8034334778785706,0.19656652212142944,0,0.8633654117584229,2f02e4ce01edbf8eddc5b00b62543f607772d6deaa075348c5034013bf8fdd63
amouyal:74,set_28,148,prob,non_gp,simple,demo_reg_query_reg_raw_none,reg,reg,raw,none,0.9988833069801331,0.9988833069801331,1,0.9885959029197693,019697795c1da13d9af417a43fa9fb9373f2d2f6f32fbac08b5af7d68e273853
amouyal:75,set_28,149,prob,non_gp,lingering,demo_reg_query_reg_raw_none,reg,reg,raw,none,0.06743808835744858,0.9325619116425514,1,0.8814648389816284,2089f8efed58c6b0e941d031ab0fc941b709c4d3518e6bccd214c97519336801
amouyal:76,set_29,152,prob,gp,simple,demo_reg_query_reg_raw_none,reg,reg,raw,none,0.9985034465789795,0.9985034465789795,1,0.9920759797096252,e1c8b4f2e23b2a31aed34c88a560ffec1eca2419b391651ac8ecffb1f413013a
amouyal:77,set_29,153,prob,gp,lingering,demo_reg_query_reg_raw_none,reg,reg,raw,none,0.984742283821106,0.015257716178894043,0,0.9770470857620239,e2b174029d4ea29d03540ffce034bbe048f10ecc34a28a40c9900a3570eacaa1
amouyal:78,set_29,156,prob,non_gp,simple,demo_reg_query_reg_raw_none,reg,reg,raw,none,0.9990264773368835,0.9990264773368835,1,0.9899570941925049,e6e7842e83d230ee55a214fef167db9c487efae51dffce97a47509e02abf60f1
amouyal:79,set_29,157,prob,non_gp,lingering,demo_reg_query_reg_raw_none,reg,reg,raw,none,0.8162277340888977,0.1837722659111023,0,0.9304295778274536,084c94ead5e62bec58837530fc852f5155419f5ea7a4c3a3a25a5b04e0bc89e2
amouyal:80,set_30,160,prob,gp,simple,demo_reg_query_reg_raw_none,reg,reg,raw,none,0.9987711310386658,0.9987711310386658,1,0.9895986914634705,ff7575c30a9566a80e9636f1b8ce1ed8820521b53f77a1edcfcb0dc59ffc378e
amouyal:81,set_30,161,prob,gp,lingering,demo_reg_query_reg_raw_none,reg,reg,raw,none,0.9912737011909485,0.008726298809051514,0,0.9860791563987732,0c4575561fe0094a5344c9aaff29c7954b4b249fb3b6992c1561b63ef01a9241
amouyal:82,set_30,164,prob,non_gp,simple,demo_reg_query_reg_raw_none,reg,reg,raw,none,0.9994058012962341,0.9994058012962341,1,0.9925479292869568,adb52a0da1b7ff4d8b477ade6d830271d115baea798151568d5166af9cb3346f
amouyal:83,set_30,165,prob,non_gp,lingering,demo_reg_query_reg_raw_none,reg,reg,raw,none,0.9784583449363708,0.02154165506362915,0,0.9767166376113892,f423ea0509618687fbc90d6da82ebbdf3f27c6a18cf6134edf2e07d3a048a33f
amouyal:84,set_31,168,prob,gp,simple,demo_reg_query_reg_raw_none,reg,reg,raw,none,0.9969010949134827,0.9969010949134827,1,0.9840194582939148,0e6e3d054eff6cf4b14acb8ffab8b43bc8d5864aeb3d8a18fd013c43a5348110
amouyal:85,set_31,169,prob,gp,lingering,demo_reg_query_reg_raw_none,reg,reg,raw,none,0.8941306471824646,0.1058693528175354,0,0.9343955516815186,2e0758ea0a835fdd9f92a1445dca9dcc97171fe3d63196504c81f71bc2f019b5
amouyal:86,set_31,172,prob,non_gp,simple,demo_reg_query_reg_raw_none,reg,reg,raw,none,0.9985540509223938,0.9985540509223938,1,0.9868934750556946,3983715f2aba9dcfa448b206f2a46622bac212081f4a34cb09c5cb32b12da752
amouyal:87,set_31,173,prob,non_gp,lingering,demo_reg_query_reg_raw_none,reg,reg,raw,none,0.7332408428192139,0.26675915718078613,0,0.9500366449356079,4a62d09d37d7e0e8fb675370746d9cad6af2268be9a97241315fb215444d552e
amouyal:88,set_32,176,prob,gp,simple,demo_reg_query_reg_raw_none,reg,reg,raw,none,0.9852327108383179,0.9852327108383179,1,0.9771420359611511,995fb1c4142e36d37b66bc43ee1528999645b91e55586e82779d69ff370c8b79
amouyal:89,set_32,177,prob,gp,lingering,demo_reg_query_reg_raw_none,reg,reg,raw,none,0.7850285172462463,0.21497148275375366,0,0.9029693603515625,0f7f14edfed64e71c4921f08dc104447b4ab29d19a54e7e63f56cbbb5946f685
amouyal:90,set_32,180,prob,non_gp,simple,demo_reg_query_reg_raw_none,reg,reg,raw,none,0.9988465309143066,0.9988465309143066,1,0.9869899749755859,9fda78cac5db9706a5a4f67726dd591c370e583d49806d9441d8f37ffae6f296
amouyal:91,set_32,181,prob,non_gp,lingering,demo_reg_query_reg_raw_none,reg,reg,raw,none,0.00037261610850691795,0.9996273838914931,1,0.9799325466156006,b8dfc5af6a29f00b820c677e3dd6f4ef78c898f4bc12b05fd85bbfd31b713e33
amouyal:92,set_33,184,prob,gp,simple,demo_reg_query_reg_raw_none,reg,reg,raw,none,0.98863685131073,0.98863685131073,1,0.9682661294937134,a937d729d32d1ee262902f33dbe0e804114585aeccfe5f486dcfdf1340d1ec46
amouyal:93,set_33,185,prob,gp,lingering,demo_reg_query_reg_raw_none,reg,reg,raw,none,0.9714672565460205,0.028532743453979492,0,0.9481076598167419,7eaf873f1aa4b1834921ce9ae7af3b305731c761f02373b96f127b44811bcdcb
amouyal:94,set_33,188,prob,non_gp,simple,demo_reg_query_reg_raw_none,reg,reg,raw,none,0.9960123896598816,0.9960123896598816,1,0.9750385880470276,73c4ca3f72a92547bd1c81ed71ca5d4bea1717ca33182cae13d6779559b963b7
amouyal:95,set_33,189,prob,non_gp,lingering,demo_reg_query_reg_raw_none,reg,reg,raw,none,0.9968531727790833,0.003146827220916748,0,0.9836875200271606,9c3d46796660c110e28f36433c414d92cfa3fc3518dc8b2ca53265cf63fef72b
amouyal:96,set_34,192,prob,gp,simple,demo_reg_query_reg_raw_none,reg,reg,raw,none,0.9982130527496338,0.9982130527496338,1,0.9864994883537292,8cd0ecfdb2ff2a1b72b9e97f6afb642a0f2cfb168e3f405fb6ac244fe0ba2590
amouyal:97,set_34,193,prob,gp,lingering,demo_reg_query_reg_raw_none,reg,reg,raw,none,0.9724617004394531,0.027538299560546875,0,0.978081226348877,3b94c5e2d6b640db1b9f206a20488ca4d286f044b8f4447af415c6602958e94d
amouyal:98,set_34,196,prob,non_gp,simple,demo_reg_query_reg_raw_none,reg,reg,raw,none,0.9985116720199585,0.9985116720199585,1,0.9889196753501892,3948f3756a192364837f0cb2f6c714b29ce6b94c8be9bc35a3794f89e715ab4b
amouyal:99,set_34,197,prob,non_gp,lingering,demo_reg_query_reg_raw_none,reg,reg,raw,none,0.2480938583612442,0.7519061416387558,1,0.9215644001960754,575d252e28d2e2f556326efea9a663ecd5fe3b943d7b0e55a526f1e6a584a873
amouyal:100,set_35,200,prob,gp,simple,demo_reg_query_reg_raw_none,reg,reg,raw,none,0.9930285215377808,0.9930285215377808,1,0.9786402583122253,8ca21a375663a36cdfc291f8b05ea168665c16f8278a7a4636d53aefb7c59088
amouyal:101,set_35,201,prob,gp,lingering,demo_reg_query_reg_raw_none,reg,reg,raw,none,0.8790814876556396,0.12091851234436035,0,0.8738611340522766,c6aa8432dbf0630284b83209d9401901396f6ffeb6068121727b8b9d0db19fd3
amouyal:102,set_35,204,prob,non_gp,simple,demo_reg_query_reg_raw_none,reg,reg,raw,none,0.9901695847511292,0.9901695847511292,1,0.9730657935142517,004a615097109fe82b3cf088757a9ca56647a38db39c44bdc8267ea9c468c5ae
amouyal:103,set_35,205,prob,non_gp,lingering,demo_reg_query_reg_raw_none,reg,reg,raw,none,0.9993508458137512,0.0006491541862487793,0,0.9931968450546265,4be0856cf138db0ce3504b8dc80464115c02059f601f1a33993a1f7fc6cbb937
amouyal:104,set_36,208,prob,gp,simple,demo_reg_query_reg_raw_none,reg,reg,raw,none,0.9967432022094727,0.9967432022094727,1,0.9819468855857849,a07483114e38efb1d0c43a3eaa7a7d3eb44ffe1cf15de73598d7d7d11101afc9
amouyal:105,set_36,209,prob,gp,lingering,demo_reg_query_reg_raw_none,reg,reg,raw,none,0.9682543277740479,0.03174567222595215,0,0.9629271030426025,8f6e4bc9ee5992b96d088e7651e3532233408c1b7d8a17cb8298bdd7c1bc9cee
amouyal:106,set_36,212,prob,non_gp,simple,demo_reg_query_reg_raw_none,reg,reg,raw,none,0.9988653063774109,0.9988653063774109,1,0.9873507022857666,b5bf1033f7a8ec17d4d35b1705fa806b58c9e208bedad0f344d782a306b599d0
amouyal:107,set_36,213,prob,non_gp,lingering,demo_reg_query_reg_raw_none,reg,reg,raw,none,0.9573297500610352,0.042670249938964844,0,0.9746794104576111,fde0b341f83e13f74dba8ce8e2a78f96f9ef53c26d35e5f932a03b386efce2a5
amouyal:108,set_37,216,prob,gp,simple,demo_reg_query_reg_raw_none,reg,reg,raw,none,0.7002847194671631,0.7002847194671631,1,0.9402916431427002,05e5290d78ed32ccf9c45192acf7694ee8b85231047ce4332c92025438cf55da
amouyal:109,set_37,217,prob,gp,lingering,demo_reg_query_reg_raw_none,reg,reg,raw,none,0.9816940426826477,0.018305957317352295,0,0.9542925357818604,c7aa3bc59846ae9a9035a348514bd23c9c67459f2686aa2e6ed8b58ce4858767
amouyal:110,set_37,220,prob,non_gp,simple,demo_reg_query_reg_raw_none,reg,reg,raw,none,0.9949921369552612,0.9949921369552612,1,0.9783952236175537,6c0992327dd5d1828e3f2eb081f97f9752320d5b0110f4075c2d8d67da2b4034
amouyal:111,set_37,221,prob,non_gp,lingering,demo_reg_query_reg_raw_none,reg,reg,raw,none,0.21258088946342468,0.7874191105365753,1,0.7914810180664062,7e11e4e6242c1b962258e5ed02e145257cea2e74e8d546352665d53e5656d8d2
amouyal:112,set_38,224,prob,gp,simple,demo_reg_query_reg_raw_none,reg,reg,raw,none,0.9565677642822266,0.9565677642822266,1,0.9588250517845154,17e0ac9b638d3786daa429fd2129e4c6254d97cc91494db4174c63d6ce83638b
amouyal:113,set_38,225,prob,gp,lingering,demo_reg_query_reg_raw_none,reg,reg,raw,none,0.9841800332069397,0.015819966793060303,0,0.9667309522628784,31b3328f71d8a6f5d8248b152689a14fb8f7127585201ce89440dd9abb2012c0
amouyal:114,set_38,228,prob,non_gp,simple,demo_reg_query_reg_raw_none,reg,reg,raw,none,0.9894881248474121,0.9894881248474121,1,0.9756746888160706,557d0e8ab59dba3c2f7bb05f01e311f8ad87312bc77a1d18a2558a4ff9607e5b
amouyal:115,set_38,229,prob,non_gp,lingering,demo_reg_query_reg_raw_none,reg,reg,raw,none,0.7076712846755981,0.29232871532440186,0,0.8995188474655151,b0ec2fdd1138796554f00335eb8217d67c15518108ea9c539d0dac1af3d0c365
amouyal:116,set_39,232,prob,gp,simple,demo_reg_query_reg_raw_none,reg,reg,raw,none,0.9950264096260071,0.9950264096260071,1,0.9825334548950195,ce7d9c9720719439324ff20970e17477cc7e36b283328104517662bcc01892f9
amouyal:117,set_39,233,prob,gp,lingering,demo_reg_query_reg_raw_none,reg,reg,raw,none,0.9821372628211975,0.01786273717880249,0,0.9442322254180908,de9d314c83be30e814269846a15011f3884b5f8eea9c329e75ffbcd328a1500b
amouyal:118,set_39,236,prob,non_gp,simple,demo_reg_query_reg_raw_none,reg,reg,raw,none,0.9986448884010315,0.9986448884010315,1,0.9846687912940979,fc5621b53fb7608394b74ce9b721d881a224973a6eb43a2ff2115fd4469e8411
amouyal:119,set_39,237,prob,non_gp,lingering,demo_reg_query_reg_raw_none,reg,reg,raw,none,0.9768365025520325,0.02316349744796753,0,0.9274113774299622,b1e1ca5d2a90626ef0a970492927a1e6d767405a449e921cb98021d922811209
amouyal:120,set_40,240,prob,gp,simple,demo_reg_query_reg_raw_none,reg,reg,raw,none,0.6323150992393494,0.6323150992393494,1,0.8667865991592407,aca2ac8e85233fffca488b2cc9f67b7db60e7b0774544f671fabfe674e81b411
amouyal:121,set_40,241,prob,gp,lingering,demo_reg_query_reg_raw_none,reg,reg,raw,none,0.9741984009742737,0.02580159902572632,0,0.9758790731430054,c5b79999ec157c64b1e83715c3eb44038cb144cb06d33776aad786a815ca77ff
amouyal:122,set_40,244,prob,non_gp,simple,demo_reg_query_reg_raw_none,reg,reg,raw,none,0.9854665994644165,0.9854665994644165,1,0.979653000831604,91bf179cc728f73d79ccff28bc362f990d3e4c82756905efbe2ae4a7be4a2a9f
amouyal:123,set_40,245,prob,non_gp,lingering,demo_reg_query_reg_raw_none,reg,reg,raw,none,0.13721944391727448,0.8627805560827255,1,0.914413332939148,22707ee38e549a96bda7c40c843925f146173fdd3bccce60422f92655a743656
amouyal:124,set_41,248,prob,gp,simple,demo_reg_query_reg_raw_none,reg,reg,raw,none,0.9966692328453064,0.9966692328453064,1,0.9840293526649475,11e2726662141a3045ee36ddd590612d34ee6c2213e04696dab1ad25970f1451
amouyal:125,set_41,249,prob,gp,lingering,demo_reg_query_reg_raw_none,reg,reg,raw,none,0.8510962724685669,0.1489037275314331,0,0.9269547462463379,bf483b5605ae983afc3a643b034e7215c7e89b8cb47121def6b0b6de2a82300d
amouyal:126,set_41,252,prob,non_gp,simple,demo_reg_query_reg_raw_none,reg,reg,raw,none,0.9978622794151306,0.9978622794151306,1,0.9817904233932495,1df9213eca73324e77a24d7d5e5aa5d43f4cc3454139230aeddbed2bb85e7499
amouyal:127,set_41,253,prob,non_gp,lingering,demo_reg_query_reg_raw_none,reg,reg,raw,none,0.9923492074012756,0.007650792598724365,0,0.9872527122497559,bbef2811352ba052209f28c8bd297450fb28a5223e0975e3502ae49473124f65
amouyal:128,set_42,256,prob,gp,simple,demo_reg_query_reg_raw_none,reg,reg,raw,none,0.99908047914505,0.99908047914505,1,0.990642249584198,7de9d906aa4353fd4734779d5704e5ac7ec5f4d73a050b10305ddffa47e64aed
amouyal:129,set_42,257,prob,gp,lingering,demo_reg_query_reg_raw_none,reg,reg,raw,none,0.9967262148857117,0.00327378511428833,0,0.9856446981430054,7e5decf14160555598afb2b38bcdfd19be7b2958cc341ea01ab9d9c64ea070e2
amouyal:130,set_42,260,prob,non_gp,simple,demo_reg_query_reg_raw_none,reg,reg,raw,none,0.9986340403556824,0.9986340403556824,1,0.9853703379631042,a6908604e0df687367b7f75a15c667425574f2f9dd78a5c1aaff69e56219a781
amouyal:131,set_42,261,prob,non_gp,lingering,demo_reg_query_reg_raw_none,reg,reg,raw,none,0.9467080235481262,0.05329197645187378,0,0.8978316187858582,91783008b72ef5c7b5076c7b222031802cbbe31f5d1deec8d08cbfb222cd7a27
amouyal:132,set_43,264,prob,gp,simple,demo_reg_query_reg_raw_none,reg,reg,raw,none,0.9912126660346985,0.9912126660346985,1,0.9659766554832458,96135ea44b822b6b00ffaa097813e23ec44216ea4da2dd0ada71c0a7fa2d4438
amouyal:133,set_43,265,prob,gp,lingering,demo_reg_query_reg_raw_none,reg,reg,raw,none,0.9970446825027466,0.002955317497253418,0,0.9857960939407349,f8ace0ab01846afdc9464383342524eeb77927990469cd9d2c99c5c334982db9
amouyal:134,set_43,268,prob,non_gp,simple,demo_reg_query_reg_raw_none,reg,reg,raw,none,0.9966176748275757,0.9966176748275757,1,0.9646958708763123,7201ce1780360974127feea5ed5e526a0da1ca7f15e62689e70b9d27dfb5f1d0
amouyal:135,set_43,269,prob,non_gp,lingering,demo_reg_query_reg_raw_none,reg,reg,raw,none,0.9992579817771912,0.0007420182228088379,0,0.9920148849487305,beac6c3e7d4d56b3f9880d36a7735878e3587004f45684e6fa5930f48c02ed43
amouyal:136,set_44,272,prob,gp,simple,demo_reg_query_reg_raw_none,reg,reg,raw,none,0.9661868810653687,0.9661868810653687,1,0.964815080165863,2d55f540b1362956da93a7e538f9d3a57101fbe0ed7d4bd24971fd96cfc372ec
amouyal:137,set_44,273,prob,gp,lingering,demo_reg_query_reg_raw_none,reg,reg,raw,none,0.9789927005767822,0.021007299423217773,0,0.9644128680229187,927e63acc7171e9e7c9f7822392a72a5485298acc327c6544683dce814cce4ec
amouyal:138,set_44,276,prob,non_gp,simple,demo_reg_query_reg_raw_none,reg,reg,raw,none,0.9591779708862305,0.9591779708862305,1,0.9567509293556213,43893187c1731f34de95e885555f98dd404d15513fb4ca0f2bd82ca60dd85c89
amouyal:139,set_44,277,prob,non_gp,lingering,demo_reg_query_reg_raw_none,reg,reg,raw,none,0.8960716724395752,0.1039283275604248,0,0.9572176933288574,3c52bfe8f29b5c88228fee7282355d9f7dae026fe6399e5f2a01674efbeba34d
amouyal:140,set_45,280,prob,gp,simple,demo_reg_query_reg_raw_none,reg,reg,raw,none,0.9856860637664795,0.9856860637664795,1,0.9794279336929321,62017b06ce4e78402c21b494dae9339a7cb4ce5714dc4843679861fa45abb7ee
amouyal:141,set_45,281,prob,gp,lingering,demo_reg_query_reg_raw_none,reg,reg,raw,none,0.9509026408195496,0.04909735918045044,0,0.965006947517395,3082fb7bf11384c002c83497f0f65436270694c495b0481c1d3e1ba499c636a9
amouyal:142,set_45,284,prob,non_gp,simple,demo_reg_query_reg_raw_none,reg,reg,raw,none,0.9992082118988037,0.9992082118988037,1,0.9890673160552979,b6bf2887bcc0da8d1b5fc7ad5c34306ed51e241b07120f1086b3f726d4d5a374
amouyal:143,set_45,285,prob,non_gp,lingering,demo_reg_query_reg_raw_none,reg,reg,raw,none,0.9971948862075806,0.0028051137924194336,0,0.9928351044654846,86bea66642f515bdbec922076218e625c86d26af23b2e7c8f36bd04196d22a2d
amouyal:144,set_hyp5_1,288,reflexive,non_gp,simple,demo_reg_query_reg_raw_none,reg,reg,raw,none,0.9954723715782166,0.9954723715782166,1,0.978971540927887,14a26f37ca5106fb533e0058c017f70db275747f0ae00cfa71f0d7288c18c6fe
amouyal:145,set_hyp5_1,289,reflexive,non_gp,lingering,demo_reg_query_reg_raw_none,reg,reg,raw,none,0.3292236328125,0.6707763671875,1,0.8676174879074097,6ff3ff2575faea0b77af097419fc32e3a0515bdb6579866b2ca0f7630770433d
amouyal:146,set_hyp5_2,290,reflexive,non_gp,simple,demo_reg_query_reg_raw_none,reg,reg,raw,none,0.9989317655563354,0.9989317655563354,1,0.9914658665657043,9af749a42009e7d40610d8c640b5e2aa35015302940df010a634a4c6d2d58e73
amouyal:147,set_hyp5_2,291,reflexive,non_gp,lingering,demo_reg_query_reg_raw_none,reg,reg,raw,none,7.470667333109304e-05,0.9999252933266689,1,0.989912211894989,575abf9beecb0c9194172453d904ea27de7bca3b63764073ae1f5e45ed96d3a1
amouyal:148,set_hyp5_3,292,reflexive,non_gp,simple,demo_reg_query_reg_raw_none,reg,reg,raw,none,0.9974431991577148,0.9974431991577148,1,0.9814546704292297,f8d046a3a72834becaaf6ca587a700a0b3acc9f0c7364e05b505e24cc9bf9674
amouyal:149,set_hyp5_3,293,reflexive,non_gp,lingering,demo_reg_query_reg_raw_none,reg,reg,raw,none,0.0012552643893286586,0.9987447356106713,1,0.9681224822998047,c3e5dbb3a41cd2df39a8378ecc2e5749031620d8968be4c0e79d958b9bda1a16
amouyal:150,set_hyp5_4,294,reflexive,non_gp,simple,demo_reg_query_reg_raw_none,reg,reg,raw,none,0.995381772518158,0.995381772518158,1,0.9802013039588928,afd8ee03fff355657166f1bab21d3c12ed330a5082dccdf40ce54328e228d5c9
amouyal:151,set_hyp5_4,295,reflexive,non_gp,lingering,demo_reg_query_reg_raw_none,reg,reg,raw,none,0.002815126907080412,0.9971848730929196,1,0.9553729891777039,3c8bdce4258fac83ad70dab9dd5474ca88a21c8636873f3614f40bee2f65a1fa
amouyal:152,set_hyp5_5,296,reflexive,non_gp,simple,demo_reg_query_reg_raw_none,reg,reg,raw,none,0.9990407824516296,0.9990407824516296,1,0.9927535057067871,83bf0c4b34b6c1576acbab7ca3e5be97e84345715a029fa5484a617d5494a20b
amouyal:153,set_hyp5_5,297,reflexive,non_gp,lingering,demo_reg_query_reg_raw_none,reg,reg,raw,none,0.002401769394055009,0.997598230605945,1,0.9579405784606934,98ce0e4304458878da6340e235b230e1c1de90e129d44ce09421fc8a22af2399
amouyal:154,set_hyp5_6,298,reflexive,non_gp,simple,demo_reg_query_reg_raw_none,reg,reg,raw,none,0.9964242577552795,0.9964242577552795,1,0.9655452966690063,9a27a679fa460b5f211aa4e67fd224a43575853a17b2db39fee2eda12aa472bd
amouyal:155,set_hyp5_6,299,reflexive,non_gp,lingering,demo_reg_query_reg_raw_none,reg,reg,raw,none,0.010258960537612438,0.9897410394623876,1,0.951040506362915,0e7e7c0bab2419c8b141f3b3f14a96f4df2fc16b07a0f373b1c870a7160710c8
amouyal:156,set_hyp5_7,300,reflexive,non_gp,simple,demo_reg_query_reg_raw_none,reg,reg,raw,none,0.9986863732337952,0.9986863732337952,1,0.9904670715332031,72ef3f5a2273da1124f5a4a25a14cafde68f7ecdaa47094f2ebd7421124c1a70
amouyal:157,set_hyp5_7,301,reflexive,non_gp,lingering,demo_reg_query_reg_raw_none,reg,reg,raw,none,0.0006292077014222741,0.9993707922985777,1,0.9802107810974121,73dca47f1b072f102993f3045c9e6051e3a5ce2ef98e46fa6a8630dfb7c5642e
amouyal:158,set_hyp5_8,302,reflexive,non_gp,simple,demo_reg_query_reg_raw_none,reg,reg,raw,none,0.9981834292411804,0.9981834292411804,1,0.9898509979248047,311225422b147df1d3c52abb8a924d64cc1559150d6f20c2ad7c0d546418f729
amouyal:159,set_hyp5_8,303,reflexive,non_gp,lingering,demo_reg_query_reg_raw_none,reg,reg,raw,none,0.0005938928807154298,0.9994061071192846,1,0.9811915159225464,849f4ea7ccb39917fdca63fc44d33341f84ce2914a613462086ed545ead13753
amouyal:160,set_hyp5_9,304,reflexive,non_gp,simple,demo_reg_query_reg_raw_none,reg,reg,raw,none,0.99876868724823,0.99876868724823,1,0.9910988807678223,267c532372567f67c3a7d8219b1f8217cdc89694ece3733771dc0237062544d3
amouyal:161,set_hyp5_9,305,reflexive,non_gp,lingering,demo_reg_query_reg_raw_none,reg,reg,raw,none,0.9205231666564941,0.07947683334350586,0,0.9742445349693298,93bd1de733baaf8b65b21ea1059abed9a0bb2b5a594713fd580bf82ed61b8047
amouyal:162,set_hyp5_10,306,reflexive,non_gp,simple,demo_reg_query_reg_raw_none,reg,reg,raw,none,0.9990985989570618,0.9990985989570618,1,0.9904665350914001,6c6d87e8c6fcd3dc94f64e7f64ead8614bf24ff13ba1234b022574103b74e627
amouyal:163,set_hyp5_10,307,reflexive,non_gp,lingering,demo_reg_query_reg_raw_none,reg,reg,raw,none,0.6240271329879761,0.3759728670120239,0,0.93304443359375,431cc38c582afd004c8055912dcfb17f2b47b5a6efe343806f491e8ebb58f392
amouyal:164,set_hyp5_11,308,reflexive,non_gp,simple,demo_reg_query_reg_raw_none,reg,reg,raw,none,0.9981738328933716,0.9981738328933716,1,0.9856406450271606,1f3cfc92183286cadb2fb1ebe65f64b4d3f58e3457ff45330625041ffee4c1bc
amouyal:165,set_hyp5_11,309,reflexive,non_gp,lingering,demo_reg_query_reg_raw_none,reg,reg,raw,none,0.0002323690423509106,0.9997676309576491,1,0.9836356043815613,4766b769a2b52ca59737a47bda9fe1a0de18f8d0739b71a23976d47f0fe0d4ea
amouyal:166,set_hyp5_12,310,reflexive,non_gp,simple,demo_reg_query_reg_raw_none,reg,reg,raw,none,0.9988243579864502,0.9988243579864502,1,0.9863505363464355,020843752fe3aec6c8e839fc0b350a258243689e80c8c8014ccd0ff962d48831
amouyal:167,set_hyp5_12,311,reflexive,non_gp,lingering,demo_reg_query_reg_raw_none,reg,reg,raw,none,0.006653524935245514,0.9933464750647545,1,0.9617173671722412,d388a6b76769736f680d13085121f83c12211760eea39dc7e6ef105d8ee291a3
amouyal:168,set_hyp5_13,312,reflexive,non_gp,simple,demo_reg_query_reg_raw_none,reg,reg,raw,none,0.9963539242744446,0.9963539242744446,1,0.9687954187393188,c20098e4b2c6ac7befbf59ac7b5ef718e072a1e699d47b7da0febc0769cbac6b
amouyal:169,set_hyp5_13,313,reflexive,non_gp,lingering,demo_reg_query_reg_raw_none,reg,reg,raw,none,0.01396976225078106,0.9860302377492189,1,0.8997785449028015,91ff5a148a4d2870e83c4615db2448c2061aa5f2f6648911ee9dcd4356b9e881
amouyal:170,set_hyp5_14,314,reflexive,non_gp,simple,demo_reg_query_reg_raw_none,reg,reg,raw,none,0.849037766456604,0.849037766456604,1,0.8904775977134705,da9ffdb86ef4ba6d71157cf1274f676c1d2ab256c5b9a12bb240f3a65cbe0e54
amouyal:171,set_hyp5_14,315,reflexive,non_gp,lingering,demo_reg_query_reg_raw_none,reg,reg,raw,none,0.011379868723452091,0.9886201312765479,1,0.9257394075393677,4452c697fef9e7b7f3af993b008f1b7cdd76de1218953beddf0a92604ff002c4
amouyal:172,set_hyp5_15,316,reflexive,non_gp,simple,demo_reg_query_reg_raw_none,reg,reg,raw,none,0.9989179968833923,0.9989179968833923,1,0.9881027936935425,d496a997dc4c34f25b2fe4b9318a69eba2239456c38adfdc605158dca3a75352
amouyal:173,set_hyp5_15,317,reflexive,non_gp,lingering,demo_reg_query_reg_raw_none,reg,reg,raw,none,0.7144471406936646,0.28555285930633545,0,0.8715287446975708,4783bdcc0251be64125220c0a75b76a8bb4dda3900e052c25e15f29f73e36958
amouyal:174,set_hyp5_16,318,reflexive,non_gp,simple,demo_reg_query_reg_raw_none,reg,reg,raw,none,0.9976333379745483,0.9976333379745483,1,0.9819439649581909,3491dfe890f1c372ef7b128938ca1b25bdc10211be808eefdc7fde7c2424d227
amouyal:175,set_hyp5_16,319,reflexive,non_gp,lingering,demo_reg_query_reg_raw_none,reg,reg,raw,none,0.9867725968360901,0.013227403163909912,0,0.9801740050315857,de84531565f9fa58e526ba82faf27607b824c53e79a94bb708bdcfbe72dda8ab
amouyal:176,set_hyp5_17,320,reflexive,non_gp,simple,demo_reg_query_reg_raw_none,reg,reg,raw,none,0.9987277984619141,0.9987277984619141,1,0.9870903491973877,314de2dc8dda2157769392d54062ddd89b7c7192e16201f0c800234ef3c609ca
amouyal:177,set_hyp5_17,321,reflexive,non_gp,lingering,demo_reg_query_reg_raw_none,reg,reg,raw,none,0.0011604398023337126,0.9988395601976663,1,0.9655229449272156,d7fc67f555ef5473dc34a8b2ceb8efb581bf98f922fce31abcd20c8c4199bbe2
amouyal:178,set_hyp5_18,322,reflexive,non_gp,simple,demo_reg_query_reg_raw_none,reg,reg,raw,none,0.06167960166931152,0.06167960166931152,0,0.7548359036445618,b1c84162a0692fedc6718a5e7c28d38ea5fcf6dc2157aa154924976ea6615e51
amouyal:179,set_hyp5_18,323,reflexive,non_gp,lingering,demo_reg_query_reg_raw_none,reg,reg,raw,none,0.010848482139408588,0.9891515178605914,1,0.9357250332832336,668f1ca86b86eae8913a074153e9116fe4f037150f983dfdd4f1d96474c47034
amouyal:180,set_hyp5_19,324,reflexive,non_gp,simple,demo_reg_query_reg_raw_none,reg,reg,raw,none,0.9985001683235168,0.9985001683235168,1,0.985454797744751,cb7f329f614821825803fc9d40d1b98c3d6216a31f2d8cdc8de1e0e144486ea5
amouyal:181,set_hyp5_19,325,reflexive,non_gp,lingering,demo_reg_query_reg_raw_none,reg,reg,raw,none,0.0001635415683267638,0.9998364584316732,1,0.985154926776886,476798da2f187fa802eb77331f9c3e3d949992e77cb05d519ce8e2d84fb6846c
amouyal:182,set_hyp5_20,326,reflexive,non_gp,simple,demo_reg_query_reg_raw_none,reg,reg,raw,none,0.9971873164176941,0.9971873164176941,1,0.9824090003967285,7affd239ec40257a28a1ed909701bf8aae80b12d4b0d406158a726084dba0937
amouyal:183,set_hyp5_20,327,reflexive,non_gp,lingering,demo_reg_query_reg_raw_none,reg,reg,raw,none,0.07465436309576035,0.9253456369042397,1,0.9135141372680664,2154ee52663a2226717d7067d7ff72067009a3dfb02b2261797b8595897b5c2e
amouyal:184,set_hyp5_21,328,reflexive,non_gp,simple,demo_reg_query_reg_raw_none,reg,reg,raw,none,0.9976072311401367,0.9976072311401367,1,0.9857483506202698,bd46a78814a05e94fa74f8cd7c37eb840bfdd384bd86a1fc6549c53c7bebd38e
amouyal:185,set_hyp5_21,329,reflexive,non_gp,lingering,demo_reg_query_reg_raw_none,reg,reg,raw,none,0.2278280407190323,0.7721719592809677,1,0.8565226793289185,627c8e8a319db6e5a4af806ae4c11231d01367163f981142da259b63998c5750
amouyal:186,set_hyp5_22,330,reflexive,non_gp,simple,demo_reg_query_reg_raw_none,reg,reg,raw,none,0.9981690645217896,0.9981690645217896,1,0.9838361740112305,7c9755366357072e7632f330c8f95370002dfd9bce9af8e99649e5962466227e
amouyal:187,set_hyp5_22,331,reflexive,non_gp,lingering,demo_reg_query_reg_raw_none,reg,reg,raw,none,0.003969977609813213,0.9960300223901868,1,0.9463383555412292,33e797f0fa40523c68e5c70ec7684061d05a22c7bb5ad26151f88b83588a0358
amouyal:188,set_hyp5_23,332,reflexive,non_gp,simple,demo_reg_query_reg_raw_none,reg,reg,raw,none,0.9989818930625916,0.9989818930625916,1,0.985913872718811,cd8e53a71b81e8fe61746f182a9a81949b0853f0d182a5c581b4565cb043c904
amouyal:189,set_hyp5_23,333,reflexive,non_gp,lingering,demo_reg_query_reg_raw_none,reg,reg,raw,none,0.07384996861219406,0.9261500313878059,1,0.9335014820098877,ba47f52fff93bd44213d76c510ee906656b83d9f8dd4a87a041f06181198f0df
amouyal:190,set_hyp5_24,334,reflexive,non_gp,simple,demo_reg_query_reg_raw_none,reg,reg,raw,none,0.9954085946083069,0.9954085946083069,1,0.9692773222923279,4cfded7280cdd48583ac53abf92515478b2f45a15c0c4f30b39c694478c60b52
amouyal:191,set_hyp5_24,335,reflexive,non_gp,lingering,demo_reg_query_reg_raw_none,reg,reg,raw,none,0.7095670104026794,0.29043298959732056,0,0.9069487452507019,e62d22726867b86cf31f3fa97e72a9574e2df4a8d7f95967a42e142d7d5e04c5
amouyal:192,set_hyp5_1,336,reflexive,gp,simple,demo_reg_query_reg_raw_none,reg,reg,raw,none,0.9980789422988892,0.9980789422988892,1,0.9900596141815186,28eb1ebca489ea40b90ec25e43272915d80c0258f68e94dd17ca0ee84e1943c4
amouyal:193,set_hyp5_1,337,reflexive,gp,lingering,demo_reg_query_reg_raw_none,reg,reg,raw,none,0.3045138120651245,0.6954861879348755,1,0.8796051740646362,0024c3cf6a6c5bc4139a3f1987be5fc28814f2781519ec638204df50f6ed0044
amouyal:194,set_hyp5_2,338,reflexive,gp,simple,demo_reg_query_reg_raw_none,reg,reg,raw,none,0.9988412261009216,0.9988412261009216,1,0.9942817687988281,435ca38aa7b4547b4d446f9b242737186a89b4f0e04ab157b9bf04dda249297a
amouyal:195,set_hyp5_2,339,reflexive,gp,lingering,demo_reg_query_reg_raw_none,reg,reg,raw,none,0.00999161135405302,0.990008388645947,1,0.9456776976585388,dee0b47e4133ded63030f2ee137b5308cd5df4bddaae8fa5138f0ea848e65bf9
amouyal:196,set_hyp5_3,340,reflexive,gp,simple,demo_reg_query_reg_raw_none,reg,reg,raw,none,0.9898049831390381,0.9898049831390381,1,0.9794484376907349,891da5c3deee8708ae6ce146893802e2b0c6f31f0fe646d3f4cfd8bd296a549a
amouyal:197,set_hyp5_3,341,reflexive,gp,lingering,demo_reg_query_reg_raw_none,reg,reg,raw,none,0.24481409788131714,0.7551859021186829,1,0.8455195426940918,59fe48ce4782d84c4226cc6d0869cdafc6c2abdbc66f3f69bc8456544443061f
amouyal:198,set_hyp5_4,342,reflexive,gp,simple,demo_reg_query_reg_raw_none,reg,reg,raw,none,0.9976102113723755,0.9976102113723755,1,0.9860297441482544,d8b488c567e5a1a943e5a81b8d36bf7f72d69d09399e99cc4a8933a9763cb18d
amouyal:199,set_hyp5_4,343,reflexive,gp,lingering,demo_reg_query_reg_raw_none,reg,reg,raw,none,0.2815520167350769,0.7184479832649231,1,0.84661465883255,93ad37608129674f945455c5336e30977c8e60d8983ecc976babf934b9533ccf
amouyal:200,set_hyp5_5,344,reflexive,gp,simple,demo_reg_query_reg_raw_none,reg,reg,raw,none,0.996209979057312,0.996209979057312,1,0.9887360334396362,0e0244dac96973aab77299f0f3129e6c5d61f151c7b3d9a488d01a18503857f5
amouyal:201,set_hyp5_5,345,reflexive,gp,lingering,demo_reg_query_reg_raw_none,reg,reg,raw,none,0.971023678779602,0.02897632122039795,0,0.9630640149116516,9b7823e033203d52346fc9903fd2b9384ae4dfa785eb3e95a0bab3c974ba73ef
amouyal:202,set_hyp5_6,346,reflexive,gp,simple,demo_reg_query_reg_raw_none,reg,reg,raw,none,0.9949204921722412,0.9949204921722412,1,0.9832562208175659,ba831ee8061a83218c008de9c6d57439b9a169f21d7f1fd3753553190fbbb6f6
amouyal:203,set_hyp5_6,347,reflexive,gp,lingering,demo_reg_query_reg_raw_none,reg,reg,raw,none,0.9534088373184204,0.04659116268157959,0,0.9618173241615295,ab84b6f657368df087b9dd6b5cd6dae1cac271c16c3050b4634405350cd0a844
amouyal:204,set_hyp5_7,348,reflexive,gp,simple,demo_reg_query_reg_raw_none,reg,reg,raw,none,0.9979088306427002,0.9979088306427002,1,0.9917087554931641,453edbebb48c54bbe8ed51713d2820c2a0a744bd77ce6599cd092f3d2357e1fc
amouyal:205,set_hyp5_7,349,reflexive,gp,lingering,demo_reg_query_reg_raw_none,reg,reg,raw,none,0.0768677368760109,0.9231322631239891,1,0.897261381149292,e7d495a97a10bee71522eb2278044a1aa25ec14ee650fac078c64f04545ef478
amouyal:206,set_hyp5_8,350,reflexive,gp,simple,demo_reg_query_reg_raw_none,reg,reg,raw,none,0.998372495174408,0.998372495174408,1,0.9912086725234985,1de5dcf8d6227d6d1bb7d54035cf8956b42c859572237984d40a9e3b97db03ca
amouyal:207,set_hyp5_8,351,reflexive,gp,lingering,demo_reg_query_reg_raw_none,reg,reg,raw,none,0.09420046210289001,0.90579953789711,1,0.9129167199134827,de0036258998d43a1b236e6330cfcddffeda3f22234b8287acc651c3b088d6a7
amouyal:208,set_hyp5_9,352,reflexive,gp,simple,demo_reg_query_reg_raw_none,reg,reg,raw,none,0.9993188381195068,0.9993188381195068,1,0.9924556016921997,9061170c4912a537b4b619bcf17ed26c10682afc81c7e483ba4022a18fc95a2f
amouyal:209,set_hyp5_9,353,reflexive,gp,lingering,demo_reg_query_reg_raw_none,reg,reg,raw,none,0.9920816421508789,0.007918357849121094,0,0.9719949960708618,a7a6534da8b83f9dbd556f16fc979417d27cc0334ce41457d815a5a449b34f6e
amouyal:210,set_hyp5_10,354,reflexive,gp,simple,demo_reg_query_reg_raw_none,reg,reg,raw,none,0.9970818161964417,0.9970818161964417,1,0.9898120760917664,d15f86c7169766a4b5f000e549a62259c678be7c0247fd972cb5bd651d42a3eb
amouyal:211,set_hyp5_10,355,reflexive,gp,lingering,demo_reg_query_reg_raw_none,reg,reg,raw,none,0.6850996017456055,0.31490039825439453,0,0.8491296768188477,4e98b11a0e4442359fe0139a56892ccad0f24febeeab5000e3400b4606e60ec9
amouyal:212,set_hyp5_11,356,reflexive,gp,simple,demo_reg_query_reg_raw_none,reg,reg,raw,none,0.8863661289215088,0.8863661289215088,1,0.9193755984306335,cbcdab766feaeaf192759ba339c65f2c93225723016e979b8ffcaaec30198628
amouyal:213,set_hyp5_11,357,reflexive,gp,lingering,demo_reg_query_reg_raw_none,reg,reg,raw,none,0.6441488862037659,0.35585111379623413,0,0.8254604935646057,82f4eb80b8c335ba23f905cc6528e441cc2e1e88232406ef2de8784baeeae21e
amouyal:214,set_hyp5_12,358,reflexive,gp,simple,demo_reg_query_reg_raw_none,reg,reg,raw,none,0.9986031651496887,0.9986031651496887,1,0.9888147115707397,f933f2d4e0ea81b27a61012444e68ddda72869a71ba30f51b6ca852317e104ab
amouyal:215,set_hyp5_12,359,reflexive,gp,lingering,demo_reg_query_reg_raw_none,reg,reg,raw,none,0.7939383387565613,0.20606166124343872,0,0.8800164461135864,b5ee7b3ef6cc2fb06e7e8585f47a8c3a1004dbc9566be7a170d13a5039809066
amouyal:216,set_hyp5_13,360,reflexive,gp,simple,demo_reg_query_reg_raw_none,reg,reg,raw,none,0.9610082507133484,0.9610082507133484,1,0.9375911355018616,3b74e11a6a43ad3d3f61873beae8c7cb5c5d6b0a888d8dfd26dd31ca8ac9b675
amouyal:217,set_hyp5_13,361,reflexive,gp,lingering,demo_reg_query_reg_raw_none,reg,reg,raw,none,0.5965840220451355,0.4034159779548645,0,0.8503005504608154,fcaa28c32207ac75539f6738970426ee8c46c431f384486cdc4198b4db74eb69
amouyal:218,set_hyp5_14,362,reflexive,gp,simple,demo_reg_query_reg_raw_none,reg,reg,raw,none,0.7251915335655212,0.7251915335655212,1,0.9001061320304871,ca3ff8039d094cd56f3e877894953906a373b79f70251e5f4d43f039cc46017a
amouyal:219,set_hyp5_14,363,reflexive,gp,lingering,demo_reg_query_reg_raw_none,reg,reg,raw,none,0.2003265917301178,0.7996734082698822,1,0.8129047155380249,e0059c1833dbfeb0eaacfe8c6bd166e0510496db3b0d75c033822ef6904989e8
amouyal:220,set_hyp5_15,364,reflexive,gp,simple,demo_reg_query_reg_raw_none,reg,reg,raw,none,0.9957638382911682,0.9957638382911682,1,0.9837606549263,4354a144f879230809251e876445cde5b1922e2ba60c2194c9f69a76616973be
amouyal:221,set_hyp5_15,365,reflexive,gp,lingering,demo_reg_query_reg_raw_none,reg,reg,raw,none,0.9373317956924438,0.06266820430755615,0,0.9259376525878906,68a543368379be5d6ce8d334d98bd765f2a474739f347b93e43452360137d15f
amouyal:222,set_hyp5_16,366,reflexive,gp,simple,demo_reg_query_reg_raw_none,reg,reg,raw,none,0.9977462291717529,0.9977462291717529,1,0.9871354103088379,03942cb88b7b2ddf32c3001eba6c247a5d0ceedc5b8de9a067d55897678b3192
amouyal:223,set_hyp5_16,367,reflexive,gp,lingering,demo_reg_query_reg_raw_none,reg,reg,raw,none,0.9846368432044983,0.015363156795501709,0,0.9763435125350952,a60ffd95df97587657fcc638b6d1e4b95fcee000a1399d338157af05980a28ef
amouyal:224,set_hyp5_17,368,reflexive,gp,simple,demo_reg_query_reg_raw_none,reg,reg,raw,none,0.9980767369270325,0.9980767369270325,1,0.9870815277099609,8663414c4ef6f7e50549eb2fdaa490ceac6643edfcaacf6c3636eb3bf831f699
amouyal:225,set_hyp5_17,369,reflexive,gp,lingering,demo_reg_query_reg_raw_none,reg,reg,raw,none,0.005474743898957968,0.994525256101042,1,0.9293006062507629,a0376cbbd421e4b1abd841f9d06130b06e9a30cae93c320fe4b36431485b41dc
amouyal:226,set_hyp5_18,370,reflexive,gp,simple,demo_reg_query_reg_raw_none,reg,reg,raw,none,0.4237309694290161,0.4237309694290161,0,0.5379824042320251,3f469c7cc5388d054400c0cd0a6d8aed34d02dbc40b71bfc97e2cc03bd6cec83
amouyal:227,set_hyp5_18,371,reflexive,gp,lingering,demo_reg_query_reg_raw_none,reg,reg,raw,none,0.8500401377677917,0.14995986223220825,0,0.8541902303695679,83e4c72c18c6c8724418729efec46894e866b8ce11d1b90f41b5ddd3a0bbe0b4
amouyal:228,set_hyp5_19,372,reflexive,gp,simple,demo_reg_query_reg_raw_none,reg,reg,raw,none,0.9981604814529419,0.9981604814529419,1,0.9867426156997681,6043a6bc8b3a6e4f41be564711726ab90dff492cb14278143ed76eafa7847256
amouyal:229,set_hyp5_19,373,reflexive,gp,lingering,demo_reg_query_reg_raw_none,reg,reg,raw,none,0.6248463988304138,0.3751536011695862,0,0.8953547477722168,2ab73c21d5243e6085656e0ca6696b86db5cc80b9628c3a55fd0484259833471
amouyal:230,set_hyp5_20,374,reflexive,gp,simple,demo_reg_query_reg_raw_none,reg,reg,raw,none,0.9972583651542664,0.9972583651542664,1,0.9842322468757629,ca789e5e9260f84418fc264c2a6aefcd95ba5a046508746b291a3195fcc4f58b
amouyal:231,set_hyp5_20,375,reflexive,gp,lingering,demo_reg_query_reg_raw_none,reg,reg,raw,none,0.7691985964775085,0.23080140352249146,0,0.8740386962890625,751cced0d7f96cf65ac12b1b053dfbde2bf6a167ef2a93905603cf80d41ca88e
amouyal:232,set_hyp5_21,376,reflexive,gp,simple,demo_reg_query_reg_raw_none,reg,reg,raw,none,0.9966343641281128,0.9966343641281128,1,0.9874300956726074,044b64f355ddea8a5f3054a7560da34523f65c7765b399e519f941bee488ac91
amouyal:233,set_hyp5_21,377,reflexive,gp,lingering,demo_reg_query_reg_raw_none,reg,reg,raw,none,0.8663987517356873,0.13360124826431274,0,0.933314859867096,1d55945bbec37e50a191c7137dabc054ad86a8b771c452c8632634f93aa25076
amouyal:234,set_hyp5_22,378,reflexive,gp,simple,demo_reg_query_reg_raw_none,reg,reg,raw,none,0.9925311207771301,0.9925311207771301,1,0.9651264548301697,88c51fa10ba23ee852809816ec7d6390b174d295aee43685ae8eec2b1496f352
amouyal:235,set_hyp5_22,379,reflexive,gp,lingering,demo_reg_query_reg_raw_none,reg,reg,raw,none,0.5310812592506409,0.46891874074935913,0,0.8215237259864807,51697b79dfb6dc0f5232f6f25770f217ebdbcdb3129cc15bcfc09a801676bf90
amouyal:236,set_hyp5_23,380,reflexive,gp,simple,demo_reg_query_reg_raw_none,reg,reg,raw,none,0.997772753238678,0.997772753238678,1,0.9859798550605774,417458c9584e4049bf0fdf2c5145d30e6e70a8f18b604f8d3d3a802c32ea9de7
amouyal:237,set_hyp5_23,381,reflexive,gp,lingering,demo_reg_query_reg_raw_none,reg,reg,raw,none,0.8861087560653687,0.11389124393463135,0,0.927337646484375,30ad3cdfb68be6aeaf03c424a153ecef99d3af43cd1397506ea5e278abfd35fa
amouyal:238,set_hyp5_24,382,reflexive,gp,simple,demo_reg_query_reg_raw_none,reg,reg,raw,none,0.9953374266624451,0.9953374266624451,1,0.9621590971946716,24caf02bf0526b876920a256877e6871a94bcf48e0cda99ef68a32359a4b6fae
amouyal:239,set_hyp5_24,383,reflexive,gp,lingering,demo_reg_query_reg_raw_none,reg,reg,raw,none,0.9488200545310974,0.05117994546890259,0,0.9076740741729736,0d668a5fe8016ec2517d369d56e2563f40d6c795238c34a4c4f540a44a2b4ce9
amouyal:240,set_1,384,prob,gp,simple,demo_reg_query_reg_raw_none,reg,reg,raw,none,0.9954244494438171,0.9954244494438171,1,0.9749436974525452,81ad789bda7a6ad0598c11e2fcdede30724c7f4fb190a3c6d7885de9f4f20ab0
amouyal:241,set_1,385,prob,gp,lingering,demo_reg_query_reg_raw_none,reg,reg,raw,none,0.5186907052993774,0.48130929470062256,0,0.8276536464691162,248bb14fd3baa0fc1d7a94b2328f758564bea32e280c0a6d9102c5cfefb3da51
amouyal:242,set_1,388,prob,non_gp,simple,demo_reg_query_reg_raw_none,reg,reg,raw,none,0.9985823631286621,0.9985823631286621,1,0.9836756587028503,ab2443e8b2378b6b7a4dcb3e7f6a6b86aa1f16a15ca2d90a1f743a23443a7b9e
amouyal:243,set_1,389,prob,non_gp,lingering,demo_reg_query_reg_raw_none,reg,reg,raw,none,0.6396792531013489,0.3603207468986511,0,0.8783035278320312,50d7231401a22df4593649ed7cd87b95b37490ec6b37f0c9df5a25274660e7ae
amouyal:244,set_2,392,prob,gp,simple,demo_reg_query_reg_raw_none,reg,reg,raw,none,0.9971623420715332,0.9971623420715332,1,0.979772686958313,69a4750704895c351042a7a9684b64a4c9db8bf8a0805b050d322092f065b963
amouyal:245,set_2,393,prob,gp,lingering,demo_reg_query_reg_raw_none,reg,reg,raw,none,0.9817416667938232,0.018258333206176758,0,0.9671202301979065,18757da46603d9bdf09425f7373762215d08199d1ac299ab1eb144e2501a33ce
amouyal:246,set_2,396,prob,non_gp,simple,demo_reg_query_reg_raw_none,reg,reg,raw,none,0.9961644411087036,0.9961644411087036,1,0.9647235870361328,105d3331ccae704ff983077fc59bd8273fb91ce0e1e1207bdfb64e1bacde22d2
amouyal:247,set_2,397,prob,non_gp,lingering,demo_reg_query_reg_raw_none,reg,reg,raw,none,0.9867381453514099,0.013261854648590088,0,0.9765652418136597,d641897478b428c51a6442256b68519d2be43c92e3709de062ff786a8c8a6c2d
amouyal:248,set_3,400,prob,gp,simple,demo_reg_query_reg_raw_none,reg,reg,raw,none,0.8350631594657898,0.8350631594657898,1,0.9337691068649292,dc5f86bce563d54e222e6a97cbc03c4533c76ed6f72964056aa8e0ae03bcab1e
amouyal:249,set_3,401,prob,gp,lingering,demo_reg_query_reg_raw_none,reg,reg,raw,none,0.7777032256126404,0.22229677438735962,0,0.8763492107391357,5badd56963edd0eb6f9c8c71e9627fc05a3137cdfc2331fa9fedbbc60062c44f
amouyal:250,set_3,404,prob,non_gp,simple,demo_reg_query_reg_raw_none,reg,reg,raw,none,0.9917325377464294,0.9917325377464294,1,0.980789065361023,3acebdcc36e77fc3af2cbfc00eb886ecb875f422b8280f53269e825f04dae17b
amouyal:251,set_3,405,prob,non_gp,lingering,demo_reg_query_reg_raw_none,reg,reg,raw,none,0.024884548038244247,0.9751154519617558,1,0.8694873452186584,362a89ec2fe4a64f1568b7b8bcfde65fd1ae7d22eb1558ff8746414ba7ae728c
amouyal:252,set_4,408,prob,gp,simple,demo_reg_query_reg_raw_none,reg,reg,raw,none,0.9920820593833923,0.9920820593833923,1,0.970122218132019,86c95de82d44847034747c8952037db512732f5c645f00e8e0f16c3194e48973
amouyal:253,set_4,409,prob,gp,lingering,demo_reg_query_reg_raw_none,reg,reg,raw,none,0.959276556968689,0.040723443031311035,0,0.9559569954872131,b44c86654d5e2c9db243957ef720a2e0ab7c65848858fbf79259da4aa6b6670b
amouyal:254,set_4,412,prob,non_gp,simple,demo_reg_query_reg_raw_none,reg,reg,raw,none,0.9940733909606934,0.9940733909606934,1,0.9701215028762817,ae00de1445de0470278610b63a787057826dfe028f8eabb5e4e6d34be2a1dd74
amouyal:255,set_4,413,prob,non_gp,lingering,demo_reg_query_reg_raw_none,reg,reg,raw,none,0.9284700155258179,0.07152998447418213,0,0.9753887057304382,1210dac96d56098303fecd18cfa3356569b35e701850d7b1d5b60849991dac00
amouyal:256,set_5,416,prob,gp,simple,demo_reg_query_reg_raw_none,reg,reg,raw,none,0.9893082976341248,0.9893082976341248,1,0.9751458764076233,d2c4af54989e3c0d23a30e223e4ff74102c59afc8fa3f58f57320a699f756837
amouyal:257,set_5,417,prob,gp,lingering,demo_reg_query_reg_raw_none,reg,reg,raw,none,0.10957620292901993,0.8904237970709801,1,0.881966233253479,362e36e5f1e7a51aee65e97d0b1ff583f6d426f6fc31e83189c42a8f2d07b0d8
amouyal:258,set_5,420,prob,non_gp,simple,demo_reg_query_reg_raw_none,reg,reg,raw,none,0.996735155582428,0.996735155582428,1,0.9824363589286804,6e1b171c5d4d089440856a8ce956a0544d6a8d7f682cd0963c6eaf0c27db79b6
amouyal:259,set_5,421,prob,non_gp,lingering,demo_reg_query_reg_raw_none,reg,reg,raw,none,0.8363012671470642,0.1636987328529358,0,0.9164490699768066,03852b1895451836c88e21342e1888b73ee94ff84db3120b8c41db921da1f7b4
amouyal:260,set_6,424,prob,gp,simple,demo_reg_query_reg_raw_none,reg,reg,raw,none,0.9891791939735413,0.9891791939735413,1,0.971893846988678,2ef2cc1946953fc801c6e4176aa60aa13aff5c6c629fd511ca54fdd57d9b309b
amouyal:261,set_6,425,prob,gp,lingering,demo_reg_query_reg_raw_none,reg,reg,raw,none,0.9421303868293762,0.05786961317062378,0,0.923824667930603,701b5d6052dc891304d7c9870470adcdc844db98ce1c511bdccfe1baae041b9b
amouyal:262,set_6,428,prob,non_gp,simple,demo_reg_query_reg_raw_none,reg,reg,raw,none,0.9991103410720825,0.9991103410720825,1,0.9875691533088684,fe521e588fdaa97486f180ba8b43100c7c45aab21b3612e6414e61d0c5fbe3c3
amouyal:263,set_6,429,prob,non_gp,lingering,demo_reg_query_reg_raw_none,reg,reg,raw,none,0.7055245041847229,0.2944754958152771,0,0.8867895603179932,fe0b74f64167fb4f0a1a7148bff5b9e70f5c4fe22a90e32142ff3c852d187b0f
amouyal:264,set_7,432,prob,gp,simple,demo_reg_query_reg_raw_none,reg,reg,raw,none,0.9081538319587708,0.9081538319587708,1,0.9631518125534058,16892900b1a5618b48c46b0c54032256c4f323fed4d7b0f6382936a3f8b985bf
amouyal:265,set_7,433,prob,gp,lingering,demo_reg_query_reg_raw_none,reg,reg,raw,none,0.9900041818618774,0.009995818138122559,0,0.9672574996948242,e71474e83d9b4accab0646eb30eca3532a1edf8ad8657bd08d83a99fe70ea8f5
amouyal:266,set_7,436,prob,non_gp,simple,demo_reg_query_reg_raw_none,reg,reg,raw,none,0.9941179156303406,0.9941179156303406,1,0.9835848212242126,a9a503a4248ad720cb37028d10b07d6f4015f281b226c32af48bd92addee0d0f
amouyal:267,set_7,437,prob,non_gp,lingering,demo_reg_query_reg_raw_none,reg,reg,raw,none,0.9841337203979492,0.01586627960205078,0,0.9491190314292908,2b8e14174b9493b6d3320a70d1f692786f3e24d16a664b3a2199a754ed48e16a
amouyal:268,set_8,440,prob,gp,simple,demo_reg_query_reg_raw_none,reg,reg,raw,none,0.9967228174209595,0.9967228174209595,1,0.9836000204086304,659c350cf1c33c747d5f691c8e85c2a6729585a769f25fe47d45d5a0fee45cf1
amouyal:269,set_8,441,prob,gp,lingering,demo_reg_query_reg_raw_none,reg,reg,raw,none,0.8195953369140625,0.1804046630859375,0,0.8937680125236511,f39b4b30c8cb46edb6f1737a0c08f11a2f26b7b5694da41f55f82825d9b64b8b
amouyal:270,set_8,444,prob,non_gp,simple,demo_reg_query_reg_raw_none,reg,reg,raw,none,0.9980642199516296,0.9980642199516296,1,0.9836408495903015,0053e49c17e3fab419546e33f585e81a0d455bab01656c2e29502318204153f8
amouyal:271,set_8,445,prob,non_gp,lingering,demo_reg_query_reg_raw_none,reg,reg,raw,none,0.9027681350708008,0.09723186492919922,0,0.9481369853019714,103f75b39931882a54b9a6a69c8860146c8154eb0d7417d601b44c29a08ec3f9
amouyal:272,set_9,448,prob,gp,simple,demo_reg_query_reg_raw_none,reg,reg,raw,none,0.9970285296440125,0.9970285296440125,1,0.9863020777702332,22306726f54861a4599ac98ad7a09e9bae1d4feb8806759ca4d0a15c4ee4c4a2
amouyal:273,set_9,449,prob,gp,lingering,demo_reg_query_reg_raw_none,reg,reg,raw,none,0.9732618927955627,0.026738107204437256,0,0.943184494972229,3b6acf5e85e653891b169e44f7a32c8f92989b5b5d957cadaeacdf8674afb035
amouyal:274,set_9,452,prob,non_gp,simple,demo_reg_query_reg_raw_none,reg,reg,raw,none,0.9981188178062439,0.9981188178062439,1,0.9866644144058228,428a7f032edb1714909179fac34bb71579bcbe9ccadd54cfb6b43acfb13478e7
amouyal:275,set_9,453,prob,non_gp,lingering,demo_reg_query_reg_raw_none,reg,reg,raw,none,0.9974159598350525,0.0025840401649475098,0,0.987735390663147,d974033a030621e327a7a20277205166a33d4118945710fd7176af1ccdee758b
amouyal:0,set_10,0,prob,gp,simple,demo_reg_query_reg_raw_assertion,reg,reg,raw,assertion,0.9508127570152283,0.9508127570152283,1,0.949395477771759,d546e11929fb2b1eff4be8bd6af8f9e1108f82fbbccd5767fa4193c115e1e7a2
amouyal:1,set_10,1,prob,gp,lingering,demo_reg_query_reg_raw_assertion,reg,reg,raw,assertion,0.985500693321228,0.014499306678771973,0,0.9446980953216553,93b0fef6287eb7baabd5887eb073fb90944ccaf1d33692e5f70ec2fc68e4fca2
amouyal:2,set_10,4,prob,non_gp,simple,demo_reg_query_reg_raw_assertion,reg,reg,raw,assertion,0.9839093089103699,0.9839093089103699,1,0.9602218866348267,afa07cc60c6c614f691e52b2ebcd2b76353725fcc2283f053a17026eaed96254
amouyal:3,set_10,5,prob,non_gp,lingering,demo_reg_query_reg_raw_assertion,reg,reg,raw,assertion,0.9930678009986877,0.006932199001312256,0,0.9563616514205933,2d76f3d178dfe62a9dd1480145b1c2f151364623b5dc14267258a4ebb7f9079b
amouyal:4,set_11,8,prob,gp,simple,demo_reg_query_reg_raw_assertion,reg,reg,raw,assertion,0.9978365302085876,0.9978365302085876,1,0.9569007158279419,d82790b765503173c9094ac7eeaff70a6a9b52eb1e2ad1eed889f3f1a346e076
amouyal:5,set_11,9,prob,gp,lingering,demo_reg_query_reg_raw_assertion,reg,reg,raw,assertion,0.9941309094429016,0.005869090557098389,0,0.9549005627632141,f8a1a96533df7b40c49cde45c8fcd7f92a00b9b00137595637708b53a3cebca1
amouyal:6,set_11,12,prob,non_gp,simple,demo_reg_query_reg_raw_assertion,reg,reg,raw,assertion,0.9980607628822327,0.9980607628822327,1,0.956152617931366,a4512631e702d7251abc351a15995a98a23a01b3245bff2633345bb3b9156b8c
amouyal:7,set_11,13,prob,non_gp,lingering,demo_reg_query_reg_raw_assertion,reg,reg,raw,assertion,0.9869912266731262,0.01300877332687378,0,0.9247313737869263,558d5d395a8c9853f3833a0b595cd6ab2d9ea184b287ddf056f82dfddf7151a3
amouyal:8,set_12,16,prob,gp,simple,demo_reg_query_reg_raw_assertion,reg,reg,raw,assertion,0.9463934302330017,0.9463934302330017,1,0.928148627281189,f07e8e3364a0ff6f31cbb0a7175a94af7c99c00be02edfd4b8acdb3fc4860b44
amouyal:9,set_12,17,prob,gp,lingering,demo_reg_query_reg_raw_assertion,reg,reg,raw,assertion,0.9952141642570496,0.0047858357429504395,0,0.9622880220413208,a858e5b169b2349cb1a7c7e4c6d04217e0498f8d3525a8ec44f85a0b4808083a
amouyal:10,set_12,20,prob,non_gp,simple,demo_reg_query_reg_raw_assertion,reg,reg,raw,assertion,0.9990360140800476,0.9990360140800476,1,0.9854397177696228,049b1cfb098bcef046ec51fc3f9775e0365d0ed4470c8536d5889cc88375f7ca
amouyal:11,set_12,21,prob,non_gp,lingering,demo_reg_query_reg_raw_assertion,reg,reg,raw,assertion,0.9952880144119263,0.0047119855880737305,0,0.9706185460090637,c58be3a797b606e359257f37be98e94f05f1164f140357f1623b3a462d8e8878
amouyal:12,set_13,24,prob,gp,simple,demo_reg_query_reg_raw_assertion,reg,reg,raw,assertion,0.9920364022254944,0.9920364022254944,1,0.9657195806503296,c563a9b7ab61c6205c7181521608a95bbf3c2564d82927e370baf555c4f9d9f0
amouyal:13,set_13,25,prob,gp,lingering,demo_reg_query_reg_raw_assertion,reg,reg,raw,assertion,0.922254204750061,0.07774579524993896,0,0.8582344651222229,75c891c143c1dfd301ee3671f9eebd6f1c09578579ba5a7697b205b58d12544d
amouyal:14,set_13,28,prob,non_gp,simple,demo_reg_query_reg_raw_assertion,reg,reg,raw,assertion,0.9971238374710083,0.9971238374710083,1,0.974716067314148,00ec7fcc9dbbe18686b3a6e6cf438f2015dc79546ae1975009d9676c8108e1c8
amouyal:15,set_13,29,prob,non_gp,lingering,demo_reg_query_reg_raw_assertion,reg,reg,raw,assertion,0.9960043430328369,0.003995656967163086,0,0.9582319855690002,c5e5e67a2d31702768b6e90fcbef0366f0add783203ae9ecf76b7f959b344549
amouyal:16,set_14,32,prob,gp,simple,demo_reg_query_reg_raw_assertion,reg,reg,raw,assertion,0.827595591545105,0.827595591545105,1,0.824608564376831,ba8299125b120dad7f5e44be02e1d94665450cadb940a0616825f2fcbb302043
amouyal:17,set_14,33,prob,gp,lingering,demo_reg_query_reg_raw_assertion,reg,reg,raw,assertion,0.9643735289573669,0.03562647104263306,0,0.9184154868125916,dac1de3d3f761d7ae069e15416b232fccb6bc5afae0ef7e538d1f584a8ad8bc8
amouyal:18,set_14,36,prob,non_gp,simple,demo_reg_query_reg_raw_assertion,reg,reg,raw,assertion,0.9777583479881287,0.9777583479881287,1,0.9252611994743347,c639094eb4453e675c0b501d29b849056e3dee8c52c771b07adb215b851f720e
amouyal:19,set_14,37,prob,non_gp,lingering,demo_reg_query_reg_raw_assertion,reg,reg,raw,assertion,0.0610072948038578,0.9389927051961422,1,0.8496713042259216,c24c6979a3aeb8de2ff41aa9befbeb49431175e06a397ad6ca69ca573533e3ef
amouyal:20,set_15,40,prob,gp,simple,demo_reg_query_reg_raw_assertion,reg,reg,raw,assertion,0.9978123903274536,0.9978123903274536,1,0.9815536737442017,7ce03e203cbc93a899ff4aa5220dac3f92d1e2d9ebf22b49ad8a0eb5ebd3713b
amouyal:21,set_15,41,prob,gp,lingering,demo_reg_query_reg_raw_assertion,reg,reg,raw,assertion,0.9913941025733948,0.008605897426605225,0,0.9711883068084717,6e259872ac9d3504f7815e14b5050caedc070310f253f00b7d7a57bade85dd75
amouyal:22,set_15,44,prob,non_gp,simple,demo_reg_query_reg_raw_assertion,reg,reg,raw,assertion,0.9990041851997375,0.9990041851997375,1,0.98313969373703,d76255bc31bc3e71f8da220dc3e0ffa3c37e9279dcdd1f5af7293b203390675d
amouyal:23,set_15,45,prob,non_gp,lingering,demo_reg_query_reg_raw_assertion,reg,reg,raw,assertion,0.9977220296859741,0.002277970314025879,0,0.9843308925628662,8907c4214d2023d6430f75456884ed5bdb1165879ef1c544315cc0d78d6a3d31
amouyal:24,set_16,48,prob,gp,simple,demo_reg_query_reg_raw_assertion,reg,reg,raw,assertion,0.9954380989074707,0.9954380989074707,1,0.9663841128349304,5716c21f5fd0267f34a3bb4917c57ee8b9c98a7b24af47616bfcb120d5d3b62f
amouyal:25,set_16,49,prob,gp,lingering,demo_reg_query_reg_raw_assertion,reg,reg,raw,assertion,0.9951430559158325,0.0048569440841674805,0,0.9600306153297424,2b25e3a930c0792a2be5ad093c1fe364de3324593b11013c1a0bbf8e0da92e0b
amouyal:26,set_16,52,prob,non_gp,simple,demo_reg_query_reg_raw_assertion,reg,reg,raw,assertion,0.9965100288391113,0.9965100288391113,1,0.9543799161911011,b9f78bc7d7e25bce8a33303e256e30777c9d892aeaf7fb933ddaf62bbc4900f4
amouyal:27,set_16,53,prob,non_gp,lingering,demo_reg_query_reg_raw_assertion,reg,reg,raw,assertion,0.9938504099845886,0.006149590015411377,0,0.9421637058258057,e0c7b29762b766119e3f6b76e26b4b85a0832147214fc4f73250ca53ba71ac9e
amouyal:28,set_17,56,prob,gp,simple,demo_reg_query_reg_raw_assertion,reg,reg,raw,assertion,0.9795353412628174,0.9795353412628174,1,0.9569094181060791,690e9c8fe6c1982f25012a920ddb8c8e2cc632206da6bedc088a633f3eed9c2c
amouyal:29,set_17,57,prob,gp,lingering,demo_reg_query_reg_raw_assertion,reg,reg,raw,assertion,0.9522199034690857,0.04778009653091431,0,0.9300490617752075,8de09619ba31831f5fd973a6a7e4d47ffcc2be17c506f50bfd8c3b9e5fdf5b48
amouyal:30,set_17,60,prob,non_gp,simple,demo_reg_query_reg_raw_assertion,reg,reg,raw,assertion,0.9983512759208679,0.9983512759208679,1,0.982191801071167,08d85c217d633eeb2e4136d760396b3dcc53fb9f50683a1bb16f0d5b6f4eedc7
amouyal:31,set_17,61,prob,non_gp,lingering,demo_reg_query_reg_raw_assertion,reg,reg,raw,assertion,0.029657477512955666,0.9703425224870443,1,0.8846898078918457,eec89c85985912ed0249c5e8b90459e132b6da04fabbaae3c88b216fc919bb67
amouyal:32,set_18,64,prob,gp,simple,demo_reg_query_reg_raw_assertion,reg,reg,raw,assertion,0.9984375834465027,0.9984375834465027,1,0.9871388077735901,9ed3805c3f97b90401c18dd1a93c846a74193e7c61122064f4767d7f6ca82fa0
amouyal:33,set_18,65,prob,gp,lingering,demo_reg_query_reg_raw_assertion,reg,reg,raw,assertion,0.8618259429931641,0.13817405700683594,0,0.8648005723953247,c401067e341ed8f68d440f2ba12d0288c58e911199c7518b5b0e96585abd1345
amouyal:34,set_18,68,prob,non_gp,simple,demo_reg_query_reg_raw_assertion,reg,reg,raw,assertion,0.9992680549621582,0.9992680549621582,1,0.9898751974105835,b99544f90eedc94e69a82da9c3c61e1085e209c69dab417881068eeb517730a8
amouyal:35,set_18,69,prob,non_gp,lingering,demo_reg_query_reg_raw_assertion,reg,reg,raw,assertion,0.0012780140386894345,0.9987219859613106,1,0.938353955745697,4c2d5384d1ca3d9c5355eecb58583dea5c25647c03f698c6274207f13268d1f3
amouyal:36,set_19,72,prob,gp,simple,demo_reg_query_reg_raw_assertion,reg,reg,raw,assertion,0.9965113997459412,0.9965113997459412,1,0.9779348969459534,c4ea2c7a5431e20f01b0e1795c1b863e3582b611db6c43ee09dc576f329ac261
amouyal:37,set_19,73,prob,gp,lingering,demo_reg_query_reg_raw_assertion,reg,reg,raw,assertion,0.9759429097175598,0.024057090282440186,0,0.9418085813522339,6f4c641c02e34047cb4b557b337b57a40261bba5d2f668b1db9c50e2d3204445
amouyal:38,set_19,76,prob,non_gp,simple,demo_reg_query_reg_raw_assertion,reg,reg,raw,assertion,0.9978550672531128,0.9978550672531128,1,0.9839197397232056,ae827ce11e8cedef2a47d73b1bad4bdd4111bc93ba1d9a0e9e17d0a93dcc911d
amouyal:39,set_19,77,prob,non_gp,lingering,demo_reg_query_reg_raw_assertion,reg,reg,raw,assertion,0.8845142126083374,0.1154857873916626,0,0.8730831146240234,54a8e58203b6c60567c2e1a2a07885c48fc0cf87ad602b3f07d00b015eb49265
amouyal:40,set_20,80,prob,gp,simple,demo_reg_query_reg_raw_assertion,reg,reg,raw,assertion,0.9896542429924011,0.9896542429924011,1,0.955538809299469,05ce9adf333ae0925d77ae14210c7827ba2aa21fd90c3cbe37b19db6563337eb
amouyal:41,set_20,81,prob,gp,lingering,demo_reg_query_reg_raw_assertion,reg,reg,raw,assertion,0.9595850110054016,0.04041498899459839,0,0.9015779495239258,f4549c75b51326b29d76eaf31a8b087aec84a05305e62d882488e1e4c62df784
amouyal:42,set_20,84,prob,non_gp,simple,demo_reg_query_reg_raw_assertion,reg,reg,raw,assertion,0.9951362013816833,0.9951362013816833,1,0.9785214066505432,7e97ee6f4670831ecb796c5b9235646500bdb55880c09c4c7ca4beef44f12623
amouyal:43,set_20,85,prob,non_gp,lingering,demo_reg_query_reg_raw_assertion,reg,reg,raw,assertion,0.0034399358555674553,0.9965600641444325,1,0.9045551419258118,5fa8155859960420024f48b0cba032b933c347d738471cb3b1a1f1b7ba3f4077
amouyal:44,set_21,88,prob,gp,simple,demo_reg_query_reg_raw_assertion,reg,reg,raw,assertion,0.9954310059547424,0.9954310059547424,1,0.9553250670433044,a6925006c5c9307d6adcbd870b033f27712dda686277bb7942e8e2deac905f51
amouyal:45,set_21,89,prob,gp,lingering,demo_reg_query_reg_raw_assertion,reg,reg,raw,assertion,0.4411156475543976,0.5588843524456024,1,0.6576038002967834,58aa02b9b29c9c9428e68708dc95b8350bc09927583dee5be9f755acac8623ed
amouyal:46,set_21,92,prob,non_gp,simple,demo_reg_query_reg_raw_assertion,reg,reg,raw,assertion,0.9985883235931396,0.9985883235931396,1,0.9766400456428528,5668771d00688da5e2730ddfea43467f301279adabdad90abf948eecb5dbbd30
amouyal:47,set_21,93,prob,non_gp,lingering,demo_reg_query_reg_raw_assertion,reg,reg,raw,assertion,0.7483174800872803,0.2516825199127197,0,0.8278031349182129,e022885a1541cead4a756b2971c3d37c617be8753abc11b9a5b8f09260d2fbb4
amouyal:48,set_22,96,prob,gp,simple,demo_reg_query_reg_raw_assertion,reg,reg,raw,assertion,0.9971387386322021,0.9971387386322021,1,0.9847736954689026,09c00bdcfb7c3fdf69867dc11fc835b3b5f5436b01fbd3378c9130fb0a0a0cf9
amouyal:49,set_22,97,prob,gp,lingering,demo_reg_query_reg_raw_assertion,reg,reg,raw,assertion,0.9924418330192566,0.007558166980743408,0,0.9570191502571106,f927121ed8f74b24003ebda89fcf2efbdac5bbf62dce9ba30bcd7b86eca71259
amouyal:50,set_22,100,prob,non_gp,simple,demo_reg_query_reg_raw_assertion,reg,reg,raw,assertion,0.9965294003486633,0.9965294003486633,1,0.985232412815094,0e4e035493e46d4807c8ba9f48465165258138a5460297b0a1c8c3517751da42
amouyal:51,set_22,101,prob,non_gp,lingering,demo_reg_query_reg_raw_assertion,reg,reg,raw,assertion,0.0167457964271307,0.9832542035728693,1,0.8717422485351562,0f87de201718e33af4b52a61b6500cb0409234d54c8ae1249d8223d6d97e3e61
amouyal:52,set_23,104,prob,gp,simple,demo_reg_query_reg_raw_assertion,reg,reg,raw,assertion,0.9897302985191345,0.9897302985191345,1,0.9584367275238037,79a5fb14cd689f362b21c158dc9da8b734ec02983868227d3e84c33f6d4e1c14
amouyal:53,set_23,105,prob,gp,lingering,demo_reg_query_reg_raw_assertion,reg,reg,raw,assertion,0.943524181842804,0.056475818157196045,0,0.8957101702690125,a6cef9f83359803ef6c388da08d3f23b057091b6e9ae5449a8b53210b3d54bd8
amouyal:54,set_23,108,prob,non_gp,simple,demo_reg_query_reg_raw_assertion,reg,reg,raw,assertion,0.99819415807724,0.99819415807724,1,0.9838398098945618,785f0d22d55242a3ef566d4184fbc95333a0514b63a8f4c4880ba9614abef273
amouyal:55,set_23,109,prob,non_gp,lingering,demo_reg_query_reg_raw_assertion,reg,reg,raw,assertion,0.9944861531257629,0.0055138468742370605,0,0.9612066149711609,ac26d1b43ac7b94a5c59b2b2f947b37962970b4fd6d39894f68963a3748cbd4f
amouyal:56,set_24,112,prob,gp,simple,demo_reg_query_reg_raw_assertion,reg,reg,raw,assertion,0.9523618817329407,0.9523618817329407,1,0.9378842115402222,ddf33a801092f3e70d58e373dc6dd4ea6caef413b15e55e64b6c20049d1788f9
amouyal:57,set_24,113,prob,gp,lingering,demo_reg_query_reg_raw_assertion,reg,reg,raw,assertion,0.6876282691955566,0.31237173080444336,0,0.8492419719696045,3db4939db45a942480cd5219c8f4126f390800c0e718cca161f6020080010419
amouyal:58,set_24,116,prob,non_gp,simple,demo_reg_query_reg_raw_assertion,reg,reg,raw,assertion,0.996203601360321,0.996203601360321,1,0.9762182235717773,4b6ccad253604061fa0b64e990f1fdbb693bc987859707b43a2423bc48d4f929
amouyal:59,set_24,117,prob,non_gp,lingering,demo_reg_query_reg_raw_assertion,reg,reg,raw,assertion,0.016055060550570488,0.9839449394494295,1,0.8607100248336792,164f5cb607c567f9cd56cfc646cbfc921e5aafea08a45b24183d1e29a317f082
amouyal:60,set_25,120,prob,gp,simple,demo_reg_query_reg_raw_assertion,reg,reg,raw,assertion,0.9963150024414062,0.9963150024414062,1,0.9668511748313904,9675c3d717364676c4cc3235aa5e7e58e3f45ba8a62fd54fd8c7ce6b7ce09f5e
amouyal:61,set_25,121,prob,gp,lingering,demo_reg_query_reg_raw_assertion,reg,reg,raw,assertion,0.9890481233596802,0.010951876640319824,0,0.9253749251365662,8186b2d65e255aeeec2e5c51e4f2c4aba6beb76322c6c494590cc2578cecd330
amouyal:62,set_25,124,prob,non_gp,simple,demo_reg_query_reg_raw_assertion,reg,reg,raw,assertion,0.9985526204109192,0.9985526204109192,1,0.9734963774681091,fd0224723383b865dd9e5ad0c43efa4829526cda3ad222715a6396294ce58e18
amouyal:63,set_25,125,prob,non_gp,lingering,demo_reg_query_reg_raw_assertion,reg,reg,raw,assertion,0.9675321578979492,0.03246784210205078,0,0.9266374707221985,573b59dbf658e7f419244eaa552d4abb6016963835a7c80a3487def6c1aa9d70
amouyal:64,set_26,128,prob,gp,simple,demo_reg_query_reg_raw_assertion,reg,reg,raw,assertion,0.9941354393959045,0.9941354393959045,1,0.9658604264259338,b7d8e75aa1edeabda5a8d1705f065a8f11bbd5dfde7502da924121fdc807b3b4
amouyal:65,set_26,129,prob,gp,lingering,demo_reg_query_reg_raw_assertion,reg,reg,raw,assertion,0.0996432974934578,0.9003567025065422,1,0.7725410461425781,3b9135e29fc3e7c72c2afc9fa17f9a16f6e0bbf12dbd9ea88fbed43f9a765103
amouyal:66,set_26,132,prob,non_gp,simple,demo_reg_query_reg_raw_assertion,reg,reg,raw,assertion,0.9986132979393005,0.9986132979393005,1,0.9791905283927917,0ab487cb4efd060f2092af9922b7c0efd1f6c7f3f7af3ee312013cb100637ada
amouyal:67,set_26,133,prob,non_gp,lingering,demo_reg_query_reg_raw_assertion,reg,reg,raw,assertion,0.0015186119126155972,0.9984813880873844,1,0.9264349341392517,d4fadc12022ba9db28a60189b6c234bade94b3d5850a2ecc5d8d474b3c9c7ba8
amouyal:68,set_27,136,prob,gp,simple,demo_reg_query_reg_raw_assertion,reg,reg,raw,assertion,0.9976595640182495,0.9976595640182495,1,0.9767783284187317,04318b29db781556cf081839c0f151139800fb080d2e6f43cf75cda588d3f579
amouyal:69,set_27,137,prob,gp,lingering,demo_reg_query_reg_raw_assertion,reg,reg,raw,assertion,0.9932665228843689,0.0067334771156311035,0,0.9558465480804443,504cc3dced7e135389eadd3a12edeb5ee237a85b85410ef4cf8f44ec384ddd18
amouyal:70,set_27,140,prob,non_gp,simple,demo_reg_query_reg_raw_assertion,reg,reg,raw,assertion,0.9986138343811035,0.9986138343811035,1,0.9747903943061829,4c0a74582d4e008102802bb7111ee229765335e0bc3b930bc9b998d1c708e3d1
amouyal:71,set_27,141,prob,non_gp,lingering,demo_reg_query_reg_raw_assertion,reg,reg,raw,assertion,0.8638910055160522,0.13610899448394775,0,0.791660726070404,6ee4655f3ac15a38990cc2e345a269cc8d4ec5f890e4561dd55a7f13a8d3bdb0
amouyal:72,set_28,144,prob,gp,simple,demo_reg_query_reg_raw_assertion,reg,reg,raw,assertion,0.9958503842353821,0.9958503842353821,1,0.961493194103241,3150671d38381ab22ef9385b62ed59d6c8b0ca88e17fd071c131553260d7d65b
amouyal:73,set_28,145,prob,gp,lingering,demo_reg_query_reg_raw_assertion,reg,reg,raw,assertion,0.8030540943145752,0.1969459056854248,0,0.7770188450813293,94193169b0d40d354468aa59050de70d79c544e94c5eea361088a89951d632cb
amouyal:74,set_28,148,prob,non_gp,simple,demo_reg_query_reg_raw_assertion,reg,reg,raw,assertion,0.9994163513183594,0.9994163513183594,1,0.9842134118080139,3743c5e3150ce31265da4d0bdcb8b902b3cfa1326b9988133ffd3f45e6410027
amouyal:75,set_28,149,prob,non_gp,lingering,demo_reg_query_reg_raw_assertion,reg,reg,raw,assertion,0.08336860686540604,0.916631393134594,1,0.8000653982162476,16c84b52ac8f5e075e1d54d5d58b4b47814e60c41f428cbc51983a13de6a446d
amouyal:76,set_29,152,prob,gp,simple,demo_reg_query_reg_raw_assertion,reg,reg,raw,assertion,0.9977973103523254,0.9977973103523254,1,0.978817343711853,8c39e4dfcbd4538655409d6555a07494cb0cb4d848785a4368954ac5cf59dacf
amouyal:77,set_29,153,prob,gp,lingering,demo_reg_query_reg_raw_assertion,reg,reg,raw,assertion,0.9874032139778137,0.01259678602218628,0,0.9638388752937317,8cae58b76afdb6aaff296dc63e438916b2d20788a006f258a69b1f2410e3280e
amouyal:78,set_29,156,prob,non_gp,simple,demo_reg_query_reg_raw_assertion,reg,reg,raw,assertion,0.9991872310638428,0.9991872310638428,1,0.9811171293258667,da1f7904be31985390206b07b712e7c80f9944dd6a3e1388a912a46a9533607c
amouyal:79,set_29,157,prob,non_gp,lingering,demo_reg_query_reg_raw_assertion,reg,reg,raw,assertion,0.7300508618354797,0.26994913816452026,0,0.856421172618866,5da214b442fc1514fe2c7cef4cf6955bc621ecb7b9780095ce504b81dd12ceea
amouyal:80,set_30,160,prob,gp,simple,demo_reg_query_reg_raw_assertion,reg,reg,raw,assertion,0.9985181093215942,0.9985181093215942,1,0.9780650734901428,e382d6f4386cd9bb3a3621603fe1408d93d31d539f8f333494f08e3504f0570f
amouyal:81,set_30,161,prob,gp,lingering,demo_reg_query_reg_raw_assertion,reg,reg,raw,assertion,0.9927688241004944,0.007231175899505615,0,0.9633113145828247,9379b8bd3fded38ab3a404df6e88a5cf134ae10f6927057d6ee684889ccc1429
amouyal:82,set_30,164,prob,non_gp,simple,demo_reg_query_reg_raw_assertion,reg,reg,raw,assertion,0.9994215369224548,0.9994215369224548,1,0.9870070815086365,e8d716001fa49ed508cfbdcc83638fbe0f721dda28251db4c18a7fa0281a3107
amouyal:83,set_30,165,prob,non_gp,lingering,demo_reg_query_reg_raw_assertion,reg,reg,raw,assertion,0.9091193675994873,0.0908806324005127,0,0.8911685347557068,130341089e6d4397eea4610c6f4f288ce89f6939a6b3e402167cd7c375b485fa
amouyal:84,set_31,168,prob,gp,simple,demo_reg_query_reg_raw_assertion,reg,reg,raw,assertion,0.9950589537620544,0.9950589537620544,1,0.9627165794372559,55991c35eafe28245851a546315f81566cd128ba2c2a7c0f5ebd3ab6d9f30df1
amouyal:85,set_31,169,prob,gp,lingering,demo_reg_query_reg_raw_assertion,reg,reg,raw,assertion,0.8732714653015137,0.12672853469848633,0,0.8649132251739502,1d0534ae602bcd907e23e799cda7e184e4ff21cc7962ca77f158177aae8c1b78
amouyal:86,set_31,172,prob,non_gp,simple,demo_reg_query_reg_raw_assertion,reg,reg,raw,assertion,0.9989016652107239,0.9989016652107239,1,0.9800860285758972,999acd560cb4c4ad2e84b0dcc5a327e38b8e3ac9ef4edced9db2dcdf0e9591f1
amouyal:87,set_31,173,prob,non_gp,lingering,demo_reg_query_reg_raw_assertion,reg,reg,raw,assertion,0.7479106187820435,0.25208938121795654,0,0.8992462754249573,26fd1db2b5aa99b91f1c372ce304ccb85b92ef7b26a1515b9854fda7288ccefa
amouyal:88,set_32,176,prob,gp,simple,demo_reg_query_reg_raw_assertion,reg,reg,raw,assertion,0.9850790500640869,0.9850790500640869,1,0.9575285315513611,cf4d9667df9d7fc30489396c4dae2cdc63638921f50587b9582d8ae6d00e2e02
amouyal:89,set_32,177,prob,gp,lingering,demo_reg_query_reg_raw_assertion,reg,reg,raw,assertion,0.887732207775116,0.11226779222488403,0,0.9046227931976318,a191bbbe1bed958374bd08642270bbd320fd2b75610f4d345b5776690c5a2170
amouyal:90,set_32,180,prob,non_gp,simple,demo_reg_query_reg_raw_assertion,reg,reg,raw,assertion,0.9991166591644287,0.9991166591644287,1,0.9825804233551025,e7ab6797cfb2c679822426261de68908f154bd145a39df57756b6c28751f776d
amouyal:91,set_32,181,prob,non_gp,lingering,demo_reg_query_reg_raw_assertion,reg,reg,raw,assertion,0.000707487459294498,0.9992925125407055,1,0.959149181842804,a4895ce83ffa9eefd2edf2482f9017873c78cc01df244a04c5b190d38d78659a
amouyal:92,set_33,184,prob,gp,simple,demo_reg_query_reg_raw_assertion,reg,reg,raw,assertion,0.9882809519767761,0.9882809519767761,1,0.9479515552520752,0e06c179f8dbf6108ec6914e98f93714ab6206e95ac990bbb7760e473b4cc83c
amouyal:93,set_33,185,prob,gp,lingering,demo_reg_query_reg_raw_assertion,reg,reg,raw,assertion,0.9723584055900574,0.027641594409942627,0,0.8984779715538025,0bc667499c7b151c5d50f79164f7c37fc143df8b50566d8e5375e3756991ac08
amouyal:94,set_33,188,prob,non_gp,simple,demo_reg_query_reg_raw_assertion,reg,reg,raw,assertion,0.9961947798728943,0.9961947798728943,1,0.9749558568000793,a8d499f9fb3e4bd372685ec733347f40c42c4617430859e2d56e21c09eb0f5a8
amouyal:95,set_33,189,prob,non_gp,lingering,demo_reg_query_reg_raw_assertion,reg,reg,raw,assertion,0.9972085356712341,0.002791464328765869,0,0.9669227600097656,7fe1edfa8f578b6fec44c6e59cda77c56a9447c2afa4ed19f25dc3495aa0e34c
amouyal:96,set_34,192,prob,gp,simple,demo_reg_query_reg_raw_assertion,reg,reg,raw,assertion,0.9980164766311646,0.9980164766311646,1,0.9824342131614685,c3becc28cdbfffbc6174ea0691fa5de32326d255b5433cd10a1b42fab530fca4
amouyal:97,set_34,193,prob,gp,lingering,demo_reg_query_reg_raw_assertion,reg,reg,raw,assertion,0.9696323275566101,0.030367672443389893,0,0.9447078108787537,67abde6c91cf96816db25bf7374c7e8b43fb8baaa3fcea25802c606c3b8e6370
amouyal:98,set_34,196,prob,non_gp,simple,demo_reg_query_reg_raw_assertion,reg,reg,raw,assertion,0.998876690864563,0.998876690864563,1,0.9884833097457886,165ed8f76fa513cadbe3be1988c7004e15766690b6679dfac0fcee1923ab5d63
amouyal:99,set_34,197,prob,non_gp,lingering,demo_reg_query_reg_raw_assertion,reg,reg,raw,assertion,0.021966446191072464,0.9780335538089275,1,0.88346928358078,7642fbce1b96ecca88686585262b56023720739e504d52c11097e8885f6d5b4f
amouyal:100,set_35,200,prob,gp,simple,demo_reg_query_reg_raw_assertion,reg,reg,raw,assertion,0.9892547726631165,0.9892547726631165,1,0.9619742631912231,9920d0fb538399429f6774e7653d401a9427c4ce037ff467635d1ad4beb2f4a8
amouyal:101,set_35,201,prob,gp,lingering,demo_reg_query_reg_raw_assertion,reg,reg,raw,assertion,0.9116337299346924,0.08836627006530762,0,0.8207484483718872,00cc09e3752b19e3c7f32c79f09d7823f11ff6f7d1a7dc6709d05d5d3349465d
amouyal:102,set_35,204,prob,non_gp,simple,demo_reg_query_reg_raw_assertion,reg,reg,raw,assertion,0.9900094270706177,0.9900094270706177,1,0.9661992788314819,795ea441e38eab90a8e66dc1bacbcae83e050cbba9b9133937644f1a088be88d
amouyal:103,set_35,205,prob,non_gp,lingering,demo_reg_query_reg_raw_assertion,reg,reg,raw,assertion,0.9991374611854553,0.0008625388145446777,0,0.982391893863678,be287c22e54a8cc6e56b0219532fc97b4e6a808726bf70f15143b246dac5d8d9
amouyal:104,set_36,208,prob,gp,simple,demo_reg_query_reg_raw_assertion,reg,reg,raw,assertion,0.9967846274375916,0.9967846274375916,1,0.9688405990600586,145b8452e5dbe17f30947ceaa6538abf829fb26398b163445ba37966911cf7e7
amouyal:105,set_36,209,prob,gp,lingering,demo_reg_query_reg_raw_assertion,reg,reg,raw,assertion,0.972197413444519,0.027802586555480957,0,0.9328637719154358,ab05461d81c918a0aef651d9d657866ae4217171f4c07363525426d260670da9
amouyal:106,set_36,212,prob,non_gp,simple,demo_reg_query_reg_raw_assertion,reg,reg,raw,assertion,0.9990938901901245,0.9990938901901245,1,0.9808452725410461,4122e820f1ed39f8666c558c9b17395b993d604b08dda0cc7fe7a71ae313ab0d
amouyal:107,set_36,213,prob,non_gp,lingering,demo_reg_query_reg_raw_assertion,reg,reg,raw,assertion,0.8841888308525085,0.11581116914749146,0,0.8971992135047913,a0d36c9b60dd02036d39331c0c7038a1543781ef405922e3d62e01452ecb66b8
amouyal:108,set_37,216,prob,gp,simple,demo_reg_query_reg_raw_assertion,reg,reg,raw,assertion,0.6637586355209351,0.6637586355209351,1,0.8299249410629272,d2226a241413620ccbaf4f614e6e064574f24d15aacffa62e1d3f2982ef6157a
amouyal:109,set_37,217,prob,gp,lingering,demo_reg_query_reg_raw_assertion,reg,reg,raw,assertion,0.9854655265808105,0.014534473419189453,0,0.9442975521087646,3dec20f6a714a078a3e20f8e12b6c9c13ab09f8686fcb689243e300d92d4a13e
amouyal:110,set_37,220,prob,non_gp,simple,demo_reg_query_reg_raw_assertion,reg,reg,raw,assertion,0.9952289462089539,0.9952289462089539,1,0.9699699878692627,77ee0a4d3ba2edc33efe311c46ff64e98000ec523c2245c663a8d3c2ddab6280
amouyal:111,set_37,221,prob,non_gp,lingering,demo_reg_query_reg_raw_assertion,reg,reg,raw,assertion,0.36644139885902405,0.633558601140976,1,0.7381392121315002,92eb6464e31cbd9b82bfbee311cfb95d282c1136ddc9324c7b80a23a056244dc
amouyal:112,set_38,224,prob,gp,simple,demo_reg_query_reg_raw_assertion,reg,reg,raw,assertion,0.9056385159492493,0.9056385159492493,1,0.8769757151603699,e8f4c490e85a25195026486d9d9b4460816d38ebc88acd2f9f6636946fa4b0ac
amouyal:113,set_38,225,prob,gp,lingering,demo_reg_query_reg_raw_assertion,reg,reg,raw,assertion,0.9732471108436584,0.026752889156341553,0,0.925485372543335,ff0de99343ab98610ad9a9d7c0a09681ad838bdc4d6805ef2ef06e0bf9e6e78e
amouyal:114,set_38,228,prob,non_gp,simple,demo_reg_query_reg_raw_assertion,reg,reg,raw,assertion,0.986825168132782,0.986825168132782,1,0.903458297252655,00d58d7ff40d0b902d49c5790718870e40ee5ff8e6ae10904f21ab87eafa00ea
amouyal:115,set_38,229,prob,non_gp,lingering,demo_reg_query_reg_raw_assertion,reg,reg,raw,assertion,0.8624654412269592,0.13753455877304077,0,0.8192175030708313,b995bc4243818834591334a0a674435ef7380ba68ba6dc357f94a37e057c4380
amouyal:116,set_39,232,prob,gp,simple,demo_reg_query_reg_raw_assertion,reg,reg,raw,assertion,0.9910790324211121,0.9910790324211121,1,0.9360030293464661,c6aa5e7a5bb94bd4dedc7ce67bf814779fffa4466413b1ffc4d5b2eeacf191fa
amouyal:117,set_39,233,prob,gp,lingering,demo_reg_query_reg_raw_assertion,reg,reg,raw,assertion,0.9863159656524658,0.01368403434753418,0,0.9083544611930847,28201d5b5d4ee96e2c1a8e21c5937bec2fbe3982ad132a8c4fed1674100c93f2
amouyal:118,set_39,236,prob,non_gp,simple,demo_reg_query_reg_raw_assertion,reg,reg,raw,assertion,0.9985355734825134,0.9985355734825134,1,0.9670251607894897,1854753c78c81e07a47f28a570eda8494803c5a38f46b1c3cae771dfbce01c38
amouyal:119,set_39,237,prob,non_gp,lingering,demo_reg_query_reg_raw_assertion,reg,reg,raw,assertion,0.9032519459724426,0.09674805402755737,0,0.7620294094085693,1e4886b195adedb0a1be9c1c133f56ed599b1ec5a233dfbc6150d99a43a8cd17
amouyal:120,set_40,240,prob,gp,simple,demo_reg_query_reg_raw_assertion,reg,reg,raw,assertion,0.578535795211792,0.578535795211792,1,0.7149469256401062,5d07a420964f478ad7b00415ee123cd18f7bd44f9670fe27212db91f40b982ac
amouyal:121,set_40,241,prob,gp,lingering,demo_reg_query_reg_raw_assertion,reg,reg,raw,assertion,0.9578045010566711,0.04219549894332886,0,0.9338290095329285,f2770370bd31f8fb0e3b6e436e4b2b61aacd173c85e82576084b0d7df4b75e83
amouyal:122,set_40,244,prob,non_gp,simple,demo_reg_query_reg_raw_assertion,reg,reg,raw,assertion,0.9888136982917786,0.9888136982917786,1,0.9670642614364624,382a21b81a0dc67a5a80087392cba5638310eb5db3b134c905fcdd12de6b5abf
amouyal:123,set_40,245,prob,non_gp,lingering,demo_reg_query_reg_raw_assertion,reg,reg,raw,assertion,0.10842062532901764,0.8915793746709824,1,0.7624261379241943,07d2e485a33f84977fa7ecaf6560d4b58b77bdfa5e4e88729a3bdcafd458ec2b
amouyal:124,set_41,248,prob,gp,simple,demo_reg_query_reg_raw_assertion,reg,reg,raw,assertion,0.9978734850883484,0.9978734850883484,1,0.972135603427887,0c417b21c12971fd8dcc940cde6fd5602fa9de6a227eb146b2e72ab487e76771
amouyal:125,set_41,249,prob,gp,lingering,demo_reg_query_reg_raw_assertion,reg,reg,raw,assertion,0.9026509523391724,0.09734904766082764,0,0.8771714568138123,de3054e25f0f9ab246efe04a7593cfad6e751fe8918c8fd93b3b5679a521c973
amouyal:126,set_41,252,prob,non_gp,simple,demo_reg_query_reg_raw_assertion,reg,reg,raw,assertion,0.9985840916633606,0.9985840916633606,1,0.9781749248504639,f35d03cd162af7cdee163eb64e401cc3f46f3b968eb5acfde5576dd441a4aaf0
amouyal:127,set_41,253,prob,non_gp,lingering,demo_reg_query_reg_raw_assertion,reg,reg,raw,assertion,0.9511990547180176,0.04880094528198242,0,0.930993914604187,e127c92da56f4ca2682af19b90b70775b83e3c9c04d3bfb6eb4022a4c8dcb3d0
amouyal:128,set_42,256,prob,gp,simple,demo_reg_query_reg_raw_assertion,reg,reg,raw,assertion,0.9983554482460022,0.9983554482460022,1,0.966183602809906,908dcd43c1fd9f798489f84f8f016d4c6ff634d7c729d4df090f75f42abc0f24
amouyal:129,set_42,257,prob,gp,lingering,demo_reg_query_reg_raw_assertion,reg,reg,raw,assertion,0.9963743090629578,0.0036256909370422363,0,0.9654245376586914,ecdc33a2cf7796ad6a912ed35dcefdb570724f8232daa49ec7126e46022b693e
amouyal:130,set_42,260,prob,non_gp,simple,demo_reg_query_reg_raw_assertion,reg,reg,raw,assertion,0.9984184503555298,0.9984184503555298,1,0.9670653939247131,5c96ac8e9a38d39728486cfb9189f389bceabe4f3643740d2cde53a0a893ea34
amouyal:131,set_42,261,prob,non_gp,lingering,demo_reg_query_reg_raw_assertion,reg,reg,raw,assertion,0.6730738282203674,0.32692617177963257,0,0.6964524388313293,a35155733133b09c40e918c583573511b90cafea449283eb5b6b53f5695192dc
amouyal:132,set_43,264,prob,gp,simple,demo_reg_query_reg_raw_assertion,reg,reg,raw,assertion,0.9905312061309814,0.9905312061309814,1,0.9418938159942627,07b87fedd23e1f0413945bb0e49bb3c7c602e02b34ce4f707312a1fd2cefdc66
amouyal:133,set_43,265,prob,gp,lingering,demo_reg_query_reg_raw_assertion,reg,reg,raw,assertion,0.9905029535293579,0.00949704647064209,0,0.9612812399864197,42edb66dfb2964d41408f4ad1bd0ef31de32aae869510736186af314a27e0fac
amouyal:134,set_43,268,prob,non_gp,simple,demo_reg_query_reg_raw_assertion,reg,reg,raw,assertion,0.9969285130500793,0.9969285130500793,1,0.956337034702301,ca659ae6fab731a982287434aa0874e16910fe1f538a37ae32da69f90beb0feb
amouyal:135,set_43,269,prob,non_gp,lingering,demo_reg_query_reg_raw_assertion,reg,reg,raw,assertion,0.998656153678894,0.001343846321105957,0,0.9846143126487732,14cfc228a9ffd5358ee481a46e28308614cbd8fc627286f1000794149a098aab
amouyal:136,set_44,272,prob,gp,simple,demo_reg_query_reg_raw_assertion,reg,reg,raw,assertion,0.9420796632766724,0.9420796632766724,1,0.8763461112976074,33e6db27d4667513dae9158ed06bdd5faf23bed6cff781aeb63512653b94e8a6
amouyal:137,set_44,273,prob,gp,lingering,demo_reg_query_reg_raw_assertion,reg,reg,raw,assertion,0.9635615944862366,0.03643840551376343,0,0.8870978355407715,d6cb56ce06d899e6e3b5e8981392015b29c0a9864b1c40bdaa085c808859e8fc
amouyal:138,set_44,276,prob,non_gp,simple,demo_reg_query_reg_raw_assertion,reg,reg,raw,assertion,0.9864578247070312,0.9864578247070312,1,0.9248418211936951,d887475e442d1262bebfcf37f2ac3a698c585d89b1a22172ab34d20d095fae7d
amouyal:139,set_44,277,prob,non_gp,lingering,demo_reg_query_reg_raw_assertion,reg,reg,raw,assertion,0.9414212107658386,0.05857878923416138,0,0.8993389010429382,ceee9d335ba22aeb7f7692488acb66b4dc0e46ba27be0bbc0cf7b7a572d46b84
amouyal:140,set_45,280,prob,gp,simple,demo_reg_query_reg_raw_assertion,reg,reg,raw,assertion,0.9842532873153687,0.9842532873153687,1,0.9444518089294434,dbaa7d4e560d8456e5cd404191e76aed09f58d6ae7e16179e6d9b75319620cb1
amouyal:141,set_45,281,prob,gp,lingering,demo_reg_query_reg_raw_assertion,reg,reg,raw,assertion,0.9706758856773376,0.029324114322662354,0,0.9215567111968994,298225214beb573b4c40cfa9c5348cb37cc525c4a92e4922f08a572ffb1ab2c9
amouyal:142,set_45,284,prob,non_gp,simple,demo_reg_query_reg_raw_assertion,reg,reg,raw,assertion,0.9992896914482117,0.9992896914482117,1,0.9736675024032593,68fe2f235a51e73ec354f5004630e343bd5b76249d2d7def15638dafdd7b613d
amouyal:143,set_45,285,prob,non_gp,lingering,demo_reg_query_reg_raw_assertion,reg,reg,raw,assertion,0.9959895014762878,0.004010498523712158,0,0.9679020643234253,fb6639db505456c0ae3521d599176b41778503f9c64216dbb48cd00ca228c0ba
amouyal:144,set_hyp5_1,288,reflexive,non_gp,simple,demo_reg_query_reg_raw_assertion,reg,reg,raw,assertion,0.9909319877624512,0.9909319877624512,1,0.9751742482185364,7dfaae20d83697a46ffeb78c3419b46fcd4da1c461dab9559ec5c2813925f3b8
amouyal:145,set_hyp5_1,289,reflexive,non_gp,lingering,demo_reg_query_reg_raw_assertion,reg,reg,raw,assertion,0.40441471338272095,0.595585286617279,1,0.7311467528343201,5bb493c56276ef5d195221acfaa932a77b1bd209709fb9857aea6420d3843d6e
amouyal:146,set_hyp5_2,290,reflexive,non_gp,simple,demo_reg_query_reg_raw_assertion,reg,reg,raw,assertion,0.9989637732505798,0.9989637732505798,1,0.9692096710205078,ee0b687c1986054de82822157dbacf03c2359b0485025c98eaf10c1923d9c5f7
amouyal:147,set_hyp5_2,291,reflexive,non_gp,lingering,demo_reg_query_reg_raw_assertion,reg,reg,raw,assertion,0.0005976159009151161,0.9994023840990849,1,0.951821506023407,d518ce8946a722733f8a886599ef57de95109651824fc9b205ed85ae7274a3ad
amouyal:148,set_hyp5_3,292,reflexive,non_gp,simple,demo_reg_query_reg_raw_assertion,reg,reg,raw,assertion,0.9986005425453186,0.9986005425453186,1,0.9755905270576477,da6e8a53fed41647156f4f9956be6218f5f54fa43cf42f4ac07fb23c0b963a90
amouyal:149,set_hyp5_3,293,reflexive,non_gp,lingering,demo_reg_query_reg_raw_assertion,reg,reg,raw,assertion,0.0025731553323566914,0.9974268446676433,1,0.8984886407852173,a4600c354826774c48b6b30b942452540c9470aa32e6934b23a6cc986797ebe5
amouyal:150,set_hyp5_4,294,reflexive,non_gp,simple,demo_reg_query_reg_raw_assertion,reg,reg,raw,assertion,0.9943885803222656,0.9943885803222656,1,0.9691990613937378,3ef689f138d4d9d0d5b1c0007fffee83a5dde7cc2d20ff03bc9fd6fcdee60afb
amouyal:151,set_hyp5_4,295,reflexive,non_gp,lingering,demo_reg_query_reg_raw_assertion,reg,reg,raw,assertion,0.0036402218975126743,0.9963597781024873,1,0.8772134184837341,54121ad9a680067833052dca8fac0417720f86378474ea538d2bb403164669f3
amouyal:152,set_hyp5_5,296,reflexive,non_gp,simple,demo_reg_query_reg_raw_assertion,reg,reg,raw,assertion,0.998885452747345,0.998885452747345,1,0.9836975932121277,c7c66ab4814611e0695c2d1754313e9640495c69036465b959a49d9770c1c42e
amouyal:153,set_hyp5_5,297,reflexive,non_gp,lingering,demo_reg_query_reg_raw_assertion,reg,reg,raw,assertion,0.001614243839867413,0.9983857561601326,1,0.9195759892463684,9e2a3cc2335b4f676af6257e61caaeed896d42ba3284ee611cfc956676fb6112
amouyal:154,set_hyp5_6,298,reflexive,non_gp,simple,demo_reg_query_reg_raw_assertion,reg,reg,raw,assertion,0.9979762434959412,0.9979762434959412,1,0.9664490818977356,ea83e03bc15a0a7f4b7e79072aba8bc972574153e3cf6acdf070180e95619dea
amouyal:155,set_hyp5_6,299,reflexive,non_gp,lingering,demo_reg_query_reg_raw_assertion,reg,reg,raw,assertion,0.010101941414177418,0.9898980585858226,1,0.890794575214386,7b2a836e675cf82a6ac64cd17ecf657ae2e9c5f742d13ae7e4e228d7375e607a
amouyal:156,set_hyp5_7,300,reflexive,non_gp,simple,demo_reg_query_reg_raw_assertion,reg,reg,raw,assertion,0.9983766674995422,0.9983766674995422,1,0.9809672832489014,e5609bf82012e0d6870ffa6760230e9cd46048fa0f3b1988a7423f3c64341620
amouyal:157,set_hyp5_7,301,reflexive,non_gp,lingering,demo_reg_query_reg_raw_assertion,reg,reg,raw,assertion,0.0009881119476631284,0.9990118880523369,1,0.9449301958084106,2f91971380cce42d94c9971177ab3a3d48edf7874b490d490d8cde803da37c7e
amouyal:158,set_hyp5_8,302,reflexive,non_gp,simple,demo_reg_query_reg_raw_assertion,reg,reg,raw,assertion,0.9984148740768433,0.9984148740768433,1,0.9732192754745483,7a3e7e2b5b87eef125ac5b6b2595d66865b801e64c1b74008d6f28550db365fd
amouyal:159,set_hyp5_8,303,reflexive,non_gp,lingering,demo_reg_query_reg_raw_assertion,reg,reg,raw,assertion,0.0022181819658726454,0.9977818180341274,1,0.9009976983070374,e6b3ce26c667da1c81d4939faf1471efe285b3154e5bd8ea689a58fee5c6446d
amouyal:160,set_hyp5_9,304,reflexive,non_gp,simple,demo_reg_query_reg_raw_assertion,reg,reg,raw,assertion,0.9985448718070984,0.9985448718070984,1,0.9868649840354919,41b8224a41af59a8f8e3ab09687ba43a10dd4938b9c89907d85e050441262faf
amouyal:161,set_hyp5_9,305,reflexive,non_gp,lingering,demo_reg_query_reg_raw_assertion,reg,reg,raw,assertion,0.9291369318962097,0.07086306810379028,0,0.9515026807785034,5e70e617a4b914033b54d622a65597cd06e3ee4ee37ec619caf47fa4630841b0
amouyal:162,set_hyp5_10,306,reflexive,non_gp,simple,demo_reg_query_reg_raw_assertion,reg,reg,raw,assertion,0.9991252422332764,0.9991252422332764,1,0.9828835129737854,516d0b78f8d5f84006817ccf712830792b5841f379d185eda332de27f8da0d73
amouyal:163,set_hyp5_10,307,reflexive,non_gp,lingering,demo_reg_query_reg_raw_assertion,reg,reg,raw,assertion,0.5818942785263062,0.41810572147369385,0,0.8555761575698853,1a4540977f5f0f35ea9fd9a9cc43988f90656022f80e4070cf9b81857dc87985
amouyal:164,set_hyp5_11,308,reflexive,non_gp,simple,demo_reg_query_reg_raw_assertion,reg,reg,raw,assertion,0.9982499480247498,0.9982499480247498,1,0.9780334830284119,bd9877c84b91ea3422b98bb08811b617638525c40c693b1421258404d1cc99d3
amouyal:165,set_hyp5_11,309,reflexive,non_gp,lingering,demo_reg_query_reg_raw_assertion,reg,reg,raw,assertion,0.00048066474846564233,0.9995193352515344,1,0.962350070476532,3626de1b0fa6f4d961935f362044be4d07f851ef382ce24189941c47f8e0de36
amouyal:166,set_hyp5_12,310,reflexive,non_gp,simple,demo_reg_query_reg_raw_assertion,reg,reg,raw,assertion,0.9989844560623169,0.9989844560623169,1,0.974152147769928,95477d15e0d1414782b4fce573d04e070eba9a178fa95f8b8cffc541d1ff62a4
amouyal:167,set_hyp5_12,311,reflexive,non_gp,lingering,demo_reg_query_reg_raw_assertion,reg,reg,raw,assertion,0.005347812548279762,0.9946521874517202,1,0.8715359568595886,f0981d3abe1bdc334d1bffabcdaa969625228a542ceef2b761949b79195d57f0
amouyal:168,set_hyp5_13,312,reflexive,non_gp,simple,demo_reg_query_reg_raw_assertion,reg,reg,raw,assertion,0.9969949126243591,0.9969949126243591,1,0.9276805520057678,be7999381b4d5bae97f2627e9cd9e316917720e21abc039d8c705e096cf193ba
amouyal:169,set_hyp5_13,313,reflexive,non_gp,lingering,demo_reg_query_reg_raw_assertion,reg,reg,raw,assertion,0.006825885269790888,0.9931741147302091,1,0.8000653386116028,cf9a1a46e05cbd5f6e39d6598d97a1a97b50d0066d55b649cdba14681bcc89b2
amouyal:170,set_hyp5_14,314,reflexive,non_gp,simple,demo_reg_query_reg_raw_assertion,reg,reg,raw,assertion,0.9216997027397156,0.9216997027397156,1,0.8780605792999268,c0b25e210a74f29217bb422f11988aef64bc154dfc2f672a1ab2daecbaa21b77
amouyal:171,set_hyp5_14,315,reflexive,non_gp,lingering,demo_reg_query_reg_raw_assertion,reg,reg,raw,assertion,0.00346316653303802,0.996536833466962,1,0.8870319724082947,07af06103f34ff733cd9ecc972d18e108f6b5e6c64e6d8df6c815b966b55257f
amouyal:172,set_hyp5_15,316,reflexive,non_gp,simple,demo_reg_query_reg_raw_assertion,reg,reg,raw,assertion,0.9987063407897949,0.9987063407897949,1,0.950623631477356,36b7e7c3e017110821096bd01d82372e238f515da684cc1f9191f19eb59b9ce1
amouyal:173,set_hyp5_15,317,reflexive,non_gp,lingering,demo_reg_query_reg_raw_assertion,reg,reg,raw,assertion,0.09048941731452942,0.9095105826854706,1,0.7238128781318665,34c52f2fcf868f9621f9163ec9ed988734af43f9904fb4ccad4db6581dd5c87a
amouyal:174,set_hyp5_16,318,reflexive,non_gp,simple,demo_reg_query_reg_raw_assertion,reg,reg,raw,assertion,0.9975299835205078,0.9975299835205078,1,0.9624496102333069,8366898d0bfb8ce25cd102c64716d81357466c044372794615b269c60e49645e
amouyal:175,set_hyp5_16,319,reflexive,non_gp,lingering,demo_reg_query_reg_raw_assertion,reg,reg,raw,assertion,0.9899105429649353,0.010089457035064697,0,0.942790150642395,7820b6429f6c07064e34bad5d8aa087e4bb9c1f2d14f2f67ab5ed249d730ed65
amouyal:176,set_hyp5_17,320,reflexive,non_gp,simple,demo_reg_query_reg_raw_assertion,reg,reg,raw,assertion,0.9983305335044861,0.9983305335044861,1,0.9794872999191284,177848a94c185ee554c677bbc69259344af9a3758a1415a2baf7650e0367bdb2
amouyal:177,set_hyp5_17,321,reflexive,non_gp,lingering,demo_reg_query_reg_raw_assertion,reg,reg,raw,assertion,0.002075960859656334,0.9979240391403437,1,0.898922860622406,0ddd16443b8d41a80127b64666288c15170c5e3ae2b29ce93caaa0796376e746
amouyal:178,set_hyp5_18,322,reflexive,non_gp,simple,demo_reg_query_reg_raw_assertion,reg,reg,raw,assertion,0.04044811427593231,0.04044811427593231,0,0.6148929595947266,10e8f8abe919b84a592ed47e01e9f46632b75eae49ecc700f5664346fd5d4ee3
amouyal:179,set_hyp5_18,323,reflexive,non_gp,lingering,demo_reg_query_reg_raw_assertion,reg,reg,raw,assertion,0.006505372002720833,0.9934946279972792,1,0.8649845719337463,aefdbcf665210c60a993f3a89ced440413428ad03e49acfcce1989cc21b7f3e7
amouyal:180,set_hyp5_19,324,reflexive,non_gp,simple,demo_reg_query_reg_raw_assertion,reg,reg,raw,assertion,0.9991917014122009,0.9991917014122009,1,0.9803160429000854,4b8d9b619ed0568c3a0b31b0ae6f18389eb8931ba7daa6a9813b726942b2774f
amouyal:181,set_hyp5_19,325,reflexive,non_gp,lingering,demo_reg_query_reg_raw_assertion,reg,reg,raw,assertion,0.0005112359649501741,0.9994887640350498,1,0.9621365070343018,95b6e6e413bdc0616a57846d9e4f51e416dceece4a9b2af4830e63b3eb7f6fe5
amouyal:182,set_hyp5_20,326,reflexive,non_gp,simple,demo_reg_query_reg_raw_assertion,reg,reg,raw,assertion,0.9977670311927795,0.9977670311927795,1,0.9745379090309143,0f626633deaa149cba3ab49aef1a831c51ca51ecd0b931113acde2962f24bda6
amouyal:183,set_hyp5_20,327,reflexive,non_gp,lingering,demo_reg_query_reg_raw_assertion,reg,reg,raw,assertion,0.07715213298797607,0.9228478670120239,1,0.8187265396118164,a6e2409c52bdc2fd3a9ea4badf79ff29502a1e4b7bd3ec460bbaeff33f9b51b0
amouyal:184,set_hyp5_21,328,reflexive,non_gp,simple,demo_reg_query_reg_raw_assertion,reg,reg,raw,assertion,0.9966683387756348,0.9966683387756348,1,0.970951497554779,109505242e73b93483349c59756afdb1510d8a542705cb887eebc9bb795ee753
amouyal:185,set_hyp5_21,329,reflexive,non_gp,lingering,demo_reg_query_reg_raw_assertion,reg,reg,raw,assertion,0.09032367169857025,0.9096763283014297,1,0.7694708108901978,df8ed40a683e64253eda3580c60a927bfe2a8842a188415df5469e5cfbf135e9
amouyal:186,set_hyp5_22,330,reflexive,non_gp,simple,demo_reg_query_reg_raw_assertion,reg,reg,raw,assertion,0.9986711144447327,0.9986711144447327,1,0.9736315608024597,a812ca07f82a82182725a19f16a61bb14083b317908a09f5809b93e5f44cefe8
amouyal:187,set_hyp5_22,331,reflexive,non_gp,lingering,demo_reg_query_reg_raw_assertion,reg,reg,raw,assertion,0.0020469326991587877,0.9979530673008412,1,0.9109538793563843,b45fb3fda1a94e0c38a6baa90629eeb51b9bcdf961f11431c408904a60f6d18b
amouyal:188,set_hyp5_23,332,reflexive,non_gp,simple,demo_reg_query_reg_raw_assertion,reg,reg,raw,assertion,0.9992099404335022,0.9992099404335022,1,0.9751580357551575,e407fa8c4b01582310c0ee5783b0498698862d0f18f8009d386d23bd72095753
amouyal:189,set_hyp5_23,333,reflexive,non_gp,lingering,demo_reg_query_reg_raw_assertion,reg,reg,raw,assertion,0.04942828416824341,0.9505717158317566,1,0.8284292221069336,416efdcdcb1678f15f6e550daa04a52b262bcd62535187978848fc712fbda338
amouyal:190,set_hyp5_24,334,reflexive,non_gp,simple,demo_reg_query_reg_raw_assertion,reg,reg,raw,assertion,0.9959939122200012,0.9959939122200012,1,0.9613755345344543,f7ab84f29a7127c8b9d1d145d597a39a96456f2ffc589c13a4827b70894e743c
amouyal:191,set_hyp5_24,335,reflexive,non_gp,lingering,demo_reg_query_reg_raw_assertion,reg,reg,raw,assertion,0.6276428699493408,0.3723571300506592,0,0.7828547954559326,0a20e1c7d986894151af6a36738b5ad84682a8deafcf799f77a96ddaf0e2fee5
amouyal:192,set_hyp5_1,336,reflexive,gp,simple,demo_reg_query_reg_raw_assertion,reg,reg,raw,assertion,0.9939643740653992,0.9939643740653992,1,0.9806035161018372,335cca8431fddaba2282bff2ab01916e49f520b8b53334e3ded2c63743169567
amouyal:193,set_hyp5_1,337,reflexive,gp,lingering,demo_reg_query_reg_raw_assertion,reg,reg,raw,assertion,0.16811449825763702,0.831885501742363,1,0.8015096187591553,8f142535942c0c4f23927ea04ee1aaad421961ae75d8653c9b701ae58884ff2f
amouyal:194,set_hyp5_2,338,reflexive,gp,simple,demo_reg_query_reg_raw_assertion,reg,reg,raw,assertion,0.9988464713096619,0.9988464713096619,1,0.9773353934288025,76ceb9a12e75513275ba9aaf67b0d222cd0dcbf86534429f0562a1dd3e098119
amouyal:195,set_hyp5_2,339,reflexive,gp,lingering,demo_reg_query_reg_raw_assertion,reg,reg,raw,assertion,0.04718387871980667,0.9528161212801933,1,0.7876783609390259,4f282fe783ea51a3d3bd6e1b340af974461a402fab03d89dd0956db3932d0f75
amouyal:196,set_hyp5_3,340,reflexive,gp,simple,demo_reg_query_reg_raw_assertion,reg,reg,raw,assertion,0.9841387271881104,0.9841387271881104,1,0.9441850781440735,b920944a6a703550b4539a3b3bb98eb0b449a01e86445986c4bf801e245685b4
amouyal:197,set_hyp5_3,341,reflexive,gp,lingering,demo_reg_query_reg_raw_assertion,reg,reg,raw,assertion,0.2769482433795929,0.7230517566204071,1,0.7460983991622925,af5eec0d4ffcb8cac189bb1aecbf2bb0596ee67f94d68fac99d292d509476c63
amouyal:198,set_hyp5_4,342,reflexive,gp,simple,demo_reg_query_reg_raw_assertion,reg,reg,raw,assertion,0.9957035779953003,0.9957035779953003,1,0.9661211371421814,cdd98d51993edf2783fe2928ddf21873a7b04e9b33661c925196052c9a41cc88
amouyal:199,set_hyp5_4,343,reflexive,gp,lingering,demo_reg_query_reg_raw_assertion,reg,reg,raw,assertion,0.60402911901474,0.39597088098526,0,0.7755578756332397,8f9878057a4bec5b539d6f4a65fdb5b9e0cfaf2d6d899c01c3d3e1cc631dc416
amouyal:200,set_hyp5_5,344,reflexive,gp,simple,demo_reg_query_reg_raw_assertion,reg,reg,raw,assertion,0.9951955676078796,0.9951955676078796,1,0.9705683588981628,24f2e9263478f482472c65f8d1fe182d5b9f3ce618ab33ece3eba797cf6b5f77
amouyal:201,set_hyp5_5,345,reflexive,gp,lingering,demo_reg_query_reg_raw_assertion,reg,reg,raw,assertion,0.9652808904647827,0.034719109535217285,0,0.9301753044128418,4a9ad6b9a804a046d640890074421a23ce653314d1dd6d13a1ba59954d35d45a
amouyal:202,set_hyp5_6,346,reflexive,gp,simple,demo_reg_query_reg_raw_assertion,reg,reg,raw,assertion,0.9888961911201477,0.9888961911201477,1,0.9677233695983887,906caf17e19521c6267bb7f584607bddbb78a6d0add26a19db1a8dad73c1e23a
amouyal:203,set_hyp5_6,347,reflexive,gp,lingering,demo_reg_query_reg_raw_assertion,reg,reg,raw,assertion,0.9185262322425842,0.08147376775741577,0,0.9049193263053894,dfbb725158114ceb3cac4d54af1fb9bfd97cb18651d655c4a5e0acd054c8ecb0
amouyal:204,set_hyp5_7,348,reflexive,gp,simple,demo_reg_query_reg_raw_assertion,reg,reg,raw,assertion,0.996351957321167,0.996351957321167,1,0.9812881350517273,746ef6cedf0fa7a0817718a5f73fcc47afff7c8b60bd4dff352168471f070913
amouyal:205,set_hyp5_7,349,reflexive,gp,lingering,demo_reg_query_reg_raw_assertion,reg,reg,raw,assertion,0.08753925561904907,0.9124607443809509,1,0.8275061845779419,d246f1ae55de1a279560b582d7c62f0ae6ecb024e98b4c7c50e1a71071fa32de
amouyal:206,set_hyp5_8,350,reflexive,gp,simple,demo_reg_query_reg_raw_assertion,reg,reg,raw,assertion,0.9979629516601562,0.9979629516601562,1,0.9641231894493103,a1a59282422a273b2c3bc7eec9308eb40cad02c3c1931778ceb786d78e7a59b9
amouyal:207,set_hyp5_8,351,reflexive,gp,lingering,demo_reg_query_reg_raw_assertion,reg,reg,raw,assertion,0.0817311480641365,0.9182688519358635,1,0.7758737802505493,b01745cf2e47621286463ee178aa0fd787f7cf53c21323fad4ce5a93f1f70dbd
amouyal:208,set_hyp5_9,352,reflexive,gp,simple,demo_reg_query_reg_raw_assertion,reg,reg,raw,assertion,0.9988808631896973,0.9988808631896973,1,0.9841833710670471,792784cae494485c376ebc96756d7bd53e0ce46f88cdd07dd8bfe9d4c9864c47
amouyal:209,set_hyp5_9,353,reflexive,gp,lingering,demo_reg_query_reg_raw_assertion,reg,reg,raw,assertion,0.9924353361129761,0.007564663887023926,0,0.9721999764442444,9259d388fcf5b00d3b13834b6faf4d2268722b6b100853d20b2727f141a3ae17
amouyal:210,set_hyp5_10,354,reflexive,gp,simple,demo_reg_query_reg_raw_assertion,reg,reg,raw,assertion,0.9980062246322632,0.9980062246322632,1,0.9813449382781982,2c910d6abc174eefaa9f435d0f79774ff4dedc9892c79a071ec5d95bf574c17e
amouyal:211,set_hyp5_10,355,reflexive,gp,lingering,demo_reg_query_reg_raw_assertion,reg,reg,raw,assertion,0.9610949754714966,0.03890502452850342,0,0.9072599411010742,68b15019aba5ebd76af7a98fe2eb3ff1e2a1fdbffef0ac918b57d8384b8e40cf
amouyal:212,set_hyp5_11,356,reflexive,gp,simple,demo_reg_query_reg_raw_assertion,reg,reg,raw,assertion,0.9069014191627502,0.9069014191627502,1,0.8003566265106201,cce99aea22ccbf40a197539828e1a02e4ecf6381ffc2f52a02197868c227f906
amouyal:213,set_hyp5_11,357,reflexive,gp,lingering,demo_reg_query_reg_raw_assertion,reg,reg,raw,assertion,0.8122732639312744,0.18772673606872559,0,0.7820990085601807,dd4188300165f8afd8893c148ceaace059b525da1cc880356c7ed7d0d841c708
amouyal:214,set_hyp5_12,358,reflexive,gp,simple,demo_reg_query_reg_raw_assertion,reg,reg,raw,assertion,0.998537540435791,0.998537540435791,1,0.9734663963317871,e18b52e26d7e1ba6730ea28192b452ce3587e14c86f30a78ba3d758a3fd8d2cd
amouyal:215,set_hyp5_12,359,reflexive,gp,lingering,demo_reg_query_reg_raw_assertion,reg,reg,raw,assertion,0.7626206874847412,0.2373793125152588,0,0.7963452935218811,a4b9e130a30cfcbc2728195ddf6e7f645d5af684f2d420d209c83c942cc092e8
amouyal:216,set_hyp5_13,360,reflexive,gp,simple,demo_reg_query_reg_raw_assertion,reg,reg,raw,assertion,0.9558714032173157,0.9558714032173157,1,0.7807554602622986,2adbab6e5d1f41a949c5946e090513668b86c475677f5cee95ca71eb8d4fd702
amouyal:217,set_hyp5_13,361,reflexive,gp,lingering,demo_reg_query_reg_raw_assertion,reg,reg,raw,assertion,0.8163403272628784,0.18365967273712158,0,0.778877854347229,0369393ffb5d852edfb56ec5608368ecb470fd1edeace499645970373034aa78
amouyal:218,set_hyp5_14,362,reflexive,gp,simple,demo_reg_query_reg_raw_assertion,reg,reg,raw,assertion,0.5297103524208069,0.5297103524208069,1,0.7526323795318604,db3a54d12873c01bad15cbde15cbe3deb9192a465c775ee3a3a96d11f05a75fd
amouyal:219,set_hyp5_14,363,reflexive,gp,lingering,demo_reg_query_reg_raw_assertion,reg,reg,raw,assertion,0.3154628574848175,0.6845371425151825,1,0.6963479518890381,27d274ec2f30369363fcd2ec237ae29043eb110e89fb592005586a27d3e34ff3
amouyal:220,set_hyp5_15,364,reflexive,gp,simple,demo_reg_query_reg_raw_assertion,reg,reg,raw,assertion,0.9952366948127747,0.9952366948127747,1,0.9352869987487793,fc46ebb6647c1afebde1b30ff4e6a9e3636dc5ff6b4f2fa44322533f16bcc293
amouyal:221,set_hyp5_15,365,reflexive,gp,lingering,demo_reg_query_reg_raw_assertion,reg,reg,raw,assertion,0.9131296873092651,0.08687031269073486,0,0.8377498984336853,0bdf2ff6d0d874562756493fe001d9234da93d8f0ed404093fa736ca8b790308
amouyal:222,set_hyp5_16,366,reflexive,gp,simple,demo_reg_query_reg_raw_assertion,reg,reg,raw,assertion,0.9956653118133545,0.9956653118133545,1,0.9680306911468506,e6a7ae5692cca53f980746294b1a08b21531b17a1e2570644b62afc16d3e4854
amouyal:223,set_hyp5_16,367,reflexive,gp,lingering,demo_reg_query_reg_raw_assertion,reg,reg,raw,assertion,0.9896287322044373,0.010371267795562744,0,0.9554532766342163,db550ebd2f0fb1847bdff9394371363f1a835334dc75e1ed8ffcb70ebd684c0f
amouyal:224,set_hyp5_17,368,reflexive,gp,simple,demo_reg_query_reg_raw_assertion,reg,reg,raw,assertion,0.9970901012420654,0.9970901012420654,1,0.9791468977928162,d4627bba2ae882365cc8c455cab30152bfdcf46e7f5950d939a71fbb370d3ee9
amouyal:225,set_hyp5_17,369,reflexive,gp,lingering,demo_reg_query_reg_raw_assertion,reg,reg,raw,assertion,0.016159802675247192,0.9838401973247528,1,0.8443394899368286,cd455b5ae8e07937bc051f11434c80f52a9125a85c2a9159ad9b3f774c830027
amouyal:226,set_hyp5_18,370,reflexive,gp,simple,demo_reg_query_reg_raw_assertion,reg,reg,raw,assertion,0.0999259203672409,0.0999259203672409,0,0.37915074825286865,f9e77f888dc63e51e114e2ce39b7dff74df63e58a07fb1f0def3128e29111ff0
amouyal:227,set_hyp5_18,371,reflexive,gp,lingering,demo_reg_query_reg_raw_assertion,reg,reg,raw,assertion,0.9180352687835693,0.08196473121643066,0,0.7773733735084534,26af5240db1936322fda55de80ed8e8bba457de95dddd610722ed0a37ba63b39
amouyal:228,set_hyp5_19,372,reflexive,gp,simple,demo_reg_query_reg_raw_assertion,reg,reg,raw,assertion,0.9978695511817932,0.9978695511817932,1,0.9716746211051941,f56bbb512bd3ba9051e9972453bf1fc95e0a1d146b7a6ff2ca2e089f9190a887
amouyal:229,set_hyp5_19,373,reflexive,gp,lingering,demo_reg_query_reg_raw_assertion,reg,reg,raw,assertion,0.8187404870986938,0.18125951290130615,0,0.8372099995613098,9773b269feb7890eaf8809275d7961888b0327226b205eec08a94c12f0ad00a5
amouyal:230,set_hyp5_20,374,reflexive,gp,simple,demo_reg_query_reg_raw_assertion,reg,reg,raw,assertion,0.9940978288650513,0.9940978288650513,1,0.9670965671539307,e3bdf55bc7fc81fc2f3cad5fff81a14cfc9ba06fef2aeace8daccdf430f18de9
amouyal:231,set_hyp5_20,375,reflexive,gp,lingering,demo_reg_query_reg_raw_assertion,reg,reg,raw,assertion,0.7860196828842163,0.2139803171157837,0,0.7676271200180054,c8231290e3bf8365ad0a69cbe987b5c986bdf3d5da55b9d417873df96a99ecfa
amouyal:232,set_hyp5_21,376,reflexive,gp,simple,demo_reg_query_reg_raw_assertion,reg,reg,raw,assertion,0.9919747114181519,0.9919747114181519,1,0.9644690752029419,8e6128de9527c3936b552307378e3120e8b0312c3085e7f4d7e539ccc4ccacc0
amouyal:233,set_hyp5_21,377,reflexive,gp,lingering,demo_reg_query_reg_raw_assertion,reg,reg,raw,assertion,0.8990602493286133,0.10093975067138672,0,0.8791925311088562,38e8d34db62a9f588f3d1ff5186e238d5f534ff3c5d9dc233513326e85f36c14
amouyal:234,set_hyp5_22,378,reflexive,gp,simple,demo_reg_query_reg_raw_assertion,reg,reg,raw,assertion,0.9919512867927551,0.9919512867927551,1,0.9290459156036377,e101ef7ee3f4ef517d70162c34ee24b4dfc40081f8610fa097f84f60fddbb449
amouyal:235,set_hyp5_22,379,reflexive,gp,lingering,demo_reg_query_reg_raw_assertion,reg,reg,raw,assertion,0.567858874797821,0.43214112520217896,0,0.7186120748519897,909c26520e8c0fd742e3aada188de59db139aa57f7c1951b32d1e9b2efe43273
amouyal:236,set_hyp5_23,380,reflexive,gp,simple,demo_reg_query_reg_raw_assertion,reg,reg,raw,assertion,0.9970257878303528,0.9970257878303528,1,0.9616408944129944,6b39a10de6a41746eb0cbc5a9ff4356ab6f956e522508fad4e539f1b2793b64c
amouyal:237,set_hyp5_23,381,reflexive,gp,lingering,demo_reg_query_reg_raw_assertion,reg,reg,raw,assertion,0.9454353451728821,0.05456465482711792,0,0.8513863682746887,be5b72bc64f0d1c4ff542aab87c5abdde181750da090e17662a2f57d75aeb245
amouyal:238,set_hyp5_24,382,reflexive,gp,simple,demo_reg_query_reg_raw_assertion,reg,reg,raw,assertion,0.9954781532287598,0.9954781532287598,1,0.9594681859016418,c714a4e9bfa7065f5c7dacde7fa3c0f1851bae0596ce72237da5df2e2f81913e
amouyal:239,set_hyp5_24,383,reflexive,gp,lingering,demo_reg_query_reg_raw_assertion,reg,reg,raw,assertion,0.9461577534675598,0.053842246532440186,0,0.8454791903495789,374173a28b73254c398c24e24bb6160525dbaeb4ca3e3080d825b788b010c909
amouyal:240,set_1,384,prob,gp,simple,demo_reg_query_reg_raw_assertion,reg,reg,raw,assertion,0.9935152530670166,0.9935152530670166,1,0.9332234859466553,e58a110d088f36d25603cf89b5b44904196e5646650cec48f0d6e2679dc78199
amouyal:241,set_1,385,prob,gp,lingering,demo_reg_query_reg_raw_assertion,reg,reg,raw,assertion,0.61115962266922,0.38884037733078003,0,0.7191745042800903,43cd23a9d424e7164d5f5622a148e6a962e2dba11e0f4c14e3fa6d2c34ea2715
amouyal:242,set_1,388,prob,non_gp,simple,demo_reg_query_reg_raw_assertion,reg,reg,raw,assertion,0.9985230565071106,0.9985230565071106,1,0.9764416217803955,324fc357a21efdaa2f585d21731c33aa60578cd564e36696f8fe6807a3e0d883
amouyal:243,set_1,389,prob,non_gp,lingering,demo_reg_query_reg_raw_assertion,reg,reg,raw,assertion,0.18787722289562225,0.8121227771043777,1,0.7515231966972351,3c57b72528cee2042acd3f1601ab020101b21a16c605939a8e9083c624019b0f
amouyal:244,set_2,392,prob,gp,simple,demo_reg_query_reg_raw_assertion,reg,reg,raw,assertion,0.9967832565307617,0.9967832565307617,1,0.950269877910614,8526ce0396de326ed7c868894cf0bd24c06495f2e82ad385fc06b2093b6a38f3
amouyal:245,set_2,393,prob,gp,lingering,demo_reg_query_reg_raw_assertion,reg,reg,raw,assertion,0.9739912748336792,0.0260087251663208,0,0.8905559182167053,08c7f670b4fe03033e0959b1c0b4d0bda874de29beb56a4afb515929ae0e5671
amouyal:246,set_2,396,prob,non_gp,simple,demo_reg_query_reg_raw_assertion,reg,reg,raw,assertion,0.9981778264045715,0.9981778264045715,1,0.9472182393074036,d62ca61ab94943b3690ec7decf0ec3cebef093c67ab674efdd5f08ae4db6aa3d
amouyal:247,set_2,397,prob,non_gp,lingering,demo_reg_query_reg_raw_assertion,reg,reg,raw,assertion,0.979141891002655,0.02085810899734497,0,0.8931125402450562,73c61a9ddb4bb336e57f951af0cf43b10b06750580d06fbafcae824b4adb5084
amouyal:248,set_3,400,prob,gp,simple,demo_reg_query_reg_raw_assertion,reg,reg,raw,assertion,0.8439966440200806,0.8439966440200806,1,0.8691588640213013,99b7e49ddca6b2ce53f1a660c8c201417ac9be8a06184a0b7fdd1fd373008d75
amouyal:249,set_3,401,prob,gp,lingering,demo_reg_query_reg_raw_assertion,reg,reg,raw,assertion,0.9028555154800415,0.0971444845199585,0,0.8273307085037231,c41d3b05ff2de32e05afadca63123a1c608d08464254721dfd9f79e5057d54fd
amouyal:250,set_3,404,prob,non_gp,simple,demo_reg_query_reg_raw_assertion,reg,reg,raw,assertion,0.9953632950782776,0.9953632950782776,1,0.9619702100753784,3211aa020665674187eb9b7ed62567a35d49c96c554257e3a9d8233ad0001429
amouyal:251,set_3,405,prob,non_gp,lingering,demo_reg_query_reg_raw_assertion,reg,reg,raw,assertion,0.007684266194701195,0.9923157338052988,1,0.8412761688232422,14f9f8b30d594f82c639f1db175fa334111bd4c1182d386b65b7cb5e824788f0
amouyal:252,set_4,408,prob,gp,simple,demo_reg_query_reg_raw_assertion,reg,reg,raw,assertion,0.9917578101158142,0.9917578101158142,1,0.9542478322982788,2a0640aa9549a5eb22ef0c19ed05b727f7f6fdc06da84cdab80981b2eee4c7e1
amouyal:253,set_4,409,prob,gp,lingering,demo_reg_query_reg_raw_assertion,reg,reg,raw,assertion,0.9703240394592285,0.029675960540771484,0,0.9371677041053772,7f8278eceeb1fc0e34ff608d70747e9bda32894cd12ea1c7954f586dc7b46cc1
amouyal:254,set_4,412,prob,non_gp,simple,demo_reg_query_reg_raw_assertion,reg,reg,raw,assertion,0.9953969717025757,0.9953969717025757,1,0.9578598141670227,8ea2995788433bcabcb798e68edca9854dd9963a030f5043a29ecb2b7e3e8b6d
amouyal:255,set_4,413,prob,non_gp,lingering,demo_reg_query_reg_raw_assertion,reg,reg,raw,assertion,0.9677303433418274,0.03226965665817261,0,0.9452093839645386,c649a8e72a18d95d716f5fac919bee7c4866eae668cf5daaa9ac6f46fbe0bf7b
amouyal:256,set_5,416,prob,gp,simple,demo_reg_query_reg_raw_assertion,reg,reg,raw,assertion,0.980736494064331,0.980736494064331,1,0.9374948740005493,f9406ad3c6e8c851aa7c0311a7931e8cf432da2236cf1c017b13b77c1f7b71c6
amouyal:257,set_5,417,prob,gp,lingering,demo_reg_query_reg_raw_assertion,reg,reg,raw,assertion,0.6141466498374939,0.3858533501625061,0,0.7551512718200684,80f8b708de994429388a5f45b2f2e814f0bfb6057bd5c94e9d707779bce7b579
amouyal:258,set_5,420,prob,non_gp,simple,demo_reg_query_reg_raw_assertion,reg,reg,raw,assertion,0.9976487159729004,0.9976487159729004,1,0.9826584458351135,af91cfadbd2bff62ce08027e8bd48a0eb796c67fe34ef39468ae716c2915a249
amouyal:259,set_5,421,prob,non_gp,lingering,demo_reg_query_reg_raw_assertion,reg,reg,raw,assertion,0.8370158672332764,0.16298413276672363,0,0.8199511170387268,4f179f3ca8109145f1d31aff31f7929d8fea25d777e52d5b70ae3cd4c885c488
amouyal:260,set_6,424,prob,gp,simple,demo_reg_query_reg_raw_assertion,reg,reg,raw,assertion,0.9866704940795898,0.9866704940795898,1,0.9276255965232849,f76c510b05fef5b11f1dc1d61f1a340e1bff7b6c0754103bac8d9ebeff9682e2
amouyal:261,set_6,425,prob,gp,lingering,demo_reg_query_reg_raw_assertion,reg,reg,raw,assertion,0.9768531918525696,0.02314680814743042,0,0.8876981735229492,6a6a8b0a2048f9794db8b5c43cf2ef2e19862605a4b4ba6b039d38dee263eea2
amouyal:262,set_6,428,prob,non_gp,simple,demo_reg_query_reg_raw_assertion,reg,reg,raw,assertion,0.9993178248405457,0.9993178248405457,1,0.9774174094200134,0049d605198eb6e75e10d53444ee7418899e96c5093d2e9428e40b2a4942b7c7
amouyal:263,set_6,429,prob,non_gp,lingering,demo_reg_query_reg_raw_assertion,reg,reg,raw,assertion,0.3093213438987732,0.6906786561012268,1,0.7142288088798523,b306917ce6124a8eda7dd96443c4f38e1910fcf4a139eddd9e2bedd8badcb5b6
amouyal:264,set_7,432,prob,gp,simple,demo_reg_query_reg_raw_assertion,reg,reg,raw,assertion,0.9603793621063232,0.9603793621063232,1,0.8780912160873413,99823ed0c7a4a45dad26e9404f53fb30fb4bc8b7cea5b251b4746793feba520d
amouyal:265,set_7,433,prob,gp,lingering,demo_reg_query_reg_raw_assertion,reg,reg,raw,assertion,0.9807108044624329,0.01928919553756714,0,0.8976553082466125,46faddc9a7373975a02b40b05b208e39532e583a5a2660df8b665b61bded074b
amouyal:266,set_7,436,prob,non_gp,simple,demo_reg_query_reg_raw_assertion,reg,reg,raw,assertion,0.9966139793395996,0.9966139793395996,1,0.9561308026313782,5713f053ffee51856d0a9fc04068bc25f10478870b7349e9e001f9c2a0bb9444
amouyal:267,set_7,437,prob,non_gp,lingering,demo_reg_query_reg_raw_assertion,reg,reg,raw,assertion,0.9420075416564941,0.05799245834350586,0,0.8058944940567017,71619db7061bfba611111db01bac52d414993987f8ac15a4dae4e68732f0a9d7
amouyal:268,set_8,440,prob,gp,simple,demo_reg_query_reg_raw_assertion,reg,reg,raw,assertion,0.9974647760391235,0.9974647760391235,1,0.9643202424049377,976397f17d74789ad1cc6ea8f2b0a6d751a75eb1ed84035fdb1886eb794f9d90
amouyal:269,set_8,441,prob,gp,lingering,demo_reg_query_reg_raw_assertion,reg,reg,raw,assertion,0.8922356963157654,0.10776430368423462,0,0.8422381281852722,d3fe5fe08fb7451d5df271d442f92b6231995f78ad855799988c62e906432dcd
amouyal:270,set_8,444,prob,non_gp,simple,demo_reg_query_reg_raw_assertion,reg,reg,raw,assertion,0.9990233778953552,0.9990233778953552,1,0.9774344563484192,39c3cba3e5ee1ecb74ba343e61d5309d5310ede1e144052f95767a34e99f601f
amouyal:271,set_8,445,prob,non_gp,lingering,demo_reg_query_reg_raw_assertion,reg,reg,raw,assertion,0.4466738998889923,0.5533261001110077,1,0.7241063117980957,eb80d8a15bba75dbafece58563481971da85c4e5f486bdf919b76d291a36d1f9
amouyal:272,set_9,448,prob,gp,simple,demo_reg_query_reg_raw_assertion,reg,reg,raw,assertion,0.9946852922439575,0.9946852922439575,1,0.9660319685935974,c37ca4ce7ae6dd01fc2245d1927821164a9fbdaba8dfe2f6522d968a5f523d33
amouyal:273,set_9,449,prob,gp,lingering,demo_reg_query_reg_raw_assertion,reg,reg,raw,assertion,0.9753269553184509,0.024673044681549072,0,0.9030261635780334,fc488236f241b65af9ece392d98be899108607c20b26af0a28a9efc3c43a237a
amouyal:274,set_9,452,prob,non_gp,simple,demo_reg_query_reg_raw_assertion,reg,reg,raw,assertion,0.9978992342948914,0.9978992342948914,1,0.9817165732383728,f7f688a6445dd1f54fe5a49cd636f13346f1e75ebcc574bdbb276b555ba39039
amouyal:275,set_9,453,prob,non_gp,lingering,demo_reg_query_reg_raw_assertion,reg,reg,raw,assertion,0.9968096017837524,0.0031903982162475586,0,0.9637908935546875,55992bb651c7b99554370691c064cf99a3d811c4ff95729e70e3c420ae49d594
amouyal:0,set_10,0,prob,gp,simple,demo_reg_query_reg_chat_none,reg,reg,chat,none,0.9994954466819763,0.9994954466819763,1,0.9994032382965088,8c5f2312fd7aac429b15482e63684b4d857bb26941c95e284bfb826a73a1e333
amouyal:1,set_10,1,prob,gp,lingering,demo_reg_query_reg_chat_none,reg,reg,chat,none,0.999480664730072,0.0005193352699279785,0,0.9990714192390442,1fc8c317e9f9e9d6dbf78403f5ea0cd9d435e39e68b00e7e76e553169a88c425
amouyal:2,set_10,4,prob,non_gp,simple,demo_reg_query_reg_chat_none,reg,reg,chat,none,0.9998093247413635,0.9998093247413635,1,0.9992987513542175,0763d747435f021064b82a25dd4fb09037619d0a159172c86061a7ffe2f9cba0
amouyal:3,set_10,5,prob,non_gp,lingering,demo_reg_query_reg_chat_none,reg,reg,chat,none,0.9998015761375427,0.0001984238624572754,0,0.9993665814399719,716a743a73af5c59d1dac4e20d2b7ae47f9a89a4b2fdb722e1d3ddc9e615e0d2
amouyal:4,set_11,8,prob,gp,simple,demo_reg_query_reg_chat_none,reg,reg,chat,none,0.9999855756759644,0.9999855756759644,1,0.9994144439697266,f0f9657f57578a5f06ce615c97be8dcb1a21e3565c84fd1c474bda1942cfedac
amouyal:5,set_11,9,prob,gp,lingering,demo_reg_query_reg_chat_none,reg,reg,chat,none,0.9995368719100952,0.00046312808990478516,0,0.9994822144508362,d609be6a88a126091df405c9bcc95ab799f4521c090d5211365e24c52a13461d
amouyal:6,set_11,12,prob,non_gp,simple,demo_reg_query_reg_chat_none,reg,reg,chat,none,0.9999864101409912,0.9999864101409912,1,0.9992139935493469,96eaedc7d8d46cd8d8ca6c7799c34658172e8e34b44980143df8d2e1f15d0bb1
amouyal:7,set_11,13,prob,non_gp,lingering,demo_reg_query_reg_chat_none,reg,reg,chat,none,0.9995692372322083,0.00043076276779174805,0,0.9989262223243713,2efe3c383fdab53a45139afa5d95e413fbae12bc7ad2edd617c4827699c5a776
amouyal:8,set_12,16,prob,gp,simple,demo_reg_query_reg_chat_none,reg,reg,chat,none,0.15418757498264313,0.15418757498264313,0,0.9995971918106079,53622308cec598be10aa062929c165ac513b8979d3a428ffa84136f7fba83ec1
amouyal:9,set_12,17,prob,gp,lingering,demo_reg_query_reg_chat_none,reg,reg,chat,none,0.9997299909591675,0.00027000904083251953,0,0.9995478391647339,e7c26fe9efce7ab4ca9dffe9be2f4bf155d7aa2f759b0b04f69ec13d9047ac3f
amouyal:10,set_12,20,prob,non_gp,simple,demo_reg_query_reg_chat_none,reg,reg,chat,none,0.9999954700469971,0.9999954700469971,1,0.9994752407073975,671371d589a749356b24d743e6f99f815a903c3777f150dce987782b8bd3aee6
amouyal:11,set_12,21,prob,non_gp,lingering,demo_reg_query_reg_chat_none,reg,reg,chat,none,0.9997602105140686,0.00023978948593139648,0,0.9989916682243347,81e922cb119c210f3b67f5f5966353ecddfb9ede50b6935d1c55a740f4801afc
amouyal:12,set_13,24,prob,gp,simple,demo_reg_query_reg_chat_none,reg,reg,chat,none,0.9998524785041809,0.9998524785041809,1,0.9995554089546204,ec541d19db677bbbd856c78f0607e32ecb16db6ad2127eac011bad6bbe335aef
amouyal:13,set_13,25,prob,gp,lingering,demo_reg_query_reg_chat_none,reg,reg,chat,none,0.9210726618766785,0.07892733812332153,0,0.9992148280143738,915c7cca1431ccd9ece9dd004347bd5b7041e8f56ffa4cf3bcf3d420b992db13
amouyal:14,set_13,28,prob,non_gp,simple,demo_reg_query_reg_chat_none,reg,reg,chat,none,0.999998927116394,0.999998927116394,1,0.9996374845504761,41665b02b713a865d3bbdf9067d2423ff66fe8742ff6d007ac7e3a36bfb22717
amouyal:15,set_13,29,prob,non_gp,lingering,demo_reg_query_reg_chat_none,reg,reg,chat,none,0.999951958656311,4.8041343688964844e-05,0,0.998806357383728,a7a3ed333d78237bd1c5efba284f233129821d9757da4bb3757d760e1dde3f9b
amouyal:16,set_14,32,prob,gp,simple,demo_reg_query_reg_chat_none,reg,reg,chat,none,0.9924558997154236,0.9924558997154236,1,0.9994456171989441,01e2c959580dafaac2a51a686eb40781c944db2659f1134cd3f315143eaacbd6
amouyal:17,set_14,33,prob,gp,lingering,demo_reg_query_reg_chat_none,reg,reg,chat,none,0.9949608445167542,0.00503915548324585,0,0.9992836713790894,1e519e12ee4470bdf51ae0130f1ecdb9dcc5d0837410d7703629ae05b7949731
amouyal:18,set_14,36,prob,non_gp,simple,demo_reg_query_reg_chat_none,reg,reg,chat,none,0.9970028400421143,0.9970028400421143,1,0.9994605183601379,3297f413cb8f9d97453ca94097a3e5b87f62fa6173b0ba09bead75185459e774
amouyal:19,set_14,37,prob,non_gp,lingering,demo_reg_query_reg_chat_none,reg,reg,chat,none,0.0007579484954476357,0.9992420515045524,1,0.9998018741607666,35de2b71ff68c27c70a85704323c55c3f552eb21e77e21d563cb7e12988d03de
amouyal:20,set_15,40,prob,gp,simple,demo_reg_query_reg_chat_none,reg,reg,chat,none,0.999995768070221,0.999995768070221,1,0.9997387528419495,ba49c8e4a782372ad6bbcd75ae1cfda73cdb5b5a350407f89f0a13977329f7a3
amouyal:21,set_15,41,prob,gp,lingering,demo_reg_query_reg_chat_none,reg,reg,chat,none,0.9999197125434875,8.028745651245117e-05,0,0.999423086643219,77e962c28f7eec043e0fbc71f7f66dc1d4b3184bf58822d99dba2b6415206978
amouyal:22,set_15,44,prob,non_gp,simple,demo_reg_query_reg_chat_none,reg,reg,chat,none,0.9999988079071045,0.9999988079071045,1,0.9997025728225708,15ef3656f854da24d9d1846fb6fcc489b1f13110c23a10e60f94822da8311cac
amouyal:23,set_15,45,prob,non_gp,lingering,demo_reg_query_reg_chat_none,reg,reg,chat,none,0.999992847442627,7.152557373046875e-06,0,0.9994483590126038,b8f4818227884738d7977b8f87838b00658754d19c8b0f33d673dac64ca62c65
amouyal:24,set_16,48,prob,gp,simple,demo_reg_query_reg_chat_none,reg,reg,chat,none,0.9999105930328369,0.9999105930328369,1,0.999464213848114,e4f2c0fdeb7177090e36b40a5504d0f56ca38b7c1912bbe1d698bd0b3e5f6685
amouyal:25,set_16,49,prob,gp,lingering,demo_reg_query_reg_chat_none,reg,reg,chat,none,0.9994338154792786,0.0005661845207214355,0,0.999518871307373,fcb3c23618b27ae348b3f3062923aac4255f7fc94020e7eb0bf3a585ccb2b9a4
amouyal:26,set_16,52,prob,non_gp,simple,demo_reg_query_reg_chat_none,reg,reg,chat,none,0.9999937415122986,0.9999937415122986,1,0.9993564486503601,1e6fc23b0f6c052c85f286014d3db7ab921e417c218ad033ca12528a13833599
amouyal:27,set_16,53,prob,non_gp,lingering,demo_reg_query_reg_chat_none,reg,reg,chat,none,0.9999023675918579,9.763240814208984e-05,0,0.9989445805549622,031fb7db94cac5c4ca02e0ae9da543a30f66e29d1b9428f3e8db1691f9d301e1
amouyal:28,set_17,56,prob,gp,simple,demo_reg_query_reg_chat_none,reg,reg,chat,none,0.9994935393333435,0.9994935393333435,1,0.9995638132095337,1aae7f4723a6173c5cb0192997ad6de8ade4a98342bbab50d7a7735fb6e33c77
amouyal:29,set_17,57,prob,gp,lingering,demo_reg_query_reg_chat_none,reg,reg,chat,none,0.9967689514160156,0.003231048583984375,0,0.9994064569473267,36733842a0165a47bdc3188c121bbfa1a83fae7d8952a2e25cb64179f2c3af33
amouyal:30,set_17,60,prob,non_gp,simple,demo_reg_query_reg_chat_none,reg,reg,chat,none,0.9999954104423523,0.9999954104423523,1,0.9995932579040527,91096914af3e8651cb648723594f59efd5525166f902343bf558826d96776d74
amouyal:31,set_17,61,prob,non_gp,lingering,demo_reg_query_reg_chat_none,reg,reg,chat,none,6.80231096339412e-05,0.9999319768903661,1,0.9999672770500183,ec23c5c3ce9174bf092e1657dc7dd2cfa3514dc6e3acefb89adb16373a2faf05
amouyal:32,set_18,64,prob,gp,simple,demo_reg_query_reg_chat_none,reg,reg,chat,none,0.9999804496765137,0.9999804496765137,1,0.9996997117996216,2537dcfac2eb829ce459090a60fc21430dc9f5d08b3a2b0a3b75120a13b4bedf
amouyal:33,set_18,65,prob,gp,lingering,demo_reg_query_reg_chat_none,reg,reg,chat,none,0.052267998456954956,0.947732001543045,1,0.9995526075363159,40fe6d104d9cf2b87265d870c072f28ad99ff2b1011d33751a9647ec7115b7ea
amouyal:34,set_18,68,prob,non_gp,simple,demo_reg_query_reg_chat_none,reg,reg,chat,none,0.9999971985816956,0.9999971985816956,1,0.9994255900382996,4e8080fc2e1f97018da9bda44008d593de47a8185ecd4f1439b2e2d04d452893
amouyal:35,set_18,69,prob,non_gp,lingering,demo_reg_query_reg_chat_none,reg,reg,chat,none,1.0132546884866755e-10,0.9999999998986745,1,0.9998745918273926,5fd0e2cd57d2f4be1c14220991fe21d33a37bf5aa8d1db408e49a0af7007c06a
amouyal:36,set_19,72,prob,gp,simple,demo_reg_query_reg_chat_none,reg,reg,chat,none,0.999997079372406,0.999997079372406,1,0.9997414946556091,e2c80ff55a394d95dc18ac45e83ba515628998600971c9fac24206a69123874e
amouyal:37,set_19,73,prob,gp,lingering,demo_reg_query_reg_chat_none,reg,reg,chat,none,0.9944722056388855,0.005527794361114502,0,0.9989023208618164,57174c2937d05d80a2a52376cba189dd710ccd03bbbd536dc19dc527cbe57f0d
amouyal:38,set_19,76,prob,non_gp,simple,demo_reg_query_reg_chat_none,reg,reg,chat,none,0.999997615814209,0.999997615814209,1,0.999674916267395,64c64ed8f3c0a6c64d01d71d7c973aa6ea1821ee3d9d1ba056f666e0ccf7bab8
amouyal:39,set_19,77,prob,non_gp,lingering,demo_reg_query_reg_chat_none,reg,reg,chat,none,0.9901639223098755,0.009836077690124512,0,0.9985788464546204,59ce543c245c200c516f31042a0bcb329e3ff5dc6d0b3bf778533b436daa8032
amouyal:40,set_20,80,prob,gp,simple,demo_reg_query_reg_chat_none,reg,reg,chat,none,0.999902069568634,0.999902069568634,1,0.9996031522750854,75e92f98133681446716d032b9beeb70ab42581f4f2193175b7fed7643984f35
amouyal:41,set_20,81,prob,gp,lingering,demo_reg_query_reg_chat_none,reg,reg,chat,none,0.9774107336997986,0.022589266300201416,0,0.9993557333946228,b7f5be56084cc8a4eaaf5490e2bfd2267207efd5f9d7ecaa941378dfd4dcd2bb
amouyal:42,set_20,84,prob,non_gp,simple,demo_reg_query_reg_chat_none,reg,reg,chat,none,0.9999829530715942,0.9999829530715942,1,0.9994785189628601,7f37db63bb8802c63dd5a74864863da59643d1927136d7b4e224150fce89bc78
amouyal:43,set_20,85,prob,non_gp,lingering,demo_reg_query_reg_chat_none,reg,reg,chat,none,8.777391968806114e-08,0.9999999122260803,1,0.9999555349349976,7a552479831b4d8718bbf1ff61a7e7dccaf66638d390d22f08fdb9c73a4b5907
amouyal:44,set_21,88,prob,gp,simple,demo_reg_query_reg_chat_none,reg,reg,chat,none,0.9998265504837036,0.9998265504837036,1,0.999422550201416,906a5e948ed32aebfc1159df4c3083630f2e0c19143bb719429c0a10ea9d8af8
amouyal:45,set_21,89,prob,gp,lingering,demo_reg_query_reg_chat_none,reg,reg,chat,none,0.005230447743088007,0.994769552256912,1,0.9997947216033936,9679f4b62359a3f3dc459c4c9618f5bc6731ea1200c2fec78f2fc8f71b985e83
amouyal:46,set_21,92,prob,non_gp,simple,demo_reg_query_reg_chat_none,reg,reg,chat,none,0.9999996423721313,0.9999996423721313,1,0.99945467710495,625f9b2d523cb3ea374939ef1ca6b5b12fc81d96435a6f4c498610f1df9cc9f7
amouyal:47,set_21,93,prob,non_gp,lingering,demo_reg_query_reg_chat_none,reg,reg,chat,none,0.9828647971153259,0.017135202884674072,0,0.9989433884620667,22b02991a11a35038e68eeb778f4a5b03200308d1562d815cf9b20646a52b0e7
amouyal:48,set_22,96,prob,gp,simple,demo_reg_query_reg_chat_none,reg,reg,chat,none,0.9999947547912598,0.9999947547912598,1,0.9987693428993225,3a126765271783c3ad7b7b7fc1d671a1682c01fa55fa4966642600ba0ddcb6d2
amouyal:49,set_22,97,prob,gp,lingering,demo_reg_query_reg_chat_none,reg,reg,chat,none,0.9997547268867493,0.0002452731132507324,0,0.9993118643760681,598b958b05694be9d20bbe0fbc202024ff9f2725636ce57b23c4a69bd9835155
amouyal:50,set_22,100,prob,non_gp,simple,demo_reg_query_reg_chat_none,reg,reg,chat,none,0.9999877214431763,0.9999877214431763,1,0.9982888102531433,05f5ce63da7124e4fa59f7c3ee2bb5f5d4602ed0f83ac142e0b044efa45a7d6c
amouyal:51,set_22,101,prob,non_gp,lingering,demo_reg_query_reg_chat_none,reg,reg,chat,none,1.1263410897299764e-06,0.9999988736589103,1,0.9999575614929199,a7f6f53a5244fb0e0ab8a30d609b01dff216416bab2a9b03cc60ace3525e2466
amouyal:52,set_23,104,prob,gp,simple,demo_reg_query_reg_chat_none,reg,reg,chat,none,0.9996004104614258,0.9996004104614258,1,0.9992760419845581,e242178a392dfee947fc7579b6a2d9e50f59a47a6a46bf4594b29be442a85f9c
amouyal:53,set_23,105,prob,gp,lingering,demo_reg_query_reg_chat_none,reg,reg,chat,none,0.9896361231803894,0.010363876819610596,0,0.9993151426315308,357185a4d6c16e4c89a86c17607ba3e9f340634c2619820176c3eb7be63d40a9
amouyal:54,set_23,108,prob,non_gp,simple,demo_reg_query_reg_chat_none,reg,reg,chat,none,0.9999969005584717,0.9999969005584717,1,0.9996200203895569,438a5af212f8321aceb70a1228a6463e1d071551936339a7d0335829425c2b86
amouyal:55,set_23,109,prob,non_gp,lingering,demo_reg_query_reg_chat_none,reg,reg,chat,none,0.9999918937683105,8.106231689453125e-06,0,0.9993695020675659,eaa6d9c05923717e07056687d4bb7e5fca003574407361fb02f5e0793bb054a7
amouyal:56,set_24,112,prob,gp,simple,demo_reg_query_reg_chat_none,reg,reg,chat,none,0.9954357147216797,0.9954357147216797,1,0.9995411038398743,6c8d37cb1e221df3d7c48397d99d776df8143d9a6d9aa9f971c08f9909f52407
amouyal:57,set_24,113,prob,gp,lingering,demo_reg_query_reg_chat_none,reg,reg,chat,none,0.8363931775093079,0.16360682249069214,0,0.9992594122886658,7521902f2271a32338c0a15d447025b4452144f039abfce00c88739670c86c3b
amouyal:58,set_24,116,prob,non_gp,simple,demo_reg_query_reg_chat_none,reg,reg,chat,none,0.9999645352363586,0.9999645352363586,1,0.9990614056587219,083d0029666716d3343da143b6339fa93770005cf278cb4842cbd7dae79f8cd1
amouyal:59,set_24,117,prob,non_gp,lingering,demo_reg_query_reg_chat_none,reg,reg,chat,none,2.3397494430810184e-07,0.9999997660250557,1,0.9999780058860779,7eba6e230b9b5b1e5db84601bba8e647ede49eee830bea1dd5b9e44bdb58fa77
amouyal:60,set_25,120,prob,gp,simple,demo_reg_query_reg_chat_none,reg,reg,chat,none,0.9999867081642151,0.9999867081642151,1,0.9996687769889832,f91751c42e5c83f4d1e28ee0afa91f331ea9ef7532cbc7eb8aa5cd176aef2a6b
amouyal:61,set_25,121,prob,gp,lingering,demo_reg_query_reg_chat_none,reg,reg,chat,none,0.9998443722724915,0.00015562772750854492,0,0.9995403289794922,1fdb0b8f4918129bbc3dbec83dedf5dd2e8318093daef4581ec390198f43c310
amouyal:62,set_25,124,prob,non_gp,simple,demo_reg_query_reg_chat_none,reg,reg,chat,none,0.9999947547912598,0.9999947547912598,1,0.9996360540390015,7e940b0c4e491efd6b8eedc6c434739f53d3e5b985d78eabb82a2141ae8af0c6
amouyal:63,set_25,125,prob,non_gp,lingering,demo_reg_query_reg_chat_none,reg,reg,chat,none,0.9989500045776367,0.0010499954223632812,0,0.999301552772522,5e18c37fd69cd89c50d80c57cde939dc89633c713f28557426cd7d58d650502c
amouyal:64,set_26,128,prob,gp,simple,demo_reg_query_reg_chat_none,reg,reg,chat,none,0.9998464584350586,0.9998464584350586,1,0.9990215301513672,75ce22a4394672147af170e46fb15a4034eaf6e7006bcad1ba3aaba0abf542c4
amouyal:65,set_26,129,prob,gp,lingering,demo_reg_query_reg_chat_none,reg,reg,chat,none,1.9546147086657584e-05,0.9999804538529133,1,0.9998990893363953,b8a336ab2b1c5e709facd9724dcbb262e18f1aff85e1325bf2ff1e83bbd2b37d
amouyal:66,set_26,132,prob,non_gp,simple,demo_reg_query_reg_chat_none,reg,reg,chat,none,0.9999945759773254,0.9999945759773254,1,0.9990329146385193,7a5db44723b9d38d1beafa474c0ba18776a2adb0a0f31e480e42946f9ebc8e1d
amouyal:67,set_26,133,prob,non_gp,lingering,demo_reg_query_reg_chat_none,reg,reg,chat,none,6.815785436042887e-11,0.9999999999318422,1,0.9999147057533264,661f8b6eb7153b80ce3c86e6955065829d9e6ebfad92172d6ccda149617845ac
amouyal:68,set_27,136,prob,gp,simple,demo_reg_query_reg_chat_none,reg,reg,chat,none,0.9999915957450867,0.9999915957450867,1,0.999607503414154,521babf08d07e0069d38c65c340756a72d7ec4631e03af0af9852ae532eaf570
amouyal:69,set_27,137,prob,gp,lingering,demo_reg_query_reg_chat_none,reg,reg,chat,none,0.999904990196228,9.500980377197266e-05,0,0.9994292259216309,ef14ce643c2033bcb393c51653f92310e3813e6cbd98ed809828dd1e430d31c3
amouyal:70,set_27,140,prob,non_gp,simple,demo_reg_query_reg_chat_none,reg,reg,chat,none,0.9999933838844299,0.9999933838844299,1,0.9991931319236755,25d3d8809009cd62744b8d40f98efb141ad35eabbab425be7e73ebffa5a5d0f4
amouyal:71,set_27,141,prob,non_gp,lingering,demo_reg_query_reg_chat_none,reg,reg,chat,none,0.19351211190223694,0.8064878880977631,1,0.9955169558525085,30d60ca780d33e2f37994a83ae01276ff3c6359d3686220c9f5aaab08c35dceb
amouyal:72,set_28,144,prob,gp,simple,demo_reg_query_reg_chat_none,reg,reg,chat,none,0.9998155832290649,0.9998155832290649,1,0.9989232420921326,ddb4c1d1a50dcfe39fbadd8738a2179e3889cad791ae365d4dcbc8cf7e91dda4
amouyal:73,set_28,145,prob,gp,lingering,demo_reg_query_reg_chat_none,reg,reg,chat,none,0.24372310936450958,0.7562768906354904,1,0.9969637989997864,e8a2d764593e25dba8eb896944dafb529d0f3e991151b1ccc20c57d542fe044d
amouyal:74,set_28,148,prob,non_gp,simple,demo_reg_query_reg_chat_none,reg,reg,chat,none,0.9999952912330627,0.9999952912330627,1,0.999075174331665,b35c0afc2120e39d35b886e285b10e42b9299e9d578fe449752dfb9b352a33d9
amouyal:75,set_28,149,prob,non_gp,lingering,demo_reg_query_reg_chat_none,reg,reg,chat,none,0.00019842051551677287,0.9998015794844832,1,0.9998546242713928,5c472d5f5a0499d3d1fb45f2292987697491a3b8eb23a7f0a11fa87e4d4eef6b
amouyal:76,set_29,152,prob,gp,simple,demo_reg_query_reg_chat_none,reg,reg,chat,none,0.9999827146530151,0.9999827146530151,1,0.9997112154960632,cd92d576656db3457b3304e3a5f27a7b93ff3ebcb9446cfebc07f1ea210105bb
amouyal:77,set_29,153,prob,gp,lingering,demo_reg_query_reg_chat_none,reg,reg,chat,none,0.9995839595794678,0.00041604042053222656,0,0.9993942379951477,1059e772b4efd6777663192fe1c85746fce53744d5ae1d33d2767ec7e8ce9994
amouyal:78,set_29,156,prob,non_gp,simple,demo_reg_query_reg_chat_none,reg,reg,chat,none,0.999996542930603,0.999996542930603,1,0.9993368983268738,d5b823dffa6e8dc05205dc342679ad9ed58e44f3778537a6e1cd35fce8b743c4
amouyal:79,set_29,157,prob,non_gp,lingering,demo_reg_query_reg_chat_none,reg,reg,chat,none,0.603772759437561,0.39622724056243896,0,0.9980155229568481,c24c5470c45eba59604bae825d3fe155c348c580b6c1b5320973936e61681d24
amouyal:80,set_30,160,prob,gp,simple,demo_reg_query_reg_chat_none,reg,reg,chat,none,0.999993085861206,0.999993085861206,1,0.999484121799469,9c8f491f1b8af5fe4cd1c17091f2c050e3cae4d224d143b609190b187c887af9
amouyal:81,set_30,161,prob,gp,lingering,demo_reg_query_reg_chat_none,reg,reg,chat,none,0.9998030066490173,0.00019699335098266602,0,0.9991350173950195,5656de991519293c23806be1cbba898430e84ee33099d569a4c4a2015d926487
amouyal:82,set_30,164,prob,non_gp,simple,demo_reg_query_reg_chat_none,reg,reg,chat,none,0.9999979138374329,0.9999979138374329,1,0.9994953870773315,e0c26fc81cc0028ad5409236603621de139d44216585a25d2ecf1dcb354b6b0a
amouyal:83,set_30,165,prob,non_gp,lingering,demo_reg_query_reg_chat_none,reg,reg,chat,none,0.998799741268158,0.001200258731842041,0,0.9986565113067627,f179f2b9770bc0e135670bb5c9ea2f1a1070c945aa826ad9de8a5305eb77dc80
amouyal:84,set_31,168,prob,gp,simple,demo_reg_query_reg_chat_none,reg,reg,chat,none,0.9999275803565979,0.9999275803565979,1,0.9995750188827515,5bd1e493ab646b426f57f373d0b9ed36cf5d60222be44671a08e0fac9e0b1268
amouyal:85,set_31,169,prob,gp,lingering,demo_reg_query_reg_chat_none,reg,reg,chat,none,0.8659669160842896,0.13403308391571045,0,0.9991056323051453,a5e5c046dab93c86e04cb4511c9e31cd6568186b5e506c47a23db5a726322cbb
amouyal:86,set_31,172,prob,non_gp,simple,demo_reg_query_reg_chat_none,reg,reg,chat,none,0.9999968409538269,0.9999968409538269,1,0.9996321797370911,5253e494473f3f113af5c567e026bec76420bd7f6df85349936336f27b02424e
amouyal:87,set_31,173,prob,non_gp,lingering,demo_reg_query_reg_chat_none,reg,reg,chat,none,0.8841778635978699,0.11582213640213013,0,0.9997304677963257,7b27c6da25cfbfa6a620de9fdff5e2a5f00f891446267b459431a45f9c43f50b
amouyal:88,set_32,176,prob,gp,simple,demo_reg_query_reg_chat_none,reg,reg,chat,none,0.9993080496788025,0.9993080496788025,1,0.9990039467811584,8a478a240b07d362e6963502c3cde36308385ee166b1b143bc3c7efb8e568c7e
amouyal:89,set_32,177,prob,gp,lingering,demo_reg_query_reg_chat_none,reg,reg,chat,none,0.5712133646011353,0.42878663539886475,0,0.998516321182251,44bae169c6e46ca48760fc9453114c1398f3c76dca1e5da72bf1b6c0d67dea74
amouyal:90,set_32,180,prob,non_gp,simple,demo_reg_query_reg_chat_none,reg,reg,chat,none,0.9999985694885254,0.9999985694885254,1,0.9994258880615234,5a9e13809c0cf6443a390e31145cb6014294b10d1f734e103d0ec657a23b384a
amouyal:91,set_32,181,prob,non_gp,lingering,demo_reg_query_reg_chat_none,reg,reg,chat,none,3.364613102019298e-11,0.9999999999663539,1,0.9999713897705078,db32b943da2af83f6604456ded5c647fef61f9ef88f31c737c402fb74e7b71e5
amouyal:92,set_33,184,prob,gp,simple,demo_reg_query_reg_chat_none,reg,reg,chat,none,0.9998312592506409,0.9998312592506409,1,0.9997891187667847,8cd10b9ddaf970ca261a2dc349f69b84fcc670f75c55a977f7ec47db0a3155fe
amouyal:93,set_33,185,prob,gp,lingering,demo_reg_query_reg_chat_none,reg,reg,chat,none,0.9977629780769348,0.0022370219230651855,0,0.9995147585868835,46f32ac42b052039387339e28e823d2b60a90dce8c67467c01890725df3996fb
amouyal:94,set_33,188,prob,non_gp,simple,demo_reg_query_reg_chat_none,reg,reg,chat,none,0.9999954104423523,0.9999954104423523,1,0.99961256980896,9ebd5ea8f0001b725c2897c1b0d598a26a12aab4d3e4e404af0b284d126ecffb
amouyal:95,set_33,189,prob,non_gp,lingering,demo_reg_query_reg_chat_none,reg,reg,chat,none,0.9999603033065796,3.9696693420410156e-05,0,0.9992696642875671,1541b8df347a521c7848de38a292f29fd73a4c529c4921e380dbee8f4f6c2811
amouyal:96,set_34,192,prob,gp,simple,demo_reg_query_reg_chat_none,reg,reg,chat,none,0.999854564666748,0.999854564666748,1,0.9994937777519226,0209ff07aeb83efa78ef9bbda46c52f5808d44714b348a5d452a8005ef4fd534
amouyal:97,set_34,193,prob,gp,lingering,demo_reg_query_reg_chat_none,reg,reg,chat,none,0.996603786945343,0.0033962130546569824,0,0.9996247887611389,20e324481ad3d4981fe29f45a6b1e7c0cdc75fca3d16258c29ffd381e0aa0a6e
amouyal:98,set_34,196,prob,non_gp,simple,demo_reg_query_reg_chat_none,reg,reg,chat,none,0.9999983310699463,0.9999983310699463,1,0.999580442905426,510aecd90c3877bbf4b984c226966137b1d63f1e092fc4d7429e5be60b2acd7a
amouyal:99,set_34,197,prob,non_gp,lingering,demo_reg_query_reg_chat_none,reg,reg,chat,none,0.09157079458236694,0.9084292054176331,1,0.9998153448104858,1e7a65cc3848b93a3f63cb1c5a09f9323592102330df70f869909f414cc6e486
amouyal:100,set_35,200,prob,gp,simple,demo_reg_query_reg_chat_none,reg,reg,chat,none,0.9998815655708313,0.9998815655708313,1,0.9996538758277893,bf02996b04536c4213b723dddc60ff0c5a6a018189d5715d73dc233f30a71f19
amouyal:101,set_35,201,prob,gp,lingering,demo_reg_query_reg_chat_none,reg,reg,chat,none,0.8472733497619629,0.1527266502380371,0,0.997901201248169,036957288c663f248d2af1a53ddcd9363f011e284ba8e10b40bda882602a9b89
amouyal:102,set_35,204,prob,non_gp,simple,demo_reg_query_reg_chat_none,reg,reg,chat,none,0.9999879598617554,0.9999879598617554,1,0.999788761138916,67e46d9b78b2ea53283efee46f7ecdebaf269ded7e018c3841623f017822d74d
amouyal:103,set_35,205,prob,non_gp,lingering,demo_reg_query_reg_chat_none,reg,reg,chat,none,0.9999898076057434,1.0192394256591797e-05,0,0.9991211295127869,f0cec57281ad59da63e38e6858f6500e2576a6720a345cf44e5fbd252d5f06b2
amouyal:104,set_36,208,prob,gp,simple,demo_reg_query_reg_chat_none,reg,reg,chat,none,0.9999315142631531,0.9999315142631531,1,0.9994784593582153,db77acfb80c024d0329f53eaafea5461f58a9fc7ea801c6a5f6c35cc9433e605
amouyal:105,set_36,209,prob,gp,lingering,demo_reg_query_reg_chat_none,reg,reg,chat,none,0.9895564913749695,0.010443508625030518,0,0.9995259642601013,5780c9d8da67a8f4cfed1bfc5e70bc063a7780ef99021cccb8a0e7bde9f992d1
amouyal:106,set_36,212,prob,non_gp,simple,demo_reg_query_reg_chat_none,reg,reg,chat,none,0.9999990463256836,0.9999990463256836,1,0.999577522277832,0ea594cf024f6c25087c0e8da100c515b00a8d32b601d7eeac485430ecb73e19
amouyal:107,set_36,213,prob,non_gp,lingering,demo_reg_query_reg_chat_none,reg,reg,chat,none,0.9963696002960205,0.003630399703979492,0,0.9997428059577942,79336bca80f6a53a5a56134734cd1a4055cbc64e0602becbc6262e47301b3bec
amouyal:108,set_37,216,prob,gp,simple,demo_reg_query_reg_chat_none,reg,reg,chat,none,0.1398383527994156,0.1398383527994156,0,0.9995698928833008,6550c040525c83f11b6e3a432e4f38d085588f5e18e3f89a94ac263ef377e7c8
amouyal:109,set_37,217,prob,gp,lingering,demo_reg_query_reg_chat_none,reg,reg,chat,none,0.9867420792579651,0.013257920742034912,0,0.9991973042488098,be1f96d96701f5cd0cdece8adf4b5ed1d8b4453fa6b1d4530a67093584bad8b2
amouyal:110,set_37,220,prob,non_gp,simple,demo_reg_query_reg_chat_none,reg,reg,chat,none,0.999942421913147,0.999942421913147,1,0.9992945790290833,b31c118967b64cb33fe6caf58b92ac810fbf907a839178610dfeac4d9abfb48c
amouyal:111,set_37,221,prob,non_gp,lingering,demo_reg_query_reg_chat_none,reg,reg,chat,none,0.05550679564476013,0.9444932043552399,1,0.9994029998779297,9a3d3f2b694d58486c640f97ce32f12ebfde1cc977919ab8d3ced30b0e4f5674
amouyal:112,set_38,224,prob,gp,simple,demo_reg_query_reg_chat_none,reg,reg,chat,none,0.9870990514755249,0.9870990514755249,1,0.9996259808540344,3ed6d8cf13a2ef0e1ba03542a4890df2d29c426511ef4accc28b8287d6531a5d
amouyal:113,set_38,225,prob,gp,lingering,demo_reg_query_reg_chat_none,reg,reg,chat,none,0.9943157434463501,0.005684256553649902,0,0.9992542862892151,dc5e5f8f609b4c676ca1e6fb15611543487ac59107177affdcbedb5e7900aa2f
amouyal:114,set_38,228,prob,non_gp,simple,demo_reg_query_reg_chat_none,reg,reg,chat,none,0.9996091723442078,0.9996091723442078,1,0.9995926022529602,d745ca5f3138b7d51ad0c01e3bb0a21d2a6478d97fd78691036bff02fe327c42
amouyal:115,set_38,229,prob,non_gp,lingering,demo_reg_query_reg_chat_none,reg,reg,chat,none,0.8792040944099426,0.12079590559005737,0,0.9975087642669678,4a14c113dfcedd7dee36b158201069340083d76701ba20ca9d643a780ee457c8
amouyal:116,set_39,232,prob,gp,simple,demo_reg_query_reg_chat_none,reg,reg,chat,none,0.9997667074203491,0.9997667074203491,1,0.9996316432952881,39fdccdfa4ed1818415630f2fa2c5daeab5af8cc1cc7dfd395ee762bd1e30c04
amouyal:117,set_39,233,prob,gp,lingering,demo_reg_query_reg_chat_none,reg,reg,chat,none,0.9985014200210571,0.001498579978942871,0,0.9995291233062744,0990c26c5104bc0a608a6a3a0d0f6a7852cf64d4730671a0491020c51ff02669
amouyal:118,set_39,236,prob,non_gp,simple,demo_reg_query_reg_chat_none,reg,reg,chat,none,0.9999974966049194,0.9999974966049194,1,0.9996824860572815,1a7280b831665a501f23aba99d3683f8bc6ce1122d6d71bc9b48f6375cf1f9c7
amouyal:119,set_39,237,prob,non_gp,lingering,demo_reg_query_reg_chat_none,reg,reg,chat,none,0.9993910193443298,0.000608980655670166,0,0.9995589852333069,feb56f0c2106c36b5c7a281dadd0c11bd3841673e08ba86cdc3c7846bc3199a6
amouyal:120,set_40,240,prob,gp,simple,demo_reg_query_reg_chat_none,reg,reg,chat,none,0.39370235800743103,0.39370235800743103,0,0.9992185831069946,8607895aea238097cb5d21a2cd4d4b9547942ca10b42a68a3fce019f20da9b42
amouyal:121,set_40,241,prob,gp,lingering,demo_reg_query_reg_chat_none,reg,reg,chat,none,0.9947996139526367,0.005200386047363281,0,0.999564528465271,76f55a7d8eaeadf19a82a2e36d46daa1f040758686035380358195350b6fe388
amouyal:122,set_40,244,prob,non_gp,simple,demo_reg_query_reg_chat_none,reg,reg,chat,none,0.9996175765991211,0.9996175765991211,1,0.9991936683654785,2f816a2bd7cf80d65011f22d1de7270b8dc8fda832e10c2798684b06ef6ae035
amouyal:123,set_40,245,prob,non_gp,lingering,demo_reg_query_reg_chat_none,reg,reg,chat,none,0.00038352515548467636,0.9996164748445153,1,0.9999639391899109,ab72981f967526130eee8200fbd5e954aa67cd6f93bccb6239c4e01550fbb797
amouyal:124,set_41,248,prob,gp,simple,demo_reg_query_reg_chat_none,reg,reg,chat,none,0.9999425411224365,0.9999425411224365,1,0.9994701147079468,fd296d10b4315921fb0c1cb9f5c726ba6b35135075d7acd98023b57710589a97
amouyal:125,set_41,249,prob,gp,lingering,demo_reg_query_reg_chat_none,reg,reg,chat,none,0.9129488468170166,0.0870511531829834,0,0.9986007809638977,484cb27bdf19c2812d5ac1376473c00f30b1cf362f76b14ee6b84a533d9f4a09
amouyal:126,set_41,252,prob,non_gp,simple,demo_reg_query_reg_chat_none,reg,reg,chat,none,0.999999463558197,0.999999463558197,1,0.9996331334114075,fe8c2d416e3fc04720e2ad17284fb6f14230e12a6f706e20ec6ea8d7d2e5dcf6
amouyal:127,set_41,253,prob,non_gp,lingering,demo_reg_query_reg_chat_none,reg,reg,chat,none,0.9998403191566467,0.00015968084335327148,0,0.9991908669471741,7e66ff94914734409bf19b5255af1414d60ed4dba12ef9e9f37b520cc3afd80e
amouyal:128,set_42,256,prob,gp,simple,demo_reg_query_reg_chat_none,reg,reg,chat,none,0.999998927116394,0.999998927116394,1,0.9997868537902832,470e3288f3f70cf2e1e7ce6bbe8235bbf2e2ac8456d0289a305a656ff1da1699
amouyal:129,set_42,257,prob,gp,lingering,demo_reg_query_reg_chat_none,reg,reg,chat,none,0.9999746084213257,2.5391578674316406e-05,0,0.9995541572570801,9386e36dfebc5fff1f05fd3145a65476617d76e35b48c1ab60fbd85570eae3c0
amouyal:130,set_42,260,prob,non_gp,simple,demo_reg_query_reg_chat_none,reg,reg,chat,none,0.9999994039535522,0.9999994039535522,1,0.9996745586395264,50f433d575a8c15885b40080be47756b30b4fa8228200fa270436939e6b8e817
amouyal:131,set_42,261,prob,non_gp,lingering,demo_reg_query_reg_chat_none,reg,reg,chat,none,0.9928290247917175,0.007170975208282471,0,0.9988587498664856,d13aefb58f321cf10b6a497b51017cf9892e8bf4f94146c4b6a9423bea905770
amouyal:132,set_43,264,prob,gp,simple,demo_reg_query_reg_chat_none,reg,reg,chat,none,0.9998947381973267,0.9998947381973267,1,0.9995790719985962,1988b4636ec0ad1b6f6058dfe113d04001fa24b581739d694d0eee22865d628d
amouyal:133,set_43,265,prob,gp,lingering,demo_reg_query_reg_chat_none,reg,reg,chat,none,0.9999697208404541,3.0279159545898438e-05,0,0.9996820092201233,dc46f0e6a5748b241bb5effdcb3f2c6f2af547bed3739953b1bf97a57fd0be04
amouyal:134,set_43,268,prob,non_gp,simple,demo_reg_query_reg_chat_none,reg,reg,chat,none,0.9999974966049194,0.9999974966049194,1,0.9995023608207703,348a567cfa87481b19eff1989d7e9d006537f6611ac9b9b9332da5aae4d07632
amouyal:135,set_43,269,prob,non_gp,lingering,demo_reg_query_reg_chat_none,reg,reg,chat,none,0.999994158744812,5.841255187988281e-06,0,0.999130368232727,3c6a2674e0ff7d6b2aaeb440ec02ca9e90f7c28ce56b91f262e96c47eec2474b
amouyal:136,set_44,272,prob,gp,simple,demo_reg_query_reg_chat_none,reg,reg,chat,none,0.9965238571166992,0.9965238571166992,1,0.9994553327560425,cfda26cfefa61a9964ca30a61845729a6ed8ae3e47cec2ec7927e99e182ba509
amouyal:137,set_44,273,prob,gp,lingering,demo_reg_query_reg_chat_none,reg,reg,chat,none,0.9961861371994019,0.0038138628005981445,0,0.9994766712188721,1cf1595d58200dce9661be1940403c65356a842d16862e1565661879f0d123b8
amouyal:138,set_44,276,prob,non_gp,simple,demo_reg_query_reg_chat_none,reg,reg,chat,none,0.9985031485557556,0.9985031485557556,1,0.9995787143707275,bf83c45875dbf777029155917851bfe336d0a12ec39d53b3a4bf33f30c63343b
amouyal:139,set_44,277,prob,non_gp,lingering,demo_reg_query_reg_chat_none,reg,reg,chat,none,0.9716590642929077,0.028340935707092285,0,0.9994505643844604,c68f6113103302315a64873cd844ec946db407b2254d25263d2426ec29d23848
amouyal:140,set_45,280,prob,gp,simple,demo_reg_query_reg_chat_none,reg,reg,chat,none,0.998360812664032,0.998360812664032,1,0.9992654919624329,ada46ba788509aa04c25f7c052eb68fe7c996fea6990ff04f422b5357aa8b1d5
amouyal:141,set_45,281,prob,gp,lingering,demo_reg_query_reg_chat_none,reg,reg,chat,none,0.9919890761375427,0.008010923862457275,0,0.9991065859794617,a97ba6dedf13d4b38a644c119c934b2ae9dfba46e4590ecaa5026e41369b9963
amouyal:142,set_45,284,prob,non_gp,simple,demo_reg_query_reg_chat_none,reg,reg,chat,none,0.9999984502792358,0.9999984502792358,1,0.9993181824684143,87cccf3782248b8c94e6daaa5ee2a04eb36ffc1741158dd446e0983910368c62
amouyal:143,set_45,285,prob,non_gp,lingering,demo_reg_query_reg_chat_none,reg,reg,chat,none,0.9998914003372192,0.00010859966278076172,0,0.9991056323051453,5b808167d2ab9854b1a10a17b22de9b79e948ea92a49a236c2bfd3f27b14ae18
amouyal:144,set_hyp5_1,288,reflexive,non_gp,simple,demo_reg_query_reg_chat_none,reg,reg,chat,none,0.9999692440032959,0.9999692440032959,1,0.999243438243866,33fbbabd988d0dcdc60fa22f5f54b5416f61593ee790826e46fd5640292eaa3e
amouyal:145,set_hyp5_1,289,reflexive,non_gp,lingering,demo_reg_query_reg_chat_none,reg,reg,chat,none,0.7957892417907715,0.20421075820922852,0,0.9980093240737915,ad90d9524bb5b1ba85514cf05f3132f8c42ca8eb6babd93f12828fe0fb590559
amouyal:146,set_hyp5_2,290,reflexive,non_gp,simple,demo_reg_query_reg_chat_none,reg,reg,chat,none,0.9999991059303284,0.9999991059303284,1,0.999565064907074,dbd5aa14261d8d67c4f8f3699249605d0a286638342ad90e2ee53f84ebdf3ee3
amouyal:147,set_hyp5_2,291,reflexive,non_gp,lingering,demo_reg_query_reg_chat_none,reg,reg,chat,none,2.2209744893891825e-12,0.999999999997779,1,0.9999592304229736,ac622ade67dce231a9837ede1e338c7a2f2c50ee6830e33789477a6e4c3ceacc
amouyal:148,set_hyp5_3,292,reflexive,non_gp,simple,demo_reg_query_reg_chat_none,reg,reg,chat,none,0.9999961853027344,0.9999961853027344,1,0.9994273781776428,78803131fa04badc31ab8c7e6ffe332d5337435c666ca217b27b637ad78ee3d9
amouyal:149,set_hyp5_3,293,reflexive,non_gp,lingering,demo_reg_query_reg_chat_none,reg,reg,chat,none,1.4970792383550702e-09,0.9999999985029208,1,0.9999793171882629,593e43c6d4bef39e04134f68e4e9e2a3a3d52468e568c756d5009a6642fbd3c7
amouyal:150,set_hyp5_4,294,reflexive,non_gp,simple,demo_reg_query_reg_chat_none,reg,reg,chat,none,0.9998685717582703,0.9998685717582703,1,0.9986339807510376,c03ce7c8fb0eaf6c31e0842cc5767c47937b9a6aed4b72a620187484ff165eb2
amouyal:151,set_hyp5_4,295,reflexive,non_gp,lingering,demo_reg_query_reg_chat_none,reg,reg,chat,none,4.349395288372193e-10,0.9999999995650605,1,0.9999035596847534,6f558bba005b2b45bee9ccea7593b4b689ad47ad444de638d017183ac4eb247e
amouyal:152,set_hyp5_5,296,reflexive,non_gp,simple,demo_reg_query_reg_chat_none,reg,reg,chat,none,0.9999986290931702,0.9999986290931702,1,0.9993805289268494,bc5efed9f653ec2d8dc1bc8e37f7390c6c340b24b2342da999049c8511545beb
amouyal:153,set_hyp5_5,297,reflexive,non_gp,lingering,demo_reg_query_reg_chat_none,reg,reg,chat,none,1.3205541105065777e-09,0.9999999986794459,1,0.9999640583992004,ce0b728989ba2da0cfba6c944b626b96658710d5452810cca52453bf9fcdf37d
amouyal:154,set_hyp5_6,298,reflexive,non_gp,simple,demo_reg_query_reg_chat_none,reg,reg,chat,none,0.9999942779541016,0.9999942779541016,1,0.9994047284126282,726bf211b9f8735593535a32cc8344f062452e2ab6a26f9ae5dc4efcca8da09a
amouyal:155,set_hyp5_6,299,reflexive,non_gp,lingering,demo_reg_query_reg_chat_none,reg,reg,chat,none,6.78856231388636e-05,0.9999321143768611,1,0.9999259114265442,7f42d052768c61394dbb884c83b5c4b577380110cc6e7041fe461feae465fc1c
amouyal:156,set_hyp5_7,300,reflexive,non_gp,simple,demo_reg_query_reg_chat_none,reg,reg,chat,none,0.9999829530715942,0.9999829530715942,1,0.999247670173645,7fa0c32fafdca87160da464db39e7ae584528420be7536ed3bbc59ca32b8985c
amouyal:157,set_hyp5_7,301,reflexive,non_gp,lingering,demo_reg_query_reg_chat_none,reg,reg,chat,none,4.2445796877288444e-11,0.9999999999575542,1,0.9998891353607178,2053e0a9e835371a90c702a78de4ca56a6435c5b858301f19699d796a6877865
amouyal:158,set_hyp5_8,302,reflexive,non_gp,simple,demo_reg_query_reg_chat_none,reg,reg,chat,none,0.9999908208847046,0.9999908208847046,1,0.9988412261009216,95b70bbd975c3811052fc86da1557cbac45f550c3103bd1d1499879bc8809a06
amouyal:159,set_hyp5_8,303,reflexive,non_gp,lingering,demo_reg_query_reg_chat_none,reg,reg,chat,none,2.4180671354123717e-10,0.9999999997581933,1,0.9999480843544006,f73b90cb7f7aa2e42e078c62df435168cce2c590be2da23479e98e663e7570dd
amouyal:160,set_hyp5_9,304,reflexive,non_gp,simple,demo_reg_query_reg_chat_none,reg,reg,chat,none,0.9999927878379822,0.9999927878379822,1,0.9991499781608582,bfb8de5f37b04e8e064f675906559db4e97cc5db26270c5807b7035365dbb6ee
amouyal:161,set_hyp5_9,305,reflexive,non_gp,lingering,demo_reg_query_reg_chat_none,reg,reg,chat,none,0.9266996383666992,0.07330036163330078,0,0.9988667368888855,ef25715c508d4ddf5b8fc2ac72537aaf4c4651ddbb4f6717de2092a47563be1d
amouyal:162,set_hyp5_10,306,reflexive,non_gp,simple,demo_reg_query_reg_chat_none,reg,reg,chat,none,0.9999994039535522,0.9999994039535522,1,0.9995378851890564,7e444c8d716ddb7f970c0da142928ad2e398625e319724ec2ff96842efa477f2
amouyal:163,set_hyp5_10,307,reflexive,non_gp,lingering,demo_reg_query_reg_chat_none,reg,reg,chat,none,0.8609991073608398,0.13900089263916016,0,0.9987687468528748,529593470df6d458e9cd4bf68b7155b85634d10a44865d249677f523b24c465f
amouyal:164,set_hyp5_11,308,reflexive,non_gp,simple,demo_reg_query_reg_chat_none,reg,reg,chat,none,0.9999951124191284,0.9999951124191284,1,0.9994168877601624,29e5192246baf546461c1d1fee176247ad1ff818c327a080f081ffdf8814a779
amouyal:165,set_hyp5_11,309,reflexive,non_gp,lingering,demo_reg_query_reg_chat_none,reg,reg,chat,none,4.243518383906242e-11,0.9999999999575648,1,0.9999350309371948,781ae2f52bda190907bd3e4aec0ab93849210d2aada393613f303ff398d54ff6
amouyal:166,set_hyp5_12,310,reflexive,non_gp,simple,demo_reg_query_reg_chat_none,reg,reg,chat,none,0.9999986290931702,0.9999986290931702,1,0.9994040131568909,71c99d9fc5ce07a1a3ea8f15903b38e3a0c11d0958f1be03d5400ffab1bb4f28
amouyal:167,set_hyp5_12,311,reflexive,non_gp,lingering,demo_reg_query_reg_chat_none,reg,reg,chat,none,3.185716923326254e-05,0.9999681428307667,1,0.999944269657135,1d8bfdcac2943714a6965e1be712f72b0495fb984dfd8b31305d7a69f556353c
amouyal:168,set_hyp5_13,312,reflexive,non_gp,simple,demo_reg_query_reg_chat_none,reg,reg,chat,none,0.9999955296516418,0.9999955296516418,1,0.9993951916694641,27a3fe0d1bc5734904be39e16a5c255c648ab4b0979c8cd7db09f4d71f1f1002
amouyal:169,set_hyp5_13,313,reflexive,non_gp,lingering,demo_reg_query_reg_chat_none,reg,reg,chat,none,2.1420578377728816e-07,0.9999997857942162,1,0.9998087882995605,20fa67eb3bbfc3632ce58102ef310f92b03433298bd008657e7b155ce0f36d05
amouyal:170,set_hyp5_14,314,reflexive,non_gp,simple,demo_reg_query_reg_chat_none,reg,reg,chat,none,0.9960136413574219,0.9960136413574219,1,0.9992403388023376,1a72f8c48fa9f47dfbf0857c4d5a94eed13caa4912e5e77861be98e2fcee2c01
amouyal:171,set_hyp5_14,315,reflexive,non_gp,lingering,demo_reg_query_reg_chat_none,reg,reg,chat,none,2.115065626639989e-06,0.9999978849343734,1,0.999909520149231,078b31c8af8bfb0e0b53ab0666b4f879209f90722e6b6b860ba9fb4200470647
amouyal:172,set_hyp5_15,316,reflexive,non_gp,simple,demo_reg_query_reg_chat_none,reg,reg,chat,none,0.9999994039535522,0.9999994039535522,1,0.9995632767677307,e0022150987727b737cc865232e3f5a6d2eb51fc68ae0b88b6dc9900f1b03b9b
amouyal:173,set_hyp5_15,317,reflexive,non_gp,lingering,demo_reg_query_reg_chat_none,reg,reg,chat,none,0.31281742453575134,0.6871825754642487,1,0.9961386322975159,ab90ed14f0a801d07b0d8f96d8e59c5323dd296a7c23746b4a9690783b1d1de1
amouyal:174,set_hyp5_16,318,reflexive,non_gp,simple,demo_reg_query_reg_chat_none,reg,reg,chat,none,0.999979555606842,0.999979555606842,1,0.9992847442626953,128642358298db51a14efc6df1b508427dc8fc13be913ff6eaf4ded37fc76c33
amouyal:175,set_hyp5_16,319,reflexive,non_gp,lingering,demo_reg_query_reg_chat_none,reg,reg,chat,none,0.9982098340988159,0.001790165901184082,0,0.9994326829910278,2c9cb23666a57f542005ab3b6854e3ad9bb71d1e9bc808bb13a9445820e33b88
amouyal:176,set_hyp5_17,320,reflexive,non_gp,simple,demo_reg_query_reg_chat_none,reg,reg,chat,none,0.9999982714653015,0.9999982714653015,1,0.9995850920677185,bcdc2c22ac8d110fec48007ed49ca01cab8489068fe3df3a0ad475921eb385ec
amouyal:177,set_hyp5_17,321,reflexive,non_gp,lingering,demo_reg_query_reg_chat_none,reg,reg,chat,none,3.8783424388677545e-11,0.9999999999612166,1,0.9997929334640503,7b94bdfa356be115ca81d27df15bdaba14585d56e9a4fda7242a4063b0e7b4b5
amouyal:178,set_hyp5_18,322,reflexive,non_gp,simple,demo_reg_query_reg_chat_none,reg,reg,chat,none,0.0016422393964603543,0.0016422393964603543,0,0.9836942553520203,834009eae3e2f328d03b9ab83b02a9f584aacf8f41221cbcdb25a01e1553518c
amouyal:179,set_hyp5_18,323,reflexive,non_gp,lingering,demo_reg_query_reg_chat_none,reg,reg,chat,none,3.1172889976005536e-06,0.9999968827110024,1,0.9999479651451111,8ef6e163c6a2c2503f500ea2989f087ece265be068e906a23bafb17f9b867bd6
amouyal:180,set_hyp5_19,324,reflexive,non_gp,simple,demo_reg_query_reg_chat_none,reg,reg,chat,none,0.9999991655349731,0.9999991655349731,1,0.9995362758636475,72531a6a9cfe9ad5d89e1d08faf6bd3ec6f0251381e4189abe75e6f2b6236127
amouyal:181,set_hyp5_19,325,reflexive,non_gp,lingering,demo_reg_query_reg_chat_none,reg,reg,chat,none,7.168295904774746e-12,0.9999999999928317,1,0.999942421913147,4c6d23cf0d4b8ec64b7ed79d02569a22acea2f7de30e51d8c799705e0293664e
amouyal:182,set_hyp5_20,326,reflexive,non_gp,simple,demo_reg_query_reg_chat_none,reg,reg,chat,none,0.999992311000824,0.999992311000824,1,0.9993550181388855,ba894431f8593ea9bd6d11b1f8a556749b40bcdf606362d02a4bea5dad90f962
amouyal:183,set_hyp5_20,327,reflexive,non_gp,lingering,demo_reg_query_reg_chat_none,reg,reg,chat,none,0.0018380704568699002,0.9981619295431301,1,0.9998871684074402,56558e91a8138a3ce3a2052d1d4b9b8e0dbf2926e80cdc8e40c27a1b1fe648ae
amouyal:184,set_hyp5_21,328,reflexive,non_gp,simple,demo_reg_query_reg_chat_none,reg,reg,chat,none,0.9999913573265076,0.9999913573265076,1,0.9994683265686035,554c6a9995a8e3f4844b73aefcace2a57414102cb21becf69087e28e7189fe65
amouyal:185,set_hyp5_21,329,reflexive,non_gp,lingering,demo_reg_query_reg_chat_none,reg,reg,chat,none,0.1999797821044922,0.8000202178955078,1,0.9992656707763672,a6df0d9bcdc8bef24855e15ada1e8235cb29ef69be588c9f6383e8c46aef56dc
amouyal:186,set_hyp5_22,330,reflexive,non_gp,simple,demo_reg_query_reg_chat_none,reg,reg,chat,none,0.9999978542327881,0.9999978542327881,1,0.9995484352111816,020024cd74b568bff4a3f616a86db6873adceb79d844b7575c100ce769f518d7
amouyal:187,set_hyp5_22,331,reflexive,non_gp,lingering,demo_reg_query_reg_chat_none,reg,reg,chat,none,4.0446657578740997e-08,0.9999999595533424,1,0.9998762011528015,113e4d3b68da1be469383b816a65454aae35a97b6d9a9c0b10673e052ad23b60
amouyal:188,set_hyp5_23,332,reflexive,non_gp,simple,demo_reg_query_reg_chat_none,reg,reg,chat,none,0.9999989867210388,0.9999989867210388,1,0.999661386013031,5f47b429381df6d88570debbbc9c3b40bffb1dec6b9aa423d9f0ea0b9ed9308c
amouyal:189,set_hyp5_23,333,reflexive,non_gp,lingering,demo_reg_query_reg_chat_none,reg,reg,chat,none,0.0004410688125062734,0.9995589311874937,1,0.9999708533287048,05689da69564ffe94d0ebeac21a3ddd1d114880641b6e3b77c8e76bca39d0da7
amouyal:190,set_hyp5_24,334,reflexive,non_gp,simple,demo_reg_query_reg_chat_none,reg,reg,chat,none,0.9999954700469971,0.9999954700469971,1,0.9993100762367249,437f3eafeb7fb307e3d42cc653e8e084631350fc2c4d42fbf60493c28a719891
amouyal:191,set_hyp5_24,335,reflexive,non_gp,lingering,demo_reg_query_reg_chat_none,reg,reg,chat,none,0.8986221551895142,0.10137784481048584,0,0.9994046688079834,9456e5f0d432939b9ad3d393d7a2d5a8485777c57a600a66e70b4b096457a36d
amouyal:192,set_hyp5_1,336,reflexive,gp,simple,demo_reg_query_reg_chat_none,reg,reg,chat,none,0.9999803900718689,0.9999803900718689,1,0.9995010495185852,0066a2801e4c4c1582cc0d5c9c29d71e802f34d776e957c057c6b82b89bfcafb
amouyal:193,set_hyp5_1,337,reflexive,gp,lingering,demo_reg_query_reg_chat_none,reg,reg,chat,none,0.1733325719833374,0.8266674280166626,1,0.998961329460144,5d49b945454e580f313174583444834f146ee1cd92120c9abfdb1c30f2511bfd
amouyal:194,set_hyp5_2,338,reflexive,gp,simple,demo_reg_query_reg_chat_none,reg,reg,chat,none,0.9999968409538269,0.9999968409538269,1,0.9996613264083862,23916b93a77f85d86fb554aa28cc2bdcefa950dc511bb59745ceb4278c68d7ba
amouyal:195,set_hyp5_2,339,reflexive,gp,lingering,demo_reg_query_reg_chat_none,reg,reg,chat,none,1.0451581999859627e-07,0.99999989548418,1,0.9999762773513794,bae504b578a092a87ab2ee4a5dc7f36ad1be1cf14cc7811fb8c8b7f1a79c6b8a
amouyal:196,set_hyp5_3,340,reflexive,gp,simple,demo_reg_query_reg_chat_none,reg,reg,chat,none,0.9996889233589172,0.9996889233589172,1,0.9992438554763794,381bc2361bd7aa724ac2a1efbc57faf286179e68d06f1d523f0ee529260f8ad2
amouyal:197,set_hyp5_3,341,reflexive,gp,lingering,demo_reg_query_reg_chat_none,reg,reg,chat,none,0.033547259867191315,0.9664527401328087,1,0.9998176097869873,8390f06c99755339c64b56e9620f28dd342342d19138165421da5cef960669f7
amouyal:198,set_hyp5_4,342,reflexive,gp,simple,demo_reg_query_reg_chat_none,reg,reg,chat,none,0.9999708533287048,0.9999708533287048,1,0.9995883703231812,9fc89d6311fa7ef33f1653ece1ca9ed5f8ec9b2cf70c88d8e74c8b9ae74b85ea
amouyal:199,set_hyp5_4,343,reflexive,gp,lingering,demo_reg_query_reg_chat_none,reg,reg,chat,none,0.001397309242747724,0.9986026907572523,1,0.9999446272850037,4f7abc8bffb3853f4064a0a7ce091aa5c15051236f063233eaaa0d7c2f676795
amouyal:200,set_hyp5_5,344,reflexive,gp,simple,demo_reg_query_reg_chat_none,reg,reg,chat,none,0.999858021736145,0.999858021736145,1,0.9996041655540466,a06c8c45edd471e9886fceec72d01ef9246b1316065e7a5e1f0b29d3a3b5e76d
amouyal:201,set_hyp5_5,345,reflexive,gp,lingering,demo_reg_query_reg_chat_none,reg,reg,chat,none,0.9947136044502258,0.00528639554977417,0,0.9992622137069702,30ce5d31d54c4e5cc4f3919e58161b2d782b360a409bc117a78fc7c7c35b58e4
amouyal:202,set_hyp5_6,346,reflexive,gp,simple,demo_reg_query_reg_chat_none,reg,reg,chat,none,0.9999294281005859,0.9999294281005859,1,0.9994392991065979,5f5ecd8f9af13aff6b53d7c61846799085ec8bfad9921ec45eca564551e7bcbe
amouyal:203,set_hyp5_6,347,reflexive,gp,lingering,demo_reg_query_reg_chat_none,reg,reg,chat,none,0.9805009961128235,0.019499003887176514,0,0.9993680715560913,c10a7a715eccf9b04d9eae530760d8569837fde9b8b7afebf42d75ec703bdeca
amouyal:204,set_hyp5_7,348,reflexive,gp,simple,demo_reg_query_reg_chat_none,reg,reg,chat,none,0.9998781085014343,0.9998781085014343,1,0.999352753162384,82c78aabb5646e5c30f2794f80aa0fddfcb60763277d0ced1b1d5799b4d75786
amouyal:205,set_hyp5_7,349,reflexive,gp,lingering,demo_reg_query_reg_chat_none,reg,reg,chat,none,9.309158485848457e-05,0.9999069084151415,1,0.9998924136161804,519a17888577d4801c94f63ddd46c9e297c612253ace28945565cead48abbda6
amouyal:206,set_hyp5_8,350,reflexive,gp,simple,demo_reg_query_reg_chat_none,reg,reg,chat,none,0.9999924898147583,0.9999924898147583,1,0.9993418455123901,549f36ce60d0a6375342559a27e422fa160885595a7585d373d8b11826baa20a
amouyal:207,set_hyp5_8,351,reflexive,gp,lingering,demo_reg_query_reg_chat_none,reg,reg,chat,none,0.023048583418130875,0.9769514165818691,1,0.9996517300605774,66cb2c976e10d823841b540caaf44f4739d55cd6c1646f9ebcd1fd31c2eb1e76
amouyal:208,set_hyp5_9,352,reflexive,gp,simple,demo_reg_query_reg_chat_none,reg,reg,chat,none,0.999998927116394,0.999998927116394,1,0.9996281862258911,9dd8809b5810b4625841b018baef4e67f9637792af74c4261f316c0d3ca35b9e
amouyal:209,set_hyp5_9,353,reflexive,gp,lingering,demo_reg_query_reg_chat_none,reg,reg,chat,none,0.9999662041664124,3.3795833587646484e-05,0,0.9993115663528442,b73461a3d36904f8474b733dbcad8a90deb96987baf083bb86f15d0d7a6107e2
amouyal:210,set_hyp5_10,354,reflexive,gp,simple,demo_reg_query_reg_chat_none,reg,reg,chat,none,0.9999539852142334,0.9999539852142334,1,0.9994723796844482,8d2747b02237015d129212a508dc98419e477d695c6f6b8560ac5a2193e126e7
amouyal:211,set_hyp5_10,355,reflexive,gp,lingering,demo_reg_query_reg_chat_none,reg,reg,chat,none,0.9348511099815369,0.06514889001846313,0,0.9977643489837646,f0d7a3b893160f7f77930de2b1a38d1364d2cd96920f364c8682ebe8e7e5aa40
amouyal:212,set_hyp5_11,356,reflexive,gp,simple,demo_reg_query_reg_chat_none,reg,reg,chat,none,0.5938977003097534,0.5938977003097534,1,0.9970961213111877,311609601be3bf722882d37f29c877bd7596482eee2f5038f9b4674497105666
amouyal:213,set_hyp5_11,357,reflexive,gp,lingering,demo_reg_query_reg_chat_none,reg,reg,chat,none,0.19024385511875153,0.8097561448812485,1,0.9975660443305969,63fc41a7355c77d1b2e7ad0b598893a6427e0e4ee3c2db82f0c38c74d1102e84
amouyal:214,set_hyp5_12,358,reflexive,gp,simple,demo_reg_query_reg_chat_none,reg,reg,chat,none,0.9999913573265076,0.9999913573265076,1,0.999649703502655,7708e17f32fd75cf5892384858b5915d792c32a11073066f5b3cd9a748841790
amouyal:215,set_hyp5_12,359,reflexive,gp,lingering,demo_reg_query_reg_chat_none,reg,reg,chat,none,0.7866216897964478,0.21337831020355225,0,0.9986271858215332,9e08e8b9e79709a37ff20ba4c45727e14090864de69be7f7ea5297e23e028799
amouyal:216,set_hyp5_13,360,reflexive,gp,simple,demo_reg_query_reg_chat_none,reg,reg,chat,none,0.9982613921165466,0.9982613921165466,1,0.9990821480751038,300398d050d45aca3333b2c18061d4f1cc52afdf685ed78d87a15715ccb33d31
amouyal:217,set_hyp5_13,361,reflexive,gp,lingering,demo_reg_query_reg_chat_none,reg,reg,chat,none,0.6192205548286438,0.3807794451713562,0,0.9990020990371704,ce024e8765b4c60c4930941750754d5446800748052a6da3b63c6024983b6b87
amouyal:218,set_hyp5_14,362,reflexive,gp,simple,demo_reg_query_reg_chat_none,reg,reg,chat,none,0.7426766157150269,0.7426766157150269,1,0.9995312690734863,d1b11d2b5a43d2f0dfef413cec667f4b7a5db839f21c86abe9cd78ead2706138
amouyal:219,set_hyp5_14,363,reflexive,gp,lingering,demo_reg_query_reg_chat_none,reg,reg,chat,none,0.004707575310021639,0.9952924246899784,1,0.9997801184654236,21b18bae0b70e4498e53f3c5c7c8fb5b3cf0956c54a77a68d155e90652383d25
amouyal:220,set_hyp5_15,364,reflexive,gp,simple,demo_reg_query_reg_chat_none,reg,reg,chat,none,0.9997975826263428,0.9997975826263428,1,0.998765230178833,a5d9eee31c3640c53c0f6b020e69d1ce799732d86db6009a63caf0154e79a1a2
amouyal:221,set_hyp5_15,365,reflexive,gp,lingering,demo_reg_query_reg_chat_none,reg,reg,chat,none,0.9649298787117004,0.03507012128829956,0,0.9988237619400024,790b35f1abd11a073c7c88edfe832106afddfc106194d2a08b250530ce8fd2b8
amouyal:222,set_hyp5_16,366,reflexive,gp,simple,demo_reg_query_reg_chat_none,reg,reg,chat,none,0.9997899532318115,0.9997899532318115,1,0.9991010427474976,6ca5e3cef65758dd0d5f8e3e769dabe36f68a20ecc4488bed850382a5696902a
amouyal:223,set_hyp5_16,367,reflexive,gp,lingering,demo_reg_query_reg_chat_none,reg,reg,chat,none,0.9987931847572327,0.001206815242767334,0,0.9994463920593262,123ea27310544c3af30f7d2f6d756cfd7f4071d61b95227a11ba2d61814e041a
amouyal:224,set_hyp5_17,368,reflexive,gp,simple,demo_reg_query_reg_chat_none,reg,reg,chat,none,0.9999977350234985,0.9999977350234985,1,0.9997048377990723,02db0b34c504c2c8152ae1832bdd457d8a8a77f55c0a44d369e9d21a3b696b1a
amouyal:225,set_hyp5_17,369,reflexive,gp,lingering,demo_reg_query_reg_chat_none,reg,reg,chat,none,2.2461714266341914e-08,0.9999999775382857,1,0.9999397993087769,e6b27fc94f03a2c327b85f53477835bea00f4ead053b7fb3266614c67f28f1cf
amouyal:226,set_hyp5_18,370,reflexive,gp,simple,demo_reg_query_reg_chat_none,reg,reg,chat,none,0.5361272096633911,0.5361272096633911,1,0.8488504886627197,a5ad6de71612780d5ee69ad7c13eb631fd3645e7eeff380489bb9e815b5612c2
amouyal:227,set_hyp5_18,371,reflexive,gp,lingering,demo_reg_query_reg_chat_none,reg,reg,chat,none,0.8457106947898865,0.15428930521011353,0,0.9984571933746338,7e6283319236caa7c0d06552c5e07ec07f2e3877654f4a63a0fd19199424c528
amouyal:228,set_hyp5_19,372,reflexive,gp,simple,demo_reg_query_reg_chat_none,reg,reg,chat,none,0.999985933303833,0.999985933303833,1,0.999391496181488,69a9cf6ef436581c39a5a1bbb039574c902d96497e4858dd5d01a1b1060c66cf
amouyal:229,set_hyp5_19,373,reflexive,gp,lingering,demo_reg_query_reg_chat_none,reg,reg,chat,none,0.16033430397510529,0.8396656960248947,1,0.9988435506820679,9ec4a2761ec0948e0aff6a4ae49957c758aa1792027ebe77488a5ec22d7e6081
amouyal:230,set_hyp5_20,374,reflexive,gp,simple,demo_reg_query_reg_chat_none,reg,reg,chat,none,0.9999780058860779,0.9999780058860779,1,0.9996281862258911,b5347f5d8e902a93a9f06f3c4f8d40a9105fe783d51102afd056c8710f22788f
amouyal:231,set_hyp5_20,375,reflexive,gp,lingering,demo_reg_query_reg_chat_none,reg,reg,chat,none,0.9661535620689392,0.03384643793106079,0,0.9982161521911621,65ad9e4b89462521cb3dd6b84fcd68468de580be838714385ca34295b5e056ba
amouyal:232,set_hyp5_21,376,reflexive,gp,simple,demo_reg_query_reg_chat_none,reg,reg,chat,none,0.9999668598175049,0.9999668598175049,1,0.9993605613708496,d514dd27f737ae9aa1723a7ab877a05e9ec4d4c5810dd90172168c9c3fa85e17
amouyal:233,set_hyp5_21,377,reflexive,gp,lingering,demo_reg_query_reg_chat_none,reg,reg,chat,none,0.9814465641975403,0.018553435802459717,0,0.9995726346969604,84a431123323ed108e1c9e3a8ee780146fd24cc6f78ca033ad9aa6c4f7547a28
amouyal:234,set_hyp5_22,378,reflexive,gp,simple,demo_reg_query_reg_chat_none,reg,reg,chat,none,0.9998266696929932,0.9998266696929932,1,0.999221920967102,aa0a7b0e6b5a5b8f35e50ca7f64a44bb7d4611edee424eaec5850425038657a6
amouyal:235,set_hyp5_22,379,reflexive,gp,lingering,demo_reg_query_reg_chat_none,reg,reg,chat,none,0.6578956842422485,0.34210431575775146,0,0.9967070817947388,0f73f6ec9b204793b26d92bb3b1d309e5631b197a85c7142574a8d2d89f58909
amouyal:236,set_hyp5_23,380,reflexive,gp,simple,demo_reg_query_reg_chat_none,reg,reg,chat,none,0.9999518394470215,0.9999518394470215,1,0.9996403455734253,05caa46c1f035c6995593a0a8e6b6068ac71a64a921043515020f234deb7d940
amouyal:237,set_hyp5_23,381,reflexive,gp,lingering,demo_reg_query_reg_chat_none,reg,reg,chat,none,0.941394031047821,0.058605968952178955,0,0.9991666674613953,92694638a0bfbf5bc24f6bfc2ab0239126c95466834cf81ac060e2d151e5dc17
amouyal:238,set_hyp5_24,382,reflexive,gp,simple,demo_reg_query_reg_chat_none,reg,reg,chat,none,0.999996542930603,0.999996542930603,1,0.9995882511138916,c55a0db9eba7424a4ed97e77e1b00312b64d625e04cd5a874702554c5cce6eaa
amouyal:239,set_hyp5_24,383,reflexive,gp,lingering,demo_reg_query_reg_chat_none,reg,reg,chat,none,0.9968749284744263,0.0031250715255737305,0,0.9987090826034546,4b906ed4818de77b50e3d25a722a9016c1d0a6105651a7e0847be365f342c1bf
amouyal:240,set_1,384,prob,gp,simple,demo_reg_query_reg_chat_none,reg,reg,chat,none,0.9997815489768982,0.9997815489768982,1,0.9996636509895325,ede8a01eef2116ef378bc32d53f2bc1ed4932b061eec3fc3167a3fd961141bb2
amouyal:241,set_1,385,prob,gp,lingering,demo_reg_query_reg_chat_none,reg,reg,chat,none,0.01929636299610138,0.9807036370038986,1,0.9994197487831116,717f1a7f69b3a146b85e76ecb22ae1e169c370a1d8206cff0856d0c856ae5461
amouyal:242,set_1,388,prob,non_gp,simple,demo_reg_query_reg_chat_none,reg,reg,chat,none,0.9999980330467224,0.9999980330467224,1,0.999662458896637,08c8b28d6324865b75869131e6cfdee4f31bef632718e8e232aaca4071266551
amouyal:243,set_1,389,prob,non_gp,lingering,demo_reg_query_reg_chat_none,reg,reg,chat,none,0.6467289328575134,0.3532710671424866,0,0.9975709319114685,af3f59e73c451f2a11ea4c6490362a5481486d3e3ea24256b2140ad4af65e9f5
amouyal:244,set_2,392,prob,gp,simple,demo_reg_query_reg_chat_none,reg,reg,chat,none,0.9999631643295288,0.9999631643295288,1,0.9996265172958374,addce1a802b9d1d682dc4574a487826f5785a8a6472a6e82b1bf95b5d1c1620e
amouyal:245,set_2,393,prob,gp,lingering,demo_reg_query_reg_chat_none,reg,reg,chat,none,0.9992826581001282,0.0007173418998718262,0,0.9993926286697388,385c37961fffd88cf161004244670e5119187bcb3af7b64e6319e42538272040
amouyal:246,set_2,396,prob,non_gp,simple,demo_reg_query_reg_chat_none,reg,reg,chat,none,0.9999802708625793,0.9999802708625793,1,0.9995664954185486,cc353c2f102821ac8ff93e7b0f353fa30e93e2954282a154ce86d597739f25b6
amouyal:247,set_2,397,prob,non_gp,lingering,demo_reg_query_reg_chat_none,reg,reg,chat,none,0.999681830406189,0.00031816959381103516,0,0.9993290901184082,b208c4b7af4a1a413cd369f408a173824a28c348ae3310a54d2b388da611df99
amouyal:248,set_3,400,prob,gp,simple,demo_reg_query_reg_chat_none,reg,reg,chat,none,0.9532702565193176,0.9532702565193176,1,0.9996680617332458,322b98fb37ee6f22c3a6b7b8a93de9154a45aa9752199c6d40ae769279861a81
amouyal:249,set_3,401,prob,gp,lingering,demo_reg_query_reg_chat_none,reg,reg,chat,none,0.8412131071090698,0.15878689289093018,0,0.9987292885780334,adce9b36d10ca6f5f7f15b782b50800c48b62ccfa66fa98f7238e048996d342b
amouyal:250,set_3,404,prob,non_gp,simple,demo_reg_query_reg_chat_none,reg,reg,chat,none,0.999828040599823,0.999828040599823,1,0.999717116355896,b1a40ea344c8f129440550c30ace857dd68ee3dbcb276c4e017e3a2e6f7bc9e1
amouyal:251,set_3,405,prob,non_gp,lingering,demo_reg_query_reg_chat_none,reg,reg,chat,none,0.00038749954546801746,0.999612500454532,1,0.9997192025184631,60a842fe8ddaf460da04e5c89fd32df7163bf33c68de582589fb502ed3fd7f56
amouyal:252,set_4,408,prob,gp,simple,demo_reg_query_reg_chat_none,reg,reg,chat,none,0.998771607875824,0.998771607875824,1,0.9995766282081604,d956c5231fdec0a917f661e37856a56909bcac4272cbe121d15e01605e45a3b6
amouyal:253,set_4,409,prob,gp,lingering,demo_reg_query_reg_chat_none,reg,reg,chat,none,0.9935210943222046,0.00647890567779541,0,0.9986857175827026,46c626561291c89733ba5f6952e8ff64037770474b9a8d9303cbf8fa690c2dd5
amouyal:254,set_4,412,prob,non_gp,simple,demo_reg_query_reg_chat_none,reg,reg,chat,none,0.9999875426292419,0.9999875426292419,1,0.9996472597122192,a7c7334efcc48c4118675154fd89f3682fba4c3aaa39a7c82571ff2786ffdc2e
amouyal:255,set_4,413,prob,non_gp,lingering,demo_reg_query_reg_chat_none,reg,reg,chat,none,0.9981111884117126,0.0018888115882873535,0,0.9995467066764832,6e1ba29c69afe52ea084c43bc6c2cae7ee314046dd50343b748571476b7e3fe8
amouyal:256,set_5,416,prob,gp,simple,demo_reg_query_reg_chat_none,reg,reg,chat,none,0.9981849789619446,0.9981849789619446,1,0.9991985559463501,8e98bedc7331f892ebc13f125733dd94793a59a8fdc1970938a9a20492d9a837
amouyal:257,set_5,417,prob,gp,lingering,demo_reg_query_reg_chat_none,reg,reg,chat,none,0.00046362439752556384,0.9995363756024744,1,0.9998817443847656,8938dc9e132e28105040519f88170e569d821130ab2602ea5bc960cc7d0eec38
amouyal:258,set_5,420,prob,non_gp,simple,demo_reg_query_reg_chat_none,reg,reg,chat,none,0.9999940395355225,0.9999940395355225,1,0.9995913505554199,f21c1d231358db69c4a3d7fea125283cfd298a4326f3b1a0cbe91855f2700223
amouyal:259,set_5,421,prob,non_gp,lingering,demo_reg_query_reg_chat_none,reg,reg,chat,none,0.9795383810997009,0.020461618900299072,0,0.9990224838256836,c6bc881eaf04a6dc62d678dd5c2b41972274230dc47951b5989193447f1e13f1
amouyal:260,set_6,424,prob,gp,simple,demo_reg_query_reg_chat_none,reg,reg,chat,none,0.9953086972236633,0.9953086972236633,1,0.9992902874946594,2b7f62cc9b9791d4d7f0a378790c344a4eba572b429e71a76f6aeaf6edf2c7f6
amouyal:261,set_6,425,prob,gp,lingering,demo_reg_query_reg_chat_none,reg,reg,chat,none,0.9301145076751709,0.0698854923248291,0,0.9984455108642578,df4f9c22fb56f736c69f37769f563fddc98252784359cd47a7ba3faf6695bf07
amouyal:262,set_6,428,prob,non_gp,simple,demo_reg_query_reg_chat_none,reg,reg,chat,none,0.9999993443489075,0.9999993443489075,1,0.9993340969085693,0ef14fdc812776f64c4541826fa9bcb7e49ac4a9e7c7d37779836ae9c13b7196
amouyal:263,set_6,429,prob,non_gp,lingering,demo_reg_query_reg_chat_none,reg,reg,chat,none,0.010455635376274586,0.9895443646237254,1,0.9997758865356445,b54922f89bdda0281bf8aa4e1dd344062fc8fe99aa4d929728c3ed1982a1fdbd
amouyal:264,set_7,432,prob,gp,simple,demo_reg_query_reg_chat_none,reg,reg,chat,none,0.9806123375892639,0.9806123375892639,1,0.999535322189331,8a7c610a42014c9c16e82f09d5bf272c3528e2e740dd9304234075107a1b053a
amouyal:265,set_7,433,prob,gp,lingering,demo_reg_query_reg_chat_none,reg,reg,chat,none,0.9995324015617371,0.00046759843826293945,0,0.9995535612106323,791351902cd0fef8de478609f1bc0a366472d9966558527c4d9038627ba34c47
amouyal:266,set_7,436,prob,non_gp,simple,demo_reg_query_reg_chat_none,reg,reg,chat,none,0.9998483657836914,0.9998483657836914,1,0.999213457107544,6649f7a174b0d1819f0d539ecf0b13958eda8573c5ec59d354fb0b69476156e0
amouyal:267,set_7,437,prob,non_gp,lingering,demo_reg_query_reg_chat_none,reg,reg,chat,none,0.9983838796615601,0.0016161203384399414,0,0.99940025806427,9f12e60e41d6d62475f040a94c928faba2caceada1079ac48e24da6565415e8b
amouyal:268,set_8,440,prob,gp,simple,demo_reg_query_reg_chat_none,reg,reg,chat,none,0.9998769164085388,0.9998769164085388,1,0.99940425157547,a258e17dcd252c0b56fbbdd9fb962b682efcca649270a8a9f4fb453de5afdbf5
amouyal:269,set_8,441,prob,gp,lingering,demo_reg_query_reg_chat_none,reg,reg,chat,none,0.7784569263458252,0.2215430736541748,0,0.9985353350639343,a20f4bbd765ffcc82b1d1fbd05d7dd4b762cec0277070a3612e0184b5c4d10a9
amouyal:270,set_8,444,prob,non_gp,simple,demo_reg_query_reg_chat_none,reg,reg,chat,none,0.9999970197677612,0.9999970197677612,1,0.9994003772735596,86bb958c37b3146cdbc94cbe08a7f9047564d73b52de7144dbd14e7a1f522080
amouyal:271,set_8,445,prob,non_gp,lingering,demo_reg_query_reg_chat_none,reg,reg,chat,none,0.9794653654098511,0.020534634590148926,0,0.9989122152328491,11d38ee0df20e58a407675f72677ba445f5396d6626d939b4c02239e1ab326eb
amouyal:272,set_9,448,prob,gp,simple,demo_reg_query_reg_chat_none,reg,reg,chat,none,0.9998860955238342,0.9998860955238342,1,0.9995862245559692,d35bcb51fcffb9acfe11a06bd91b667bd4ce01c1eb389c06333c3b4e07512a78
amouyal:273,set_9,449,prob,gp,lingering,demo_reg_query_reg_chat_none,reg,reg,chat,none,0.9879457950592041,0.012054204940795898,0,0.9993365406990051,04be5accd766de45355f39cb712d955cb80a5f21c8e12ad7ead572edcbc58111
amouyal:274,set_9,452,prob,non_gp,simple,demo_reg_query_reg_chat_none,reg,reg,chat,none,0.9999793767929077,0.9999793767929077,1,0.9994763731956482,2b220db8f421f743ed5f4a669aa75c77ee7ddc16bc957fd9c7dbcd90953b6327
amouyal:275,set_9,453,prob,non_gp,lingering,demo_reg_query_reg_chat_none,reg,reg,chat,none,0.9999280571937561,7.194280624389648e-05,0,0.998343288898468,5cc581ba92a8def8e2726ca6242e4d16d67a6398fe3c839510327054ce443502
amouyal:0,set_10,0,prob,gp,simple,demo_reg_query_reg_chat_assertion,reg,reg,chat,assertion,0.9634565711021423,0.9634565711021423,1,0.9974960684776306,b4fa1c790842626cc565be7fc86fd8fd8db6848edb8c0b7d9a20f92b5ab65f2e
amouyal:1,set_10,1,prob,gp,lingering,demo_reg_query_reg_chat_assertion,reg,reg,chat,assertion,0.9308574199676514,0.06914258003234863,0,0.9961351752281189,fd5fc5bcb9ccc8c4602305186d0cae52265502a23102e4075e57a1687e4dfbf9
amouyal:2,set_10,4,prob,non_gp,simple,demo_reg_query_reg_chat_assertion,reg,reg,chat,assertion,0.9986510276794434,0.9986510276794434,1,0.9975488185882568,33ccb579d7c5cb588852809872c6f6adcd0e2b55d2ae1eaae5d4a99dea6e78b6
amouyal:3,set_10,5,prob,non_gp,lingering,demo_reg_query_reg_chat_assertion,reg,reg,chat,assertion,0.983491063117981,0.016508936882019043,0,0.9973891973495483,8243861d8da74448eb5a97831a9c25f01f8fd08c05a856f0adfe6b2e22c3d76f
amouyal:4,set_11,8,prob,gp,simple,demo_reg_query_reg_chat_assertion,reg,reg,chat,assertion,0.9994201064109802,0.9994201064109802,1,0.9984675645828247,01f7bb6a1f4e6d2596f92f9720b9388c66d83cff97ba2e74c72c05bb8d80c072
amouyal:5,set_11,9,prob,gp,lingering,demo_reg_query_reg_chat_assertion,reg,reg,chat,assertion,0.9890470504760742,0.010952949523925781,0,0.9981125593185425,33d0c13e7d8666900961ce3c23d7ceb0f467bad605730acaf78abc5e22d2540a
amouyal:6,set_11,12,prob,non_gp,simple,demo_reg_query_reg_chat_assertion,reg,reg,chat,assertion,0.9997629523277283,0.9997629523277283,1,0.9975540637969971,da1de76fdef3fe618d5bab4c618130b0e6c5b7ce21178d31884f23582c17bbd7
amouyal:7,set_11,13,prob,non_gp,lingering,demo_reg_query_reg_chat_assertion,reg,reg,chat,assertion,0.9848989248275757,0.015101075172424316,0,0.9976587295532227,fd536c3d67651f6b50e931c0c67954e8a3e75a4ea2246fc027a635bb320f43d4
amouyal:8,set_12,16,prob,gp,simple,demo_reg_query_reg_chat_assertion,reg,reg,chat,assertion,0.3652588129043579,0.3652588129043579,0,0.9951094388961792,b3a246dd64c83ed38cf440d1e2a27666c49fb8b2867197248cadc9af31fd2590
amouyal:9,set_12,17,prob,gp,lingering,demo_reg_query_reg_chat_assertion,reg,reg,chat,assertion,0.9774702191352844,0.022529780864715576,0,0.9977974891662598,3cf894ddb8599110e5929d7526be046c8fe6fd9d6a50dbcaeebed94b751d05e3
amouyal:10,set_12,20,prob,non_gp,simple,demo_reg_query_reg_chat_assertion,reg,reg,chat,assertion,0.9999650120735168,0.9999650120735168,1,0.998280942440033,91406ab21785e90ebbbac4414f129ff326283293ff6a89ad9ce2f35be3bacfd9
amouyal:11,set_12,21,prob,non_gp,lingering,demo_reg_query_reg_chat_assertion,reg,reg,chat,assertion,0.9928430318832397,0.007156968116760254,0,0.9970664978027344,4a962e2c0b78f177d1daa5733452f79dd82540ca8fdf97a27dba70b325d12690
amouyal:12,set_13,24,prob,gp,simple,demo_reg_query_reg_chat_assertion,reg,reg,chat,assertion,0.9842357635498047,0.9842357635498047,1,0.9977166652679443,44c1ab64e953a194aacd4b8a86ed937ac67b4aebc981cf4544b91f2ca7afabc8
amouyal:13,set_13,25,prob,gp,lingering,demo_reg_query_reg_chat_assertion,reg,reg,chat,assertion,0.08899911493062973,0.9110008850693703,1,0.9972144961357117,b89e10c2151cdbbcae25eeea42531a1083df956097229488a5028dbd2f5606b2
amouyal:14,set_13,28,prob,non_gp,simple,demo_reg_query_reg_chat_assertion,reg,reg,chat,assertion,0.9999790191650391,0.9999790191650391,1,0.9988720417022705,02f9baad4ec56ffcb7cb71bd78882587b0ed3076d2d9028a55f2cb15b3ea801b
amouyal:15,set_13,29,prob,non_gp,lingering,demo_reg_query_reg_chat_assertion,reg,reg,chat,assertion,0.9936786890029907,0.006321310997009277,0,0.9968075156211853,ccef4c40cf06882d2d5f70e451ed4e2f82a632f31649ef90528b027e56106d03
amouyal:16,set_14,32,prob,gp,simple,demo_reg_query_reg_chat_assertion,reg,reg,chat,assertion,0.26457729935646057,0.26457729935646057,0,0.9934651255607605,9c22912b4e65c6bbcb3b8038e1f7c210b34b445a18ff4ea97b6102619b8724ca
amouyal:17,set_14,33,prob,gp,lingering,demo_reg_query_reg_chat_assertion,reg,reg,chat,assertion,0.49275803565979004,0.50724196434021,1,0.9957518577575684,e7cb48548f02647ff1021a14c2ac54353248879d5caf9cbb736803538192c167
amouyal:18,set_14,36,prob,non_gp,simple,demo_reg_query_reg_chat_assertion,reg,reg,chat,assertion,0.9321831464767456,0.9321831464767456,1,0.9948076605796814,74b2c8d85014736ba73d7a4a08f09302c79f546b992d46e73338594c8ae8f182
amouyal:19,set_14,37,prob,non_gp,lingering,demo_reg_query_reg_chat_assertion,reg,reg,chat,assertion,9.393318123329664e-08,0.9999999060668188,1,0.9996302723884583,c041a9c005969557ff8fc1ba26328dfa744af646e475555b8d1ff0646463693c
amouyal:20,set_15,40,prob,gp,simple,demo_reg_query_reg_chat_assertion,reg,reg,chat,assertion,0.9997265338897705,0.9997265338897705,1,0.9994303584098816,294299620fb76b2218f23b5e9ef2e485ef21fa85a2b4e46051151238d0cd8c09
amouyal:21,set_15,41,prob,gp,lingering,demo_reg_query_reg_chat_assertion,reg,reg,chat,assertion,0.9937911033630371,0.006208896636962891,0,0.9983571171760559,95109751188d924bcd08c433d94a5b22bd9b720a8463ed85b8f8f3c0c9b4f236
amouyal:22,set_15,44,prob,non_gp,simple,demo_reg_query_reg_chat_assertion,reg,reg,chat,assertion,0.9999682903289795,0.9999682903289795,1,0.9992294311523438,849b29d44844f2b94e95dd94935fb2de13db12713d4f5bdaa7e2b4ddf6174944
amouyal:23,set_15,45,prob,non_gp,lingering,demo_reg_query_reg_chat_assertion,reg,reg,chat,assertion,0.9997109174728394,0.00028908252716064453,0,0.9988398551940918,0dd34b50646a1d2aec3214f33f5c427d7447871bf5249b7ab45758dcdfd76e24
amouyal:24,set_16,48,prob,gp,simple,demo_reg_query_reg_chat_assertion,reg,reg,chat,assertion,0.9988065361976624,0.9988065361976624,1,0.9984327554702759,1b74f484585778f7530cb85f1bfdb897391add1a31780ca26a5ea8549582ff03
amouyal:25,set_16,49,prob,gp,lingering,demo_reg_query_reg_chat_assertion,reg,reg,chat,assertion,0.9751206040382385,0.024879395961761475,0,0.9975289106369019,b0b009513567da1cf97d1cbdb3635dc77a6c98698e4e986276d4d53145e8f64e
amouyal:26,set_16,52,prob,non_gp,simple,demo_reg_query_reg_chat_assertion,reg,reg,chat,assertion,0.9999201893806458,0.9999201893806458,1,0.9982601404190063,8143d8fc5b312f3214bb720cf969837c1a5101d38d4c424573c95b46396e5780
amouyal:27,set_16,53,prob,non_gp,lingering,demo_reg_query_reg_chat_assertion,reg,reg,chat,assertion,0.9963048696517944,0.0036951303482055664,0,0.9974337816238403,617d66c9c9880e217abc42bee318d6695506c53150f03d61275aed684a22391b
amouyal:28,set_17,56,prob,gp,simple,demo_reg_query_reg_chat_assertion,reg,reg,chat,assertion,0.9623863101005554,0.9623863101005554,1,0.9970215559005737,6e0cef26f89070d515e8cf48c6d09628980616f7d2266871b9135ab93f70281d
amouyal:29,set_17,57,prob,gp,lingering,demo_reg_query_reg_chat_assertion,reg,reg,chat,assertion,0.5216268301010132,0.4783731698989868,0,0.9944971799850464,09dd0a610e04df66a71f7091ebcca778f63544a58dc04d7671f3f82fbc79b71a
amouyal:30,set_17,60,prob,non_gp,simple,demo_reg_query_reg_chat_assertion,reg,reg,chat,assertion,0.99994295835495,0.99994295835495,1,0.9987227320671082,c5583d2df6545a38282d72dae5d02ce61179f634b66b2818e716e4a5813d0db0
amouyal:31,set_17,61,prob,non_gp,lingering,demo_reg_query_reg_chat_assertion,reg,reg,chat,assertion,2.9219046737694043e-08,0.9999999707809533,1,0.9996089339256287,edf1f6381979c9e69bd45e828776d2b4198cf5b17883de0d80b0dedf7d402926
amouyal:32,set_18,64,prob,gp,simple,demo_reg_query_reg_chat_assertion,reg,reg,chat,assertion,0.9994919300079346,0.9994919300079346,1,0.9992193579673767,fbfc6fd022624181daa5271487e794b903bf60ffc6976961f12638be6dcd941f
amouyal:33,set_18,65,prob,gp,lingering,demo_reg_query_reg_chat_assertion,reg,reg,chat,assertion,0.0023388266563415527,0.9976611733436584,1,0.9982635974884033,ba3abc071358515deb0df19140ba320762c2c3c969672562e7e6081359d2c4d2
amouyal:34,set_18,68,prob,non_gp,simple,demo_reg_query_reg_chat_assertion,reg,reg,chat,assertion,0.9999777674674988,0.9999777674674988,1,0.998583972454071,f933676abbc2d7ebee16cf23eb23e8bc892ce7d2ab101100d1a4e91ff1073bd9
amouyal:35,set_18,69,prob,non_gp,lingering,demo_reg_query_reg_chat_assertion,reg,reg,chat,assertion,2.0558076074816967e-10,0.9999999997944192,1,0.9991423487663269,ce1518115845915297f0fe2cb16ca721d595c3c7268754abb63ffcc8a85da805
amouyal:36,set_19,72,prob,gp,simple,demo_reg_query_reg_chat_assertion,reg,reg,chat,assertion,0.9999043941497803,0.9999043941497803,1,0.9991204142570496,5fac463e4a4e9078b7c72ccd43e6bd84553c8a14a330a78bb6053cd70f6cf26b
amouyal:37,set_19,73,prob,gp,lingering,demo_reg_query_reg_chat_assertion,reg,reg,chat,assertion,0.9283199906349182,0.07168000936508179,0,0.9964778423309326,65738436e855f66d7edb194513305d68723436f7506f35a0505f6ef664331275
amouyal:38,set_19,76,prob,non_gp,simple,demo_reg_query_reg_chat_assertion,reg,reg,chat,assertion,0.9999540448188782,0.9999540448188782,1,0.9986571073532104,1f1c182d2099388b83dafd6f347c22c997ad02fa727735396d24b9b8950d5a4d
amouyal:39,set_19,77,prob,non_gp,lingering,demo_reg_query_reg_chat_assertion,reg,reg,chat,assertion,0.8099983930587769,0.19000160694122314,0,0.9925755858421326,359b6adb35ccb071a0baf184481da65c96408de947017ddf66367d152d793a82
amouyal:40,set_20,80,prob,gp,simple,demo_reg_query_reg_chat_assertion,reg,reg,chat,assertion,0.989313542842865,0.989313542842865,1,0.9979529976844788,bdc1bbd2ddf6d13868ed80a8c89da0da5fad08028202066e6ef2a3fab7af50d4
amouyal:41,set_20,81,prob,gp,lingering,demo_reg_query_reg_chat_assertion,reg,reg,chat,assertion,0.43939071893692017,0.5606092810630798,1,0.9948012828826904,e6812faafedecf58258c13dae94bd8c18f6e89defdcedf97e4e9ab580d87d2ef
amouyal:42,set_20,84,prob,non_gp,simple,demo_reg_query_reg_chat_assertion,reg,reg,chat,assertion,0.9994372725486755,0.9994372725486755,1,0.9975752830505371,8f01c8e753ffab0a227ecf3b286de9234bf4938e3380eca60b5a7c128df4f388
amouyal:43,set_20,85,prob,non_gp,lingering,demo_reg_query_reg_chat_assertion,reg,reg,chat,assertion,1.3428181899755032e-09,0.9999999986571818,1,0.9988507032394409,9696af6a5648557fcc0187dea0fc482b72788cd9e3b1c479e96204675e676e2f
amouyal:44,set_21,88,prob,gp,simple,demo_reg_query_reg_chat_assertion,reg,reg,chat,assertion,0.9950900077819824,0.9950900077819824,1,0.9979857802391052,918d36827c1a149e99e0412cdeaa72c867abcdcb7e6ab5cee79d88d29de01445
amouyal:45,set_21,89,prob,gp,lingering,demo_reg_query_reg_chat_assertion,reg,reg,chat,assertion,0.0002674618735909462,0.999732538126409,1,0.9993501901626587,319e2a898526bfb4931f699ecc85b1098a8ccb4718fb5e9b1961615ad0af7421
amouyal:46,set_21,92,prob,non_gp,simple,demo_reg_query_reg_chat_assertion,reg,reg,chat,assertion,0.9999865293502808,0.9999865293502808,1,0.9983196258544922,e5eee51dfca513722ab03c92a6247a1ff45b57601cf498d74f060aade35dcb71
amouyal:47,set_21,93,prob,non_gp,lingering,demo_reg_query_reg_chat_assertion,reg,reg,chat,assertion,0.006438626907765865,0.9935613730922341,1,0.9985154867172241,67c546c9401061cc0c45b720f22eda8e7b89c8292b90f75644e478dcc77f56dd
amouyal:48,set_22,96,prob,gp,simple,demo_reg_query_reg_chat_assertion,reg,reg,chat,assertion,0.9998865723609924,0.9998865723609924,1,0.9970785975456238,2cb44ca93b91b2ebd4a2f2f281bf798521192ea890eef497ed2537c13575d7b2
amouyal:49,set_22,97,prob,gp,lingering,demo_reg_query_reg_chat_assertion,reg,reg,chat,assertion,0.9984195828437805,0.0015804171562194824,0,0.9987302422523499,27f6b3b9c7a0bc50d6aa12ef021752af38cea30cd4dec805a03651ff26b2102e
amouyal:50,set_22,100,prob,non_gp,simple,demo_reg_query_reg_chat_assertion,reg,reg,chat,assertion,0.9998186230659485,0.9998186230659485,1,0.9968234896659851,80c2474ae7d84cdce400aa6198584e310c4b451b77802a2cfc048324984d2944
amouyal:51,set_22,101,prob,non_gp,lingering,demo_reg_query_reg_chat_assertion,reg,reg,chat,assertion,1.2916801850337833e-08,0.9999999870831981,1,0.9994637370109558,9416e6d3553c137aa1afc38406eaea2b7660ef55debdb88a004e48bc23c6d224
amouyal:52,set_23,104,prob,gp,simple,demo_reg_query_reg_chat_assertion,reg,reg,chat,assertion,0.9895933866500854,0.9895933866500854,1,0.9965275526046753,64c0bb2ae4bf1a54148faa44642e6c195185253ba6566e721a15e94a9fe8bd9f
amouyal:53,set_23,105,prob,gp,lingering,demo_reg_query_reg_chat_assertion,reg,reg,chat,assertion,0.539861261844635,0.460138738155365,0,0.9947218894958496,b8d4795ed203873bf6706cc7eec537ff7cf49c2fa5000085f0038ffc7c4f1ba1
amouyal:54,set_23,108,prob,non_gp,simple,demo_reg_query_reg_chat_assertion,reg,reg,chat,assertion,0.9998820424079895,0.9998820424079895,1,0.9980202913284302,e89cf1aa98a11bcf1c37f671a3e528d6507623b59460b4adb5b6c2a8168a44d8
amouyal:55,set_23,109,prob,non_gp,lingering,demo_reg_query_reg_chat_assertion,reg,reg,chat,assertion,0.9994131922721863,0.0005868077278137207,0,0.9980984926223755,cb259caeb79d4eaad7ed446b0620bb7639f87cde52bece9a03577ab1e7078f97
amouyal:56,set_24,112,prob,gp,simple,demo_reg_query_reg_chat_assertion,reg,reg,chat,assertion,0.7602141499519348,0.7602141499519348,1,0.9952666163444519,a14622edeff88f25c46e594b692eafd29a5334bda4a1170a56269524c5ed4db3
amouyal:57,set_24,113,prob,gp,lingering,demo_reg_query_reg_chat_assertion,reg,reg,chat,assertion,0.032578520476818085,0.9674214795231819,1,0.9983803033828735,2f3e16629234cf37fe1da0e0c7f7420e977280941a7ccb43aecd35fa3bf36ca3
amouyal:58,set_24,116,prob,non_gp,simple,demo_reg_query_reg_chat_assertion,reg,reg,chat,assertion,0.9997755289077759,0.9997755289077759,1,0.997499406337738,5593a87cbef482d60061a1797384519d76bcdb67277ef55c640e21f51c7bcf19
amouyal:59,set_24,117,prob,non_gp,lingering,demo_reg_query_reg_chat_assertion,reg,reg,chat,assertion,6.414537789822816e-09,0.9999999935854622,1,0.9996199011802673,06d2a3f30d1064f566f9f5de4e6102ddd048f92c61c2766b792c5ad63709aee9
amouyal:60,set_25,120,prob,gp,simple,demo_reg_query_reg_chat_assertion,reg,reg,chat,assertion,0.9997954964637756,0.9997954964637756,1,0.9990254640579224,3c602559c4c3765bb937da555adc77997c2d593160c99949ff835ebdf11fbd00
amouyal:61,set_25,121,prob,gp,lingering,demo_reg_query_reg_chat_assertion,reg,reg,chat,assertion,0.9937849044799805,0.006215095520019531,0,0.9982731938362122,4d95cb703dc652e9f25e1746845658aa52c01bcadc76977cfb666f373f025ae3
amouyal:62,set_25,124,prob,non_gp,simple,demo_reg_query_reg_chat_assertion,reg,reg,chat,assertion,0.99996018409729,0.99996018409729,1,0.9986920952796936,6d3eea85787ce9a3587031299c1e497eeb8dffc5d59c2f4928ec5b8107867259
amouyal:63,set_25,125,prob,non_gp,lingering,demo_reg_query_reg_chat_assertion,reg,reg,chat,assertion,0.9385161995887756,0.061483800411224365,0,0.997674822807312,4dceaa57ff10a43c29c7730cb5d08db9ab12e68283b186aa46cd38b59c1bb9d5
amouyal:64,set_26,128,prob,gp,simple,demo_reg_query_reg_chat_assertion,reg,reg,chat,assertion,0.9962335824966431,0.9962335824966431,1,0.9964895248413086,2644380c0376c5bf0526bf171c7b9ff71118bbc8529599c4c6f25d615122cf51
amouyal:65,set_26,129,prob,gp,lingering,demo_reg_query_reg_chat_assertion,reg,reg,chat,assertion,2.9781656394334277e-06,0.9999970218343606,1,0.9991027116775513,f5dd8d5cbaa69f216f6d53805398a6436de58e77432bc8e4a60125e6774dc3f1
amouyal:66,set_26,132,prob,non_gp,simple,demo_reg_query_reg_chat_assertion,reg,reg,chat,assertion,0.9999251365661621,0.9999251365661621,1,0.9966853260993958,b075798938a7df30603c0640141c6ecfc03394ee0413a098404d639310b8a10c
amouyal:67,set_26,133,prob,non_gp,lingering,demo_reg_query_reg_chat_assertion,reg,reg,chat,assertion,1.0356296376023977e-10,0.9999999998964371,1,0.9983358383178711,210e7f638cc968e17c394e8bacb2562c21965766097aa7cb4836e654acb40230
amouyal:68,set_27,136,prob,gp,simple,demo_reg_query_reg_chat_assertion,reg,reg,chat,assertion,0.9996979236602783,0.9996979236602783,1,0.998468816280365,1903e3d7d94fc6eb218af597dce0d142e8875365a16f16f2e272aca15bd736f4
amouyal:69,set_27,137,prob,gp,lingering,demo_reg_query_reg_chat_assertion,reg,reg,chat,assertion,0.9932155609130859,0.0067844390869140625,0,0.9970278143882751,067b2104a45d5243581bde282ecc5d9592118d1728cf06dcbe581f738ee98cfd
amouyal:70,set_27,140,prob,non_gp,simple,demo_reg_query_reg_chat_assertion,reg,reg,chat,assertion,0.999930739402771,0.999930739402771,1,0.9978705644607544,a1c0e0e80ab859b316d8802387aa7e43f8886450251689c00f1eed74851d82fb
amouyal:71,set_27,141,prob,non_gp,lingering,demo_reg_query_reg_chat_assertion,reg,reg,chat,assertion,0.0010463764192536473,0.9989536235807464,1,0.9988096952438354,7ab8985b9eb67d2263d31f8c211009c4b4a4cbc10b9a9e6120c67f7f8bf5fecb
amouyal:72,set_28,144,prob,gp,simple,demo_reg_query_reg_chat_assertion,reg,reg,chat,assertion,0.9956685304641724,0.9956685304641724,1,0.9966757297515869,f08f5d70eed2a9874eba52f652b803025034763bb3dcdff93ce8a589276f4a88
amouyal:73,set_28,145,prob,gp,lingering,demo_reg_query_reg_chat_assertion,reg,reg,chat,assertion,0.009377027861773968,0.990622972138226,1,0.9967368245124817,14706fd959645d627e1a06936a1d8e13eae5bf16a91e3ad5f48a384c2cc00562
amouyal:74,set_28,148,prob,non_gp,simple,demo_reg_query_reg_chat_assertion,reg,reg,chat,assertion,0.9999884963035583,0.9999884963035583,1,0.9977256059646606,d9bcca388c56db333ae305afd63a83305175bac0b7b7f4daf4fad087e1d0aa92
amouyal:75,set_28,149,prob,non_gp,lingering,demo_reg_query_reg_chat_assertion,reg,reg,chat,assertion,4.5908018364571035e-05,0.9999540919816354,1,0.9992473721504211,074be249486c159a9adadf227f4734e6d2e2378926fdddba2a7bb1ec7ffeeb06
amouyal:76,set_29,152,prob,gp,simple,demo_reg_query_reg_chat_assertion,reg,reg,chat,assertion,0.9995364546775818,0.9995364546775818,1,0.9989127516746521,67224cc3d06ddd3fd84195433aa12663a737c374a3b788c14102f9b0f47472cc
amouyal:77,set_29,153,prob,gp,lingering,demo_reg_query_reg_chat_assertion,reg,reg,chat,assertion,0.9943135976791382,0.005686402320861816,0,0.9980127811431885,43d14ce4e2660c17df92c5923ba5757ec624a571a044f19c3e3249a238a31458
amouyal:78,set_29,156,prob,non_gp,simple,demo_reg_query_reg_chat_assertion,reg,reg,chat,assertion,0.999967634677887,0.999967634677887,1,0.9984509944915771,00adb32d6905d65a46459bd31debc2c5b7b92d540cb615091e143efd0781ec5f
amouyal:79,set_29,157,prob,non_gp,lingering,demo_reg_query_reg_chat_assertion,reg,reg,chat,assertion,0.013270914554595947,0.986729085445404,1,0.9984455108642578,bda9f3cd5eb5a7f7156f4a7a7788f27c6059d2ee169ddbb4487e2a00eeff2eaa
amouyal:80,set_30,160,prob,gp,simple,demo_reg_query_reg_chat_assertion,reg,reg,chat,assertion,0.9998371005058289,0.9998371005058289,1,0.9989995956420898,0a0c27b021dee85d495d8d52678d86034d7b340655592820891b38c7a55c16d9
amouyal:81,set_30,161,prob,gp,lingering,demo_reg_query_reg_chat_assertion,reg,reg,chat,assertion,0.9969555139541626,0.0030444860458374023,0,0.9986757636070251,94df90283b961abc6530919f5020e686d786f45ccb5255c393da7ccc6776e5d8
amouyal:82,set_30,164,prob,non_gp,simple,demo_reg_query_reg_chat_assertion,reg,reg,chat,assertion,0.9999733567237854,0.9999733567237854,1,0.9987964630126953,ddbc2bb0fb88880efafa35645511ac39593c64565a1ff23520df6924b9adcb1c
amouyal:83,set_30,165,prob,non_gp,lingering,demo_reg_query_reg_chat_assertion,reg,reg,chat,assertion,0.8983674049377441,0.10163259506225586,0,0.9964744448661804,6a51f81fa600f5ba7b487511b1126aa005b5bdbb49781809437078b54f8e995a
amouyal:84,set_31,168,prob,gp,simple,demo_reg_query_reg_chat_assertion,reg,reg,chat,assertion,0.9958038330078125,0.9958038330078125,1,0.9981667995452881,eff0c0a4fc09c3f25deed96f93f621d5dc87c5b4564ac0cc01426b94de939108
amouyal:85,set_31,169,prob,gp,lingering,demo_reg_query_reg_chat_assertion,reg,reg,chat,assertion,0.10861887037754059,0.8913811296224594,1,0.9974590539932251,cc7274ac30ca761e7d25c845f58fd3683d3e1011ce715205d651db1acb73982c
amouyal:86,set_31,172,prob,non_gp,simple,demo_reg_query_reg_chat_assertion,reg,reg,chat,assertion,0.9999579191207886,0.9999579191207886,1,0.9984562397003174,1903a8f27c27fd93fcb06069a2292a48afbb7599259ebee64351d243c142a82a
amouyal:87,set_31,173,prob,non_gp,lingering,demo_reg_query_reg_chat_assertion,reg,reg,chat,assertion,0.016650307923555374,0.9833496920764446,1,0.9994142055511475,44b8d2ec291a629d07d332e03eff8686cd4a5df6c5c16104ed70729f49361aa7
amouyal:88,set_32,176,prob,gp,simple,demo_reg_query_reg_chat_assertion,reg,reg,chat,assertion,0.9899048209190369,0.9899048209190369,1,0.9950206279754639,af9bb036d137f7c6462326efa41ec71fea784c718d30ed146d027bb3d95754bf
amouyal:89,set_32,177,prob,gp,lingering,demo_reg_query_reg_chat_assertion,reg,reg,chat,assertion,0.10756069421768188,0.8924393057823181,1,0.9958046078681946,87aa596bd99b566da53036597b85c78d1eb1ad76ff10bc9d9c35509f62c717ce
amouyal:90,set_32,180,prob,non_gp,simple,demo_reg_query_reg_chat_assertion,reg,reg,chat,assertion,0.999984085559845,0.999984085559845,1,0.9977567195892334,11c15489bf24a9bdf6ac3927ce4c9148edc78a23ec4f32fc24f84adca679c570
amouyal:91,set_32,181,prob,non_gp,lingering,demo_reg_query_reg_chat_assertion,reg,reg,chat,assertion,6.726648404953295e-11,0.9999999999327335,1,0.99935382604599,213019d0d51a0a7d07bedbe007bbdb30653c2fc830974abb924ad557d2ac931a
amouyal:92,set_33,184,prob,gp,simple,demo_reg_query_reg_chat_assertion,reg,reg,chat,assertion,0.9930087924003601,0.9930087924003601,1,0.9990279674530029,b2957c2ae4f993969ac0f3c38bc82ddd6b7d1959a2195a6a612c36e4b9d11dcf
amouyal:93,set_33,185,prob,gp,lingering,demo_reg_query_reg_chat_assertion,reg,reg,chat,assertion,0.8424032926559448,0.15759670734405518,0,0.9968677759170532,28df92476bb4a52c300f6cff670404f29f78865019c361f0f85045711ac1dbc5
amouyal:94,set_33,188,prob,non_gp,simple,demo_reg_query_reg_chat_assertion,reg,reg,chat,assertion,0.9999367594718933,0.9999367594718933,1,0.9987589716911316,6d67b6d1e9955f0870162a36a447f925df07172ea54d24dcc513819fdbeeea88
amouyal:95,set_33,189,prob,non_gp,lingering,demo_reg_query_reg_chat_assertion,reg,reg,chat,assertion,0.9983769655227661,0.0016230344772338867,0,0.9985199570655823,356642220bdf55f9e0603dac7139eb3cf4136e0947a27cacb6cd1f64cfaa48c8
amouyal:96,set_34,192,prob,gp,simple,demo_reg_query_reg_chat_assertion,reg,reg,chat,assertion,0.997268795967102,0.997268795967102,1,0.998735249042511,39f810ef0511b6367c7ef9f20ca0e8a5b001a1bc4cd08775bdbd078a34cfe489
amouyal:97,set_34,193,prob,gp,lingering,demo_reg_query_reg_chat_assertion,reg,reg,chat,assertion,0.9286614656448364,0.07133853435516357,0,0.9975493550300598,96399f09200d02954d51820f7f1adaa3c65d2bbc66873bf992494c52fcb5ecb9
amouyal:98,set_34,196,prob,non_gp,simple,demo_reg_query_reg_chat_assertion,reg,reg,chat,assertion,0.9999340772628784,0.9999340772628784,1,0.9986992478370667,73b10be85c92d7a827618244767213227f7820ed8c08f33ef49631c477787712
amouyal:99,set_34,197,prob,non_gp,lingering,demo_reg_query_reg_chat_assertion,reg,reg,chat,assertion,2.719110398174962e-06,0.9999972808896018,1,0.9997316002845764,e121bf2e367707040cd5818c5dfb78df131e6a3347c29ca9b035a2ff0f092c46
amouyal:100,set_35,200,prob,gp,simple,demo_reg_query_reg_chat_assertion,reg,reg,chat,assertion,0.9921196103096008,0.9921196103096008,1,0.9964955449104309,8685df629774749b9bbe437d2e9896cdac5f81a9778b902b4a44eb2bb08e44a0
amouyal:101,set_35,201,prob,gp,lingering,demo_reg_query_reg_chat_assertion,reg,reg,chat,assertion,0.12686558067798615,0.8731344193220139,1,0.9872813820838928,abc532fa8f12abe991dcdcab52effbf987383ceb7111e5641b02831d7a1642e3
amouyal:102,set_35,204,prob,non_gp,simple,demo_reg_query_reg_chat_assertion,reg,reg,chat,assertion,0.9997228980064392,0.9997228980064392,1,0.9982512593269348,883f85aa6825d45a2543cb1b230fc04b1969efb11ed762a7d01acd4a61b69669
amouyal:103,set_35,205,prob,non_gp,lingering,demo_reg_query_reg_chat_assertion,reg,reg,chat,assertion,0.9997207522392273,0.0002792477607727051,0,0.9977788329124451,32771b25b9cc8f8d3c4e89630f9a7b63762253d622edd459d6ff3656c4b3263c
amouyal:104,set_36,208,prob,gp,simple,demo_reg_query_reg_chat_assertion,reg,reg,chat,assertion,0.9984463453292847,0.9984463453292847,1,0.9987761378288269,d5fbcd356cd10b9726192292e7d0d49a34faf425e37d744e96ab774f41e2b003
amouyal:105,set_36,209,prob,gp,lingering,demo_reg_query_reg_chat_assertion,reg,reg,chat,assertion,0.6003297567367554,0.39967024326324463,0,0.9960976243019104,701619130cf7f9fecdd78c0bc7f5d03c7315b51f3238ec0933b8eb11217edc2b
amouyal:106,set_36,212,prob,non_gp,simple,demo_reg_query_reg_chat_assertion,reg,reg,chat,assertion,0.9999904036521912,0.9999904036521912,1,0.9985454678535461,196c3c1cb383e26c6eb819f630deed2e4de05efba982e47102f76a82b56c7ed8
amouyal:107,set_36,213,prob,non_gp,lingering,demo_reg_query_reg_chat_assertion,reg,reg,chat,assertion,0.1819724142551422,0.8180275857448578,1,0.9984161257743835,ab6902b7af13203ef797474ac88f495b73cc2df6ce0a4a0f79f812db1e864915
amouyal:108,set_37,216,prob,gp,simple,demo_reg_query_reg_chat_assertion,reg,reg,chat,assertion,0.007246973924338818,0.007246973924338818,0,0.9985274076461792,d4ca7afc5f4fbf35d858436964c32a68df6f3d098bf1ad1c3bf615272916290d
amouyal:109,set_37,217,prob,gp,lingering,demo_reg_query_reg_chat_assertion,reg,reg,chat,assertion,0.7612982392311096,0.23870176076889038,0,0.9938317537307739,b2d5b7603abdeac10afbfdee6d6a49b73a9442de8d03bcc259a3410c8db00baa
amouyal:110,set_37,220,prob,non_gp,simple,demo_reg_query_reg_chat_assertion,reg,reg,chat,assertion,0.998063325881958,0.998063325881958,1,0.9973733425140381,8dfd09ade4e4d6626286346e4ce2998f4efb107fc0f9c05fccbd713f339f60d6
amouyal:111,set_37,221,prob,non_gp,lingering,demo_reg_query_reg_chat_assertion,reg,reg,chat,assertion,0.0022514911834150553,0.997748508816585,1,0.9986661076545715,1944e1901f7152bcbbcdcb800fbdf8a89d6bc9561458a0f3486025bf76f2166f
amouyal:112,set_38,224,prob,gp,simple,demo_reg_query_reg_chat_assertion,reg,reg,chat,assertion,0.17275922000408173,0.17275922000408173,0,0.998513400554657,9e6f8ce5783e8b73083759982ae5a9f4dce2b5a4ea4497fa91af62b3e31e31b5
amouyal:113,set_38,225,prob,gp,lingering,demo_reg_query_reg_chat_assertion,reg,reg,chat,assertion,0.6418812274932861,0.35811877250671387,0,0.9959392547607422,f0a284fbc7013978ccff247bbb2735fb97f395be859ee8a7998985f6b1465afa
amouyal:114,set_38,228,prob,non_gp,simple,demo_reg_query_reg_chat_assertion,reg,reg,chat,assertion,0.9797942042350769,0.9797942042350769,1,0.9986252188682556,14063c64c6c41abc423fcf28ab91b672152ef3977a0506c3fadc3f471df8597a
amouyal:115,set_38,229,prob,non_gp,lingering,demo_reg_query_reg_chat_assertion,reg,reg,chat,assertion,0.050137780606746674,0.9498622193932533,1,0.9978675842285156,5f51c5f9f9a29b093996fab33fcacb8d789bff685969b298f4266163c57d242b
amouyal:116,set_39,232,prob,gp,simple,demo_reg_query_reg_chat_assertion,reg,reg,chat,assertion,0.9803828597068787,0.9803828597068787,1,0.9973435997962952,a8a74f68c45b07625ff6d099df02a6c17007f22eb54406e282db68533a4810fe
amouyal:117,set_39,233,prob,gp,lingering,demo_reg_query_reg_chat_assertion,reg,reg,chat,assertion,0.8969812393188477,0.10301876068115234,0,0.9964423179626465,c0af1e48d53bf283ea02512a037d8e4631c60f0ce47abfcb1f2dd11fc7558628
amouyal:118,set_39,236,prob,non_gp,simple,demo_reg_query_reg_chat_assertion,reg,reg,chat,assertion,0.9999176859855652,0.9999176859855652,1,0.9988381266593933,9d3e84ac714b9758ae3b54b552953fd73fddb87c75e5db665043a5822003f5a3
amouyal:119,set_39,237,prob,non_gp,lingering,demo_reg_query_reg_chat_assertion,reg,reg,chat,assertion,0.2874397337436676,0.7125602662563324,1,0.9970041513442993,41c8d6c8a6459c9fd3d30196bc0d883bf4efcaad786dc39a92d910f534528d31
amouyal:120,set_40,240,prob,gp,simple,demo_reg_query_reg_chat_assertion,reg,reg,chat,assertion,0.014273261651396751,0.014273261651396751,0,0.9985840320587158,fd963878bf8fd67518f8989f698dee8ef9394296690f8b4c4baa46c73e236e44
amouyal:121,set_40,241,prob,gp,lingering,demo_reg_query_reg_chat_assertion,reg,reg,chat,assertion,0.38809722661972046,0.6119027733802795,1,0.997023344039917,b4035b24e48a8a5d7750cd1e7f6bb1a1ea7150b57f7aedf7126c0c700f0d2617
amouyal:122,set_40,244,prob,non_gp,simple,demo_reg_query_reg_chat_assertion,reg,reg,chat,assertion,0.9956299662590027,0.9956299662590027,1,0.9969487190246582,49bc3a1b964f5f52a60017f43e9811a3761842692148eb36979342bb128bd5fd
amouyal:123,set_40,245,prob,non_gp,lingering,demo_reg_query_reg_chat_assertion,reg,reg,chat,assertion,1.086742145162134e-06,0.9999989132578548,1,0.9996873736381531,47d31efead0acd923bd388ff4b393cf5b972ad35d245daa34cfb4deb7d17b032
amouyal:124,set_41,248,prob,gp,simple,demo_reg_query_reg_chat_assertion,reg,reg,chat,assertion,0.9994447231292725,0.9994447231292725,1,0.9982463121414185,e81ad1bb69ac29478252f174a1927cd3098f2e0a854a58df0d601e5634c6db40
amouyal:125,set_41,249,prob,gp,lingering,demo_reg_query_reg_chat_assertion,reg,reg,chat,assertion,0.21260325610637665,0.7873967438936234,1,0.995993971824646,09cb621d95239e21921441ed83ade0af06af732365d30fcbbc7c38ee115041d3
amouyal:126,set_41,252,prob,non_gp,simple,demo_reg_query_reg_chat_assertion,reg,reg,chat,assertion,0.9999872446060181,0.9999872446060181,1,0.998306930065155,ed05915d5201031eac751eda4acbbc3509ac715f5209f63f134450a1d4147b2c
amouyal:127,set_41,253,prob,non_gp,lingering,demo_reg_query_reg_chat_assertion,reg,reg,chat,assertion,0.9641550183296204,0.03584498167037964,0,0.9974848628044128,2dbdad47304f4e9eac41d34c741dd8b5aab7d06a4cbf801160d335c3745586a4
amouyal:128,set_42,256,prob,gp,simple,demo_reg_query_reg_chat_assertion,reg,reg,chat,assertion,0.9999685883522034,0.9999685883522034,1,0.9990660548210144,48349141ecff18ab492e7f37891161751186e78c711bc409870cc84af3a8cd72
amouyal:129,set_42,257,prob,gp,lingering,demo_reg_query_reg_chat_assertion,reg,reg,chat,assertion,0.9995394945144653,0.00046050548553466797,0,0.9985945224761963,da4d878e62f535ac7a521c9bac8d077b5d12322d2fa09695438ddcb701b81382
amouyal:130,set_42,260,prob,non_gp,simple,demo_reg_query_reg_chat_assertion,reg,reg,chat,assertion,0.9999850392341614,0.9999850392341614,1,0.9986615180969238,25fa34d52c101be45d99cab07cf9c4ed560d9ff287fce148580b88fb4b573912
amouyal:131,set_42,261,prob,non_gp,lingering,demo_reg_query_reg_chat_assertion,reg,reg,chat,assertion,0.0036936940159648657,0.9963063059840351,1,0.9991647005081177,aadebf7da6403102353d031b3adff0891428ddc603c9aca39308335bf81fd6fe
amouyal:132,set_43,264,prob,gp,simple,demo_reg_query_reg_chat_assertion,reg,reg,chat,assertion,0.9983640313148499,0.9983640313148499,1,0.999058723449707,56d455f62585d79d346ed7b22eb00d92ca523879f2cd6c8b747637352aa2328c
amouyal:133,set_43,265,prob,gp,lingering,demo_reg_query_reg_chat_assertion,reg,reg,chat,assertion,0.9971062541007996,0.0028937458992004395,0,0.998935341835022,d7b43dd9158f4080852b876916356723ff32487f0c57c0c9fb6d00ea1abe4346
amouyal:134,set_43,268,prob,non_gp,simple,demo_reg_query_reg_chat_assertion,reg,reg,chat,assertion,0.9999622702598572,0.9999622702598572,1,0.9988049864768982,9c770ade6d4b98cbacd94169f01b58d7e357ae782f69b503a817858f2b070b00
amouyal:135,set_43,269,prob,non_gp,lingering,demo_reg_query_reg_chat_assertion,reg,reg,chat,assertion,0.9997797608375549,0.00022023916244506836,0,0.9979246854782104,1d7c9706f82eca64189e6c8cad8a11708c37912bd40b35e9bb2d28fd190bfaaa
amouyal:136,set_44,272,prob,gp,simple,demo_reg_query_reg_chat_assertion,reg,reg,chat,assertion,0.6984331607818604,0.6984331607818604,1,0.9933778047561646,1f044b9c8bb7d6b45a8c8fb835a32f7b2d9fd354958525c8da77f6f4029e2575
amouyal:137,set_44,273,prob,gp,lingering,demo_reg_query_reg_chat_assertion,reg,reg,chat,assertion,0.5531935095787048,0.44680649042129517,0,0.9959189891815186,b3723e7287cd636201aeab3a79cd300e1482bd508fff452f34b54b70f954e459
amouyal:138,set_44,276,prob,non_gp,simple,demo_reg_query_reg_chat_assertion,reg,reg,chat,assertion,0.9727364182472229,0.9727364182472229,1,0.9965226650238037,c8f833e90232cc1a9cc00335b3f21de421d541525728f5b909b98342fa014b82
amouyal:139,set_44,277,prob,non_gp,lingering,demo_reg_query_reg_chat_assertion,reg,reg,chat,assertion,0.24390357732772827,0.7560964226722717,1,0.9979246854782104,f1ac2d59c247113d427a533da5f18f280201fa2ce99a643512228b32db7cf7f7
amouyal:140,set_45,280,prob,gp,simple,demo_reg_query_reg_chat_assertion,reg,reg,chat,assertion,0.9713141918182373,0.9713141918182373,1,0.9976071715354919,26beed487bf5109b8943b142ad884f2ea0ea917c541b97de74f66e7585b713b4
amouyal:141,set_45,281,prob,gp,lingering,demo_reg_query_reg_chat_assertion,reg,reg,chat,assertion,0.5243328213691711,0.47566717863082886,0,0.9930405616760254,69bc12e162f4b9bd55edb2118f6c93829912a9ce8922549d7afac38227618e90
amouyal:142,set_45,284,prob,non_gp,simple,demo_reg_query_reg_chat_assertion,reg,reg,chat,assertion,0.9999886751174927,0.9999886751174927,1,0.998684287071228,9a9a5cbd45b525f2e442a49bd0cc4813b8613ee8bc1af53b145baad704c97966
amouyal:143,set_45,285,prob,non_gp,lingering,demo_reg_query_reg_chat_assertion,reg,reg,chat,assertion,0.9992894530296326,0.0007105469703674316,0,0.9976547956466675,56e96d7df052d70ac37cf260c463ee0955a19ec456892873f93cdea66a263769
amouyal:144,set_hyp5_1,288,reflexive,non_gp,simple,demo_reg_query_reg_chat_assertion,reg,reg,chat,assertion,0.9992078542709351,0.9992078542709351,1,0.9974650740623474,0876becb32518eb75418d9bf29d7622444e99ff60e089f9923ce43e215ab3413
amouyal:145,set_hyp5_1,289,reflexive,non_gp,lingering,demo_reg_query_reg_chat_assertion,reg,reg,chat,assertion,0.002482298295944929,0.9975177017040551,1,0.9988983869552612,6f4c9b5ee87329da13e121cdf07b5814c75898df3deac3c9c532dd914fd0427e
amouyal:146,set_hyp5_2,290,reflexive,non_gp,simple,demo_reg_query_reg_chat_assertion,reg,reg,chat,assertion,0.9999803900718689,0.9999803900718689,1,0.9986349940299988,cfbc961398b3bd3f68e194662c4bc41304721bc289546eff662fb5ebcee7c4fb
amouyal:147,set_hyp5_2,291,reflexive,non_gp,lingering,demo_reg_query_reg_chat_assertion,reg,reg,chat,assertion,2.9000545020974045e-11,0.9999999999709994,1,0.9993191957473755,41aa34f90cb9bab666bc1d9f48af07ee4055a7156a060a16b17056fd49d35474
amouyal:148,set_hyp5_3,292,reflexive,non_gp,simple,demo_reg_query_reg_chat_assertion,reg,reg,chat,assertion,0.999935507774353,0.999935507774353,1,0.9980541467666626,13718fbefdde5ca4091c37f5ec96d32e18f26dddbcc2c5e47cbaf5cc1dbe6ebc
amouyal:149,set_hyp5_3,293,reflexive,non_gp,lingering,demo_reg_query_reg_chat_assertion,reg,reg,chat,assertion,3.905287204730712e-10,0.9999999996094713,1,0.9995383620262146,d06d2dd8f385fb47668c066176c19c433608ee6621d359c199bc5c3d8735c771
amouyal:150,set_hyp5_4,294,reflexive,non_gp,simple,demo_reg_query_reg_chat_assertion,reg,reg,chat,assertion,0.999275267124176,0.999275267124176,1,0.9970357418060303,098241fb87536e997bb386e5b27d6686e426a7505727629e6ccb1becd6e78b29
amouyal:151,set_hyp5_4,295,reflexive,non_gp,lingering,demo_reg_query_reg_chat_assertion,reg,reg,chat,assertion,8.210057078628097e-10,0.9999999991789943,1,0.9987342953681946,1af0667b89bf3b060c4f0675e1ff1cd80b12d03482b0e2830f6827d4ea5ba8ce
amouyal:152,set_hyp5_5,296,reflexive,non_gp,simple,demo_reg_query_reg_chat_assertion,reg,reg,chat,assertion,0.9999765157699585,0.9999765157699585,1,0.9985336661338806,ed04d86c14852e5f25d3c14a87590df084d498f19a30607c937ceb38ff5a47e2
amouyal:153,set_hyp5_5,297,reflexive,non_gp,lingering,demo_reg_query_reg_chat_assertion,reg,reg,chat,assertion,3.4002245463682357e-10,0.9999999996599775,1,0.9992676377296448,2ef79aed5a27f7798c5fcff0b92685fa8edd84a2d1f76ebc5f2315bcfea10acc
amouyal:154,set_hyp5_6,298,reflexive,non_gp,simple,demo_reg_query_reg_chat_assertion,reg,reg,chat,assertion,0.9999699592590332,0.9999699592590332,1,0.998376727104187,5162a17394ced076686c681fc8806038085eb6383a7a382a5f7557dee05228ce
amouyal:155,set_hyp5_6,299,reflexive,non_gp,lingering,demo_reg_query_reg_chat_assertion,reg,reg,chat,assertion,2.8828833364968887e-06,0.9999971171166635,1,0.9994168877601624,9a38f55d37c15036c0455adf135f8b1ac45090448b02cb920adbb8957f72baaa
amouyal:156,set_hyp5_7,300,reflexive,non_gp,simple,demo_reg_query_reg_chat_assertion,reg,reg,chat,assertion,0.9998224377632141,0.9998224377632141,1,0.9978675246238708,be1963ac206f1a838e3dfd8e793ecb2157015d9b671b3984840bf9fefe6bfd9c
amouyal:157,set_hyp5_7,301,reflexive,non_gp,lingering,demo_reg_query_reg_chat_assertion,reg,reg,chat,assertion,1.662711773819936e-10,0.9999999998337288,1,0.9986170530319214,4f3a8f6cac53cf463d322ab65f0144fbf3bba1adba738def178976ed44defdde
amouyal:158,set_hyp5_8,302,reflexive,non_gp,simple,demo_reg_query_reg_chat_assertion,reg,reg,chat,assertion,0.9999233484268188,0.9999233484268188,1,0.9976491928100586,bc619e90a06351ab572d52a054ce34cb00a343d16d955a4e46fab42277b43d64
amouyal:159,set_hyp5_8,303,reflexive,non_gp,lingering,demo_reg_query_reg_chat_assertion,reg,reg,chat,assertion,1.9753626512297728e-10,0.9999999998024638,1,0.9995064735412598,55dc122f6494c6aff157cfcef795b43d2078a54311f573e53033c08f088f0f7a
amouyal:160,set_hyp5_9,304,reflexive,non_gp,simple,demo_reg_query_reg_chat_assertion,reg,reg,chat,assertion,0.9999447464942932,0.9999447464942932,1,0.9974240064620972,c935ab3b0ba5f2b5d3ac9842880422d1f0784297fa725a33bf3783936a4aa6cc
amouyal:161,set_hyp5_9,305,reflexive,non_gp,lingering,demo_reg_query_reg_chat_assertion,reg,reg,chat,assertion,0.15284116566181183,0.8471588343381882,1,0.9951913356781006,6b2c67b2cbff739a91bcab6b3b99bf86dfb95aa46d0763d0b2a4fd506e2d8077
amouyal:162,set_hyp5_10,306,reflexive,non_gp,simple,demo_reg_query_reg_chat_assertion,reg,reg,chat,assertion,0.9999772310256958,0.9999772310256958,1,0.9988040328025818,1219f2ff6947573ba3889e4b942b97138e630a1e93744541054977fb0fda7b53
amouyal:163,set_hyp5_10,307,reflexive,non_gp,lingering,demo_reg_query_reg_chat_assertion,reg,reg,chat,assertion,0.13015182316303253,0.8698481768369675,1,0.9956156015396118,f45a240358162dbdf546e371a7b23972fef50b67a797979260e6e9ea4c30bef0
amouyal:164,set_hyp5_11,308,reflexive,non_gp,simple,demo_reg_query_reg_chat_assertion,reg,reg,chat,assertion,0.9999375343322754,0.9999375343322754,1,0.9976660013198853,f4f8f32f02cdb4fce27c7f3fd3ce82f42ee6e54c00cc52d0dc195a8c05d6ab2a
amouyal:165,set_hyp5_11,309,reflexive,non_gp,lingering,demo_reg_query_reg_chat_assertion,reg,reg,chat,assertion,1.481272465797545e-10,0.9999999998518727,1,0.999075710773468,b4ffb8ca4468d33b13474f953ed80024f2ca13be8069be23fc8598ed39491460
amouyal:166,set_hyp5_12,310,reflexive,non_gp,simple,demo_reg_query_reg_chat_assertion,reg,reg,chat,assertion,0.999977171421051,0.999977171421051,1,0.9982157349586487,bdef1c8e326b3845a6d03460c52532d7e9a699b271aef8d6e486813d3e6baa9a
amouyal:167,set_hyp5_12,311,reflexive,non_gp,lingering,demo_reg_query_reg_chat_assertion,reg,reg,chat,assertion,1.896842682924671e-08,0.9999999810315732,1,0.9995708465576172,fcff2e5cd1dc4eba4d0681b1dc7755efdc251d64ec899d49290e184c12e1f0dd
amouyal:168,set_hyp5_13,312,reflexive,non_gp,simple,demo_reg_query_reg_chat_assertion,reg,reg,chat,assertion,0.9999003410339355,0.9999003410339355,1,0.9980166554450989,ba54f70b7c1454d9f741bf22575c4060b48274bd76ab931f17cba68ca9ba23b8
amouyal:169,set_hyp5_13,313,reflexive,non_gp,lingering,demo_reg_query_reg_chat_assertion,reg,reg,chat,assertion,1.390092596587067e-09,0.9999999986099074,1,0.9992172718048096,a520373d48fc67298591834354a193d87b550adfc10319b462135f6179ab727e
amouyal:170,set_hyp5_14,314,reflexive,non_gp,simple,demo_reg_query_reg_chat_assertion,reg,reg,chat,assertion,0.5141459703445435,0.5141459703445435,1,0.9899386167526245,b2942e93b7f3a3d3c6d62b203db71b2cf507b6318e6ab6b0eb4349fb23495f20
amouyal:171,set_hyp5_14,315,reflexive,non_gp,lingering,demo_reg_query_reg_chat_assertion,reg,reg,chat,assertion,5.631220378887747e-09,0.9999999943687796,1,0.9990279674530029,72817246884a3b6eedcf711377690df20e36f52ff2151ceff9aa6adbc893444e
amouyal:172,set_hyp5_15,316,reflexive,non_gp,simple,demo_reg_query_reg_chat_assertion,reg,reg,chat,assertion,0.9999884366989136,0.9999884366989136,1,0.9987215995788574,b7bddcd1aef50db40e4e472f636502fd5db1241ec2a3f2d5729173891db1c84a
amouyal:173,set_hyp5_15,317,reflexive,non_gp,lingering,demo_reg_query_reg_chat_assertion,reg,reg,chat,assertion,4.1005296935736624e-08,0.9999999589947031,1,0.9993094205856323,bc64797dab418f377b29a2206a081b3df3647d6eb86c38ccd1813d456c13595d
amouyal:174,set_hyp5_16,318,reflexive,non_gp,simple,demo_reg_query_reg_chat_assertion,reg,reg,chat,assertion,0.9998025894165039,0.9998025894165039,1,0.9974373579025269,8c427453bf010db294a55d89d43e9d33c0bd0ca0548b78e0e927739e6bb7e786
amouyal:175,set_hyp5_16,319,reflexive,non_gp,lingering,demo_reg_query_reg_chat_assertion,reg,reg,chat,assertion,0.9721133708953857,0.027886629104614258,0,0.9972822666168213,5516cd624b6c772f58b9f86223b7f4fc9ff4a4e600be43ad9f7922a937f277dd
amouyal:176,set_hyp5_17,320,reflexive,non_gp,simple,demo_reg_query_reg_chat_assertion,reg,reg,chat,assertion,0.9999563694000244,0.9999563694000244,1,0.9983890652656555,fbfe92c82c3691f2e2e23d9032484e6e781c6fc560c2669de3ae98ca2a6e4c7f
amouyal:177,set_hyp5_17,321,reflexive,non_gp,lingering,demo_reg_query_reg_chat_assertion,reg,reg,chat,assertion,1.631713514305133e-10,0.9999999998368286,1,0.9976276159286499,1534a1ff41f2cbe03163d9407b779eb6e3de8ec3adaa858bf47a3edf13509cbc
amouyal:178,set_hyp5_18,322,reflexive,non_gp,simple,demo_reg_query_reg_chat_assertion,reg,reg,chat,assertion,1.0648525403667009e-06,1.0648525403667009e-06,0,0.9942537546157837,2877102f4bd3f0095a93e6821de1cdab1ba2b7ffe78cd98c453ff8a395cfc43d
amouyal:179,set_hyp5_18,323,reflexive,non_gp,lingering,demo_reg_query_reg_chat_assertion,reg,reg,chat,assertion,7.666961288066432e-09,0.9999999923330387,1,0.9995169043540955,b856f5bff1bd7acc6e49869439bc7b246510173b2b2840998daf4c1ea2de4f32
amouyal:180,set_hyp5_19,324,reflexive,non_gp,simple,demo_reg_query_reg_chat_assertion,reg,reg,chat,assertion,0.9999839067459106,0.9999839067459106,1,0.9985806941986084,23b14c501c09e7475a2612d0e775111faf6fe0c0b5d2f77807c555f0b8f4fea2
amouyal:181,set_hyp5_19,325,reflexive,non_gp,lingering,demo_reg_query_reg_chat_assertion,reg,reg,chat,assertion,4.2336988081981275e-11,0.999999999957663,1,0.9994388818740845,1f12ffea0840b57829b88e182fa7486129cd37ec0905a3c809768927eb61ac36
amouyal:182,set_hyp5_20,326,reflexive,non_gp,simple,demo_reg_query_reg_chat_assertion,reg,reg,chat,assertion,0.9998162984848022,0.9998162984848022,1,0.9982251524925232,2e1029e67edc43795e9622478395e91485d85b6090446ebbe765663254f96499
amouyal:183,set_hyp5_20,327,reflexive,non_gp,lingering,demo_reg_query_reg_chat_assertion,reg,reg,chat,assertion,7.556236027994601e-07,0.9999992443763972,1,0.9995603561401367,43a4ccd7023b52e7c85d71e7f2d47f4c0d91214bb15208439054547b81ea92e4
amouyal:184,set_hyp5_21,328,reflexive,non_gp,simple,demo_reg_query_reg_chat_assertion,reg,reg,chat,assertion,0.9998735189437866,0.9998735189437866,1,0.9974433779716492,cdc72356e3160adf30b3b1da1412efe3a0d612d0ff9c8841470298887d80e97a
amouyal:185,set_hyp5_21,329,reflexive,non_gp,lingering,demo_reg_query_reg_chat_assertion,reg,reg,chat,assertion,4.4485994294518605e-05,0.9999555140057055,1,0.9994696378707886,d81a0391e9f69e91adc4574da5ed6b0f0dec789b2c118d738aa330a1a68ab149
amouyal:186,set_hyp5_22,330,reflexive,non_gp,simple,demo_reg_query_reg_chat_assertion,reg,reg,chat,assertion,0.9999879002571106,0.9999879002571106,1,0.9980854988098145,6262062bafa9f0ed1bd92afafb814728cd17e165f7a726e08c272928a884dfcd
amouyal:187,set_hyp5_22,331,reflexive,non_gp,lingering,demo_reg_query_reg_chat_assertion,reg,reg,chat,assertion,1.1646715813995456e-09,0.9999999988353284,1,0.9981797933578491,1bf28c64708431326531c90607018337c5c22ac8b33ac2e441688922fc52e8d0
amouyal:188,set_hyp5_23,332,reflexive,non_gp,simple,demo_reg_query_reg_chat_assertion,reg,reg,chat,assertion,0.9999951124191284,0.9999951124191284,1,0.9987731575965881,cc764faf045af3f03f09d04c7190166c0b2793ed8f49f1d8396089ba14127759
amouyal:189,set_hyp5_23,333,reflexive,non_gp,lingering,demo_reg_query_reg_chat_assertion,reg,reg,chat,assertion,1.7025182614816003e-06,0.9999982974817385,1,0.9998167753219604,bbe99856ee14ea6217f035fec75694e1f61ae618a5745221b9c76f1da4ffb506
amouyal:190,set_hyp5_24,334,reflexive,non_gp,simple,demo_reg_query_reg_chat_assertion,reg,reg,chat,assertion,0.999824047088623,0.999824047088623,1,0.9976150393486023,f5c74912720e665c689de389e94aba161b287ade6cf081371817aef60c889b5e
amouyal:191,set_hyp5_24,335,reflexive,non_gp,lingering,demo_reg_query_reg_chat_assertion,reg,reg,chat,assertion,0.00259728473611176,0.9974027152638882,1,0.9992411136627197,15c0ee82d3273d5a453d0dcd090e6e47038f4299e81611a0e569050f2dae7f6e
amouyal:192,set_hyp5_1,336,reflexive,gp,simple,demo_reg_query_reg_chat_assertion,reg,reg,chat,assertion,0.9975646734237671,0.9975646734237671,1,0.9980748295783997,27691d66fd8a9dc86d6a0ffedd13a6ee3f68261371ca4338e9c1193dbdcc6121
amouyal:193,set_hyp5_1,337,reflexive,gp,lingering,demo_reg_query_reg_chat_assertion,reg,reg,chat,assertion,0.0012396040838211775,0.9987603959161788,1,0.9988171458244324,dd8afa94eb3ba803763402c071252f8436ca3be253c90606ec1aea43ce8433ce
amouyal:194,set_hyp5_2,338,reflexive,gp,simple,demo_reg_query_reg_chat_assertion,reg,reg,chat,assertion,0.9999587535858154,0.9999587535858154,1,0.9989199042320251,180ba6a2baf2fb9d70354a2f273538b6ca3c355c08da1bc5c2812dbe36fdc5ee
amouyal:195,set_hyp5_2,339,reflexive,gp,lingering,demo_reg_query_reg_chat_assertion,reg,reg,chat,assertion,3.571927607026737e-07,0.9999996428072393,1,0.999609649181366,e65c2b0f9c2deb400676aa6abec2122d7ef5d0b65d6be72e9b193a444550b53a
amouyal:196,set_hyp5_3,340,reflexive,gp,simple,demo_reg_query_reg_chat_assertion,reg,reg,chat,assertion,0.9762568473815918,0.9762568473815918,1,0.9958789944648743,06f23b9ee70bb098a8cc9ff8bf0b6273db7f230fd1e34df9102db4b881d6b3a5
amouyal:197,set_hyp5_3,341,reflexive,gp,lingering,demo_reg_query_reg_chat_assertion,reg,reg,chat,assertion,0.0007455096347257495,0.9992544903652743,1,0.9993357062339783,b1725c5f2dae45605d5aa4e59faa6abe644b81c768871e6620f0c6b097d540e8
amouyal:198,set_hyp5_4,342,reflexive,gp,simple,demo_reg_query_reg_chat_assertion,reg,reg,chat,assertion,0.9995535016059875,0.9995535016059875,1,0.9984495639801025,2ace279abba9fe8786ed819ece5d53d1472b4071c4a985a64d6896180d00aa4c
amouyal:199,set_hyp5_4,343,reflexive,gp,lingering,demo_reg_query_reg_chat_assertion,reg,reg,chat,assertion,0.023960014805197716,0.9760399851948023,1,0.9990043044090271,8ec0692e2b192e565087249fe630abb7035862851efed3129d45b62b345702d0
amouyal:200,set_hyp5_5,344,reflexive,gp,simple,demo_reg_query_reg_chat_assertion,reg,reg,chat,assertion,0.9937657713890076,0.9937657713890076,1,0.998326301574707,4bd69150522fe20f4728dbddb2212937494164c74eb361ad7a5818433670f9fb
amouyal:201,set_hyp5_5,345,reflexive,gp,lingering,demo_reg_query_reg_chat_assertion,reg,reg,chat,assertion,0.6605199575424194,0.33948004245758057,0,0.9950919151306152,9f0b1263787fe024fa371dfa1e12e2ee467520db25c38f6935d82920bc80f5e9
amouyal:202,set_hyp5_6,346,reflexive,gp,simple,demo_reg_query_reg_chat_assertion,reg,reg,chat,assertion,0.9975529909133911,0.9975529909133911,1,0.9980040788650513,9a6c5dd48ae452ae119d93e6f02ac6aaecb6dec8ef7cdd02160909f076136c1b
amouyal:203,set_hyp5_6,347,reflexive,gp,lingering,demo_reg_query_reg_chat_assertion,reg,reg,chat,assertion,0.4333335757255554,0.5666664242744446,1,0.9944033622741699,fd0e3f37393a72d7ef3ed66199f533af8081dc98b070e2864f9cd7e6b1bfd2fa
amouyal:204,set_hyp5_7,348,reflexive,gp,simple,demo_reg_query_reg_chat_assertion,reg,reg,chat,assertion,0.9958997964859009,0.9958997964859009,1,0.9981418251991272,cc5ee5e52b0119e22b097f78b4eae8e67e686522e14e152f69d9a6bf426f95c2
amouyal:205,set_hyp5_7,349,reflexive,gp,lingering,demo_reg_query_reg_chat_assertion,reg,reg,chat,assertion,1.0622411537042353e-05,0.999989377588463,1,0.9992309808731079,fff117a6a483afed089fbabe01198d4ceda6a05cc20fbc758d4d8c73c5a838f9
amouyal:206,set_hyp5_8,350,reflexive,gp,simple,demo_reg_query_reg_chat_assertion,reg,reg,chat,assertion,0.9998040199279785,0.9998040199279785,1,0.9983950257301331,fa1ec84c8e7bcdd5801b92de475795e62d7a46f15296d4464fed2efc6a6409b7
amouyal:207,set_hyp5_8,351,reflexive,gp,lingering,demo_reg_query_reg_chat_assertion,reg,reg,chat,assertion,6.876733095850796e-05,0.9999312326690415,1,0.9992337226867676,8cb680e866d78fe5bf0bdea9cd302c854097875955aa976a2c86a5b208f4bf5a
amouyal:208,set_hyp5_9,352,reflexive,gp,simple,demo_reg_query_reg_chat_assertion,reg,reg,chat,assertion,0.9999765157699585,0.9999765157699585,1,0.9988924264907837,24df4ec0e64d17bfff31ff52d77baf48dc2434c8b957b8e943c09649b84062de
amouyal:209,set_hyp5_9,353,reflexive,gp,lingering,demo_reg_query_reg_chat_assertion,reg,reg,chat,assertion,0.999550461769104,0.0004495382308959961,0,0.9978376030921936,3853cbf3c012e43a9a294e4b0f877ece62a364989f41091ce8fc7ed31473bc7e
amouyal:210,set_hyp5_10,354,reflexive,gp,simple,demo_reg_query_reg_chat_assertion,reg,reg,chat,assertion,0.9993550181388855,0.9993550181388855,1,0.9989524483680725,754a743e7d4c5168266d9be9c3728abb1dcb20af32f3398982618d143716c2c7
amouyal:211,set_hyp5_10,355,reflexive,gp,lingering,demo_reg_query_reg_chat_assertion,reg,reg,chat,assertion,0.9284782409667969,0.07152175903320312,0,0.9950103163719177,153621d6f482501edad302ab1e617312366db39e86ad710b434eb08edadcf8c4
amouyal:212,set_hyp5_11,356,reflexive,gp,simple,demo_reg_query_reg_chat_assertion,reg,reg,chat,assertion,0.23526565730571747,0.23526565730571747,0,0.9909237027168274,063e82f6891ba12142e58f7d710092a0ddfbd803f64972e4410ce67456ae21b7
amouyal:213,set_hyp5_11,357,reflexive,gp,lingering,demo_reg_query_reg_chat_assertion,reg,reg,chat,assertion,0.005727092269808054,0.994272907730192,1,0.9964587688446045,f8d4d8de25e625d8ba5e1b918892b6aead47219b4a924e963dddeefdcd3e05e3
amouyal:214,set_hyp5_12,358,reflexive,gp,simple,demo_reg_query_reg_chat_assertion,reg,reg,chat,assertion,0.9998161792755127,0.9998161792755127,1,0.9985593557357788,7ebca395c82aa7b7585e45325997a9a0e040879f0731dbf8ba97d6e324077cf4
amouyal:215,set_hyp5_12,359,reflexive,gp,lingering,demo_reg_query_reg_chat_assertion,reg,reg,chat,assertion,0.06264182180166245,0.9373581781983376,1,0.9961227774620056,49e46da206289b59ec18088df710e97ef140b930274f8183b9ccc150af79bc06
amouyal:216,set_hyp5_13,360,reflexive,gp,simple,demo_reg_query_reg_chat_assertion,reg,reg,chat,assertion,0.9350553750991821,0.9350553750991821,1,0.9949426651000977,261dc07fa0a6347f03932f365df1dee75ae69797b3c11814f9804a40e6c0cdf7
amouyal:217,set_hyp5_13,361,reflexive,gp,lingering,demo_reg_query_reg_chat_assertion,reg,reg,chat,assertion,0.09009631723165512,0.9099036827683449,1,0.994937002658844,973cd18b94ed689bee19ae63a988435e7056b054fbfd0269e1b6302b58bc35a5
amouyal:218,set_hyp5_14,362,reflexive,gp,simple,demo_reg_query_reg_chat_assertion,reg,reg,chat,assertion,0.015677278861403465,0.015677278861403465,0,0.998427152633667,93ac6e5170ef6728afe54c89b6aa6915ca2fcd535ff316386d461e235705e9a8
amouyal:219,set_hyp5_14,363,reflexive,gp,lingering,demo_reg_query_reg_chat_assertion,reg,reg,chat,assertion,0.0003676756750792265,0.9996323243249208,1,0.9990023970603943,85b8d07141e1845036399b8ccf3bfc870e86ed629fedb786c0300494704c7e7d
amouyal:220,set_hyp5_15,364,reflexive,gp,simple,demo_reg_query_reg_chat_assertion,reg,reg,chat,assertion,0.9970500469207764,0.9970500469207764,1,0.9971635341644287,97ae9ecef428a08ca8974e59db972a76cbfc40c1852148efd021c60000c00e6f
amouyal:221,set_hyp5_15,365,reflexive,gp,lingering,demo_reg_query_reg_chat_assertion,reg,reg,chat,assertion,0.2675754427909851,0.7324245572090149,1,0.9925505518913269,b4f805c6a442ae3a01ab6854c5f98981bb8768ee4306a61a635f875af5cdb408
amouyal:222,set_hyp5_16,366,reflexive,gp,simple,demo_reg_query_reg_chat_assertion,reg,reg,chat,assertion,0.9976634979248047,0.9976634979248047,1,0.9974677562713623,b16368a32ddb8d265a89555f5d8bb70e2411363f3a9a72a0d7a851e1bee9d8a4
amouyal:223,set_hyp5_16,367,reflexive,gp,lingering,demo_reg_query_reg_chat_assertion,reg,reg,chat,assertion,0.9483948349952698,0.051605165004730225,0,0.9959331750869751,3b5f5af8852dab5c93ab2130f681a68ce4f23eff1138ed3a6220ab3200f631a0
amouyal:224,set_hyp5_17,368,reflexive,gp,simple,demo_reg_query_reg_chat_assertion,reg,reg,chat,assertion,0.9998579025268555,0.9998579025268555,1,0.9989221096038818,0f53f2f0fff84dd1e40f4a09962064792e8621979d977590c8ffe41e3e18c20b
amouyal:225,set_hyp5_17,369,reflexive,gp,lingering,demo_reg_query_reg_chat_assertion,reg,reg,chat,assertion,4.364255801192485e-08,0.999999956357442,1,0.9991306066513062,a48fc9a889296ccc70fd00fd1ac7a72fdc90f5a2fd178a8232259c933fa9c9de
amouyal:226,set_hyp5_18,370,reflexive,gp,simple,demo_reg_query_reg_chat_assertion,reg,reg,chat,assertion,6.1461350924219005e-06,6.1461350924219005e-06,0,0.9867449402809143,217da88c394a495a7a3eaede011314bc3cae9a2d17dddea47fb58eef00f6c6ef
amouyal:227,set_hyp5_18,371,reflexive,gp,lingering,demo_reg_query_reg_chat_assertion,reg,reg,chat,assertion,0.1312980204820633,0.8687019795179367,1,0.9951167106628418,dbf2b9a2162aa4a89be7521df5fc0713e2219113ec78893222435f4a15ac520b
amouyal:228,set_hyp5_19,372,reflexive,gp,simple,demo_reg_query_reg_chat_assertion,reg,reg,chat,assertion,0.999325692653656,0.999325692653656,1,0.9982758164405823,fb9127dd54539d48fbde5b6d6cf4bfb5bd0bf71ea488fdec3395243f0935feb5
amouyal:229,set_hyp5_19,373,reflexive,gp,lingering,demo_reg_query_reg_chat_assertion,reg,reg,chat,assertion,0.0035845781676471233,0.9964154218323529,1,0.9990907311439514,2a4d7f5287a4d00bdb5531bdd84d031739ab675095dc9ac163f1fbb0dfeaad98
amouyal:230,set_hyp5_20,374,reflexive,gp,simple,demo_reg_query_reg_chat_assertion,reg,reg,chat,assertion,0.9991067051887512,0.9991067051887512,1,0.998935878276825,7cc8251393be8d3fa29588521ac9bc1901e3673a3b32a9388e6ae5c1a8b71049
amouyal:231,set_hyp5_20,375,reflexive,gp,lingering,demo_reg_query_reg_chat_assertion,reg,reg,chat,assertion,0.1906980574131012,0.8093019425868988,1,0.9939104914665222,abae341bc4d03f6896bd0c0eb97ce82e485c694133493bb4e68b9bbce5810378
amouyal:232,set_hyp5_21,376,reflexive,gp,simple,demo_reg_query_reg_chat_assertion,reg,reg,chat,assertion,0.9982725381851196,0.9982725381851196,1,0.9974821209907532,af52c9d215514f8b8c4a08308800ff49a391958dc2567e264b6c9ae97be44337
amouyal:233,set_hyp5_21,377,reflexive,gp,lingering,demo_reg_query_reg_chat_assertion,reg,reg,chat,assertion,0.36335819959640503,0.636641800403595,1,0.9953166842460632,0e893183e0497399f368072a47203bd96958f20c82a00922f6af23c6998ff73a
amouyal:234,set_hyp5_22,378,reflexive,gp,simple,demo_reg_query_reg_chat_assertion,reg,reg,chat,assertion,0.9927823543548584,0.9927823543548584,1,0.9962429404258728,01300852f96269f74fcc526144d84bbb8eccf447ad8392c02ef6fef1d5c15e2e
amouyal:235,set_hyp5_22,379,reflexive,gp,lingering,demo_reg_query_reg_chat_assertion,reg,reg,chat,assertion,0.020400725305080414,0.9795992746949196,1,0.993165135383606,d9fc18276561ac989ab3f94eab95c912d4b283a8f607c98dd08f9bf860c2be81
amouyal:236,set_hyp5_23,380,reflexive,gp,simple,demo_reg_query_reg_chat_assertion,reg,reg,chat,assertion,0.9986167550086975,0.9986167550086975,1,0.9987342357635498,43e16478008dc54441fca93700e372582d7d1b223aa54a15bf5133c1116bf2d6
amouyal:237,set_hyp5_23,381,reflexive,gp,lingering,demo_reg_query_reg_chat_assertion,reg,reg,chat,assertion,0.6324098110198975,0.36759018898010254,0,0.9954736232757568,2fdfd82b802497041832cb4bdd3ff4123c11d30891b50ca821338e85df3d6413
amouyal:238,set_hyp5_24,382,reflexive,gp,simple,demo_reg_query_reg_chat_assertion,reg,reg,chat,assertion,0.9997277855873108,0.9997277855873108,1,0.9985365867614746,9b81b845fcd14d7b5514d1aebac7a3be701b0c742c850f7bfdaad811e2d330ed
amouyal:239,set_hyp5_24,383,reflexive,gp,lingering,demo_reg_query_reg_chat_assertion,reg,reg,chat,assertion,0.9494464993476868,0.05055350065231323,0,0.9934136271476746,b4b5379a1df31942440c805e563e129607caf02b328cb720e72bc71122f7f314
amouyal:240,set_1,384,prob,gp,simple,demo_reg_query_reg_chat_assertion,reg,reg,chat,assertion,0.9955868124961853,0.9955868124961853,1,0.9981763362884521,5669d3419a4f1a8031a6fa1afda6313384f0eb03911e59a403f7fd7d9f082248
amouyal:241,set_1,385,prob,gp,lingering,demo_reg_query_reg_chat_assertion,reg,reg,chat,assertion,0.0009032240486703813,0.9990967759513296,1,0.9988330006599426,03aac3ddc5ddbbd981d47007eb76e83668dd2d088447fb3bdde3c2c57f3c2b5a
amouyal:242,set_1,388,prob,non_gp,simple,demo_reg_query_reg_chat_assertion,reg,reg,chat,assertion,0.9999696612358093,0.9999696612358093,1,0.9986020922660828,bb0bcbcbb141955c6d23443d72c5fd6eea517a2341a7fb315ea5680d1eaa3e01
amouyal:243,set_1,389,prob,non_gp,lingering,demo_reg_query_reg_chat_assertion,reg,reg,chat,assertion,0.0002231893449788913,0.9997768106550211,1,0.9991498589515686,e7647c73ce114354ab3a226958b99bbd51e5958e38627b7528abb4414aae1a3c
amouyal:244,set_2,392,prob,gp,simple,demo_reg_query_reg_chat_assertion,reg,reg,chat,assertion,0.9988213777542114,0.9988213777542114,1,0.9984827637672424,f118d3141d725e27edefa8b75eb3bfa6c6b2aaf26c21c6c4752d850e052faf8e
amouyal:245,set_2,393,prob,gp,lingering,demo_reg_query_reg_chat_assertion,reg,reg,chat,assertion,0.9256529808044434,0.07434701919555664,0,0.9963849186897278,46a7de5fb87127d32eeb010703869afe61b061df80dc6e7968b1fe403d5c3b84
amouyal:246,set_2,396,prob,non_gp,simple,demo_reg_query_reg_chat_assertion,reg,reg,chat,assertion,0.9997528791427612,0.9997528791427612,1,0.9983786344528198,e6811d6205dd314e14fcc439dd1ee938e543eaecc1968620c0946813147d64c1
amouyal:247,set_2,397,prob,non_gp,lingering,demo_reg_query_reg_chat_assertion,reg,reg,chat,assertion,0.9640688896179199,0.03593111038208008,0,0.9972496032714844,ceb2095a04bc9984bc81a125b5fdd2cf42d5e0dd49e5d060467c18d72e9b570b
amouyal:248,set_3,400,prob,gp,simple,demo_reg_query_reg_chat_assertion,reg,reg,chat,assertion,0.2379598319530487,0.2379598319530487,0,0.9979664087295532,03a6d2299cb14b875af3658ece5c99610ff74639bd4f84936184013f23c96ee8
amouyal:249,set_3,401,prob,gp,lingering,demo_reg_query_reg_chat_assertion,reg,reg,chat,assertion,0.03467872366309166,0.9653212763369083,1,0.9967668056488037,153440ee574c2d76305939539f2b657996dc772228aad537c042c06b8e1358d8
amouyal:250,set_3,404,prob,non_gp,simple,demo_reg_query_reg_chat_assertion,reg,reg,chat,assertion,0.9982460141181946,0.9982460141181946,1,0.9990274906158447,6db65fe9fbf7a0e704163d0df80faacd2601d1581ee33aeb9f86f3c86bb72b77
amouyal:251,set_3,405,prob,non_gp,lingering,demo_reg_query_reg_chat_assertion,reg,reg,chat,assertion,3.4432542150852896e-08,0.9999999655674578,1,0.9997326135635376,73acb6e9ddba5b85700821baf59ae3575b1e8ae544ee5d5bf345cf62707fff2c
amouyal:252,set_4,408,prob,gp,simple,demo_reg_query_reg_chat_assertion,reg,reg,chat,assertion,0.9425066709518433,0.9425066709518433,1,0.9981245994567871,d315cc90dff29b7c6ba1b622d90df4af24535b165727a5f398dfe630c9f8852a
amouyal:253,set_4,409,prob,gp,lingering,demo_reg_query_reg_chat_assertion,reg,reg,chat,assertion,0.7544130086898804,0.24558699131011963,0,0.993782639503479,523caa629c5018da8ccda819e9c9f1599fba415a5d773cfe1c4a51f81f668253
amouyal:254,set_4,412,prob,non_gp,simple,demo_reg_query_reg_chat_assertion,reg,reg,chat,assertion,0.9994552135467529,0.9994552135467529,1,0.9989045262336731,dc21e7a1f1a59f1d596f405af6df874cfd31c6ec1f344cfb4de410d36f1dc63b
amouyal:255,set_4,413,prob,non_gp,lingering,demo_reg_query_reg_chat_assertion,reg,reg,chat,assertion,0.9417921900749207,0.058207809925079346,0,0.9979379177093506,286ea1452f6ec78f44ba92060ded459e322d587680693c814cf5c5c83acdcbf3
amouyal:256,set_5,416,prob,gp,simple,demo_reg_query_reg_chat_assertion,reg,reg,chat,assertion,0.8875230550765991,0.8875230550765991,1,0.995988130569458,cb84a15da6f97314e699530e14f76a4ef9892959b729df98a059203f5f6a501d
amouyal:257,set_5,417,prob,gp,lingering,demo_reg_query_reg_chat_assertion,reg,reg,chat,assertion,0.0002539656707085669,0.9997460343292914,1,0.999421238899231,9e4b9072b367b27e609aa27b6b3b43885c7e94198a31fb3f9327ae4b7663dd7b
amouyal:258,set_5,420,prob,non_gp,simple,demo_reg_query_reg_chat_assertion,reg,reg,chat,assertion,0.9998769760131836,0.9998769760131836,1,0.998400092124939,358d004ecd84ab6cef020272c92f4faeeb55b38588958d12afd63b35b3097a53
amouyal:259,set_5,421,prob,non_gp,lingering,demo_reg_query_reg_chat_assertion,reg,reg,chat,assertion,0.030929304659366608,0.9690706953406334,1,0.9983803033828735,a75a40785d0b7703df3618f61013b93f8ce5d56d233f3ac9f012d4ef0618b4d8
amouyal:260,set_6,424,prob,gp,simple,demo_reg_query_reg_chat_assertion,reg,reg,chat,assertion,0.9619787335395813,0.9619787335395813,1,0.9966338872909546,1cd6c03fac8b3b7e645f531c657aa3563657d8b5ce44ce2dc9fa81cec6f95855
amouyal:261,set_6,425,prob,gp,lingering,demo_reg_query_reg_chat_assertion,reg,reg,chat,assertion,0.6875512003898621,0.31244879961013794,0,0.9926072955131531,1951bd7a0779878b22d2f43ad35677aff2f91a4d48396fc00e2850e6ed0e48a7
amouyal:262,set_6,428,prob,non_gp,simple,demo_reg_query_reg_chat_assertion,reg,reg,chat,assertion,0.9999951720237732,0.9999951720237732,1,0.9978564977645874,735738fca6f5a71e7069cdb0b626263914e0c6b4177210381ee12e1737bf16ca
amouyal:263,set_6,429,prob,non_gp,lingering,demo_reg_query_reg_chat_assertion,reg,reg,chat,assertion,0.0002117359545081854,0.9997882640454918,1,0.999627947807312,15b9ef7a19a0d93b85a1ae00a4d549a51be833348049715e98647475c92e5b82
amouyal:264,set_7,432,prob,gp,simple,demo_reg_query_reg_chat_assertion,reg,reg,chat,assertion,0.4146689772605896,0.4146689772605896,0,0.9939254522323608,344df6605cb3dff97482a0b4863bb215c65b99a7710cb663f4dedc6b07b23da7
amouyal:265,set_7,433,prob,gp,lingering,demo_reg_query_reg_chat_assertion,reg,reg,chat,assertion,0.9510030746459961,0.048996925354003906,0,0.9971991181373596,0151401873d8879664cba9a83f385889a8cf8eb08763fe1965ec6ad6eda1372a
amouyal:266,set_7,436,prob,non_gp,simple,demo_reg_query_reg_chat_assertion,reg,reg,chat,assertion,0.9988763928413391,0.9988763928413391,1,0.9967331290245056,9ebac84b29efcb693fbb5a3574a0e4b4835f475bd98986cb31ca1769a8978702
amouyal:267,set_7,437,prob,non_gp,lingering,demo_reg_query_reg_chat_assertion,reg,reg,chat,assertion,0.1788686066865921,0.8211313933134079,1,0.9965019226074219,7777ee1bfc57e874cffd4f1340a22e13e2416d39d7449a5c1905c6b978ab5f36
amouyal:268,set_8,440,prob,gp,simple,demo_reg_query_reg_chat_assertion,reg,reg,chat,assertion,0.9957497715950012,0.9957497715950012,1,0.9984935522079468,57046e576c291c2c507956e495c70d85d6dc9b9767ddfdb062c46ead0e693776
amouyal:269,set_8,441,prob,gp,lingering,demo_reg_query_reg_chat_assertion,reg,reg,chat,assertion,0.08147376030683517,0.9185262396931648,1,0.9954367876052856,0cd5c2f6daba6eec015e35b63b15309c88f9238e02ac0ffa8dde6852ba40431a
amouyal:270,set_8,444,prob,non_gp,simple,demo_reg_query_reg_chat_assertion,reg,reg,chat,assertion,0.9999391436576843,0.9999391436576843,1,0.9982675313949585,93669ef807fac2782a58d63f7c1ce7b141243a7d96ff9042230ea3933ffb2f90
amouyal:271,set_8,445,prob,non_gp,lingering,demo_reg_query_reg_chat_assertion,reg,reg,chat,assertion,0.0007184401038102806,0.9992815598961897,1,0.9991657733917236,53a3fdc8c98626c6083a5cbec70946a9620f4749d0d6a75c1fc03c7713eb7a4a
amouyal:272,set_9,448,prob,gp,simple,demo_reg_query_reg_chat_assertion,reg,reg,chat,assertion,0.9891895651817322,0.9891895651817322,1,0.9971230626106262,9bd02e7b70f05375cfe9115c6c1ce011a93adbeddc90f83a98c805b1651c471e
amouyal:273,set_9,449,prob,gp,lingering,demo_reg_query_reg_chat_assertion,reg,reg,chat,assertion,0.3296576738357544,0.6703423261642456,1,0.9964579343795776,b31f4ad5f2d416d00770a4ab50780fcffdac86e802c0dc140361f163ccbb05a8
amouyal:274,set_9,452,prob,non_gp,simple,demo_reg_query_reg_chat_assertion,reg,reg,chat,assertion,0.9996436834335327,0.9996436834335327,1,0.9976058602333069,eac76068c7791dd6e7e52de53ca422e39caa74fe886b83516683e05dc5d4b733
amouyal:275,set_9,453,prob,non_gp,lingering,demo_reg_query_reg_chat_assertion,reg,reg,chat,assertion,0.9967837929725647,0.0032162070274353027,0,0.9971121549606323,d8606539ea5e8006a5a87e0e94abe253fdfd21b24c61ee4f2376562fe4813468
amouyal:0,set_10,0,prob,gp,simple,demo_reg_query_rev_raw_none,reg,rev,raw,none,0.251327246427536,0.251327246427536,0,0.8973608613014221,d1a7fe32895bf344882648ce542e28556f122e60adde5ccf66e352bda64932c1
amouyal:1,set_10,1,prob,gp,lingering,demo_reg_query_rev_raw_none,reg,rev,raw,none,0.8297557234764099,0.1702442765235901,0,0.9545331001281738,0df1958fb9250a1435b6514b24fa78582727dae47266db66c61c73310fdcd700
amouyal:2,set_10,4,prob,non_gp,simple,demo_reg_query_rev_raw_none,reg,rev,raw,none,0.537372887134552,0.537372887134552,1,0.9196167588233948,54994ffad071615e31d943b4ffca4a921a4dff0b9589d19f68df1881e25642b2
amouyal:3,set_10,5,prob,non_gp,lingering,demo_reg_query_rev_raw_none,reg,rev,raw,none,0.6333771347999573,0.3666228652000427,0,0.914304792881012,51f75ca913b07e1a452ce31979fcd8276ce2670e1ec14af944aaa0fb51f4264f
amouyal:4,set_11,8,prob,gp,simple,demo_reg_query_rev_raw_none,reg,rev,raw,none,0.9434177875518799,0.9434177875518799,1,0.9752700328826904,28cdf9b1c53abb55437f98129a0e6d43562c3ea909baf8db748aed230b12bbb4
amouyal:5,set_11,9,prob,gp,lingering,demo_reg_query_rev_raw_none,reg,rev,raw,none,0.9831055998802185,0.016894400119781494,0,0.9898102283477783,3c37f8b35e214d8d686c5881ec9e9b397eb418aa42f273f05b06cf9955252c7f
amouyal:6,set_11,12,prob,non_gp,simple,demo_reg_query_rev_raw_none,reg,rev,raw,none,0.9257974028587341,0.9257974028587341,1,0.9625422358512878,bf5519bb3548e9927c9348ccda0f0d4c96fec90f8b85c51f7e3d69e4a83d9f16
amouyal:7,set_11,13,prob,non_gp,lingering,demo_reg_query_rev_raw_none,reg,rev,raw,none,0.7436017990112305,0.25639820098876953,0,0.9441032409667969,3addd838ee856bfe3531a770769454f57089f0cf9b00ae9418c27567a9ad803a
amouyal:8,set_12,16,prob,gp,simple,demo_reg_query_rev_raw_none,reg,rev,raw,none,0.726872980594635,0.726872980594635,1,0.9555174112319946,a2fb9a315f1100085779bcbffa00b162e2c38629cf0259e161ddbe10a3150df4
amouyal:9,set_12,17,prob,gp,lingering,demo_reg_query_rev_raw_none,reg,rev,raw,none,0.9548719525337219,0.045128047466278076,0,0.9878506064414978,9089a6748daa609fdb1884d0f581911d1eac7b274948412dd50bbce4165b3ea7
amouyal:10,set_12,20,prob,non_gp,simple,demo_reg_query_rev_raw_none,reg,rev,raw,none,0.9925323128700256,0.9925323128700256,1,0.9919426441192627,590f50598683c8eb34f804d044b2159328e5e8307266f733f400c33173ddac07
amouyal:11,set_12,21,prob,non_gp,lingering,demo_reg_query_rev_raw_none,reg,rev,raw,none,0.9946795701980591,0.005320429801940918,0,0.9918296933174133,064e4c64a2317088bdf2897860e44eea4334230add621f9777d1f734fe641782
amouyal:12,set_13,24,prob,gp,simple,demo_reg_query_rev_raw_none,reg,rev,raw,none,0.5175679922103882,0.5175679922103882,1,0.921944260597229,90b84c6f289399165f9b61d1820e2db657bff41c4c84b0e374c05874abfbf991
amouyal:13,set_13,25,prob,gp,lingering,demo_reg_query_rev_raw_none,reg,rev,raw,none,0.05668060854077339,0.9433193914592266,1,0.9248409271240234,f81306d664aa10262164543bc5c1bcaf2a9834ce31d03c39efa48004dc90d1a7
amouyal:14,set_13,28,prob,non_gp,simple,demo_reg_query_rev_raw_none,reg,rev,raw,none,0.9610611796379089,0.9610611796379089,1,0.9819332957267761,43cc579d77b7e3ef73ff414ee9c93a50ffeea5b2eeec01c3d13d22fad962da48
amouyal:15,set_13,29,prob,non_gp,lingering,demo_reg_query_rev_raw_none,reg,rev,raw,none,0.5014261603355408,0.49857383966445923,0,0.9237856268882751,1b19343130212c44627d2bbc51da7ee8ffe555d0d851cf90e8ed6d71c8f66212
amouyal:16,set_14,32,prob,gp,simple,demo_reg_query_rev_raw_none,reg,rev,raw,none,0.1359354704618454,0.1359354704618454,0,0.874051034450531,6efd557669bd338500636289e4b6bba53774bc73b0321769ba6a7b03c4f6acc4
amouyal:17,set_14,33,prob,gp,lingering,demo_reg_query_rev_raw_none,reg,rev,raw,none,0.7250357866287231,0.27496421337127686,0,0.9509980082511902,f5fd2ca0eda89f4cd761b5a6d2096199f9baf30235695dc0448fe26782d22bd1
amouyal:18,set_14,36,prob,non_gp,simple,demo_reg_query_rev_raw_none,reg,rev,raw,none,0.2735590636730194,0.2735590636730194,0,0.8891534805297852,b4f5f2a083672ccc9633f86e977d272d32de1961943d107e3d367c98692224d8
amouyal:19,set_14,37,prob,non_gp,lingering,demo_reg_query_rev_raw_none,reg,rev,raw,none,0.06459299474954605,0.935407005250454,1,0.9386281967163086,098f77c78ed8cbfeb2b2f974f2b1dcce8d45d9de95112985e07f80d33d9a78a3
amouyal:20,set_15,40,prob,gp,simple,demo_reg_query_rev_raw_none,reg,rev,raw,none,0.9825562238693237,0.9825562238693237,1,0.9935457110404968,dbadca4630d3f1625a3a87fafd606ab58a9060cceb4eb6e42963158e8f815649
amouyal:21,set_15,41,prob,gp,lingering,demo_reg_query_rev_raw_none,reg,rev,raw,none,0.9657158255577087,0.03428417444229126,0,0.9893161058425903,6faeb2f5ae9756e6f3130cb69f980701287787643b46d3ad7b969eb738131202
amouyal:22,set_15,44,prob,non_gp,simple,demo_reg_query_rev_raw_none,reg,rev,raw,none,0.9984225034713745,0.9984225034713745,1,0.9959364533424377,bec2bc2c320ca25d73fd3a005189173bfc91bb32adfb88f29ffb9fa11906d6ea
amouyal:23,set_15,45,prob,non_gp,lingering,demo_reg_query_rev_raw_none,reg,rev,raw,none,0.9492557644844055,0.05074423551559448,0,0.9878008961677551,c91f879f1c5d7bfc7f08edb2eaf9359716b94edb862d62a7c20894a0111cd577
amouyal:24,set_16,48,prob,gp,simple,demo_reg_query_rev_raw_none,reg,rev,raw,none,0.7535427808761597,0.7535427808761597,1,0.9528954029083252,b9383055f670901fc7de2265949eb60811ccdb7c3c3507e4a2cdf14cf827b960
amouyal:25,set_16,49,prob,gp,lingering,demo_reg_query_rev_raw_none,reg,rev,raw,none,0.7610010504722595,0.23899894952774048,0,0.9390531778335571,b0633452548892c7a4fa355498bcf8e352d0360e2a1d602de73dfdb525c2de59
amouyal:26,set_16,52,prob,non_gp,simple,demo_reg_query_rev_raw_none,reg,rev,raw,none,0.9975596070289612,0.9975596070289612,1,0.9949012994766235,cbeb0ab699e2b3e841df3c92955abb338214f893894095057e2f706141e3f44e
amouyal:27,set_16,53,prob,non_gp,lingering,demo_reg_query_rev_raw_none,reg,rev,raw,none,0.9980058670043945,0.0019941329956054688,0,0.9956600666046143,b487300223d190a39b330cfc8662e4ee849c8c71ae807dcecd0a4b74e520cfb6
amouyal:28,set_17,56,prob,gp,simple,demo_reg_query_rev_raw_none,reg,rev,raw,none,0.9331940412521362,0.9331940412521362,1,0.982262372970581,b5c6e49afa588b2caa43f824369a40b1767ff38009b8d7f3c05b8b9726e1d78a
amouyal:29,set_17,57,prob,gp,lingering,demo_reg_query_rev_raw_none,reg,rev,raw,none,0.9098361134529114,0.09016388654708862,0,0.9867404699325562,02ccb4246cb2b0e4d61c3a934ca2ba23e814c1e228aaa51cd96f480f76bc5024
amouyal:30,set_17,60,prob,non_gp,simple,demo_reg_query_rev_raw_none,reg,rev,raw,none,0.9965389966964722,0.9965389966964722,1,0.9949191212654114,4bffddaed1fb7c7553f357084bb7ffae97c92454bbbd80d5e5e3ec324b6b40a0
amouyal:31,set_17,61,prob,non_gp,lingering,demo_reg_query_rev_raw_none,reg,rev,raw,none,0.010678700171411037,0.989321299828589,1,0.9719350934028625,a25b36b4cfdda091c92f89530b16de77b5c5c9b44415b305d67f39faec67ceaf
amouyal:32,set_18,64,prob,gp,simple,demo_reg_query_rev_raw_none,reg,rev,raw,none,0.5986179709434509,0.5986179709434509,1,0.9606218338012695,677fe9fd48bb30131fc17c1c6425a516eec9680c9f761e8514944d5be9748bcd
amouyal:33,set_18,65,prob,gp,lingering,demo_reg_query_rev_raw_none,reg,rev,raw,none,0.25593194365501404,0.744068056344986,1,0.9526984691619873,55fda0cfb4ed7db8b784f8ab0e384c21af8942b648e54aeed5b0345c5c93eeaf
amouyal:34,set_18,68,prob,non_gp,simple,demo_reg_query_rev_raw_none,reg,rev,raw,none,0.6385224461555481,0.6385224461555481,1,0.9073705673217773,d0bf9e2399dddd910716d5f6630c69d8f51442c22f87bbf81776a59f9a7ace4b
amouyal:35,set_18,69,prob,non_gp,lingering,demo_reg_query_rev_raw_none,reg,rev,raw,none,0.765481173992157,0.23451882600784302,0,0.9728782176971436,7d50a689a1070e77b7ca3c41215b55d6ae9d876cbc5933a8913a0ffa4fe62d15
amouyal:36,set_19,72,prob,gp,simple,demo_reg_query_rev_raw_none,reg,rev,raw,none,0.9724406599998474,0.9724406599998474,1,0.9910561442375183,e1c56141b44d6444d50ee20ff297d48cbe77e5cc3c4eab6cbe2571ec05b0b756
amouyal:37,set_19,73,prob,gp,lingering,demo_reg_query_rev_raw_none,reg,rev,raw,none,0.8077117204666138,0.19228827953338623,0,0.9771285653114319,886c5e51267a24fb3560542a9feee5494d5372fa19c249025df68d04e144b545
amouyal:38,set_19,76,prob,non_gp,simple,demo_reg_query_rev_raw_none,reg,rev,raw,none,0.9977762699127197,0.9977762699127197,1,0.9959602952003479,032ecaff14a7946c7a84f48b60c4d0e8e645c89033e7a3b8fb7537184802e269
amouyal:39,set_19,77,prob,non_gp,lingering,demo_reg_query_rev_raw_none,reg,rev,raw,none,0.9977317452430725,0.0022682547569274902,0,0.9943837523460388,c2c70397b56bd2a2728a39b07070029d6ed7844ef00a3979f757bda6fcd537ef
amouyal:40,set_20,80,prob,gp,simple,demo_reg_query_rev_raw_none,reg,rev,raw,none,0.590233564376831,0.590233564376831,1,0.9364922046661377,763275ffe4163ed62907a7a4ee8baaaf3b04d55f94ddc43c01368d3140032ff1
amouyal:41,set_20,81,prob,gp,lingering,demo_reg_query_rev_raw_none,reg,rev,raw,none,0.11138499528169632,0.8886150047183037,1,0.89582359790802,aec2031588527e913b5d5a15324bb81cc50f3ea8e4995a7e6cc8fbeabbd75ab7
amouyal:42,set_20,84,prob,non_gp,simple,demo_reg_query_rev_raw_none,reg,rev,raw,none,0.995549201965332,0.995549201965332,1,0.9955189824104309,c13f26ddc7ad26fbdd5e07c409d06dbe03663df6b2a8dc0b6ec3036bb0633720
amouyal:43,set_20,85,prob,non_gp,lingering,demo_reg_query_rev_raw_none,reg,rev,raw,none,0.01763298735022545,0.9823670126497746,1,0.969558596611023,620461c392681be9259aa3b68e42b4a474d03a22817761a4558dfa2f7899ec3f
amouyal:44,set_21,88,prob,gp,simple,demo_reg_query_rev_raw_none,reg,rev,raw,none,0.4033356308937073,0.4033356308937073,0,0.9494743347167969,84cef678b4e9230f15376348374378100c38f87fe2ee8971b1ff9d0843c3107f
amouyal:45,set_21,89,prob,gp,lingering,demo_reg_query_rev_raw_none,reg,rev,raw,none,0.05135299637913704,0.948647003620863,1,0.9717594385147095,0a7a6d66f69e9963336cd89f4974e38aaba76175ed06876230f30c608a21ea95
amouyal:46,set_21,92,prob,non_gp,simple,demo_reg_query_rev_raw_none,reg,rev,raw,none,0.9919342994689941,0.9919342994689941,1,0.9944679737091064,6037b644bc183aa61c54c00a4cea60f29dfd6ad639007371f77f2371638f03cf
amouyal:47,set_21,93,prob,non_gp,lingering,demo_reg_query_rev_raw_none,reg,rev,raw,none,0.9332578182220459,0.0667421817779541,0,0.9918652772903442,5770a51649231ffb5244b40b1a339ecff9472adc2a7e2a0b235d82ae1b3abbd5
amouyal:48,set_22,96,prob,gp,simple,demo_reg_query_rev_raw_none,reg,rev,raw,none,0.9710364937782288,0.9710364937782288,1,0.9911830425262451,130729b24071647d76bca2e682c38644067333893a0e45807dc76d78498b4339
amouyal:49,set_22,97,prob,gp,lingering,demo_reg_query_rev_raw_none,reg,rev,raw,none,0.7560148239135742,0.24398517608642578,0,0.976067066192627,609ebe52e624f03479c94979cab70aea61591dd2a8ddd48bb486833154f03cf4
amouyal:50,set_22,100,prob,non_gp,simple,demo_reg_query_rev_raw_none,reg,rev,raw,none,0.984198272228241,0.984198272228241,1,0.9926077723503113,8e9ba10a7da14e0ed8e49ce6998609da4dff713d78cfba0be4a8a48695c865e5
amouyal:51,set_22,101,prob,non_gp,lingering,demo_reg_query_rev_raw_none,reg,rev,raw,none,0.3968878984451294,0.6031121015548706,1,0.9709993004798889,b7ef613cdd5e4642ed727ef37dbdd177bfa91ee33e7d889bb11839bf1aa776a5
amouyal:52,set_23,104,prob,gp,simple,demo_reg_query_rev_raw_none,reg,rev,raw,none,0.5870737433433533,0.5870737433433533,1,0.919763445854187,c9e062bdb873cb5a27a35061ef228045b7e59e72e045a337db206241ad13d981
amouyal:53,set_23,105,prob,gp,lingering,demo_reg_query_rev_raw_none,reg,rev,raw,none,0.6291778683662415,0.37082213163375854,0,0.9435511827468872,30c886c420a68580d96e65e7684d1544ba43f77d230a42c11bc61a379b4c499c
amouyal:54,set_23,108,prob,non_gp,simple,demo_reg_query_rev_raw_none,reg,rev,raw,none,0.9921028017997742,0.9921028017997742,1,0.9933062195777893,93bc8ea8c21575ae6502cda376426faccb0b93e7c53d83cc4a78ad0dc59c15f5
amouyal:55,set_23,109,prob,non_gp,lingering,demo_reg_query_rev_raw_none,reg,rev,raw,none,0.9811810255050659,0.018818974494934082,0,0.9885095953941345,75e23d5081da79559d3ddb4a3a9f74a503b997430fa657544cd7a67eeb0b09c0
amouyal:56,set_24,112,prob,gp,simple,demo_reg_query_rev_raw_none,reg,rev,raw,none,0.911289632320404,0.911289632320404,1,0.9779196977615356,582e0381ccba602624e051eabe933311be6981adeba2a0a9bceb09bcf0016e2b
amouyal:57,set_24,113,prob,gp,lingering,demo_reg_query_rev_raw_none,reg,rev,raw,none,0.04767310991883278,0.9523268900811672,1,0.9389238953590393,6164477c4e4aed6b33651513449d4095c3c828cbea98fdc0b7ee476499296b4c
amouyal:58,set_24,116,prob,non_gp,simple,demo_reg_query_rev_raw_none,reg,rev,raw,none,0.9654794931411743,0.9654794931411743,1,0.9860261082649231,f558ce43072c10e8319cd930c8d4f41f7dd1a00b2add3ba105843880a35d1b15
amouyal:59,set_24,117,prob,non_gp,lingering,demo_reg_query_rev_raw_none,reg,rev,raw,none,0.00905175507068634,0.9909482449293137,1,0.9711030125617981,df1769fe4b928cf5c1b78c425636e97fc4a26cf7ce96f1766e917127e76ee0c3
amouyal:60,set_25,120,prob,gp,simple,demo_reg_query_rev_raw_none,reg,rev,raw,none,0.9725266695022583,0.9725266695022583,1,0.98878014087677,3e78378cb1c3a351ea0622bbb833b04c3aa8861b5abcc3de5f1894a46c63ea53
amouyal:61,set_25,121,prob,gp,lingering,demo_reg_query_rev_raw_none,reg,rev,raw,none,0.9516026973724365,0.04839730262756348,0,0.986308217048645,d1ac843a1508e36a426e89ee5c8f1123d9fb29667724a83cc1361b48cbca3d1c
amouyal:62,set_25,124,prob,non_gp,simple,demo_reg_query_rev_raw_none,reg,rev,raw,none,0.9811067581176758,0.9811067581176758,1,0.9920389652252197,0d5199379332656d15806de1c4656b8514e980f0c861d61aafcbd96e35524bd6
amouyal:63,set_25,125,prob,non_gp,lingering,demo_reg_query_rev_raw_none,reg,rev,raw,none,0.960376501083374,0.03962349891662598,0,0.9858222603797913,b14234b819062f45e83715cc68d4b1b170a5d4f1954783aac4537b2f0e13d53b
amouyal:64,set_26,128,prob,gp,simple,demo_reg_query_rev_raw_none,reg,rev,raw,none,0.7989318370819092,0.7989318370819092,1,0.9719563126564026,d1a4282e333f65a58b1365230dbd1cb92906adb40abec772c22116415365b182
amouyal:65,set_26,129,prob,gp,lingering,demo_reg_query_rev_raw_none,reg,rev,raw,none,0.015885543078184128,0.9841144569218159,1,0.9558191299438477,a1bb5b50506ca7c3838fa1af8ed56dc61ae7b06b7035899e20e7b576e2f9b774
amouyal:66,set_26,132,prob,non_gp,simple,demo_reg_query_rev_raw_none,reg,rev,raw,none,0.9091900587081909,0.9091900587081909,1,0.9827538132667542,32592e8d86d66a292e034f0ebaf39d4a8847eb1837ceda31f3d94147c64c1f77
amouyal:67,set_26,133,prob,non_gp,lingering,demo_reg_query_rev_raw_none,reg,rev,raw,none,0.8172065615653992,0.18279343843460083,0,0.9860861897468567,15289701138c09348d45bf595a7dcd61f0fa0e49565b04144de48fd28d142ec9
amouyal:68,set_27,136,prob,gp,simple,demo_reg_query_rev_raw_none,reg,rev,raw,none,0.9317165017127991,0.9317165017127991,1,0.9740791916847229,f93adbe9b3b4b290272b7d81ec6856ecde744919024f072a0d3972de414f0728
amouyal:69,set_27,137,prob,gp,lingering,demo_reg_query_rev_raw_none,reg,rev,raw,none,0.8384172320365906,0.16158276796340942,0,0.9320537447929382,6b5e2e3162e7cbf984502f837d32c392def28e17418c3d2fde3194695252a9b2
amouyal:70,set_27,140,prob,non_gp,simple,demo_reg_query_rev_raw_none,reg,rev,raw,none,0.9805421829223633,0.9805421829223633,1,0.9877538681030273,898dfdc631b7c9f1f4ac96bb33a1649a0c4c1af3fc22908b0dd10ad953a796fb
amouyal:71,set_27,141,prob,non_gp,lingering,demo_reg_query_rev_raw_none,reg,rev,raw,none,0.8413143157958984,0.15868568420410156,0,0.934211254119873,dc477c25e54b04477c6dbd62693023fb103f955bbeb72a282992d5f5c9dfa76f
amouyal:72,set_28,144,prob,gp,simple,demo_reg_query_rev_raw_none,reg,rev,raw,none,0.5011085867881775,0.5011085867881775,1,0.9343922138214111,8d20a69a73ec6dd56d383698932caaf6bb28122eaa041e7e23572a8a75fdbf12
amouyal:73,set_28,145,prob,gp,lingering,demo_reg_query_rev_raw_none,reg,rev,raw,none,0.14555276930332184,0.8544472306966782,1,0.9386253356933594,dfce876144777ec4fe38a4dbe24277cd09a3975aacdb41654c59bfbe312d9917
amouyal:74,set_28,148,prob,non_gp,simple,demo_reg_query_rev_raw_none,reg,rev,raw,none,0.9495666027069092,0.9495666027069092,1,0.9865111708641052,9ad16c6b641d84d3129569c519351140a71eba1790609b5e507a050fa7c21e7f
amouyal:75,set_28,149,prob,non_gp,lingering,demo_reg_query_rev_raw_none,reg,rev,raw,none,0.9919107556343079,0.008089244365692139,0,0.9957528114318848,a7e1db063ad221b3efd3bfcfa541685dda9ddf63bb2507b543e4015bddb14666
amouyal:76,set_29,152,prob,gp,simple,demo_reg_query_rev_raw_none,reg,rev,raw,none,0.9748138189315796,0.9748138189315796,1,0.991446316242218,ae99d306599e8e8e2362dee702d2c3d9734f70181eb2337f0c651015e6e5943c
amouyal:77,set_29,153,prob,gp,lingering,demo_reg_query_rev_raw_none,reg,rev,raw,none,0.7128437757492065,0.28715622425079346,0,0.9673600196838379,c6277cb58e460f745752815da062228e0f7534afdbcc87eb451f849e0c63306d
amouyal:78,set_29,156,prob,non_gp,simple,demo_reg_query_rev_raw_none,reg,rev,raw,none,0.9931076765060425,0.9931076765060425,1,0.9936729669570923,d8d0529e1c47947ddbcdab8c0498aeff1d712d99550f649c70a0d736fce1fc20
amouyal:79,set_29,157,prob,non_gp,lingering,demo_reg_query_rev_raw_none,reg,rev,raw,none,0.44323262572288513,0.5567673742771149,1,0.941379725933075,a327ec3eba1989cb90472215640083981755f3adbf6ddb035b502959c92703c8
amouyal:80,set_30,160,prob,gp,simple,demo_reg_query_rev_raw_none,reg,rev,raw,none,0.9935617446899414,0.9935617446899414,1,0.9949095249176025,2d4b460dc77d6c2d47aeeda2ec5d344d738870ca19bd34bc557b147c73805374
amouyal:81,set_30,161,prob,gp,lingering,demo_reg_query_rev_raw_none,reg,rev,raw,none,0.4243978261947632,0.5756021738052368,1,0.9288332462310791,0f57979e11a022f8d92166848c4202249b69284d9a8aa0aa88aa1ccf37988e1d
amouyal:82,set_30,164,prob,non_gp,simple,demo_reg_query_rev_raw_none,reg,rev,raw,none,0.9980102181434631,0.9980102181434631,1,0.9959017038345337,81e531558317e9b86899c2a2703eaba2ec59df4e1699ba4d91e78ac3b17bf0b8
amouyal:83,set_30,165,prob,non_gp,lingering,demo_reg_query_rev_raw_none,reg,rev,raw,none,0.972783088684082,0.02721691131591797,0,0.9886456727981567,e26e41f2d99cffe3a514ebc6652631ca78a7d6b861a7d843e0d71339d593f342
amouyal:84,set_31,168,prob,gp,simple,demo_reg_query_rev_raw_none,reg,rev,raw,none,0.6478197574615479,0.6478197574615479,1,0.9441448450088501,b43deef3b25ceaff1cc7f1ca9301ccd503d4b064902c145451ef443ada88f778
amouyal:85,set_31,169,prob,gp,lingering,demo_reg_query_rev_raw_none,reg,rev,raw,none,0.07750508934259415,0.9224949106574059,1,0.9487862586975098,9a796edc477a0806c910a23a6905c68e1526a8f4d830e20dcdccac8cdbd11fb9
amouyal:86,set_31,172,prob,non_gp,simple,demo_reg_query_rev_raw_none,reg,rev,raw,none,0.9899827241897583,0.9899827241897583,1,0.9943379759788513,90a92993a79891d21e680c9b32dfa25fa9903e883a3f01586aa1412463fc4280
amouyal:87,set_31,173,prob,non_gp,lingering,demo_reg_query_rev_raw_none,reg,rev,raw,none,0.8980680704116821,0.10193192958831787,0,0.987926721572876,0c69f2f9f364754512e56ef4414ff9df918c3f40e02b55a94c597f4a9f265968
amouyal:88,set_32,176,prob,gp,simple,demo_reg_query_rev_raw_none,reg,rev,raw,none,0.8035927414894104,0.8035927414894104,1,0.9674761295318604,2c1b648d82190d67eac1a8cdeb0340ab611ece11613bd9ef329c838e4b55d1ae
amouyal:89,set_32,177,prob,gp,lingering,demo_reg_query_rev_raw_none,reg,rev,raw,none,0.06921427696943283,0.9307857230305672,1,0.9474340081214905,1f598f7ba54de8167129075c4e1617650e649f639d13f8fd536fa67bd7fb33f1
amouyal:90,set_32,180,prob,non_gp,simple,demo_reg_query_rev_raw_none,reg,rev,raw,none,0.9829606413841248,0.9829606413841248,1,0.9907757639884949,d63ac1d5e06af3ecdadb6f867d421f8a88bde0cfba0229229b6ad2ca27607a4d
amouyal:91,set_32,181,prob,non_gp,lingering,demo_reg_query_rev_raw_none,reg,rev,raw,none,0.8799850940704346,0.12001490592956543,0,0.9839608073234558,12ec148dcbdfdce9548439963147e9a3c875689bbb0262ba1aed7d14a4591fbb
amouyal:92,set_33,184,prob,gp,simple,demo_reg_query_rev_raw_none,reg,rev,raw,none,0.23829831182956696,0.23829831182956696,0,0.8915921449661255,98fbf9e03894f72f5866733ffea86e28563979dd9c15f4e9baac23643ca6d756
amouyal:93,set_33,185,prob,gp,lingering,demo_reg_query_rev_raw_none,reg,rev,raw,none,0.13983957469463348,0.8601604253053665,1,0.9268496036529541,bc2a524033c7952a80afa8adf9856e9d56b44b51c03ad726f966c4f8ef0ae267
amouyal:94,set_33,188,prob,non_gp,simple,demo_reg_query_rev_raw_none,reg,rev,raw,none,0.9957483410835266,0.9957483410835266,1,0.9935066103935242,b5b2f74472c01f188568c7f7814404b04834ecffa87ecd9add53fdbecc8934b4
amouyal:95,set_33,189,prob,non_gp,lingering,demo_reg_query_rev_raw_none,reg,rev,raw,none,0.9325647950172424,0.06743520498275757,0,0.97562575340271,383564f2d60c55982cf1c58d8acf914fe3d21ca606320f20f86f7d4cb8a4912e
amouyal:96,set_34,192,prob,gp,simple,demo_reg_query_rev_raw_none,reg,rev,raw,none,0.9683019518852234,0.9683019518852234,1,0.9919851422309875,9a4b1abb0a62b06cb751075b62cff06546395a1a0ea8e47d0bb42fb1a0e74c65
amouyal:97,set_34,193,prob,gp,lingering,demo_reg_query_rev_raw_none,reg,rev,raw,none,0.03825049102306366,0.9617495089769363,1,0.9657591581344604,22490392d380563d214bdf399ee96ad9c95c3ba4e6336497c6be42f706b88425
amouyal:98,set_34,196,prob,non_gp,simple,demo_reg_query_rev_raw_none,reg,rev,raw,none,0.9985362887382507,0.9985362887382507,1,0.9963572025299072,3456b40746b283746d33ec6f439ad77be07f5c6567c13dca72255f4e86cace4e
amouyal:99,set_34,197,prob,non_gp,lingering,demo_reg_query_rev_raw_none,reg,rev,raw,none,0.5688213109970093,0.4311786890029907,0,0.9823893904685974,ffe2c363013c6d1735181f77dbf1e4fe69cb477c5a24ecc8b4100828ea144452
amouyal:100,set_35,200,prob,gp,simple,demo_reg_query_rev_raw_none,reg,rev,raw,none,0.39857980608940125,0.39857980608940125,0,0.907107949256897,5da26f2055d6160daee759dcd21be72076687f625a38348f49f1ff7509d458af
amouyal:101,set_35,201,prob,gp,lingering,demo_reg_query_rev_raw_none,reg,rev,raw,none,0.39414453506469727,0.6058554649353027,1,0.9158235788345337,46c2c3151daba37cc063465f039af9845e7287fa26bbbfef53a4555ab7baeb70
amouyal:102,set_35,204,prob,non_gp,simple,demo_reg_query_rev_raw_none,reg,rev,raw,none,0.9826596975326538,0.9826596975326538,1,0.9903033375740051,12b3133d5dbc79caa9578957073f919163cac24d19053d08845a503dd253b6e9
amouyal:103,set_35,205,prob,non_gp,lingering,demo_reg_query_rev_raw_none,reg,rev,raw,none,0.7846577763557434,0.2153422236442566,0,0.9700196385383606,0031d5470a8d43fdcc78a4b2dc2d8773a0d1a0aadec9a5b6f27d69345b187c04
amouyal:104,set_36,208,prob,gp,simple,demo_reg_query_rev_raw_none,reg,rev,raw,none,0.6899288892745972,0.6899288892745972,1,0.9643657207489014,70098c1061587374155379154b2425ee620507f3545fb9beb59aab04493cea92
amouyal:105,set_36,209,prob,gp,lingering,demo_reg_query_rev_raw_none,reg,rev,raw,none,0.35994070768356323,0.6400592923164368,1,0.9146158695220947,248b56dcd1330df917fb12ed5e871d2f785c5f6d953e1fdf822d2f6fc3195abf
amouyal:106,set_36,212,prob,non_gp,simple,demo_reg_query_rev_raw_none,reg,rev,raw,none,0.9707571864128113,0.9707571864128113,1,0.989679217338562,cdf092b0d74ec2225cd0d692899487d613dea2073ac513074d42ef4d814f2981
amouyal:107,set_36,213,prob,non_gp,lingering,demo_reg_query_rev_raw_none,reg,rev,raw,none,0.9788416028022766,0.02115839719772339,0,0.9920955896377563,a688f13670070563f481be9b02603fd0c0009ff16b9e16c2154250ef7ced2063
amouyal:108,set_37,216,prob,gp,simple,demo_reg_query_rev_raw_none,reg,rev,raw,none,0.09373180568218231,0.09373180568218231,0,0.9391323328018188,9550b2d8124b85b51630576dfdd609a5f1334a090fa0f06424097fda200e05ba
amouyal:109,set_37,217,prob,gp,lingering,demo_reg_query_rev_raw_none,reg,rev,raw,none,0.028804266825318336,0.9711957331746817,1,0.9501321315765381,acb8407f0f3e6f4493301a0cab484df9f78c518b676d9618cf1935ea348443ea
amouyal:110,set_37,220,prob,non_gp,simple,demo_reg_query_rev_raw_none,reg,rev,raw,none,0.6349442601203918,0.6349442601203918,1,0.9641674160957336,59fc00fad9fba5c4df4456d273b845a0fb92aa9887ee15d5a998d9d970f0cd47
amouyal:111,set_37,221,prob,non_gp,lingering,demo_reg_query_rev_raw_none,reg,rev,raw,none,0.13930845260620117,0.8606915473937988,1,0.9615218639373779,ddade97f970f0f2bba0130a351d6382a7c6228e495bfc50633d62b6cd8555080
amouyal:112,set_38,224,prob,gp,simple,demo_reg_query_rev_raw_none,reg,rev,raw,none,0.15943720936775208,0.15943720936775208,0,0.9041093587875366,7adc683c891e314713add36f5bbf0279d4fc2b6a55d826d8e7d62daa8976b9ad
amouyal:113,set_38,225,prob,gp,lingering,demo_reg_query_rev_raw_none,reg,rev,raw,none,0.27743932604789734,0.7225606739521027,1,0.9136377573013306,edcdfb144b9415912b6e54755126e877a43ec2a80c271f1cd68b6fd0c2702f59
amouyal:114,set_38,228,prob,non_gp,simple,demo_reg_query_rev_raw_none,reg,rev,raw,none,0.8131963014602661,0.8131963014602661,1,0.9468926787376404,88ad18ef4ac2e66c1f46a591b43255dcc222459e701e05c7c3459c95349bd289
amouyal:115,set_38,229,prob,non_gp,lingering,demo_reg_query_rev_raw_none,reg,rev,raw,none,0.004701529163867235,0.9952984708361328,1,0.9593352675437927,33ce32656e2e7a69c52fe8c5b0cb24ea197ce38c8de0a2a6472e0f7b4692630e
amouyal:116,set_39,232,prob,gp,simple,demo_reg_query_rev_raw_none,reg,rev,raw,none,0.598789632320404,0.598789632320404,1,0.9221799969673157,1381bbf244a640d5208bf900a5b3f3eb5a2487be96c1f60076c13ee55680116b
amouyal:117,set_39,233,prob,gp,lingering,demo_reg_query_rev_raw_none,reg,rev,raw,none,0.6060293316841125,0.39397066831588745,0,0.9183904528617859,973a61d1938a2ab15b2f803bf884a8ad5e79a10324dc178e775536027a92c75c
amouyal:118,set_39,236,prob,non_gp,simple,demo_reg_query_rev_raw_none,reg,rev,raw,none,0.9955013394355774,0.9955013394355774,1,0.9939491152763367,45d9d7909cd97b2c51da1fb951bf5034b75df9fc9b01d6297d256f92c55641ac
amouyal:119,set_39,237,prob,non_gp,lingering,demo_reg_query_rev_raw_none,reg,rev,raw,none,0.9552258849143982,0.04477411508560181,0,0.9805850982666016,7210dbac4b99fcc0a039e315185419544a016dfeb1bd4af8b231631078778810
amouyal:120,set_40,240,prob,gp,simple,demo_reg_query_rev_raw_none,reg,rev,raw,none,0.41972777247428894,0.41972777247428894,0,0.9454340934753418,1ccf32b9f9fb7dd2387535af828d8df886f04ea617ff1965ef1a7fef6b04664f
amouyal:121,set_40,241,prob,gp,lingering,demo_reg_query_rev_raw_none,reg,rev,raw,none,0.1654285043478012,0.8345714956521988,1,0.9341468811035156,0fcf46b4709d623d67b6435a20e58e1ba48ac75b8149c85751007fbd7cc7b065
amouyal:122,set_40,244,prob,non_gp,simple,demo_reg_query_rev_raw_none,reg,rev,raw,none,0.7930031418800354,0.7930031418800354,1,0.9747945070266724,5a7c3bbe5cc9f83f85ecda931a57fcc7ddb89109bfa0549eb14d2482261be502
amouyal:123,set_40,245,prob,non_gp,lingering,demo_reg_query_rev_raw_none,reg,rev,raw,none,0.6402774453163147,0.3597225546836853,0,0.9676777124404907,2c708c9aa6439f4240fb657dcbad09cc69e351dc3bee0ee82d347b63c70dc1de
amouyal:124,set_41,248,prob,gp,simple,demo_reg_query_rev_raw_none,reg,rev,raw,none,0.9566255807876587,0.9566255807876587,1,0.9877538681030273,81e92e6420898ed13ff87061a83bba64c91c1422fa618575b2630626211f8589
amouyal:125,set_41,249,prob,gp,lingering,demo_reg_query_rev_raw_none,reg,rev,raw,none,0.08364154398441315,0.9163584560155869,1,0.9103085398674011,ffda3f149501dd72e221aa0b8048ed0ad900dfc34f58f060173be68f4d7bb6de
amouyal:126,set_41,252,prob,non_gp,simple,demo_reg_query_rev_raw_none,reg,rev,raw,none,0.9988855719566345,0.9988855719566345,1,0.9969844222068787,8e415058264f20090956f0f994620f862afb1e4fed56227444c951d8c83e5ce8
amouyal:127,set_41,253,prob,non_gp,lingering,demo_reg_query_rev_raw_none,reg,rev,raw,none,0.9879084229469299,0.012091577053070068,0,0.9865413904190063,71489fd7271b010743ce4886639af83d43ad69f764884d6d2b3f9ddf91bc4d53
amouyal:128,set_42,256,prob,gp,simple,demo_reg_query_rev_raw_none,reg,rev,raw,none,0.9778816103935242,0.9778816103935242,1,0.9908543825149536,81f98ac659fed9df1e2fbd9b2c9eb9955089aa51390893e816e693306f45b925
amouyal:129,set_42,257,prob,gp,lingering,demo_reg_query_rev_raw_none,reg,rev,raw,none,0.955398678779602,0.04460132122039795,0,0.9858906269073486,a63bd1d7b52fecff4b8e342f4ffb92b000b68805a05777dd5c982de0e6209ec1
amouyal:130,set_42,260,prob,non_gp,simple,demo_reg_query_rev_raw_none,reg,rev,raw,none,0.9964293241500854,0.9964293241500854,1,0.9952960014343262,1aae4ad38cb007c15bbf9e041e5b3714b504136c45c244c0f0239a025b040624
amouyal:131,set_42,261,prob,non_gp,lingering,demo_reg_query_rev_raw_none,reg,rev,raw,none,0.9675430655479431,0.032456934452056885,0,0.9895315170288086,339b3f6a3f261cdb2ffc9fd758eab5a9dddb7c4fbdcc4a0066045e0ae447d149
amouyal:132,set_43,264,prob,gp,simple,demo_reg_query_rev_raw_none,reg,rev,raw,none,0.9391317367553711,0.9391317367553711,1,0.9899093508720398,2b153e53d8d563abbcd6102b3c6c8552422e53bfe0f576fd9db73fbe59287869
amouyal:133,set_43,265,prob,gp,lingering,demo_reg_query_rev_raw_none,reg,rev,raw,none,0.15148478746414185,0.8485152125358582,1,0.9313812255859375,4e3806fa99fba2b99bb237e05727a29b0bca892ea0be31c93a5a6ae52bbf75ef
amouyal:134,set_43,268,prob,non_gp,simple,demo_reg_query_rev_raw_none,reg,rev,raw,none,0.9757476449012756,0.9757476449012756,1,0.992577075958252,da528da53cdec92608239acf5168766e9ec6626a27a0bcf4337846a5ed22d634
amouyal:135,set_43,269,prob,non_gp,lingering,demo_reg_query_rev_raw_none,reg,rev,raw,none,0.9958335757255554,0.00416642427444458,0,0.9954835772514343,ac64ffdd16a0f81becaa8e3266507997d64277e74e5f4464f8ea7f5dc05ea88f
amouyal:136,set_44,272,prob,gp,simple,demo_reg_query_rev_raw_none,reg,rev,raw,none,0.08901049196720123,0.08901049196720123,0,0.9544408321380615,1e0dcb521c96357530e17199539eb477ad271f3562ccc123e1a34fe6228a894b
amouyal:137,set_44,273,prob,gp,lingering,demo_reg_query_rev_raw_none,reg,rev,raw,none,0.012271150946617126,0.9877288490533829,1,0.9529951214790344,70372f068e6c0e41c67a738684a733141046e1216f022910e9c0e200b740d7f1
amouyal:138,set_44,276,prob,non_gp,simple,demo_reg_query_rev_raw_none,reg,rev,raw,none,0.7052876949310303,0.7052876949310303,1,0.9652289748191833,b7ebf5258d7c0917e72a79a27ae1a8f2c606a20e878798982f2bf39c0cad4556
amouyal:139,set_44,277,prob,non_gp,lingering,demo_reg_query_rev_raw_none,reg,rev,raw,none,0.015102711506187916,0.9848972884938121,1,0.9680023789405823,7bf62772581b486d7c4495a554f36175937d52d4403a38123970074031998b08
amouyal:140,set_45,280,prob,gp,simple,demo_reg_query_rev_raw_none,reg,rev,raw,none,0.2426041215658188,0.2426041215658188,0,0.9032363891601562,d99636f94618ec0fd7377584e3fbf20eff693008a8ae75e9600d68d8daa09ee7
amouyal:141,set_45,281,prob,gp,lingering,demo_reg_query_rev_raw_none,reg,rev,raw,none,0.19771400094032288,0.8022859990596771,1,0.9302607774734497,ddb457b3329f5ea677c420aa9f18fb90b1643eef0e9841d164109e442f244fc0
amouyal:142,set_45,284,prob,non_gp,simple,demo_reg_query_rev_raw_none,reg,rev,raw,none,0.9315614700317383,0.9315614700317383,1,0.968853235244751,3d6457afea997342e7a450a1c4d257689f845b0cfbc92bcd074a6eb43b573de1
amouyal:143,set_45,285,prob,non_gp,lingering,demo_reg_query_rev_raw_none,reg,rev,raw,none,0.9770067930221558,0.02299320697784424,0,0.985180139541626,cda593e952cf309840327ebe6e3576a50f6980cdee54270d31733639f356037b
amouyal:144,set_hyp5_1,288,reflexive,non_gp,simple,demo_reg_query_rev_raw_none,reg,rev,raw,none,0.949819028377533,0.949819028377533,1,0.9891371130943298,4cefcf415bc86edce591b0491c70024854be74b6d4a97f0ce4365bc6040817b1
amouyal:145,set_hyp5_1,289,reflexive,non_gp,lingering,demo_reg_query_rev_raw_none,reg,rev,raw,none,0.9849116802215576,0.015088319778442383,0,0.9936090707778931,cd3bb0add6cfa11ebb1b0b8f8aa1d4315cef4e27e112014fc7d06e4093e243f3
amouyal:146,set_hyp5_2,290,reflexive,non_gp,simple,demo_reg_query_rev_raw_none,reg,rev,raw,none,0.9895879030227661,0.9895879030227661,1,0.9940537810325623,d1b6170d74f20409f3cb25b35f94a38e91e517b498ae76540a0e69a0849954bd
amouyal:147,set_hyp5_2,291,reflexive,non_gp,lingering,demo_reg_query_rev_raw_none,reg,rev,raw,none,0.0005228217341937125,0.9994771782658063,1,0.9900943040847778,2740a74127fac23d9a2b91ad91d4e5e9cb93fe625e36b10044449a601c3259f5
amouyal:148,set_hyp5_3,292,reflexive,non_gp,simple,demo_reg_query_rev_raw_none,reg,rev,raw,none,0.9683875441551208,0.9683875441551208,1,0.9885360598564148,17b99145a2624c28f0c902c13930bf5760b9377191d680b447b43013e4315181
amouyal:149,set_hyp5_3,293,reflexive,non_gp,lingering,demo_reg_query_rev_raw_none,reg,rev,raw,none,0.023944366723299026,0.976055633276701,1,0.9622141122817993,97e57ea5c490268d76f8ffb120aa5f9ff02d25c3dac560bff5ceba5ed6360fe4
amouyal:150,set_hyp5_4,294,reflexive,non_gp,simple,demo_reg_query_rev_raw_none,reg,rev,raw,none,0.9526046514511108,0.9526046514511108,1,0.9902436137199402,1eba61f080ed1f3e0c4caba4ce4116c32453e99dc22c782c4bb02e79099b4ee8
amouyal:151,set_hyp5_4,295,reflexive,non_gp,lingering,demo_reg_query_rev_raw_none,reg,rev,raw,none,0.62043297290802,0.37956702709198,0,0.9586246013641357,427f10aba331eea27b4999e7363c4379dbc205cfffb7198ca746263ca7c5d16f
amouyal:152,set_hyp5_5,296,reflexive,non_gp,simple,demo_reg_query_rev_raw_none,reg,rev,raw,none,0.9971877336502075,0.9971877336502075,1,0.9942740797996521,be1b482b4314d58aafef65af5dfd5d83c6ac872115ec251ea2b37bd5ddf860a6
amouyal:153,set_hyp5_5,297,reflexive,non_gp,lingering,demo_reg_query_rev_raw_none,reg,rev,raw,none,0.9072134494781494,0.09278655052185059,0,0.9748958349227905,5c4de26e48958546bc97517cc4258132d44ea7224672ef88a7447b1bf082aa1c
amouyal:154,set_hyp5_6,298,reflexive,non_gp,simple,demo_reg_query_rev_raw_none,reg,rev,raw,none,0.8765963315963745,0.8765963315963745,1,0.9735272526741028,a8698c86fe066447c35aad29d4909480310797f626ce969150187043b74e37a1
amouyal:155,set_hyp5_6,299,reflexive,non_gp,lingering,demo_reg_query_rev_raw_none,reg,rev,raw,none,0.053321871906518936,0.9466781280934811,1,0.9741276502609253,b7e4dc28a053d000804999fcde08ac871735549ae3f9974ac5affbbe1868bb5d
amouyal:156,set_hyp5_7,300,reflexive,non_gp,simple,demo_reg_query_rev_raw_none,reg,rev,raw,none,0.9845672249794006,0.9845672249794006,1,0.9869657754898071,3e96dce8654b1d84f56208273d4c0f28f611a995e3ef28dc6903f4504923af63
amouyal:157,set_hyp5_7,301,reflexive,non_gp,lingering,demo_reg_query_rev_raw_none,reg,rev,raw,none,0.4333648681640625,0.5666351318359375,1,0.9574787616729736,78f702141f6f195e074331cce1594ea63008b8bf056ae3666f096fddf4c74686
amouyal:158,set_hyp5_8,302,reflexive,non_gp,simple,demo_reg_query_rev_raw_none,reg,rev,raw,none,0.9392681121826172,0.9392681121826172,1,0.9818218946456909,358bfa075812f3f8e65f11c6a8cfbcf1213c14d42e265e9e4a54f21e22b5ad8a
amouyal:159,set_hyp5_8,303,reflexive,non_gp,lingering,demo_reg_query_rev_raw_none,reg,rev,raw,none,0.028879571706056595,0.9711204282939434,1,0.9608016610145569,ef08b3784de895f31f6e5e5f698a09434e2205a62f26c96f31518e0f85e596e5
amouyal:160,set_hyp5_9,304,reflexive,non_gp,simple,demo_reg_query_rev_raw_none,reg,rev,raw,none,0.9888525605201721,0.9888525605201721,1,0.9938597679138184,4425ccee1c0456d5f14a4fd485474878ff49358f62ccf4a838684be89dabb886
amouyal:161,set_hyp5_9,305,reflexive,non_gp,lingering,demo_reg_query_rev_raw_none,reg,rev,raw,none,0.9666594862937927,0.033340513706207275,0,0.9919604063034058,3684e5cbee56c2cd10b10b6d080d9ec397449a8e323bc92fa80c97265b630ba6
amouyal:162,set_hyp5_10,306,reflexive,non_gp,simple,demo_reg_query_rev_raw_none,reg,rev,raw,none,0.9894018173217773,0.9894018173217773,1,0.9936602711677551,90a169175277187d2c86fe19397465dd85667cdda539ea239e20060045feefcb
amouyal:163,set_hyp5_10,307,reflexive,non_gp,lingering,demo_reg_query_rev_raw_none,reg,rev,raw,none,0.6702784299850464,0.3297215700149536,0,0.973319947719574,852469e8183edff65be3c665bc40a94ed986fd9cb886a0e4c3d03108f6ba39a8
amouyal:164,set_hyp5_11,308,reflexive,non_gp,simple,demo_reg_query_rev_raw_none,reg,rev,raw,none,0.9289721250534058,0.9289721250534058,1,0.9818434715270996,ede2e5ec50b0418d879a555ccd73cea8eb92be457db47a6fc603924b6a28b212
amouyal:165,set_hyp5_11,309,reflexive,non_gp,lingering,demo_reg_query_rev_raw_none,reg,rev,raw,none,0.0051743886433541775,0.9948256113566458,1,0.9808139204978943,a5a3f300865f3d21ab92fbaf327ae1759247dfead555ca61dc13ae240c09e41b
amouyal:166,set_hyp5_12,310,reflexive,non_gp,simple,demo_reg_query_rev_raw_none,reg,rev,raw,none,0.9943604469299316,0.9943604469299316,1,0.9937793612480164,72c8f92568aadaffefdf82b8e75c92e2dcde3d843d9e50ae06ecb4e48219a9c2
amouyal:167,set_hyp5_12,311,reflexive,non_gp,lingering,demo_reg_query_rev_raw_none,reg,rev,raw,none,0.6830991506576538,0.3169008493423462,0,0.9734637141227722,bea12d56c8e80200ca2ba604a972cd6efdab69c4d2d6227c9b5b2847912d47e4
amouyal:168,set_hyp5_13,312,reflexive,non_gp,simple,demo_reg_query_rev_raw_none,reg,rev,raw,none,0.9456241726875305,0.9456241726875305,1,0.9752007722854614,c2f23556f2b111749e29de5a5d9e672d7c67cb4a2c583473c497990b41b2fc5c
amouyal:169,set_hyp5_13,313,reflexive,non_gp,lingering,demo_reg_query_rev_raw_none,reg,rev,raw,none,0.8985911011695862,0.10140889883041382,0,0.9822259545326233,c9599607ea8c66bdd55c7ed886ae91e5a7402c356b6bb699f11d6796bd1b3838
amouyal:170,set_hyp5_14,314,reflexive,non_gp,simple,demo_reg_query_rev_raw_none,reg,rev,raw,none,0.7358493208885193,0.7358493208885193,1,0.973129391670227,589f84199fed4e64f5e7a289a307ffe0030e71bb77a0afbe68811cf9e786bcd9
amouyal:171,set_hyp5_14,315,reflexive,non_gp,lingering,demo_reg_query_rev_raw_none,reg,rev,raw,none,0.013594132848083973,0.986405867151916,1,0.956201434135437,37b7984af150be08c22fa7a5f99185f95f6e020ea6d081f0422ad4d5b9f6913d
amouyal:172,set_hyp5_15,316,reflexive,non_gp,simple,demo_reg_query_rev_raw_none,reg,rev,raw,none,0.9911596179008484,0.9911596179008484,1,0.9916250705718994,4191226ec6ad0630cd8f280a84fea954351dfccf880194b360effff924009a28
amouyal:173,set_hyp5_15,317,reflexive,non_gp,lingering,demo_reg_query_rev_raw_none,reg,rev,raw,none,0.5687741637229919,0.43122583627700806,0,0.9623802304267883,0736175679aeb0f1f67c48c5887864275be76957cc2c0d42ac6c24405ee90935
amouyal:174,set_hyp5_16,318,reflexive,non_gp,simple,demo_reg_query_rev_raw_none,reg,rev,raw,none,0.9502668380737305,0.9502668380737305,1,0.9745944142341614,8b8094f7f45c37554bcf93fdf84b74b0edbe19e90416ffb292fc8fd5514c62ac
amouyal:175,set_hyp5_16,319,reflexive,non_gp,lingering,demo_reg_query_rev_raw_none,reg,rev,raw,none,0.39866897463798523,0.6013310253620148,1,0.9531267881393433,0f758622ba27569eeb526fe1f9cd6cab21925947879a6c4c5f0d87fb2d32592d
amouyal:176,set_hyp5_17,320,reflexive,non_gp,simple,demo_reg_query_rev_raw_none,reg,rev,raw,none,0.9919316172599792,0.9919316172599792,1,0.9944902658462524,5df0bd6b59005147f126a0f6bfafd3d090e473c88a4b5053458540d887cc9606
amouyal:177,set_hyp5_17,321,reflexive,non_gp,lingering,demo_reg_query_rev_raw_none,reg,rev,raw,none,0.010144513100385666,0.9898554868996143,1,0.9435999989509583,bf83f53960e689bf6a4207f08a81c6ddc29c2c302c693ca611351f03fa2f03c5
amouyal:178,set_hyp5_18,322,reflexive,non_gp,simple,demo_reg_query_rev_raw_none,reg,rev,raw,none,0.001514657400548458,0.001514657400548458,0,0.9648866057395935,afb55f7f1198a5d48f811d465ba93e1779cab8dc069cf389f084642326289671
amouyal:179,set_hyp5_18,323,reflexive,non_gp,lingering,demo_reg_query_rev_raw_none,reg,rev,raw,none,0.9586588144302368,0.041341185569763184,0,0.9887484312057495,ef78ca0d48f08397214386c44e40f3760d77b495a310c7b4af737aa8d28c1044
amouyal:180,set_hyp5_19,324,reflexive,non_gp,simple,demo_reg_query_rev_raw_none,reg,rev,raw,none,0.9922905564308167,0.9922905564308167,1,0.9958892464637756,f7a40432084b0fa42699ed80f96f81ca31ba42500684eb3882c152e1a70f3d9d
amouyal:181,set_hyp5_19,325,reflexive,non_gp,lingering,demo_reg_query_rev_raw_none,reg,rev,raw,none,0.581770658493042,0.418229341506958,0,0.9750853776931763,d51457617229b31ad10988178f55e44f29ba64797f349293fe2d2ff54b59f679
amouyal:182,set_hyp5_20,326,reflexive,non_gp,simple,demo_reg_query_rev_raw_none,reg,rev,raw,none,0.5799674987792969,0.5799674987792969,1,0.9429264068603516,79afcb1ab72c622f59c0729e0ed1bb1b5aa19dddbcce53af1b4f47766992b238
amouyal:183,set_hyp5_20,327,reflexive,non_gp,lingering,demo_reg_query_rev_raw_none,reg,rev,raw,none,0.22364820539951324,0.7763517946004868,1,0.9144039154052734,ae8c977bc61537741387925451f7c5052ee3ceb3fe9a6c2df4086f18a833bc7f
amouyal:184,set_hyp5_21,328,reflexive,non_gp,simple,demo_reg_query_rev_raw_none,reg,rev,raw,none,0.8924339413642883,0.8924339413642883,1,0.988414466381073,bfa0df894cbca289a3146f8ed11e06cfc980f9b7dcf2bce878f5cd6c6d8937fd
amouyal:185,set_hyp5_21,329,reflexive,non_gp,lingering,demo_reg_query_rev_raw_none,reg,rev,raw,none,0.9431214332580566,0.05687856674194336,0,0.9878783226013184,afb8abeae59ad0c0b44370fcd2a0a969c201616d3d370d4450dac048dd9ae700
amouyal:186,set_hyp5_22,330,reflexive,non_gp,simple,demo_reg_query_rev_raw_none,reg,rev,raw,none,0.8107865452766418,0.8107865452766418,1,0.9580003619194031,dd4925ae25f4e42feeb9762576f0505d3c287a6c2fecf7b4408e741bfc2827ba
amouyal:187,set_hyp5_22,331,reflexive,non_gp,lingering,demo_reg_query_rev_raw_none,reg,rev,raw,none,0.009543148800730705,0.9904568511992693,1,0.9511621594429016,10ad1617f810dcf700801a688bfbd37a960230ecaa6e7943815e86647e679fcc
amouyal:188,set_hyp5_23,332,reflexive,non_gp,simple,demo_reg_query_rev_raw_none,reg,rev,raw,none,0.9910953640937805,0.9910953640937805,1,0.9904711246490479,dc6441142daed421a82905df92e5ad891a7004868f593ea8992200547674c9b8
amouyal:189,set_hyp5_23,333,reflexive,non_gp,lingering,demo_reg_query_rev_raw_none,reg,rev,raw,none,0.45888668298721313,0.5411133170127869,1,0.9508657455444336,eef6de7aea7888bddc9c485e9ae92570c8f83c4baeee476a11c2d95c282e5761
amouyal:190,set_hyp5_24,334,reflexive,non_gp,simple,demo_reg_query_rev_raw_none,reg,rev,raw,none,0.9968246221542358,0.9968246221542358,1,0.9927375912666321,418b1d7ed7124e37c9548d9fd4cf6d85ec1e79e4b6b20922a704b2933fcd586b
amouyal:191,set_hyp5_24,335,reflexive,non_gp,lingering,demo_reg_query_rev_raw_none,reg,rev,raw,none,0.950265109539032,0.04973489046096802,0,0.971057653427124,9aab5a6b97322cee73805a81948ef0a6cab2564dd95c9f8d804d9dcbf5c4a64f
amouyal:192,set_hyp5_1,336,reflexive,gp,simple,demo_reg_query_rev_raw_none,reg,rev,raw,none,0.855067253112793,0.855067253112793,1,0.9831504225730896,b073cf8d7938e8f220eaf4e8701fc305b285c6d09acee4da8311a8993c0a4ede
amouyal:193,set_hyp5_1,337,reflexive,gp,lingering,demo_reg_query_rev_raw_none,reg,rev,raw,none,0.03988885506987572,0.9601111449301243,1,0.9610057473182678,fb0ab4b06b0fb240ec55d1a27a9161d634365571ea7c7a31db3c6ff30c4fd078
amouyal:194,set_hyp5_2,338,reflexive,gp,simple,demo_reg_query_rev_raw_none,reg,rev,raw,none,0.8933559656143188,0.8933559656143188,1,0.9852771162986755,9b42da13bfedaf51258d4e670898189a2633ed2562f3522a934e657ab3264ac6
amouyal:195,set_hyp5_2,339,reflexive,gp,lingering,demo_reg_query_rev_raw_none,reg,rev,raw,none,0.008804796263575554,0.9911952037364244,1,0.9717966318130493,d9961c790596b0963fb1f2281a0e97c5305ebd692bf8d5fc9082569613838000
amouyal:196,set_hyp5_3,340,reflexive,gp,simple,demo_reg_query_rev_raw_none,reg,rev,raw,none,0.3033699095249176,0.3033699095249176,0,0.9132687449455261,6c22117b2ddbef7e554cd89c7da3b40d989a3e1fea13bb698a5ccc007f52419f
amouyal:197,set_hyp5_3,341,reflexive,gp,lingering,demo_reg_query_rev_raw_none,reg,rev,raw,none,0.19261889159679413,0.8073811084032059,1,0.9399262070655823,16906f1897390af1d0973e9d2c4d09b97d528014bbf166fc548799faeaa7de97
amouyal:198,set_hyp5_4,342,reflexive,gp,simple,demo_reg_query_rev_raw_none,reg,rev,raw,none,0.4919063448905945,0.4919063448905945,0,0.9667497873306274,5a44c4d8ccc56e6ae1c38ade6d5b406a675a82b127f7aa22d2fb90b746574baa
amouyal:199,set_hyp5_4,343,reflexive,gp,lingering,demo_reg_query_rev_raw_none,reg,rev,raw,none,0.09156971424818039,0.9084302857518196,1,0.9605144262313843,8f9c820ed9a9def53dd15139326cc82e0cbc63b2362ebece90b684c3756d39df
amouyal:200,set_hyp5_5,344,reflexive,gp,simple,demo_reg_query_rev_raw_none,reg,rev,raw,none,0.8562560677528381,0.8562560677528381,1,0.9766790270805359,442106383580b5c3d2d340715410151f75c3dd7d64d0eaaebaf5ac82cc885958
amouyal:201,set_hyp5_5,345,reflexive,gp,lingering,demo_reg_query_rev_raw_none,reg,rev,raw,none,0.33844825625419617,0.6615517437458038,1,0.9402104616165161,257aafc3adf7c18b457be77b03455715113e9005540041fedab227df721f4a49
amouyal:202,set_hyp5_6,346,reflexive,gp,simple,demo_reg_query_rev_raw_none,reg,rev,raw,none,0.8483112454414368,0.8483112454414368,1,0.9745901823043823,8e4e1be666717641c84769de66eb468ee17d3da20d84c9bdaebefbc123e291ee
amouyal:203,set_hyp5_6,347,reflexive,gp,lingering,demo_reg_query_rev_raw_none,reg,rev,raw,none,0.9474923014640808,0.05250769853591919,0,0.9795312881469727,6136a7bbfabdf00c9d27d9fe04ebf010f790e3c77968d5bbc74a7ed64fd0dcb4
amouyal:204,set_hyp5_7,348,reflexive,gp,simple,demo_reg_query_rev_raw_none,reg,rev,raw,none,0.6857032179832458,0.6857032179832458,1,0.96358323097229,ac320d68c72995958cb8e76ba3ba769f25f48e735e03f8b202ec664ec3c8a20b
amouyal:205,set_hyp5_7,349,reflexive,gp,lingering,demo_reg_query_rev_raw_none,reg,rev,raw,none,0.45028144121170044,0.5497185587882996,1,0.9514691233634949,b183b24ea56934311727aa3c7249c1c50934d993420833ee463f1dc98fa7ca3f
amouyal:206,set_hyp5_8,350,reflexive,gp,simple,demo_reg_query_rev_raw_none,reg,rev,raw,none,0.8955889344215393,0.8955889344215393,1,0.9729210734367371,f8c10855f30d17593f7a392db4f07d35ed3ede72d98810b06456b1e1f73704df
amouyal:207,set_hyp5_8,351,reflexive,gp,lingering,demo_reg_query_rev_raw_none,reg,rev,raw,none,0.07317615300416946,0.9268238469958305,1,0.9454797506332397,df80ce7e9976bca9c9c9a0f64b77044d44aebe64ba1a3a3791321b38097f98f1
amouyal:208,set_hyp5_9,352,reflexive,gp,simple,demo_reg_query_rev_raw_none,reg,rev,raw,none,0.9654381275177002,0.9654381275177002,1,0.9885839223861694,ee4335d05d1a3cf0bc698244796fbc8dc6fb8f7f2c9384a7e0e1f80c9a198e37
amouyal:209,set_hyp5_9,353,reflexive,gp,lingering,demo_reg_query_rev_raw_none,reg,rev,raw,none,0.9282618165016174,0.07173818349838257,0,0.9923039674758911,5ea2b59086a59bdd4c0de66c0be5b1fe5af8f121e5d37498b3d24eb5698adf30
amouyal:210,set_hyp5_10,354,reflexive,gp,simple,demo_reg_query_rev_raw_none,reg,rev,raw,none,0.9284265041351318,0.9284265041351318,1,0.9828029870986938,23e4a3bd952bc8a2a7a8ad41a068b50185ae9ff465440ed80026769ab25f1e7a
amouyal:211,set_hyp5_10,355,reflexive,gp,lingering,demo_reg_query_rev_raw_none,reg,rev,raw,none,0.06485453248023987,0.9351454675197601,1,0.9645048379898071,32799ca08bf30d974f754cd0e295affd6ee58b5e8306392708b6713533ddbbee
amouyal:212,set_hyp5_11,356,reflexive,gp,simple,demo_reg_query_rev_raw_none,reg,rev,raw,none,0.4999287724494934,0.4999287724494934,0,0.9291408658027649,5b65bc3ac7872228c6ce73dd22374c35cf7a806d6b9d1b41309fd0e17e03e265
amouyal:213,set_hyp5_11,357,reflexive,gp,lingering,demo_reg_query_rev_raw_none,reg,rev,raw,none,0.11409152299165726,0.8859084770083427,1,0.9279396533966064,af67ffead1bb5b7ff1e063d474b78b4b57cb32193e6ce1c89410a45341745ae5
amouyal:214,set_hyp5_12,358,reflexive,gp,simple,demo_reg_query_rev_raw_none,reg,rev,raw,none,0.9498189091682434,0.9498189091682434,1,0.9846850037574768,770ffa9f2f5dfd0fbf59ad3cbba1647517eba35892ea6fb222d26b3cc5ae0615
amouyal:215,set_hyp5_12,359,reflexive,gp,lingering,demo_reg_query_rev_raw_none,reg,rev,raw,none,0.44324812293052673,0.5567518770694733,1,0.9562851190567017,35e3c8a0e4a4cfc478dd86f91975452371d93511c8f99d26ea7f582d57bfd4af
amouyal:216,set_hyp5_13,360,reflexive,gp,simple,demo_reg_query_rev_raw_none,reg,rev,raw,none,0.031140264123678207,0.031140264123678207,0,0.8827565312385559,0412230cf6caf8bd45c4a22b326e10c875c03b0e78717696758f3c867f608047
amouyal:217,set_hyp5_13,361,reflexive,gp,lingering,demo_reg_query_rev_raw_none,reg,rev,raw,none,0.040222860872745514,0.9597771391272545,1,0.9331331849098206,9e4d3b9d581c7b2b5518b55d171648d4628397dfcca83d344f5d97289eed7312
amouyal:218,set_hyp5_14,362,reflexive,gp,simple,demo_reg_query_rev_raw_none,reg,rev,raw,none,0.5884237289428711,0.5884237289428711,1,0.9697273373603821,1482d8f83949b1d3ee563115a13d7ca6c1a1b52a296b3b5c27b59b6f5699b246
amouyal:219,set_hyp5_14,363,reflexive,gp,lingering,demo_reg_query_rev_raw_none,reg,rev,raw,none,0.024252349510788918,0.9757476504892111,1,0.9415526390075684,8ffbddceb1b2d417d4c0d8ed251471bcea50b91814fdd9de71c53ed61ee2aec0
amouyal:220,set_hyp5_15,364,reflexive,gp,simple,demo_reg_query_rev_raw_none,reg,rev,raw,none,0.2144155651330948,0.2144155651330948,0,0.9366739392280579,1749d1412348b09fd98ccbf28ab2d0f58b531202ff44e6b9ca962988f7eb391b
amouyal:221,set_hyp5_15,365,reflexive,gp,lingering,demo_reg_query_rev_raw_none,reg,rev,raw,none,0.29996535181999207,0.7000346481800079,1,0.916717529296875,b01329696b8e5f343620adb5955883243aae9c4c902565335412079869c7a632
amouyal:222,set_hyp5_16,366,reflexive,gp,simple,demo_reg_query_rev_raw_none,reg,rev,raw,none,0.4403704106807709,0.4403704106807709,0,0.8791655898094177,e384e0658c1c566756bd09254210eeb272a165e02c5c3ff7ab672ba662cb663a
amouyal:223,set_hyp5_16,367,reflexive,gp,lingering,demo_reg_query_rev_raw_none,reg,rev,raw,none,0.4592861235141754,0.5407138764858246,1,0.8951358795166016,8fdde89c634bee28f2d59d293009ce27a97abd5519fa79229c45a7963ee6fae4
amouyal:224,set_hyp5_17,368,reflexive,gp,simple,demo_reg_query_rev_raw_none,reg,rev,raw,none,0.985000491142273,0.985000491142273,1,0.9945812225341797,ea860c38df52d0eef8f490958c106fa60432d83ce2efee54ae8ab2e5634e29e4
amouyal:225,set_hyp5_17,369,reflexive,gp,lingering,demo_reg_query_rev_raw_none,reg,rev,raw,none,0.0010510769207030535,0.998948923079297,1,0.9737110137939453,b73320881aa73e39e7dc376dc182768959fe3c1dc9e59a71f0e32a533f33c5cf
amouyal:226,set_hyp5_18,370,reflexive,gp,simple,demo_reg_query_rev_raw_none,reg,rev,raw,none,0.010923328809440136,0.010923328809440136,0,0.9593753218650818,06e3c0631f5d6726a35c0d1b4a6b399200f5ebb22a9720a6a8c5b6b2d059b390
amouyal:227,set_hyp5_18,371,reflexive,gp,lingering,demo_reg_query_rev_raw_none,reg,rev,raw,none,0.5423685908317566,0.4576314091682434,0,0.9301681518554688,32ce9bf5f1cc42d2e0976aef1fa2eec6bb6761b71d8680df06a0a94d8e9de419
amouyal:228,set_hyp5_19,372,reflexive,gp,simple,demo_reg_query_rev_raw_none,reg,rev,raw,none,0.9433855414390564,0.9433855414390564,1,0.9908629655838013,05d51b08c13d46d8805a10fe20dab1927bd7d13bfaaa8b312e28d9122b478a0d
amouyal:229,set_hyp5_19,373,reflexive,gp,lingering,demo_reg_query_rev_raw_none,reg,rev,raw,none,0.3232179880142212,0.6767820119857788,1,0.9541614055633545,5868b5399d098e390e64dc5017b2f16dee9282fc82ef48517d1867b52fef48c7
amouyal:230,set_hyp5_20,374,reflexive,gp,simple,demo_reg_query_rev_raw_none,reg,rev,raw,none,0.8006743788719177,0.8006743788719177,1,0.9732575416564941,db085ea6c59e753e220c05fc1b6a3773afb0ba9224a661324c3bb95fe296284d
amouyal:231,set_hyp5_20,375,reflexive,gp,lingering,demo_reg_query_rev_raw_none,reg,rev,raw,none,0.024507246911525726,0.9754927530884743,1,0.9119168519973755,9311bd5adf68c0db51ee32c24c1465c9df10f5088a4b715a28da41105aeb4a39
amouyal:232,set_hyp5_21,376,reflexive,gp,simple,demo_reg_query_rev_raw_none,reg,rev,raw,none,0.8744880557060242,0.8744880557060242,1,0.9876342415809631,baddbba0a05918d98e12c015047c34a6508b52a8f891455b99ec0f6904c6d671
amouyal:233,set_hyp5_21,377,reflexive,gp,lingering,demo_reg_query_rev_raw_none,reg,rev,raw,none,0.12736591696739197,0.872634083032608,1,0.9646092057228088,28f7655d4407827e28c9b2fbb9dc7768affa3ec15fc01d56169ac02caaca2a20
amouyal:234,set_hyp5_22,378,reflexive,gp,simple,demo_reg_query_rev_raw_none,reg,rev,raw,none,0.303326278924942,0.303326278924942,0,0.8591784834861755,73afe278e3197333bc344c373fe46285fe1680a97aced86488a5f85dd5b08037
amouyal:235,set_hyp5_22,379,reflexive,gp,lingering,demo_reg_query_rev_raw_none,reg,rev,raw,none,0.01580851711332798,0.984191482886672,1,0.9404324889183044,89f01c0d5e5875c73a540a6619057566d698a96b5aaf81dad3e3ffcc86c2c080
amouyal:236,set_hyp5_23,380,reflexive,gp,simple,demo_reg_query_rev_raw_none,reg,rev,raw,none,0.9307453036308289,0.9307453036308289,1,0.9855891466140747,f337156605db2d66f028e8c9335aa7b917c8b8f96c1bda8793ac82d3945d34d7
amouyal:237,set_hyp5_23,381,reflexive,gp,lingering,demo_reg_query_rev_raw_none,reg,rev,raw,none,0.042648229748010635,0.9573517702519894,1,0.9441348910331726,ce21d1da3f21c1dd1726931f7a279dc1acad988b14dd16a81a040c9e939d4776
amouyal:238,set_hyp5_24,382,reflexive,gp,simple,demo_reg_query_rev_raw_none,reg,rev,raw,none,0.9726022481918335,0.9726022481918335,1,0.9809967875480652,c6420303211b8725e08895b4d7316bf597ab33e882131dc4c994c3e7a885b9d7
amouyal:239,set_hyp5_24,383,reflexive,gp,lingering,demo_reg_query_rev_raw_none,reg,rev,raw,none,0.35642197728157043,0.6435780227184296,1,0.894899845123291,6d71e4e063c0d1c672227465d2e3bde07f4827a967e6cc1e0b408cca5f984085
amouyal:240,set_1,384,prob,gp,simple,demo_reg_query_rev_raw_none,reg,rev,raw,none,0.7596043348312378,0.7596043348312378,1,0.9556534886360168,d4b580b348c32fe23313a703e01229314904fb8786b9f28bc34a006808467f51
amouyal:241,set_1,385,prob,gp,lingering,demo_reg_query_rev_raw_none,reg,rev,raw,none,0.04289533942937851,0.9571046605706215,1,0.9519837498664856,4b332953c708ef18a8a5922c855246961e3ed3db3fb99d03b00678958e10890d
amouyal:242,set_1,388,prob,non_gp,simple,demo_reg_query_rev_raw_none,reg,rev,raw,none,0.9814459681510925,0.9814459681510925,1,0.9902458190917969,f0d22bd192cbfe6a13d9af54d25e963142d85cfec53803b17da2dcf309120326
amouyal:243,set_1,389,prob,non_gp,lingering,demo_reg_query_rev_raw_none,reg,rev,raw,none,0.8101041913032532,0.18989580869674683,0,0.9771225452423096,91f7af2fd6265c4063aa438f57c4277e0084b258445b3265b7381f6cf2c3f396
amouyal:244,set_2,392,prob,gp,simple,demo_reg_query_rev_raw_none,reg,rev,raw,none,0.98526531457901,0.98526531457901,1,0.9909694194793701,70be21ff774a05180d50388b277855655b73fc39bb0b9e2335283a531f9874c2
amouyal:245,set_2,393,prob,gp,lingering,demo_reg_query_rev_raw_none,reg,rev,raw,none,0.8888652920722961,0.11113470792770386,0,0.9566071033477783,15256bebb53d74b145360c7e9af939828e7fe96684f9d3a1e198a1ef948811ec
amouyal:246,set_2,396,prob,non_gp,simple,demo_reg_query_rev_raw_none,reg,rev,raw,none,0.9660646319389343,0.9660646319389343,1,0.983199417591095,f16a53b712be9aff94d902ce9b06877e803fbedf1d987b35bb0fe9ebf413f5eb
amouyal:247,set_2,397,prob,non_gp,lingering,demo_reg_query_rev_raw_none,reg,rev,raw,none,0.9282069802284241,0.07179301977157593,0,0.9638230800628662,093e67379789bc5f828b1ceeb83aa2652804fc48d98aba42ad0d59f1018474c2
amouyal:248,set_3,400,prob,gp,simple,demo_reg_query_rev_raw_none,reg,rev,raw,none,0.6330605149269104,0.6330605149269104,1,0.9384744167327881,79a39bbd4b16f16dae69d2696d35e2edde5cbd7b7ccb60fd13a23b8c0ab81ecc
amouyal:249,set_3,401,prob,gp,lingering,demo_reg_query_rev_raw_none,reg,rev,raw,none,0.060992203652858734,0.9390077963471413,1,0.9509207606315613,be1dbef37fe9bea670b922288578f4e2123643aeb080ee339b0cb6a78ff4675a
amouyal:250,set_3,404,prob,non_gp,simple,demo_reg_query_rev_raw_none,reg,rev,raw,none,0.9310382008552551,0.9310382008552551,1,0.9732152223587036,8af70c93134aeaf723c43867d90cf5901dbca8991cb53c12f4aa4a319888145a
amouyal:251,set_3,405,prob,non_gp,lingering,demo_reg_query_rev_raw_none,reg,rev,raw,none,0.07310841232538223,0.9268915876746178,1,0.9479030966758728,51b5c15333cabb906bc244fac6db88b6fb1bbe5d2f6ceec6eff521d1e37cf80a
amouyal:252,set_4,408,prob,gp,simple,demo_reg_query_rev_raw_none,reg,rev,raw,none,0.6782296299934387,0.6782296299934387,1,0.9420015811920166,b9a1cccbeb6d6445fb770cbdfafc91df26d5654d09e5f9f7ac4e8e2fa72a74fe
amouyal:253,set_4,409,prob,gp,lingering,demo_reg_query_rev_raw_none,reg,rev,raw,none,0.2377137541770935,0.7622862458229065,1,0.9012557864189148,557daa7c512c09db496216f15aa9829dc52471e3e9a4dc6c606b6555a3a48b05
amouyal:254,set_4,412,prob,non_gp,simple,demo_reg_query_rev_raw_none,reg,rev,raw,none,0.4723668396472931,0.4723668396472931,0,0.9555830955505371,add76dbce0be4b8976f774a7be565cbe925876982f354a8eece8d3c2cddb3d8d
amouyal:255,set_4,413,prob,non_gp,lingering,demo_reg_query_rev_raw_none,reg,rev,raw,none,0.3002299964427948,0.6997700035572052,1,0.9299061298370361,97f5952a2dc5bee94216e2973c162682b5c73cecaee5d214d4d47fffe31f415e
amouyal:256,set_5,416,prob,gp,simple,demo_reg_query_rev_raw_none,reg,rev,raw,none,0.5797101855278015,0.5797101855278015,1,0.9307710528373718,ff399007fbf5ce1a826f6d9a12c40cdd3cdac3a89aabe2ff90dd2e1ef4c8ffbd
amouyal:257,set_5,417,prob,gp,lingering,demo_reg_query_rev_raw_none,reg,rev,raw,none,0.009564834646880627,0.9904351653531194,1,0.9548801183700562,6415df089378d6bc2c3bceeb326556e08ca5ca858804594addb3dc1171146004
amouyal:258,set_5,420,prob,non_gp,simple,demo_reg_query_rev_raw_none,reg,rev,raw,none,0.9508364200592041,0.9508364200592041,1,0.9861119389533997,9f4d66e7e4e83f7452a2a0223e42cf4cc12f44e04001f419c0b7356eb0472887
amouyal:259,set_5,421,prob,non_gp,lingering,demo_reg_query_rev_raw_none,reg,rev,raw,none,0.6329799890518188,0.36702001094818115,0,0.9653695225715637,d868a25c5cbdabc862e415b8ab01dca747336a7c217ca1c667994fb72ceb6576
amouyal:260,set_6,424,prob,gp,simple,demo_reg_query_rev_raw_none,reg,rev,raw,none,0.39297062158584595,0.39297062158584595,0,0.8769048452377319,6585f5b719b055b558b231b0bd26ca6f88968733992851f3feab565ddf34181e
amouyal:261,set_6,425,prob,gp,lingering,demo_reg_query_rev_raw_none,reg,rev,raw,none,0.11587310582399368,0.8841268941760063,1,0.8838066458702087,f7e0c8e94f926faa1301e12cf41543afe138b1ef49f6a14fb5ae3a9def5c940a
amouyal:262,set_6,428,prob,non_gp,simple,demo_reg_query_rev_raw_none,reg,rev,raw,none,0.9950850009918213,0.9950850009918213,1,0.9922550320625305,54acd078bef317816c5640744596a16e9347e8e92c53a14373e7d3b4bfdd462f
amouyal:263,set_6,429,prob,non_gp,lingering,demo_reg_query_rev_raw_none,reg,rev,raw,none,0.8872581720352173,0.11274182796478271,0,0.984218418598175,8a708a511c2f337f9ef244a3ab3ecc4f14a48e705841608dcfa20605c77d25a1
amouyal:264,set_7,432,prob,gp,simple,demo_reg_query_rev_raw_none,reg,rev,raw,none,0.2919323742389679,0.2919323742389679,0,0.916966438293457,f70aa6bc1f66bd5e7ed11ccfb966ead731fb357417735c04590b4a0223324be9
amouyal:265,set_7,433,prob,gp,lingering,demo_reg_query_rev_raw_none,reg,rev,raw,none,0.20728036761283875,0.7927196323871613,1,0.9284338355064392,48842afa6463ad4711b98a99f4f00749147b1390bb319a539e88dad05887c6e5
amouyal:266,set_7,436,prob,non_gp,simple,demo_reg_query_rev_raw_none,reg,rev,raw,none,0.9292013645172119,0.9292013645172119,1,0.9731894731521606,fa1323ce1a2022e0e546ac960859bcb9f758844cc6772fed7774b9949c01dbe0
amouyal:267,set_7,437,prob,non_gp,lingering,demo_reg_query_rev_raw_none,reg,rev,raw,none,0.8342806100845337,0.1657193899154663,0,0.9609591960906982,d429bd2d2cec11e6e043fbe4abb469820d3c4961d07520f887bfee8527a625ac
amouyal:268,set_8,440,prob,gp,simple,demo_reg_query_rev_raw_none,reg,rev,raw,none,0.8645249009132385,0.8645249009132385,1,0.9703999161720276,83ce387b9364f2b83360a74e4213c18382cf4fe8c3e7a07682df483c7f17a17c
amouyal:269,set_8,441,prob,gp,lingering,demo_reg_query_rev_raw_none,reg,rev,raw,none,0.08642565459012985,0.9135743454098701,1,0.9266581535339355,f927c28ae7e95842a40d4c549213f4b3ec57bdc3c9984977cb5e9c06ccc53dc6
amouyal:270,set_8,444,prob,non_gp,simple,demo_reg_query_rev_raw_none,reg,rev,raw,none,0.9982041120529175,0.9982041120529175,1,0.9957912564277649,2c58c836348c2f089efa1c92504d10308b6765f0a2df7370d217ec0977627b23
amouyal:271,set_8,445,prob,non_gp,lingering,demo_reg_query_rev_raw_none,reg,rev,raw,none,0.13589386641979218,0.8641061335802078,1,0.9515031576156616,3f24d358d63bba8883b183242c1effda8ca58da2d694a100057912265156c463
amouyal:272,set_9,448,prob,gp,simple,demo_reg_query_rev_raw_none,reg,rev,raw,none,0.5535749197006226,0.5535749197006226,1,0.9557144641876221,5d39c5574b2376acbb4b66328d7dd70e1b200c411b0953bf5d8a93ea89cbacbb
amouyal:273,set_9,449,prob,gp,lingering,demo_reg_query_rev_raw_none,reg,rev,raw,none,0.2663027346134186,0.7336972653865814,1,0.9254065752029419,18e03640f0c3e9cbbb14dada4e242422751e01f37bf6b782645858159f2c7cae
amouyal:274,set_9,452,prob,non_gp,simple,demo_reg_query_rev_raw_none,reg,rev,raw,none,0.9672970771789551,0.9672970771789551,1,0.9863385558128357,d6e26a336071ca30f35473f770bef594b0adca16d178fafb6409f41787f96322
amouyal:275,set_9,453,prob,non_gp,lingering,demo_reg_query_rev_raw_none,reg,rev,raw,none,0.7299522161483765,0.27004778385162354,0,0.9554765820503235,29cb3cd920dae65935de2d05f083f627cbaa52ba54ee3ad4a39b02282320e228
amouyal:0,set_10,0,prob,gp,simple,demo_reg_query_rev_raw_assertion,reg,rev,raw,assertion,0.023255854845046997,0.023255854845046997,0,0.9227511286735535,1b8c6fc59f2a5c46b4d6edb9fd900d3f39131e9caa7746c76367e3fefcde256f
amouyal:1,set_10,1,prob,gp,lingering,demo_reg_query_rev_raw_assertion,reg,rev,raw,assertion,0.6562432050704956,0.3437567949295044,0,0.9267197251319885,0b89ee8d77559e14ac04a2e268bcc977448acc93e0ccedd712a15b63e01101da
amouyal:2,set_10,4,prob,non_gp,simple,demo_reg_query_rev_raw_assertion,reg,rev,raw,assertion,0.0925806537270546,0.0925806537270546,0,0.9015130996704102,703d02f08daf18043172f1e49b795c15529b13a48069abed7abd3403d1744cb4
amouyal:3,set_10,5,prob,non_gp,lingering,demo_reg_query_rev_raw_assertion,reg,rev,raw,assertion,0.053196847438812256,0.9468031525611877,1,0.9068015813827515,80ec3fbe5b98883dafb44517ebe401a78122e01ca66dc391457a4e189ca639e3
amouyal:4,set_11,8,prob,gp,simple,demo_reg_query_rev_raw_assertion,reg,rev,raw,assertion,0.9569048285484314,0.9569048285484314,1,0.975549042224884,2d69b2f15ade4ba00beaa113e9a35e34c891bd2c175ef8c5ae8b220e1f1447af
amouyal:5,set_11,9,prob,gp,lingering,demo_reg_query_rev_raw_assertion,reg,rev,raw,assertion,0.9675277471542358,0.03247225284576416,0,0.9842970967292786,186f55ec912516be1bd6dc497bd10333e5154e8ef3fb29ec2ad7d764f246e1ed
amouyal:6,set_11,12,prob,non_gp,simple,demo_reg_query_rev_raw_assertion,reg,rev,raw,assertion,0.9507890343666077,0.9507890343666077,1,0.9581687450408936,401f0e360f10058507f862b829a87a35ba444c0cb67e21448805c4c53cf332c5
amouyal:7,set_11,13,prob,non_gp,lingering,demo_reg_query_rev_raw_assertion,reg,rev,raw,assertion,0.8323104381561279,0.16768956184387207,0,0.9385509490966797,bc21321795dac2da38a24332f8a18cd54909b0eb91ccda2d39358ada9a9ed64c
amouyal:8,set_12,16,prob,gp,simple,demo_reg_query_rev_raw_assertion,reg,rev,raw,assertion,0.4644533097743988,0.4644533097743988,0,0.9294739365577698,1e42882bf348d5fbe2ff909d4bab069b5503d817f7a5997cc343ccab32c92278
amouyal:9,set_12,17,prob,gp,lingering,demo_reg_query_rev_raw_assertion,reg,rev,raw,assertion,0.9331531524658203,0.06684684753417969,0,0.9775489568710327,bbdcf3c80318b6c60d88d716a0f81157012413449f33b6e35da21662f7a3f683
amouyal:10,set_12,20,prob,non_gp,simple,demo_reg_query_rev_raw_assertion,reg,rev,raw,assertion,0.9982526898384094,0.9982526898384094,1,0.9942815899848938,a9a23723bc4130f1be91aa28acbd9db49b38d00ae04cea3d9528a44e9ec65d06
amouyal:11,set_12,21,prob,non_gp,lingering,demo_reg_query_rev_raw_assertion,reg,rev,raw,assertion,0.9987325072288513,0.0012674927711486816,0,0.9937179684638977,7ab392713ca441e04cbe30bd33b45ad4edd09d0396f53f148621ddd46ffd9732
amouyal:12,set_13,24,prob,gp,simple,demo_reg_query_rev_raw_assertion,reg,rev,raw,assertion,0.1551460325717926,0.1551460325717926,0,0.9049762487411499,ae4e72a3734194b369919e216daada42913205e4da2fcd79c2b8c64837465578
amouyal:13,set_13,25,prob,gp,lingering,demo_reg_query_rev_raw_assertion,reg,rev,raw,assertion,0.010171973146498203,0.9898280268535018,1,0.9292027354240417,027913ea1e5ecf636beefdd4b45c297bf4b710c034a14c8cfc01f052027537aa
amouyal:14,set_13,28,prob,non_gp,simple,demo_reg_query_rev_raw_assertion,reg,rev,raw,assertion,0.98085618019104,0.98085618019104,1,0.9855290055274963,7013ee66b2b3c4797d3ef72350f150ee9940d3588ddcce466bfa3a3bde953cf2
amouyal:15,set_13,29,prob,non_gp,lingering,demo_reg_query_rev_raw_assertion,reg,rev,raw,assertion,0.08245774358510971,0.9175422564148903,1,0.9109624624252319,c9846a262494d3379b657bd59c5e88bc286a03466cd694056d3af470deebd9c7
amouyal:16,set_14,32,prob,gp,simple,demo_reg_query_rev_raw_assertion,reg,rev,raw,assertion,0.008472137153148651,0.008472137153148651,0,0.9440117478370667,d8d136d8f786fcee6a744ffe93bc9902c5cf9301389c64546a5393340c2b880e
amouyal:17,set_14,33,prob,gp,lingering,demo_reg_query_rev_raw_assertion,reg,rev,raw,assertion,0.49158138036727905,0.508418619632721,1,0.9233084321022034,4f2eedb235e0d4977cc56bfadd8ccbb8e86e3447149d7809e541cc9ec0cbe144
amouyal:18,set_14,36,prob,non_gp,simple,demo_reg_query_rev_raw_assertion,reg,rev,raw,assertion,0.009033147245645523,0.009033147245645523,0,0.9266713857650757,84f1a60e5761497b5614c348bb048a149ceba914bdb72075411f61b07e0e2ef1
amouyal:19,set_14,37,prob,non_gp,lingering,demo_reg_query_rev_raw_assertion,reg,rev,raw,assertion,0.006136828102171421,0.9938631718978286,1,0.9445868134498596,5f61e905c1ab1b27a1260381f4c9f67f2391668d69c2b17034eae15f91be8a0a
amouyal:20,set_15,40,prob,gp,simple,demo_reg_query_rev_raw_assertion,reg,rev,raw,assertion,0.9885123372077942,0.9885123372077942,1,0.9902631640434265,8816bff71d178bb5d54c4c5c743222964660328bbd7611a52e7e02edc4336d5d
amouyal:21,set_15,41,prob,gp,lingering,demo_reg_query_rev_raw_assertion,reg,rev,raw,assertion,0.9749480485916138,0.02505195140838623,0,0.9907995462417603,70288dae15188220075422f21a7bc225d91a0e6c5c93e8a2a2f0dc498d7a6c75
amouyal:22,set_15,44,prob,non_gp,simple,demo_reg_query_rev_raw_assertion,reg,rev,raw,assertion,0.999812126159668,0.999812126159668,1,0.9967050552368164,ed7a0830d5de9e66cee2b87b71f11b280a73b9b516785cd3bf89523a7406508c
amouyal:23,set_15,45,prob,non_gp,lingering,demo_reg_query_rev_raw_assertion,reg,rev,raw,assertion,0.9672687649726868,0.03273123502731323,0,0.9875250458717346,0d3f38a22b13e9625dc10d0863b8c7ed104fa568b788b15d6f3653abc21771d3
amouyal:24,set_16,48,prob,gp,simple,demo_reg_query_rev_raw_assertion,reg,rev,raw,assertion,0.5429248809814453,0.5429248809814453,1,0.9372968673706055,4b8f79d91e5d8d0e2cd73a3d80f65f475899e5de881c8d40ede7b8ca79d546c5
amouyal:25,set_16,49,prob,gp,lingering,demo_reg_query_rev_raw_assertion,reg,rev,raw,assertion,0.6171762347221375,0.38282376527786255,0,0.9415171146392822,e938f829dea3f9226c83fe2f4eaa08201bdcea5fededcd793a7bfc954cf940e6
amouyal:26,set_16,52,prob,non_gp,simple,demo_reg_query_rev_raw_assertion,reg,rev,raw,assertion,0.9992754459381104,0.9992754459381104,1,0.9961955547332764,5f1df0dbcef8d784b291514cf3bb22a3fb690301ad9c2acd26bd03b50ec2da59
amouyal:27,set_16,53,prob,non_gp,lingering,demo_reg_query_rev_raw_assertion,reg,rev,raw,assertion,0.9985213875770569,0.0014786124229431152,0,0.9957834482192993,38d3916c3584ec1aa4e6f5ef9028796e58b0c7437c34e724d1090df17b77db87
amouyal:28,set_17,56,prob,gp,simple,demo_reg_query_rev_raw_assertion,reg,rev,raw,assertion,0.7451896667480469,0.7451896667480469,1,0.9684288501739502,f07e33df42577afd4a22bec2e345c2f47b2b93ae6510c4ea270848462f499145
amouyal:29,set_17,57,prob,gp,lingering,demo_reg_query_rev_raw_assertion,reg,rev,raw,assertion,0.9237475395202637,0.07625246047973633,0,0.9871740341186523,035d0e1b0dfcdd646f5ba6c619e83b1d1095dfba916a4a88e74eb99616e1fa32
amouyal:30,set_17,60,prob,non_gp,simple,demo_reg_query_rev_raw_assertion,reg,rev,raw,assertion,0.9990238547325134,0.9990238547325134,1,0.9971411824226379,b74431eb362181c7256fb5a66377f44cabdbd5d545883ed016f234e0dca89824
amouyal:31,set_17,61,prob,non_gp,lingering,demo_reg_query_rev_raw_assertion,reg,rev,raw,assertion,0.013709385879337788,0.9862906141206622,1,0.9497218132019043,710c10e0dc53769ca028a0d56a286a9a29a65e6cd4061a25e9defb7edf878592
amouyal:32,set_18,64,prob,gp,simple,demo_reg_query_rev_raw_assertion,reg,rev,raw,assertion,0.5177600979804993,0.5177600979804993,1,0.9669009447097778,d390d83a77bee6e178dc9e7931a066355513961c95b03c5682fc84c83deccd49
amouyal:33,set_18,65,prob,gp,lingering,demo_reg_query_rev_raw_assertion,reg,rev,raw,assertion,0.14560607075691223,0.8543939292430878,1,0.9426220655441284,b696e2759bbef4b6fc1ce1f2951e14db5acd6505bfd3262ba17dd76679aaad0d
amouyal:34,set_18,68,prob,non_gp,simple,demo_reg_query_rev_raw_assertion,reg,rev,raw,assertion,0.298699289560318,0.298699289560318,0,0.9067575931549072,71085ad6d7720a513da04e0c98ea82bdc1577760b221e245f7f70fc621ac75ec
amouyal:35,set_18,69,prob,non_gp,lingering,demo_reg_query_rev_raw_assertion,reg,rev,raw,assertion,0.9689059257507324,0.031094074249267578,0,0.9896507859230042,c0f24c1517f9803d1deaa08386676d2079a3e7a5e3dc53ce65dfb49d836cbffc
amouyal:36,set_19,72,prob,gp,simple,demo_reg_query_rev_raw_assertion,reg,rev,raw,assertion,0.9869153499603271,0.9869153499603271,1,0.994483232498169,c1010d3ed88023ac08680313cebc11711b1b986008806edb522fda26abd17a2a
amouyal:37,set_19,73,prob,gp,lingering,demo_reg_query_rev_raw_assertion,reg,rev,raw,assertion,0.5252808332443237,0.47471916675567627,0,0.9554697275161743,ab1641da7a37d8eec446eb36236b1c11d1411d8328f237ebfea9a3612f9187b1
amouyal:38,set_19,76,prob,non_gp,simple,demo_reg_query_rev_raw_assertion,reg,rev,raw,assertion,0.9990831017494202,0.9990831017494202,1,0.9975825548171997,83975a07b19054fb4ae456e35fd4ea13ab33278290003f1512f6b2799508236a
amouyal:39,set_19,77,prob,non_gp,lingering,demo_reg_query_rev_raw_assertion,reg,rev,raw,assertion,0.999271035194397,0.0007289648056030273,0,0.9959172010421753,68fbca58bb90e0a058253709465bd03336fafafe1ee99767f761686237efc0b4
amouyal:40,set_20,80,prob,gp,simple,demo_reg_query_rev_raw_assertion,reg,rev,raw,assertion,0.09122885763645172,0.09122885763645172,0,0.9083112478256226,c3637a15b658e2626c96774ecf6e994ee59c236a98bd077ff8ae58610d757f66
amouyal:41,set_20,81,prob,gp,lingering,demo_reg_query_rev_raw_assertion,reg,rev,raw,assertion,0.03508654609322548,0.9649134539067745,1,0.9182860255241394,06526292d07be3419968d99fa5c1d0a23dab262f06499bd49e61c78b3b6243a2
amouyal:42,set_20,84,prob,non_gp,simple,demo_reg_query_rev_raw_assertion,reg,rev,raw,assertion,0.9986571669578552,0.9986571669578552,1,0.9963157773017883,38742994dcc42e0b7c4e45cceec4c863201f7d9d857af22cca65ea7a8d8e41ab
amouyal:43,set_20,85,prob,non_gp,lingering,demo_reg_query_rev_raw_assertion,reg,rev,raw,assertion,0.02967887930572033,0.9703211206942797,1,0.9428179264068604,09ae89df12b4b9f0a8c0631188469623974a72e977d8d31f0473aa22ba3a428a
amouyal:44,set_21,88,prob,gp,simple,demo_reg_query_rev_raw_assertion,reg,rev,raw,assertion,0.13213315606117249,0.13213315606117249,0,0.929084300994873,39c7a7205523f3176061020db4517af595d599f8f2604286b4326bd420e98e88
amouyal:45,set_21,89,prob,gp,lingering,demo_reg_query_rev_raw_assertion,reg,rev,raw,assertion,0.005848641041666269,0.9941513589583337,1,0.9882274866104126,0d4de8d0e7a688779dd86b09a37e4d7aa0c9b45637b23f92a0a7c5437e3d7f4f
amouyal:46,set_21,92,prob,non_gp,simple,demo_reg_query_rev_raw_assertion,reg,rev,raw,assertion,0.9954013824462891,0.9954013824462891,1,0.9931439161300659,7b377df12f61bae1833de5baeb583a9a9f5b8c5871981fbd1bbcb20a54c0de8b
amouyal:47,set_21,93,prob,non_gp,lingering,demo_reg_query_rev_raw_assertion,reg,rev,raw,assertion,0.9901381731033325,0.00986182689666748,0,0.9977841973304749,e47d736ad34e6f82d502880228e8a112740f83ffe391b23dc19f1e1847ae407c
amouyal:48,set_22,96,prob,gp,simple,demo_reg_query_rev_raw_assertion,reg,rev,raw,assertion,0.9947536587715149,0.9947536587715149,1,0.9960540533065796,c6066eb250ba53d5e573311f47ae0207f9be248df917c6241682db983afe5d2b
amouyal:49,set_22,97,prob,gp,lingering,demo_reg_query_rev_raw_assertion,reg,rev,raw,assertion,0.8934170603752136,0.10658293962478638,0,0.9802766442298889,fdb1edc3bcecff46926f1c351b141b9ffeb3f56bc8ff5f798c672eda768c040f
amouyal:50,set_22,100,prob,non_gp,simple,demo_reg_query_rev_raw_assertion,reg,rev,raw,assertion,0.9966142773628235,0.9966142773628235,1,0.9958036541938782,6261e5636ef30807caea6913902df707745cb28c1197a2943de90a58e787e7ec
amouyal:51,set_22,101,prob,non_gp,lingering,demo_reg_query_rev_raw_assertion,reg,rev,raw,assertion,0.22899816930294037,0.7710018306970596,1,0.949500322341919,daead8575437812902e299ebd0c2338bdb22fb8354c87fe3a8f160e23d6badd6
amouyal:52,set_23,104,prob,gp,simple,demo_reg_query_rev_raw_assertion,reg,rev,raw,assertion,0.31378427147865295,0.31378427147865295,0,0.9146957397460938,7627228d111ba6be64fa8462e53c2d7365fa0eceab90c9fedb2ca1c17de96c8b
amouyal:53,set_23,105,prob,gp,lingering,demo_reg_query_rev_raw_assertion,reg,rev,raw,assertion,0.46414899826049805,0.535851001739502,1,0.9360462427139282,d279287ff50243ac0c1832e8b9adac8b7386c08246f63ce6fdedff575eb72cdf
amouyal:54,set_23,108,prob,non_gp,simple,demo_reg_query_rev_raw_assertion,reg,rev,raw,assertion,0.9989034533500671,0.9989034533500671,1,0.9967286586761475,1dbe24c3d3cc57c22f075aafdaaeb367265c9b3a7c95dbf0b4016907d5b596a9
amouyal:55,set_23,109,prob,non_gp,lingering,demo_reg_query_rev_raw_assertion,reg,rev,raw,assertion,0.9883261322975159,0.01167386770248413,0,0.9906207919120789,0e6188541814dff728a52bc45fea099fe7a3d3bb14747a8ab46e9acbc80e1722
amouyal:56,set_24,112,prob,gp,simple,demo_reg_query_rev_raw_assertion,reg,rev,raw,assertion,0.6864212155342102,0.6864212155342102,1,0.9522254467010498,dbadbf4c7692cc02ca78bf1acba662ee0ba30ab43da86b7cc80a5180e7055c5b
amouyal:57,set_24,113,prob,gp,lingering,demo_reg_query_rev_raw_assertion,reg,rev,raw,assertion,0.013149269856512547,0.9868507301434875,1,0.9381824731826782,a8c1de0b1d5b1df3391eba0c90c391d1e54d1e9957361828c1189359061c53fe
amouyal:58,set_24,116,prob,non_gp,simple,demo_reg_query_rev_raw_assertion,reg,rev,raw,assertion,0.9698627591133118,0.9698627591133118,1,0.9879598617553711,f14dfc92b6579e618699cff4d99b441e4ffdc666b768b9f5a33bf1e8db8d7fec
amouyal:59,set_24,117,prob,non_gp,lingering,demo_reg_query_rev_raw_assertion,reg,rev,raw,assertion,0.008236897177994251,0.9917631028220057,1,0.9541299939155579,32a6c5fd81ef62712b57800a2410f535f4ef97ed0baab4ddb93158a45fbee548
amouyal:60,set_25,120,prob,gp,simple,demo_reg_query_rev_raw_assertion,reg,rev,raw,assertion,0.9815511703491211,0.9815511703491211,1,0.9907480478286743,c8820e152a52d23263b022f895e240ec6a160127c882f0e885a9f7bb46f0662d
amouyal:61,set_25,121,prob,gp,lingering,demo_reg_query_rev_raw_assertion,reg,rev,raw,assertion,0.4456992447376251,0.5543007552623749,1,0.9364268779754639,6ea05bb2972c9b80e2536066d9b2e191f142f2b55a345458d0b56a16a791746e
amouyal:62,set_25,124,prob,non_gp,simple,demo_reg_query_rev_raw_assertion,reg,rev,raw,assertion,0.9838576912879944,0.9838576912879944,1,0.9899635314941406,d5ad44d4ba97d1efa834f2b247d7ab60b393c2993f55194e27fc9cbead9f1233
amouyal:63,set_25,125,prob,non_gp,lingering,demo_reg_query_rev_raw_assertion,reg,rev,raw,assertion,0.9797298312187195,0.020270168781280518,0,0.9820166826248169,c91eab7087f4543d78f632d7fb7955010387a09b18f16ccca1ac964a6c606f17
amouyal:64,set_26,128,prob,gp,simple,demo_reg_query_rev_raw_assertion,reg,rev,raw,assertion,0.7797966599464417,0.7797966599464417,1,0.9692736864089966,c887ded9fa83c9392f66e90275b1569235f47524780a4f5671501e720afc31aa
amouyal:65,set_26,129,prob,gp,lingering,demo_reg_query_rev_raw_assertion,reg,rev,raw,assertion,0.005822549574077129,0.9941774504259229,1,0.943579375743866,40bcbadcdc8dda9f4ec28634a5b2cb4c3dc53840d4ebbd97b9e69f677fc8fbd1
amouyal:66,set_26,132,prob,non_gp,simple,demo_reg_query_rev_raw_assertion,reg,rev,raw,assertion,0.981929361820221,0.981929361820221,1,0.9876072406768799,f5e83ad20d486e6c7e4ae8c3694feb51d9506e6b1b722efbcb7290b7d2368a5f
amouyal:67,set_26,133,prob,non_gp,lingering,demo_reg_query_rev_raw_assertion,reg,rev,raw,assertion,0.9659152030944824,0.03408479690551758,0,0.9894095063209534,d3062347455c0064d4b4640677396b49b0b81d3439dc4c6bd99409ba31a1aff6
amouyal:68,set_27,136,prob,gp,simple,demo_reg_query_rev_raw_assertion,reg,rev,raw,assertion,0.9590134024620056,0.9590134024620056,1,0.9801541566848755,4c1654c50064c5e82e8f4e9dc3aeff7bc3dbb7c4a67a69ff45e264c2be50e66d
amouyal:69,set_27,137,prob,gp,lingering,demo_reg_query_rev_raw_assertion,reg,rev,raw,assertion,0.8271318674087524,0.17286813259124756,0,0.9559946060180664,a568f417c3a892ce5fe6dc6e0dce146159fb1daeb081646ada1d7af3e2b8c083
amouyal:70,set_27,140,prob,non_gp,simple,demo_reg_query_rev_raw_assertion,reg,rev,raw,assertion,0.9930055141448975,0.9930055141448975,1,0.9923890233039856,ba62164b11e672b18fd7b26aa1a3d567036d80c6cdc1b4f1a7d39dac111eb2d1
amouyal:71,set_27,141,prob,non_gp,lingering,demo_reg_query_rev_raw_assertion,reg,rev,raw,assertion,0.9722179770469666,0.027782022953033447,0,0.9815637469291687,6fb06a8141c1f14e1448f87ae30a40ffdd67ba53946e0027fa4a4b686baefbf0
amouyal:72,set_28,144,prob,gp,simple,demo_reg_query_rev_raw_assertion,reg,rev,raw,assertion,0.13204793632030487,0.13204793632030487,0,0.9206645488739014,f2f51792ba184a3442d6404b83bffd3886cbf00fe485e0417ffd6ffe67fcd555
amouyal:73,set_28,145,prob,gp,lingering,demo_reg_query_rev_raw_assertion,reg,rev,raw,assertion,0.02065296471118927,0.9793470352888107,1,0.9279941916465759,3620468a5601bcb3777975bc538311cf0f5849a364fc5b7567c5f69f400139fa
amouyal:74,set_28,148,prob,non_gp,simple,demo_reg_query_rev_raw_assertion,reg,rev,raw,assertion,0.9859523773193359,0.9859523773193359,1,0.9910629987716675,773575e95af84feda4f8889e7f1b175b82f03945fae2d917244275829ae5b72f
amouyal:75,set_28,149,prob,non_gp,lingering,demo_reg_query_rev_raw_assertion,reg,rev,raw,assertion,0.997776210308075,0.002223789691925049,0,0.9967841506004333,0d0b702cdab56d3cff8117273bb10783bd3fae394c0e9ea4a6bb5f5bfd5e3dd8
amouyal:76,set_29,152,prob,gp,simple,demo_reg_query_rev_raw_assertion,reg,rev,raw,assertion,0.9906522631645203,0.9906522631645203,1,0.9910478591918945,b0e8416e0502aa44308be1cb1a5b2f4dfc174c65d1c325cfe6a46dd7842dc42f
amouyal:77,set_29,153,prob,gp,lingering,demo_reg_query_rev_raw_assertion,reg,rev,raw,assertion,0.6945739984512329,0.3054260015487671,0,0.962334394454956,e49b46ff442d35a67502e3f36ff5915ea6a1f666d5dd3e64524119614ee1d6f8
amouyal:78,set_29,156,prob,non_gp,simple,demo_reg_query_rev_raw_assertion,reg,rev,raw,assertion,0.9984589219093323,0.9984589219093323,1,0.9944005012512207,8d0c11b14a868faa67a5d02b21e6abaf62d9bb5509f381e334fc93db974fef2f
amouyal:79,set_29,157,prob,non_gp,lingering,demo_reg_query_rev_raw_assertion,reg,rev,raw,assertion,0.7502520680427551,0.24974793195724487,0,0.9532086849212646,a730e62a6bd186b0e847aca555baa0dd5af70c061bec2805c841c5b6a666fc7f
amouyal:80,set_30,160,prob,gp,simple,demo_reg_query_rev_raw_assertion,reg,rev,raw,assertion,0.9971621632575989,0.9971621632575989,1,0.9957905411720276,a286b27aaf4efda6c34a97072b6f9d208a6b263f1d01e5ba6267513340f89c9c
amouyal:81,set_30,161,prob,gp,lingering,demo_reg_query_rev_raw_assertion,reg,rev,raw,assertion,0.5898147821426392,0.41018521785736084,0,0.887427568435669,b2109e22d2a69fea4905d1f6fdd9e213025555fc4e617dfeac0f3db424f6c77c
amouyal:82,set_30,164,prob,non_gp,simple,demo_reg_query_rev_raw_assertion,reg,rev,raw,assertion,0.999636709690094,0.999636709690094,1,0.996894121170044,e519c8c29ccbcd41ca4428af306e7f7f8acbaf0b24e6a26883b4b068ae843b38
amouyal:83,set_30,165,prob,non_gp,lingering,demo_reg_query_rev_raw_assertion,reg,rev,raw,assertion,0.9925702214241028,0.007429778575897217,0,0.9860562086105347,dfced7af7289f47fb4e5d4caf7f5af47961bdf553d8a4c8c9aab043ae78008c5
amouyal:84,set_31,168,prob,gp,simple,demo_reg_query_rev_raw_assertion,reg,rev,raw,assertion,0.2937897741794586,0.2937897741794586,0,0.9310557246208191,6334e7b286c2cbddbbc73fbb8a5bd880f4d47666d66ad8ff494747b48905f8ba
amouyal:85,set_31,169,prob,gp,lingering,demo_reg_query_rev_raw_assertion,reg,rev,raw,assertion,0.020430680364370346,0.9795693196356297,1,0.945046067237854,126d9be479d9a23370eadc882466d0cd35868a5bb34c0b90dbccd36aeb39a46b
amouyal:86,set_31,172,prob,non_gp,simple,demo_reg_query_rev_raw_assertion,reg,rev,raw,assertion,0.9948150515556335,0.9948150515556335,1,0.9954230189323425,4fc6981c69743c2e51d17fc8ac27934538abf8ecf6c5f5be705b159fe50e47f9
amouyal:87,set_31,173,prob,non_gp,lingering,demo_reg_query_rev_raw_assertion,reg,rev,raw,assertion,0.960087239742279,0.03991276025772095,0,0.9840573072433472,bd22d8514347886cad407e747cee56cbf0f5451fb2be7d48631f4478fd006dbd
amouyal:88,set_32,176,prob,gp,simple,demo_reg_query_rev_raw_assertion,reg,rev,raw,assertion,0.8235011696815491,0.8235011696815491,1,0.9769618511199951,b8bcd2069ba3b104bf136c6a5f6e260ae12a25a1185e00c77051aec3c3fa75a4
amouyal:89,set_32,177,prob,gp,lingering,demo_reg_query_rev_raw_assertion,reg,rev,raw,assertion,0.009833501651883125,0.9901664983481169,1,0.9456268548965454,b69b7e3e5454aa1533ddc99de536fe9ce6b9c9a4f989372b1cf026212a4daf73
amouyal:90,set_32,180,prob,non_gp,simple,demo_reg_query_rev_raw_assertion,reg,rev,raw,assertion,0.9983464479446411,0.9983464479446411,1,0.9966874122619629,ec660452a6cf2611796203b8075ac38d0fc79736207c6555fed7b2f4b07580b0
amouyal:91,set_32,181,prob,non_gp,lingering,demo_reg_query_rev_raw_assertion,reg,rev,raw,assertion,0.9243195056915283,0.07568049430847168,0,0.9801715016365051,e465704bc146b59b883313c60f32d4e4d02e6cd4895ba9a1687b21dbe3764a9d
amouyal:92,set_33,184,prob,gp,simple,demo_reg_query_rev_raw_assertion,reg,rev,raw,assertion,0.030980631709098816,0.030980631709098816,0,0.9085171222686768,26cf4430cdd4af496787fd9ca041cbc7017825a6b35ab3ce8ed56014d7c1785f
amouyal:93,set_33,185,prob,gp,lingering,demo_reg_query_rev_raw_assertion,reg,rev,raw,assertion,0.015058071352541447,0.9849419286474586,1,0.9274805784225464,0ce65da6216bfc8f7abb2dd832227a40311eb7e24e6e6a305b0931053eeb9cd3
amouyal:94,set_33,188,prob,non_gp,simple,demo_reg_query_rev_raw_assertion,reg,rev,raw,assertion,0.9979063272476196,0.9979063272476196,1,0.9951202869415283,706f34179dc6209f3d2ad3a3d35ca6fa71656cff16fe818caa857cb14a60f647
amouyal:95,set_33,189,prob,non_gp,lingering,demo_reg_query_rev_raw_assertion,reg,rev,raw,assertion,0.9461301565170288,0.05386984348297119,0,0.9612981081008911,457bd54eca937ae00211892df64287ac2501a418d76a2a03ac169fb849dee52f
amouyal:96,set_34,192,prob,gp,simple,demo_reg_query_rev_raw_assertion,reg,rev,raw,assertion,0.9927140474319458,0.9927140474319458,1,0.9963062405586243,f97894b0dbeddf0aec3403d428c0a55ac92e1d36da372ba4a10a03e4304cead4
amouyal:97,set_34,193,prob,gp,lingering,demo_reg_query_rev_raw_assertion,reg,rev,raw,assertion,0.011874854564666748,0.9881251454353333,1,0.9595146179199219,e1322f1ef35a4fbaeea5c5f82c93b7150275a47e456f8fedf239633ec56ad217
amouyal:98,set_34,196,prob,non_gp,simple,demo_reg_query_rev_raw_assertion,reg,rev,raw,assertion,0.9995545148849487,0.9995545148849487,1,0.9979310631752014,657d6f1577b6e9b5b95f56f50d348fabe6bd562b72789cefb556d1de03d1ad77
amouyal:99,set_34,197,prob,non_gp,lingering,demo_reg_query_rev_raw_assertion,reg,rev,raw,assertion,0.8809238076210022,0.1190761923789978,0,0.9755620956420898,f9e807482d3b83ad371bc888ca5ed20e152b026b96dccbc48492c3551ada1b96
amouyal:100,set_35,200,prob,gp,simple,demo_reg_query_rev_raw_assertion,reg,rev,raw,assertion,0.09253286570310593,0.09253286570310593,0,0.8872694969177246,cf3ce33c29332938012e0e6c5ee6f369506c04864d8eb9f67e9a2f6ea96e48b4
amouyal:101,set_35,201,prob,gp,lingering,demo_reg_query_rev_raw_assertion,reg,rev,raw,assertion,0.21479806303977966,0.7852019369602203,1,0.8806085586547852,6ce33bbe86e9601427cc36cfc676734e6013ab2e527958c38fae0baf2a57fd60
amouyal:102,set_35,204,prob,non_gp,simple,demo_reg_query_rev_raw_assertion,reg,rev,raw,assertion,0.9930776357650757,0.9930776357650757,1,0.9918973445892334,a29eedb539245b230598a0c419bdec10bee5a8965bdddfe698931f93c719b182
amouyal:103,set_35,205,prob,non_gp,lingering,demo_reg_query_rev_raw_assertion,reg,rev,raw,assertion,0.30548369884490967,0.6945163011550903,1,0.9139155149459839,357cddb8bed6ddd0eea99664aa38524d53ce72662341a0fc81c88c98d780e08b
amouyal:104,set_36,208,prob,gp,simple,demo_reg_query_rev_raw_assertion,reg,rev,raw,assertion,0.545427680015564,0.545427680015564,1,0.939012885093689,05d17dcb799cde2d5a88da79a93751e942ac4268b8c95addc4f85495746a3851
amouyal:105,set_36,209,prob,gp,lingering,demo_reg_query_rev_raw_assertion,reg,rev,raw,assertion,0.15818902850151062,0.8418109714984894,1,0.9350705742835999,7542fc8a061dea33ea1ac5a0bbae76e32461de44b7e1d9b5510d1e75f5c915ee
amouyal:106,set_36,212,prob,non_gp,simple,demo_reg_query_rev_raw_assertion,reg,rev,raw,assertion,0.9949419498443604,0.9949419498443604,1,0.9921499490737915,9d09497ee1b0aa88a788633354780ffa9274332234181a5b852103ca1c56a4df
amouyal:107,set_36,213,prob,non_gp,lingering,demo_reg_query_rev_raw_assertion,reg,rev,raw,assertion,0.9701360464096069,0.029863953590393066,0,0.9867450594902039,44f4558677143e1be79d28e3d190293eeaa55b9f3562d462c4683f3f341038e1
amouyal:108,set_37,216,prob,gp,simple,demo_reg_query_rev_raw_assertion,reg,rev,raw,assertion,0.035032857209444046,0.035032857209444046,0,0.9232147336006165,cd24d6a8e10d63331d10e6e4a5dd783c01d42ba824ddea8fa836f025c5f13296
amouyal:109,set_37,217,prob,gp,lingering,demo_reg_query_rev_raw_assertion,reg,rev,raw,assertion,0.0047692651860415936,0.9952307348139584,1,0.9596017003059387,a8843676579a370a1023a526a9e5a694a01e8e6d20fd80133e1cabebf68566d2
amouyal:110,set_37,220,prob,non_gp,simple,demo_reg_query_rev_raw_assertion,reg,rev,raw,assertion,0.8212602734565735,0.8212602734565735,1,0.9622931480407715,ce6d908ca77d2abd217849c35f920984472e0ee145109a9a10f39130574fa259
amouyal:111,set_37,221,prob,non_gp,lingering,demo_reg_query_rev_raw_assertion,reg,rev,raw,assertion,0.1798139214515686,0.8201860785484314,1,0.921691358089447,f1d9fc2b2e630470db36b5f13ea0125270be8fdca00dc4f8e3ac842167b3267b
amouyal:112,set_38,224,prob,gp,simple,demo_reg_query_rev_raw_assertion,reg,rev,raw,assertion,0.09249561280012131,0.09249561280012131,0,0.8835475444793701,33e5efb772bd0f27311f956124e842a7d411b161e928c5ed3d9ea6b0d2a1f90a
amouyal:113,set_38,225,prob,gp,lingering,demo_reg_query_rev_raw_assertion,reg,rev,raw,assertion,0.11301019787788391,0.8869898021221161,1,0.9075157642364502,346285c351f52e8984a1208716cc7770521acd0696218bc7135dcddb0caa75b5
amouyal:114,set_38,228,prob,non_gp,simple,demo_reg_query_rev_raw_assertion,reg,rev,raw,assertion,0.8789265155792236,0.8789265155792236,1,0.9159242510795593,c3587c62bcc1b25970ee53250d45227857d7909d308728618c4d344974e31a4b
amouyal:115,set_38,229,prob,non_gp,lingering,demo_reg_query_rev_raw_assertion,reg,rev,raw,assertion,0.005498019512742758,0.9945019804872572,1,0.9292508363723755,2328ca8d9afa7d465474b3c19ebe1dd71a27d9c20a4acc870286285fe00e5aa4
amouyal:116,set_39,232,prob,gp,simple,demo_reg_query_rev_raw_assertion,reg,rev,raw,assertion,0.3702671229839325,0.3702671229839325,0,0.8705263137817383,fa3c2b9ac1ddec9f71979063b82d710684ec4105aeb65f776d2236e2664de72d
amouyal:117,set_39,233,prob,gp,lingering,demo_reg_query_rev_raw_assertion,reg,rev,raw,assertion,0.1193433552980423,0.8806566447019577,1,0.9012923240661621,26edf6db33172522916cd3c8cf3565e58c9bb54dcf33bf34d93f28386ca9dba0
amouyal:118,set_39,236,prob,non_gp,simple,demo_reg_query_rev_raw_assertion,reg,rev,raw,assertion,0.9988995790481567,0.9988995790481567,1,0.9948033094406128,c7cece3d798a81eed6e3424f766529cd40290e17920bbbea82379ea075ac36b1
amouyal:119,set_39,237,prob,non_gp,lingering,demo_reg_query_rev_raw_assertion,reg,rev,raw,assertion,0.8720517754554749,0.12794822454452515,0,0.9529228210449219,92424179c1e52797c8125a4603e6d7ba2d8f660ab32cb7810e6393b71b5df8cd
amouyal:120,set_40,240,prob,gp,simple,demo_reg_query_rev_raw_assertion,reg,rev,raw,assertion,0.2492840439081192,0.2492840439081192,0,0.922379732131958,d13b022fc13a7319596b687a0da93c7b7638626a083e586c9c199a049e18b043
amouyal:121,set_40,241,prob,gp,lingering,demo_reg_query_rev_raw_assertion,reg,rev,raw,assertion,0.01595332659780979,0.9840466734021902,1,0.9400312900543213,dbe126d7fa2bb83c1d13d9def9552b812ea7975f38acc5ad90cea0748fbb0195
amouyal:122,set_40,244,prob,non_gp,simple,demo_reg_query_rev_raw_assertion,reg,rev,raw,assertion,0.5885896682739258,0.5885896682739258,1,0.9347468614578247,13e254d373e1b020dbe049d6fdc3706e27e781e89be51d20f9b5b11e34ef609d
amouyal:123,set_40,245,prob,non_gp,lingering,demo_reg_query_rev_raw_assertion,reg,rev,raw,assertion,0.48999595642089844,0.5100040435791016,1,0.9382122159004211,c79521eadba2fcbcf5c096307a25d674bdb2f5a14660d6779c80a9690d88cb45
amouyal:124,set_41,248,prob,gp,simple,demo_reg_query_rev_raw_assertion,reg,rev,raw,assertion,0.9792757034301758,0.9792757034301758,1,0.9902432560920715,ebcbcdd7d7eeafee4ef375efc288cd868f0c5f6cc1f0db0a7a45a39a1713ed22
amouyal:125,set_41,249,prob,gp,lingering,demo_reg_query_rev_raw_assertion,reg,rev,raw,assertion,0.012666217051446438,0.9873337829485536,1,0.9304675459861755,56362ba32096e52ba1362c52c8df3be45497f2a85f54a6c19bc43fda14e8f932
amouyal:126,set_41,252,prob,non_gp,simple,demo_reg_query_rev_raw_assertion,reg,rev,raw,assertion,0.9997276067733765,0.9997276067733765,1,0.9977409243583679,2e75465da5c96efdb64c1bad1c30e26e22191b8b16ed85b9b00bcf090dacd38c
amouyal:127,set_41,253,prob,non_gp,lingering,demo_reg_query_rev_raw_assertion,reg,rev,raw,assertion,0.9911203384399414,0.008879661560058594,0,0.9900954961776733,5f0a31836ddb86f7ff0cccb07c90555db26faff599c08550308d6fe67909ccb4
amouyal:128,set_42,256,prob,gp,simple,demo_reg_query_rev_raw_assertion,reg,rev,raw,assertion,0.9866305589675903,0.9866305589675903,1,0.9897468686103821,6d32de5b8abd5b16626407e24070ec9de03193fabb21d5d724db78f587e85e6b
amouyal:129,set_42,257,prob,gp,lingering,demo_reg_query_rev_raw_assertion,reg,rev,raw,assertion,0.8005843758583069,0.19941562414169312,0,0.95546555519104,03e008b871a94c3aedb3863de6f2ba15c6254f5d2bdaf9d97985225a49970808
amouyal:130,set_42,260,prob,non_gp,simple,demo_reg_query_rev_raw_assertion,reg,rev,raw,assertion,0.998818039894104,0.998818039894104,1,0.9958044290542603,ab1065a37be69eb0bfbbeb31f908a661b5c98ea5d5530e923bda2b99bee5ffa9
amouyal:131,set_42,261,prob,non_gp,lingering,demo_reg_query_rev_raw_assertion,reg,rev,raw,assertion,0.9020119309425354,0.0979880690574646,0,0.9625640511512756,3e5807eefc4ccac1a55651116e753d1cc8d4897e51e9c345122340f2177b9bbd
amouyal:132,set_43,264,prob,gp,simple,demo_reg_query_rev_raw_assertion,reg,rev,raw,assertion,0.6834056973457336,0.6834056973457336,1,0.9703590869903564,3b7e81ade0af151a4b87ea45476990191b698eaabe1ef6fd7196d43b80d7df72
amouyal:133,set_43,265,prob,gp,lingering,demo_reg_query_rev_raw_assertion,reg,rev,raw,assertion,0.013472509570419788,0.9865274904295802,1,0.9607175588607788,3688a6c7a05622843437bc5180f5ea457d745cb593bf946690e3a1fcbc630d12
amouyal:134,set_43,268,prob,non_gp,simple,demo_reg_query_rev_raw_assertion,reg,rev,raw,assertion,0.9593416452407837,0.9593416452407837,1,0.9883890151977539,6b7d984966a1cd15067884916e1c8e39803a1b246c82a5d8ec612306106ecf85
amouyal:135,set_43,269,prob,non_gp,lingering,demo_reg_query_rev_raw_assertion,reg,rev,raw,assertion,0.9987136721611023,0.001286327838897705,0,0.9974309206008911,13c9b5712267f5683d481a1bdc48b5482f7e39f60d1250a1ae0b2ff6a419f112
amouyal:136,set_44,272,prob,gp,simple,demo_reg_query_rev_raw_assertion,reg,rev,raw,assertion,0.01134907640516758,0.01134907640516758,0,0.920609712600708,e3d64cf2269127b9de31a86398c10db41088d69356fdcd0f60559ad77b22c839
amouyal:137,set_44,273,prob,gp,lingering,demo_reg_query_rev_raw_assertion,reg,rev,raw,assertion,0.006634522695094347,0.9933654773049057,1,0.9031515717506409,f4c6908ba578bfd8037bc8f0c978ab2d40c65753acd7485c69711694aa5dc1b3
amouyal:138,set_44,276,prob,non_gp,simple,demo_reg_query_rev_raw_assertion,reg,rev,raw,assertion,0.6192013025283813,0.6192013025283813,1,0.8958715200424194,2f99d1ef39c139321d387dc2233f30b6c48094c18db678dbbedf2d8087cc317d
amouyal:139,set_44,277,prob,non_gp,lingering,demo_reg_query_rev_raw_assertion,reg,rev,raw,assertion,0.031092219054698944,0.9689077809453011,1,0.902425229549408,12e9c31065b0c40f3770482db56d3de12732e046515119906a57042da438b148
amouyal:140,set_45,280,prob,gp,simple,demo_reg_query_rev_raw_assertion,reg,rev,raw,assertion,0.06821097433567047,0.06821097433567047,0,0.8815178871154785,b9c5fe2900bbb6c280cb3f3709323756b7563238012b0093b03163357eb47674
amouyal:141,set_45,281,prob,gp,lingering,demo_reg_query_rev_raw_assertion,reg,rev,raw,assertion,0.08743932098150253,0.9125606790184975,1,0.8949739933013916,2c6420e96d57bc4eb0ad64c7e2f6e80c0ce7c3d288b2125f116c7e692d5fb7b6
amouyal:142,set_45,284,prob,non_gp,simple,demo_reg_query_rev_raw_assertion,reg,rev,raw,assertion,0.9705041646957397,0.9705041646957397,1,0.9735221266746521,01a0ebe6dfc0cd3290be1cf0023eeda63c7b4865e6b61972070f07eb6c2f82aa
amouyal:143,set_45,285,prob,non_gp,lingering,demo_reg_query_rev_raw_assertion,reg,rev,raw,assertion,0.9848373532295227,0.015162646770477295,0,0.9813746213912964,27b0be304a9151f98de93b7675cff560663b7abe58ca9dc608a9cd53c7fc75e8
amouyal:144,set_hyp5_1,288,reflexive,non_gp,simple,demo_reg_query_rev_raw_assertion,reg,rev,raw,assertion,0.9900327920913696,0.9900327920913696,1,0.9935631155967712,eff178f94a78bc4216bb123e77f784ca0108c0d39d7e19befdf74a1a6332d18f
amouyal:145,set_hyp5_1,289,reflexive,non_gp,lingering,demo_reg_query_rev_raw_assertion,reg,rev,raw,assertion,0.9960771203041077,0.003922879695892334,0,0.9938170909881592,e87307893a12697dcecde196687e57736e96bf23d686be7b34eec2dd5147609d
amouyal:146,set_hyp5_2,290,reflexive,non_gp,simple,demo_reg_query_rev_raw_assertion,reg,rev,raw,assertion,0.9983568787574768,0.9983568787574768,1,0.9947221279144287,a56dc266e5f33104a410368a2a1406583f81c776e09f296bd803bb1e8a798239
amouyal:147,set_hyp5_2,291,reflexive,non_gp,lingering,demo_reg_query_rev_raw_assertion,reg,rev,raw,assertion,0.0025491255801171064,0.9974508744198829,1,0.9529315233230591,d5dd8140d12656ca5c6d1a0afed3fc9bd4047abde972dcca16c8492de6244bde
amouyal:148,set_hyp5_3,292,reflexive,non_gp,simple,demo_reg_query_rev_raw_assertion,reg,rev,raw,assertion,0.9923656582832336,0.9923656582832336,1,0.993434727191925,ab7e001915b45ca636cc7e63992ea9e2b986772cf27ed1e5238f2b7aa9b9a44d
amouyal:149,set_hyp5_3,293,reflexive,non_gp,lingering,demo_reg_query_rev_raw_assertion,reg,rev,raw,assertion,0.008435877971351147,0.9915641220286489,1,0.9240067601203918,e1c382be88fe2a42d4d187db0685455e7a0172c1acd83885ab937e9cacfc1a48
amouyal:150,set_hyp5_4,294,reflexive,non_gp,simple,demo_reg_query_rev_raw_assertion,reg,rev,raw,assertion,0.9727102518081665,0.9727102518081665,1,0.9904345273971558,a57b787b920c1218edbba7073beaa9e193ca1e871ca8bc2f075665f6b5152738
amouyal:151,set_hyp5_4,295,reflexive,non_gp,lingering,demo_reg_query_rev_raw_assertion,reg,rev,raw,assertion,0.6397897601127625,0.36021023988723755,0,0.9330849647521973,6d4e5921e6b5e9e894551c100059544c96f785a368df8745cea403f2bde785ea
amouyal:152,set_hyp5_5,296,reflexive,non_gp,simple,demo_reg_query_rev_raw_assertion,reg,rev,raw,assertion,0.999088704586029,0.999088704586029,1,0.9950777292251587,efafc47f01f2ce847a6f2353819587bf81b46f8cb0fb10483b0f9eec518609df
amouyal:153,set_hyp5_5,297,reflexive,non_gp,lingering,demo_reg_query_rev_raw_assertion,reg,rev,raw,assertion,0.7992352247238159,0.20076477527618408,0,0.9472821950912476,0f5ffbbbd0d695e599745c084bd53e6df974dbd1ec80cb76159ecfad9dc3193a
amouyal:154,set_hyp5_6,298,reflexive,non_gp,simple,demo_reg_query_rev_raw_assertion,reg,rev,raw,assertion,0.9800984263420105,0.9800984263420105,1,0.9889272451400757,851676a7b84f1ace2a438009ca05148eae855da9af47e390898997e2a4f82a48
amouyal:155,set_hyp5_6,299,reflexive,non_gp,lingering,demo_reg_query_rev_raw_assertion,reg,rev,raw,assertion,0.17051629722118378,0.8294837027788162,1,0.9534329175949097,e5591a5f95eed729610e07712bf805ec4cd454770331e62dd14a1b0bdec01329
amouyal:156,set_hyp5_7,300,reflexive,non_gp,simple,demo_reg_query_rev_raw_assertion,reg,rev,raw,assertion,0.9978181719779968,0.9978181719779968,1,0.994246780872345,3b8787ebb3599c485775d0b0b55a2dd8760673e39bfd8c5b562240bdac1a402a
amouyal:157,set_hyp5_7,301,reflexive,non_gp,lingering,demo_reg_query_rev_raw_assertion,reg,rev,raw,assertion,0.23616507649421692,0.7638349235057831,1,0.9424129724502563,b26d9bcbbea4dc361bb630ba9d731027376d452659632637722b2a25402e6d24
amouyal:158,set_hyp5_8,302,reflexive,non_gp,simple,demo_reg_query_rev_raw_assertion,reg,rev,raw,assertion,0.9954828023910522,0.9954828023910522,1,0.989421546459198,59529cbd26907a9cd495441d475727ee90ecfd8673370d2fabbf475954c49611
amouyal:159,set_hyp5_8,303,reflexive,non_gp,lingering,demo_reg_query_rev_raw_assertion,reg,rev,raw,assertion,0.3098722994327545,0.6901277005672455,1,0.8515822887420654,73f04498384722e0904663a05daa25b3bf1cd7f45ed01084724a59b21864f81c
amouyal:160,set_hyp5_9,304,reflexive,non_gp,simple,demo_reg_query_rev_raw_assertion,reg,rev,raw,assertion,0.9989780187606812,0.9989780187606812,1,0.9966168999671936,08a79d29a62115b86af3928de1e31948a64611bee00f88894cf287a51ba329a2
amouyal:161,set_hyp5_9,305,reflexive,non_gp,lingering,demo_reg_query_rev_raw_assertion,reg,rev,raw,assertion,0.9953298568725586,0.004670143127441406,0,0.9954763650894165,f53d07ff2de241efbc33028d5930f0adfe19635f90cf1cdd0777f9bd6768309b
amouyal:162,set_hyp5_10,306,reflexive,non_gp,simple,demo_reg_query_rev_raw_assertion,reg,rev,raw,assertion,0.9992131590843201,0.9992131590843201,1,0.9973324537277222,f3620c90b1295d0f21a006d458acb7da70a9462316ce757cef8970455cd1a489
amouyal:163,set_hyp5_10,307,reflexive,non_gp,lingering,demo_reg_query_rev_raw_assertion,reg,rev,raw,assertion,0.9932798743247986,0.006720125675201416,0,0.9966245889663696,cf9bf2930791379d65b233ab1fcd9a592a87d8567a0cb186e49748e085c43428
amouyal:164,set_hyp5_11,308,reflexive,non_gp,simple,demo_reg_query_rev_raw_assertion,reg,rev,raw,assertion,0.9848123788833618,0.9848123788833618,1,0.9911362528800964,97c2e9fc18032a7dabca76526a2c087c25222ee5dd09c682c566e925bd4f1988
amouyal:165,set_hyp5_11,309,reflexive,non_gp,lingering,demo_reg_query_rev_raw_assertion,reg,rev,raw,assertion,0.010158920660614967,0.989841079339385,1,0.9635053873062134,6bea4dbdc64aa112d135df9882055b5909995ad9d533e01755d6a37dc8f28099
amouyal:166,set_hyp5_12,310,reflexive,non_gp,simple,demo_reg_query_rev_raw_assertion,reg,rev,raw,assertion,0.9996148347854614,0.9996148347854614,1,0.9964510798454285,c5b3d4308ade91ae9b892494fcbdb2fe55a08c5b23d9804808a875e05481fae9
amouyal:167,set_hyp5_12,311,reflexive,non_gp,lingering,demo_reg_query_rev_raw_assertion,reg,rev,raw,assertion,0.8521035313606262,0.14789646863937378,0,0.9483689665794373,411e7855f78654fccc60c674b0e8b810b78872fe13fad255c01481ee42d6ffac
amouyal:168,set_hyp5_13,312,reflexive,non_gp,simple,demo_reg_query_rev_raw_assertion,reg,rev,raw,assertion,0.9913015365600586,0.9913015365600586,1,0.9697830080986023,04d8aaf07c7406ab5646da2d829049470ef6094ca903ca528a1f57101d744419
amouyal:169,set_hyp5_13,313,reflexive,non_gp,lingering,demo_reg_query_rev_raw_assertion,reg,rev,raw,assertion,0.8459864258766174,0.15401357412338257,0,0.9500108361244202,19504d7f12e7636f57fcabcf2867cc0ecd664185216a8c6e089851fd9b334220
amouyal:170,set_hyp5_14,314,reflexive,non_gp,simple,demo_reg_query_rev_raw_assertion,reg,rev,raw,assertion,0.7740069627761841,0.7740069627761841,1,0.967416524887085,435814c5282c9b4d42044d3a52a307b401e235f615bdb21716ae1214e0b56cf3
amouyal:171,set_hyp5_14,315,reflexive,non_gp,lingering,demo_reg_query_rev_raw_assertion,reg,rev,raw,assertion,0.0031076096929609776,0.996892390307039,1,0.9179297685623169,dedf3d7e26669860c4232f9ba6f1b8589ece233ea24af75305f77c770934f0bf
amouyal:172,set_hyp5_15,316,reflexive,non_gp,simple,demo_reg_query_rev_raw_assertion,reg,rev,raw,assertion,0.9994499683380127,0.9994499683380127,1,0.9932934045791626,a8c907311bfe4072e58c34f245772c17a6b08c50b2d56f2b6f868d1f3afe0de5
amouyal:173,set_hyp5_15,317,reflexive,non_gp,lingering,demo_reg_query_rev_raw_assertion,reg,rev,raw,assertion,0.10741187632083893,0.8925881236791611,1,0.9056738018989563,5ca163afa0a0b07d06d27a732bc803cf0d4c487dcc5f3964347b150b5b176fac
amouyal:174,set_hyp5_16,318,reflexive,non_gp,simple,demo_reg_query_rev_raw_assertion,reg,rev,raw,assertion,0.9396972060203552,0.9396972060203552,1,0.9554751515388489,0a7b1ea9d751c9a6dedc78b1a3d2003054a712d392d07e3a00d0b68cf4ccc125
amouyal:175,set_hyp5_16,319,reflexive,non_gp,lingering,demo_reg_query_rev_raw_assertion,reg,rev,raw,assertion,0.2313080132007599,0.7686919867992401,1,0.9042797088623047,94d50276e7f558207a52df76e108ca5083a34b056dd55a4281280f2ef5f34428
amouyal:176,set_hyp5_17,320,reflexive,non_gp,simple,demo_reg_query_rev_raw_assertion,reg,rev,raw,assertion,0.9910645484924316,0.9910645484924316,1,0.9907824397087097,84e41caa624c92f42403ec697ce2e6b2aeae2ad9f207b442aaa7524ddf0d4204
amouyal:177,set_hyp5_17,321,reflexive,non_gp,lingering,demo_reg_query_rev_raw_assertion,reg,rev,raw,assertion,0.004415439907461405,0.9955845600925386,1,0.9073894619941711,f3cb647777c8dee508b908e9429190c4430eef1f41ee56131813d7b1e5a32168
amouyal:178,set_hyp5_18,322,reflexive,non_gp,simple,demo_reg_query_rev_raw_assertion,reg,rev,raw,assertion,0.001507327426224947,0.001507327426224947,0,0.9723573327064514,d61ec25e9dce88fa0a0965f2f9c0bfd8f9de6b3405bc3c9b59183936ea15547f
amouyal:179,set_hyp5_18,323,reflexive,non_gp,lingering,demo_reg_query_rev_raw_assertion,reg,rev,raw,assertion,0.9549764394760132,0.045023560523986816,0,0.9808079600334167,aabdf0e4544d79352ebcca6b62e41281b16c0a722cfb4b7bd23bab33397d70bf
amouyal:180,set_hyp5_19,324,reflexive,non_gp,simple,demo_reg_query_rev_raw_assertion,reg,rev,raw,assertion,0.9989493489265442,0.9989493489265442,1,0.9972639679908752,5e724cdaecb6973604d1909a578858423bdf8f27f73de96ce843b2cb6b6a3df0
amouyal:181,set_hyp5_19,325,reflexive,non_gp,lingering,demo_reg_query_rev_raw_assertion,reg,rev,raw,assertion,0.915008544921875,0.084991455078125,0,0.9806329607963562,72306220a1531436fb029e6964ec962162db579c8b9c55afa1f3118e6b502889
amouyal:182,set_hyp5_20,326,reflexive,non_gp,simple,demo_reg_query_rev_raw_assertion,reg,rev,raw,assertion,0.6438684463500977,0.6438684463500977,1,0.9243202209472656,556a2c38abc7b1f16725a5d572266dba0b800e99f250ac908b990c1e226a0537
amouyal:183,set_hyp5_20,327,reflexive,non_gp,lingering,demo_reg_query_rev_raw_assertion,reg,rev,raw,assertion,0.04738236963748932,0.9526176303625107,1,0.8638817071914673,eeae9aa6c823bc04d20fa95fb61445527c9ea04a40ba13ef0c78ffe4c80c8db8
amouyal:184,set_hyp5_21,328,reflexive,non_gp,simple,demo_reg_query_rev_raw_assertion,reg,rev,raw,assertion,0.9066855311393738,0.9066855311393738,1,0.975339412689209,30a7f2bfee7f794e650d380760c0a4948e21875a97de5e6a68cac250113106e1
amouyal:185,set_hyp5_21,329,reflexive,non_gp,lingering,demo_reg_query_rev_raw_assertion,reg,rev,raw,assertion,0.9707510471343994,0.029248952865600586,0,0.9846510291099548,4e40bcce28ccf4c8dd057f91190f156ed1d9ceb8b320e81c853cc43a6cdf2cee
amouyal:186,set_hyp5_22,330,reflexive,non_gp,simple,demo_reg_query_rev_raw_assertion,reg,rev,raw,assertion,0.8765299916267395,0.8765299916267395,1,0.9586196541786194,34f6772446e1c83f5bc089b9644ee833085110f91469fc13ce877ca43de15c9d
amouyal:187,set_hyp5_22,331,reflexive,non_gp,lingering,demo_reg_query_rev_raw_assertion,reg,rev,raw,assertion,0.005388409364968538,0.9946115906350315,1,0.9189199209213257,98259718e2dc13729f5641f976b256863c5b84653d8b61286d3fe6baed083b82
amouyal:188,set_hyp5_23,332,reflexive,non_gp,simple,demo_reg_query_rev_raw_assertion,reg,rev,raw,assertion,0.9958189725875854,0.9958189725875854,1,0.9876154661178589,8b57b030e47b7a9a74bb398d5a9669ec51be9c977b32113e7c111aece02e8123
amouyal:189,set_hyp5_23,333,reflexive,non_gp,lingering,demo_reg_query_rev_raw_assertion,reg,rev,raw,assertion,0.2058732509613037,0.7941267490386963,1,0.858187735080719,683e009d38f1cd9fbcee1239cc6f7d8f1845863cdd2d0a2ba2551375ce25b5a8
amouyal:190,set_hyp5_24,334,reflexive,non_gp,simple,demo_reg_query_rev_raw_assertion,reg,rev,raw,assertion,0.9987937211990356,0.9987937211990356,1,0.9960046410560608,aec8c0c869136ceb381bcf2ef30aa1d4b6f6764206f13870427b929a3970af48
amouyal:191,set_hyp5_24,335,reflexive,non_gp,lingering,demo_reg_query_rev_raw_assertion,reg,rev,raw,assertion,0.9552301168441772,0.044769883155822754,0,0.9573450088500977,1110f262c8b71c0566794ff58f77a4e9f23b0c94d2a86e92d51a65cfcacc8965
amouyal:192,set_hyp5_1,336,reflexive,gp,simple,demo_reg_query_rev_raw_assertion,reg,rev,raw,assertion,0.8857516050338745,0.8857516050338745,1,0.9826565980911255,12241a65837c0074d08f1878f5ee99fd66842a71da77a19c20b1a020e3cc0ecd
amouyal:193,set_hyp5_1,337,reflexive,gp,lingering,demo_reg_query_rev_raw_assertion,reg,rev,raw,assertion,0.01140695158392191,0.9885930484160781,1,0.952994167804718,68c84772f9718e3ba35b740b9473d899e2c68fbd971f930e5d700070656b0484
amouyal:194,set_hyp5_2,338,reflexive,gp,simple,demo_reg_query_rev_raw_assertion,reg,rev,raw,assertion,0.9687033295631409,0.9687033295631409,1,0.9866359829902649,cb9aab59e5985df56493811c9be93de1354ff8ea1b5505955debd266f2ceeb8b
amouyal:195,set_hyp5_2,339,reflexive,gp,lingering,demo_reg_query_rev_raw_assertion,reg,rev,raw,assertion,0.015090103261172771,0.9849098967388272,1,0.9200794696807861,0e03b3df14fe542fb2754a44df17d2dc220b2a388392416c3ed708cc82e3b825
amouyal:196,set_hyp5_3,340,reflexive,gp,simple,demo_reg_query_rev_raw_assertion,reg,rev,raw,assertion,0.07433674484491348,0.07433674484491348,0,0.9328176975250244,a0fdcea9e6833d438f3f142e968cdedbdab54ff2a2850dfefa69d74e6239e3c7
amouyal:197,set_hyp5_3,341,reflexive,gp,lingering,demo_reg_query_rev_raw_assertion,reg,rev,raw,assertion,0.1187802255153656,0.8812197744846344,1,0.8725780248641968,b8e7324f10fdcd8d602d1a832ce53fd8a452331150485f1d1da8c2da2730c052
amouyal:198,set_hyp5_4,342,reflexive,gp,simple,demo_reg_query_rev_raw_assertion,reg,rev,raw,assertion,0.7437991499900818,0.7437991499900818,1,0.971899151802063,5a4e5d636e93c4e221fab7348fe2fb98547fa5b8ab3630654d0527d89333a717
amouyal:199,set_hyp5_4,343,reflexive,gp,lingering,demo_reg_query_rev_raw_assertion,reg,rev,raw,assertion,0.1212855875492096,0.8787144124507904,1,0.9555805921554565,fd0ec2c211bed87f8129a20a7048afbd005413448991cc074926f7f7efbc1c7a
amouyal:200,set_hyp5_5,344,reflexive,gp,simple,demo_reg_query_rev_raw_assertion,reg,rev,raw,assertion,0.9086965918540955,0.9086965918540955,1,0.972332239151001,1b4bdf50e640af0741a32b4e19e6c44b9e181e740bc8ed42663f897b388a4d48
amouyal:201,set_hyp5_5,345,reflexive,gp,lingering,demo_reg_query_rev_raw_assertion,reg,rev,raw,assertion,0.0386749692261219,0.9613250307738781,1,0.9321808218955994,cafd2ad125aee59b5b5f2bf8f77522b3d80082d19bd7aeda619627656f1db961
amouyal:202,set_hyp5_6,346,reflexive,gp,simple,demo_reg_query_rev_raw_assertion,reg,rev,raw,assertion,0.9286439418792725,0.9286439418792725,1,0.9817792177200317,9069b601693b5187b792cfe1b81a4037a475d1938ff93f519ff8cc6723da99f3
amouyal:203,set_hyp5_6,347,reflexive,gp,lingering,demo_reg_query_rev_raw_assertion,reg,rev,raw,assertion,0.9724035859107971,0.02759641408920288,0,0.979184627532959,fe086967d8f0f4ac2adea527de502b4cf2d422214b545108ba0943d7a40577e8
amouyal:204,set_hyp5_7,348,reflexive,gp,simple,demo_reg_query_rev_raw_assertion,reg,rev,raw,assertion,0.9225277304649353,0.9225277304649353,1,0.9837400913238525,7bbfa4c683db039048116132a024dee9de3d6e0bef0c6e69e646c12fc875afbe
amouyal:205,set_hyp5_7,349,reflexive,gp,lingering,demo_reg_query_rev_raw_assertion,reg,rev,raw,assertion,0.25063493847846985,0.7493650615215302,1,0.9362107515335083,b2439eacc626882eb875bf4d0f2cef5502710250cf54768b3809763761e7acf0
amouyal:206,set_hyp5_8,350,reflexive,gp,simple,demo_reg_query_rev_raw_assertion,reg,rev,raw,assertion,0.9314608573913574,0.9314608573913574,1,0.9607218503952026,b9654b22a019f0321201f2d5e990e6e16e4662438e29edd4495921956a7c4f9b
amouyal:207,set_hyp5_8,351,reflexive,gp,lingering,demo_reg_query_rev_raw_assertion,reg,rev,raw,assertion,0.06719718873500824,0.9328028112649918,1,0.8689302206039429,a158e94bbf99994426f748da1bd77718134d6834a3085a819e14422302e3795d
amouyal:208,set_hyp5_9,352,reflexive,gp,simple,demo_reg_query_rev_raw_assertion,reg,rev,raw,assertion,0.9889782071113586,0.9889782071113586,1,0.992219865322113,cfa74c12f8a8f490788ac439b570527282e523321cab6c9784e37184ea5f92bd
amouyal:209,set_hyp5_9,353,reflexive,gp,lingering,demo_reg_query_rev_raw_assertion,reg,rev,raw,assertion,0.9871069192886353,0.012893080711364746,0,0.9950492978096008,8c56074c3ef3aa2b26572709de2b6ec8d10442d15f4db67ca380a921066e030f
amouyal:210,set_hyp5_10,354,reflexive,gp,simple,demo_reg_query_rev_raw_assertion,reg,rev,raw,assertion,0.981914758682251,0.981914758682251,1,0.9923332929611206,0bf36b00de965ac10ca4bbd0f588d31b93519a4fdce4fb5fcdf05519b9db411e
amouyal:211,set_hyp5_10,355,reflexive,gp,lingering,demo_reg_query_rev_raw_assertion,reg,rev,raw,assertion,0.0950198769569397,0.9049801230430603,1,0.9561656713485718,bafc9cd20b653cd52247b4f0bce6b8779352a0512e310560641a68fef4e3a5ac
amouyal:212,set_hyp5_11,356,reflexive,gp,simple,demo_reg_query_rev_raw_assertion,reg,rev,raw,assertion,0.41099053621292114,0.41099053621292114,0,0.9149720668792725,7384830b1594d18fc62dba4bb00be77daeb7278eb1c73aef0254899573536c18
amouyal:213,set_hyp5_11,357,reflexive,gp,lingering,demo_reg_query_rev_raw_assertion,reg,rev,raw,assertion,0.011781875044107437,0.9882181249558926,1,0.9385753273963928,2f506eecc72495103ae8a9a5f5db969759c5d95d701cfea4e86f79cd59beb810
amouyal:214,set_hyp5_12,358,reflexive,gp,simple,demo_reg_query_rev_raw_assertion,reg,rev,raw,assertion,0.9743829965591431,0.9743829965591431,1,0.983523964881897,c3a14eeb518836714aadd31f480455df45b8c437976da2349bb2b8a6bbca6d7f
amouyal:215,set_hyp5_12,359,reflexive,gp,lingering,demo_reg_query_rev_raw_assertion,reg,rev,raw,assertion,0.38125181198120117,0.6187481880187988,1,0.9102320671081543,f8af37d928be3af6aae03e412d79906025410e8336d98b09cbb2d6d70721be4f
amouyal:216,set_hyp5_13,360,reflexive,gp,simple,demo_reg_query_rev_raw_assertion,reg,rev,raw,assertion,0.00402984581887722,0.00402984581887722,0,0.8502869606018066,edb650d1773c38bc881810ba767e4a5af60f2c5887e9b87f78926e291ab73414
amouyal:217,set_hyp5_13,361,reflexive,gp,lingering,demo_reg_query_rev_raw_assertion,reg,rev,raw,assertion,0.005357200745493174,0.9946427992545068,1,0.9326361417770386,947e6d187f6b28f39d9ba0f726ebc4f1cbf4ac67b6b32474c44e3ba9fd9f2d07
amouyal:218,set_hyp5_14,362,reflexive,gp,simple,demo_reg_query_rev_raw_assertion,reg,rev,raw,assertion,0.25298336148262024,0.25298336148262024,0,0.9472872614860535,7fb689719405d52356b93393ebf432acf73ec949a37576ecc6437f0d9c7b7bb6
amouyal:219,set_hyp5_14,363,reflexive,gp,lingering,demo_reg_query_rev_raw_assertion,reg,rev,raw,assertion,0.0034834155812859535,0.996516584418714,1,0.9413695931434631,effd2a31b4675a1ab9b77e55f12ec3b9c0164ab643a70b5e32619397a3bc5b62
amouyal:220,set_hyp5_15,364,reflexive,gp,simple,demo_reg_query_rev_raw_assertion,reg,rev,raw,assertion,0.09408704936504364,0.09408704936504364,0,0.8353392481803894,5c04be21d2486acb34d0af003649b33a5e7bdb46bed15064775de890a90d48c3
amouyal:221,set_hyp5_15,365,reflexive,gp,lingering,demo_reg_query_rev_raw_assertion,reg,rev,raw,assertion,0.04577270522713661,0.9542272947728634,1,0.8984352350234985,396b20e0aa19d77ea66596a80bc0940325d65fc95f8f90bc3470314ef2ca5b1f
amouyal:222,set_hyp5_16,366,reflexive,gp,simple,demo_reg_query_rev_raw_assertion,reg,rev,raw,assertion,0.17475560307502747,0.17475560307502747,0,0.8630049824714661,50a390f99589bd055e98a9c273de0bc367e2b1a195156b89fd21677f36099d48
amouyal:223,set_hyp5_16,367,reflexive,gp,lingering,demo_reg_query_rev_raw_assertion,reg,rev,raw,assertion,0.1177821084856987,0.8822178915143013,1,0.9093505144119263,4995548d80ae5176a87ad259902cefd6a9793025028d46c24a678c3e84903553
amouyal:224,set_hyp5_17,368,reflexive,gp,simple,demo_reg_query_rev_raw_assertion,reg,rev,raw,assertion,0.9902028441429138,0.9902028441429138,1,0.9927371144294739,551cd3c1be4cf1edf249354725e6d0d0777798518559a445f8a95994d56d1ca7
amouyal:225,set_hyp5_17,369,reflexive,gp,lingering,demo_reg_query_rev_raw_assertion,reg,rev,raw,assertion,0.0021557591389864683,0.9978442408610135,1,0.9372035264968872,f04bea83ac18a1d454f3784cacb976722b05c3b497de342632230f2d00f96bc0
amouyal:226,set_hyp5_18,370,reflexive,gp,simple,demo_reg_query_rev_raw_assertion,reg,rev,raw,assertion,0.004296235740184784,0.004296235740184784,0,0.9518177509307861,8fe35d8cfbc391a540595085034e5df34a4ceb9ae18e9b9cec600f966a39280c
amouyal:227,set_hyp5_18,371,reflexive,gp,lingering,demo_reg_query_rev_raw_assertion,reg,rev,raw,assertion,0.24605348706245422,0.7539465129375458,1,0.8531069755554199,49906f16073cdc1ac7a29fbb535b385d9e9df8798344c75e9676c30bdebe04c8
amouyal:228,set_hyp5_19,372,reflexive,gp,simple,demo_reg_query_rev_raw_assertion,reg,rev,raw,assertion,0.9836169481277466,0.9836169481277466,1,0.9934061169624329,9ba0cab7f35309a9509142e5cb1d823461cb63ab5d1254912ebd2b504eb64508
amouyal:229,set_hyp5_19,373,reflexive,gp,lingering,demo_reg_query_rev_raw_assertion,reg,rev,raw,assertion,0.02621118165552616,0.9737888183444738,1,0.9512083530426025,cb5b022cb780083ca3691851e30b7bd4514b203e0507b7b062ef1e4c9337dbbf
amouyal:230,set_hyp5_20,374,reflexive,gp,simple,demo_reg_query_rev_raw_assertion,reg,rev,raw,assertion,0.673247218132019,0.673247218132019,1,0.9437592625617981,72d8c97d1c1f35f9c4c2ea965e0f12d1e25cfc1f7928357e2fdaa8542caf5659
amouyal:231,set_hyp5_20,375,reflexive,gp,lingering,demo_reg_query_rev_raw_assertion,reg,rev,raw,assertion,0.0030596498399972916,0.9969403501600027,1,0.9166542887687683,6a423a93d659949025432d9753c04450652a1d0cce95d9f6b613cf6158c07dc2
amouyal:232,set_hyp5_21,376,reflexive,gp,simple,demo_reg_query_rev_raw_assertion,reg,rev,raw,assertion,0.8393381834030151,0.8393381834030151,1,0.970378041267395,77f4ee5ec5212f2ccc41f4846c75e5898fde3b58622a39aec237e1ca2531472a
amouyal:233,set_hyp5_21,377,reflexive,gp,lingering,demo_reg_query_rev_raw_assertion,reg,rev,raw,assertion,0.044876497238874435,0.9551235027611256,1,0.9381635189056396,7de3fd2c0ef5e87765e0a05bb5e4c00c6a41d251d8c0f2149452f0814fedfcf5
amouyal:234,set_hyp5_22,378,reflexive,gp,simple,demo_reg_query_rev_raw_assertion,reg,rev,raw,assertion,0.25871407985687256,0.25871407985687256,0,0.8861265182495117,74322748640032d527f85795fc28b990b8167f0d9347e39e35b6d9a4fed04641
amouyal:235,set_hyp5_22,379,reflexive,gp,lingering,demo_reg_query_rev_raw_assertion,reg,rev,raw,assertion,0.0021717878989875317,0.9978282121010125,1,0.952954113483429,4cd4c7dc44b6b7961acd6fbd711cac6a9ce57d39f104586bd1e6165c6be93e2f
amouyal:236,set_hyp5_23,380,reflexive,gp,simple,demo_reg_query_rev_raw_assertion,reg,rev,raw,assertion,0.9207685589790344,0.9207685589790344,1,0.9768750071525574,e98fe9a9f064a3bee3eef11df2c205d060cbb1e79c0b7b5382fb22f86f1baec2
amouyal:237,set_hyp5_23,381,reflexive,gp,lingering,demo_reg_query_rev_raw_assertion,reg,rev,raw,assertion,0.006110288668423891,0.9938897113315761,1,0.9275513291358948,18c45d95e157e43db5d26eb0b05a15083fcbb7d17916657429719c440975c6bd
amouyal:238,set_hyp5_24,382,reflexive,gp,simple,demo_reg_query_rev_raw_assertion,reg,rev,raw,assertion,0.9921044707298279,0.9921044707298279,1,0.9906220436096191,3dcb9090c5f1672d6f5b9346e7bf477009e9b6fa2328ba46330f8dd9185644a9
amouyal:239,set_hyp5_24,383,reflexive,gp,lingering,demo_reg_query_rev_raw_assertion,reg,rev,raw,assertion,0.12239143997430801,0.877608560025692,1,0.8714195489883423,c8e53679942bb00b1fb21567238a055a759eeaebaff68315702672565734a914
amouyal:240,set_1,384,prob,gp,simple,demo_reg_query_rev_raw_assertion,reg,rev,raw,assertion,0.7920810580253601,0.7920810580253601,1,0.9545794129371643,c8f5e3b8ad29ac3dd5d7546dd3944f67421cfbf2754aa6936b9cdf3b05f6b00c
amouyal:241,set_1,385,prob,gp,lingering,demo_reg_query_rev_raw_assertion,reg,rev,raw,assertion,0.018408237025141716,0.9815917629748583,1,0.9415444731712341,b393cfd10ae9ab49add4cb3b7de7162ad1bea9f835182e8527662ee5858b5d47
amouyal:242,set_1,388,prob,non_gp,simple,demo_reg_query_rev_raw_assertion,reg,rev,raw,assertion,0.9971568584442139,0.9971568584442139,1,0.9943175315856934,f1cc78dfce05600d25a6ac9f150b5b8270f6c655615496758239f93dd2a6917e
amouyal:243,set_1,389,prob,non_gp,lingering,demo_reg_query_rev_raw_assertion,reg,rev,raw,assertion,0.9889826774597168,0.011017322540283203,0,0.9882920980453491,d118458796bb3e0053c24bc37872d84b2858d39684ad8f8f1331fad9d973d3b7
amouyal:244,set_2,392,prob,gp,simple,demo_reg_query_rev_raw_assertion,reg,rev,raw,assertion,0.9965285062789917,0.9965285062789917,1,0.9926928877830505,c71c3cb5cdeda3836ccb215a782ddcf83ee04a9138fab287a6e0e56422ba4e52
amouyal:245,set_2,393,prob,gp,lingering,demo_reg_query_rev_raw_assertion,reg,rev,raw,assertion,0.9543090462684631,0.045690953731536865,0,0.954441487789154,bc41022134116f8c1af7dc5b4d257cf348ea72c0f37bd8bb9dd908436c1dfba0
amouyal:246,set_2,396,prob,non_gp,simple,demo_reg_query_rev_raw_assertion,reg,rev,raw,assertion,0.9870549440383911,0.9870549440383911,1,0.9845243692398071,6c7fbf590554dc69353ddc792371912770f44271086dd99d0dfa6faef4c92e29
amouyal:247,set_2,397,prob,non_gp,lingering,demo_reg_query_rev_raw_assertion,reg,rev,raw,assertion,0.9721462726593018,0.027853727340698242,0,0.9476519823074341,ae9a1a28e596c0d220213ddc2155001cd9791d2d0188e8330f6b75fb04cd3637
amouyal:248,set_3,400,prob,gp,simple,demo_reg_query_rev_raw_assertion,reg,rev,raw,assertion,0.6221387982368469,0.6221387982368469,1,0.8992524147033691,3e1c33138eddf19daf0517b6bc55a89ef80b4e9641b89a5ecfe3a902a1516173
amouyal:249,set_3,401,prob,gp,lingering,demo_reg_query_rev_raw_assertion,reg,rev,raw,assertion,0.023043718189001083,0.9769562818109989,1,0.9374893307685852,bacea632c9b625c3043f39ea49b3efbbe857e2adfd3d7f2815701899083eff5f
amouyal:250,set_3,404,prob,non_gp,simple,demo_reg_query_rev_raw_assertion,reg,rev,raw,assertion,0.9650671482086182,0.9650671482086182,1,0.9597200751304626,c8b4b4329e138a970d0b45dd8fd63dcfe7310f944964adce306f58fbd06a94ae
amouyal:251,set_3,405,prob,non_gp,lingering,demo_reg_query_rev_raw_assertion,reg,rev,raw,assertion,0.029586302116513252,0.9704136978834867,1,0.9237513542175293,c9d294dc6922938a3e854a2da4e62d596bbd325860a42368181b92dd01c24bba
amouyal:252,set_4,408,prob,gp,simple,demo_reg_query_rev_raw_assertion,reg,rev,raw,assertion,0.3820813298225403,0.3820813298225403,0,0.916333019733429,569aa86f76a92401cd6b5af7d6b02a1afc13170e81e1aff8161121fae51565b9
amouyal:253,set_4,409,prob,gp,lingering,demo_reg_query_rev_raw_assertion,reg,rev,raw,assertion,0.05132531747221947,0.9486746825277805,1,0.9068638682365417,5cfddb1d51ca3065de2fe585c88648719b799987140b1f00f69a93525290ba79
amouyal:254,set_4,412,prob,non_gp,simple,demo_reg_query_rev_raw_assertion,reg,rev,raw,assertion,0.07403367012739182,0.07403367012739182,0,0.9305084943771362,fd4eb8c06ecc559c28abc76235c69bb8191e64ff4ba8686e7c869bd64f9d5538
amouyal:255,set_4,413,prob,non_gp,lingering,demo_reg_query_rev_raw_assertion,reg,rev,raw,assertion,0.2227431833744049,0.7772568166255951,1,0.8956005573272705,108dab9b768956f70d8c3a07debb28cb9c69c286b9f994c7d0d5a30669348fab
amouyal:256,set_5,416,prob,gp,simple,demo_reg_query_rev_raw_assertion,reg,rev,raw,assertion,0.5427693128585815,0.5427693128585815,1,0.9369203448295593,f5ba5f5dcc23c83e28454eec05b6f992fc088afaaade358deb1a238b4f1f5129
amouyal:257,set_5,417,prob,gp,lingering,demo_reg_query_rev_raw_assertion,reg,rev,raw,assertion,0.002662219339981675,0.9973377806600183,1,0.9523166418075562,02bbd5e602cfb8b35bae3d935b0788d24699d1b92761aec2b1b686ae5d82adb4
amouyal:258,set_5,420,prob,non_gp,simple,demo_reg_query_rev_raw_assertion,reg,rev,raw,assertion,0.9918038249015808,0.9918038249015808,1,0.993897557258606,3026ffb10a39dbe952413ffeecb32b45a0e7c876473ad91ca3d73359899077e7
amouyal:259,set_5,421,prob,non_gp,lingering,demo_reg_query_rev_raw_assertion,reg,rev,raw,assertion,0.6325647830963135,0.3674352169036865,0,0.9381593465805054,a92cc26904cc600c7a9ea196da6564ea099afd4d97c89cbcaac06aa41311ee3f
amouyal:260,set_6,424,prob,gp,simple,demo_reg_query_rev_raw_assertion,reg,rev,raw,assertion,0.20805519819259644,0.20805519819259644,0,0.8529552221298218,cd8612185a9a912e984573e76a0cf5c16379a6cd31529019165178c902bf76d9
amouyal:261,set_6,425,prob,gp,lingering,demo_reg_query_rev_raw_assertion,reg,rev,raw,assertion,0.0409744456410408,0.9590255543589592,1,0.866375744342804,d0064ac3c286fa8166fbe5530ebf2e83b7e9d8876e6e8651c2950a83f8df33d2
amouyal:262,set_6,428,prob,non_gp,simple,demo_reg_query_rev_raw_assertion,reg,rev,raw,assertion,0.9989436864852905,0.9989436864852905,1,0.9946681261062622,c587671f1c2273a9b94c7fd81188e8297311cf9f988bd2e038ce756128078e1e
amouyal:263,set_6,429,prob,non_gp,lingering,demo_reg_query_rev_raw_assertion,reg,rev,raw,assertion,0.9876245260238647,0.012375473976135254,0,0.9895238280296326,66983de654570b389d0696ec599501dbed5464f728ccd9c2038dfdfecccfff3a
amouyal:264,set_7,432,prob,gp,simple,demo_reg_query_rev_raw_assertion,reg,rev,raw,assertion,0.09798140078783035,0.09798140078783035,0,0.8757662773132324,61bf3c7a6166db361431ee1241fa0f6ec092fa1bca7e56f5cdc6039ebebfca60
amouyal:265,set_7,433,prob,gp,lingering,demo_reg_query_rev_raw_assertion,reg,rev,raw,assertion,0.030235566198825836,0.9697644338011742,1,0.9222627282142639,38c9f362d60b1b5966621add4452769788d23b6968aeda1df1c268b7150f2089
amouyal:266,set_7,436,prob,non_gp,simple,demo_reg_query_rev_raw_assertion,reg,rev,raw,assertion,0.97536301612854,0.97536301612854,1,0.9782028198242188,b3f29be153dbfc80187bd73fa0a1f874c2f08e09eaca1bae7cd6134b8a1f5aa4
amouyal:267,set_7,437,prob,non_gp,lingering,demo_reg_query_rev_raw_assertion,reg,rev,raw,assertion,0.3059079647064209,0.6940920352935791,1,0.9036562442779541,66ca187e2f8b2eeb6de1541e36de2c38d249d872f611149e7afa9d16fd2b66b8
amouyal:268,set_8,440,prob,gp,simple,demo_reg_query_rev_raw_assertion,reg,rev,raw,assertion,0.8975204825401306,0.8975204825401306,1,0.9672709107398987,e360d070ec245f56877e22e16f345e688cc37e0df9c970602e4207d549f0d7ea
amouyal:269,set_8,441,prob,gp,lingering,demo_reg_query_rev_raw_assertion,reg,rev,raw,assertion,0.013966662809252739,0.9860333371907473,1,0.9212467670440674,41c5abdb7c122f4f9d644db877bf5c3555a91d08a5a7c82c755cd7a9911e2482
amouyal:270,set_8,444,prob,non_gp,simple,demo_reg_query_rev_raw_assertion,reg,rev,raw,assertion,0.9997167587280273,0.9997167587280273,1,0.9971369504928589,2d02772158eab07b44680492b2e7b3fd2ea74304d7b5f9de1d9dd6170a1b62f3
amouyal:271,set_8,445,prob,non_gp,lingering,demo_reg_query_rev_raw_assertion,reg,rev,raw,assertion,0.23966464400291443,0.7603353559970856,1,0.9124825596809387,5a0f0e705255814b28e6a6fe2a865203b342e8590f7bfca8e7c177936ae5bebf
amouyal:272,set_9,448,prob,gp,simple,demo_reg_query_rev_raw_assertion,reg,rev,raw,assertion,0.4016275107860565,0.4016275107860565,0,0.9307537078857422,344442f3d0d5f00f851f666aa444c93d44b888522e19846e1d4f7d787f1e76ac
amouyal:273,set_9,449,prob,gp,lingering,demo_reg_query_rev_raw_assertion,reg,rev,raw,assertion,0.03845281898975372,0.9615471810102463,1,0.9083071351051331,037fd1ca071e0b1a16efb8fe33723ece5d5728f7791fe17e114ac9279a06f1e5
amouyal:274,set_9,452,prob,non_gp,simple,demo_reg_query_rev_raw_assertion,reg,rev,raw,assertion,0.9960835576057434,0.9960835576057434,1,0.9943929314613342,c63f70c862aa0150b342656c7141e183e0eec43e9bde73e43c727832d2c80877
amouyal:275,set_9,453,prob,non_gp,lingering,demo_reg_query_rev_raw_assertion,reg,rev,raw,assertion,0.20569321513175964,0.7943067848682404,1,0.867598295211792,678e04823b38412e63178e258e652be7c4f2374c84a373bacc2f5be7ad62716e
amouyal:0,set_10,0,prob,gp,simple,demo_reg_query_rev_chat_none,reg,rev,chat,none,0.08362343907356262,0.08362343907356262,0,0.9996280670166016,76858dcba5406157dd195e5f0f11fa45fa0f0ffebec91184d37833f23c48bdb4
amouyal:1,set_10,1,prob,gp,lingering,demo_reg_query_rev_chat_none,reg,rev,chat,none,0.7294939160346985,0.2705060839653015,0,0.9992855191230774,62e8b259727955dcd8daffa649bd2f18b80597fa08ea673b8a16982825467fee
amouyal:2,set_10,4,prob,non_gp,simple,demo_reg_query_rev_chat_none,reg,rev,chat,none,0.9235084056854248,0.9235084056854248,1,0.9996932148933411,b4147b89bfa8a38aa7f9b970ce0db5e6391a7eb7cdfe5a7fc35d82e0cb1f52ba
amouyal:3,set_10,5,prob,non_gp,lingering,demo_reg_query_rev_chat_none,reg,rev,chat,none,0.08033021539449692,0.9196697846055031,1,0.9989551901817322,60fea1638f6820c8edf597e38d967e19087098ca9303a96be47543652ff95fcd
amouyal:4,set_11,8,prob,gp,simple,demo_reg_query_rev_chat_none,reg,rev,chat,none,0.9852447509765625,0.9852447509765625,1,0.9995933175086975,436503e56e0cf07cf8f1497b267877852f8957876bca186df6dbf93330fdadf2
amouyal:5,set_11,9,prob,gp,lingering,demo_reg_query_rev_chat_none,reg,rev,chat,none,0.9991946816444397,0.0008053183555603027,0,0.9997929930686951,4141e928a08c4081d80667a630f07105fcecba8a444ec1d541930dc2109183dd
amouyal:6,set_11,12,prob,non_gp,simple,demo_reg_query_rev_chat_none,reg,rev,chat,none,0.9999314546585083,0.9999314546585083,1,0.9997472167015076,5ada4f8803fc5a050196de00e12b81a4b42fd0acc239eaa434e385e5ef3b9395
amouyal:7,set_11,13,prob,non_gp,lingering,demo_reg_query_rev_chat_none,reg,rev,chat,none,0.9907156229019165,0.009284377098083496,0,0.9997540712356567,74e5cc2a22058e364a666b551bfaa82f5321762423be2485ac56ffe4dee2cbeb
amouyal:8,set_12,16,prob,gp,simple,demo_reg_query_rev_chat_none,reg,rev,chat,none,0.8696433305740356,0.8696433305740356,1,0.9993808269500732,03e6497624aabaf81aa7f5e4fcd51054febd235a536a629d7a163805857bd2b0
amouyal:9,set_12,17,prob,gp,lingering,demo_reg_query_rev_chat_none,reg,rev,chat,none,0.9924234747886658,0.0075765252113342285,0,0.9998409748077393,6483664bb17d4a9846d1721932ce369589d4ae49069b08974e87e32b937e2ee2
amouyal:10,set_12,20,prob,non_gp,simple,demo_reg_query_rev_chat_none,reg,rev,chat,none,0.999954104423523,0.999954104423523,1,0.9998323321342468,e5147b2352fa521d1d351160f18e8a65efefe472a5200457f17503f3d95973ed
amouyal:11,set_12,21,prob,non_gp,lingering,demo_reg_query_rev_chat_none,reg,rev,chat,none,0.9998922348022461,0.00010776519775390625,0,0.99971604347229,4e7401ed803d8f802b1f2a84c5abc167cedcbcca94bc8fab13a5f9613e39053b
amouyal:12,set_13,24,prob,gp,simple,demo_reg_query_rev_chat_none,reg,rev,chat,none,0.7971209287643433,0.7971209287643433,1,0.9993643760681152,b9b4fb21f815fab1b4e30acf35b6b984f1291412b5a4b8b380584c96e297148c
amouyal:13,set_13,25,prob,gp,lingering,demo_reg_query_rev_chat_none,reg,rev,chat,none,0.001963534625247121,0.9980364653747529,1,0.9998815655708313,22f1031ec371591e407d1f4bcd821578a93bdaf4760711ecae0bac08b4a1e925
amouyal:14,set_13,28,prob,non_gp,simple,demo_reg_query_rev_chat_none,reg,rev,chat,none,0.9997299313545227,0.9997299313545227,1,0.99980229139328,34dc29a1b5dca39173b5e4771821dd478fe357246ec6e6c4dcad01cc0a99f3a8
amouyal:15,set_13,29,prob,non_gp,lingering,demo_reg_query_rev_chat_none,reg,rev,chat,none,0.11006033420562744,0.8899396657943726,1,0.9995432496070862,a1b6bcd31963f8f7fc6a91a45731591dec2136c5c1dac85b4ef042e95f571f24
amouyal:16,set_14,32,prob,gp,simple,demo_reg_query_rev_chat_none,reg,rev,chat,none,0.0014984637964516878,0.0014984637964516878,0,0.9992493391036987,49d1ebbb984876ee01c16615938f22441d1d74286faee8041bdd366467cfc545
amouyal:17,set_14,33,prob,gp,lingering,demo_reg_query_rev_chat_none,reg,rev,chat,none,0.17550048232078552,0.8244995176792145,1,0.9991236329078674,7602fc07598f2e947f09f2df98f562a66a353afdf875ac122775c2536d70dad8
amouyal:18,set_14,36,prob,non_gp,simple,demo_reg_query_rev_chat_none,reg,rev,chat,none,0.5024138689041138,0.5024138689041138,1,0.9985619187355042,d072c9d4deaed8c7b0255b78a15fa081bd8388872b219480813ea8dd9149fffa
amouyal:19,set_14,37,prob,non_gp,lingering,demo_reg_query_rev_chat_none,reg,rev,chat,none,2.0799001504201442e-05,0.9999792009984958,1,0.9997218251228333,6d6cbd92bc49f151660284e8f60914af9d3743c3cd44003f0b94029910404a73
amouyal:20,set_15,40,prob,gp,simple,demo_reg_query_rev_chat_none,reg,rev,chat,none,0.9992277026176453,0.9992277026176453,1,0.9997965693473816,8cb127b1eee31227cccbdeeba06d289419dc90b1a5433fb61d7bccfef8ffd115
amouyal:21,set_15,41,prob,gp,lingering,demo_reg_query_rev_chat_none,reg,rev,chat,none,0.9993997812271118,0.0006002187728881836,0,0.999671220779419,ecea2f43f593d5c86ccc7e5310c44a3814d47744c6a98f79925a73fb6103527c
amouyal:22,set_15,44,prob,non_gp,simple,demo_reg_query_rev_chat_none,reg,rev,chat,none,0.9999396800994873,0.9999396800994873,1,0.9997962713241577,2d80beea78ea16ecdc81af5799472bc6e7b5ca78a0a65bb7f4eeddae2493270f
amouyal:23,set_15,45,prob,non_gp,lingering,demo_reg_query_rev_chat_none,reg,rev,chat,none,0.9992061257362366,0.0007938742637634277,0,0.9996598958969116,4e49001493fbe930f40aa1d53b4ff62048a4db3ac44710608b9dcca448ddf1fb
amouyal:24,set_16,48,prob,gp,simple,demo_reg_query_rev_chat_none,reg,rev,chat,none,0.958670973777771,0.958670973777771,1,0.999346911907196,0b0034644ff5998200d17128afdaea97ee275bcc9d7ee70660b2037869c42eb4
amouyal:25,set_16,49,prob,gp,lingering,demo_reg_query_rev_chat_none,reg,rev,chat,none,0.6098544001579285,0.39014559984207153,0,0.9996532797813416,3e83ed7da909a148d9629108f46c9b007138031af2227503f49bb7e321ea370d
amouyal:26,set_16,52,prob,non_gp,simple,demo_reg_query_rev_chat_none,reg,rev,chat,none,0.9999857544898987,0.9999857544898987,1,0.9998013973236084,13c9dfd811f3acce446d231e4ec1dec4b2686f0647a84a7258b3fd8434fff9b3
amouyal:27,set_16,53,prob,non_gp,lingering,demo_reg_query_rev_chat_none,reg,rev,chat,none,0.9999538660049438,4.6133995056152344e-05,0,0.999735414981842,99074ddc67040698fd182109459be33417bea5803954cf805f9aa2af9847aea9
amouyal:28,set_17,56,prob,gp,simple,demo_reg_query_rev_chat_none,reg,rev,chat,none,0.998245358467102,0.998245358467102,1,0.9995030164718628,662689c4371d356ed5ae59dfba9a645afac786e2cf8f2604b1809a865faa21b1
amouyal:29,set_17,57,prob,gp,lingering,demo_reg_query_rev_chat_none,reg,rev,chat,none,0.9662685990333557,0.03373140096664429,0,0.9997397661209106,8da0c63d19a7d22b4b19f5092f5ce4a556e56236aa0a942da0b880a013885a07
amouyal:30,set_17,60,prob,non_gp,simple,demo_reg_query_rev_chat_none,reg,rev,chat,none,0.9999912977218628,0.9999912977218628,1,0.9997870922088623,c2dcdb6c5b8062379a03e0126e33e331e19c1ccf3760914dedd27f0a7c9fba1f
amouyal:31,set_17,61,prob,non_gp,lingering,demo_reg_query_rev_chat_none,reg,rev,chat,none,0.0003956921864300966,0.9996043078135699,1,0.9999269247055054,d966952b60eaa9282f93cf05c752fd2bc9d99895c3d4472f01348e3632dec54f
amouyal:32,set_18,64,prob,gp,simple,demo_reg_query_rev_chat_none,reg,rev,chat,none,0.6744376420974731,0.6744376420974731,1,0.9995388388633728,50c6790d1e830d1989045c37ac6ef0eb769a6de8c4725745d6105a77ad299d26
amouyal:33,set_18,65,prob,gp,lingering,demo_reg_query_rev_chat_none,reg,rev,chat,none,0.004158248659223318,0.9958417513407767,1,0.9999600648880005,ee107581b56c9b5857bae8fb72f81654116a2b778f98eda0398b2f311f089f39
amouyal:34,set_18,68,prob,non_gp,simple,demo_reg_query_rev_chat_none,reg,rev,chat,none,0.998422384262085,0.998422384262085,1,0.9997090101242065,06fe2c8df8ef0075bbfb8199df87d074289cebd28fc7e7ef856ca64eb054a862
amouyal:35,set_18,69,prob,non_gp,lingering,demo_reg_query_rev_chat_none,reg,rev,chat,none,0.32342666387557983,0.6765733361244202,1,0.9995592832565308,b4ec3c67cb8bfc3f1124d11fd3425a5d8791b437d94484826ac190d85cc5a1c8
amouyal:36,set_19,72,prob,gp,simple,demo_reg_query_rev_chat_none,reg,rev,chat,none,0.9962223768234253,0.9962223768234253,1,0.9998376965522766,b44a7f1add5722f558fe4288ce0da5a6e87991be400a31f0b03c7653789435a3
amouyal:37,set_19,73,prob,gp,lingering,demo_reg_query_rev_chat_none,reg,rev,chat,none,0.4436003267765045,0.5563996732234955,1,0.9998539686203003,ed20411a59b673fa3cbb8c16930851ed573dbb54d98c1b2ada1ce5e74b5d3518
amouyal:38,set_19,76,prob,non_gp,simple,demo_reg_query_rev_chat_none,reg,rev,chat,none,0.9999831914901733,0.9999831914901733,1,0.9996452927589417,d8060d86806cf741b1fa30bd04ade69cc083690e785ea384020b0d3589cabcb1
amouyal:39,set_19,77,prob,non_gp,lingering,demo_reg_query_rev_chat_none,reg,rev,chat,none,0.999879002571106,0.00012099742889404297,0,0.9996628761291504,488352f366d034410ca6e1174303cb5d418794e9811113f718f2c5ed9694ed33
amouyal:40,set_20,80,prob,gp,simple,demo_reg_query_rev_chat_none,reg,rev,chat,none,0.6605522632598877,0.6605522632598877,1,0.9993655681610107,d47dd3c10b382dc4c5b86c9cc078f44f585acdf3501433bf2737618d4f964ba8
amouyal:41,set_20,81,prob,gp,lingering,demo_reg_query_rev_chat_none,reg,rev,chat,none,0.012301897630095482,0.9876981023699045,1,0.9998008012771606,6ed6e127f7d160b18139baf5bbb3816d858a34fcb4394284734a0007080cf0c3
amouyal:42,set_20,84,prob,non_gp,simple,demo_reg_query_rev_chat_none,reg,rev,chat,none,0.9998958110809326,0.9998958110809326,1,0.9993281960487366,f39cca0627c33ac84e45bb10696e3c1f4875cbb5656e9c0edb814a98a9d73e5a
amouyal:43,set_20,85,prob,non_gp,lingering,demo_reg_query_rev_chat_none,reg,rev,chat,none,0.00010216961527476087,0.9998978303847252,1,0.9999176859855652,e8f6bc32e0ce19fc17268c0f667a2e119f9a6f85c162fe7dca20d69e5f6c1ec3
amouyal:44,set_21,88,prob,gp,simple,demo_reg_query_rev_chat_none,reg,rev,chat,none,0.21976904571056366,0.21976904571056366,0,0.9994217157363892,0ee16fdf7a8b3b70110d523d2fb8f85985d2e04b2d7ee3b752e0510564a9c07f
amouyal:45,set_21,89,prob,gp,lingering,demo_reg_query_rev_chat_none,reg,rev,chat,none,0.008281204849481583,0.9917187951505184,1,0.9999000430107117,2791630d1a26e47fede4446350723f8a5f178d0b1668101d172d0d8180fcb7aa
amouyal:46,set_21,92,prob,non_gp,simple,demo_reg_query_rev_chat_none,reg,rev,chat,none,0.99998939037323,0.99998939037323,1,0.9995241165161133,7fced8ad514bbc27510492b000cdb087ea5cec9e633e9568f0b8e0afd99e20f9
amouyal:47,set_21,93,prob,non_gp,lingering,demo_reg_query_rev_chat_none,reg,rev,chat,none,0.9966153502464294,0.0033846497535705566,0,0.9996024966239929,85364cd19db913f2ece37f2f7b2a76cc3e51bc77fd1329e6663ead60ad866f10
amouyal:48,set_22,96,prob,gp,simple,demo_reg_query_rev_chat_none,reg,rev,chat,none,0.9980899095535278,0.9980899095535278,1,0.9992689490318298,2e1042bf45f006c98d8116b7231aed457c9f8a0615e19969bc72d983aa70026d
amouyal:49,set_22,97,prob,gp,lingering,demo_reg_query_rev_chat_none,reg,rev,chat,none,0.9356773495674133,0.06432265043258667,0,0.9997211694717407,7da9a0538c101401526525d996ecb57fa51f11a53c767edea345695553bdb05a
amouyal:50,set_22,100,prob,non_gp,simple,demo_reg_query_rev_chat_none,reg,rev,chat,none,0.9998207688331604,0.9998207688331604,1,0.9990593791007996,023592c59fff22497385b2bc5cc53c455faf71c780dc4b26018e200eb9f2f273
amouyal:51,set_22,101,prob,non_gp,lingering,demo_reg_query_rev_chat_none,reg,rev,chat,none,0.49301624298095703,0.506983757019043,1,0.999751091003418,d818321ec02f7ce9b5cc76d1fb542c2e14832e83f1676f29cf6f270baee8a14c
amouyal:52,set_23,104,prob,gp,simple,demo_reg_query_rev_chat_none,reg,rev,chat,none,0.853833794593811,0.853833794593811,1,0.998970627784729,f85cb8373129c34d1afcf9fbc9d26a0af1a9402309239e51dc32c70e294f3ac7
amouyal:53,set_23,105,prob,gp,lingering,demo_reg_query_rev_chat_none,reg,rev,chat,none,0.7991970777511597,0.20080292224884033,0,0.9989452958106995,22afa9968a8ea5054541c83fb35b28e62e6e3c869345e6e5d9ec9c05977d5152
amouyal:54,set_23,108,prob,non_gp,simple,demo_reg_query_rev_chat_none,reg,rev,chat,none,0.9998598098754883,0.9998598098754883,1,0.9997037649154663,37e2bd907c42cd850f7e00bd6e3609084deab98dc97997105484c695bfa4260a
amouyal:55,set_23,109,prob,non_gp,lingering,demo_reg_query_rev_chat_none,reg,rev,chat,none,0.9968397617340088,0.003160238265991211,0,0.9996242523193359,eb3c005b867ca4c31b133988c3cd79d8c22616f5ba4427242dd3669b4614d020
amouyal:56,set_24,112,prob,gp,simple,demo_reg_query_rev_chat_none,reg,rev,chat,none,0.9904505610466003,0.9904505610466003,1,0.9994909763336182,1f26b008340d3751c5ce34820867443f2f5b95124e7429185f5b76d130cfff54
amouyal:57,set_24,113,prob,gp,lingering,demo_reg_query_rev_chat_none,reg,rev,chat,none,1.2594823601830285e-05,0.9999874051763982,1,0.9999350905418396,1004f1245da0094f57b100754b1662abfd4821d5292528c02ab95048e03305c3
amouyal:58,set_24,116,prob,non_gp,simple,demo_reg_query_rev_chat_none,reg,rev,chat,none,0.999780535697937,0.999780535697937,1,0.9996649026870728,c205d4fe711aaf2bbbb9de60336b652b3cea4bada5748260f694a965ff860438
amouyal:59,set_24,117,prob,non_gp,lingering,demo_reg_query_rev_chat_none,reg,rev,chat,none,6.004491837074966e-08,0.9999999399550816,1,0.9999755620956421,7a103706a7ac4c9d03fc98e7b0be555d34ecf849f6ae8e113b0b928513028c9a
amouyal:60,set_25,120,prob,gp,simple,demo_reg_query_rev_chat_none,reg,rev,chat,none,0.999264657497406,0.999264657497406,1,0.9998652338981628,931049e60c9bb0583b7f929a06549d8557d2cc14181627af411b99bde2b3c88c
amouyal:61,set_25,121,prob,gp,lingering,demo_reg_query_rev_chat_none,reg,rev,chat,none,0.9800710082054138,0.01992899179458618,0,0.999754011631012,0699787b6a1b3b715e687994064a5b39d63344715b91ae2b51c0edbef0a720bc
amouyal:62,set_25,124,prob,non_gp,simple,demo_reg_query_rev_chat_none,reg,rev,chat,none,0.9998557567596436,0.9998557567596436,1,0.999797523021698,a3535ba07d4459f71fdb686fa953cd81093ec6cbde2eb4db9d7b6a5c6b150480
amouyal:63,set_25,125,prob,non_gp,lingering,demo_reg_query_rev_chat_none,reg,rev,chat,none,0.9968089461326599,0.003191053867340088,0,0.9996563196182251,5dbbc40f25019f76ef22bf06be049151f2571259b8771d837b146d3767974391
amouyal:64,set_26,128,prob,gp,simple,demo_reg_query_rev_chat_none,reg,rev,chat,none,0.9904623031616211,0.9904623031616211,1,0.9996427297592163,5254eecef7390cfacea5420e8e1c3f0c7e1f43512e46c83491e6915850ee4a46
amouyal:65,set_26,129,prob,gp,lingering,demo_reg_query_rev_chat_none,reg,rev,chat,none,1.1737374734366313e-05,0.9999882626252656,1,0.9999125003814697,ab80b99c970f5419ca934bfd0d944b39f557cfe7729b9f507470e98d8c4e9e89
amouyal:66,set_26,132,prob,non_gp,simple,demo_reg_query_rev_chat_none,reg,rev,chat,none,0.9996270537376404,0.9996270537376404,1,0.99958735704422,18fdeb3e59a19813f37def02f6b7552e71d616fa7153fffd2aff2e2395f1503b
amouyal:67,set_26,133,prob,non_gp,lingering,demo_reg_query_rev_chat_none,reg,rev,chat,none,0.9013163447380066,0.09868365526199341,0,0.999469518661499,6eed6980716e197aad78518a5a6efa812ad558cb44ac13d40d1cf64976a2743d
amouyal:68,set_27,136,prob,gp,simple,demo_reg_query_rev_chat_none,reg,rev,chat,none,0.9957823157310486,0.9957823157310486,1,0.9994459748268127,88482aa99be52f2cd6ed56fff85704876ed997e6643d989ca5afe340f64d5204
amouyal:69,set_27,137,prob,gp,lingering,demo_reg_query_rev_chat_none,reg,rev,chat,none,0.9778892397880554,0.02211076021194458,0,0.9992037415504456,5b6c4801fc8d5b8bf547721122a9926b99d29c7d7cf880d54b56f180196c792d
amouyal:70,set_27,140,prob,non_gp,simple,demo_reg_query_rev_chat_none,reg,rev,chat,none,0.9997724294662476,0.9997724294662476,1,0.9996266961097717,2f40b6b3a3a4b858bff86ab3b5affb5c2b70b8477815d86f453dea4e1217e5f4
amouyal:71,set_27,141,prob,non_gp,lingering,demo_reg_query_rev_chat_none,reg,rev,chat,none,0.9863850474357605,0.013614952564239502,0,0.9992988705635071,802c109f081e73b490dcb65c28d23de215b487a6fea016f234d2a6ac9779a69b
amouyal:72,set_28,144,prob,gp,simple,demo_reg_query_rev_chat_none,reg,rev,chat,none,0.49440646171569824,0.49440646171569824,0,0.9987683892250061,aee1e1bc291b82519621ea81bbf3f45d77d890c7cadc73ed69de6414355cd420
amouyal:73,set_28,145,prob,gp,lingering,demo_reg_query_rev_chat_none,reg,rev,chat,none,0.004270193632692099,0.9957298063673079,1,0.999883234500885,18dd3108464e61ee3b22d1cd90bb91141b65112c017eb936380923361cf2e4a0
amouyal:74,set_28,148,prob,non_gp,simple,demo_reg_query_rev_chat_none,reg,rev,chat,none,0.998979926109314,0.998979926109314,1,0.9997146129608154,03e0f1dd59b0fb6d60d8f6ec0598ebcab22bba282f02b7e226eea118ce58676f
amouyal:75,set_28,149,prob,non_gp,lingering,demo_reg_query_rev_chat_none,reg,rev,chat,none,0.9999232292175293,7.677078247070312e-05,0,0.9997935891151428,a1d4ad6aca516ec1a611c9908b061649e1e426aea146962fd5f786b0c3ce65dd
amouyal:76,set_29,152,prob,gp,simple,demo_reg_query_rev_chat_none,reg,rev,chat,none,0.9856893420219421,0.9856893420219421,1,0.9998520612716675,ab8d430b6eb3e147a79544b42d8cb840df5fd9b5b6b0842d4014469aa5543a3f
amouyal:77,set_29,153,prob,gp,lingering,demo_reg_query_rev_chat_none,reg,rev,chat,none,0.5221966505050659,0.4778033494949341,0,0.9997961521148682,0c95f28f80abc87db4d56833d61650fcb85c8ef9d8c5ec19f6f9a725c3b5571b
amouyal:78,set_29,156,prob,non_gp,simple,demo_reg_query_rev_chat_none,reg,rev,chat,none,0.9999481439590454,0.9999481439590454,1,0.9997807145118713,d39128f26ead2ce26b17f0a0ac2bbf8a76db6bbd09f814bf65884c0702d4f714
amouyal:79,set_29,157,prob,non_gp,lingering,demo_reg_query_rev_chat_none,reg,rev,chat,none,0.21436868607997894,0.7856313139200211,1,0.999627947807312,e29b9b2c7254b96c41575c57135c5b66946d1409dbc1c819bb7521f6d3036cc6
amouyal:80,set_30,160,prob,gp,simple,demo_reg_query_rev_chat_none,reg,rev,chat,none,0.9999306201934814,0.9999306201934814,1,0.9998506307601929,fe30ade2119be8bff10fda04bf5e69a6500d2d902ac50ac23456456bb69b9cc9
amouyal:81,set_30,161,prob,gp,lingering,demo_reg_query_rev_chat_none,reg,rev,chat,none,0.03905718773603439,0.9609428122639656,1,0.999816358089447,7eb6707d60c2cf6950bb2f30c3ba40a61f7c06fce474e90f910f4e22c8ac1c72
amouyal:82,set_30,164,prob,non_gp,simple,demo_reg_query_rev_chat_none,reg,rev,chat,none,0.9999937415122986,0.9999937415122986,1,0.9995195269584656,38b14a997ce111557d0998ae814d5a69eb4b4cabcf623c14f3d4646b44c68e27
amouyal:83,set_30,165,prob,non_gp,lingering,demo_reg_query_rev_chat_none,reg,rev,chat,none,0.9987711310386658,0.0012288689613342285,0,0.9996765851974487,ab106eaeaefb2e1c46b938a4764bff2c487fbeae5712aa770f31e834ec584f2c
amouyal:84,set_31,168,prob,gp,simple,demo_reg_query_rev_chat_none,reg,rev,chat,none,0.8920925855636597,0.8920925855636597,1,0.9994004964828491,04a8289c3019a171c342032bda46605c245dbe10541a0007c94d2e2e35f8d730
amouyal:85,set_31,169,prob,gp,lingering,demo_reg_query_rev_chat_none,reg,rev,chat,none,0.0005758641636930406,0.999424135836307,1,0.9999688267707825,7a30cd2a2d8ad2f594105e22ee7dccb30cc8c3f7ebc9aecc6eb81661686812eb
amouyal:86,set_31,172,prob,non_gp,simple,demo_reg_query_rev_chat_none,reg,rev,chat,none,0.9998189806938171,0.9998189806938171,1,0.99979168176651,0a66e64664bd68ae960e0428e42a97b1046c444a1d5a42d3c7796747eeb26089
amouyal:87,set_31,173,prob,non_gp,lingering,demo_reg_query_rev_chat_none,reg,rev,chat,none,0.9887165427207947,0.011283457279205322,0,0.9998573064804077,e44fefa6fd72b209970ed6207400e2bac8d93bd54f6643edd79ea1110e0a5302
amouyal:88,set_32,176,prob,gp,simple,demo_reg_query_rev_chat_none,reg,rev,chat,none,0.9679101705551147,0.9679101705551147,1,0.9993559122085571,987dcbca93356dd483608794ab30fe43b65827da434d17a94989b2985c5b0716
amouyal:89,set_32,177,prob,gp,lingering,demo_reg_query_rev_chat_none,reg,rev,chat,none,1.0219577234238386e-05,0.9999897804227658,1,0.9999298453330994,bd02b1536d08ee5556942d94959db1651869083d4fc94fd56dcb842889005816
amouyal:90,set_32,180,prob,non_gp,simple,demo_reg_query_rev_chat_none,reg,rev,chat,none,0.9998417496681213,0.9998417496681213,1,0.999696671962738,e6118c1a8652b1681ae4a3acc21d89ad0d792b3a3fc2de57f7277fd2713c9d76
amouyal:91,set_32,181,prob,non_gp,lingering,demo_reg_query_rev_chat_none,reg,rev,chat,none,0.8738598227500916,0.12614017724990845,0,0.9996763467788696,af824f42a5f53e79a576031a319e031a8f8c42b6fcbb458958da37a8c2c41ed8
amouyal:92,set_33,184,prob,gp,simple,demo_reg_query_rev_chat_none,reg,rev,chat,none,0.030019104480743408,0.030019104480743408,0,0.9998526573181152,93eb1c8f9b08d34c3f7219257fef2e22305e36928c180a310604935cc8290674
amouyal:93,set_33,185,prob,gp,lingering,demo_reg_query_rev_chat_none,reg,rev,chat,none,0.0047380817122757435,0.9952619182877243,1,0.9999201893806458,2187ea9ac32f89c931a9aace388a3603815a585517a164eab6644e2a2153f0f5
amouyal:94,set_33,188,prob,non_gp,simple,demo_reg_query_rev_chat_none,reg,rev,chat,none,0.9999809861183167,0.9999809861183167,1,0.9998180866241455,0bca98a37f2487831a2c745590960cc73383a37ea624999230853d0e58ac4e4c
amouyal:95,set_33,189,prob,non_gp,lingering,demo_reg_query_rev_chat_none,reg,rev,chat,none,0.9918727278709412,0.008127272129058838,0,0.9995661973953247,6952b4b6451c6dc1cf4867e506824da9d7e5903801329ea7a739f8dc40c8874e
amouyal:96,set_34,192,prob,gp,simple,demo_reg_query_rev_chat_none,reg,rev,chat,none,0.998321533203125,0.998321533203125,1,0.9997039437294006,54321a05d3976ddce41e0470f532569241958623bac6f07f15eebe9e586634b1
amouyal:97,set_34,193,prob,gp,lingering,demo_reg_query_rev_chat_none,reg,rev,chat,none,0.0005636060377582908,0.9994363939622417,1,0.9999587535858154,e73d0c3525c9cd8f6ea2030661d4a37a3a6d70ac08fdc6eb3816ca919149bc28
amouyal:98,set_34,196,prob,non_gp,simple,demo_reg_query_rev_chat_none,reg,rev,chat,none,0.9999973773956299,0.9999973773956299,1,0.9996033906936646,d464e95ad3596b69a0f57dc3d69b27b360eb81ce3036e1fb4ffe457c70626704
amouyal:99,set_34,197,prob,non_gp,lingering,demo_reg_query_rev_chat_none,reg,rev,chat,none,0.9951012134552002,0.004898786544799805,0,0.999878466129303,c17fe2e4cf72576527c3866fcf3a70340f444987882aaf81b770fd6ec6f0ea81
amouyal:100,set_35,200,prob,gp,simple,demo_reg_query_rev_chat_none,reg,rev,chat,none,0.05555696785449982,0.05555696785449982,0,0.9982454776763916,54369c40e9583f1a411ba5ee93a449e6c83265be6926c3218501b2d0fa83dad9
amouyal:101,set_35,201,prob,gp,lingering,demo_reg_query_rev_chat_none,reg,rev,chat,none,0.012162715196609497,0.9878372848033905,1,0.9995490908622742,dd104fec245de8a9a3ffd22c037869cc435bc92bc3af61bbd62775039ea5457b
amouyal:102,set_35,204,prob,non_gp,simple,demo_reg_query_rev_chat_none,reg,rev,chat,none,0.9999209046363831,0.9999209046363831,1,0.9996716380119324,146277ffe12c70cb9f34a69909eb2e312cd7f24a530240f4893a9d3f3c91cad1
amouyal:103,set_35,205,prob,non_gp,lingering,demo_reg_query_rev_chat_none,reg,rev,chat,none,0.9215592741966248,0.07844072580337524,0,0.9994305968284607,3de10df07e9f0859d1269fea048481292cb8e5717ee7b851d36fc9a4a0e27af7
amouyal:104,set_36,208,prob,gp,simple,demo_reg_query_rev_chat_none,reg,rev,chat,none,0.564363420009613,0.564363420009613,1,0.9998592734336853,eec9c23f0a8769067b71eb11316b499f53ea11339e222e2af705d0fa158cbb52
amouyal:105,set_36,209,prob,gp,lingering,demo_reg_query_rev_chat_none,reg,rev,chat,none,0.006824389565736055,0.993175610434264,1,0.9998849630355835,88bc716311ead8e9532a40a7c8302e2b0283b5b7d896991bd0bafb4537f0eca8
amouyal:106,set_36,212,prob,non_gp,simple,demo_reg_query_rev_chat_none,reg,rev,chat,none,0.9999931454658508,0.9999931454658508,1,0.9998036623001099,7fe2a2a3e225af0004f8bbddb4323121cd65664d4bfff3d8b852d081f21aff68
amouyal:107,set_36,213,prob,non_gp,lingering,demo_reg_query_rev_chat_none,reg,rev,chat,none,0.9943556785583496,0.005644321441650391,0,0.9998182654380798,c7595d59746c59278d0661fb68dd875d24fc9777fd59c16915745e2e64bec8bc
amouyal:108,set_37,216,prob,gp,simple,demo_reg_query_rev_chat_none,reg,rev,chat,none,0.00021728001593146473,0.00021728001593146473,0,0.9998470544815063,d3bb55616624edc0b6df576751680a2aa225d79cd4060599b16b26d86ee0fb98
amouyal:109,set_37,217,prob,gp,lingering,demo_reg_query_rev_chat_none,reg,rev,chat,none,2.9464894396369345e-05,0.9999705351056036,1,0.9999344348907471,540f10b765fa245215239b1fc570f20895a92acf71cc1bf6f3e6b9579bbebe6a
amouyal:110,set_37,220,prob,non_gp,simple,demo_reg_query_rev_chat_none,reg,rev,chat,none,0.09693769365549088,0.09693769365549088,0,0.9997590184211731,32b2036587617f4d6de7c81b37e9279ddba6432dabf9f92bbd4b2b01dade7fdf
amouyal:111,set_37,221,prob,non_gp,lingering,demo_reg_query_rev_chat_none,reg,rev,chat,none,0.024649977684020996,0.975350022315979,1,0.9998610615730286,742b1ea757c23e205e02250069c08ff0213530db19f56c23f7d5015d1f70a7dc
amouyal:112,set_38,224,prob,gp,simple,demo_reg_query_rev_chat_none,reg,rev,chat,none,0.022174999117851257,0.022174999117851257,0,0.9995635151863098,f62a0a30397e1a954a4074a6915ad44479a4e20d234f141b5572d7c938d07035
amouyal:113,set_38,225,prob,gp,lingering,demo_reg_query_rev_chat_none,reg,rev,chat,none,0.09284594655036926,0.9071540534496307,1,0.9996628165245056,202d78abefa9b9eaa19bea3b03775d81274f1460ce9a04f521367a8f6a449f2a
amouyal:114,set_38,228,prob,non_gp,simple,demo_reg_query_rev_chat_none,reg,rev,chat,none,0.9991812109947205,0.9991812109947205,1,0.9997963905334473,25872314e224004f7a38991bea226d1e33b2ae1836ddf245d66940e62acc0d48
amouyal:115,set_38,229,prob,non_gp,lingering,demo_reg_query_rev_chat_none,reg,rev,chat,none,2.645905681220029e-07,0.9999997354094319,1,0.999965488910675,e293b297693c9f7baec3bfe7511c3c7982669ecdc0f5ec199fa2b0fbb6cf99d8
amouyal:116,set_39,232,prob,gp,simple,demo_reg_query_rev_chat_none,reg,rev,chat,none,0.3222464919090271,0.3222464919090271,0,0.9989805221557617,9bf652c75690ec1ddc50f479130694a0daab3bd40fc5da079c3acd1e6176aaa1
amouyal:117,set_39,233,prob,gp,lingering,demo_reg_query_rev_chat_none,reg,rev,chat,none,0.028299981728196144,0.9717000182718039,1,0.9997939467430115,cd581323d88c5edc59e6ec7dbd54bbe99201f175bcd200dd211bf7c8894181a3
amouyal:118,set_39,236,prob,non_gp,simple,demo_reg_query_rev_chat_none,reg,rev,chat,none,0.9999046325683594,0.9999046325683594,1,0.9997196197509766,f77a7b055608e1b433d4cfa61fc87cd64c5be168984ec1f8e1565f6d2875d520
amouyal:119,set_39,237,prob,non_gp,lingering,demo_reg_query_rev_chat_none,reg,rev,chat,none,0.9988595247268677,0.0011404752731323242,0,0.9998496770858765,001f0a212e3303ec53a410ef48f11a87b9c95984da953672708a0ccf65f6c1fd
amouyal:120,set_40,240,prob,gp,simple,demo_reg_query_rev_chat_none,reg,rev,chat,none,0.0873674750328064,0.0873674750328064,0,0.9995540976524353,15c1843ad93988474daebbb68371b53540448179856c2f3761aed624d149427b
amouyal:121,set_40,241,prob,gp,lingering,demo_reg_query_rev_chat_none,reg,rev,chat,none,0.0007417436572723091,0.9992582563427277,1,0.9999423027038574,6420e2a87094c31df0f2272eac5886f656e466fa45e7b47eced41e507786c615
amouyal:122,set_40,244,prob,non_gp,simple,demo_reg_query_rev_chat_none,reg,rev,chat,none,0.9964393973350525,0.9964393973350525,1,0.9996441006660461,80ace20807dbe1459002479bcda2106ff6e35bfb050968f473fc36c263bb03c1
amouyal:123,set_40,245,prob,non_gp,lingering,demo_reg_query_rev_chat_none,reg,rev,chat,none,0.4183368980884552,0.5816631019115448,1,0.9996789693832397,a9df317f7f94841306081d9d35f2f8919ff3c1c5c2be3dc3972f94443dbc9bd2
amouyal:124,set_41,248,prob,gp,simple,demo_reg_query_rev_chat_none,reg,rev,chat,none,0.9975464344024658,0.9975464344024658,1,0.9998251795768738,dfc84b1f99505174dfa954e9c958b2bfe18e7bf9bf98626482f2e9f370df5fac
amouyal:125,set_41,249,prob,gp,lingering,demo_reg_query_rev_chat_none,reg,rev,chat,none,0.0028065736405551434,0.9971934263594449,1,0.9997637867927551,9a58cb041752317fe58d601938e4987eff672b4fa665316725d52f804f2cc456
amouyal:126,set_41,252,prob,non_gp,simple,demo_reg_query_rev_chat_none,reg,rev,chat,none,0.9999984502792358,0.9999984502792358,1,0.9996645450592041,eb21f49542ff60d1fdbbc455cfa86844273aa618f4798baf780e6190118fef5f
amouyal:127,set_41,253,prob,non_gp,lingering,demo_reg_query_rev_chat_none,reg,rev,chat,none,0.9997551441192627,0.0002448558807373047,0,0.9997484683990479,bfacfc8bbf221d1ed6a7e4f121d9f309155920bc5a390a397f22a687cb3a2abd
amouyal:128,set_42,256,prob,gp,simple,demo_reg_query_rev_chat_none,reg,rev,chat,none,0.9998218417167664,0.9998218417167664,1,0.9998903274536133,f53699cbacb16c1ab637ce4447082f35e8a9c1ca504e704ab9a84f962eb99df4
amouyal:129,set_42,257,prob,gp,lingering,demo_reg_query_rev_chat_none,reg,rev,chat,none,0.9903585314750671,0.009641468524932861,0,0.9996899962425232,8de9f74b875079652cff73afc807b61764ffc4832aff5fd3d00d2b99b1969abd
amouyal:130,set_42,260,prob,non_gp,simple,demo_reg_query_rev_chat_none,reg,rev,chat,none,0.9999919533729553,0.9999919533729553,1,0.9996617436408997,11a6cd243d9f10fb261800e5ecfe61a288b097affa5170973e29aab8819d8808
amouyal:131,set_42,261,prob,non_gp,lingering,demo_reg_query_rev_chat_none,reg,rev,chat,none,0.9965692162513733,0.003430783748626709,0,0.9996637105941772,8848c64437dfcbdae05d1891a9a686b1599ca512b1982c0ff8948e7441544dee
amouyal:132,set_43,264,prob,gp,simple,demo_reg_query_rev_chat_none,reg,rev,chat,none,0.9779569506645203,0.9779569506645203,1,0.999727725982666,66013616a3c4dd958621bc09b65220ff585478634a8f50ecb14d6b8f2643a187
amouyal:133,set_43,265,prob,gp,lingering,demo_reg_query_rev_chat_none,reg,rev,chat,none,0.0012672276934608817,0.9987327723065391,1,0.9998577833175659,ac47ab042a49ddf2b04ecc6a076f6a7d268920c0a4a7dcc32aae2bfc3e7d748e
amouyal:134,set_43,268,prob,non_gp,simple,demo_reg_query_rev_chat_none,reg,rev,chat,none,0.9997168183326721,0.9997168183326721,1,0.9996243119239807,d3e14c0d8750f9bd2e256b9a3e63fd0da7853388013865fb270aba313c4af0ff
amouyal:135,set_43,269,prob,non_gp,lingering,demo_reg_query_rev_chat_none,reg,rev,chat,none,0.9999408721923828,5.91278076171875e-05,0,0.9997227787971497,4cc229ed7f845db57f3c9e0bdf26ab16a3c5bfc47a93045317299dd2a47ff69a
amouyal:136,set_44,272,prob,gp,simple,demo_reg_query_rev_chat_none,reg,rev,chat,none,0.0005141929723322392,0.0005141929723322392,0,0.9999321103096008,63877b8225edceae823905c6deb4872fff9f9eea57cc1e1c229eb7eb14426d3c
amouyal:137,set_44,273,prob,gp,lingering,demo_reg_query_rev_chat_none,reg,rev,chat,none,2.975482402689522e-06,0.9999970245175973,1,0.9999446272850037,887057566398743e4e3f58bab077ec389288c9fcc179fedce0a7d133f7afedde
amouyal:138,set_44,276,prob,non_gp,simple,demo_reg_query_rev_chat_none,reg,rev,chat,none,0.7607413530349731,0.7607413530349731,1,0.9992245435714722,acf95200a397fdadb5b3fcafaaf7ebe1bf3b71d446155790ce5b0b08e92592ea
amouyal:139,set_44,277,prob,non_gp,lingering,demo_reg_query_rev_chat_none,reg,rev,chat,none,0.0008507397142238915,0.9991492602857761,1,0.9999531507492065,0410bba0c4449d350bae91c07407b74f497638d195e1760ef5325c790832e2d0
amouyal:140,set_45,280,prob,gp,simple,demo_reg_query_rev_chat_none,reg,rev,chat,none,0.046610407531261444,0.046610407531261444,0,0.9993675947189331,f28630cfe5ee703dae22afe8e6dbf602d2ea2f48b61330df7d23af5ff9cf4e04
amouyal:141,set_45,281,prob,gp,lingering,demo_reg_query_rev_chat_none,reg,rev,chat,none,0.0932592898607254,0.9067407101392746,1,0.9997634291648865,41b4bf83256817f75dcfa1557d7bda9c718396c7e325d3aebb6950d75c9db70e
amouyal:142,set_45,284,prob,non_gp,simple,demo_reg_query_rev_chat_none,reg,rev,chat,none,0.9994669556617737,0.9994669556617737,1,0.9994848370552063,f6d95cd6325e6908c0ee37a5a9f28e215177b29ae45d02e27711d0b80e228ea8
amouyal:143,set_45,285,prob,non_gp,lingering,demo_reg_query_rev_chat_none,reg,rev,chat,none,0.9992881417274475,0.0007118582725524902,0,0.9997479319572449,fa68e2ca741b0f4fdb08b4d290c623b345c2923785cff7cd76ac98241ee3e750
amouyal:144,set_hyp5_1,288,reflexive,non_gp,simple,demo_reg_query_rev_chat_none,reg,rev,chat,none,0.9987050294876099,0.9987050294876099,1,0.9993710517883301,1dc779bc4711a3ac1aa4fb9d9da7a78e5f218fd0507b8f6feafed16a4676e1fc
amouyal:145,set_hyp5_1,289,reflexive,non_gp,lingering,demo_reg_query_rev_chat_none,reg,rev,chat,none,0.9996444582939148,0.0003555417060852051,0,0.9996713399887085,93217af2631105c0d17718850e8a55f464688528b0eb89e2bf94a7ffac33312d
amouyal:146,set_hyp5_2,290,reflexive,non_gp,simple,demo_reg_query_rev_chat_none,reg,rev,chat,none,0.9999356269836426,0.9999356269836426,1,0.9997501373291016,84a4d8acc4d8b7e172fdeb75d2faeca373d32e7d4b15eb406c4cb39f7441eed8
amouyal:147,set_hyp5_2,291,reflexive,non_gp,lingering,demo_reg_query_rev_chat_none,reg,rev,chat,none,5.064563768364394e-10,0.9999999994935436,1,0.9999932646751404,88f3cf8f1fc0c51e97cec552c2edd17b9ae9786b139428c2b980803134184383
amouyal:148,set_hyp5_3,292,reflexive,non_gp,simple,demo_reg_query_rev_chat_none,reg,rev,chat,none,0.9999810457229614,0.9999810457229614,1,0.999725341796875,11fefb3fe198a867f9a7b302f9c2f543ac2d8713b3fb287abde346978694c083
amouyal:149,set_hyp5_3,293,reflexive,non_gp,lingering,demo_reg_query_rev_chat_none,reg,rev,chat,none,4.1691044316394255e-05,0.9999583089556836,1,0.9999766945838928,0ce26e8bbc150212beaa3a99d42aae7971f86e7845650025f7672fd04b25b301
amouyal:150,set_hyp5_4,294,reflexive,non_gp,simple,demo_reg_query_rev_chat_none,reg,rev,chat,none,0.9985829591751099,0.9985829591751099,1,0.9996349811553955,5629963e7549221d62f44809f225efa4ba9830cac8b8af26cb3369b70ec689ea
amouyal:151,set_hyp5_4,295,reflexive,non_gp,lingering,demo_reg_query_rev_chat_none,reg,rev,chat,none,0.21003568172454834,0.7899643182754517,1,0.9995651841163635,7301ef7ddddf36db6050da02da058b08e5efd194315df5f191a67a4132923b8f
amouyal:152,set_hyp5_5,296,reflexive,non_gp,simple,demo_reg_query_rev_chat_none,reg,rev,chat,none,0.9999953508377075,0.9999953508377075,1,0.999751091003418,9f32ff86b2a75c4dc3f5c1c164bec1b7cf7273cdd18271b4316cac476ccde949
amouyal:153,set_hyp5_5,297,reflexive,non_gp,lingering,demo_reg_query_rev_chat_none,reg,rev,chat,none,0.540790319442749,0.459209680557251,0,0.9996209144592285,9ab20114693f282720f71e6bd0ca79a7d67c48fce6659d18cbeaa71456f45beb
amouyal:154,set_hyp5_6,298,reflexive,non_gp,simple,demo_reg_query_rev_chat_none,reg,rev,chat,none,0.9998724460601807,0.9998724460601807,1,0.99974125623703,d3f6feca493b40952f2a9ad85cd2dd8a522b115d1b2608f1e2ca9b7a4a560b86
amouyal:155,set_hyp5_6,299,reflexive,non_gp,lingering,demo_reg_query_rev_chat_none,reg,rev,chat,none,0.0024565118364989758,0.997543488163501,1,0.9998491406440735,0499aa98aa9f90058fe344086f90c5f0dc3dcbf94390d32199f103dc3fe9b716
amouyal:156,set_hyp5_7,300,reflexive,non_gp,simple,demo_reg_query_rev_chat_none,reg,rev,chat,none,0.9999154806137085,0.9999154806137085,1,0.9997440576553345,40feedcb3763c4f0a66d3c856b94f66a7e30a6f20ae1bd76a64c0425fdaaa134
amouyal:157,set_hyp5_7,301,reflexive,non_gp,lingering,demo_reg_query_rev_chat_none,reg,rev,chat,none,0.0013750100042670965,0.9986249899957329,1,0.9998926520347595,2aefadbbf0bc5533992179c73a4184b42c793b088aa8ed286cd48bf630672c5d
amouyal:158,set_hyp5_8,302,reflexive,non_gp,simple,demo_reg_query_rev_chat_none,reg,rev,chat,none,0.9997426271438599,0.9997426271438599,1,0.9996277689933777,054bfba390c832472e9578ea794e50fdd0d0f6754c90da71e4c17773ce4cf819
amouyal:159,set_hyp5_8,303,reflexive,non_gp,lingering,demo_reg_query_rev_chat_none,reg,rev,chat,none,0.00013818699517287314,0.9998618130048271,1,0.9999741315841675,fdd0cb2bcf74e4303486588128c29fdf9a6f94ed9ba7ac1e49a5cfe2e29fe967
amouyal:160,set_hyp5_9,304,reflexive,non_gp,simple,demo_reg_query_rev_chat_none,reg,rev,chat,none,0.9997968673706055,0.9997968673706055,1,0.9997304081916809,16e493a3cd0dc5063fe36a4e86c2909b03df7b577289161c2f4a1ff7978600c1
amouyal:161,set_hyp5_9,305,reflexive,non_gp,lingering,demo_reg_query_rev_chat_none,reg,rev,chat,none,0.9361975193023682,0.06380248069763184,0,0.9995667338371277,730a527cc9e999ca7cbb81b3711cc02b22e0ceaa9213276e69ba77c959044500
amouyal:162,set_hyp5_10,306,reflexive,non_gp,simple,demo_reg_query_rev_chat_none,reg,rev,chat,none,0.9999814629554749,0.9999814629554749,1,0.9997662305831909,30251149810cd3586b78b6256df096542c304eacf5abd30af5189cde1c35a2fa
amouyal:163,set_hyp5_10,307,reflexive,non_gp,lingering,demo_reg_query_rev_chat_none,reg,rev,chat,none,0.9631629586219788,0.03683704137802124,0,0.9997093677520752,146f5762a5a86c6de86f3dad0dee93fdbe06aadb195353fdc767d4390962935b
amouyal:164,set_hyp5_11,308,reflexive,non_gp,simple,demo_reg_query_rev_chat_none,reg,rev,chat,none,0.9999407529830933,0.9999407529830933,1,0.9996645450592041,645779ab97551e6d4dddf1641ead88a3f4c07d302bde4eeac0162be029f3a7ea
amouyal:165,set_hyp5_11,309,reflexive,non_gp,lingering,demo_reg_query_rev_chat_none,reg,rev,chat,none,4.3830345930473413e-07,0.9999995616965407,1,0.9999879002571106,c82e6b3768366638d607eaafe63cf923aa6b461aa105d7ebf62704d99ecce694
amouyal:166,set_hyp5_12,310,reflexive,non_gp,simple,demo_reg_query_rev_chat_none,reg,rev,chat,none,0.9999799728393555,0.9999799728393555,1,0.9996135234832764,72d18df1504fe5ed4ede9e50cbc639c2545d537930355cdd928cb0e670fb5651
amouyal:167,set_hyp5_12,311,reflexive,non_gp,lingering,demo_reg_query_rev_chat_none,reg,rev,chat,none,0.12460055947303772,0.8753994405269623,1,0.9999163746833801,7f5660077923494a1be95f236824d425bbb284628ef1a6a37a589e35e6cff505
amouyal:168,set_hyp5_13,312,reflexive,non_gp,simple,demo_reg_query_rev_chat_none,reg,rev,chat,none,0.9999891519546509,0.9999891519546509,1,0.9997327923774719,4fbbd0c994246a4994e0286f12082dd64ff1822a4adfefee9518800004be89ce
amouyal:169,set_hyp5_13,313,reflexive,non_gp,lingering,demo_reg_query_rev_chat_none,reg,rev,chat,none,0.8101266026496887,0.18987339735031128,0,0.9991607069969177,4a048fe6c3487fa7b40ed4e03dca152707044b19f4511ed531f6b09a06aee7b6
amouyal:170,set_hyp5_14,314,reflexive,non_gp,simple,demo_reg_query_rev_chat_none,reg,rev,chat,none,0.9762521386146545,0.9762521386146545,1,0.9990016222000122,4412b95a73aee649553c5d334b5e19523ddee6b6a78b0cc0fdf6ddcd171c0d36
amouyal:171,set_hyp5_14,315,reflexive,non_gp,lingering,demo_reg_query_rev_chat_none,reg,rev,chat,none,5.021749893785454e-05,0.9999497825010621,1,0.9999095797538757,495933694f322ca20c7bdf8ae5ef842680cb4a651ccc28d17b51b47a8f3cee9b
amouyal:172,set_hyp5_15,316,reflexive,non_gp,simple,demo_reg_query_rev_chat_none,reg,rev,chat,none,0.999997079372406,0.999997079372406,1,0.9997196197509766,a4abe21ad75ad07a0ff7aa01b2a6c55c1d78d23281d8af734c5ae8dae8413352
amouyal:173,set_hyp5_15,317,reflexive,non_gp,lingering,demo_reg_query_rev_chat_none,reg,rev,chat,none,0.6164426803588867,0.3835573196411133,0,0.9995142221450806,0630936ebbe53b73e53ea88376f0c62eb35398d1fe245a413f5e64a99b391a3c
amouyal:174,set_hyp5_16,318,reflexive,non_gp,simple,demo_reg_query_rev_chat_none,reg,rev,chat,none,0.9999851584434509,0.9999851584434509,1,0.9998471140861511,739bfeda9583af79410f9b6ae076ad9222b069ed0993faf13af2e150999b3b2e
amouyal:175,set_hyp5_16,319,reflexive,non_gp,lingering,demo_reg_query_rev_chat_none,reg,rev,chat,none,0.748814046382904,0.25118595361709595,0,0.9992812871932983,99474fa3fc5e49cc12623a6a9d6ceab3bbd64bf756696f59e23eef3da993cf70
amouyal:176,set_hyp5_17,320,reflexive,non_gp,simple,demo_reg_query_rev_chat_none,reg,rev,chat,none,0.9999769330024719,0.9999769330024719,1,0.9996224045753479,53f3411d5692a16725e67c2c60240b8786c056e1cc03da53318e2570f364b336
amouyal:177,set_hyp5_17,321,reflexive,non_gp,lingering,demo_reg_query_rev_chat_none,reg,rev,chat,none,2.6483928650122834e-07,0.9999997351607135,1,0.9999430775642395,5fbd83d351f4c030a3c13c14a013bca226256dbaf7777bd10a1e85ba9b820a2b
amouyal:178,set_hyp5_18,322,reflexive,non_gp,simple,demo_reg_query_rev_chat_none,reg,rev,chat,none,1.1003258038044805e-07,1.1003258038044805e-07,0,0.9998896718025208,dd422f5d88ca569753c7f348d02fdf26281439f64141153b25b84039c8b86e30
amouyal:179,set_hyp5_18,323,reflexive,non_gp,lingering,demo_reg_query_rev_chat_none,reg,rev,chat,none,0.9951604604721069,0.004839539527893066,0,0.9997595548629761,fa93779cf725f2076a03d52e2a2c12170f96ef0b236d57f490a87d886b857fee
amouyal:180,set_hyp5_19,324,reflexive,non_gp,simple,demo_reg_query_rev_chat_none,reg,rev,chat,none,0.9999880194664001,0.9999880194664001,1,0.9994102120399475,678fc204ea3d3f051367d7db9e8f124b3887ee3dd489be73b677f983b0c7f7d0
amouyal:181,set_hyp5_19,325,reflexive,non_gp,lingering,demo_reg_query_rev_chat_none,reg,rev,chat,none,0.7060185074806213,0.29398149251937866,0,0.9994595646858215,cc54a10174a7e94c805bf8c2ded2e61d7daf002c1e6f5a4f6d19d07aa9203755
amouyal:182,set_hyp5_20,326,reflexive,non_gp,simple,demo_reg_query_rev_chat_none,reg,rev,chat,none,0.9202597141265869,0.9202597141265869,1,0.9984050989151001,53691c31c5bd2ac7cf1a2a6b3bc898e82e9058be2cb317a3d2d7a29279c630e4
amouyal:183,set_hyp5_20,327,reflexive,non_gp,lingering,demo_reg_query_rev_chat_none,reg,rev,chat,none,0.0036663992796093225,0.9963336007203907,1,0.9997446537017822,882f463d047f75e32bbc6d0539050155872eb4422d52fc16da5514ed842842dc
amouyal:184,set_hyp5_21,328,reflexive,non_gp,simple,demo_reg_query_rev_chat_none,reg,rev,chat,none,0.998388946056366,0.998388946056366,1,0.9996575117111206,af7fffbfd82d6bb55c4590d42431c50d6c8391626963943d17e0fbca8b5533f2
amouyal:185,set_hyp5_21,329,reflexive,non_gp,lingering,demo_reg_query_rev_chat_none,reg,rev,chat,none,0.9899799823760986,0.010020017623901367,0,0.9998863339424133,2df4295b7a71deb15de06629836ad9d01ebc39ad65ceab1d0d53950122803ed7
amouyal:186,set_hyp5_22,330,reflexive,non_gp,simple,demo_reg_query_rev_chat_none,reg,rev,chat,none,0.9998066425323486,0.9998066425323486,1,0.999584972858429,49d58fc5c11b08131768b26b970a4871e4d28c51c198129c2cf599d1f16e7989
amouyal:187,set_hyp5_22,331,reflexive,non_gp,lingering,demo_reg_query_rev_chat_none,reg,rev,chat,none,1.87139960416971e-06,0.9999981286003958,1,0.9998742938041687,d97c73ce2bb44ca85af11178b75fd446f785dbee181150e24337d9a89ded9c55
amouyal:188,set_hyp5_23,332,reflexive,non_gp,simple,demo_reg_query_rev_chat_none,reg,rev,chat,none,0.9999974370002747,0.9999974370002747,1,0.9995325207710266,e52d9018c8ee30bf842f5aa984101fd5433bf7369992e3ab4f102d635c0a46a4
amouyal:189,set_hyp5_23,333,reflexive,non_gp,lingering,demo_reg_query_rev_chat_none,reg,rev,chat,none,0.011706631630659103,0.9882933683693409,1,0.999923586845398,431d56d3cec423903600fbc75af35a495936462cf50f69c0c6be8e45ae93eb12
amouyal:190,set_hyp5_24,334,reflexive,non_gp,simple,demo_reg_query_rev_chat_none,reg,rev,chat,none,0.9999980330467224,0.9999980330467224,1,0.9997656941413879,8ef3f18459951ab5cff9bac38b450a3c79bd06c23e6bd0a99f31a1f3881d5bcb
amouyal:191,set_hyp5_24,335,reflexive,non_gp,lingering,demo_reg_query_rev_chat_none,reg,rev,chat,none,0.9561343789100647,0.0438656210899353,0,0.9997484683990479,2340722f85d24d4b962d1770d82aecdd062d1e235c0c5b9936564fa115dab72c
amouyal:192,set_hyp5_1,336,reflexive,gp,simple,demo_reg_query_rev_chat_none,reg,rev,chat,none,0.8275637030601501,0.8275637030601501,1,0.9994937181472778,8ec508081791ff6c5ca8f6b680fd754c68dc94d1e82bc1a358476bd9652dfabb
amouyal:193,set_hyp5_1,337,reflexive,gp,lingering,demo_reg_query_rev_chat_none,reg,rev,chat,none,0.0023906470742076635,0.9976093529257923,1,0.9999076128005981,122022e91b3f3adbca2b2e2faa928752cf7c4bc63f7549daa88d98ab774653e2
amouyal:194,set_hyp5_2,338,reflexive,gp,simple,demo_reg_query_rev_chat_none,reg,rev,chat,none,0.9943299293518066,0.9943299293518066,1,0.9998540878295898,98e404ebae8ae05c2ade5711cecc01da4c5920d68cf3b3cfcdd216bf5e575754
amouyal:195,set_hyp5_2,339,reflexive,gp,lingering,demo_reg_query_rev_chat_none,reg,rev,chat,none,2.643418497427774e-07,0.9999997356581503,1,0.9999921321868896,58206636cb7074a262b7c888aa0d5d6f7bcefd44081da8c8d1d5bb2f74e10926
amouyal:196,set_hyp5_3,340,reflexive,gp,simple,demo_reg_query_rev_chat_none,reg,rev,chat,none,0.3594644367694855,0.3594644367694855,0,0.9993399381637573,1a29f40fd98e1cd68b9005860edb001d4c3bbfd4ec7e167a8970c171ecc4d8ff
amouyal:197,set_hyp5_3,341,reflexive,gp,lingering,demo_reg_query_rev_chat_none,reg,rev,chat,none,0.0406571663916111,0.9593428336083889,1,0.9998071193695068,4ed30b29fc04a433f40b09dcc75fa44cd4553fb7025b8d992cf04de707d9224e
amouyal:198,set_hyp5_4,342,reflexive,gp,simple,demo_reg_query_rev_chat_none,reg,rev,chat,none,0.4360843300819397,0.4360843300819397,0,0.999680757522583,ca1cb76e2484a2c087b1c0142fe1511a2c95958c7be8a312f21d195e45165720
amouyal:199,set_hyp5_4,343,reflexive,gp,lingering,demo_reg_query_rev_chat_none,reg,rev,chat,none,0.01611274667084217,0.9838872533291578,1,0.9998999238014221,60d89beb6bd03877a2b9579b08013cb9c3c3033778dd156ab3003558af4f9053
amouyal:200,set_hyp5_5,344,reflexive,gp,simple,demo_reg_query_rev_chat_none,reg,rev,chat,none,0.9051212072372437,0.9051212072372437,1,0.9996917247772217,07e52cc5e8ae206361130ad8d0eea12447cd02b4a501848b4ceb5e08a5ebba75
amouyal:201,set_hyp5_5,345,reflexive,gp,lingering,demo_reg_query_rev_chat_none,reg,rev,chat,none,0.0016380820889025927,0.9983619179110974,1,0.9999249577522278,94bf629f8e832988b74ab2787c4d554db20d8e263c958a3a7de9e30d0e6ae3cd
amouyal:202,set_hyp5_6,346,reflexive,gp,simple,demo_reg_query_rev_chat_none,reg,rev,chat,none,0.9949489235877991,0.9949489235877991,1,0.9994810819625854,a766e8e0e835e59a8998940f1a3ef931ad14451f53d7feaeaeb9436f2b5c48f3
amouyal:203,set_hyp5_6,347,reflexive,gp,lingering,demo_reg_query_rev_chat_none,reg,rev,chat,none,0.9903937578201294,0.009606242179870605,0,0.9992688894271851,3a8098b98b17080a2123be1bdee4323429bda77e1a01978dcf632c627835f9a7
amouyal:204,set_hyp5_7,348,reflexive,gp,simple,demo_reg_query_rev_chat_none,reg,rev,chat,none,0.6165599822998047,0.6165599822998047,1,0.9991987347602844,553cbb81245ced8e26b9678598902347d81017b7e22b58232c5ac57308011389
amouyal:205,set_hyp5_7,349,reflexive,gp,lingering,demo_reg_query_rev_chat_none,reg,rev,chat,none,0.013520501554012299,0.9864794984459877,1,0.9998966455459595,4ad140d53938eb52e385cac4aeb978e8e5e54094a499de53739c553813fcf7f7
amouyal:206,set_hyp5_8,350,reflexive,gp,simple,demo_reg_query_rev_chat_none,reg,rev,chat,none,0.9986342191696167,0.9986342191696167,1,0.9998034834861755,be8ddc2d70649025fe79a60411a927b5b7517030990032104194259b3a1b9ec4
amouyal:207,set_hyp5_8,351,reflexive,gp,lingering,demo_reg_query_rev_chat_none,reg,rev,chat,none,0.0010194663191214204,0.9989805336808786,1,0.9999363422393799,bafef51725087a314d5e9653183cb703476aede64058fb69b373f08384848319
amouyal:208,set_hyp5_9,352,reflexive,gp,simple,demo_reg_query_rev_chat_none,reg,rev,chat,none,0.9962311387062073,0.9962311387062073,1,0.9997159242630005,32ef83e07f6111e837a74e23e3b3e30fc4ae1c107a16716da6e8cc1e6f3d3ad8
amouyal:209,set_hyp5_9,353,reflexive,gp,lingering,demo_reg_query_rev_chat_none,reg,rev,chat,none,0.9934458136558533,0.0065541863441467285,0,0.9996435046195984,7bd11190e8a36ff39f4b93b4d5c119311fd92e9b9668526527936e75affd7273
amouyal:210,set_hyp5_10,354,reflexive,gp,simple,demo_reg_query_rev_chat_none,reg,rev,chat,none,0.9945723414421082,0.9945723414421082,1,0.9998460412025452,96d99c34d0f15669530c660a38a0152270ade95303e3d1a7e47f9ad21e385024
amouyal:211,set_hyp5_10,355,reflexive,gp,lingering,demo_reg_query_rev_chat_none,reg,rev,chat,none,0.0034970210399478674,0.9965029789600521,1,0.9999627470970154,ee035dfdddf0146e89e3a91b109a00915faa2b10f13a9acec1fa4bd06c1125c3
amouyal:212,set_hyp5_11,356,reflexive,gp,simple,demo_reg_query_rev_chat_none,reg,rev,chat,none,0.419067919254303,0.419067919254303,0,0.9993658065795898,1f0a3c97f0102ab5021238d9cced9b9bbf348dc1a7f0040bdfb8fddac19dce1b
amouyal:213,set_hyp5_11,357,reflexive,gp,lingering,demo_reg_query_rev_chat_none,reg,rev,chat,none,0.01203141175210476,0.9879685882478952,1,0.999798059463501,d5cdfd70b15eb7892e4733dca0b816d4f4c559c8f365af4260816a0db86b6dca
amouyal:214,set_hyp5_12,358,reflexive,gp,simple,demo_reg_query_rev_chat_none,reg,rev,chat,none,0.9988180994987488,0.9988180994987488,1,0.9998094439506531,60a2476a7fbce26eaad73f1627d519fa6cee671c6575b55cc4a85707977ac308
amouyal:215,set_hyp5_12,359,reflexive,gp,lingering,demo_reg_query_rev_chat_none,reg,rev,chat,none,0.0503433458507061,0.9496566541492939,1,0.9998795986175537,5188a54d33a3159cafc2343d5c9f5092aa84e52bf4c049c346d7c7671269b6a9
amouyal:216,set_hyp5_13,360,reflexive,gp,simple,demo_reg_query_rev_chat_none,reg,rev,chat,none,0.00011404732504161075,0.00011404732504161075,0,0.9992656111717224,7a951416975fbf1cf241a66735514edc995d65ad2d6d4d21aaa5258b65d6fe87
amouyal:217,set_hyp5_13,361,reflexive,gp,lingering,demo_reg_query_rev_chat_none,reg,rev,chat,none,0.00017649028450250626,0.9998235097154975,1,0.999833881855011,8504f4339fac46d81955192f2b5913bd7ad567d67e80928ea9e3792302177d3e
amouyal:218,set_hyp5_14,362,reflexive,gp,simple,demo_reg_query_rev_chat_none,reg,rev,chat,none,0.1594490259885788,0.1594490259885788,0,0.9994837045669556,43daa0060c1a59eff50848dd038820acfc9a183e3efc982bce7378f380afd534
amouyal:219,set_hyp5_14,363,reflexive,gp,lingering,demo_reg_query_rev_chat_none,reg,rev,chat,none,5.4194384574657306e-05,0.9999458056154253,1,0.9997732043266296,557f9cb5fe3d065d75a142dbb30f3fb65bd82c5ecb19ce03e0cdd25c8f76abea
amouyal:220,set_hyp5_15,364,reflexive,gp,simple,demo_reg_query_rev_chat_none,reg,rev,chat,none,0.03146623447537422,0.03146623447537422,0,0.9995707869529724,88bc21c6c4bbd2cd74e17ccb683c347baf07562691ca01ebb5802d9d956ab0d5
amouyal:221,set_hyp5_15,365,reflexive,gp,lingering,demo_reg_query_rev_chat_none,reg,rev,chat,none,0.19258449971675873,0.8074155002832413,1,0.9996335506439209,b3216653ed69d2c557bf1353a556678781e6b8a6588e1799a84d17f7f2f0a5ff
amouyal:222,set_hyp5_16,366,reflexive,gp,simple,demo_reg_query_rev_chat_none,reg,rev,chat,none,0.44447317719459534,0.44447317719459534,0,0.9992594122886658,b3ce1698da9384aa50ab9860e1d0d421e6557788257202c52e38a82c8c8c4b3a
amouyal:223,set_hyp5_16,367,reflexive,gp,lingering,demo_reg_query_rev_chat_none,reg,rev,chat,none,0.07582904398441315,0.9241709560155869,1,0.9995360374450684,7155168fd9a470efcb31abaeba02583700ba84fa0acadf29ee8cfda484376f7a
amouyal:224,set_hyp5_17,368,reflexive,gp,simple,demo_reg_query_rev_chat_none,reg,rev,chat,none,0.9996765851974487,0.9996765851974487,1,0.9997990131378174,0bd1e16d352be91c808fa4c478f5c02bf1ecfb48569cb0e5362b1adf786e4943
amouyal:225,set_hyp5_17,369,reflexive,gp,lingering,demo_reg_query_rev_chat_none,reg,rev,chat,none,2.322881220706563e-09,0.9999999976771188,1,0.9999619126319885,3135a07af93012bc371ae9c812ea2792e4fc3fba2bcac37e77ecd07e075d67c1
amouyal:226,set_hyp5_18,370,reflexive,gp,simple,demo_reg_query_rev_chat_none,reg,rev,chat,none,2.557994527307983e-08,2.557994527307983e-08,0,0.9999676942825317,278e9517e8fc065e3c389ddd55021e17ef7701fdfa911f31966c987183a17afa
amouyal:227,set_hyp5_18,371,reflexive,gp,lingering,demo_reg_query_rev_chat_none,reg,rev,chat,none,0.33301493525505066,0.6669850647449493,1,0.999230146408081,89d8a11231791fa33163c341ab7d8ef775439c4445992bc2cc1dfd25a2f7413b
amouyal:228,set_hyp5_19,372,reflexive,gp,simple,demo_reg_query_rev_chat_none,reg,rev,chat,none,0.9952704310417175,0.9952704310417175,1,0.9997318983078003,eedb0d9b3a9ef39c786c7d534a892ec1de930f38c72a48a6837163de7c96dc2a
amouyal:229,set_hyp5_19,373,reflexive,gp,lingering,demo_reg_query_rev_chat_none,reg,rev,chat,none,0.12691017985343933,0.8730898201465607,1,0.9997360706329346,2fb8559e15632b5363b51be76a6cf07488ab3635073fd71d71c1f4545311c54b
amouyal:230,set_hyp5_20,374,reflexive,gp,simple,demo_reg_query_rev_chat_none,reg,rev,chat,none,0.922807514667511,0.922807514667511,1,0.9988112449645996,02af13fdbd10965714f66b2251849653e202a7c10787a9f7f95b446154bd5a5a
amouyal:231,set_hyp5_20,375,reflexive,gp,lingering,demo_reg_query_rev_chat_none,reg,rev,chat,none,1.576646536705084e-05,0.999984233534633,1,0.9999232888221741,827fea44a8526fadea631aecbdb5fcfb2eb0a42fd6e27613436ea26ae71f125d
amouyal:232,set_hyp5_21,376,reflexive,gp,simple,demo_reg_query_rev_chat_none,reg,rev,chat,none,0.9805933833122253,0.9805933833122253,1,0.9997033476829529,ca9bf1f85f0996956975200bcfba54cd5510078f86582bd08dd27fe7491c8fe6
amouyal:233,set_hyp5_21,377,reflexive,gp,lingering,demo_reg_query_rev_chat_none,reg,rev,chat,none,0.0013390250969678164,0.9986609749030322,1,0.9999635815620422,95be16492703af5ffeb5a07d4c9b48551b36ed65a3a0258fac56814003f9debd
amouyal:234,set_hyp5_22,378,reflexive,gp,simple,demo_reg_query_rev_chat_none,reg,rev,chat,none,0.30487060546875,0.30487060546875,0,0.9974392056465149,5878f0ae2e4aae43b60e0a9bb56079044cbc0fbada39d387596e11144b03fe75
amouyal:235,set_hyp5_22,379,reflexive,gp,lingering,demo_reg_query_rev_chat_none,reg,rev,chat,none,2.0082978153368458e-05,0.9999799170218466,1,0.9998437166213989,8f3c5de54cd8d27d017a7bd6207f70b1bbbbff04757cbb979a2ef05237093a38
amouyal:236,set_hyp5_23,380,reflexive,gp,simple,demo_reg_query_rev_chat_none,reg,rev,chat,none,0.9910017251968384,0.9910017251968384,1,0.9997665286064148,47258952c9647930077e43b7853ea0f1c02b4d10fd4e1c3d7f76119cf8e04985
amouyal:237,set_hyp5_23,381,reflexive,gp,lingering,demo_reg_query_rev_chat_none,reg,rev,chat,none,0.00022079811606090516,0.9997792018839391,1,0.9999603033065796,92fb2baf318dca1b79d7573eb1576724669eb0fce3436596aa1809686d39b1be
amouyal:238,set_hyp5_24,382,reflexive,gp,simple,demo_reg_query_rev_chat_none,reg,rev,chat,none,0.9989888668060303,0.9989888668060303,1,0.9993105530738831,532da9230af3b0991a8539d625929dee6a64e168ef56e7642099af77184a2fed
amouyal:239,set_hyp5_24,383,reflexive,gp,lingering,demo_reg_query_rev_chat_none,reg,rev,chat,none,0.09124014526605606,0.9087598547339439,1,0.9996562004089355,b460fde813f388749b2ba592673d38bd14bb56a27550deacd9d3ce43b012cc59
amouyal:240,set_1,384,prob,gp,simple,demo_reg_query_rev_chat_none,reg,rev,chat,none,0.9289090037345886,0.9289090037345886,1,0.9992691874504089,e7299c53191770e8fb305713a54160241f38b7485f8407d3ee867106f072f686
amouyal:241,set_1,385,prob,gp,lingering,demo_reg_query_rev_chat_none,reg,rev,chat,none,0.0002057316160062328,0.9997942683839938,1,0.9999661445617676,bd3e25813625ad0ec883bbe43c9fa5a48f9c984ca3f256d011e03b69b8bb8a8b
amouyal:242,set_1,388,prob,non_gp,simple,demo_reg_query_rev_chat_none,reg,rev,chat,none,0.9997502565383911,0.9997502565383911,1,0.9998026490211487,073418addcddc3d645a2754947d82b289a0c266c85033221d977d73e3557826e
amouyal:243,set_1,389,prob,non_gp,lingering,demo_reg_query_rev_chat_none,reg,rev,chat,none,0.9246271252632141,0.07537287473678589,0,0.999854326248169,478fc30012c3d47698feaa36b4698b6daab1fd6e69b1790da30b9105c18c1339
amouyal:244,set_2,392,prob,gp,simple,demo_reg_query_rev_chat_none,reg,rev,chat,none,0.9998948574066162,0.9998948574066162,1,0.9997922778129578,c84a9fb1cd10a9ee33904d720827978dea0656d4a7e8e89c7e4930b5c996b522
amouyal:245,set_2,393,prob,gp,lingering,demo_reg_query_rev_chat_none,reg,rev,chat,none,0.9961562752723694,0.0038437247276306152,0,0.9997888803482056,4b26662e5f064ab74f677d893ef94974467b783194ffec954510cdd6daccb878
amouyal:246,set_2,396,prob,non_gp,simple,demo_reg_query_rev_chat_none,reg,rev,chat,none,0.9999682307243347,0.9999682307243347,1,0.9998013973236084,ff4372b587fedd7431efe0934f5acb164095a1ed07a3fde66805323ae6f33666
amouyal:247,set_2,397,prob,non_gp,lingering,demo_reg_query_rev_chat_none,reg,rev,chat,none,0.9969230890274048,0.003076910972595215,0,0.9997456073760986,f8a0fe5c8cbb9254abab6f4473df4476add7db7c2e8f65a2fb02be8a4da6b00d
amouyal:248,set_3,400,prob,gp,simple,demo_reg_query_rev_chat_none,reg,rev,chat,none,0.32303041219711304,0.32303041219711304,0,0.9996896982192993,52d8c6bb9dd4c48792721e125ce4cd3e22f977f57c6fbf907b99f9ac154d995d
amouyal:249,set_3,401,prob,gp,lingering,demo_reg_query_rev_chat_none,reg,rev,chat,none,0.0038780325558036566,0.9961219674441963,1,0.9999533295631409,fd23aba6745964229053d83eb58b6cd56ac8096bb848340a48967365b598a4f8
amouyal:250,set_3,404,prob,non_gp,simple,demo_reg_query_rev_chat_none,reg,rev,chat,none,0.9977350831031799,0.9977350831031799,1,0.9997413158416748,cea0111e8ab06f7590dfb0d30ec8ba63c22d9b4d731eb72aff291532d90e7046
amouyal:251,set_3,405,prob,non_gp,lingering,demo_reg_query_rev_chat_none,reg,rev,chat,none,0.000327250367263332,0.9996727496327367,1,0.9999809265136719,73d76d050e331d8431bba9df6204bcad82e4a7de05222bfddd221d13f966050b
amouyal:252,set_4,408,prob,gp,simple,demo_reg_query_rev_chat_none,reg,rev,chat,none,0.815130352973938,0.815130352973938,1,0.9993704557418823,d4b10af162def164428cadd17f4cc138bd89fc3214f0580e71a28461fdfe5cc5
amouyal:253,set_4,409,prob,gp,lingering,demo_reg_query_rev_chat_none,reg,rev,chat,none,0.028752071782946587,0.9712479282170534,1,0.9996708035469055,0f11bac0b942eeb5b198956c340c70445207e63925956213cbebfd1a25cf7f04
amouyal:254,set_4,412,prob,non_gp,simple,demo_reg_query_rev_chat_none,reg,rev,chat,none,0.9947869181632996,0.9947869181632996,1,0.9997518062591553,7b886fdf04617b1b644045ca988097f6c4c08abcefe13e91c8d30e9c746fe040
amouyal:255,set_4,413,prob,non_gp,lingering,demo_reg_query_rev_chat_none,reg,rev,chat,none,0.06741409003734589,0.9325859099626541,1,0.9995672106742859,11b6001dc630cc821424be835cefd0891654f4b40bc404f10f763ad7695eef74
amouyal:256,set_5,416,prob,gp,simple,demo_reg_query_rev_chat_none,reg,rev,chat,none,0.17075616121292114,0.17075616121292114,0,0.9997156262397766,1e0ea44a64eddf0c23a5a78102c85f44a53c62dc5ad2119fabdab5da747ea79a
amouyal:257,set_5,417,prob,gp,lingering,demo_reg_query_rev_chat_none,reg,rev,chat,none,3.4562603445920104e-07,0.9999996543739655,1,0.9999775290489197,38d473ea9c1f9b75f3b509c343b9d283b46248e4e2d28b08d7ec3b9361ee0ff4
amouyal:258,set_5,420,prob,non_gp,simple,demo_reg_query_rev_chat_none,reg,rev,chat,none,0.984244704246521,0.984244704246521,1,0.9997355937957764,976537cfc285dee799f5a366762b4294f845dc875bb83009b3c998068916e208
amouyal:259,set_5,421,prob,non_gp,lingering,demo_reg_query_rev_chat_none,reg,rev,chat,none,0.013383977115154266,0.9866160228848457,1,0.9998943209648132,97d3fe00f4cda063505811680181fa9ae25e6cd6f1233d6f65d311a0879badfe
amouyal:260,set_6,424,prob,gp,simple,demo_reg_query_rev_chat_none,reg,rev,chat,none,0.2880561649799347,0.2880561649799347,0,0.9995229840278625,0480bd9bde89a07519f28c1976038fc546aada19204bda9de164cee9971991ff
amouyal:261,set_6,425,prob,gp,lingering,demo_reg_query_rev_chat_none,reg,rev,chat,none,0.00366431986913085,0.9963356801308692,1,0.9999341368675232,48f11a92c0fe29554f827919ffaff1b548799a86a47a12f53243e1e54ae9ecb9
amouyal:262,set_6,428,prob,non_gp,simple,demo_reg_query_rev_chat_none,reg,rev,chat,none,0.9999690651893616,0.9999690651893616,1,0.9998403191566467,a6c1ee7f028056443941e8689b73278faee0201e1502fb5efb454816404b13fa
amouyal:263,set_6,429,prob,non_gp,lingering,demo_reg_query_rev_chat_none,reg,rev,chat,none,0.9984526038169861,0.001547396183013916,0,0.9996699094772339,ad6945ffe17aa8f3a093a45cdc3bc14b8525697bb0eaa55e879689b391c64ba4
amouyal:264,set_7,432,prob,gp,simple,demo_reg_query_rev_chat_none,reg,rev,chat,none,0.12703417241573334,0.12703417241573334,0,0.9987202286720276,af825c2be3ccc83cd22f4de0ee6d72cec2eb6be97e87bab2ae21c0fb3eeb5c69
amouyal:265,set_7,433,prob,gp,lingering,demo_reg_query_rev_chat_none,reg,rev,chat,none,0.004295194521546364,0.9957048054784536,1,0.9998384118080139,c7a11cba170d159e647249119046a060df60bf4eaad613916227af3204cacd36
amouyal:266,set_7,436,prob,non_gp,simple,demo_reg_query_rev_chat_none,reg,rev,chat,none,0.9987971782684326,0.9987971782684326,1,0.9996678829193115,ea182c31e0e4f08c9d24c48df84dc4b53be74a4fe3fc563c5cef8f44f0e2405c
amouyal:267,set_7,437,prob,non_gp,lingering,demo_reg_query_rev_chat_none,reg,rev,chat,none,0.7135267853736877,0.28647321462631226,0,0.9995334148406982,f6e95021174ed99e19ed00167b05b90b487e1b5fbd0452843f4e9d4d0c1e58a9
amouyal:268,set_8,440,prob,gp,simple,demo_reg_query_rev_chat_none,reg,rev,chat,none,0.9694840312004089,0.9694840312004089,1,0.9995020031929016,80471602d5db121564fe0bf7e025649842c7c1f83f7f1df9931847d54447b5b9
amouyal:269,set_8,441,prob,gp,lingering,demo_reg_query_rev_chat_none,reg,rev,chat,none,0.0003517935110721737,0.9996482064889278,1,0.9999678730964661,ea6e41188b6619dff789539b47632e39d8ef1119a3429aa0fc125ed61409ac14
amouyal:270,set_8,444,prob,non_gp,simple,demo_reg_query_rev_chat_none,reg,rev,chat,none,0.9999951720237732,0.9999951720237732,1,0.9996055364608765,bf5eab9ea8b15bcb36585d8de0638c6b66db66d4988e35519dfc81870bcefa20
amouyal:271,set_8,445,prob,non_gp,lingering,demo_reg_query_rev_chat_none,reg,rev,chat,none,0.2553209066390991,0.7446790933609009,1,0.9996734857559204,2cbed9c88750b38b53cc43cc2e9c55806d89a47e4257278cd10ef32b890c2274
amouyal:272,set_9,448,prob,gp,simple,demo_reg_query_rev_chat_none,reg,rev,chat,none,0.324849396944046,0.324849396944046,0,0.999436616897583,cbfebb0022af306f01dced11585dd80c6925c221967266533cde8102c4ce9711
amouyal:273,set_9,449,prob,gp,lingering,demo_reg_query_rev_chat_none,reg,rev,chat,none,0.013323620893061161,0.9866763791069388,1,0.9993175864219666,49ccbf8f00567daaf072eb49836b74254d475b93d45f04b92ccb295a361fbb07
amouyal:274,set_9,452,prob,non_gp,simple,demo_reg_query_rev_chat_none,reg,rev,chat,none,0.9925221800804138,0.9925221800804138,1,0.999378502368927,44d8c7edced65c35914f4ecbb042760d6e7301ea1c407797c6833a1eb7ab62d8
amouyal:275,set_9,453,prob,non_gp,lingering,demo_reg_query_rev_chat_none,reg,rev,chat,none,0.6031004786491394,0.3968995213508606,0,0.992730438709259,6cc53a1afa0e2c19f86b7e5c698c3f2bb1a609839fd463321fc08e863dad5573
amouyal:0,set_10,0,prob,gp,simple,demo_reg_query_rev_chat_assertion,reg,rev,chat,assertion,2.2033318600733764e-05,2.2033318600733764e-05,0,0.9996839165687561,d5b1df0f4a6f93749361cff6b353b05b94fc3aeeda4304a50928ae7c1522c03b
amouyal:1,set_10,1,prob,gp,lingering,demo_reg_query_rev_chat_assertion,reg,rev,chat,assertion,0.0024447015020996332,0.9975552984979004,1,0.9997562170028687,e1963225f9c8fcf2e7381f60bd637cb280f01d0dcf0e624db947eba786dc726a
amouyal:2,set_10,4,prob,non_gp,simple,demo_reg_query_rev_chat_assertion,reg,rev,chat,assertion,0.0032309431117028,0.0032309431117028,0,0.9997875094413757,1b10129c4755ba513b2485f729c7432e7deef5f438e9752c39ddb6d6065d7efb
amouyal:3,set_10,5,prob,non_gp,lingering,demo_reg_query_rev_chat_assertion,reg,rev,chat,assertion,4.4016832134730066e-07,0.9999995598316787,1,0.999845564365387,32fe8fd00676cf70548a7f0a3dd5a23219a2e9cbc93fea007476ad5603493b74
amouyal:4,set_11,8,prob,gp,simple,demo_reg_query_rev_chat_assertion,reg,rev,chat,assertion,0.7801530957221985,0.7801530957221985,1,0.9988431334495544,33c0d6692bd7c9f5c7f63b062010e504fec40b7a977f5893a4b9f9e9ef43ad45
amouyal:5,set_11,9,prob,gp,lingering,demo_reg_query_rev_chat_assertion,reg,rev,chat,assertion,0.9371513724327087,0.06284862756729126,0,0.9992806911468506,d0eb4779659f5ccca9a646c0df9340764ed74e698381208746ee966a99db0992
amouyal:6,set_11,12,prob,non_gp,simple,demo_reg_query_rev_chat_assertion,reg,rev,chat,assertion,0.9993470311164856,0.9993470311164856,1,0.9990577697753906,4c989efe34d40583393c9d9cbefefb386c9adc16bc9e4dee33f49998c1294d3f
amouyal:7,set_11,13,prob,non_gp,lingering,demo_reg_query_rev_chat_assertion,reg,rev,chat,assertion,0.8967331647872925,0.10326683521270752,0,0.9991195797920227,b12cdf14ac51d2197bc8b54bf7f026d2a00828c1e2feae13bfc966a81a5e6d70
amouyal:8,set_12,16,prob,gp,simple,demo_reg_query_rev_chat_assertion,reg,rev,chat,assertion,0.009593278169631958,0.009593278169631958,0,0.9995383620262146,c74a40792527dad60d896ad940bbdde429a9634c6dd7f653bbcaa12146252768
amouyal:9,set_12,17,prob,gp,lingering,demo_reg_query_rev_chat_assertion,reg,rev,chat,assertion,0.5382937788963318,0.4617062211036682,0,0.999267578125,9fce73a12b18e5dcdeb2f5af21d333897f4616ad1c044485ac5999e8d69a1560
amouyal:10,set_12,20,prob,non_gp,simple,demo_reg_query_rev_chat_assertion,reg,rev,chat,assertion,0.9997130632400513,0.9997130632400513,1,0.9992398619651794,37910b9e1237dcda8c753e74d8ae61c2681ddd019c2734241644df3eb9a8af67
amouyal:11,set_12,21,prob,non_gp,lingering,demo_reg_query_rev_chat_assertion,reg,rev,chat,assertion,0.9991585612297058,0.0008414387702941895,0,0.99921053647995,76bb044691e1ed53e050b4ddf932fed93ec20555588ebf776e9634d08f8ca60f
amouyal:12,set_13,24,prob,gp,simple,demo_reg_query_rev_chat_assertion,reg,rev,chat,assertion,0.0013601129176095128,0.0013601129176095128,0,0.9997916221618652,69705d41af10d24c68dc25be1ab1ce02c025697244017c770e7efa69e77d2937
amouyal:13,set_13,25,prob,gp,lingering,demo_reg_query_rev_chat_assertion,reg,rev,chat,assertion,3.4954931038555515e-07,0.9999996504506896,1,0.9998942613601685,24b200ad173356bc1e9425d7049c4eae434f086838f87c6ca487a04a3b69f89c
amouyal:14,set_13,28,prob,non_gp,simple,demo_reg_query_rev_chat_assertion,reg,rev,chat,assertion,0.9953060746192932,0.9953060746192932,1,0.9994434714317322,c48e01f74e48db3589e2bd5b484ccc487aec4bcdb4ad07c26840c46f976be5dc
amouyal:15,set_13,29,prob,non_gp,lingering,demo_reg_query_rev_chat_assertion,reg,rev,chat,assertion,1.8659695342648774e-05,0.9999813403046574,1,0.999896228313446,a9ea2b3562a9ba64407125bbf1e1387f5708a6a7051b725936171adae6517f6a
amouyal:16,set_14,32,prob,gp,simple,demo_reg_query_rev_chat_assertion,reg,rev,chat,assertion,8.290994628623594e-07,8.290994628623594e-07,0,0.9996827840805054,ba8bd086830174b946971d80b66954dac4427068b48f6060d8e3dd399fc5ad0d
amouyal:17,set_14,33,prob,gp,lingering,demo_reg_query_rev_chat_assertion,reg,rev,chat,assertion,0.0013730559730902314,0.9986269440269098,1,0.9997725486755371,c98baac439b24919f5f57d5933db9759c3d70403d3443e1156003e87d59e217d
amouyal:18,set_14,36,prob,non_gp,simple,demo_reg_query_rev_chat_assertion,reg,rev,chat,assertion,0.01920449174940586,0.01920449174940586,0,0.9995110630989075,6436d2dd6d9fc1b229bc7e7ed7d6816721d1a904155c8bf948fe9d6ee4281404
amouyal:19,set_14,37,prob,non_gp,lingering,demo_reg_query_rev_chat_assertion,reg,rev,chat,assertion,3.844875529068759e-09,0.9999999961551245,1,0.9998301267623901,0708b39666632865620e3b016c9e7cb6740920c3b2ae6e9c867413f9e630cc45
amouyal:20,set_15,40,prob,gp,simple,demo_reg_query_rev_chat_assertion,reg,rev,chat,assertion,0.9927346110343933,0.9927346110343933,1,0.9997439384460449,69916d7d2611a570ab57b07e8535ebf4764601f53087d36be89c85dcbc7cf7de
amouyal:21,set_15,41,prob,gp,lingering,demo_reg_query_rev_chat_assertion,reg,rev,chat,assertion,0.9889537692070007,0.011046230792999268,0,0.999388575553894,b39c7fdf1172bcaa69d3219daa57e05637588cb011af4379306a771736850eb3
amouyal:22,set_15,44,prob,non_gp,simple,demo_reg_query_rev_chat_assertion,reg,rev,chat,assertion,0.9999547004699707,0.9999547004699707,1,0.9997045397758484,a8d9db594a07d430c9939d41165271cd640eea34c8e37c07fd71071237db64b4
amouyal:23,set_15,45,prob,non_gp,lingering,demo_reg_query_rev_chat_assertion,reg,rev,chat,assertion,0.9848985075950623,0.015101492404937744,0,0.9994068145751953,6029a5084948ef1534dfc1a35241d1f9f279972c12334151722a2896e7088138
amouyal:24,set_16,48,prob,gp,simple,demo_reg_query_rev_chat_assertion,reg,rev,chat,assertion,0.08796378970146179,0.08796378970146179,0,0.9992755651473999,416ab14be32cd385a0a08ab8329e06a7e0d3e15dd7e078d1e6608935d1e90a65
amouyal:25,set_16,49,prob,gp,lingering,demo_reg_query_rev_chat_assertion,reg,rev,chat,assertion,0.00273650954477489,0.9972634904552251,1,0.9998961687088013,ecf46dc3ab218c19b9e2a9860f251bf06d2bae09e92bf4c0acd66d0f5eb0cc22
amouyal:26,set_16,52,prob,non_gp,simple,demo_reg_query_rev_chat_assertion,reg,rev,chat,assertion,0.9999184012413025,0.9999184012413025,1,0.9994310140609741,86558246d79336f03b3021aff1c49af693e0d90bf6b12b0aa2f9cb6084e878ee
amouyal:27,set_16,53,prob,non_gp,lingering,demo_reg_query_rev_chat_assertion,reg,rev,chat,assertion,0.9990254640579224,0.0009745359420776367,0,0.9993485808372498,b8a4a14e0e468b2e3b4ab5e9a3c39deee96acac505277bc6dc21c2f9c141b98d
amouyal:28,set_17,56,prob,gp,simple,demo_reg_query_rev_chat_assertion,reg,rev,chat,assertion,0.8287537097930908,0.8287537097930908,1,0.9987832903862,ff1c6d928bcecda62f6cc590a8685f90f902815af2abbefc1db2d757f18fe332
amouyal:29,set_17,57,prob,gp,lingering,demo_reg_query_rev_chat_assertion,reg,rev,chat,assertion,0.7253183126449585,0.2746816873550415,0,0.9993119835853577,07195f4d8ca3a8e3c6fbfce6f64b42fb6ef86ab1d5561ba2f7e1299b01695c7d
amouyal:30,set_17,60,prob,non_gp,simple,demo_reg_query_rev_chat_assertion,reg,rev,chat,assertion,0.9999145865440369,0.9999145865440369,1,0.999443531036377,1051499bc582bae50e097ce33326837e50f050dc21f03728f15c9714ffb0bef8
amouyal:31,set_17,61,prob,non_gp,lingering,demo_reg_query_rev_chat_assertion,reg,rev,chat,assertion,1.3587598459707806e-06,0.999998641240154,1,0.9999328851699829,b6130cd7fa8e92b64cd3c07296b00b60eeded607f562956dcdfbd28939f0b728
amouyal:32,set_18,64,prob,gp,simple,demo_reg_query_rev_chat_assertion,reg,rev,chat,assertion,0.007867583073675632,0.007867583073675632,0,0.9998130202293396,11226bc88de5ba13f3c0a2ef74f6d4f59ca58975aeb024a33a494fb26b1309e0
amouyal:33,set_18,65,prob,gp,lingering,demo_reg_query_rev_chat_assertion,reg,rev,chat,assertion,1.4122827451501507e-05,0.9999858771725485,1,0.9999502897262573,71251a166a32090509ca7f785adfc7ea437af456261d08e607f9d661fd81942d
amouyal:34,set_18,68,prob,non_gp,simple,demo_reg_query_rev_chat_assertion,reg,rev,chat,assertion,0.9552748203277588,0.9552748203277588,1,0.9990957975387573,2befbb64255f43c06c4b39f544d3af5ef0f74426d297345ce5f21e0250c37d10
amouyal:35,set_18,69,prob,non_gp,lingering,demo_reg_query_rev_chat_assertion,reg,rev,chat,assertion,0.031051062047481537,0.9689489379525185,1,0.9996786117553711,8adfdbceb35391a8415db5b605f9c8380e9fa8b0f6ae7dd425c6f1aae71c78a0
amouyal:36,set_19,72,prob,gp,simple,demo_reg_query_rev_chat_assertion,reg,rev,chat,assertion,0.9739219546318054,0.9739219546318054,1,0.999435544013977,3880433b0610fc600e58ae9bed39f17416be487eba5f769c0c629af04286b4f6
amouyal:37,set_19,73,prob,gp,lingering,demo_reg_query_rev_chat_assertion,reg,rev,chat,assertion,0.0011739018373191357,0.9988260981626809,1,0.9999644160270691,a0e4b5fdf18248ae39681fadf99445c59bfc2f0eef225f15907d88648b972f36
amouyal:38,set_19,76,prob,non_gp,simple,demo_reg_query_rev_chat_assertion,reg,rev,chat,assertion,0.9998016357421875,0.9998016357421875,1,0.9989302754402161,7c1c6fec8f817f686918156163d72b3d6c5efb42c84160b81b6e07aabd3aa903
amouyal:39,set_19,77,prob,non_gp,lingering,demo_reg_query_rev_chat_assertion,reg,rev,chat,assertion,0.9991015195846558,0.0008984804153442383,0,0.9992532134056091,80dcc0599566d8c6f5ea21f801ff20bd46a322ae4ffe058077f961161ec532ba
amouyal:40,set_20,80,prob,gp,simple,demo_reg_query_rev_chat_assertion,reg,rev,chat,assertion,0.0002600537263788283,0.0002600537263788283,0,0.9998459219932556,a963c4740b4e2b3e33124516263f50e895e9ff0101f7c7953ea9796416d4fd00
amouyal:41,set_20,81,prob,gp,lingering,demo_reg_query_rev_chat_assertion,reg,rev,chat,assertion,0.000341706007020548,0.9996582939929795,1,0.9998622536659241,f6bfb7a178099bf6b2207c207717969f37dad1dc525e141784871e128e95d6db
amouyal:42,set_20,84,prob,non_gp,simple,demo_reg_query_rev_chat_assertion,reg,rev,chat,assertion,0.9992780685424805,0.9992780685424805,1,0.9994853734970093,75b1ac82884f74969e19584dd43d5ad337a5df3c1c14e8972566f038febdac80
amouyal:43,set_20,85,prob,non_gp,lingering,demo_reg_query_rev_chat_assertion,reg,rev,chat,assertion,2.0032139218528755e-06,0.9999979967860781,1,0.9998384714126587,5c27bceb7ea19e501ba948e1645f989d3dc5eea674b920d2879cc6c18d491213
amouyal:44,set_21,88,prob,gp,simple,demo_reg_query_rev_chat_assertion,reg,rev,chat,assertion,0.0003259305376559496,0.0003259305376559496,0,0.9998376369476318,a4c98604ec193f674f82ef01a089e9b33f12356d0eadbb2e017d111d9139ea86
amouyal:45,set_21,89,prob,gp,lingering,demo_reg_query_rev_chat_assertion,reg,rev,chat,assertion,1.3711896826862358e-05,0.9999862881031731,1,0.999930202960968,f0e4121b880440f51562a6bb09ed06e76b65efdae7b90309ed2c46e67c0fe7c2
amouyal:46,set_21,92,prob,non_gp,simple,demo_reg_query_rev_chat_assertion,reg,rev,chat,assertion,0.9998480081558228,0.9998480081558228,1,0.9992931485176086,5d9e78a90657d737e2218dda13841c3ec4e4b32b0ce66a61f88d4f71bf633780
amouyal:47,set_21,93,prob,non_gp,lingering,demo_reg_query_rev_chat_assertion,reg,rev,chat,assertion,0.9966201782226562,0.00337982177734375,0,0.9991455078125,36f5cc29c2cd9ec985b5b6544244bbfc765b031ef1b0d24656689a54bb189475
amouyal:48,set_22,96,prob,gp,simple,demo_reg_query_rev_chat_assertion,reg,rev,chat,assertion,0.9972562193870544,0.9972562193870544,1,0.999464213848114,ba17b5c30120d10a495c93e3661711a4abf37fecaeee96f21a6df313677610af
amouyal:49,set_22,97,prob,gp,lingering,demo_reg_query_rev_chat_assertion,reg,rev,chat,assertion,0.578780472278595,0.42121952772140503,0,0.9994296431541443,452a9a6a21a3211133e23944d009827a2a8d480655b9e6cd33ea5b4edaeabc6b
amouyal:50,set_22,100,prob,non_gp,simple,demo_reg_query_rev_chat_assertion,reg,rev,chat,assertion,0.9993605017662048,0.9993605017662048,1,0.9989030957221985,f85d076936e559d631dcd951c208a53123b72a1196b32656de329fa34046d516
amouyal:51,set_22,101,prob,non_gp,lingering,demo_reg_query_rev_chat_assertion,reg,rev,chat,assertion,0.0020404739771038294,0.9979595260228962,1,0.9999003410339355,6b302df2c9ec1a8479125459c10a96192b41451a3ebead1109e092f895d6b021
amouyal:52,set_23,104,prob,gp,simple,demo_reg_query_rev_chat_assertion,reg,rev,chat,assertion,0.008623034693300724,0.008623034693300724,0,0.9995275139808655,cd1386398610e69d76f5cc857c777ddae040e4b5ee1038568d4a9dd6cd7abc77
amouyal:53,set_23,105,prob,gp,lingering,demo_reg_query_rev_chat_assertion,reg,rev,chat,assertion,0.0018039399292320013,0.998196060070768,1,0.9997915625572205,b9e3324563a600cb376185b15ade1a1b282f77df1fcfdd85edbf7916b4da7f9e
amouyal:54,set_23,108,prob,non_gp,simple,demo_reg_query_rev_chat_assertion,reg,rev,chat,assertion,0.9995617866516113,0.9995617866516113,1,0.9996135234832764,b556238904ddaee0de3050ead40ff55827348bd7e54f0838c2806d8cd7ce7289
amouyal:55,set_23,109,prob,non_gp,lingering,demo_reg_query_rev_chat_assertion,reg,rev,chat,assertion,0.7179279923439026,0.2820720076560974,0,0.999258816242218,2d3e535c9e3ebf185779d13a099bbfb0ff5d957ae77be2f52bd61c260b662cc1
amouyal:56,set_24,112,prob,gp,simple,demo_reg_query_rev_chat_assertion,reg,rev,chat,assertion,0.2454327791929245,0.2454327791929245,0,0.9986979961395264,9a30d2a3519d470eaa62db8635d76b2598b73b876a7393227b3ad1d50aa21ad6
amouyal:57,set_24,113,prob,gp,lingering,demo_reg_query_rev_chat_assertion,reg,rev,chat,assertion,1.0455648435936382e-07,0.9999998954435156,1,0.9998298287391663,5478e49570c8205332f6349beb3b5b2f66e9d91a7ee08c69d2bb031ce61e5f51
amouyal:58,set_24,116,prob,non_gp,simple,demo_reg_query_rev_chat_assertion,reg,rev,chat,assertion,0.9987934231758118,0.9987934231758118,1,0.9995251297950745,e56cc99cdfdb6b6acbcd040544dbfb370526e0647676bd3c06c419a0656d6056
amouyal:59,set_24,117,prob,non_gp,lingering,demo_reg_query_rev_chat_assertion,reg,rev,chat,assertion,2.606447280228963e-09,0.9999999973935527,1,0.9998730421066284,9a3a2a5c380ef1a3fc490cb1a8db8d07a29c077367b57c51d71ab0ea743e9ed3
amouyal:60,set_25,120,prob,gp,simple,demo_reg_query_rev_chat_assertion,reg,rev,chat,assertion,0.98100346326828,0.98100346326828,1,0.9997884631156921,d8ce1fff96da5cd187a103bd715e29f8f5f2084bcb2e4dff0de10a461c18f0a5
amouyal:61,set_25,121,prob,gp,lingering,demo_reg_query_rev_chat_assertion,reg,rev,chat,assertion,0.0012129077222198248,0.9987870922777802,1,0.9999085068702698,b42cfe5ecf0a3835af28c7ded630ff72f15d53939733bf963d2229ec933079ce
amouyal:62,set_25,124,prob,non_gp,simple,demo_reg_query_rev_chat_assertion,reg,rev,chat,assertion,0.9986125826835632,0.9986125826835632,1,0.9994876980781555,f86ed5c63e5a4f8b613af30cb5213f4aeb48202864cfe8755ec7aeb603eedb13
amouyal:63,set_25,125,prob,non_gp,lingering,demo_reg_query_rev_chat_assertion,reg,rev,chat,assertion,0.7503927946090698,0.24960720539093018,0,0.9990679025650024,37d3ada9cfd8e096193b94405e113ad0de0633a9fce37e7817767f9eceab4580
amouyal:64,set_26,128,prob,gp,simple,demo_reg_query_rev_chat_assertion,reg,rev,chat,assertion,0.5926161408424377,0.5926161408424377,1,0.999143123626709,34f3f9489fae7eaf8800b27487b8069629122973fd6040cd3b4270fab28c9a34
amouyal:65,set_26,129,prob,gp,lingering,demo_reg_query_rev_chat_assertion,reg,rev,chat,assertion,1.7027565490934649e-07,0.9999998297243451,1,0.9998339414596558,0669094ff96eae16f1f91fb9308a7da5739326371d891e611dc653e03d0a7b1d
amouyal:66,set_26,132,prob,non_gp,simple,demo_reg_query_rev_chat_assertion,reg,rev,chat,assertion,0.9989513158798218,0.9989513158798218,1,0.9992371201515198,4963898ab11ee805055ae428d2b5c3d72318c8bcfcd37a0a688de5ae26616023
amouyal:67,set_26,133,prob,non_gp,lingering,demo_reg_query_rev_chat_assertion,reg,rev,chat,assertion,0.7116349339485168,0.28836506605148315,0,0.9988726377487183,90857de98338b7cb62ba1a8b297e6245d88ea864b3f5555c4ab2af21ebfc5c40
amouyal:68,set_27,136,prob,gp,simple,demo_reg_query_rev_chat_assertion,reg,rev,chat,assertion,0.9674407839775085,0.9674407839775085,1,0.9994195699691772,aab6275ec40f3f1c4f65a5aad64f7c6aceca64650809e091d4b8ede3e6e51b04
amouyal:69,set_27,137,prob,gp,lingering,demo_reg_query_rev_chat_assertion,reg,rev,chat,assertion,0.6916108131408691,0.30838918685913086,0,0.997471809387207,1ce1700e21f7964188fc84ae0c71dcda50241a193da42111f3fcf06e9657e92d
amouyal:70,set_27,140,prob,non_gp,simple,demo_reg_query_rev_chat_assertion,reg,rev,chat,assertion,0.9993842244148254,0.9993842244148254,1,0.9994572401046753,df33f79e21861e86f54bebba7a5956a0948ffb5bb16eee0e0dd0f8d5a8219476
amouyal:71,set_27,141,prob,non_gp,lingering,demo_reg_query_rev_chat_assertion,reg,rev,chat,assertion,0.9747846722602844,0.025215327739715576,0,0.9975823163986206,eb319c01b4bd6a95b439ff4afbd1d92335fd51cdfd4c7b4b455d8a527cedc6d9
amouyal:72,set_28,144,prob,gp,simple,demo_reg_query_rev_chat_assertion,reg,rev,chat,assertion,0.00025412021204829216,0.00025412021204829216,0,0.999701201915741,6cc75df6c590e827cd7633b447a3350e29dd3ed345d120552013a964aa252ec5
amouyal:73,set_28,145,prob,gp,lingering,demo_reg_query_rev_chat_assertion,reg,rev,chat,assertion,1.1678325790853705e-06,0.9999988321674209,1,0.9999119639396667,c5538ba9fcd82dc7675fc2706a0693b3ae184cefd7a122d3fd1083b030c89b49
amouyal:74,set_28,148,prob,non_gp,simple,demo_reg_query_rev_chat_assertion,reg,rev,chat,assertion,0.9954045414924622,0.9954045414924622,1,0.9993860721588135,1183d205e6f5cc5b8ad8a29c009c7c6b7d2bb6b13272452c909b8936700ef169
amouyal:75,set_28,149,prob,non_gp,lingering,demo_reg_query_rev_chat_assertion,reg,rev,chat,assertion,0.9994122385978699,0.000587761402130127,0,0.9996162056922913,40bddfd1c43e69a55ac1d56adf41c45512bef66f167d688113d1a99d26eae8e7
amouyal:76,set_29,152,prob,gp,simple,demo_reg_query_rev_chat_assertion,reg,rev,chat,assertion,0.9063325524330139,0.9063325524330139,1,0.9995177388191223,8ef0afb892b264cee6713739f4335d82911df51e1823d421a7fab63872908558
amouyal:77,set_29,153,prob,gp,lingering,demo_reg_query_rev_chat_assertion,reg,rev,chat,assertion,0.03003172017633915,0.9699682798236609,1,0.999817967414856,fa91b3e27e50c056ac58603a2b8dd593fa45cdc5de2cbb197eccea549ccc1e10
amouyal:78,set_29,156,prob,non_gp,simple,demo_reg_query_rev_chat_assertion,reg,rev,chat,assertion,0.9989171028137207,0.9989171028137207,1,0.9993579983711243,9b72573e76720afad513f9bf9df35db1b3f82997711119eb7fb9a072f0c117b4
amouyal:79,set_29,157,prob,non_gp,lingering,demo_reg_query_rev_chat_assertion,reg,rev,chat,assertion,0.033549319952726364,0.9664506800472736,1,0.9995701313018799,1b6c650a4a850ed745235d4c97137d399a119ffc91108d57b4d9338d4e213e06
amouyal:80,set_30,160,prob,gp,simple,demo_reg_query_rev_chat_assertion,reg,rev,chat,assertion,0.9992769956588745,0.9992769956588745,1,0.9996411204338074,ae45cec3142b784e532aa21c144428d6093344ec03c13bb8e57bfa090ca2e24a
amouyal:81,set_30,161,prob,gp,lingering,demo_reg_query_rev_chat_assertion,reg,rev,chat,assertion,0.006064112763851881,0.9939358872361481,1,0.9997569918632507,e5b7bb0de86de0736b8268583b144b60f522ae518d61acdec29063a5de76b7cd
amouyal:82,set_30,164,prob,non_gp,simple,demo_reg_query_rev_chat_assertion,reg,rev,chat,assertion,0.9999545216560364,0.9999545216560364,1,0.9993680715560913,8be68c28b3e100175f378ba40ea8246ed2885d132792b8c476de0010685b252e
amouyal:83,set_30,165,prob,non_gp,lingering,demo_reg_query_rev_chat_assertion,reg,rev,chat,assertion,0.9895923733711243,0.010407626628875732,0,0.9994099140167236,caf5e1c5422b877c0f8672bb63ffdacaff65415aa4b6bd2c6dbaee8a1c39f8b1
amouyal:84,set_31,168,prob,gp,simple,demo_reg_query_rev_chat_assertion,reg,rev,chat,assertion,0.0037029592785984278,0.0037029592785984278,0,0.9998180270195007,f1391b9bd5d3d0be8e7b99a377076d9160714c8b619dbd0cb0441eafbfbbd567
amouyal:85,set_31,169,prob,gp,lingering,demo_reg_query_rev_chat_assertion,reg,rev,chat,assertion,4.2462565943424124e-06,0.9999957537434057,1,0.9999547600746155,15b47b7dd72cbcab53a09f44683f81d10a1bece585dc67b255d05e209f96f04f
amouyal:86,set_31,172,prob,non_gp,simple,demo_reg_query_rev_chat_assertion,reg,rev,chat,assertion,0.9988847970962524,0.9988847970962524,1,0.9996106028556824,ff0672a8c79ce7ba87e7d2b7cd84bb90cfb80091bc348f53e6cf13bf7b94d78f
amouyal:87,set_31,173,prob,non_gp,lingering,demo_reg_query_rev_chat_assertion,reg,rev,chat,assertion,0.838010847568512,0.16198915243148804,0,0.999527096748352,d1c4fa8a7f04a252821436caf18bf0b6aca9d6d1028100d42ce542c553ae9404
amouyal:88,set_32,176,prob,gp,simple,demo_reg_query_rev_chat_assertion,reg,rev,chat,assertion,0.3752053380012512,0.3752053380012512,0,0.998733401298523,1ac47a9c3a107e72df3d23d587e1d16389d6cd0c22a19276a6a23d830c99564d
amouyal:89,set_32,177,prob,gp,lingering,demo_reg_query_rev_chat_assertion,reg,rev,chat,assertion,5.9232370119843836e-08,0.9999999407676299,1,0.9997999668121338,6b72e5b502f2b9ee0160d160b733e1c6ce5ea4841405efa00c533f004f50ed50
amouyal:90,set_32,180,prob,non_gp,simple,demo_reg_query_rev_chat_assertion,reg,rev,chat,assertion,0.9996053576469421,0.9996053576469421,1,0.9990314841270447,e0c5223de306ec2a9408756a9a4fe37077737aeeca4abf7c676f42ca4e1bac60
amouyal:91,set_32,181,prob,non_gp,lingering,demo_reg_query_rev_chat_assertion,reg,rev,chat,assertion,0.03606337681412697,0.963936623185873,1,0.9995971322059631,9fa85c41137b99d92e8176dc3072bfee41229488d082bf93e5ec075eadca6772
amouyal:92,set_33,184,prob,gp,simple,demo_reg_query_rev_chat_assertion,reg,rev,chat,assertion,1.5389947293442674e-05,1.5389947293442674e-05,0,0.9999198317527771,21df31fb8ff26d44b62e175d7a6b9dd2884abdda1d416e7f2f0eb8ac75c4731c
amouyal:93,set_33,185,prob,gp,lingering,demo_reg_query_rev_chat_assertion,reg,rev,chat,assertion,3.8518658129760297e-07,0.9999996148134187,1,0.9999239444732666,24ddf246b81fd06721dc2a68bf64c59ce77eb60b297db893abaa1de2540ec998
amouyal:94,set_33,188,prob,non_gp,simple,demo_reg_query_rev_chat_assertion,reg,rev,chat,assertion,0.9996514320373535,0.9996514320373535,1,0.999732255935669,d7d4ba1edd338dfcf6c8b2767d471ae131095511a34f549d485d17da1a1f035f
amouyal:95,set_33,189,prob,non_gp,lingering,demo_reg_query_rev_chat_assertion,reg,rev,chat,assertion,0.5333846211433411,0.46661537885665894,0,0.9991434216499329,73a679cc4b75d3deef56f7421f1c948300f34ae306fbe73b02dc66b33d04926e
amouyal:96,set_34,192,prob,gp,simple,demo_reg_query_rev_chat_assertion,reg,rev,chat,assertion,0.9816927909851074,0.9816927909851074,1,0.9996750354766846,2e37f0fd64952b14934994a0ab2a34f2892c2fb7ac2035cdccd2cefa30abdfc6
amouyal:97,set_34,193,prob,gp,lingering,demo_reg_query_rev_chat_assertion,reg,rev,chat,assertion,1.023968593472091e-06,0.9999989760314065,1,0.9999147057533264,a4bb162602bbd3d05badd0be531356b71fbdc370717742b388c0f2ccab3d2868
amouyal:98,set_34,196,prob,non_gp,simple,demo_reg_query_rev_chat_assertion,reg,rev,chat,assertion,0.9999572038650513,0.9999572038650513,1,0.9993996024131775,21305d47a746a471192dbdd9d159916f3318e2378c24b1e2712ecc00ccbb008f
amouyal:99,set_34,197,prob,non_gp,lingering,demo_reg_query_rev_chat_assertion,reg,rev,chat,assertion,0.9585455060005188,0.0414544939994812,0,0.999574601650238,b1105a195f765a52a732dc7cc1f1f0cdc5447189da194f484c23da3ea7b3209b
amouyal:100,set_35,200,prob,gp,simple,demo_reg_query_rev_chat_assertion,reg,rev,chat,assertion,1.3442427189147566e-05,1.3442427189147566e-05,0,0.9996488094329834,ee088eb541229bd1d61725e891e1332cec691d4fe235f61496e31d822212c574
amouyal:101,set_35,201,prob,gp,lingering,demo_reg_query_rev_chat_assertion,reg,rev,chat,assertion,4.7252422518795356e-05,0.9999527475774812,1,0.9997731447219849,73f8d1096a056f0f61cd7adba6ee26b7e28e22fdb18748b87c0ccff4a89551cb
amouyal:102,set_35,204,prob,non_gp,simple,demo_reg_query_rev_chat_assertion,reg,rev,chat,assertion,0.9989610910415649,0.9989610910415649,1,0.9993312954902649,669f24364cd1e8e316fcbcca889aa49d5a365d3c64f9a6e123d4fe217ae4e890
amouyal:103,set_35,205,prob,non_gp,lingering,demo_reg_query_rev_chat_assertion,reg,rev,chat,assertion,0.0012070980155840516,0.998792901984416,1,0.9998114109039307,2a9e91892fbda0f6686139028ee9d845ee6b6cf69c256836e2443f0166b5719e
amouyal:104,set_36,208,prob,gp,simple,demo_reg_query_rev_chat_assertion,reg,rev,chat,assertion,0.007020154036581516,0.007020154036581516,0,0.9999250769615173,1f1ac54c857db45a480c8c7eb5ba58049709a03fd8f4a9f0984d0d0f5a10c792
amouyal:105,set_36,209,prob,gp,lingering,demo_reg_query_rev_chat_assertion,reg,rev,chat,assertion,6.291088357102126e-05,0.999937089116429,1,0.9999271631240845,e459d7db33f1b34f92b13232852ceb27acc108c47fa86ccab9863492d91fdfd8
amouyal:106,set_36,212,prob,non_gp,simple,demo_reg_query_rev_chat_assertion,reg,rev,chat,assertion,0.99997478723526,0.99997478723526,1,0.9995183944702148,129f84b17d9c382b16b05976a4a7e5f5a676b07426fd1b51038b344118e85e30
amouyal:107,set_36,213,prob,non_gp,lingering,demo_reg_query_rev_chat_assertion,reg,rev,chat,assertion,0.7430278062820435,0.25697219371795654,0,0.9994429349899292,aa5ad64acecc8ee1821aabc4e792636559a2bb44b29a3b8b72f7f904c4d2b223
amouyal:108,set_37,216,prob,gp,simple,demo_reg_query_rev_chat_assertion,reg,rev,chat,assertion,1.897507445391966e-06,1.897507445391966e-06,0,0.9998012781143188,bd1fb4eeebc1b315480bbb6b6088f99420377df805cd5a5a13f2cda6678a2726
amouyal:109,set_37,217,prob,gp,lingering,demo_reg_query_rev_chat_assertion,reg,rev,chat,assertion,1.362153341233352e-07,0.9999998637846659,1,0.9998349547386169,573b600b9cba1c95223c28face8e21bb652a06de6532bedcf463fa0aee388bc7
amouyal:110,set_37,220,prob,non_gp,simple,demo_reg_query_rev_chat_assertion,reg,rev,chat,assertion,0.03444580361247063,0.03444580361247063,0,0.9997217059135437,5ba84eaaef862ae09b684ee0c686324c0a966c6d7268545e9d7d53b6bb74ad18
amouyal:111,set_37,221,prob,non_gp,lingering,demo_reg_query_rev_chat_assertion,reg,rev,chat,assertion,0.00014473409100901335,0.999855265908991,1,0.9998862743377686,15745a32c0908c562ad402ab32899cd2b93d090baa8db833d7e33a69b0b59136
amouyal:112,set_38,224,prob,gp,simple,demo_reg_query_rev_chat_assertion,reg,rev,chat,assertion,0.00015292453463189304,0.00015292453463189304,0,0.9998682737350464,40c0674ca51d514cecfe1696e8ede5024c9a6957f9a44ad6f77a47b6c992dd08
amouyal:113,set_38,225,prob,gp,lingering,demo_reg_query_rev_chat_assertion,reg,rev,chat,assertion,0.0011112268548458815,0.9988887731451541,1,0.9998342394828796,32af1320a781f75e0184d998acd23b4b79e1ace5b739e3806f99181df66e0c7c
amouyal:114,set_38,228,prob,non_gp,simple,demo_reg_query_rev_chat_assertion,reg,rev,chat,assertion,0.9963189363479614,0.9963189363479614,1,0.9994739294052124,170f569e48c527adf8968226440406ab4d28f1706c7ace9c421ce3d6c5b7d90c
amouyal:115,set_38,229,prob,non_gp,lingering,demo_reg_query_rev_chat_assertion,reg,rev,chat,assertion,2.975769852753274e-08,0.9999999702423015,1,0.9997032880783081,b16c3bbab7f6c73ede850a538a75aa07effe84e635436b6f2946533a9afb5e36
amouyal:116,set_39,232,prob,gp,simple,demo_reg_query_rev_chat_assertion,reg,rev,chat,assertion,0.0005684493808075786,0.0005684493808075786,0,0.9998160004615784,cc3725fe91985f9eacd603a2d8e6dadab8323054af97e37a893441f0d4574fcd
amouyal:117,set_39,233,prob,gp,lingering,demo_reg_query_rev_chat_assertion,reg,rev,chat,assertion,1.1103739780082833e-05,0.9999888962602199,1,0.9998744130134583,9ee4f39a3ecf16dea1e1ce1659dce13548b52c917b635d20ea8a40fd270c99e2
amouyal:118,set_39,236,prob,non_gp,simple,demo_reg_query_rev_chat_assertion,reg,rev,chat,assertion,0.9998743534088135,0.9998743534088135,1,0.9993430376052856,8781a4d56bfa49bb4149fe4702cc231dbb964a4314c40ee10d64154939b41031
amouyal:119,set_39,237,prob,non_gp,lingering,demo_reg_query_rev_chat_assertion,reg,rev,chat,assertion,0.8468195199966431,0.15318048000335693,0,0.9990852475166321,7cf8ec7bccddf5b311157490d4a37b1f18a238e5eb8aa27275d1393525b9d1f7
amouyal:120,set_40,240,prob,gp,simple,demo_reg_query_rev_chat_assertion,reg,rev,chat,assertion,0.0004352667892817408,0.0004352667892817408,0,0.9998460412025452,07b0a1e808795a465ebce40433c77a29619541111416daee25fe75a9fd8fbc6a
amouyal:121,set_40,241,prob,gp,lingering,demo_reg_query_rev_chat_assertion,reg,rev,chat,assertion,9.378671848025988e-07,0.9999990621328152,1,0.9998971819877625,3c0db4a64203a73f2d1b8d752e6a8d1f4f8111a4a234bff8366393fdc4436d5b
amouyal:122,set_40,244,prob,non_gp,simple,demo_reg_query_rev_chat_assertion,reg,rev,chat,assertion,0.9963815212249756,0.9963815212249756,1,0.9991728663444519,c763daa32865ed4485c605e991d32bde7471992096916b5c05c77c3a71c282ca
amouyal:123,set_40,245,prob,non_gp,lingering,demo_reg_query_rev_chat_assertion,reg,rev,chat,assertion,0.0130965830758214,0.9869034169241786,1,0.9998488426208496,7ca33697e3487ce3d83080f2ddc31176032ea34d0e5078ee33a71b380c0d1a64
amouyal:124,set_41,248,prob,gp,simple,demo_reg_query_rev_chat_assertion,reg,rev,chat,assertion,0.9491369724273682,0.9491369724273682,1,0.9994516372680664,154ac6c1a2999d730dd23ae598517814da63d18ccac88ac338a35253887f6f78
amouyal:125,set_41,249,prob,gp,lingering,demo_reg_query_rev_chat_assertion,reg,rev,chat,assertion,2.3832133138057543e-06,0.9999976167866862,1,0.9998353123664856,cfccffa5dd5bad1775cf43c77defe72836de54ac44614496e916d9f8b19a0624
amouyal:126,set_41,252,prob,non_gp,simple,demo_reg_query_rev_chat_assertion,reg,rev,chat,assertion,0.9999785423278809,0.9999785423278809,1,0.9988427758216858,36a1d62088d66a9598810e907e993d2beb532f5538c2ffa5a91dfc0f552ebca2
amouyal:127,set_41,253,prob,non_gp,lingering,demo_reg_query_rev_chat_assertion,reg,rev,chat,assertion,0.9888145327568054,0.01118546724319458,0,0.9976365566253662,d8d83e5eef68e95018f500cf4b986931227406730be9794e88aa0f4548cef494
amouyal:128,set_42,256,prob,gp,simple,demo_reg_query_rev_chat_assertion,reg,rev,chat,assertion,0.996420681476593,0.996420681476593,1,0.9996228218078613,a868222c7357ecbb65b8cc8314a15dc6eede367767deb44ed7d7f21d5b0d9473
amouyal:129,set_42,257,prob,gp,lingering,demo_reg_query_rev_chat_assertion,reg,rev,chat,assertion,0.065888412296772,0.934111587703228,1,0.9995406270027161,18a6b10d944059728f480161c583c4cf0b9c553481601bd5ecbeb2558cc0541f
amouyal:130,set_42,260,prob,non_gp,simple,demo_reg_query_rev_chat_assertion,reg,rev,chat,assertion,0.9998989701271057,0.9998989701271057,1,0.9992126226425171,a8aca7dd13f01c4ffd76978b93687233225729a05f1f6fa9a58b5c335c8405d7
amouyal:131,set_42,261,prob,non_gp,lingering,demo_reg_query_rev_chat_assertion,reg,rev,chat,assertion,0.09151192009449005,0.90848807990551,1,0.9991950392723083,bfd5185ba8dc62ca92d1ce2727b1ff0df5ea3f204b611afb3dcc75746052e025
amouyal:132,set_43,264,prob,gp,simple,demo_reg_query_rev_chat_assertion,reg,rev,chat,assertion,0.11307500302791595,0.11307500302791595,0,0.999697208404541,67c37129b5a998ec845c9c1adc36e0d3ffa7695f5cfc41e3afcff11e74059c13
amouyal:133,set_43,265,prob,gp,lingering,demo_reg_query_rev_chat_assertion,reg,rev,chat,assertion,1.5327459834679757e-07,0.9999998467254017,1,0.999932587146759,300af3d6e7c27f9c987595544472042b6203462e09a982a10a2b354546217b15
amouyal:134,set_43,268,prob,non_gp,simple,demo_reg_query_rev_chat_assertion,reg,rev,chat,assertion,0.9939614534378052,0.9939614534378052,1,0.9994093775749207,7fafe5da2b44078b8827f20e1af27add4659f5f4ac5214dd87047d7ab9400b85
amouyal:135,set_43,269,prob,non_gp,lingering,demo_reg_query_rev_chat_assertion,reg,rev,chat,assertion,0.9992185831069946,0.0007814168930053711,0,0.9995547533035278,26b0e8333e3969dcaf7003df4138efd6162b7c5bf3da95268d31acd00d2588b5
amouyal:136,set_44,272,prob,gp,simple,demo_reg_query_rev_chat_assertion,reg,rev,chat,assertion,1.435986632714048e-06,1.435986632714048e-06,0,0.9998937845230103,e4e481fbdfbfb76f6046d458a6edd2ff11068f0e95b41b52c896a19eb53791e0
amouyal:137,set_44,273,prob,gp,lingering,demo_reg_query_rev_chat_assertion,reg,rev,chat,assertion,1.2861674747455254e-07,0.9999998713832525,1,0.9998461604118347,e75a71c74f4cf5af5e828e885736a31817c48c0f3e75849afec0822b63860757
amouyal:138,set_44,276,prob,non_gp,simple,demo_reg_query_rev_chat_assertion,reg,rev,chat,assertion,0.019346660003066063,0.019346660003066063,0,0.9994948506355286,7287578a20ab3f5835e772f8869c5d2086543c23c6f9ffab6b975be7a2253aec
amouyal:139,set_44,277,prob,non_gp,lingering,demo_reg_query_rev_chat_assertion,reg,rev,chat,assertion,1.7205085896421224e-05,0.9999827949141036,1,0.9998591542243958,a72365a48a482a03db1cf04f6101a4c6c178f4cd130ea8286944cbde5632dc00
amouyal:140,set_45,280,prob,gp,simple,demo_reg_query_rev_chat_assertion,reg,rev,chat,assertion,7.895471208030358e-05,7.895471208030358e-05,0,0.9997975826263428,adb9ca1ba2f1905ec3e0ef87ab85993e8091775173b57fb8a18e40296c12222a
amouyal:141,set_45,281,prob,gp,lingering,demo_reg_query_rev_chat_assertion,reg,rev,chat,assertion,0.0002424566773697734,0.9997575433226302,1,0.999924898147583,8b441faa6db6acd151361cedd6d57ba7656a9aa28dace2cfe428e3cd7ef899ad
amouyal:142,set_45,284,prob,non_gp,simple,demo_reg_query_rev_chat_assertion,reg,rev,chat,assertion,0.9984290599822998,0.9984290599822998,1,0.9991539120674133,5c6b9ab1b738034ea970032ad255bf82394e950efd51eecb694241637a9f9238
amouyal:143,set_45,285,prob,non_gp,lingering,demo_reg_query_rev_chat_assertion,reg,rev,chat,assertion,0.9934306740760803,0.006569325923919678,0,0.9994640946388245,2c03c4fd0dbe96a33fe2c3ed6c9a0f601f1e475b5a363faaf662ca68438f9077
amouyal:144,set_hyp5_1,288,reflexive,non_gp,simple,demo_reg_query_rev_chat_assertion,reg,rev,chat,assertion,0.9865822196006775,0.9865822196006775,1,0.9991525411605835,c2876f6815bc7f9369a28f08df3ade4a69ecaf7890b5962983d047be66fa894b
amouyal:145,set_hyp5_1,289,reflexive,non_gp,lingering,demo_reg_query_rev_chat_assertion,reg,rev,chat,assertion,0.9962625503540039,0.0037374496459960938,0,0.9993247389793396,1a3844118fadb2a6f50b609644e5e3ec82372fdbb5b3f05e80d13235c1f5f7fa
amouyal:146,set_hyp5_2,290,reflexive,non_gp,simple,demo_reg_query_rev_chat_assertion,reg,rev,chat,assertion,0.9995170831680298,0.9995170831680298,1,0.9994462728500366,6da659e33a60068a23737d2b1915b9ba16b20f20ded9e4b039dbc53dfaabd8af
amouyal:147,set_hyp5_2,291,reflexive,non_gp,lingering,demo_reg_query_rev_chat_assertion,reg,rev,chat,assertion,3.5140130805189074e-09,0.9999999964859869,1,0.999950110912323,063fcdcae3cbada65a01b403168d022cbccf3f787e904aa206cab73be28320c8
amouyal:148,set_hyp5_3,292,reflexive,non_gp,simple,demo_reg_query_rev_chat_assertion,reg,rev,chat,assertion,0.9998075366020203,0.9998075366020203,1,0.9992193579673767,ebf8c66d1bb90073a8f662fe9a7f6073d44c08a96920daa361b16887512a178e
amouyal:149,set_hyp5_3,293,reflexive,non_gp,lingering,demo_reg_query_rev_chat_assertion,reg,rev,chat,assertion,2.402476013685373e-07,0.9999997597523986,1,0.9999030828475952,f568180646f3f0ffafc0e4fc44e2c3f3654af8c6bb24b27356347ad9582d4456
amouyal:150,set_hyp5_4,294,reflexive,non_gp,simple,demo_reg_query_rev_chat_assertion,reg,rev,chat,assertion,0.9805107712745667,0.9805107712745667,1,0.9994349479675293,0038da673b6cea4cf0de05f61f0a5677afc6097c22e5f0c9479e252f562a6427
amouyal:151,set_hyp5_4,295,reflexive,non_gp,lingering,demo_reg_query_rev_chat_assertion,reg,rev,chat,assertion,0.000255903578363359,0.9997440964216366,1,0.9998944997787476,04b7285411fde366286216635469278409e93bb464ce6f84b9c18d8002b99db0
amouyal:152,set_hyp5_5,296,reflexive,non_gp,simple,demo_reg_query_rev_chat_assertion,reg,rev,chat,assertion,0.9999625086784363,0.9999625086784363,1,0.9996450543403625,725ab09041d3c84d0e6fa51667c1d3d8d493af0aeb1aa16d459dc07236829939
amouyal:153,set_hyp5_5,297,reflexive,non_gp,lingering,demo_reg_query_rev_chat_assertion,reg,rev,chat,assertion,0.0011273088166490197,0.998872691183351,1,0.9998596906661987,02b15a2ae96d9a36521c2484505fd0f1fd96e9956c59362aa796dbd8d83fec85
amouyal:154,set_hyp5_6,298,reflexive,non_gp,simple,demo_reg_query_rev_chat_assertion,reg,rev,chat,assertion,0.9996278285980225,0.9996278285980225,1,0.9993954300880432,b3f26efa45e772712fe4aa6c74faac73e540427a0c3d3d54b7061c87cb1ba2e8
amouyal:155,set_hyp5_6,299,reflexive,non_gp,lingering,demo_reg_query_rev_chat_assertion,reg,rev,chat,assertion,7.809737871866673e-05,0.9999219026212813,1,0.9998235702514648,338265981c69e5ec7373864b03a10f0ade91732b1bde28c5a14bd274c6353260
amouyal:156,set_hyp5_7,300,reflexive,non_gp,simple,demo_reg_query_rev_chat_assertion,reg,rev,chat,assertion,0.9998943209648132,0.9998943209648132,1,0.9995487332344055,127454cd5c84b057fd9fbb8603bf3dbe38b86bbdd8c86c41d38f8228391a3004
amouyal:157,set_hyp5_7,301,reflexive,non_gp,lingering,demo_reg_query_rev_chat_assertion,reg,rev,chat,assertion,1.9545846953406e-05,0.9999804541530466,1,0.9998850226402283,fc69256b0644309304fb90bd3b67a1216e51d8463582c951a703f38bd2673541
amouyal:158,set_hyp5_8,302,reflexive,non_gp,simple,demo_reg_query_rev_chat_assertion,reg,rev,chat,assertion,0.9989698529243469,0.9989698529243469,1,0.9989804029464722,6c606a83bda85f9c3812a5876ea6b0d5ca9f27919ae8c6898171436f72b4643b
amouyal:159,set_hyp5_8,303,reflexive,non_gp,lingering,demo_reg_query_rev_chat_assertion,reg,rev,chat,assertion,0.0005247120279818773,0.9994752879720181,1,0.9997811317443848,4a47258cc8d207658c4b0cb32af16543d24fa4646ae1d96b8c12aeb9b169af00
amouyal:160,set_hyp5_9,304,reflexive,non_gp,simple,demo_reg_query_rev_chat_assertion,reg,rev,chat,assertion,0.9996342658996582,0.9996342658996582,1,0.9994894862174988,1ee30d211b677e8539f97956c674865dc6d1f7c17d1231db3e72ff92e4d2110c
amouyal:161,set_hyp5_9,305,reflexive,non_gp,lingering,demo_reg_query_rev_chat_assertion,reg,rev,chat,assertion,0.9422071576118469,0.057792842388153076,0,0.9987882971763611,368ada565816168bdbb414a0c6b0e3fc567a01d4ca2f4b131f77740dd3736638
amouyal:162,set_hyp5_10,306,reflexive,non_gp,simple,demo_reg_query_rev_chat_assertion,reg,rev,chat,assertion,0.9995091557502747,0.9995091557502747,1,0.9995893239974976,8b89e1bfc2f4108468c90005819e8ef3b1717859f4137aaf7fcb023b95852536
amouyal:163,set_hyp5_10,307,reflexive,non_gp,lingering,demo_reg_query_rev_chat_assertion,reg,rev,chat,assertion,0.9960502982139587,0.00394970178604126,0,0.999418318271637,05353b848754b0490b2d781f357ebcbfad507f0fbef4d25edffdd810989f09a9
amouyal:164,set_hyp5_11,308,reflexive,non_gp,simple,demo_reg_query_rev_chat_assertion,reg,rev,chat,assertion,0.9998681545257568,0.9998681545257568,1,0.9990474581718445,5ccef11c184038fab96642759f5d1b65838fc54c0dc034356aee8d8ca9f55c78
amouyal:165,set_hyp5_11,309,reflexive,non_gp,lingering,demo_reg_query_rev_chat_assertion,reg,rev,chat,assertion,1.838328245185039e-08,0.9999999816167175,1,0.9998987317085266,f1209f36fafbe3a9baeb8a3a8dcdd776f585c1c3643579a79d9633062aa7329f
amouyal:166,set_hyp5_12,310,reflexive,non_gp,simple,demo_reg_query_rev_chat_assertion,reg,rev,chat,assertion,0.9998515844345093,0.9998515844345093,1,0.9983896017074585,567fdca275cbf377e96fffc8494fd9456b16dbdeb478c8afc1db228f36451f41
amouyal:167,set_hyp5_12,311,reflexive,non_gp,lingering,demo_reg_query_rev_chat_assertion,reg,rev,chat,assertion,0.2854294180870056,0.7145705819129944,1,0.9994430541992188,38aeb55fc619b1ad40e06d17aacb3a8cb35d2adb3f1c21f24d9f134aef2263e7
amouyal:168,set_hyp5_13,312,reflexive,non_gp,simple,demo_reg_query_rev_chat_assertion,reg,rev,chat,assertion,0.9998682141304016,0.9998682141304016,1,0.9994492530822754,36290d4db797c03b0c501d3a9467ecd8c2508a437310d9906d3f8471d13ca76d
amouyal:169,set_hyp5_13,313,reflexive,non_gp,lingering,demo_reg_query_rev_chat_assertion,reg,rev,chat,assertion,0.018002351745963097,0.9819976482540369,1,0.9993841648101807,c4e5d3740854d33667fd5ac810327a9c380772f52121b24fc37e6c5d49bc2984
amouyal:170,set_hyp5_14,314,reflexive,non_gp,simple,demo_reg_query_rev_chat_assertion,reg,rev,chat,assertion,0.8700141906738281,0.8700141906738281,1,0.9988652467727661,4ea28495571804f29c9278d31df184e490f1e9d19c59ef003ab932e737cd9610
amouyal:171,set_hyp5_14,315,reflexive,non_gp,lingering,demo_reg_query_rev_chat_assertion,reg,rev,chat,assertion,1.0065352995525245e-07,0.99999989934647,1,0.999639093875885,161f8cdbbce7051855829531da2fa9f87c8e7cb76cd0172f979b367f15453797
amouyal:172,set_hyp5_15,316,reflexive,non_gp,simple,demo_reg_query_rev_chat_assertion,reg,rev,chat,assertion,0.9999698996543884,0.9999698996543884,1,0.9991310238838196,a9044cd18d34e9b52e8e2acca355e1c86c20e9b5e31347da2c5a617602d0e9b3
amouyal:173,set_hyp5_15,317,reflexive,non_gp,lingering,demo_reg_query_rev_chat_assertion,reg,rev,chat,assertion,0.0001044247837853618,0.9998955752162146,1,0.9998300671577454,66616926cb2bb0114c3f8bb69e1afd4ec443ae7eb28c234fdd05b5822c6075b5
amouyal:174,set_hyp5_16,318,reflexive,non_gp,simple,demo_reg_query_rev_chat_assertion,reg,rev,chat,assertion,0.9996715784072876,0.9996715784072876,1,0.9995126724243164,2c3174838f815f58e98f2d7af8aa5d723c7bd151142b8202c665034aa0ed815d
amouyal:175,set_hyp5_16,319,reflexive,non_gp,lingering,demo_reg_query_rev_chat_assertion,reg,rev,chat,assertion,0.000631731643807143,0.9993682683561929,1,0.9996709823608398,a5f2b11a59442eb407468aed8ed8bdebe7b8b8e7ec9be3126abd0bd1b5c2d8ba
amouyal:176,set_hyp5_17,320,reflexive,non_gp,simple,demo_reg_query_rev_chat_assertion,reg,rev,chat,assertion,0.9983478784561157,0.9983478784561157,1,0.999208927154541,ea135031027f4085de3f6d8768bd2086d1d86c04a964aac85d68661c5d2922ba
amouyal:177,set_hyp5_17,321,reflexive,non_gp,lingering,demo_reg_query_rev_chat_assertion,reg,rev,chat,assertion,8.639936766030587e-09,0.9999999913600632,1,0.9997574090957642,32a0e24f1b0192eb4889057365bad63543e8beab83f9df623c7e5376d77b1556
amouyal:178,set_hyp5_18,322,reflexive,non_gp,simple,demo_reg_query_rev_chat_assertion,reg,rev,chat,assertion,3.5698675127093793e-09,3.5698675127093793e-09,0,0.9998582005500793,528d999f56f138ec20b5cd7dc39a58467540bf954ca911607aacf901ce143492
amouyal:179,set_hyp5_18,323,reflexive,non_gp,lingering,demo_reg_query_rev_chat_assertion,reg,rev,chat,assertion,0.698818564414978,0.301181435585022,0,0.99834144115448,229bc468a4ced30e0eb9300ae6224d9a7614df6847c547656ad5878c60ffe528
amouyal:180,set_hyp5_19,324,reflexive,non_gp,simple,demo_reg_query_rev_chat_assertion,reg,rev,chat,assertion,0.9996857047080994,0.9996857047080994,1,0.9988533854484558,bf23d37a327288e16f66b1140720ab5d0ce17ceed8490b6b70b2a2deca1142e9
amouyal:181,set_hyp5_19,325,reflexive,non_gp,lingering,demo_reg_query_rev_chat_assertion,reg,rev,chat,assertion,0.27836254239082336,0.7216374576091766,1,0.9993977546691895,abc9e753a09ec8e69c309167b3cd38cf75af45a5bcf1082700e7f9ebd6f038fd
amouyal:182,set_hyp5_20,326,reflexive,non_gp,simple,demo_reg_query_rev_chat_assertion,reg,rev,chat,assertion,0.44078341126441956,0.44078341126441956,0,0.9984661936759949,eec4442ba11b084eb8a391902a6af4a22c81086b52523c5303a8c45212af9c48
amouyal:183,set_hyp5_20,327,reflexive,non_gp,lingering,demo_reg_query_rev_chat_assertion,reg,rev,chat,assertion,3.7135123420739546e-07,0.9999996286487658,1,0.9998400807380676,5efd1f11aa94c38cbbfa5b9499c8fd25b389b937442396162014d7c924b9bf21
amouyal:184,set_hyp5_21,328,reflexive,non_gp,simple,demo_reg_query_rev_chat_assertion,reg,rev,chat,assertion,0.9700993299484253,0.9700993299484253,1,0.9986657500267029,1833c3ffc095222b40c1be1ea2aa0407c5068c124d3affd85348f69da5832f43
amouyal:185,set_hyp5_21,329,reflexive,non_gp,lingering,demo_reg_query_rev_chat_assertion,reg,rev,chat,assertion,0.8566049933433533,0.14339500665664673,0,0.9995748996734619,f3de2bd5baa879e6d6ec63f761b3c8dc96192d9027caaef0964eae2813b10b02
amouyal:186,set_hyp5_22,330,reflexive,non_gp,simple,demo_reg_query_rev_chat_assertion,reg,rev,chat,assertion,0.9988211393356323,0.9988211393356323,1,0.9993314743041992,652ec2e1f24dcae79a2ad0ceff610af39fcb737671e830cde00c12b3fd1873bc
amouyal:187,set_hyp5_22,331,reflexive,non_gp,lingering,demo_reg_query_rev_chat_assertion,reg,rev,chat,assertion,8.706415144388302e-09,0.9999999912935849,1,0.9997302889823914,abed6b89dcdbee35b1222825aeb9d41fb8a437d00d4fbbde0c03da4bc464d57b
amouyal:188,set_hyp5_23,332,reflexive,non_gp,simple,demo_reg_query_rev_chat_assertion,reg,rev,chat,assertion,0.9999893307685852,0.9999893307685852,1,0.9990289211273193,dfbcf25f95da5c725517c3c1fa50d101a73a21d394116ea7001594fc7f3900e5
amouyal:189,set_hyp5_23,333,reflexive,non_gp,lingering,demo_reg_query_rev_chat_assertion,reg,rev,chat,assertion,2.4581893740105443e-05,0.9999754181062599,1,0.9999465346336365,2c8ec7799372417ef6a649e7635bb207c1ceb6c166d4daf5182e27f21fca4d49
amouyal:190,set_hyp5_24,334,reflexive,non_gp,simple,demo_reg_query_rev_chat_assertion,reg,rev,chat,assertion,0.9999704360961914,0.9999704360961914,1,0.9996659159660339,1b1b0ac7bbe2d217d35bcb8802151841a538ce61d7c2fe1770b6fe6b344ba403
amouyal:191,set_hyp5_24,335,reflexive,non_gp,lingering,demo_reg_query_rev_chat_assertion,reg,rev,chat,assertion,0.6694783568382263,0.3305216431617737,0,0.9992507696151733,7c8741d1ce412de3d0d4b09711eff56e26a065f18a4883d1ce29c5443972958d
amouyal:192,set_hyp5_1,336,reflexive,gp,simple,demo_reg_query_rev_chat_assertion,reg,rev,chat,assertion,0.24106086790561676,0.24106086790561676,0,0.9994474649429321,85dc6b3453572d8146a7757324ed98fe92b0e247c45bca13aafbf810fd1914ec
amouyal:193,set_hyp5_1,337,reflexive,gp,lingering,demo_reg_query_rev_chat_assertion,reg,rev,chat,assertion,6.052885510143824e-06,0.9999939471144899,1,0.9999203681945801,e6e9b72e9edcd6ee894afb771db4d666d7663fc550d4bd7e1d5c35276f283f54
amouyal:194,set_hyp5_2,338,reflexive,gp,simple,demo_reg_query_rev_chat_assertion,reg,rev,chat,assertion,0.9522179961204529,0.9522179961204529,1,0.9996363520622253,42728d121021874f206571e7f67701c8358f69b35f6c1f08b5b19694e09b93d6
amouyal:195,set_hyp5_2,339,reflexive,gp,lingering,demo_reg_query_rev_chat_assertion,reg,rev,chat,assertion,8.668536821687667e-08,0.9999999133146318,1,0.9999487400054932,b9e6b5ae22398155943d7336d66ceb958be76ddea691ff301a2beff3b5393afd
amouyal:196,set_hyp5_3,340,reflexive,gp,simple,demo_reg_query_rev_chat_assertion,reg,rev,chat,assertion,0.00013577615027315915,0.00013577615027315915,0,0.9999057054519653,ebb4961badb12b74139e9c45d391663d59a595d847b0306a19d636fe9a8eecf4
amouyal:197,set_hyp5_3,341,reflexive,gp,lingering,demo_reg_query_rev_chat_assertion,reg,rev,chat,assertion,0.002883191453292966,0.997116808546707,1,0.9998208284378052,adb607b5e17b934a11d39b89e31016a1922b8b6c687b23d8439744e86b0279b8
amouyal:198,set_hyp5_4,342,reflexive,gp,simple,demo_reg_query_rev_chat_assertion,reg,rev,chat,assertion,0.20575924217700958,0.20575924217700958,0,0.9997193217277527,4090c586c462442386ca8ebf4cd72c9fd792c65a1c77085e2b58f6a2bc0cd270
amouyal:199,set_hyp5_4,343,reflexive,gp,lingering,demo_reg_query_rev_chat_assertion,reg,rev,chat,assertion,0.00027839673566631973,0.9997216032643337,1,0.9999309182167053,8c710a0b768eec18f86185fe0e604d246410d0b6d8a784c33191224fa22c575a
amouyal:200,set_hyp5_5,344,reflexive,gp,simple,demo_reg_query_rev_chat_assertion,reg,rev,chat,assertion,0.10008063167333603,0.10008063167333603,0,0.9996707439422607,375ed98a493835e8b32bd45a4b5e109f63a7da61b4cf1cb08385d7d7aaa309fc
amouyal:201,set_hyp5_5,345,reflexive,gp,lingering,demo_reg_query_rev_chat_assertion,reg,rev,chat,assertion,4.34617049904773e-07,0.9999995653829501,1,0.9999222755432129,9c7d43378ba02ff64ac4d3f272a2210fb50fe8f873f76d858ea714da4ea99ccf
amouyal:202,set_hyp5_6,346,reflexive,gp,simple,demo_reg_query_rev_chat_assertion,reg,rev,chat,assertion,0.958258330821991,0.958258330821991,1,0.9991201162338257,f3bd9ff75a164df2f1f4ba038464d1cb26c5aed74947abfdf83e1f16d0c46057
amouyal:203,set_hyp5_6,347,reflexive,gp,lingering,demo_reg_query_rev_chat_assertion,reg,rev,chat,assertion,0.9110419154167175,0.08895808458328247,0,0.9984948635101318,b27e5ffb8ef91951b8819b2fdab4e9c7b9599d0b78b5c2b3dc10801fe365bf61
amouyal:204,set_hyp5_7,348,reflexive,gp,simple,demo_reg_query_rev_chat_assertion,reg,rev,chat,assertion,0.08088862150907516,0.08088862150907516,0,0.9993833303451538,f6c4619791ed07e2c806f58a1b24614abd1f5a7380dedbb5727ed415ec6e59d5
amouyal:205,set_hyp5_7,349,reflexive,gp,lingering,demo_reg_query_rev_chat_assertion,reg,rev,chat,assertion,3.868532439810224e-05,0.9999613146756019,1,0.9999403953552246,305125eb33d3c7d9091d4a10532e0ace1f1089532e59478e3353e82345c87cbb
amouyal:206,set_hyp5_8,350,reflexive,gp,simple,demo_reg_query_rev_chat_assertion,reg,rev,chat,assertion,0.9489805102348328,0.9489805102348328,1,0.9990262389183044,a28f5301110107c56c9c71dd241c8acc810b733d9072798dcf8ec0a0ffc09066
amouyal:207,set_hyp5_8,351,reflexive,gp,lingering,demo_reg_query_rev_chat_assertion,reg,rev,chat,assertion,8.043729030760005e-05,0.9999195627096924,1,0.9998602271080017,b1ccdb91b3db7d5ce7b582d88b22da150b5fb3b7c8afed264491c0f2ce24bd1b
amouyal:208,set_hyp5_9,352,reflexive,gp,simple,demo_reg_query_rev_chat_assertion,reg,rev,chat,assertion,0.9739021062850952,0.9739021062850952,1,0.9994702339172363,1ef7a109400fddc1519f2345465d39be88d11679e070c229c83f735b97679c39
amouyal:209,set_hyp5_9,353,reflexive,gp,lingering,demo_reg_query_rev_chat_assertion,reg,rev,chat,assertion,0.9832353591918945,0.01676464080810547,0,0.9992603063583374,aa2e4d841cf4e9695931802b94b2d226811ae1bffd17fc85f863578a1798f9ba
amouyal:210,set_hyp5_10,354,reflexive,gp,simple,demo_reg_query_rev_chat_assertion,reg,rev,chat,assertion,0.7833609580993652,0.7833609580993652,1,0.9995657205581665,6618599441424aa3f52535407065a8790a10358ea7e26fe826ccf56ebdc054b9
amouyal:211,set_hyp5_10,355,reflexive,gp,lingering,demo_reg_query_rev_chat_assertion,reg,rev,chat,assertion,0.0007788934744894505,0.9992211065255105,1,0.9999010562896729,274b3f66b64fb1817303658456243842e7ef8f3e66b900fe038ec769fb28ba4d
amouyal:212,set_hyp5_11,356,reflexive,gp,simple,demo_reg_query_rev_chat_assertion,reg,rev,chat,assertion,0.0005104870651848614,0.0005104870651848614,0,0.9998377561569214,7ea3e5e4b4702522f502acd9cf5c92a58896944a371f23e08ffb11af017757de
amouyal:213,set_hyp5_11,357,reflexive,gp,lingering,demo_reg_query_rev_chat_assertion,reg,rev,chat,assertion,1.1879993508046027e-05,0.999988120006492,1,0.9998946189880371,54c0a2550ba662a5530df0172fd3cc10cd06aa38df6aa1f0a0a0f20aca6e0bf5
amouyal:214,set_hyp5_12,358,reflexive,gp,simple,demo_reg_query_rev_chat_assertion,reg,rev,chat,assertion,0.9443979263305664,0.9443979263305664,1,0.9995099902153015,d81c895e5e3a5e1442169acb5e295e12d434a93a61a0ffe01acfdf978e9244d5
amouyal:215,set_hyp5_12,359,reflexive,gp,lingering,demo_reg_query_rev_chat_assertion,reg,rev,chat,assertion,0.001149993040598929,0.9988500069594011,1,0.9998883008956909,05440128ef13a94c796d66599bb03f03961a602f1b6652a88de0a85bca7cd896
amouyal:216,set_hyp5_13,360,reflexive,gp,simple,demo_reg_query_rev_chat_assertion,reg,rev,chat,assertion,1.398873337166151e-07,1.398873337166151e-07,0,0.9990438222885132,39787861a774dc5778e620e2c662e93f5d105f8ffe54395489618d057444d922
amouyal:217,set_hyp5_13,361,reflexive,gp,lingering,demo_reg_query_rev_chat_assertion,reg,rev,chat,assertion,3.267701345066598e-07,0.9999996732298655,1,0.9997221827507019,ff080a24cbf0b596c5e11a2221c5232d787337a9c6af13a84841ca93769dbfb4
amouyal:218,set_hyp5_14,362,reflexive,gp,simple,demo_reg_query_rev_chat_assertion,reg,rev,chat,assertion,0.0004656355595216155,0.0004656355595216155,0,0.9998490214347839,05906f53284522569789b65c6c9faf18cd5222eed237f2887ba2dbcc85c81f31
amouyal:219,set_hyp5_14,363,reflexive,gp,lingering,demo_reg_query_rev_chat_assertion,reg,rev,chat,assertion,1.5685897380990355e-07,0.9999998431410262,1,0.9996113181114197,5135277cb7e4124cce5fe1bc6108ea6f360451112ce585a6156418bb8fd1f191
amouyal:220,set_hyp5_15,364,reflexive,gp,simple,demo_reg_query_rev_chat_assertion,reg,rev,chat,assertion,5.226790744927712e-05,5.226790744927712e-05,0,0.9997676610946655,002e3e93a8b287c8560073f4227a2bf19bf670eca5114d27c946ece7ec619ff5
amouyal:221,set_hyp5_15,365,reflexive,gp,lingering,demo_reg_query_rev_chat_assertion,reg,rev,chat,assertion,6.787918391637504e-05,0.9999321208160836,1,0.9998620748519897,416c4632ac12279a24b60cb92d6af8265606e679e790aa881b457a96e8664c8e
amouyal:222,set_hyp5_16,366,reflexive,gp,simple,demo_reg_query_rev_chat_assertion,reg,rev,chat,assertion,0.0014535670634359121,0.0014535670634359121,0,0.9997432827949524,ef7d5770cf3eca1669dbebe23719e5e59bb4620d3f69459f161320315ee87ae1
amouyal:223,set_hyp5_16,367,reflexive,gp,lingering,demo_reg_query_rev_chat_assertion,reg,rev,chat,assertion,4.9206832045456395e-05,0.9999507931679545,1,0.9998334646224976,875692aa0851fc195caa5d26eb6b8d82b8292b57c204585c01f3ed7e58650e1d
amouyal:224,set_hyp5_17,368,reflexive,gp,simple,demo_reg_query_rev_chat_assertion,reg,rev,chat,assertion,0.9850714206695557,0.9850714206695557,1,0.9993479251861572,9591ea820e99b7ccef916343e675fc82166b64208f31dbe91cb79fd6cd8ad059
amouyal:225,set_hyp5_17,369,reflexive,gp,lingering,demo_reg_query_rev_chat_assertion,reg,rev,chat,assertion,2.118043518350987e-09,0.9999999978819565,1,0.9997470378875732,9e7c9821594f990f0c79118d0caaaa82f17701fe1f79099f7c093bb140a08222
amouyal:226,set_hyp5_18,370,reflexive,gp,simple,demo_reg_query_rev_chat_assertion,reg,rev,chat,assertion,5.976091443926634e-08,5.976091443926634e-08,0,0.9999209642410278,aa551195e435c44d6805e86d25ccf5c080d049167a3497e926474821fe5eb0bc
amouyal:227,set_hyp5_18,371,reflexive,gp,lingering,demo_reg_query_rev_chat_assertion,reg,rev,chat,assertion,0.0033979881554841995,0.9966020118445158,1,0.9996809363365173,5ec6129e4778235da423983cbfb3fb84cf6efd816274d914f80a5e5d2b32be66
amouyal:228,set_hyp5_19,372,reflexive,gp,simple,demo_reg_query_rev_chat_assertion,reg,rev,chat,assertion,0.8836251497268677,0.8836251497268677,1,0.9993754029273987,15b6bb45890395b6e4009320f75995a3a2138d62e4d5369479a454dd92072e0b
amouyal:229,set_hyp5_19,373,reflexive,gp,lingering,demo_reg_query_rev_chat_assertion,reg,rev,chat,assertion,8.660411367600318e-06,0.9999913395886324,1,0.9999591708183289,0988a2eb05e8390efe31fc3a8d118715379099deef36e3e4353573d2a7d0d2c4
amouyal:230,set_hyp5_20,374,reflexive,gp,simple,demo_reg_query_rev_chat_assertion,reg,rev,chat,assertion,0.01577303558588028,0.01577303558588028,0,0.9994720220565796,05099a7e94eca375b6cd1e052a589169e46196b7eb813563115cd850f1562e24
amouyal:231,set_hyp5_20,375,reflexive,gp,lingering,demo_reg_query_rev_chat_assertion,reg,rev,chat,assertion,1.3401206899743556e-07,0.999999865987931,1,0.9998105764389038,78a8b69b0fd7a6ad80ed966b9040c18cf510a0f61a72ff6cca661d999c6fc9b6
amouyal:232,set_hyp5_21,376,reflexive,gp,simple,demo_reg_query_rev_chat_assertion,reg,rev,chat,assertion,0.4595349133014679,0.4595349133014679,0,0.9989268779754639,00b53640eafbe151a6dc227f9423c7e8724f8655dbcc2a46a88ad43eeb0e5f88
amouyal:233,set_hyp5_21,377,reflexive,gp,lingering,demo_reg_query_rev_chat_assertion,reg,rev,chat,assertion,3.280890450696461e-05,0.999967191095493,1,0.9998928904533386,ab3a6a96f0671f62c90bfc9aa4697cca7bbe2bd48428a5b9a99ac0aea1c3a6cb
amouyal:234,set_hyp5_22,378,reflexive,gp,simple,demo_reg_query_rev_chat_assertion,reg,rev,chat,assertion,0.0009354811045341194,0.0009354811045341194,0,0.9994627833366394,5a5f34e4a5a3c7079a2f8633d23d51e9fad49878009a2880d299b11aa4f0dbf0
amouyal:235,set_hyp5_22,379,reflexive,gp,lingering,demo_reg_query_rev_chat_assertion,reg,rev,chat,assertion,5.088194754421238e-08,0.9999999491180525,1,0.999649703502655,2b865d3864facc9b26c666a868f410609c8c1552f18dcb8302d909f81dda5c49
amouyal:236,set_hyp5_23,380,reflexive,gp,simple,demo_reg_query_rev_chat_assertion,reg,rev,chat,assertion,0.500664234161377,0.500664234161377,1,0.999553918838501,69cf2b30b002f0dc22d1f0298464be4a7beb8dcf53988643066610d6ac3c0af3
amouyal:237,set_hyp5_23,381,reflexive,gp,lingering,demo_reg_query_rev_chat_assertion,reg,rev,chat,assertion,1.8905633680788014e-07,0.9999998109436632,1,0.9999180436134338,c0ea8a31479158e6005e7c494e22cad9453838b51ffb00b9291927836d07cecb
amouyal:238,set_hyp5_24,382,reflexive,gp,simple,demo_reg_query_rev_chat_assertion,reg,rev,chat,assertion,0.9972022771835327,0.9972022771835327,1,0.9993738532066345,8ec054e305386bfd307de0da5a40feea143730766ca56045fda51719232e4788
amouyal:239,set_hyp5_24,383,reflexive,gp,lingering,demo_reg_query_rev_chat_assertion,reg,rev,chat,assertion,0.0003674236068036407,0.9996325763931964,1,0.9998254179954529,c2505b1739b82e84ad92e4f1a98a81eceb7079c19a131bd2cf6d9ec53e18119c
amouyal:240,set_1,384,prob,gp,simple,demo_reg_query_rev_chat_assertion,reg,rev,chat,assertion,0.049640264362096786,0.049640264362096786,0,0.9995342493057251,c06c213bcc4df03af9d6d79b58f9211abe0e40e57de0ac2294c30da49058b4a8
amouyal:241,set_1,385,prob,gp,lingering,demo_reg_query_rev_chat_assertion,reg,rev,chat,assertion,1.8988148440257646e-05,0.9999810118515597,1,0.999950110912323,e55b60947ea9a94ee13abbdbf7a84c906d56df80aa161514daa269eac24a8686
amouyal:242,set_1,388,prob,non_gp,simple,demo_reg_query_rev_chat_assertion,reg,rev,chat,assertion,0.9991602301597595,0.9991602301597595,1,0.9992852807044983,d415e6f37e50e0d803f522a6f9f2fd880d490d0c7f4fd303fa09b55c594a6656
amouyal:243,set_1,389,prob,non_gp,lingering,demo_reg_query_rev_chat_assertion,reg,rev,chat,assertion,0.974396824836731,0.025603175163269043,0,0.9995164275169373,72c0fd83bb8038bb8113ba4733c8742eeb25bc6f7d48ca0b574fa3d2e17093b0
amouyal:244,set_2,392,prob,gp,simple,demo_reg_query_rev_chat_assertion,reg,rev,chat,assertion,0.9984838366508484,0.9984838366508484,1,0.9995158910751343,2522935ffe576652173f68c805bb0264eec4bed239e0d3b576499e1b92f7704e
amouyal:245,set_2,393,prob,gp,lingering,demo_reg_query_rev_chat_assertion,reg,rev,chat,assertion,0.7423788905143738,0.2576211094856262,0,0.9990560412406921,ad51bb0be6dcfe721387179dd025b8056ed228224431973ee342f4b4d926d139
amouyal:246,set_2,396,prob,non_gp,simple,demo_reg_query_rev_chat_assertion,reg,rev,chat,assertion,0.9998235702514648,0.9998235702514648,1,0.999463677406311,1e979ceda78378a55d77ddc0405701945bb124e7aa4f602ca003a95d5ef74451
amouyal:247,set_2,397,prob,non_gp,lingering,demo_reg_query_rev_chat_assertion,reg,rev,chat,assertion,0.9770066738128662,0.02299332618713379,0,0.9993754625320435,fef34adc056dd4bc416ee8c586997ae981635e8e75a442afdf4b2080a156b4a0
amouyal:248,set_3,400,prob,gp,simple,demo_reg_query_rev_chat_assertion,reg,rev,chat,assertion,0.040867485105991364,0.040867485105991364,0,0.9998279809951782,684af26b5df59a2bb5e13e03ffd49cfc407785d1f349ec16f51bea0527878fec
amouyal:249,set_3,401,prob,gp,lingering,demo_reg_query_rev_chat_assertion,reg,rev,chat,assertion,1.6268591934931464e-05,0.9999837314080651,1,0.999954342842102,ca36dd7254cab888b800706cf90561f8efb2a7c66a122f8ded7204fb86742eb4
amouyal:250,set_3,404,prob,non_gp,simple,demo_reg_query_rev_chat_assertion,reg,rev,chat,assertion,0.9651504158973694,0.9651504158973694,1,0.9994657039642334,4f259b137df71a59107a7e0ea3bbacae498b03a05603f82f442b577125d071a4
amouyal:251,set_3,405,prob,non_gp,lingering,demo_reg_query_rev_chat_assertion,reg,rev,chat,assertion,3.4254787806276e-06,0.9999965745212194,1,0.9999634027481079,afe1053be93af6f38dd975412d6d9d921fac4e49ac23d434854cd4556e155fed
amouyal:252,set_4,408,prob,gp,simple,demo_reg_query_rev_chat_assertion,reg,rev,chat,assertion,0.004289588425308466,0.004289588425308466,0,0.9997774362564087,e9cf58d0af6deef65f2daa6bd090f7f27262f7b7429241fb5cf7c2fd33fe1147
amouyal:253,set_4,409,prob,gp,lingering,demo_reg_query_rev_chat_assertion,reg,rev,chat,assertion,5.242500628810376e-05,0.9999475749937119,1,0.9998819828033447,8cfc1de9637f0195a2fde220a91d02ff1b6f4fa58d8bbc2a526f749d9b40452b
amouyal:254,set_4,412,prob,non_gp,simple,demo_reg_query_rev_chat_assertion,reg,rev,chat,assertion,0.5989016890525818,0.5989016890525818,1,0.9992760419845581,da807f3883ca1422d850fba1b4b71ee970a198adf5ee4192a46900a9c8f8cdb4
amouyal:255,set_4,413,prob,non_gp,lingering,demo_reg_query_rev_chat_assertion,reg,rev,chat,assertion,6.415774987544864e-05,0.9999358422501246,1,0.9998748898506165,d905636b1e3825a33767b1c308a360e6d854506a884ea29c0d84d5458a8095d7
amouyal:256,set_5,416,prob,gp,simple,demo_reg_query_rev_chat_assertion,reg,rev,chat,assertion,0.002800185000523925,0.002800185000523925,0,0.999886691570282,101fb2e9764d34d42df65e2694572731821bb20d3cbcd8e1bb4d4bb7c19448cd
amouyal:257,set_5,417,prob,gp,lingering,demo_reg_query_rev_chat_assertion,reg,rev,chat,assertion,1.1382267572912497e-08,0.9999999886177324,1,0.9999151825904846,601e12eb40641f48557e9c7d82677f63d228613337c5c8d566f72ff5a12142bb
amouyal:258,set_5,420,prob,non_gp,simple,demo_reg_query_rev_chat_assertion,reg,rev,chat,assertion,0.9940173625946045,0.9940173625946045,1,0.999651312828064,9ba045299ea927118dfcbdb579023795186b4301d82376d62a64ed503adb6643
amouyal:259,set_5,421,prob,non_gp,lingering,demo_reg_query_rev_chat_assertion,reg,rev,chat,assertion,1.5563164197374135e-05,0.9999844368358026,1,0.9999338984489441,0dfc826125317d408f24bcdd41299883a04e573c39bcb904dc7581d2d866dd07
amouyal:260,set_6,424,prob,gp,simple,demo_reg_query_rev_chat_assertion,reg,rev,chat,assertion,0.0002414115151623264,0.0002414115151623264,0,0.9998872876167297,0041e37a00b84c2e3c3652ac45d905b63d16a520c813f61dec91ee6652501abd
amouyal:261,set_6,425,prob,gp,lingering,demo_reg_query_rev_chat_assertion,reg,rev,chat,assertion,5.987849363009445e-06,0.999994012150637,1,0.9999330639839172,d77515300fb56b65b1150ac329490b84725431df42b49772368fca77a80fc155
amouyal:262,set_6,428,prob,non_gp,simple,demo_reg_query_rev_chat_assertion,reg,rev,chat,assertion,0.9999205470085144,0.9999205470085144,1,0.9992437362670898,35c72ab526aee23ec0117ae02c48a8b08b804afd5c9bf770dfea89957cc1acac
amouyal:263,set_6,429,prob,non_gp,lingering,demo_reg_query_rev_chat_assertion,reg,rev,chat,assertion,0.9959762096405029,0.00402379035949707,0,0.9990362524986267,7974292f634becf334cbf279c5de3e1fb33c48510e4d0858221a967ae2be6acb
amouyal:264,set_7,432,prob,gp,simple,demo_reg_query_rev_chat_assertion,reg,rev,chat,assertion,0.000293438060907647,0.000293438060907647,0,0.9994198083877563,4f3a7df4ec88828ecbb2b8e778b80a96a029a1edeebf21c231f143eb43b9d365
amouyal:265,set_7,433,prob,gp,lingering,demo_reg_query_rev_chat_assertion,reg,rev,chat,assertion,6.544324151036562e-06,0.999993455675849,1,0.99985271692276,818c759128d58e24fe8db1cd49bf0000ddba9e8d8577ca32672e09ba16b6d340
amouyal:266,set_7,436,prob,non_gp,simple,demo_reg_query_rev_chat_assertion,reg,rev,chat,assertion,0.9956418871879578,0.9956418871879578,1,0.9991340637207031,76db64d80b745d49f9d1cc01683e9c9fc935982030c8903f47164147b08495b5
amouyal:267,set_7,437,prob,non_gp,lingering,demo_reg_query_rev_chat_assertion,reg,rev,chat,assertion,0.0005843234830535948,0.9994156765169464,1,0.9998046159744263,38ded037ba00be45fdabf102c14aa4c510c1f25aad616998c6c1b78fc588495e
amouyal:268,set_8,440,prob,gp,simple,demo_reg_query_rev_chat_assertion,reg,rev,chat,assertion,0.07159215211868286,0.07159215211868286,0,0.9989334940910339,6fb744bd2ba40de232ab730b622804ba64867c688175406cce96374df7004abb
amouyal:269,set_8,441,prob,gp,lingering,demo_reg_query_rev_chat_assertion,reg,rev,chat,assertion,1.5055110225148383e-07,0.9999998494488977,1,0.9998824000358582,f16b12262425a8756be8adaba1ec058871ef5b54968080cf24980641596a1166
amouyal:270,set_8,444,prob,non_gp,simple,demo_reg_query_rev_chat_assertion,reg,rev,chat,assertion,0.999974250793457,0.999974250793457,1,0.9991490840911865,2e9605b281ffb11061f93bd3a1b7c319fb971423fd6e2970d7a3a4033cda1716
amouyal:271,set_8,445,prob,non_gp,lingering,demo_reg_query_rev_chat_assertion,reg,rev,chat,assertion,0.0009144704672507942,0.9990855295327492,1,0.9996163249015808,d0acb79a9268da4a7b526f6be42bc875b0046c7b9c828bcde8cbe690d20c9558
amouyal:272,set_9,448,prob,gp,simple,demo_reg_query_rev_chat_assertion,reg,rev,chat,assertion,0.01134351547807455,0.01134351547807455,0,0.9996936321258545,061e242d2c94c1b69710eadb28917ea89d062b7a071550556157dd2f62ba12fa
amouyal:273,set_9,449,prob,gp,lingering,demo_reg_query_rev_chat_assertion,reg,rev,chat,assertion,3.396927240828518e-06,0.9999966030727592,1,0.9998315572738647,41f1543a2b72f9b532675fbc97f442ec29a48e905f0be5ed1497820744b99cc7
amouyal:274,set_9,452,prob,non_gp,simple,demo_reg_query_rev_chat_assertion,reg,rev,chat,assertion,0.9962872862815857,0.9962872862815857,1,0.9993899464607239,9a5faa479a774b31c52872dffd45da976909dea3e5ef84b8bae6f5c83990bc98
amouyal:275,set_9,453,prob,non_gp,lingering,demo_reg_query_rev_chat_assertion,reg,rev,chat,assertion,1.589730345585849e-05,0.9999841026965441,1,0.9995028972625732,62fe1b9c560979fb2455602f9e1fdcfac5bf0c4f336b14e331d66c2157b4e8da
amouyal:0,set_10,0,prob,gp,simple,demo_rev_query_reg_raw_none,rev,reg,raw,none,0.9849010109901428,0.9849010109901428,1,0.9588412642478943,301cbfc86b9a40cd953404628f7779c0e5fad6fb4c47dc0907ebbe76d8ec2e92
amouyal:1,set_10,1,prob,gp,lingering,demo_rev_query_reg_raw_none,rev,reg,raw,none,0.9932789206504822,0.006721079349517822,0,0.9499831795692444,69c8fb7f026c1e2b70a0a71825d5b0e2f2ecf4c49f3f72241df5fe7ec8504403
amouyal:2,set_10,4,prob,non_gp,simple,demo_rev_query_reg_raw_none,rev,reg,raw,none,0.9941824674606323,0.9941824674606323,1,0.970421552658081,428659267a4e0c556ddc33dc1f57d07c2d86bcd9f8ce9552eb8e063b0be42616
amouyal:3,set_10,5,prob,non_gp,lingering,demo_rev_query_reg_raw_none,rev,reg,raw,none,0.9977720379829407,0.002227962017059326,0,0.9801968932151794,ba9f061c126615adb8f1926d2a6524292fb2bfcf3c7947791137e64cbb8d2b74
amouyal:4,set_11,8,prob,gp,simple,demo_rev_query_reg_raw_none,rev,reg,raw,none,0.9989647269248962,0.9989647269248962,1,0.9860817193984985,19f03087eee18c7dcb6ce6768947e0ca165888c4a6fa46b10c71da9915e60562
amouyal:5,set_11,9,prob,gp,lingering,demo_rev_query_reg_raw_none,rev,reg,raw,none,0.997227668762207,0.0027723312377929688,0,0.9714710116386414,0f368bcd06b882a32e01196307267e507856958a7b94b0610ae8c725f78f2a85
amouyal:6,set_11,12,prob,non_gp,simple,demo_rev_query_reg_raw_none,rev,reg,raw,none,0.9985847473144531,0.9985847473144531,1,0.9836705923080444,b7438e42334e180b835c7af557d2fd2e023241c494cd017abe26ed4379388c46
amouyal:7,set_11,13,prob,non_gp,lingering,demo_rev_query_reg_raw_none,rev,reg,raw,none,0.9982108473777771,0.0017891526222229004,0,0.9852978587150574,3b599ea5b0b725fa9492e326f9a8c1195fdbcf50b52c6affd1f9d8ffce238a2b
amouyal:8,set_12,16,prob,gp,simple,demo_rev_query_reg_raw_none,rev,reg,raw,none,0.8022182583808899,0.8022182583808899,1,0.9276537299156189,9de4e3a53ca75730439db12245ac2b03560e944d2eabc4feba42addc8e81953c
amouyal:9,set_12,17,prob,gp,lingering,demo_rev_query_reg_raw_none,rev,reg,raw,none,0.9958400130271912,0.004159986972808838,0,0.9779744148254395,aef8947a106c81f61da8d89d6cd6f56032aca42f3d1dd53b13dbcabb3bdb216e
amouyal:10,set_12,20,prob,non_gp,simple,demo_rev_query_reg_raw_none,rev,reg,raw,none,0.9997510313987732,0.9997510313987732,1,0.9951009154319763,2b8c81f8a59e7fb83607847f9d74d305cb242eafeb44d8f5654b204e942ed7e8
amouyal:11,set_12,21,prob,non_gp,lingering,demo_rev_query_reg_raw_none,rev,reg,raw,none,0.9987765550613403,0.001223444938659668,0,0.9911033511161804,a2c95ae29918de8ee87bbbebe23d2376c11fe3a5c2401d12dc79f43854626af6
amouyal:12,set_13,24,prob,gp,simple,demo_rev_query_reg_raw_none,rev,reg,raw,none,0.9962989687919617,0.9962989687919617,1,0.9730622172355652,b54b110308b792645ad522a3cbf06be5acefaa790075bc847bc3c5b54f93d361
amouyal:13,set_13,25,prob,gp,lingering,demo_rev_query_reg_raw_none,rev,reg,raw,none,0.9339241981506348,0.06607580184936523,0,0.8759300112724304,1523bcc897b813b1b26248f6633d83cf9157fac7e37d112735afce29df62ef23
amouyal:14,set_13,28,prob,non_gp,simple,demo_rev_query_reg_raw_none,rev,reg,raw,none,0.998946487903595,0.998946487903595,1,0.9847614169120789,f3b1d286a2f98f0e3ae073c4d92b541778f3d75f4ede5ac6f572d9d4b738bc9c
amouyal:15,set_13,29,prob,non_gp,lingering,demo_rev_query_reg_raw_none,rev,reg,raw,none,0.9990335702896118,0.0009664297103881836,0,0.9856346249580383,642fdfdc9c711af70b5059ec98e5d848a2719c2ae9fe9942388518ba7fbd5365
amouyal:16,set_14,32,prob,gp,simple,demo_rev_query_reg_raw_none,rev,reg,raw,none,0.9673817753791809,0.9673817753791809,1,0.9164994359016418,30dffb5e18f0155763fd94bdb27be059cea89adf48556faf579a1ecb89efd689
amouyal:17,set_14,33,prob,gp,lingering,demo_rev_query_reg_raw_none,rev,reg,raw,none,0.9807637333869934,0.019236266613006592,0,0.9421315789222717,22bf5650b3ad2c32592accb38e83eb823c022a502d4ba36c9dd9dc7ed9021289
amouyal:18,set_14,36,prob,non_gp,simple,demo_rev_query_reg_raw_none,rev,reg,raw,none,0.9885965585708618,0.9885965585708618,1,0.9639496803283691,ab31be054f9be322793ef431c067f311235f560645062c545cd6dd608264eea7
amouyal:19,set_14,37,prob,non_gp,lingering,demo_rev_query_reg_raw_none,rev,reg,raw,none,0.8344608545303345,0.16553914546966553,0,0.9300103187561035,ecf654f445742a7260f598125b1dafb0117c82ecff81b7c59c736520d2ec8e49
amouyal:20,set_15,40,prob,gp,simple,demo_rev_query_reg_raw_none,rev,reg,raw,none,0.9980387687683105,0.9980387687683105,1,0.9862487316131592,ffb1bcd9ad2694e4fc465da3b9c28be61ced27733c4987d61ca687aa021e825b
amouyal:21,set_15,41,prob,gp,lingering,demo_rev_query_reg_raw_none,rev,reg,raw,none,0.9940145611763,0.005985438823699951,0,0.9724187254905701,3a986d7a75382894cd5dd7a36c687e41ddb2dae34b53e58f6943d4dfa2881c78
amouyal:22,set_15,44,prob,non_gp,simple,demo_rev_query_reg_raw_none,rev,reg,raw,none,0.999187171459198,0.999187171459198,1,0.9873573184013367,29579d211066849802ce1e911d94b496ecc6eaa3d1c82989cc6d0d99bd918d1f
amouyal:23,set_15,45,prob,non_gp,lingering,demo_rev_query_reg_raw_none,rev,reg,raw,none,0.9992905259132385,0.0007094740867614746,0,0.9892359972000122,8228f9f38ed8396909a7ee63df8a81031aa0987c8913abef05a82c026e46bcf7
amouyal:24,set_16,48,prob,gp,simple,demo_rev_query_reg_raw_none,rev,reg,raw,none,0.9973536133766174,0.9973536133766174,1,0.9784952402114868,6d7bd09a3e1db86888e96a5166ebd36e2cea66c32ba6a0bc30ebf14e9a668ab3
amouyal:25,set_16,49,prob,gp,lingering,demo_rev_query_reg_raw_none,rev,reg,raw,none,0.994340717792511,0.005659282207489014,0,0.9580520391464233,ea39da96163f46dd742a365536b7200bfa48a90694f3416058af128b92250426
amouyal:26,set_16,52,prob,non_gp,simple,demo_rev_query_reg_raw_none,rev,reg,raw,none,0.9990038275718689,0.9990038275718689,1,0.9818655848503113,35d9f44e086ef400cf5666508409dd5a2e5b36e21bda8b48fa1d9a461c874b16
amouyal:27,set_16,53,prob,non_gp,lingering,demo_rev_query_reg_raw_none,rev,reg,raw,none,0.9989909529685974,0.0010090470314025879,0,0.9749739170074463,e72a866345d61b5671c048c5cc757a12b18362b2cfcc73c5d55729314d5d58c3
amouyal:28,set_17,56,prob,gp,simple,demo_rev_query_reg_raw_none,rev,reg,raw,none,0.9965616464614868,0.9965616464614868,1,0.983691394329071,a5de0de7b322dc2232c0ee56ce148226e4154e87f0e1202ce997f4f38188eeec
amouyal:29,set_17,57,prob,gp,lingering,demo_rev_query_reg_raw_none,rev,reg,raw,none,0.9877971410751343,0.012202858924865723,0,0.9609552621841431,756fc83cbb4cf51b8eba410f40f2864cc2f0edd880a732b0041caded64be14bb
amouyal:30,set_17,60,prob,non_gp,simple,demo_rev_query_reg_raw_none,rev,reg,raw,none,0.9992706179618835,0.9992706179618835,1,0.9852433800697327,4a581a5ac17b29bf715e849b2c3a181bf88254df07ad657b4ca8d0a5c1042308
amouyal:31,set_17,61,prob,non_gp,lingering,demo_rev_query_reg_raw_none,rev,reg,raw,none,0.41698524355888367,0.5830147564411163,1,0.8708136081695557,3e029713a79b95d7630fe5b26d64d6ea5ed1fd0fdc7d1db5391e1e2d0cbdba3c
amouyal:32,set_18,64,prob,gp,simple,demo_rev_query_reg_raw_none,rev,reg,raw,none,0.9987237453460693,0.9987237453460693,1,0.9918855428695679,91a5fd49520fae47c7f543a560917f325fee06791cc778cf3f036b951c08aabd
amouyal:33,set_18,65,prob,gp,lingering,demo_rev_query_reg_raw_none,rev,reg,raw,none,0.8734820485115051,0.12651795148849487,0,0.9045739769935608,df121d29382fbc5e1130a2369b787d666d07ced3c79641231fb7e4202164e86f
amouyal:34,set_18,68,prob,non_gp,simple,demo_rev_query_reg_raw_none,rev,reg,raw,none,0.9996979832649231,0.9996979832649231,1,0.9950029850006104,4ccded479cc45885773395ad1d5146c8906e1e1f278f0f121ad8daf15b174cf9
amouyal:35,set_18,69,prob,non_gp,lingering,demo_rev_query_reg_raw_none,rev,reg,raw,none,0.009676503948867321,0.9903234960511327,1,0.9581373333930969,acf8072d238b77f27ce7e15a2004234b647b67bf474b530cafd3bbc2b6894f57
amouyal:36,set_19,72,prob,gp,simple,demo_rev_query_reg_raw_none,rev,reg,raw,none,0.9985487461090088,0.9985487461090088,1,0.9876866340637207,a32594a03090280201091a6bf7bed0a37d22ad25a18aec73ae3c14386b7bc3fb
amouyal:37,set_19,73,prob,gp,lingering,demo_rev_query_reg_raw_none,rev,reg,raw,none,0.9942167401313782,0.005783259868621826,0,0.9654404520988464,0a8259a6b542e86300658c81ad9d104899ce8d10fec84d395f17cbdb451f5dd9
amouyal:38,set_19,76,prob,non_gp,simple,demo_rev_query_reg_raw_none,rev,reg,raw,none,0.9992369413375854,0.9992369413375854,1,0.9875746965408325,39246e3e46ee2130ffdfe9bdae616a1b981eb33488288ccaa6a47a2733607625
amouyal:39,set_19,77,prob,non_gp,lingering,demo_rev_query_reg_raw_none,rev,reg,raw,none,0.9983564019203186,0.0016435980796813965,0,0.9890599846839905,b3916d3aee7569e7043f14f96fb462c93763866087a88a4c93107d154c08b326
amouyal:40,set_20,80,prob,gp,simple,demo_rev_query_reg_raw_none,rev,reg,raw,none,0.9936643242835999,0.9936643242835999,1,0.9657860994338989,716cd58271b07b1e789b9361e5e9b67993c3ddeee7fc0032c77581a02cde8e89
amouyal:41,set_20,81,prob,gp,lingering,demo_rev_query_reg_raw_none,rev,reg,raw,none,0.9579467177391052,0.042053282260894775,0,0.904604971408844,e3668a04888ee38c6694a776c7a6864b69b4756f4a1a5c38c453c87013dfa9e9
amouyal:42,set_20,84,prob,non_gp,simple,demo_rev_query_reg_raw_none,rev,reg,raw,none,0.9978904724121094,0.9978904724121094,1,0.9804773330688477,04d90361ed5b5240772613f54a28c7bbc1d233f4b2883607e6bbeafe47c9c35d
amouyal:43,set_20,85,prob,non_gp,lingering,demo_rev_query_reg_raw_none,rev,reg,raw,none,0.1864674687385559,0.8135325312614441,1,0.8411186933517456,b7a2b519a4b2eebd1ff681a3c2c91f52afbe23c3fa6dc8ebb89bfba42e1c5679
amouyal:44,set_21,88,prob,gp,simple,demo_rev_query_reg_raw_none,rev,reg,raw,none,0.9937729239463806,0.9937729239463806,1,0.9491676092147827,d9ce9f2eedc257e6feabe1e4b11c11b0f765f039e1a0dbbbadcbad6776084f6a
amouyal:45,set_21,89,prob,gp,lingering,demo_rev_query_reg_raw_none,rev,reg,raw,none,0.6564898490905762,0.34351015090942383,0,0.7713560461997986,8c7f04524f78582a69c9a256519cca61a0160d218254715f016740901fcac9ad
amouyal:46,set_21,92,prob,non_gp,simple,demo_rev_query_reg_raw_none,rev,reg,raw,none,0.9995015263557434,0.9995015263557434,1,0.9807819128036499,a2ee0377e382b98fdc72c3f466be2ebaf8e9de6e288786a844eb27ca2e6c3af6
amouyal:47,set_21,93,prob,non_gp,lingering,demo_rev_query_reg_raw_none,rev,reg,raw,none,0.9831860661506653,0.016813933849334717,0,0.9745423197746277,60539fe93aed227019168f7ff5c4c87f46b243121ca6e6ca07a835259e7e3820
amouyal:48,set_22,96,prob,gp,simple,demo_rev_query_reg_raw_none,rev,reg,raw,none,0.9988285899162292,0.9988285899162292,1,0.988684356212616,5327cd9b4bd5138cbd130180310e526e69ae64d47f52db13f15f460c1e26fcfd
amouyal:49,set_22,97,prob,gp,lingering,demo_rev_query_reg_raw_none,rev,reg,raw,none,0.9921835660934448,0.007816433906555176,0,0.9702133536338806,c7930d1fdf566a815cfe3534a53a525bc49992582b86e7b312395128f23dbd43
amouyal:50,set_22,100,prob,non_gp,simple,demo_rev_query_reg_raw_none,rev,reg,raw,none,0.9993115067481995,0.9993115067481995,1,0.9888984560966492,e27a085aff30ff0f0b3fd8371cdaebb0663bd335f69c764d387b119c1acb1c14
amouyal:51,set_22,101,prob,non_gp,lingering,demo_rev_query_reg_raw_none,rev,reg,raw,none,0.25218328833580017,0.7478167116641998,1,0.8510808944702148,af66f7bd372c7dd3c9443b977bfa89dd5eeee1c080fb2bcdcbde3b11e7d19a02
amouyal:52,set_23,104,prob,gp,simple,demo_rev_query_reg_raw_none,rev,reg,raw,none,0.9946529865264893,0.9946529865264893,1,0.9568045139312744,2384698069c5c785f82b3a08b134c95b58ed1675f688354bf582c1fe0e5c1776
amouyal:53,set_23,105,prob,gp,lingering,demo_rev_query_reg_raw_none,rev,reg,raw,none,0.9747899174690247,0.025210082530975342,0,0.9364326596260071,24b1d1c470bd530728ad6f6fd8ef6b88269be834344693d6445950a9ebd19475
amouyal:54,set_23,108,prob,non_gp,simple,demo_rev_query_reg_raw_none,rev,reg,raw,none,0.999201774597168,0.999201774597168,1,0.9886500835418701,c374ed5841e08e8901f71edbdaa823f36cab0522b4ca60fe91aa2d44063fc603
amouyal:55,set_23,109,prob,non_gp,lingering,demo_rev_query_reg_raw_none,rev,reg,raw,none,0.9989738464355469,0.001026153564453125,0,0.9803446531295776,59f9fc47ac2dd1c8de0f26cb8ad0bf62c7eb1a3d9df5c4d47b4bcc2c6f262450
amouyal:56,set_24,112,prob,gp,simple,demo_rev_query_reg_raw_none,rev,reg,raw,none,0.9792468547821045,0.9792468547821045,1,0.9376972913742065,77a3193a4c0310e88b7110c0e7f1f2dc06747cae0fdb090d4e109cf6da6b9c88
amouyal:57,set_24,113,prob,gp,lingering,demo_rev_query_reg_raw_none,rev,reg,raw,none,0.9618933200836182,0.038106679916381836,0,0.926795482635498,0e344382d4b5f5780c9ec2fa95cd9d25dd881aa512c9eaf37a814553c324650a
amouyal:58,set_24,116,prob,non_gp,simple,demo_rev_query_reg_raw_none,rev,reg,raw,none,0.9981237649917603,0.9981237649917603,1,0.9808974862098694,65a02208bb376d11d70f86761cefb1fffbb3b38899ad00ef0fbcb2d60b204007
amouyal:59,set_24,117,prob,non_gp,lingering,demo_rev_query_reg_raw_none,rev,reg,raw,none,0.1522141844034195,0.8477858155965805,1,0.8628231883049011,5483d6c89abce1ec93455c85ac8415c6a7836919322031108fabede97ed62238
amouyal:60,set_25,120,prob,gp,simple,demo_rev_query_reg_raw_none,rev,reg,raw,none,0.9968998432159424,0.9968998432159424,1,0.9735252261161804,702975075c52bc27d6c537c649fa64aeebf39f1e1f83f1a915fdf3d931aed548
amouyal:61,set_25,121,prob,gp,lingering,demo_rev_query_reg_raw_none,rev,reg,raw,none,0.9946825504302979,0.0053174495697021484,0,0.9579536318778992,c215eb0ac43e2556a7225f11faf726bd26653b932ece5e01957c8c1ed70d004a
amouyal:62,set_25,124,prob,non_gp,simple,demo_rev_query_reg_raw_none,rev,reg,raw,none,0.9987730383872986,0.9987730383872986,1,0.9807101488113403,bc89e33f709b58d3897aec8d58c1db38a03e647bc6d14b17542494b94281d97d
amouyal:63,set_25,125,prob,non_gp,lingering,demo_rev_query_reg_raw_none,rev,reg,raw,none,0.9979320764541626,0.0020679235458374023,0,0.9769195914268494,98c8a30e8221d0cdc15e2e6ab1c09a2a5df6a2c883fde483f25c5c2d17c974f6
amouyal:64,set_26,128,prob,gp,simple,demo_rev_query_reg_raw_none,rev,reg,raw,none,0.9872193932533264,0.9872193932533264,1,0.9656904935836792,709ccfcf740dd0228f18be871a5466be351fc4cdbbf732896e885e1737cfd6ed
amouyal:65,set_26,129,prob,gp,lingering,demo_rev_query_reg_raw_none,rev,reg,raw,none,0.18298716843128204,0.817012831568718,1,0.8414177298545837,7e5dc61611f61276611ffc80e8356e8c20f967e1409f13939458f79bece6321a
amouyal:66,set_26,132,prob,non_gp,simple,demo_rev_query_reg_raw_none,rev,reg,raw,none,0.9991442561149597,0.9991442561149597,1,0.9870695471763611,1a8b3eaf8feb79c4f580bbce4c6f33f4f3b7b2e183650d8462a7dbe679181457
amouyal:67,set_26,133,prob,non_gp,lingering,demo_rev_query_reg_raw_none,rev,reg,raw,none,0.016445986926555634,0.9835540130734444,1,0.963132381439209,75104eb6c73367553dc8b2827de0b601da4280657783ec1159d4b6810f43bae7
amouyal:68,set_27,136,prob,gp,simple,demo_rev_query_reg_raw_none,rev,reg,raw,none,0.9992392659187317,0.9992392659187317,1,0.9878914952278137,ff3f58c4fdab6e33f9df7b4b3c321ad0309070ca8bc1c98072736092af968961
amouyal:69,set_27,137,prob,gp,lingering,demo_rev_query_reg_raw_none,rev,reg,raw,none,0.9976410865783691,0.0023589134216308594,0,0.9734107255935669,733988175638f50da3e24c65ab87e114a5968aaa89c69b6e89cba337ab703b7c
amouyal:70,set_27,140,prob,non_gp,simple,demo_rev_query_reg_raw_none,rev,reg,raw,none,0.9994493126869202,0.9994493126869202,1,0.9884234070777893,01fb722c3ff22a5c0892bacd3d2eb40458f0d815fa550b519c74b04cfef8171f
amouyal:71,set_27,141,prob,non_gp,lingering,demo_rev_query_reg_raw_none,rev,reg,raw,none,0.9934800267219543,0.006519973278045654,0,0.968319833278656,a353a00b25e69387dfe1b09b9e90a20fae494b04679ac61f507df931984ebb5f
amouyal:72,set_28,144,prob,gp,simple,demo_rev_query_reg_raw_none,rev,reg,raw,none,0.9957873821258545,0.9957873821258545,1,0.9691245555877686,ac74146a2925089dbb59d57a31196aceb54433376812762f9eb34447e1e041e3
amouyal:73,set_28,145,prob,gp,lingering,demo_rev_query_reg_raw_none,rev,reg,raw,none,0.8681803941726685,0.13181960582733154,0,0.7961217761039734,6c72ec12754bcf02908b06ccc6929bbc0d5074e3104442188f184fed9efa1d71
amouyal:74,set_28,148,prob,non_gp,simple,demo_rev_query_reg_raw_none,rev,reg,raw,none,0.9993177056312561,0.9993177056312561,1,0.9852184057235718,e709a208595b1f664757d37df0b17c12cd2e39e931d26e615ddbc8a8300649bd
amouyal:75,set_28,149,prob,non_gp,lingering,demo_rev_query_reg_raw_none,rev,reg,raw,none,0.7558372616767883,0.24416273832321167,0,0.8235172033309937,e9ada3d406779492e7a26e34805310d98735451dacb10c99f86b1bebcb3c5834
amouyal:76,set_29,152,prob,gp,simple,demo_rev_query_reg_raw_none,rev,reg,raw,none,0.9979267120361328,0.9979267120361328,1,0.9857150316238403,9550dffc7166e7782b88f2075b229aa87e97c17358d5cfbe9895dbf0625c0aed
amouyal:77,set_29,153,prob,gp,lingering,demo_rev_query_reg_raw_none,rev,reg,raw,none,0.9913063049316406,0.008693695068359375,0,0.9606093764305115,56b8d7b812b507f2a840591b6b6ae72fbb23df035cb9521d8ae10977256b8394
amouyal:78,set_29,156,prob,non_gp,simple,demo_rev_query_reg_raw_none,rev,reg,raw,none,0.9992254972457886,0.9992254972457886,1,0.9847996830940247,453327b2b00e40c290501587ec2a16068541e8f7accd41d634f2122c8c1505f7
amouyal:79,set_29,157,prob,non_gp,lingering,demo_rev_query_reg_raw_none,rev,reg,raw,none,0.967427670955658,0.03257232904434204,0,0.9349460601806641,ba6a7e94e708821e64ef5e64fba0532ac96be27878e596c06a08a4f1d5037bd9
amouyal:80,set_30,160,prob,gp,simple,demo_rev_query_reg_raw_none,rev,reg,raw,none,0.9991194605827332,0.9991194605827332,1,0.9907380938529968,c9456800714b284e0a81877643d2f0986d81b59abac02a2f3f6caaa55a04cf8e
amouyal:81,set_30,161,prob,gp,lingering,demo_rev_query_reg_raw_none,rev,reg,raw,none,0.9976630806922913,0.0023369193077087402,0,0.9836520552635193,fb2fabbe136cc7778019636c8cc861934fcd23dfe18269f03a3d4581bb2088a6
amouyal:82,set_30,164,prob,non_gp,simple,demo_rev_query_reg_raw_none,rev,reg,raw,none,0.9997032284736633,0.9997032284736633,1,0.9943979978561401,923d2875b3497e99d8a90140cfa7f4e8237440d106f8f79bb9bd6e5ca1191c0f
amouyal:83,set_30,165,prob,non_gp,lingering,demo_rev_query_reg_raw_none,rev,reg,raw,none,0.996907651424408,0.003092348575592041,0,0.9812032580375671,9315013429d55e0fce5ddf7d2d6647333c389af680e166917495a613b0bcf481
amouyal:84,set_31,168,prob,gp,simple,demo_rev_query_reg_raw_none,rev,reg,raw,none,0.9951910376548767,0.9951910376548767,1,0.9701579213142395,3d3c0a469ec104d8055a6b5a44ba8134795fabdc0d2dd9955d0320e3ed858cf7
amouyal:85,set_31,169,prob,gp,lingering,demo_rev_query_reg_raw_none,rev,reg,raw,none,0.9499104619026184,0.05008953809738159,0,0.9009491205215454,f48ccf0ae6c993753fb36d101fd0e37c5e8b9dfeadad42d00ca7cbc80cf2bf4c
amouyal:86,set_31,172,prob,non_gp,simple,demo_rev_query_reg_raw_none,rev,reg,raw,none,0.9993579983711243,0.9993579983711243,1,0.9896749258041382,c0fd8b591496af50e4a4bde6f69695dff30e91033315945a439e3e4cb4bfded8
amouyal:87,set_31,173,prob,non_gp,lingering,demo_rev_query_reg_raw_none,rev,reg,raw,none,0.9856686592102051,0.014331340789794922,0,0.9737032651901245,f0ec5738cad1a7de09f7bb0d751f06b8cc8fa9b3cc26f18d102e85f403a11eed
amouyal:88,set_32,176,prob,gp,simple,demo_rev_query_reg_raw_none,rev,reg,raw,none,0.9853983521461487,0.9853983521461487,1,0.9662609696388245,4969f5c4a837c8a0ccbbdc1dd6eb8d04b74ec15866fd50e5a38e564442196c8a
amouyal:89,set_32,177,prob,gp,lingering,demo_rev_query_reg_raw_none,rev,reg,raw,none,0.9249978065490723,0.07500219345092773,0,0.9121680855751038,2fcdb3ecfe8135ff713dbf851de1c8d767849f64619286addfe22f541b2cff2f
amouyal:90,set_32,180,prob,non_gp,simple,demo_rev_query_reg_raw_none,rev,reg,raw,none,0.9994187355041504,0.9994187355041504,1,0.9864503741264343,a8a1ffcc410975d0c757f639d8cb54df4155178997f445f704a2cdc708394a0b
amouyal:91,set_32,181,prob,non_gp,lingering,demo_rev_query_reg_raw_none,rev,reg,raw,none,0.008923575282096863,0.9910764247179031,1,0.9635220170021057,8ea2ac38826cf60430630df75c8b158a1b3523b4554a17fc48b56ce6944d0be5
amouyal:92,set_33,184,prob,gp,simple,demo_rev_query_reg_raw_none,rev,reg,raw,none,0.9932240843772888,0.9932240843772888,1,0.9522286653518677,ae8bfb6ec098d1804d6fcdd7cc8a06d2176a278d806620d7e84deb0dbae36550
amouyal:93,set_33,185,prob,gp,lingering,demo_rev_query_reg_raw_none,rev,reg,raw,none,0.9903255701065063,0.009674429893493652,0,0.9204136729240417,5a8cf3b43d411d46d5139d88e56fd4aadb850bf1bf728ca3580b8b3fa5abd4d5
amouyal:94,set_33,188,prob,non_gp,simple,demo_rev_query_reg_raw_none,rev,reg,raw,none,0.9977927803993225,0.9977927803993225,1,0.9754999279975891,59a075e8b5d4a5843b6671f5f1b0cfbec24f8d1a249eb0a4b33917cda8d9a381
amouyal:95,set_33,189,prob,non_gp,lingering,demo_rev_query_reg_raw_none,rev,reg,raw,none,0.998720109462738,0.0012798905372619629,0,0.9768433570861816,152c254bbd2f95a6bb519c5d4d325e6b58792ed01d256f7b5289a5237f224743
amouyal:96,set_34,192,prob,gp,simple,demo_rev_query_reg_raw_none,rev,reg,raw,none,0.997054398059845,0.997054398059845,1,0.981298565864563,5dc3ffaa9588ed17c811dfe02faf64f44f7979353a8b057632c359c2387f0bd8
amouyal:97,set_34,193,prob,gp,lingering,demo_rev_query_reg_raw_none,rev,reg,raw,none,0.9539997577667236,0.04600024223327637,0,0.9445769786834717,278525a82fcb943c1b2d7811fa7f28e9dd6077d8a7439af5119fd71ea95dc97a
amouyal:98,set_34,196,prob,non_gp,simple,demo_rev_query_reg_raw_none,rev,reg,raw,none,0.9993357062339783,0.9993357062339783,1,0.9886350035667419,50bb839a0b747bc6000b94d381d0022d14e5744de231cc5a70c589d23a513395
amouyal:99,set_34,197,prob,non_gp,lingering,demo_rev_query_reg_raw_none,rev,reg,raw,none,0.6591579914093018,0.34084200859069824,0,0.8900257349014282,93fedddfa8188acb33c364561cb759605d8d1ea7b3250bb49beb2cd603ec90b0
amouyal:100,set_35,200,prob,gp,simple,demo_rev_query_reg_raw_none,rev,reg,raw,none,0.9925201535224915,0.9925201535224915,1,0.9774463772773743,68c77b24677297049edec2ae47b0763a97309c072eb96e9c40e4b0cc3a81c264
amouyal:101,set_35,201,prob,gp,lingering,demo_rev_query_reg_raw_none,rev,reg,raw,none,0.9004471302032471,0.09955286979675293,0,0.831623911857605,e48de1fc335639f34960b14b688a8b7eeae874ee3738871e32a5e125062ab908
amouyal:102,set_35,204,prob,non_gp,simple,demo_rev_query_reg_raw_none,rev,reg,raw,none,0.9958727359771729,0.9958727359771729,1,0.9879012703895569,c7148760611b1a84c743f0b2760b4813c4ac0d6d5b3d86c817618cc047c9bfad
amouyal:103,set_35,205,prob,non_gp,lingering,demo_rev_query_reg_raw_none,rev,reg,raw,none,0.9991030097007751,0.0008969902992248535,0,0.9891993403434753,b216b2896026a45a63d1790d906a6e3659f326fc6b68d274c28939edd7aa0959
amouyal:104,set_36,208,prob,gp,simple,demo_rev_query_reg_raw_none,rev,reg,raw,none,0.9978539943695068,0.9978539943695068,1,0.9770297408103943,3535ad4589d4a6d263ae6e508ea860dd28744315914967fe59c5fed10a795ff7
amouyal:105,set_36,209,prob,gp,lingering,demo_rev_query_reg_raw_none,rev,reg,raw,none,0.9936659336090088,0.006334066390991211,0,0.9516004323959351,da547b6b7d1f3ca1dfc64fe73f5a922c2942b7af9a6ea25522dc87437db8a311
amouyal:106,set_36,212,prob,non_gp,simple,demo_rev_query_reg_raw_none,rev,reg,raw,none,0.999549388885498,0.999549388885498,1,0.9891771078109741,ac0a13a7b88825398b0099807e2e9725fe60e790506db0858ad19fd34c722d28
amouyal:107,set_36,213,prob,non_gp,lingering,demo_rev_query_reg_raw_none,rev,reg,raw,none,0.9929616451263428,0.0070383548736572266,0,0.9781064391136169,f10dee71c32c830a397dfcbdbaaadeffa29829c87fd74c928f22a3da92671574
amouyal:108,set_37,216,prob,gp,simple,demo_rev_query_reg_raw_none,rev,reg,raw,none,0.9181769490242004,0.9181769490242004,1,0.9368345141410828,30754ec5aa8fee635194780cd15894b29d292ad762fe5cfc0a6b6858065c9050
amouyal:109,set_37,217,prob,gp,lingering,demo_rev_query_reg_raw_none,rev,reg,raw,none,0.9860907793045044,0.013909220695495605,0,0.9449188709259033,4b608ee8b741e68caf3feecd752036c0247e609b823daabe0fc85a7743130cd4
amouyal:110,set_37,220,prob,non_gp,simple,demo_rev_query_reg_raw_none,rev,reg,raw,none,0.9972602128982544,0.9972602128982544,1,0.9781830310821533,ed884294bcddd5e6d7bdbfd867dfb84e03d1a652b89f1d4b72c9504ff1e58462
amouyal:111,set_37,221,prob,non_gp,lingering,demo_rev_query_reg_raw_none,rev,reg,raw,none,0.41516077518463135,0.5848392248153687,1,0.832176923751831,fe60fddb53b629c53b4a8be2c4943d18dfbb6672cbc43e9c172fa98d741a0ee2
amouyal:112,set_38,224,prob,gp,simple,demo_rev_query_reg_raw_none,rev,reg,raw,none,0.9729616045951843,0.9729616045951843,1,0.9585109949111938,7ef986cb68a75bfe50f0ad914ed9d477c6559146ebcf8ddee0db54b10488a223
amouyal:113,set_38,225,prob,gp,lingering,demo_rev_query_reg_raw_none,rev,reg,raw,none,0.992050051689148,0.00794994831085205,0,0.9652062654495239,022117627ae2c8bdd0582ce5d5f843a525d330944d0d436873366f5f918223a1
amouyal:114,set_38,228,prob,non_gp,simple,demo_rev_query_reg_raw_none,rev,reg,raw,none,0.9951072931289673,0.9951072931289673,1,0.979335367679596,798902a451c692f48e0cb6cf3362c979673b05899188c2b97ad414e5a424655c
amouyal:115,set_38,229,prob,non_gp,lingering,demo_rev_query_reg_raw_none,rev,reg,raw,none,0.9775256514549255,0.022474348545074463,0,0.9759455919265747,0d1f14f4c987cc47b56bd88ac4ab4388ba18d28ae97a78ae4c73bb5280f9857b
amouyal:116,set_39,232,prob,gp,simple,demo_rev_query_reg_raw_none,rev,reg,raw,none,0.9974266886711121,0.9974266886711121,1,0.9796643257141113,8d7c13ef74779aaf9a3e0fbe6424d6bcb45ff444b3bd786f95ea6e5e6b080aa5
amouyal:117,set_39,233,prob,gp,lingering,demo_rev_query_reg_raw_none,rev,reg,raw,none,0.9875063300132751,0.012493669986724854,0,0.935326099395752,b7cff523830cba0d6f4a73f5294b3c084af68c072c097dc95faa7b37fb0446b2
amouyal:118,set_39,236,prob,non_gp,simple,demo_rev_query_reg_raw_none,rev,reg,raw,none,0.999352753162384,0.999352753162384,1,0.9862062931060791,ff262c1f469405cff314e8d6b94fcf81ddf968ee4c1ef4d276b8a61f947942be
amouyal:119,set_39,237,prob,non_gp,lingering,demo_rev_query_reg_raw_none,rev,reg,raw,none,0.9963682293891907,0.003631770610809326,0,0.9714860916137695,e114b9f3dcb38e2322fa7cb37539a9a2dc382df3311be064acb3361d72c0f824
amouyal:120,set_40,240,prob,gp,simple,demo_rev_query_reg_raw_none,rev,reg,raw,none,0.9576520919799805,0.9576520919799805,1,0.930923342704773,f1cd8de13eb58d1f9018ffb8d33c07b16c4815b7e08c472c9812ef43bfb993ad
amouyal:121,set_40,241,prob,gp,lingering,demo_rev_query_reg_raw_none,rev,reg,raw,none,0.9823786020278931,0.017621397972106934,0,0.9627082943916321,92f1675727b4ae52bbc9da42d7bd50ee53457f4ac27869440959091b2f7a16c8
amouyal:122,set_40,244,prob,non_gp,simple,demo_rev_query_reg_raw_none,rev,reg,raw,none,0.9948373436927795,0.9948373436927795,1,0.9740324020385742,8f621d786b41ccc8f4f7b6c6258da28e08e7057992121bfc92f81d490c7ee36e
amouyal:123,set_40,245,prob,non_gp,lingering,demo_rev_query_reg_raw_none,rev,reg,raw,none,0.8381754755973816,0.1618245244026184,0,0.904647171497345,f08109e63c853c4a73568676c2da59200720ba1a062729d98c94a7077e606801
amouyal:124,set_41,248,prob,gp,simple,demo_rev_query_reg_raw_none,rev,reg,raw,none,0.9940376281738281,0.9940376281738281,1,0.9732742309570312,d8fb94ff14135fc094e5f95ffc8c6db81736feab1cc1ab3c5dafcd5f7701766c
amouyal:125,set_41,249,prob,gp,lingering,demo_rev_query_reg_raw_none,rev,reg,raw,none,0.9055618047714233,0.09443819522857666,0,0.8907771110534668,245cfc6911953226e5a6632ebb23dd519585c621d60c723e455ecc7acbef76f9
amouyal:126,set_41,252,prob,non_gp,simple,demo_rev_query_reg_raw_none,rev,reg,raw,none,0.9987908601760864,0.9987908601760864,1,0.9799574017524719,d31209fdef826415cdbdb44ca1b17f61d94718c03ea4d0d055a0cde2ccabefad
amouyal:127,set_41,253,prob,non_gp,lingering,demo_rev_query_reg_raw_none,rev,reg,raw,none,0.9970285296440125,0.002971470355987549,0,0.9752798676490784,adc995228caaf347443a8501a576ed0467a41d0589d439357cfc24f6d3a3214c
amouyal:128,set_42,256,prob,gp,simple,demo_rev_query_reg_raw_none,rev,reg,raw,none,0.9993919134140015,0.9993919134140015,1,0.9891678094863892,e80c5528ef96a8b8e78f735ba7922f9ce65e99c57266b71d8a7b0104a29d86c2
amouyal:129,set_42,257,prob,gp,lingering,demo_rev_query_reg_raw_none,rev,reg,raw,none,0.9984299540519714,0.0015700459480285645,0,0.9846782684326172,3ce4228f7e99a7b104ba417d57d9629358c8a82f8c5787334316b9bb3ea7bc2e
amouyal:130,set_42,260,prob,non_gp,simple,demo_rev_query_reg_raw_none,rev,reg,raw,none,0.9991412162780762,0.9991412162780762,1,0.9835407137870789,c2c6eca2d2a212231fda57813cc1771b291adca9099119f81e849f4321f8d78c
amouyal:131,set_42,261,prob,non_gp,lingering,demo_rev_query_reg_raw_none,rev,reg,raw,none,0.9953872561454773,0.004612743854522705,0,0.9699919819831848,fe493148c1b5d21fcc7dbcab8b177b8a8602d68c11b7ca131f7995b13c34246a
amouyal:132,set_43,264,prob,gp,simple,demo_rev_query_reg_raw_none,rev,reg,raw,none,0.9960616827011108,0.9960616827011108,1,0.9762420654296875,7e69c9f2e40c92a51418e410b43480498dc8619972276cd47afc0018c4b1edda
amouyal:133,set_43,265,prob,gp,lingering,demo_rev_query_reg_raw_none,rev,reg,raw,none,0.9960449934005737,0.0039550065994262695,0,0.9790138602256775,e6721100f34942bddab1aa80f887ced4e93ced4bd6ff857280a32919a42b76c7
amouyal:134,set_43,268,prob,non_gp,simple,demo_rev_query_reg_raw_none,rev,reg,raw,none,0.999036967754364,0.999036967754364,1,0.9814088344573975,7ccc0d157c9e8841e8c4af7d8807fb47c7264a60e5d22c81f21ac5f015970725
amouyal:135,set_43,269,prob,non_gp,lingering,demo_rev_query_reg_raw_none,rev,reg,raw,none,0.9993540048599243,0.0006459951400756836,0,0.9922700524330139,10d369ad8aa22ebeeb8ef9f7e13f4ec5d8cc02fc34fd8022b35d3974389cbaf5
amouyal:136,set_44,272,prob,gp,simple,demo_rev_query_reg_raw_none,rev,reg,raw,none,0.9698598384857178,0.9698598384857178,1,0.9421567916870117,143ccba9d7cc8dab6d03a986cb0691a6743911a374e53f7a95f802d212483729
amouyal:137,set_44,273,prob,gp,lingering,demo_rev_query_reg_raw_none,rev,reg,raw,none,0.9730866551399231,0.026913344860076904,0,0.9368446469306946,0bb1039706f30cd6e88a32998c56a9ca64b305fb92373183c744be7b0f4dc906
amouyal:138,set_44,276,prob,non_gp,simple,demo_rev_query_reg_raw_none,rev,reg,raw,none,0.9827579855918884,0.9827579855918884,1,0.963437557220459,9a8026f700a0e8024bc258bcc7ededc7f99f507a0fb45b2896aa5296b723d710
amouyal:139,set_44,277,prob,non_gp,lingering,demo_rev_query_reg_raw_none,rev,reg,raw,none,0.9859840869903564,0.014015913009643555,0,0.9808323383331299,8b75935d457398ded9e4575b2d4b0b7ebf94fa145e9a0a8605f1f12dc840df24
amouyal:140,set_45,280,prob,gp,simple,demo_rev_query_reg_raw_none,rev,reg,raw,none,0.9859569072723389,0.9859569072723389,1,0.9685784578323364,891ca21fc25ee2aa182cd9e9dfbd6e196a0df6b6f307e1f39eb2529a6b788ec3
amouyal:141,set_45,281,prob,gp,lingering,demo_rev_query_reg_raw_none,rev,reg,raw,none,0.9785098433494568,0.021490156650543213,0,0.9402835965156555,216325f5db4d885abfe63473bf26c49c9043527c0068dec791fd65220700a898
amouyal:142,set_45,284,prob,non_gp,simple,demo_rev_query_reg_raw_none,rev,reg,raw,none,0.9993823766708374,0.9993823766708374,1,0.988315761089325,e87f022dddde0fc410c4fd6775884c653e0253953c7123f5d7fad584ac00590b
amouyal:143,set_45,285,prob,non_gp,lingering,demo_rev_query_reg_raw_none,rev,reg,raw,none,0.9981092214584351,0.0018907785415649414,0,0.9843425154685974,5870aa421b2dbd08fa3dce8cc1195a33d4974bec5fbf46c41992f83fc7c1e53b
amouyal:144,set_hyp5_1,288,reflexive,non_gp,simple,demo_rev_query_reg_raw_none,rev,reg,raw,none,0.9983620643615723,0.9983620643615723,1,0.9800541996955872,443efaced46a4d55102fc384922350b5259b70c8bc00b92d87083bd95279cec7
amouyal:145,set_hyp5_1,289,reflexive,non_gp,lingering,demo_rev_query_reg_raw_none,rev,reg,raw,none,0.9912260174751282,0.008773982524871826,0,0.9676206707954407,f7eb268917f7903491c4a7c2f04be9fffb6367fc8fe0a5942871e3b07dcfbea9
amouyal:146,set_hyp5_2,290,reflexive,non_gp,simple,demo_rev_query_reg_raw_none,rev,reg,raw,none,0.9992010593414307,0.9992010593414307,1,0.9878821969032288,5a965c4e7c399bbf906f522f779692e4fff4e7185f58443674c3f3386a42ede7
amouyal:147,set_hyp5_2,291,reflexive,non_gp,lingering,demo_rev_query_reg_raw_none,rev,reg,raw,none,0.0037654335610568523,0.9962345664389431,1,0.9739441275596619,f5582708f7d7b0184171683b52708ce1bbd3f2c79daef13da25b68c6fb5990a8
amouyal:148,set_hyp5_3,292,reflexive,non_gp,simple,demo_rev_query_reg_raw_none,rev,reg,raw,none,0.9986820220947266,0.9986820220947266,1,0.9864656925201416,23435c6f24202fd8cc13210a28adb2b8a8c5b4c98877f51f4cde0ccaa56317ad
amouyal:149,set_hyp5_3,293,reflexive,non_gp,lingering,demo_rev_query_reg_raw_none,rev,reg,raw,none,0.029641779139637947,0.970358220860362,1,0.9034291505813599,1727c64e6c2963c2ab569da2a5b7d77e47f3a678df1b72092f50015f8989e2e8
amouyal:150,set_hyp5_4,294,reflexive,non_gp,simple,demo_rev_query_reg_raw_none,rev,reg,raw,none,0.9967918395996094,0.9967918395996094,1,0.9654650688171387,6a8c6baf80d617206f6b09c2f61637c3cce6a7b779a44df500d0f04cc6e7bcc6
amouyal:151,set_hyp5_4,295,reflexive,non_gp,lingering,demo_rev_query_reg_raw_none,rev,reg,raw,none,0.03446539491415024,0.9655346050858498,1,0.8705528378486633,7be1a6ad525f860f1e47b4f064548169d35dcce5dc44c902298b5bcd15d772d0
amouyal:152,set_hyp5_5,296,reflexive,non_gp,simple,demo_rev_query_reg_raw_none,rev,reg,raw,none,0.9995743036270142,0.9995743036270142,1,0.989978551864624,bc60dcf5831eb37a6ca1166589edd329d5d7360d97d0f8dd7d45747aff6caac0
amouyal:153,set_hyp5_5,297,reflexive,non_gp,lingering,demo_rev_query_reg_raw_none,rev,reg,raw,none,0.0220411978662014,0.9779588021337986,1,0.8979021906852722,f0ef28a6a3dd36ba61f490c31d12997a5f21989ebada44add2b483ce79006a40
amouyal:154,set_hyp5_6,298,reflexive,non_gp,simple,demo_rev_query_reg_raw_none,rev,reg,raw,none,0.9984309077262878,0.9984309077262878,1,0.9723394513130188,80b2859c3672b7761748af0b2c9e08cb5dfb1fb72836ff7c69f3b979c08bb98c
amouyal:155,set_hyp5_6,299,reflexive,non_gp,lingering,demo_rev_query_reg_raw_none,rev,reg,raw,none,0.8085893988609314,0.1914106011390686,0,0.8811285495758057,a64f878156eeb1f5c35593a67411139fd609dbc2117fbc83d7d3aa12de585a92
amouyal:156,set_hyp5_7,300,reflexive,non_gp,simple,demo_rev_query_reg_raw_none,rev,reg,raw,none,0.9995142221450806,0.9995142221450806,1,0.990760862827301,4f874fdea17fe6ce423f0cb067dbc5d79ad26baa53d7ea4bb7dbb551c6810042
amouyal:157,set_hyp5_7,301,reflexive,non_gp,lingering,demo_rev_query_reg_raw_none,rev,reg,raw,none,0.01288745366036892,0.9871125463396311,1,0.9589487910270691,a0099d23f690c20d91064c10ce2d5690385d12c80d0cf2638fbb646fc96c46e5
amouyal:158,set_hyp5_8,302,reflexive,non_gp,simple,demo_rev_query_reg_raw_none,rev,reg,raw,none,0.999055027961731,0.999055027961731,1,0.9868134260177612,b4a4540dd349774c5ca7cc35a47b624ca72337bf5cf8fa63e8e2bfe535441273
amouyal:159,set_hyp5_8,303,reflexive,non_gp,lingering,demo_rev_query_reg_raw_none,rev,reg,raw,none,0.010422836989164352,0.9895771630108356,1,0.9586886167526245,1bdd0ba6d7355f4920536aa3ec7cbf32fff476f3d705f316bf7df13eeb712601
amouyal:160,set_hyp5_9,304,reflexive,non_gp,simple,demo_rev_query_reg_raw_none,rev,reg,raw,none,0.9993550777435303,0.9993550777435303,1,0.9886226058006287,4c7a2eee71e3dc03b423ea40443f47cc441a578c2aa48bd8d2f77bd7408b50b2
amouyal:161,set_hyp5_9,305,reflexive,non_gp,lingering,demo_rev_query_reg_raw_none,rev,reg,raw,none,0.9924283623695374,0.0075716376304626465,0,0.9836987257003784,cb39bd7a6c573f55918e4970a0e6ebb675249926431dd4877d7226efbe3bf6b0
amouyal:162,set_hyp5_10,306,reflexive,non_gp,simple,demo_rev_query_reg_raw_none,rev,reg,raw,none,0.9991435408592224,0.9991435408592224,1,0.989113986492157,7184535575b762b49adc646fd8bf853a9f2984e440de4c21b08333454b2a0d03
amouyal:163,set_hyp5_10,307,reflexive,non_gp,lingering,demo_rev_query_reg_raw_none,rev,reg,raw,none,0.975931704044342,0.02406829595565796,0,0.9747588038444519,c75e8fab116e6f3b1b023fc052e789e26f50d2e9ad7a4aed4d0f6c464f91215d
amouyal:164,set_hyp5_11,308,reflexive,non_gp,simple,demo_rev_query_reg_raw_none,rev,reg,raw,none,0.9991989135742188,0.9991989135742188,1,0.9864997863769531,c88c395047892f6caa164eaacda934492185181e6fe5d70891678ff9b06d7926
amouyal:165,set_hyp5_11,309,reflexive,non_gp,lingering,demo_rev_query_reg_raw_none,rev,reg,raw,none,0.0049447608180344105,0.9950552391819656,1,0.9700452089309692,042f380708453a6a3a989c8152a10a99ac3cc47f72683a3cb0936a25d139fe9e
amouyal:166,set_hyp5_12,310,reflexive,non_gp,simple,demo_rev_query_reg_raw_none,rev,reg,raw,none,0.9993999600410461,0.9993999600410461,1,0.9867988228797913,47550c0d377c457dae5e17a5ab3c61a2e00200bb70afb7b855ff8f692051c4d7
amouyal:167,set_hyp5_12,311,reflexive,non_gp,lingering,demo_rev_query_reg_raw_none,rev,reg,raw,none,0.05886475741863251,0.9411352425813675,1,0.9185652732849121,749478f5f88891277771bb0eb3ed922f350b215a9e1cb620ede1ac56698dbf6b
amouyal:168,set_hyp5_13,312,reflexive,non_gp,simple,demo_rev_query_reg_raw_none,rev,reg,raw,none,0.9987363219261169,0.9987363219261169,1,0.983881950378418,3afbda7062f1f2caaad989d8bd08f63cda9bd89affa9c68d55ebc4e11db754e8
amouyal:169,set_hyp5_13,313,reflexive,non_gp,lingering,demo_rev_query_reg_raw_none,rev,reg,raw,none,0.07312776893377304,0.926872231066227,1,0.82203209400177,2529879cd9646d181ebdd7c9cc0e7a86433b01dbd8546367fe3a33314ce36259
amouyal:170,set_hyp5_14,314,reflexive,non_gp,simple,demo_rev_query_reg_raw_none,rev,reg,raw,none,0.843415379524231,0.843415379524231,1,0.8366107940673828,fde348fd27b335f5f725ae4df3070c4e1c6c65f138b0bde1b63185621f3da7f2
amouyal:171,set_hyp5_14,315,reflexive,non_gp,lingering,demo_rev_query_reg_raw_none,rev,reg,raw,none,0.6149826645851135,0.3850173354148865,0,0.8488949537277222,f9f89e81702546d9f58a8fab2a6a00ddbed21a8b8d5d597631abdc8383a3eb44
amouyal:172,set_hyp5_15,316,reflexive,non_gp,simple,demo_rev_query_reg_raw_none,rev,reg,raw,none,0.9995138049125671,0.9995138049125671,1,0.9895368814468384,d93793652cede6992ef8c891c6417048a81d618dbfdbad854e18ece323458376
amouyal:173,set_hyp5_15,317,reflexive,non_gp,lingering,demo_rev_query_reg_raw_none,rev,reg,raw,none,0.9649950861930847,0.03500491380691528,0,0.9366601705551147,dfe78e7e0526a2b7b9cbf5381537031bb85fd79d30b5ee660dcb31e7c1213382
amouyal:174,set_hyp5_16,318,reflexive,non_gp,simple,demo_rev_query_reg_raw_none,rev,reg,raw,none,0.9985658526420593,0.9985658526420593,1,0.9737570285797119,6ed4b826f0ea0489b569e64bb5eeefdd22838061abdfc6c44ab7fc822dc8542f
amouyal:175,set_hyp5_16,319,reflexive,non_gp,lingering,demo_rev_query_reg_raw_none,rev,reg,raw,none,0.9951179623603821,0.00488203763961792,0,0.9670609831809998,a727fda7746460a7bff69d6b0993713fbfdcf5290634410997813d9cb7a44e59
amouyal:176,set_hyp5_17,320,reflexive,non_gp,simple,demo_rev_query_reg_raw_none,rev,reg,raw,none,0.9992241859436035,0.9992241859436035,1,0.9881696701049805,7942ce9a191156bad68629c8671d775c783c6d5253d430454464e89812330263
amouyal:177,set_hyp5_17,321,reflexive,non_gp,lingering,demo_rev_query_reg_raw_none,rev,reg,raw,none,0.013508394360542297,0.9864916056394577,1,0.9426265358924866,36b797d6e96b83ed052c8e267d688c6c14eb75d3b775eaed83a56396e4bd94e4
amouyal:178,set_hyp5_18,322,reflexive,non_gp,simple,demo_rev_query_reg_raw_none,rev,reg,raw,none,0.26926302909851074,0.26926302909851074,0,0.6433698534965515,b9ba203feffbc3ea36d91bbef5b31fdc5fda2dcfe530b093ddd238e03eecc548
amouyal:179,set_hyp5_18,323,reflexive,non_gp,lingering,demo_rev_query_reg_raw_none,rev,reg,raw,none,0.1463834047317505,0.8536165952682495,1,0.8847295045852661,fabb8830412638aab57c805a9a3f5e4f1d8d3aa5cbcc8dba0b8dc9c3ebcda2ac
amouyal:180,set_hyp5_19,324,reflexive,non_gp,simple,demo_rev_query_reg_raw_none,rev,reg,raw,none,0.9990618824958801,0.9990618824958801,1,0.9833340644836426,0adf41f1da965e8217b67c1e73a11b91ef9d9ffc31f7e76e72f4f3b6a29a0be4
amouyal:181,set_hyp5_19,325,reflexive,non_gp,lingering,demo_rev_query_reg_raw_none,rev,reg,raw,none,0.005039779469370842,0.9949602205306292,1,0.96720951795578,3be156a4a2f0ed347fe88a05abe48cf9a1959abbee1ad5de0371fdd49083485d
amouyal:182,set_hyp5_20,326,reflexive,non_gp,simple,demo_rev_query_reg_raw_none,rev,reg,raw,none,0.9978908896446228,0.9978908896446228,1,0.9832912683486938,de92ddcd6d428f543eb1bfeedabb202ee1c7d3cbc515ae9d7de7b4b5f96aca9d
amouyal:183,set_hyp5_20,327,reflexive,non_gp,lingering,demo_rev_query_reg_raw_none,rev,reg,raw,none,0.8786159753799438,0.12138402462005615,0,0.8917099833488464,c461d1edeb3e275312d3ba3b8b1266bf276cc256219adc98f06ac0d92dad6e3b
amouyal:184,set_hyp5_21,328,reflexive,non_gp,simple,demo_rev_query_reg_raw_none,rev,reg,raw,none,0.9978045225143433,0.9978045225143433,1,0.9852343201637268,46ab6717d49639077d6e57edae0ab68fb52ef8c0ab3af3adc969c6bc92eb1ba1
amouyal:185,set_hyp5_21,329,reflexive,non_gp,lingering,demo_rev_query_reg_raw_none,rev,reg,raw,none,0.543694019317627,0.45630598068237305,0,0.8297628164291382,db0ca6991d40b8929a6e23788d574a0d4873a74b2a2a6ce744fef1592779a40c
amouyal:186,set_hyp5_22,330,reflexive,non_gp,simple,demo_rev_query_reg_raw_none,rev,reg,raw,none,0.9989502429962158,0.9989502429962158,1,0.984307587146759,e00dae01a4e13a8dd1fb84209eda5a5db6bed78c18f0c17ecc1a34b7d287803c
amouyal:187,set_hyp5_22,331,reflexive,non_gp,lingering,demo_rev_query_reg_raw_none,rev,reg,raw,none,0.035980645567178726,0.9640193544328213,1,0.8882631063461304,e77818c50d2a8a280b1e3149251a4626cfdcc1f963e9dd89913212aa9be0d11f
amouyal:188,set_hyp5_23,332,reflexive,non_gp,simple,demo_rev_query_reg_raw_none,rev,reg,raw,none,0.9994438886642456,0.9994438886642456,1,0.9849264025688171,5bfec3e439bdaa155edc680bd119e495e3a0f536572afd244064096a301c8e50
amouyal:189,set_hyp5_23,333,reflexive,non_gp,lingering,demo_rev_query_reg_raw_none,rev,reg,raw,none,0.8445909023284912,0.1554090976715088,0,0.9146333336830139,4ccf2e899a60f41a9ea282fdad6051f910b02aba97fba4763f706b7e8538271f
amouyal:190,set_hyp5_24,334,reflexive,non_gp,simple,demo_rev_query_reg_raw_none,rev,reg,raw,none,0.9982882142066956,0.9982882142066956,1,0.9886700510978699,d662f3ee74b8e8ccc34eadb2e298b69e0bd502cc7b33208b2382e9484727a856
amouyal:191,set_hyp5_24,335,reflexive,non_gp,lingering,demo_rev_query_reg_raw_none,rev,reg,raw,none,0.8780595660209656,0.12194043397903442,0,0.9213600754737854,1e9059793007070bba59773b37c086874da6bb06c0e324d19252373484111766
amouyal:192,set_hyp5_1,336,reflexive,gp,simple,demo_rev_query_reg_raw_none,rev,reg,raw,none,0.9963319301605225,0.9963319301605225,1,0.9833779335021973,fe36ada453f950f3fc6cda7f11139e0d02b40a967db10549918f18406d2908a3
amouyal:193,set_hyp5_1,337,reflexive,gp,lingering,demo_rev_query_reg_raw_none,rev,reg,raw,none,0.7932797074317932,0.2067202925682068,0,0.8512367606163025,09e85cc2a7cf2bd209a41d9831af2c48bdb2ec3cdc6dd026ce76f8ce9ae6d094
amouyal:194,set_hyp5_2,338,reflexive,gp,simple,demo_rev_query_reg_raw_none,rev,reg,raw,none,0.9985990524291992,0.9985990524291992,1,0.9913855791091919,aa523f58e09d9edcc0703c8020b657bfc86e273fe0f4982985280c97fe5b5749
amouyal:195,set_hyp5_2,339,reflexive,gp,lingering,demo_rev_query_reg_raw_none,rev,reg,raw,none,0.2050076276063919,0.7949923723936081,1,0.7904425859451294,8fc21c8fd0204b7d8792ff0d9130e5723b8c7b6e4c64016fb09cdf6cede5b371
amouyal:196,set_hyp5_3,340,reflexive,gp,simple,demo_rev_query_reg_raw_none,rev,reg,raw,none,0.9901575446128845,0.9901575446128845,1,0.9716898798942566,03eeebd8dbdec723b3fffe1f3dcaab4a56fb1f381c934673f5fd8cc3c7d56c90
amouyal:197,set_hyp5_3,341,reflexive,gp,lingering,demo_rev_query_reg_raw_none,rev,reg,raw,none,0.6441078782081604,0.3558921217918396,0,0.7317761182785034,1822406ccc886e93c89b3ac9caacee020460fa9bbae986976778e1f176df65c5
amouyal:198,set_hyp5_4,342,reflexive,gp,simple,demo_rev_query_reg_raw_none,rev,reg,raw,none,0.9974814653396606,0.9974814653396606,1,0.9793926477432251,b1b9e2e460fd03be10f6db73377d9aa9b46924b6a694d6083e9df62497b3b7b5
amouyal:199,set_hyp5_4,343,reflexive,gp,lingering,demo_rev_query_reg_raw_none,rev,reg,raw,none,0.846032440662384,0.15396755933761597,0,0.832545816898346,4f4e0eccf2f40d4142c5ee52a91f305edca2226d6d2dfd8943bb28fc5020c064
amouyal:200,set_hyp5_5,344,reflexive,gp,simple,demo_rev_query_reg_raw_none,rev,reg,raw,none,0.9964227676391602,0.9964227676391602,1,0.9778425097465515,0a5aa68fa260c0e7abad80284e23ce3a88c7e6fc98eb7f8a96622956fc77566a
amouyal:201,set_hyp5_5,345,reflexive,gp,lingering,demo_rev_query_reg_raw_none,rev,reg,raw,none,0.9790102243423462,0.02098977565765381,0,0.9510245323181152,5ae3bca7f385e0bdb32b89d8fc62aa7c838ed6eaf94a84bf7bd67a0cece13e44
amouyal:202,set_hyp5_6,346,reflexive,gp,simple,demo_rev_query_reg_raw_none,rev,reg,raw,none,0.9955019354820251,0.9955019354820251,1,0.9808638095855713,db8ce42361101048aeff5fd5f8282470f224692e66d8507d159459625fefb941
amouyal:203,set_hyp5_6,347,reflexive,gp,lingering,demo_rev_query_reg_raw_none,rev,reg,raw,none,0.9508445262908936,0.049155473709106445,0,0.9149958491325378,ecaf94a0544d61d402d9f495478bf11ffdb69620d52f28fee5069a864f083aa1
amouyal:204,set_hyp5_7,348,reflexive,gp,simple,demo_rev_query_reg_raw_none,rev,reg,raw,none,0.9974609613418579,0.9974609613418579,1,0.983277440071106,0b4075e309ffc08096a26aa26f22ec69be126095cbb646bba508fc422fa79a2c
amouyal:205,set_hyp5_7,349,reflexive,gp,lingering,demo_rev_query_reg_raw_none,rev,reg,raw,none,0.2930257320404053,0.7069742679595947,1,0.8320029973983765,9abc12cfd8952197214501129cae043a322e69fd67376b8251be93f2ebfbc46c
amouyal:206,set_hyp5_8,350,reflexive,gp,simple,demo_rev_query_reg_raw_none,rev,reg,raw,none,0.9978798031806946,0.9978798031806946,1,0.9879149794578552,c396c72bdc0992dab158e557744006fb7315b565f9a6552d08a583203795333d
amouyal:207,set_hyp5_8,351,reflexive,gp,lingering,demo_rev_query_reg_raw_none,rev,reg,raw,none,0.5549674034118652,0.44503259658813477,0,0.8151845932006836,3bebb939c9f4b07371827d24c51e10c703e366f6fc7c92fe7f79fbc508ab8721
amouyal:208,set_hyp5_9,352,reflexive,gp,simple,demo_rev_query_reg_raw_none,rev,reg,raw,none,0.9995298981666565,0.9995298981666565,1,0.9903945922851562,69352f7f343a7c996f402cb4c5d84d71c888b45279b1a1b8fd64402c5bc47a86
amouyal:209,set_hyp5_9,353,reflexive,gp,lingering,demo_rev_query_reg_raw_none,rev,reg,raw,none,0.9983783960342407,0.0016216039657592773,0,0.9778434634208679,7089f26166a96cfcaf264122f277ca65bf8d001deba3da0736979bdeee14cea0
amouyal:210,set_hyp5_10,354,reflexive,gp,simple,demo_rev_query_reg_raw_none,rev,reg,raw,none,0.9951167106628418,0.9951167106628418,1,0.9838619232177734,4a3f29d07f1150a90aeae7e11ec5d7b5674c6e3137f03c5386d73e14eca16a49
amouyal:211,set_hyp5_10,355,reflexive,gp,lingering,demo_rev_query_reg_raw_none,rev,reg,raw,none,0.9793379306793213,0.02066206932067871,0,0.9342321157455444,b44140c7a0dc441fc5925621b2b284925d4342bedc6d717d29092b917f044089
amouyal:212,set_hyp5_11,356,reflexive,gp,simple,demo_rev_query_reg_raw_none,rev,reg,raw,none,0.9861274361610413,0.9861274361610413,1,0.9505645632743835,f07b346711ba613e804887648c2bfb1ce599e3993d07881900090f405a722f9e
amouyal:213,set_hyp5_11,357,reflexive,gp,lingering,demo_rev_query_reg_raw_none,rev,reg,raw,none,0.9079481959342957,0.09205180406570435,0,0.8527681827545166,7e625cb26d2787de33ad8a9132ffc49ee4f9c5e04329600005741d92a2fb744a
amouyal:214,set_hyp5_12,358,reflexive,gp,simple,demo_rev_query_reg_raw_none,rev,reg,raw,none,0.9989629983901978,0.9989629983901978,1,0.9901193380355835,09097f572287006be392a5a19efa539875a8d2e562b4646f96776c242848df88
amouyal:215,set_hyp5_12,359,reflexive,gp,lingering,demo_rev_query_reg_raw_none,rev,reg,raw,none,0.8605509400367737,0.13944905996322632,0,0.8883379697799683,930620d33884d08cfff220b7645a432d434629cb8a2767ee4dc497c2254233a6
amouyal:216,set_hyp5_13,360,reflexive,gp,simple,demo_rev_query_reg_raw_none,rev,reg,raw,none,0.969709038734436,0.969709038734436,1,0.9017783403396606,ed33f7f77f6da2cea8f0273df2506dd0542b629ee709ea78b1416c5594c67938
amouyal:217,set_hyp5_13,361,reflexive,gp,lingering,demo_rev_query_reg_raw_none,rev,reg,raw,none,0.8265992403030396,0.17340075969696045,0,0.8474376201629639,28e4325b8f4185b27a32b78f1e70f0b838010dc196a3969940d943e4fb728b18
amouyal:218,set_hyp5_14,362,reflexive,gp,simple,demo_rev_query_reg_raw_none,rev,reg,raw,none,0.7259861826896667,0.7259861826896667,1,0.8342265486717224,076356742d7b6fe5e788267667fa23ceb22a6c03ecca512d0a67920a9f12642e
amouyal:219,set_hyp5_14,363,reflexive,gp,lingering,demo_rev_query_reg_raw_none,rev,reg,raw,none,0.879907488822937,0.12009251117706299,0,0.863420307636261,934007510ddf8a4e77caec855926579b595579782c67dd9d1a47de942864f005
amouyal:220,set_hyp5_15,364,reflexive,gp,simple,demo_rev_query_reg_raw_none,rev,reg,raw,none,0.9973349571228027,0.9973349571228027,1,0.9771054983139038,491a30eb8c27fdb6aaa3b0676a360ec334e2a0ba19fad4f7fa2aa5bfd93b7418
amouyal:221,set_hyp5_15,365,reflexive,gp,lingering,demo_rev_query_reg_raw_none,rev,reg,raw,none,0.9770922064781189,0.022907793521881104,0,0.9295249581336975,e9b06ed30156f2d36800707ee5267fc2d0d6b344e8950fa67b7405794090d056
amouyal:222,set_hyp5_16,366,reflexive,gp,simple,demo_rev_query_reg_raw_none,rev,reg,raw,none,0.9985394477844238,0.9985394477844238,1,0.980915904045105,cc176531cfffbd837a667d930497ac0eb99bc7e16b85bfa13503531abcf00f01
amouyal:223,set_hyp5_16,367,reflexive,gp,lingering,demo_rev_query_reg_raw_none,rev,reg,raw,none,0.9899505972862244,0.010049402713775635,0,0.9519053101539612,be470fc376f0df75912bd468b4cdb52f28bb174401d4b9e73b56f86228220582
amouyal:224,set_hyp5_17,368,reflexive,gp,simple,demo_rev_query_reg_raw_none,rev,reg,raw,none,0.9986760020256042,0.9986760020256042,1,0.9898027777671814,64ccf75e393a44c67771b245f0d8cfb78f3bec47456b42f7de6308436e4fdf7a
amouyal:225,set_hyp5_17,369,reflexive,gp,lingering,demo_rev_query_reg_raw_none,rev,reg,raw,none,0.04670359194278717,0.9532964080572128,1,0.9179012179374695,a24b33e7af8fd4a66a23bce2acfd4293bd938415b4fac7cd22188222d10ba941
amouyal:226,set_hyp5_18,370,reflexive,gp,simple,demo_rev_query_reg_raw_none,rev,reg,raw,none,0.57790607213974,0.57790607213974,1,0.4955781102180481,fa46937f48fcc8d2dfe33557bdbb31015dd9d98db3b0ffb2015b757096f8ae83
amouyal:227,set_hyp5_18,371,reflexive,gp,lingering,demo_rev_query_reg_raw_none,rev,reg,raw,none,0.9528874158859253,0.04711258411407471,0,0.8793584108352661,8144502b770c934f1d9e2fc54058ff613ef0a549fa0175ba3850b92eb95524fc
amouyal:228,set_hyp5_19,372,reflexive,gp,simple,demo_rev_query_reg_raw_none,rev,reg,raw,none,0.9964517951011658,0.9964517951011658,1,0.9780135750770569,246b73538a1d6f24ff83967171f895b864e0a287f19473ad58c5d4221557ea9f
amouyal:229,set_hyp5_19,373,reflexive,gp,lingering,demo_rev_query_reg_raw_none,rev,reg,raw,none,0.8824531435966492,0.11754685640335083,0,0.893944501876831,bb64f2629c78ef17182a29167b0af921a46d89e572439169536c60c09958220d
amouyal:230,set_hyp5_20,374,reflexive,gp,simple,demo_rev_query_reg_raw_none,rev,reg,raw,none,0.9945002794265747,0.9945002794265747,1,0.974034309387207,a342ce5f4cf19a251ce647ca49479591e676ff7b9328c3c12c97078312e42bba
amouyal:231,set_hyp5_20,375,reflexive,gp,lingering,demo_rev_query_reg_raw_none,rev,reg,raw,none,0.9406299591064453,0.05937004089355469,0,0.8791351914405823,38c53c4af98a96693d5fcc852c8f1fe34aa6e2a72252afcef6a02ba2d4768020
amouyal:232,set_hyp5_21,376,reflexive,gp,simple,demo_rev_query_reg_raw_none,rev,reg,raw,none,0.9965704083442688,0.9965704083442688,1,0.9848341941833496,1d29ed2aeca800ae8e7fa42a3e2ed3a4688bbfd4fb45daf99f4b6698e73289df
amouyal:233,set_hyp5_21,377,reflexive,gp,lingering,demo_rev_query_reg_raw_none,rev,reg,raw,none,0.9360664486885071,0.06393355131149292,0,0.920699954032898,ecbe155fccf7653e3ce071f0c3e46ffa41bb4fbca1a5873b4c81671b40749b12
amouyal:234,set_hyp5_22,378,reflexive,gp,simple,demo_rev_query_reg_raw_none,rev,reg,raw,none,0.9936749935150146,0.9936749935150146,1,0.963253378868103,51d854432377bef3422519c6c0b58c8593002fd13681db609a9a39e138b16f07
amouyal:235,set_hyp5_22,379,reflexive,gp,lingering,demo_rev_query_reg_raw_none,rev,reg,raw,none,0.7531699538230896,0.2468300461769104,0,0.774649977684021,b48c44c8ec7059c1e834d5b397ac37619c876e0e09457e6542cd07332a8e8124
amouyal:236,set_hyp5_23,380,reflexive,gp,simple,demo_rev_query_reg_raw_none,rev,reg,raw,none,0.996309220790863,0.996309220790863,1,0.967566728591919,87c7d7a23dffaa3cb3eda06a185f06d8781e316301af1891d3e094ad75113757
amouyal:237,set_hyp5_23,381,reflexive,gp,lingering,demo_rev_query_reg_raw_none,rev,reg,raw,none,0.9759677052497864,0.024032294750213623,0,0.9266983270645142,edd7dc6f55d452319d52229285b58746c03f71d88c0f53e641f82c4555fb6f8d
amouyal:238,set_hyp5_24,382,reflexive,gp,simple,demo_rev_query_reg_raw_none,rev,reg,raw,none,0.9976179003715515,0.9976179003715515,1,0.9853864908218384,b8af7fb01259960650c4129a0c54493167df9a40d08fdbc1a69610ce9f229657
amouyal:239,set_hyp5_24,383,reflexive,gp,lingering,demo_rev_query_reg_raw_none,rev,reg,raw,none,0.9848641753196716,0.01513582468032837,0,0.9382916688919067,fbf6b83ec597b2bbc4f3a3c4184cd42148ea83156279a02e9b0e65418f5030e6
amouyal:240,set_1,384,prob,gp,simple,demo_rev_query_reg_raw_none,rev,reg,raw,none,0.9906052350997925,0.9906052350997925,1,0.9527207612991333,202d078620ce2cccd2ec27964575d45dfccccec773f9ddf8a0dc02b965c1d738
amouyal:241,set_1,385,prob,gp,lingering,demo_rev_query_reg_raw_none,rev,reg,raw,none,0.7909733057022095,0.20902669429779053,0,0.8215559124946594,1ba88941a30c705c22de3e0ae6a406b1500bcea8e774f108b5bb2cac2cc9bf4a
amouyal:242,set_1,388,prob,non_gp,simple,demo_rev_query_reg_raw_none,rev,reg,raw,none,0.998711347579956,0.998711347579956,1,0.9820249676704407,68fe66a4caeeb2a5ba21d22f5aaff0be5b1b2af9db644d353e9d40b9fabda026
amouyal:243,set_1,389,prob,non_gp,lingering,demo_rev_query_reg_raw_none,rev,reg,raw,none,0.9164177775382996,0.08358222246170044,0,0.9234552383422852,6a8b652979ff671dcaf0172052eee1b2db7ccd105b508b014e599d690857c8d2
amouyal:244,set_2,392,prob,gp,simple,demo_rev_query_reg_raw_none,rev,reg,raw,none,0.9963389039039612,0.9963389039039612,1,0.975974440574646,7cd994794e8c705054625ef08a43c9523d1e31929c3882d2ea58e3142cfdb40c
amouyal:245,set_2,393,prob,gp,lingering,demo_rev_query_reg_raw_none,rev,reg,raw,none,0.9756120443344116,0.02438795566558838,0,0.9317247867584229,dca0d2ddc4dcda13c1119532223c7e58ac0c544a93610944d67b9bcf3e415c07
amouyal:246,set_2,396,prob,non_gp,simple,demo_rev_query_reg_raw_none,rev,reg,raw,none,0.9988358020782471,0.9988358020782471,1,0.9860464334487915,f4c237c14241da08253a7a71840096cb4aa896c42b61ca2f4ab6a0cd7af675d0
amouyal:247,set_2,397,prob,non_gp,lingering,demo_rev_query_reg_raw_none,rev,reg,raw,none,0.9953089356422424,0.004691064357757568,0,0.9727787375450134,aa9ed2a956276d65689518dd8ab61575fab83c94bd2a5dc0f946279614cb5072
amouyal:248,set_3,400,prob,gp,simple,demo_rev_query_reg_raw_none,rev,reg,raw,none,0.8808209300041199,0.8808209300041199,1,0.9226254820823669,bf8ebee4a5b8505e1df8c2882c56af2fb2869894e310d6c7a514971521ef7705
amouyal:249,set_3,401,prob,gp,lingering,demo_rev_query_reg_raw_none,rev,reg,raw,none,0.9301649332046509,0.06983506679534912,0,0.9135810732841492,5452661455fa80df98e0abc72588e7a81e9152f1deabc825dc2bb7f4203b62e5
amouyal:250,set_3,404,prob,non_gp,simple,demo_rev_query_reg_raw_none,rev,reg,raw,none,0.9966211915016174,0.9966211915016174,1,0.9848032593727112,a7f26db038ef695d40e0d7efc8fa88620f37ea89b15e39ea829c94f89cc0a3ba
amouyal:251,set_3,405,prob,non_gp,lingering,demo_rev_query_reg_raw_none,rev,reg,raw,none,0.09787452965974808,0.9021254703402519,1,0.870384693145752,e4c8262af8cd6bf7ed98fa61b46ccc8abd03bc1916e8d25559a82a0c799c6ec2
amouyal:252,set_4,408,prob,gp,simple,demo_rev_query_reg_raw_none,rev,reg,raw,none,0.9852834939956665,0.9852834939956665,1,0.9478556513786316,9c6d23e5ca7aa8f1ecfc46884c9258d0248991f40e2b6ebc1a55ea678e229e97
amouyal:253,set_4,409,prob,gp,lingering,demo_rev_query_reg_raw_none,rev,reg,raw,none,0.9798578023910522,0.020142197608947754,0,0.9389105439186096,5263b6af93b3cfa282f6180372e4eb88e92c9308e32f8948ec037814a9332fd0
amouyal:254,set_4,412,prob,non_gp,simple,demo_rev_query_reg_raw_none,rev,reg,raw,none,0.9958812594413757,0.9958812594413757,1,0.9758205413818359,8db3734cfac48d1c2eac9a7b6ceb5942bdb1dc4ff690a6f13a11f511d4048a41
amouyal:255,set_4,413,prob,non_gp,lingering,demo_rev_query_reg_raw_none,rev,reg,raw,none,0.991556704044342,0.008443295955657959,0,0.9793943762779236,9a47d36c3c866231ab5dbe9cef5df9a85e19f1dee88b263ea7ebed47fc8a27c5
amouyal:256,set_5,416,prob,gp,simple,demo_rev_query_reg_raw_none,rev,reg,raw,none,0.9846678972244263,0.9846678972244263,1,0.9366671442985535,c051b6fc636982e034df5794ebbbecfb1e77be0fdc8ff0b393fb56e5baa30113
amouyal:257,set_5,417,prob,gp,lingering,demo_rev_query_reg_raw_none,rev,reg,raw,none,0.5187023282051086,0.48129767179489136,0,0.7910222411155701,637746b92ce940781cbcab0ed810e7d7067d625ff6a95f9e138cabe7a203b89e
amouyal:258,set_5,420,prob,non_gp,simple,demo_rev_query_reg_raw_none,rev,reg,raw,none,0.9986306428909302,0.9986306428909302,1,0.9818762540817261,7b471bec48899e11bba79659ef8bb5946764cbb27871c08381ae4009a6ebf790
amouyal:259,set_5,421,prob,non_gp,lingering,demo_rev_query_reg_raw_none,rev,reg,raw,none,0.9811442494392395,0.018855750560760498,0,0.9595970511436462,9754a88488c6e1c3bdbdc925917aef7fc6457e7a305889eb08b679b45063a90e
amouyal:260,set_6,424,prob,gp,simple,demo_rev_query_reg_raw_none,rev,reg,raw,none,0.9724746346473694,0.9724746346473694,1,0.9364798665046692,9c53beef2fd0eebf7fc0480bdeba8dd11f7b3f806aaed9cdd6a5ce0efd892dbf
amouyal:261,set_6,425,prob,gp,lingering,demo_rev_query_reg_raw_none,rev,reg,raw,none,0.9407169818878174,0.05928301811218262,0,0.8736016750335693,0fe7f22f4226f2de4bae6f6c471895bbc3a5a6fc782970619e0b406c252d77fe
amouyal:262,set_6,428,prob,non_gp,simple,demo_rev_query_reg_raw_none,rev,reg,raw,none,0.9994832277297974,0.9994832277297974,1,0.9881094694137573,a8bae15781bdad2a6187745e477b7111908d12032c859ae59b1aaeee1b35fe74
amouyal:263,set_6,429,prob,non_gp,lingering,demo_rev_query_reg_raw_none,rev,reg,raw,none,0.9882302284240723,0.011769771575927734,0,0.9618042707443237,1d253feafb543973b5b8f2f94f023d416634e7697513ab76a77643094906abce
amouyal:264,set_7,432,prob,gp,simple,demo_rev_query_reg_raw_none,rev,reg,raw,none,0.9583600163459778,0.9583600163459778,1,0.9311539530754089,bc5158342c1a39f599b2301e9b6a01659dd278ed65d20fbb8e20b2c7cdc9e448
amouyal:265,set_7,433,prob,gp,lingering,demo_rev_query_reg_raw_none,rev,reg,raw,none,0.982480525970459,0.017519474029541016,0,0.9548248052597046,fe333da37eaab8bb3760e5cc910b0a56f27d4ce5be9791e515e251a040cf6ba5
amouyal:266,set_7,436,prob,non_gp,simple,demo_rev_query_reg_raw_none,rev,reg,raw,none,0.9980189800262451,0.9980189800262451,1,0.9758238792419434,82af38e5b1fb9e0d6175a5432abe03256c8ef4cf36dfd7ebc00f1e4733b48eec
amouyal:267,set_7,437,prob,non_gp,lingering,demo_rev_query_reg_raw_none,rev,reg,raw,none,0.9978517293930054,0.002148270606994629,0,0.983302652835846,11dc31764a41863e60b489faf4488604adb2622653ae09f51d16b57fd176768f
amouyal:268,set_8,440,prob,gp,simple,demo_rev_query_reg_raw_none,rev,reg,raw,none,0.9968259334564209,0.9968259334564209,1,0.9781466126441956,f4ac8cbf7d55220639a4f8f798594502d1a8b17cf78defaa33118cbbda76b038
amouyal:269,set_8,441,prob,gp,lingering,demo_rev_query_reg_raw_none,rev,reg,raw,none,0.9537217617034912,0.04627823829650879,0,0.9247606992721558,137d45d98399a27c5f1148e926f605ab1568338fb2c0355d7e9ac662f8046d3b
amouyal:270,set_8,444,prob,non_gp,simple,demo_rev_query_reg_raw_none,rev,reg,raw,none,0.9992009401321411,0.9992009401321411,1,0.988386869430542,0795a24527f49c0f12110a6009e9b7161d9e6e26c186a7558b2980cbc43ad6cd
amouyal:271,set_8,445,prob,non_gp,lingering,demo_rev_query_reg_raw_none,rev,reg,raw,none,0.9915347099304199,0.008465290069580078,0,0.9792372584342957,515d2a3bb8d7b004598cabdd5d76137d227f632a1becb7cd98991ac90408ae28
amouyal:272,set_9,448,prob,gp,simple,demo_rev_query_reg_raw_none,rev,reg,raw,none,0.9963712692260742,0.9963712692260742,1,0.9760836958885193,b540311dfc852913f4706af99f5cac4a7009e2ab915296d46446ff6b1a565a47
amouyal:273,set_9,449,prob,gp,lingering,demo_rev_query_reg_raw_none,rev,reg,raw,none,0.986427366733551,0.013572633266448975,0,0.9322685599327087,c1812da1f4868ae4fcf9244279a5b91d659f311f2754ef02dee2d602425aa907
amouyal:274,set_9,452,prob,non_gp,simple,demo_rev_query_reg_raw_none,rev,reg,raw,none,0.9985392093658447,0.9985392093658447,1,0.9777740240097046,2ce9ed94137a5039d85d7ae16b50484bc6f38284069500b8fd29c99c2041ca95
amouyal:275,set_9,453,prob,non_gp,lingering,demo_rev_query_reg_raw_none,rev,reg,raw,none,0.9985856413841248,0.0014143586158752441,0,0.9804325699806213,466439f4dfab22fc90ff20c16f6149a8c16833825896d9b25ec0b9bf7147ffa8
amouyal:0,set_10,0,prob,gp,simple,demo_rev_query_reg_raw_assertion,rev,reg,raw,assertion,0.9715318083763123,0.9715318083763123,1,0.9419295787811279,5368264ccbf88df03dc415bc22f5f633f8f240591f64c1fa344f649866f78a47
amouyal:1,set_10,1,prob,gp,lingering,demo_rev_query_reg_raw_assertion,rev,reg,raw,assertion,0.9938698410987854,0.0061301589012146,0,0.9422082901000977,bbca4a40456724ca8c6153ddd6bd748d67a89d8ad6797b90e03bf5c1b2519784
amouyal:2,set_10,4,prob,non_gp,simple,demo_rev_query_reg_raw_assertion,rev,reg,raw,assertion,0.9918543100357056,0.9918543100357056,1,0.9603423476219177,bb8c96b2361958de2f8486d864e64b15975e1c5b82bd3c90111a86b97d98007a
amouyal:3,set_10,5,prob,non_gp,lingering,demo_rev_query_reg_raw_assertion,rev,reg,raw,assertion,0.9962252378463745,0.0037747621536254883,0,0.960131049156189,ae5676a77f1d246ca1fbb6ed28723e641e15c83f6506c7c8b6ad03932131e050
amouyal:4,set_11,8,prob,gp,simple,demo_rev_query_reg_raw_assertion,rev,reg,raw,assertion,0.998634397983551,0.998634397983551,1,0.9651714563369751,9120d4bdcd64611d6dc45d269943bd579da3277b4a568b0f8bc91a6d58448b62
amouyal:5,set_11,9,prob,gp,lingering,demo_rev_query_reg_raw_assertion,rev,reg,raw,assertion,0.9972530603408813,0.0027469396591186523,0,0.9522547721862793,60375fafc090a4d00803c3eb51878d49515bdb6227bf1574d11b426a1056981a
amouyal:6,set_11,12,prob,non_gp,simple,demo_rev_query_reg_raw_assertion,rev,reg,raw,assertion,0.9985496997833252,0.9985496997833252,1,0.9618995189666748,bd006ee7907755d7501f7a2c6039cfb662ca8481fb86f040b403c8e74d4be5dc
amouyal:7,set_11,13,prob,non_gp,lingering,demo_rev_query_reg_raw_assertion,rev,reg,raw,assertion,0.9969785213470459,0.0030214786529541016,0,0.9541943669319153,a00cb6eaf456e6634ec2e18082db9a453a80b1bafc07a214c55928e2652c2196
amouyal:8,set_12,16,prob,gp,simple,demo_rev_query_reg_raw_assertion,rev,reg,raw,assertion,0.9018867611885071,0.9018867611885071,1,0.9003657102584839,88ba43d363fd9d679e88c9515609310bf57f29ede67cca85c2ad909f043d3fcf
amouyal:9,set_12,17,prob,gp,lingering,demo_rev_query_reg_raw_assertion,rev,reg,raw,assertion,0.9976669549942017,0.00233304500579834,0,0.9570911526679993,80c6ed0765429893188fc819f7d584217ea5aa4214b8f5b55f30a4bb30b6604f
amouyal:10,set_12,20,prob,non_gp,simple,demo_rev_query_reg_raw_assertion,rev,reg,raw,assertion,0.9995653629302979,0.9995653629302979,1,0.9897822737693787,ed52a8d0d2ad72693deb9ddbbc16a1b706ff546e03329a21081a4969e6be3185
amouyal:11,set_12,21,prob,non_gp,lingering,demo_rev_query_reg_raw_assertion,rev,reg,raw,assertion,0.9980343580245972,0.001965641975402832,0,0.9677965641021729,0cd35d805bb36be488e0f3c85f421caa7ea19fcd9e37a9d7cb1ea5cd0af366b3
amouyal:12,set_13,24,prob,gp,simple,demo_rev_query_reg_raw_assertion,rev,reg,raw,assertion,0.993776798248291,0.993776798248291,1,0.9647655487060547,12984f7fd71869139648425090c7ef66003dd8f73b4b688f095942eb0c7d1f34
amouyal:13,set_13,25,prob,gp,lingering,demo_rev_query_reg_raw_assertion,rev,reg,raw,assertion,0.9690843224525452,0.030915677547454834,0,0.9136766195297241,21223a4f8753d0e993fdbf44463f69bf735f80cabfbba4eecfc71722b12a33c8
amouyal:14,set_13,28,prob,non_gp,simple,demo_rev_query_reg_raw_assertion,rev,reg,raw,assertion,0.9990773797035217,0.9990773797035217,1,0.984085202217102,c9b71a5017982aa8a9d186086b45a1ab4d61369bf659228a513cbb336d265bec
amouyal:15,set_13,29,prob,non_gp,lingering,demo_rev_query_reg_raw_assertion,rev,reg,raw,assertion,0.9979932308197021,0.0020067691802978516,0,0.9715650081634521,b8708e8d3e455dc70a906fd77872feb57f32bbb683a9b24877bda15207500afd
amouyal:16,set_14,32,prob,gp,simple,demo_rev_query_reg_raw_assertion,rev,reg,raw,assertion,0.9369094371795654,0.9369094371795654,1,0.85148686170578,5c514e4fa0d95bccdb8e8a93a963cd30f6eb33cb80577fa60b2abc0fc09fa41e
amouyal:17,set_14,33,prob,gp,lingering,demo_rev_query_reg_raw_assertion,rev,reg,raw,assertion,0.9858424663543701,0.014157533645629883,0,0.9164438843727112,1cbd4a521dd1b2369f16d64db4363b0be3d68fa9e6f1dc20251d7a073535a705
amouyal:18,set_14,36,prob,non_gp,simple,demo_rev_query_reg_raw_assertion,rev,reg,raw,assertion,0.995678186416626,0.995678186416626,1,0.96575927734375,06ac69b25a5a0aad7b7faa0e25737d64d05111bcf818f8062bf093f1663b9d45
amouyal:19,set_14,37,prob,non_gp,lingering,demo_rev_query_reg_raw_assertion,rev,reg,raw,assertion,0.6215299367904663,0.3784700632095337,0,0.7938997745513916,d5a7953a96ef6ee211de214698c6038a34c638492d5021dd26bb5513db5cb5bc
amouyal:20,set_15,40,prob,gp,simple,demo_rev_query_reg_raw_assertion,rev,reg,raw,assertion,0.9985693693161011,0.9985693693161011,1,0.9829281568527222,f21da2793acdc205624802586010ba2862aa9667a15f25e1a6ed9678999232bf
amouyal:21,set_15,41,prob,gp,lingering,demo_rev_query_reg_raw_assertion,rev,reg,raw,assertion,0.9955440163612366,0.004455983638763428,0,0.9604023098945618,a7b9f53f6a804baab0752fef27369f0551733f927f60c58d694695313b8ec955
amouyal:22,set_15,44,prob,non_gp,simple,demo_rev_query_reg_raw_assertion,rev,reg,raw,assertion,0.9995550513267517,0.9995550513267517,1,0.9837839007377625,8a25e28172b95607b123792eeccb1e32fba153a06925cec48ebf4c3792bc9b70
amouyal:23,set_15,45,prob,non_gp,lingering,demo_rev_query_reg_raw_assertion,rev,reg,raw,assertion,0.9986329078674316,0.0013670921325683594,0,0.9732048511505127,93aee6ec4ecd45228d6c910050fd794df6d9567ea196e0a6344211ecbc2632ed
amouyal:24,set_16,48,prob,gp,simple,demo_rev_query_reg_raw_assertion,rev,reg,raw,assertion,0.9971137642860413,0.9971137642860413,1,0.9705559015274048,077833f7bbeb0dbc14989da54bd7aae95b752754b402845c0034d9cbd1e34d4d
amouyal:25,set_16,49,prob,gp,lingering,demo_rev_query_reg_raw_assertion,rev,reg,raw,assertion,0.998328447341919,0.0016715526580810547,0,0.955859363079071,1db619f6e4fa3173545dd7732db0134100a4a811303bed3431c56d99181be706
amouyal:26,set_16,52,prob,non_gp,simple,demo_rev_query_reg_raw_assertion,rev,reg,raw,assertion,0.9988853931427002,0.9988853931427002,1,0.9745311737060547,f06cfc53298dd1a32f79b3eda91839184f3ccc483b65a8fd02fdfb7b6019ed23
amouyal:27,set_16,53,prob,non_gp,lingering,demo_rev_query_reg_raw_assertion,rev,reg,raw,assertion,0.9978333115577698,0.0021666884422302246,0,0.9408085346221924,e20dc60aa017bec120fc8c1638ec385dc791a4001c91fa49702b00401dbb99bc
amouyal:28,set_17,56,prob,gp,simple,demo_rev_query_reg_raw_assertion,rev,reg,raw,assertion,0.9929426908493042,0.9929426908493042,1,0.9699243903160095,49f91fea7dd0cf78391c4936241da0377d228554af42df194d39dfa5212c70fd
amouyal:29,set_17,57,prob,gp,lingering,demo_rev_query_reg_raw_assertion,rev,reg,raw,assertion,0.973946213722229,0.026053786277770996,0,0.937950849533081,deae5bf0616abba61d061658a95d86df4bbccc7121f100b7bf41d36219082eed
amouyal:30,set_17,60,prob,non_gp,simple,demo_rev_query_reg_raw_assertion,rev,reg,raw,assertion,0.9993807673454285,0.9993807673454285,1,0.983267068862915,59e76eb574ba86fbb4e8c7f39d7fdecadb5a79a7590855d5c77a8170c61930d6
amouyal:31,set_17,61,prob,non_gp,lingering,demo_rev_query_reg_raw_assertion,rev,reg,raw,assertion,0.598274827003479,0.401725172996521,0,0.7941141128540039,6d09f25bdf108dc10432a8fa66447da0b6bae6b50f8418832ce770e59b968a51
amouyal:32,set_18,64,prob,gp,simple,demo_rev_query_reg_raw_assertion,rev,reg,raw,assertion,0.9982213377952576,0.9982213377952576,1,0.9864046573638916,adbda1b82fdd4f3ef629a260bbb3c987c0dca6ccb84f02b0feb7c329abe3d072
amouyal:33,set_18,65,prob,gp,lingering,demo_rev_query_reg_raw_assertion,rev,reg,raw,assertion,0.9764806628227234,0.02351933717727661,0,0.9346169829368591,289496f4358e9b4bebc2d841e2cec4b24a49bca6c57bd8a4edbf75ab5064bfd1
amouyal:34,set_18,68,prob,non_gp,simple,demo_rev_query_reg_raw_assertion,rev,reg,raw,assertion,0.9994598031044006,0.9994598031044006,1,0.989499568939209,256604f855b7d03c6ccf8461d6ba906e3ec50989bde7c871f39f13a85a2ecc7e
amouyal:35,set_18,69,prob,non_gp,lingering,demo_rev_query_reg_raw_assertion,rev,reg,raw,assertion,0.005985873751342297,0.9940141262486577,1,0.9161766171455383,189e654801ae3c452b449ac16ef01549ff2363560ccfb559d3b82a1d7613e31f
amouyal:36,set_19,72,prob,gp,simple,demo_rev_query_reg_raw_assertion,rev,reg,raw,assertion,0.9979974031448364,0.9979974031448364,1,0.9803041815757751,4973f2380904b457b0a38d4eb03ce858a662f45b10f4e4a11eaeba18e37d6d27
amouyal:37,set_19,73,prob,gp,lingering,demo_rev_query_reg_raw_assertion,rev,reg,raw,assertion,0.9914344549179077,0.008565545082092285,0,0.9485135078430176,457cd5f2001eb1cde233b8e810e33b14335209d7206d7ed427ed2245efe76545
amouyal:38,set_19,76,prob,non_gp,simple,demo_rev_query_reg_raw_assertion,rev,reg,raw,assertion,0.9990144371986389,0.9990144371986389,1,0.9807361960411072,999b5794272a8cbbb09ad61dfc7c463812c5f6b58c4174f1adf87a4a9068a399
amouyal:39,set_19,77,prob,non_gp,lingering,demo_rev_query_reg_raw_assertion,rev,reg,raw,assertion,0.9846876859664917,0.0153123140335083,0,0.9421056509017944,4b7658131b93df0a18ec15454738ee4f3487faa10f9425e5968ed7d29b379b62
amouyal:40,set_20,80,prob,gp,simple,demo_rev_query_reg_raw_assertion,rev,reg,raw,assertion,0.9942715764045715,0.9942715764045715,1,0.9604068398475647,60a97d776d929631a066e9da0d47ad3a988421d5dccfeacb5d7cff18dbf394d7
amouyal:41,set_20,81,prob,gp,lingering,demo_rev_query_reg_raw_assertion,rev,reg,raw,assertion,0.9866562485694885,0.013343751430511475,0,0.9181439876556396,de605f61ee781cab9c884e99c5b24fbf0197fec914a5d6ce417a7b3db86e044b
amouyal:42,set_20,84,prob,non_gp,simple,demo_rev_query_reg_raw_assertion,rev,reg,raw,assertion,0.9982577562332153,0.9982577562332153,1,0.9819076061248779,e6ac28ca6d27bdadc3ebb52dc45e3373f70182ef6318c423f6215f36cfe7ce34
amouyal:43,set_20,85,prob,non_gp,lingering,demo_rev_query_reg_raw_assertion,rev,reg,raw,assertion,0.05434217303991318,0.9456578269600868,1,0.7488270998001099,abcf4459b2381a88d66f6e5d89732b831a47f7dba4e4e65128d4165e4e6b03e6
amouyal:44,set_21,88,prob,gp,simple,demo_rev_query_reg_raw_assertion,rev,reg,raw,assertion,0.9958595037460327,0.9958595037460327,1,0.9479156136512756,d39541de348716bf879109efe14cad6f8fe731e807c42f6b822c43a7f7bd4fcc
amouyal:45,set_21,89,prob,gp,lingering,demo_rev_query_reg_raw_assertion,rev,reg,raw,assertion,0.9378191232681274,0.06218087673187256,0,0.8477907776832581,7e8637c66ff9dea3d44730c98aea777ced973982c668350f98a62e394c9ad7ee
amouyal:46,set_21,92,prob,non_gp,simple,demo_rev_query_reg_raw_assertion,rev,reg,raw,assertion,0.9995146989822388,0.9995146989822388,1,0.9765197038650513,26a662537a4157e2a6b14cf882a20ca7653138f937b279d0aeb353334048b4c7
amouyal:47,set_21,93,prob,non_gp,lingering,demo_rev_query_reg_raw_assertion,rev,reg,raw,assertion,0.9286258816719055,0.07137411832809448,0,0.88407301902771,7acd0b0518a9b303829a7318d821b9f2c174fd9f68fadcffd8e64fd84c5b3985
amouyal:48,set_22,96,prob,gp,simple,demo_rev_query_reg_raw_assertion,rev,reg,raw,assertion,0.9983580112457275,0.9983580112457275,1,0.978676974773407,88b87a8dc5bd2ac5356943e3d0e7d582414052be97ec93af25b274bc86559f6b
amouyal:49,set_22,97,prob,gp,lingering,demo_rev_query_reg_raw_assertion,rev,reg,raw,assertion,0.9953033328056335,0.004696667194366455,0,0.9600105285644531,ee1f7d8145770bdb94ebaca34d6e5f43bc121c30b757ed97c955c8acb931d067
amouyal:50,set_22,100,prob,non_gp,simple,demo_rev_query_reg_raw_assertion,rev,reg,raw,assertion,0.9985572099685669,0.9985572099685669,1,0.9797903895378113,8a2a148e6c049aff0b1c7846589596a93c63fc1b35c081b97216011283fb044f
amouyal:51,set_22,101,prob,non_gp,lingering,demo_rev_query_reg_raw_assertion,rev,reg,raw,assertion,0.18054701387882233,0.8194529861211777,1,0.7310751676559448,292a3dd928f8f5c1310721b3d7794293f99be5843ce5f61852e80ef9cb119366
amouyal:52,set_23,104,prob,gp,simple,demo_rev_query_reg_raw_assertion,rev,reg,raw,assertion,0.9947710037231445,0.9947710037231445,1,0.9445249438285828,69aadc42bd38922078b152942bf9d9d4fd35a109867b805a2b65f9780f40872a
amouyal:53,set_23,105,prob,gp,lingering,demo_rev_query_reg_raw_assertion,rev,reg,raw,assertion,0.9872503876686096,0.01274961233139038,0,0.9295207858085632,bb80196c0e458de05f48addc9acadc5285cbf9091cd42801255daa8e8e5e3950
amouyal:54,set_23,108,prob,non_gp,simple,demo_rev_query_reg_raw_assertion,rev,reg,raw,assertion,0.9990896582603455,0.9990896582603455,1,0.9804657697677612,d69af0ade4c7e46f1450c628f85d6dc10b3b33afe10c454b10374d18fb3a141b
amouyal:55,set_23,109,prob,non_gp,lingering,demo_rev_query_reg_raw_assertion,rev,reg,raw,assertion,0.9989623427391052,0.0010376572608947754,0,0.9665423631668091,82dd60f9a1142e0c95f5b908e7dcdec2a42e915180d35be5276bd78a4480c3bb
amouyal:56,set_24,112,prob,gp,simple,demo_rev_query_reg_raw_assertion,rev,reg,raw,assertion,0.9758501052856445,0.9758501052856445,1,0.9356015920639038,6b1bbf587f86bc6be49850e6d3cd6ad0a83fc1e5cf638d0bca86a0ce7d26ff6f
amouyal:57,set_24,113,prob,gp,lingering,demo_rev_query_reg_raw_assertion,rev,reg,raw,assertion,0.959067165851593,0.04093283414840698,0,0.9050644636154175,933211625c46f77d0112c30c097ba336b05a393524af3243b2f581815375cc24
amouyal:58,set_24,116,prob,non_gp,simple,demo_rev_query_reg_raw_assertion,rev,reg,raw,assertion,0.9988330006599426,0.9988330006599426,1,0.9819484949111938,bea6348d929fd50aa9b1ff4b9df6dd608ce1868668f0a68bf0191f79bc6fb7f1
amouyal:59,set_24,117,prob,non_gp,lingering,demo_rev_query_reg_raw_assertion,rev,reg,raw,assertion,0.10337124764919281,0.8966287523508072,1,0.8014479875564575,53be37663c96c26e34ebefbad3e5a6a8b2162a3ee8a15a0e855602c1283bd1e3
amouyal:60,set_25,120,prob,gp,simple,demo_rev_query_reg_raw_assertion,rev,reg,raw,assertion,0.997599720954895,0.997599720954895,1,0.9662393927574158,d986c2964c112fc8be992b51429ef4099705836097731755957e2ed1d0d2ca76
amouyal:61,set_25,121,prob,gp,lingering,demo_rev_query_reg_raw_assertion,rev,reg,raw,assertion,0.9958122968673706,0.0041877031326293945,0,0.9401052594184875,f2521b0f996c7b2da2f367dc6fd3e078491b1a75e10256761650a6bb6729cba4
amouyal:62,set_25,124,prob,non_gp,simple,demo_rev_query_reg_raw_assertion,rev,reg,raw,assertion,0.9992994666099548,0.9992994666099548,1,0.9800254106521606,d13fd19c6b7bef6f292f7d4afd8e07019c8e97b35a7dcf92d545977b3e1a48c9
amouyal:63,set_25,125,prob,non_gp,lingering,demo_rev_query_reg_raw_assertion,rev,reg,raw,assertion,0.997592031955719,0.002407968044281006,0,0.96230149269104,c09a18fd5e75071c40ac5ece73f76663b4bcecb11c1b981b4ccfff2c184f0d58
amouyal:64,set_26,128,prob,gp,simple,demo_rev_query_reg_raw_assertion,rev,reg,raw,assertion,0.9921314716339111,0.9921314716339111,1,0.9574140310287476,a67e5e2dfac689d17aab46af0a4df61831ffe3b1ae23d37c1b872562b92a8226
amouyal:65,set_26,129,prob,gp,lingering,demo_rev_query_reg_raw_assertion,rev,reg,raw,assertion,0.26279589533805847,0.7372041046619415,1,0.7637447118759155,35de5dbc6295ece0c23e9b0ceb1684e4d78abc4dca912b2e697de976d2845f4a
amouyal:66,set_26,132,prob,non_gp,simple,demo_rev_query_reg_raw_assertion,rev,reg,raw,assertion,0.9993112087249756,0.9993112087249756,1,0.9808433651924133,38ec2029afa088d591d8632dd8bbdb3f5ec703a8e1324afdcfa642fbb9449cfd
amouyal:67,set_26,133,prob,non_gp,lingering,demo_rev_query_reg_raw_assertion,rev,reg,raw,assertion,0.006016698200255632,0.9939833017997444,1,0.9392265677452087,ecc64e9582351bb20b2c1f1d9156d313deb522729c368e298d82f3cee6b57a69
amouyal:68,set_27,136,prob,gp,simple,demo_rev_query_reg_raw_assertion,rev,reg,raw,assertion,0.9982460141181946,0.9982460141181946,1,0.981285810470581,e9c98ccab081050d1b67cc0a0f170edb3c164c1c56b1b3be3724e4817220b281
amouyal:69,set_27,137,prob,gp,lingering,demo_rev_query_reg_raw_assertion,rev,reg,raw,assertion,0.9960882663726807,0.003911733627319336,0,0.9448590278625488,d5235bc9f45754c2cb684e842dbe432a0934922e5d8cca473465fa70499af180
amouyal:70,set_27,140,prob,non_gp,simple,demo_rev_query_reg_raw_assertion,rev,reg,raw,assertion,0.9992966055870056,0.9992966055870056,1,0.9819333553314209,519441c47e8deb52dd23bbb9b37b87d00c813f22f1985946b72e8019507a31eb
amouyal:71,set_27,141,prob,non_gp,lingering,demo_rev_query_reg_raw_assertion,rev,reg,raw,assertion,0.9912118911743164,0.008788108825683594,0,0.941398024559021,99cc5e68583663b2b3d54e7c82d418a4aa91519c72a016c68a0b8bb40953cde2
amouyal:72,set_28,144,prob,gp,simple,demo_rev_query_reg_raw_assertion,rev,reg,raw,assertion,0.9968891143798828,0.9968891143798828,1,0.9586774110794067,944e51d79702c9690b3b26c324417debe637f8055ddec63a4850db71c5c54e52
amouyal:73,set_28,145,prob,gp,lingering,demo_rev_query_reg_raw_assertion,rev,reg,raw,assertion,0.9257979989051819,0.07420200109481812,0,0.7934739589691162,90251f1ef59ac275b5e26298dd503cd3514e66afa7dec8e400117af22fb6a582
amouyal:74,set_28,148,prob,non_gp,simple,demo_rev_query_reg_raw_assertion,rev,reg,raw,assertion,0.9996235966682434,0.9996235966682434,1,0.9834850430488586,93c0c81fdf346a3e48e9e1cef7d03342b00f4bc898a9ba06dc44aec88dc2d1e8
amouyal:75,set_28,149,prob,non_gp,lingering,demo_rev_query_reg_raw_assertion,rev,reg,raw,assertion,0.6948820352554321,0.30511796474456787,0,0.7473903894424438,3b85197201be4e0f79b715ae66e16c2ceb5f413e5a6c6c00c690b1720c01d269
amouyal:76,set_29,152,prob,gp,simple,demo_rev_query_reg_raw_assertion,rev,reg,raw,assertion,0.9975524544715881,0.9975524544715881,1,0.9725431799888611,8718b65a0726918c36f159eb3881e04b6a7745d880738a84ba336b27e3f26104
amouyal:77,set_29,153,prob,gp,lingering,demo_rev_query_reg_raw_assertion,rev,reg,raw,assertion,0.9942532181739807,0.005746781826019287,0,0.948558509349823,a7b4c01cc072f4a1c8500f48ff883ee6eef8716b95a1d7eb402887fe455dc974
amouyal:78,set_29,156,prob,non_gp,simple,demo_rev_query_reg_raw_assertion,rev,reg,raw,assertion,0.9993889927864075,0.9993889927864075,1,0.9734813570976257,54ec7e7d16a593475f49b653c0a7b72780b9d112ae0df9f9af52016061fe6f1c
amouyal:79,set_29,157,prob,non_gp,lingering,demo_rev_query_reg_raw_assertion,rev,reg,raw,assertion,0.9570357799530029,0.04296422004699707,0,0.8732757568359375,99eecb6c38fc4cc416c3c4e77c16def4580187be49a129678a24a34b2259623a
amouyal:80,set_30,160,prob,gp,simple,demo_rev_query_reg_raw_assertion,rev,reg,raw,assertion,0.9986749887466431,0.9986749887466431,1,0.9752348065376282,3f18c6c47ca2f76ecf07680b424887457c2a6d32888dccf3ac2060b05918e151
amouyal:81,set_30,161,prob,gp,lingering,demo_rev_query_reg_raw_assertion,rev,reg,raw,assertion,0.9984001517295837,0.0015998482704162598,0,0.9673125743865967,850fdb4fc36f477c2e2c8b0ffddcce3d9156bc3b7feeaeae4daa1e967e051f9a
amouyal:82,set_30,164,prob,non_gp,simple,demo_rev_query_reg_raw_assertion,rev,reg,raw,assertion,0.9991468191146851,0.9991468191146851,1,0.9813048243522644,04fa06c449e6602cd6d2a4e0b8e2f411fe1923c17d7f6561ebdeeeea971962b8
amouyal:83,set_30,165,prob,non_gp,lingering,demo_rev_query_reg_raw_assertion,rev,reg,raw,assertion,0.9926473498344421,0.007352650165557861,0,0.9448339343070984,46d38063c9410b75f10908a23b3a443da324d29dc99f72ad0f4cd83ae67e8f36
amouyal:84,set_31,168,prob,gp,simple,demo_rev_query_reg_raw_assertion,rev,reg,raw,assertion,0.9943429231643677,0.9943429231643677,1,0.9563122391700745,3796167417fdd98ad9c463403ea755da06a9b213e5ece1850e02132ce4b4fdf1
amouyal:85,set_31,169,prob,gp,lingering,demo_rev_query_reg_raw_assertion,rev,reg,raw,assertion,0.9765936136245728,0.023406386375427246,0,0.8916893601417542,a435449a68263b930b72f5f43da4bff0d12efa0d1afe25b42ce24739b6e1afca
amouyal:86,set_31,172,prob,non_gp,simple,demo_rev_query_reg_raw_assertion,rev,reg,raw,assertion,0.9993929266929626,0.9993929266929626,1,0.9843321442604065,a04adbb0909de04700a8dc627039d16908f7f7d2daffd42b94d890a11bbfc99f
amouyal:87,set_31,173,prob,non_gp,lingering,demo_rev_query_reg_raw_assertion,rev,reg,raw,assertion,0.9824568033218384,0.01754319667816162,0,0.9491724371910095,c3060bada09e98298f15ebc9a792a28c918d4a4b2a5f80101124b9b40f7194cb
amouyal:88,set_32,176,prob,gp,simple,demo_rev_query_reg_raw_assertion,rev,reg,raw,assertion,0.9886084794998169,0.9886084794998169,1,0.9507086873054504,79f25f2e8f16f5a606ea4f4064d734972945ae8a816d2bed59af617452f26da5
amouyal:89,set_32,177,prob,gp,lingering,demo_rev_query_reg_raw_assertion,rev,reg,raw,assertion,0.947716474533081,0.052283525466918945,0,0.9193479418754578,1425261552919ecb1e4b4e46b6f23e2f097db72c700960ee845b91df6babeacd
amouyal:90,set_32,180,prob,non_gp,simple,demo_rev_query_reg_raw_assertion,rev,reg,raw,assertion,0.999583899974823,0.999583899974823,1,0.9819676876068115,c3ea5bd56c34cd5a49f482b51e12f57cb9eeca6dd591314afbfc900674b478eb
amouyal:91,set_32,181,prob,non_gp,lingering,demo_rev_query_reg_raw_assertion,rev,reg,raw,assertion,0.00448882021009922,0.9955111797899008,1,0.9467188715934753,7b027dad504a74ab5981d876a227f70a8bd92d05e573ee51788e17c80f4a2c3f
amouyal:92,set_33,184,prob,gp,simple,demo_rev_query_reg_raw_assertion,rev,reg,raw,assertion,0.9924918413162231,0.9924918413162231,1,0.943122148513794,7028f670a697e066a42a6231488ed77bafb9323e8cf687cf74ccfd63ecca7eca
amouyal:93,set_33,185,prob,gp,lingering,demo_rev_query_reg_raw_assertion,rev,reg,raw,assertion,0.9936930537223816,0.006306946277618408,0,0.9275124073028564,fa7673e2a173851c19680f763fd29400789bf21cb4ebc797bbdf6404067e6ba8
amouyal:94,set_33,188,prob,non_gp,simple,demo_rev_query_reg_raw_assertion,rev,reg,raw,assertion,0.9985589981079102,0.9985589981079102,1,0.9774377942085266,01d909c60b2fa88cadc88cc88db54a8eaeeea4700a9063b40e0cce208cfac373
amouyal:95,set_33,189,prob,non_gp,lingering,demo_rev_query_reg_raw_assertion,rev,reg,raw,assertion,0.9983823299407959,0.0016176700592041016,0,0.9647701978683472,920e2c34c9194cf04c9b305951418eebb33056a686aafd98e881c7846ba6862c
amouyal:96,set_34,192,prob,gp,simple,demo_rev_query_reg_raw_assertion,rev,reg,raw,assertion,0.9984879493713379,0.9984879493713379,1,0.9812282919883728,bfd92b7245dcb5c2d50505e8f74c9b4a46c9c142d302e0e24139c606579adf13
amouyal:97,set_34,193,prob,gp,lingering,demo_rev_query_reg_raw_assertion,rev,reg,raw,assertion,0.9757808446884155,0.024219155311584473,0,0.9297361373901367,33f541f1721e81bd9169e6387dc5f2de5303b4b5586886890a2ebd27345e8a3d
amouyal:98,set_34,196,prob,non_gp,simple,demo_rev_query_reg_raw_assertion,rev,reg,raw,assertion,0.9994398951530457,0.9994398951530457,1,0.9867227077484131,46c1a271c6df07a492d71091d004988ba849f90c1815a2575eb25c7359df5099
amouyal:99,set_34,197,prob,non_gp,lingering,demo_rev_query_reg_raw_assertion,rev,reg,raw,assertion,0.20732399821281433,0.7926760017871857,1,0.7676123380661011,b2935a956d52da125cdd7a102d4f496a41c9b14e5763b64187b3f5e6844b879e
amouyal:100,set_35,200,prob,gp,simple,demo_rev_query_reg_raw_assertion,rev,reg,raw,assertion,0.9909679889678955,0.9909679889678955,1,0.971693754196167,e46f923a8ef26404fcc0c03a0ec07f1d28a33946c73b8e4f605c28d494a01389
amouyal:101,set_35,201,prob,gp,lingering,demo_rev_query_reg_raw_assertion,rev,reg,raw,assertion,0.9294688701629639,0.07053112983703613,0,0.837026059627533,a0258a41117d9d13686d0af3d35a82d6f7ec1ba9cb15266c6bd1cc3c337a9dc7
amouyal:102,set_35,204,prob,non_gp,simple,demo_rev_query_reg_raw_assertion,rev,reg,raw,assertion,0.9969591498374939,0.9969591498374939,1,0.9859662055969238,53932cf224ac986ec96906f53aaea18f32cf0abc69c670e6c87bd680d10c313f
amouyal:103,set_35,205,prob,non_gp,lingering,demo_rev_query_reg_raw_assertion,rev,reg,raw,assertion,0.9991368055343628,0.000863194465637207,0,0.9756448268890381,b6e744d3b92207aa504288cbfa9456e2bf7d9948093c604a5c505a8b90423aa5
amouyal:104,set_36,208,prob,gp,simple,demo_rev_query_reg_raw_assertion,rev,reg,raw,assertion,0.9981718063354492,0.9981718063354492,1,0.9728724956512451,a461563a3a071e00ceee6aeebdda343e8da57170103ca9f03abf5b7f95785ce7
amouyal:105,set_36,209,prob,gp,lingering,demo_rev_query_reg_raw_assertion,rev,reg,raw,assertion,0.997930645942688,0.0020693540573120117,0,0.9656298160552979,bda8373d89bd7344c8f9829f4020c95568394a03a691f93e25043c6435fdba0c
amouyal:106,set_36,212,prob,non_gp,simple,demo_rev_query_reg_raw_assertion,rev,reg,raw,assertion,0.9995579719543457,0.9995579719543457,1,0.9874983429908752,0d2b73c9f1b8b6d4eb1d894ca895240857bd056c7d73d67774a06574a0caa174
amouyal:107,set_36,213,prob,non_gp,lingering,demo_rev_query_reg_raw_assertion,rev,reg,raw,assertion,0.9796226024627686,0.020377397537231445,0,0.9395486116409302,5ebd9f18dbfd7041c7b1be38ccf5414806e7e4dcaf53ef11dbbfd5cb8043ed7d
amouyal:108,set_37,216,prob,gp,simple,demo_rev_query_reg_raw_assertion,rev,reg,raw,assertion,0.8492299318313599,0.8492299318313599,1,0.8531168699264526,fbc6c2b5b30345d8dc9493e5912f75dafd8da1b31ee3c69100ea1660b01f2b08
amouyal:109,set_37,217,prob,gp,lingering,demo_rev_query_reg_raw_assertion,rev,reg,raw,assertion,0.9942454695701599,0.005754530429840088,0,0.9580209255218506,1769defe1c53c2dc816e669d32f7e03c3a592353b86af30a47065d02ef460e64
amouyal:110,set_37,220,prob,non_gp,simple,demo_rev_query_reg_raw_assertion,rev,reg,raw,assertion,0.9968242645263672,0.9968242645263672,1,0.9651473760604858,c6b41a0c969ba2d2aa6e07e3fcee8cdef54ea9bd46384bd23431056cd4d292cd
amouyal:111,set_37,221,prob,non_gp,lingering,demo_rev_query_reg_raw_assertion,rev,reg,raw,assertion,0.4637521803379059,0.5362478196620941,1,0.7355951070785522,327fe07b1ac0169da523c64a06ae9307f266520483995baec60c4c5c7ca6f37e
amouyal:112,set_38,224,prob,gp,simple,demo_rev_query_reg_raw_assertion,rev,reg,raw,assertion,0.9641316533088684,0.9641316533088684,1,0.9269848465919495,04b32ede5012bc6d2768580ca7c72023784ab877bcbd7b474af3463bdbf8a425
amouyal:113,set_38,225,prob,gp,lingering,demo_rev_query_reg_raw_assertion,rev,reg,raw,assertion,0.9953401684761047,0.004659831523895264,0,0.9491575360298157,6ab7b6a766b32a497b4f47ec47e970c9e65d08a8324a301288f38308b8e3eb29
amouyal:114,set_38,228,prob,non_gp,simple,demo_rev_query_reg_raw_assertion,rev,reg,raw,assertion,0.9946052432060242,0.9946052432060242,1,0.9538801312446594,f128c603ee342ac73666e79d7daf3c85b2d4b548d50ee6bc14e88478f56c4ce0
amouyal:115,set_38,229,prob,non_gp,lingering,demo_rev_query_reg_raw_assertion,rev,reg,raw,assertion,0.9800664782524109,0.01993352174758911,0,0.9304365515708923,47749b031465d0a7918c7a6722029d73cdcf30a58c485d4c1e16385e736eb4f2
amouyal:116,set_39,232,prob,gp,simple,demo_rev_query_reg_raw_assertion,rev,reg,raw,assertion,0.9946015477180481,0.9946015477180481,1,0.9448838829994202,dc0b01f0690bdaae27fcf3ee91327159cd53ded41a3f4c05aaf5fc1f5db828ac
amouyal:117,set_39,233,prob,gp,lingering,demo_rev_query_reg_raw_assertion,rev,reg,raw,assertion,0.9946199059486389,0.005380094051361084,0,0.9174162745475769,9deef0689804e961ab0fba2dddac5137b54b1ce062c4883cb8b0a4b67404723c
amouyal:118,set_39,236,prob,non_gp,simple,demo_rev_query_reg_raw_assertion,rev,reg,raw,assertion,0.9991907477378845,0.9991907477378845,1,0.9748996496200562,aeaa0d87d94ef0e6640a6d2995680464f7b49b9d667c5c0ea5bc671b15602a77
amouyal:119,set_39,237,prob,non_gp,lingering,demo_rev_query_reg_raw_assertion,rev,reg,raw,assertion,0.9784649014472961,0.021535098552703857,0,0.8785266280174255,fa40cf0c169e6e2666cc79c09f9a5a603d747a987887bec3c86e73e273f98d22
amouyal:120,set_40,240,prob,gp,simple,demo_rev_query_reg_raw_assertion,rev,reg,raw,assertion,0.951937198638916,0.951937198638916,1,0.8842282295227051,c7b493846c65f9410130551d2f061f38af40db41f1da833571587e2734e3afd0
amouyal:121,set_40,241,prob,gp,lingering,demo_rev_query_reg_raw_assertion,rev,reg,raw,assertion,0.9921083450317383,0.007891654968261719,0,0.9487830996513367,342d82cf931f162b0bd622843dfc2522dfe1839393fd8d51566691973b0f199b
amouyal:122,set_40,244,prob,non_gp,simple,demo_rev_query_reg_raw_assertion,rev,reg,raw,assertion,0.9949237108230591,0.9949237108230591,1,0.9684155583381653,c54f68281e2004483e201fd7a26029bec5b862b94914dced2e37b1cde170ba09
amouyal:123,set_40,245,prob,non_gp,lingering,demo_rev_query_reg_raw_assertion,rev,reg,raw,assertion,0.8486865758895874,0.1513134241104126,0,0.7797002196311951,eb0942cd4ed47a218f61b4cc2a9199b05ad73b7f4d9f65cea7793a78e8b10c26
amouyal:124,set_41,248,prob,gp,simple,demo_rev_query_reg_raw_assertion,rev,reg,raw,assertion,0.9977105259895325,0.9977105259895325,1,0.965668797492981,67b5e7fc73427df012d5518ac829e9aea4de039aa6858c575afc61b12d5bc13f
amouyal:125,set_41,249,prob,gp,lingering,demo_rev_query_reg_raw_assertion,rev,reg,raw,assertion,0.9612147808074951,0.03878521919250488,0,0.8769214153289795,2104b19bcde7a44f107681143d518e7c168d032f9a4ef1fde4edfdccffa803fa
amouyal:126,set_41,252,prob,non_gp,simple,demo_rev_query_reg_raw_assertion,rev,reg,raw,assertion,0.999001681804657,0.999001681804657,1,0.9687278270721436,92a88ff5c7f13517b6ff9200d9b5c62b221351564a86c786bec6042ba61db27a
amouyal:127,set_41,253,prob,non_gp,lingering,demo_rev_query_reg_raw_assertion,rev,reg,raw,assertion,0.9918282628059387,0.00817173719406128,0,0.9299880862236023,6a1c80c8b8456f4700a87069b79cea748925e9d3647dea06e0455d9f7f654e37
amouyal:128,set_42,256,prob,gp,simple,demo_rev_query_reg_raw_assertion,rev,reg,raw,assertion,0.9991317987442017,0.9991317987442017,1,0.9748561382293701,9f126dd5a79a659b26e41a6e1ababfdb5e0f038c22a9b2c1ebb9e9b492da65e2
amouyal:129,set_42,257,prob,gp,lingering,demo_rev_query_reg_raw_assertion,rev,reg,raw,assertion,0.9991623163223267,0.0008376836776733398,0,0.9769577383995056,60c3d33fc3a0265f229cef1bb31efe7c3663798c2e593e146fb860b1c795c5aa
amouyal:130,set_42,260,prob,non_gp,simple,demo_rev_query_reg_raw_assertion,rev,reg,raw,assertion,0.9992730021476746,0.9992730021476746,1,0.971835732460022,e88b7e0df1f71bd6805a42fdcb78fb27274b7851a38c5ca43f3403c4519e711f
amouyal:131,set_42,261,prob,non_gp,lingering,demo_rev_query_reg_raw_assertion,rev,reg,raw,assertion,0.9695660471916199,0.030433952808380127,0,0.8613802194595337,3cea46a2b06a8cfd5a11c2f62f9e0714962e892a5e58c91fb37238b4bdb09707
amouyal:132,set_43,264,prob,gp,simple,demo_rev_query_reg_raw_assertion,rev,reg,raw,assertion,0.9962271451950073,0.9962271451950073,1,0.9681379199028015,9181dacd6c7283a770eed7ae77ec47cdb123eafd5fa5c275e9ac53453abdde3a
amouyal:133,set_43,265,prob,gp,lingering,demo_rev_query_reg_raw_assertion,rev,reg,raw,assertion,0.9975833892822266,0.0024166107177734375,0,0.9611762762069702,c2c6df6fa0eacd707e4c938ae4e14021395f2c7dfcc334d7ef16cf041c088fdb
amouyal:134,set_43,268,prob,non_gp,simple,demo_rev_query_reg_raw_assertion,rev,reg,raw,assertion,0.9992536902427673,0.9992536902427673,1,0.9777895212173462,273242593e88e8d23aa37d50dcd9dfea719f8d011427ecee9429372ef685ffb5
amouyal:135,set_43,269,prob,non_gp,lingering,demo_rev_query_reg_raw_assertion,rev,reg,raw,assertion,0.9981938004493713,0.0018061995506286621,0,0.9769673943519592,f23f0c9cd4cbb9a21c1ac4632c157a030e9df8dcf1783cf59eff8453ad00d379
amouyal:136,set_44,272,prob,gp,simple,demo_rev_query_reg_raw_assertion,rev,reg,raw,assertion,0.9684410095214844,0.9684410095214844,1,0.8731850385665894,ab3edce9443fe3642eb3a4af01a6d95fba068ebcd85dc83a397d576df024df64
amouyal:137,set_44,273,prob,gp,lingering,demo_rev_query_reg_raw_assertion,rev,reg,raw,assertion,0.9820604920387268,0.017939507961273193,0,0.9057961106300354,9a6a13294797377b56b582f0a6d39d88bf543bce4b5bb8c7d66efa0fb7e15633
amouyal:138,set_44,276,prob,non_gp,simple,demo_rev_query_reg_raw_assertion,rev,reg,raw,assertion,0.9950206279754639,0.9950206279754639,1,0.9460263848304749,48fc361df0fe2cb0a548a1790c4dc5dbb712a5f42229c385ca46d1d2d44322f4
amouyal:139,set_44,277,prob,non_gp,lingering,demo_rev_query_reg_raw_assertion,rev,reg,raw,assertion,0.9911636114120483,0.00883638858795166,0,0.9531614184379578,a6a737e40ce77a2b6b4a953224aac4b95c739b0818042a51d04139abbcac6d73
amouyal:140,set_45,280,prob,gp,simple,demo_rev_query_reg_raw_assertion,rev,reg,raw,assertion,0.9868115782737732,0.9868115782737732,1,0.9398193359375,5cc720d297e7917a4d20f942940ef308454fbf4482a7b30d4a6ef8de4098f2e0
amouyal:141,set_45,281,prob,gp,lingering,demo_rev_query_reg_raw_assertion,rev,reg,raw,assertion,0.9886797666549683,0.011320233345031738,0,0.9336370229721069,b0a573c1a28c57b6e0b645f67f6adbf2aaeea02f35753d83b97ddb91354668df
amouyal:142,set_45,284,prob,non_gp,simple,demo_rev_query_reg_raw_assertion,rev,reg,raw,assertion,0.9995868802070618,0.9995868802070618,1,0.9783674478530884,89fe988615ba47480b9c8ae2ebb7b92d0c9decf3a143f94061613506a4203176
amouyal:143,set_45,285,prob,non_gp,lingering,demo_rev_query_reg_raw_assertion,rev,reg,raw,assertion,0.9982104301452637,0.0017895698547363281,0,0.9702813625335693,c60cc2072dd9c713c10912e2a1082fca23310637b130ebd4aab5a977c6b95e1f
amouyal:144,set_hyp5_1,288,reflexive,non_gp,simple,demo_rev_query_reg_raw_assertion,rev,reg,raw,assertion,0.9965053200721741,0.9965053200721741,1,0.968606173992157,e6c91c6ba7f2036636ee4608b7271af1f681cd4a7a55fb461fbf0d1fbdf031f0
amouyal:145,set_hyp5_1,289,reflexive,non_gp,lingering,demo_rev_query_reg_raw_assertion,rev,reg,raw,assertion,0.9668620228767395,0.0331379771232605,0,0.8928883671760559,4f4a53e92b30e26853ac293464178648b088aa245f2876264c2a3cdca222dd13
amouyal:146,set_hyp5_2,290,reflexive,non_gp,simple,demo_rev_query_reg_raw_assertion,rev,reg,raw,assertion,0.999323308467865,0.999323308467865,1,0.9711993336677551,bc4be7cd2b79ba28775499dbb5274b85f96e24962c7072a7188bf94d91374c19
amouyal:147,set_hyp5_2,291,reflexive,non_gp,lingering,demo_rev_query_reg_raw_assertion,rev,reg,raw,assertion,0.0037959027104079723,0.996204097289592,1,0.9204778671264648,ba56afa479b608c4ec40f52dcac801023349033e81a161caa3bc82f66f29119f
amouyal:148,set_hyp5_3,292,reflexive,non_gp,simple,demo_rev_query_reg_raw_assertion,rev,reg,raw,assertion,0.9989572167396545,0.9989572167396545,1,0.9753455519676208,7c8f2ce0751660f82eef0cc4f74466a68acd3e87fe0458642a3150bd31a1fdaf
amouyal:149,set_hyp5_3,293,reflexive,non_gp,lingering,demo_rev_query_reg_raw_assertion,rev,reg,raw,assertion,0.017556171864271164,0.9824438281357288,1,0.7960454225540161,b34e31ce6db7f1f3c66ae6d11c8dd1f1dd68ba948da2c1b2fdebf01637c1587e
amouyal:150,set_hyp5_4,294,reflexive,non_gp,simple,demo_rev_query_reg_raw_assertion,rev,reg,raw,assertion,0.99751877784729,0.99751877784729,1,0.9678168296813965,b0b9637c51def97000b43c02e67a3e8c034e09cbefa2346e0bacd7b82a6d17fd
amouyal:151,set_hyp5_4,295,reflexive,non_gp,lingering,demo_rev_query_reg_raw_assertion,rev,reg,raw,assertion,0.02437928505241871,0.9756207149475813,1,0.7390283346176147,d5a45f2beaf74bb7f1495bedfda78449a1b436af0f48caf16275a6a349bd3fd2
amouyal:152,set_hyp5_5,296,reflexive,non_gp,simple,demo_rev_query_reg_raw_assertion,rev,reg,raw,assertion,0.9995562434196472,0.9995562434196472,1,0.9835046529769897,330a10eb1adc0b3e8f3703606b6db2efb6992c234aa995caa3426db71f9f57b5
amouyal:153,set_hyp5_5,297,reflexive,non_gp,lingering,demo_rev_query_reg_raw_assertion,rev,reg,raw,assertion,0.008507413789629936,0.9914925862103701,1,0.8480460047721863,c5ffdf773303fa03cc3a03797a84dd2949916660ffe6a2b3c1c55a308d198585
amouyal:154,set_hyp5_6,298,reflexive,non_gp,simple,demo_rev_query_reg_raw_assertion,rev,reg,raw,assertion,0.9992052912712097,0.9992052912712097,1,0.9785580039024353,7b8504e3ca6dda47d796c26f337d4fe8cd187b54b98eb4d8c984903c0baf9931
amouyal:155,set_hyp5_6,299,reflexive,non_gp,lingering,demo_rev_query_reg_raw_assertion,rev,reg,raw,assertion,0.8168914318084717,0.18310856819152832,0,0.8142634630203247,ee385a35caf17c929d1d9bff2c43f3cfae4e4b469c7a2f03eb34d9fb5db2571a
amouyal:156,set_hyp5_7,300,reflexive,non_gp,simple,demo_rev_query_reg_raw_assertion,rev,reg,raw,assertion,0.9994219541549683,0.9994219541549683,1,0.9870322346687317,1dc2e8af3587c5c03348e4f30f1cb898aa3099f55d16de032f44e0e13f45115d
amouyal:157,set_hyp5_7,301,reflexive,non_gp,lingering,demo_rev_query_reg_raw_assertion,rev,reg,raw,assertion,0.007983756251633167,0.9920162437483668,1,0.9179667234420776,97ea6783c76b1b160416c4d80d230eda80b4f72ab9f8cc247572422082153ec3
amouyal:158,set_hyp5_8,302,reflexive,non_gp,simple,demo_rev_query_reg_raw_assertion,rev,reg,raw,assertion,0.9991384744644165,0.9991384744644165,1,0.9760196208953857,5ebb1507658f14e0f1be2ca24d95bcc9a443178c681cc2500ff391266438e080
amouyal:159,set_hyp5_8,303,reflexive,non_gp,lingering,demo_rev_query_reg_raw_assertion,rev,reg,raw,assertion,0.011811302043497562,0.9881886979565024,1,0.8311494588851929,ab4a1f9bd4bbbf9a20481dc31a34bee9ca2f5d94beb4d69fa24897212b9bb585
amouyal:160,set_hyp5_9,304,reflexive,non_gp,simple,demo_rev_query_reg_raw_assertion,rev,reg,raw,assertion,0.9991124868392944,0.9991124868392944,1,0.983879804611206,823ccbba1f9d6cc4059caa72752ca0497d99c8c316cf6c93c6a91d53fcaee76d
amouyal:161,set_hyp5_9,305,reflexive,non_gp,lingering,demo_rev_query_reg_raw_assertion,rev,reg,raw,assertion,0.9725326299667358,0.02746737003326416,0,0.947306215763092,b9c123aaa1a68614336f531678b1038eb33578f87f9ca577981b70a1eca3aec3
amouyal:162,set_hyp5_10,306,reflexive,non_gp,simple,demo_rev_query_reg_raw_assertion,rev,reg,raw,assertion,0.9991777539253235,0.9991777539253235,1,0.9841102361679077,59a1e8a60bd1782a874522f96cf36c7f16ffb56d765b37307af4c5556e913bd9
amouyal:163,set_hyp5_10,307,reflexive,non_gp,lingering,demo_rev_query_reg_raw_assertion,rev,reg,raw,assertion,0.9427545070648193,0.057245492935180664,0,0.9362477660179138,06df4f27ae0d4cc2f2b69e632e2f9f0c13d211d8ce73f404124592a229801d10
amouyal:164,set_hyp5_11,308,reflexive,non_gp,simple,demo_rev_query_reg_raw_assertion,rev,reg,raw,assertion,0.9989217519760132,0.9989217519760132,1,0.977354884147644,71e766d07bcd36700be74c46e1c005250b74e6ee5e06ce717e11a12f6e0808e7
amouyal:165,set_hyp5_11,309,reflexive,non_gp,lingering,demo_rev_query_reg_raw_assertion,rev,reg,raw,assertion,0.0036417872179299593,0.99635821278207,1,0.9363945126533508,87121993d2d774c46c7f927456b67cebecb0cf2773edad49292abdc076ec7bcc
amouyal:166,set_hyp5_12,310,reflexive,non_gp,simple,demo_rev_query_reg_raw_assertion,rev,reg,raw,assertion,0.9994251132011414,0.9994251132011414,1,0.9759464263916016,689650d68040aad647cc29b83dbe74fc5439e3eb1a7e3ba5e96aeefa44efe7c7
amouyal:167,set_hyp5_12,311,reflexive,non_gp,lingering,demo_rev_query_reg_raw_assertion,rev,reg,raw,assertion,0.022815901786088943,0.9771840982139111,1,0.7930054664611816,4731759ca200374ee37f928e2df8255929ead55833f13456b239fcb1f925766c
amouyal:168,set_hyp5_13,312,reflexive,non_gp,simple,demo_rev_query_reg_raw_assertion,rev,reg,raw,assertion,0.9988917112350464,0.9988917112350464,1,0.9709560871124268,e9becd71c5248261af0fa0305f9cf69551c78a783513d53f1afb150b242bd91d
amouyal:169,set_hyp5_13,313,reflexive,non_gp,lingering,demo_rev_query_reg_raw_assertion,rev,reg,raw,assertion,0.03592162951827049,0.9640783704817295,1,0.664079487323761,9efd743cf2fdd45602721432243f6971f693bef6517819dbe876e20a4e079629
amouyal:170,set_hyp5_14,314,reflexive,non_gp,simple,demo_rev_query_reg_raw_assertion,rev,reg,raw,assertion,0.9505504965782166,0.9505504965782166,1,0.9154426455497742,ab138508a7e17a93b0946567b40da9fd34266d19b5e11d5f62f67b95a5766b8d
amouyal:171,set_hyp5_14,315,reflexive,non_gp,lingering,demo_rev_query_reg_raw_assertion,rev,reg,raw,assertion,0.08247051388025284,0.9175294861197472,1,0.7431485652923584,cfcf41a2a12c913d091c24a2d62600b03b3a70aa6fa5fca4660c227997e38be4
amouyal:172,set_hyp5_15,316,reflexive,non_gp,simple,demo_rev_query_reg_raw_assertion,rev,reg,raw,assertion,0.9996225833892822,0.9996225833892822,1,0.9774066209793091,a1b6a4f77632db7664abb14a0173eef2a7f51210ecb555637d4f4e81d0e84073
amouyal:173,set_hyp5_15,317,reflexive,non_gp,lingering,demo_rev_query_reg_raw_assertion,rev,reg,raw,assertion,0.5519185662269592,0.44808143377304077,0,0.6733837127685547,db68455c3dba67337cf45378a5b8d10522defe50aa1002dbef90d67f18bd3542
amouyal:174,set_hyp5_16,318,reflexive,non_gp,simple,demo_rev_query_reg_raw_assertion,rev,reg,raw,assertion,0.9990838766098022,0.9990838766098022,1,0.9746314287185669,49b92a58604a47762ae784b97aa08ed133dadcc93a23e616035fc2169444f01f
amouyal:175,set_hyp5_16,319,reflexive,non_gp,lingering,demo_rev_query_reg_raw_assertion,rev,reg,raw,assertion,0.994732677936554,0.005267322063446045,0,0.9351668953895569,49d35b6d524d7fda987be53e50ae56c08e30ccfb8deb96791c34b9262685ec0a
amouyal:176,set_hyp5_17,320,reflexive,non_gp,simple,demo_rev_query_reg_raw_assertion,rev,reg,raw,assertion,0.9990980625152588,0.9990980625152588,1,0.9840258359909058,b262291949e7097c2d1dd04686eeb04cf023a1e51808d1729c8d20d2b3e6b688
amouyal:177,set_hyp5_17,321,reflexive,non_gp,lingering,demo_rev_query_reg_raw_assertion,rev,reg,raw,assertion,0.007950332947075367,0.9920496670529246,1,0.8715127110481262,aea31a423bfff8d6fc1a03844314ed073a7330e2278bdf1e4a4dd12955a4f220
amouyal:178,set_hyp5_18,322,reflexive,non_gp,simple,demo_rev_query_reg_raw_assertion,rev,reg,raw,assertion,0.0558660514652729,0.0558660514652729,0,0.6268559694290161,120bba8d4d577e4f1151fb953e13fbfa62e760eebb056f3a811a8a9ceb4a722b
amouyal:179,set_hyp5_18,323,reflexive,non_gp,lingering,demo_rev_query_reg_raw_assertion,rev,reg,raw,assertion,0.057672880589962006,0.942327119410038,1,0.744630753993988,2a32054cfeb6289ebc454ed3a582e2c082237fc129ed97c4e8125f4207485a67
amouyal:180,set_hyp5_19,324,reflexive,non_gp,simple,demo_rev_query_reg_raw_assertion,rev,reg,raw,assertion,0.9994756579399109,0.9994756579399109,1,0.9784029126167297,3b5e8f926958ffa84003e710cc4d1df9ce92934f04cdea70ef66393bd38769e8
amouyal:181,set_hyp5_19,325,reflexive,non_gp,lingering,demo_rev_query_reg_raw_assertion,rev,reg,raw,assertion,0.005741069093346596,0.9942589309066534,1,0.9116448163986206,f125409874f5814c889ec18a01db6d99ef1d041f4e61fc1d8a6d0b3b76a5b9de
amouyal:182,set_hyp5_20,326,reflexive,non_gp,simple,demo_rev_query_reg_raw_assertion,rev,reg,raw,assertion,0.9984102249145508,0.9984102249145508,1,0.9793450236320496,61dbf0dfe458f395380815cfa6690d05629031be6e60f858d73b6978e42714ec
amouyal:183,set_hyp5_20,327,reflexive,non_gp,lingering,demo_rev_query_reg_raw_assertion,rev,reg,raw,assertion,0.7776989936828613,0.22230100631713867,0,0.7685723304748535,816d9a889ea44d1c8da00af18d3d83e67df50d7ab3a8e7756d2cd3e5791bec33
amouyal:184,set_hyp5_21,328,reflexive,non_gp,simple,demo_rev_query_reg_raw_assertion,rev,reg,raw,assertion,0.9984812140464783,0.9984812140464783,1,0.9763674139976501,de927f7d826d26c2f974cb2b22f71fe4fbb4275eaefd2e4ac3a0966f417c2e91
amouyal:185,set_hyp5_21,329,reflexive,non_gp,lingering,demo_rev_query_reg_raw_assertion,rev,reg,raw,assertion,0.16514460742473602,0.834855392575264,1,0.7348179221153259,3ae62c29734adfe930eff120b22617a338c0e8e8ee0b6a1b6a059806cef6aa5f
amouyal:186,set_hyp5_22,330,reflexive,non_gp,simple,demo_rev_query_reg_raw_assertion,rev,reg,raw,assertion,0.9994602203369141,0.9994602203369141,1,0.9794037938117981,81a07e33b30550929adf14ec6a0c07b4af0d429ec281520f99abb305d540520c
amouyal:187,set_hyp5_22,331,reflexive,non_gp,lingering,demo_rev_query_reg_raw_assertion,rev,reg,raw,assertion,0.011258281767368317,0.9887417182326317,1,0.8823345303535461,33d3cae994669240ad0d71dcaeb3092d5853a3e1539efbd04fe8ac720353926c
amouyal:188,set_hyp5_23,332,reflexive,non_gp,simple,demo_rev_query_reg_raw_assertion,rev,reg,raw,assertion,0.9996212124824524,0.9996212124824524,1,0.9810968637466431,daacf4ebdd80a3f207b8c907a3d50c893dd76246f5436281c3ba96d909e0df9f
amouyal:189,set_hyp5_23,333,reflexive,non_gp,lingering,demo_rev_query_reg_raw_assertion,rev,reg,raw,assertion,0.517917275428772,0.482082724571228,0,0.7708228826522827,8c4f535a9ef9bcff9a940d89d8d7d7ed71e566dffbe9290aaa53121ef7e336ab
amouyal:190,set_hyp5_24,334,reflexive,non_gp,simple,demo_rev_query_reg_raw_assertion,rev,reg,raw,assertion,0.9988772869110107,0.9988772869110107,1,0.9822161197662354,3459866f6cb1e309cb66afffde3fbb56bbc166de0b2afc9b801b9d148c13e376
amouyal:191,set_hyp5_24,335,reflexive,non_gp,lingering,demo_rev_query_reg_raw_assertion,rev,reg,raw,assertion,0.6563778519630432,0.3436221480369568,0,0.7357957363128662,a073eff59b3ae3d88cebd28ed8ae7da1b75cdd5e93096507a53b516ccf53e594
amouyal:192,set_hyp5_1,336,reflexive,gp,simple,demo_rev_query_reg_raw_assertion,rev,reg,raw,assertion,0.9905610680580139,0.9905610680580139,1,0.9691022038459778,49c07305283a9b29e72d021f3f9db587445a101ef6f3c9c046d7c4c7bc4d0a59
amouyal:193,set_hyp5_1,337,reflexive,gp,lingering,demo_rev_query_reg_raw_assertion,rev,reg,raw,assertion,0.7876224517822266,0.21237754821777344,0,0.8156797885894775,aaedb0aad0962d0137770b16bc37f7aa33fe6f9f354c1ad6af8940c3671b84ec
amouyal:194,set_hyp5_2,338,reflexive,gp,simple,demo_rev_query_reg_raw_assertion,rev,reg,raw,assertion,0.9985989928245544,0.9985989928245544,1,0.9766333103179932,5052c94900120f310556800b974124ba9bf9aa3c47f4023aa92e7bb0de58402d
amouyal:195,set_hyp5_2,339,reflexive,gp,lingering,demo_rev_query_reg_raw_assertion,rev,reg,raw,assertion,0.41908469796180725,0.5809153020381927,1,0.6914209127426147,f7615a309cc4362a689f79a489ef8e5504255330f44f579c9ae10c22e148cf00
amouyal:196,set_hyp5_3,340,reflexive,gp,simple,demo_rev_query_reg_raw_assertion,rev,reg,raw,assertion,0.9863601326942444,0.9863601326942444,1,0.9325046539306641,778db4585182cec808406b554ac12f90e89c5f6e291e7542e9a42478d31c5b85
amouyal:197,set_hyp5_3,341,reflexive,gp,lingering,demo_rev_query_reg_raw_assertion,rev,reg,raw,assertion,0.5288510918617249,0.47114890813827515,0,0.6510124206542969,4c0e20a5a75fde6745c8507c81370c98747473016fd416fd10d9c4a1d92f77ae
amouyal:198,set_hyp5_4,342,reflexive,gp,simple,demo_rev_query_reg_raw_assertion,rev,reg,raw,assertion,0.9962730407714844,0.9962730407714844,1,0.9709669947624207,52de4993627ada380ec1e8d5f7f12359afebf6d24c232bc5c35c7a0ededdf6d3
amouyal:199,set_hyp5_4,343,reflexive,gp,lingering,demo_rev_query_reg_raw_assertion,rev,reg,raw,assertion,0.9097409844398499,0.09025901556015015,0,0.8584194779396057,2bf6b2e0717112200931013d53baecc94ccf1274f54947be86232104e60d901e
amouyal:200,set_hyp5_5,344,reflexive,gp,simple,demo_rev_query_reg_raw_assertion,rev,reg,raw,assertion,0.9970895051956177,0.9970895051956177,1,0.9660980701446533,72fc7435cebbe1af29954f380d93375c0cfc84a6efb28a483d1357f9f91e224d
amouyal:201,set_hyp5_5,345,reflexive,gp,lingering,demo_rev_query_reg_raw_assertion,rev,reg,raw,assertion,0.985544741153717,0.014455258846282959,0,0.9289034605026245,0c5f5cecefa6d8cf529c8549168ea1c322b114494418a90453dc56d7a1241ba5
amouyal:202,set_hyp5_6,346,reflexive,gp,simple,demo_rev_query_reg_raw_assertion,rev,reg,raw,assertion,0.9934887290000916,0.9934887290000916,1,0.9674162864685059,002c82740f5f4093164eb747d305be03f3aca6948f1cc641bd7854119a08911b
amouyal:203,set_hyp5_6,347,reflexive,gp,lingering,demo_rev_query_reg_raw_assertion,rev,reg,raw,assertion,0.9614673852920532,0.03853261470794678,0,0.857286274433136,a8eea7c945d64067e6fae3678c0231478c5eac7a2383f710756c0428c48dfbad
amouyal:204,set_hyp5_7,348,reflexive,gp,simple,demo_rev_query_reg_raw_assertion,rev,reg,raw,assertion,0.9980519413948059,0.9980519413948059,1,0.9811136722564697,9d0b350ff560962a120999506d65c514ac7ca3ae6d437ce9fdffd912877beca3
amouyal:205,set_hyp5_7,349,reflexive,gp,lingering,demo_rev_query_reg_raw_assertion,rev,reg,raw,assertion,0.6593664884567261,0.3406335115432739,0,0.8049262762069702,96669eb2f0fa3c1acb1083559a39a3f94f7b73f535b08930613d0cead2ed4f0f
amouyal:206,set_hyp5_8,350,reflexive,gp,simple,demo_rev_query_reg_raw_assertion,rev,reg,raw,assertion,0.9982361197471619,0.9982361197471619,1,0.9707860946655273,6e83129f9fa955769ca4661d7f4b9a0f52edef87ad8254599cf5b2ea588e8b9e
amouyal:207,set_hyp5_8,351,reflexive,gp,lingering,demo_rev_query_reg_raw_assertion,rev,reg,raw,assertion,0.28241029381752014,0.7175897061824799,1,0.6843043565750122,5e8734c7a10cbaba00e8b353f5617164bf28539ffb957b90051723c34a8a07a8
amouyal:208,set_hyp5_9,352,reflexive,gp,simple,demo_rev_query_reg_raw_assertion,rev,reg,raw,assertion,0.9994625449180603,0.9994625449180603,1,0.986411988735199,32605fdf645d3e6eb3583bfac4ffe45a4622d384d80199e0614e40d4d91e8d6b
amouyal:209,set_hyp5_9,353,reflexive,gp,lingering,demo_rev_query_reg_raw_assertion,rev,reg,raw,assertion,0.9981191158294678,0.0018808841705322266,0,0.976845920085907,e61c31511a1b9bf6ab87079156e60af81ea44d52d6c5c13815401fb0cee39478
amouyal:210,set_hyp5_10,354,reflexive,gp,simple,demo_rev_query_reg_raw_assertion,rev,reg,raw,assertion,0.9967511296272278,0.9967511296272278,1,0.9713826179504395,462cd13b65cd83ee16c960a75f90cae399e0f4c056d29028cd368eca6721fbea
amouyal:211,set_hyp5_10,355,reflexive,gp,lingering,demo_rev_query_reg_raw_assertion,rev,reg,raw,assertion,0.9935155510902405,0.0064844489097595215,0,0.949699342250824,e5e289ef6b239785bac91fadecfeb6740cd2bac0bfa63a6a7d6deb609757f1b8
amouyal:212,set_hyp5_11,356,reflexive,gp,simple,demo_rev_query_reg_raw_assertion,rev,reg,raw,assertion,0.9833248257637024,0.9833248257637024,1,0.891673743724823,3a818240a3690b0f64bac4992d80e4f523912b20440e309f1a58e74fc983eac4
amouyal:213,set_hyp5_11,357,reflexive,gp,lingering,demo_rev_query_reg_raw_assertion,rev,reg,raw,assertion,0.919901967048645,0.08009803295135498,0,0.8244575262069702,f08bc33db53dbc2f2845ce5ca1a65aed4f1ba63801094bd71b6228ad69680a19
amouyal:214,set_hyp5_12,358,reflexive,gp,simple,demo_rev_query_reg_raw_assertion,rev,reg,raw,assertion,0.9986085295677185,0.9986085295677185,1,0.9768849611282349,201196e0635818432e7d780ee438155aafba283891d9039269f1a919f607b996
amouyal:215,set_hyp5_12,359,reflexive,gp,lingering,demo_rev_query_reg_raw_assertion,rev,reg,raw,assertion,0.8523750305175781,0.14762496948242188,0,0.8594315648078918,89fcc4a696a7bff16ae1e73d28f787b6f227955c8cd20f48bb1ceb122fe7bb35
amouyal:216,set_hyp5_13,360,reflexive,gp,simple,demo_rev_query_reg_raw_assertion,rev,reg,raw,assertion,0.9600995779037476,0.9600995779037476,1,0.8372530937194824,20d19fae83b6286ba28f4a62b0b05b52f743189aa5a079e187ac8889ad5d2304
amouyal:217,set_hyp5_13,361,reflexive,gp,lingering,demo_rev_query_reg_raw_assertion,rev,reg,raw,assertion,0.9692159295082092,0.03078407049179077,0,0.8737804293632507,1d6546a908e3bbb08d5345f8cf8c82d79d4941189ed4d47366cc69a6f97b4231
amouyal:218,set_hyp5_14,362,reflexive,gp,simple,demo_rev_query_reg_raw_assertion,rev,reg,raw,assertion,0.6990938782691956,0.6990938782691956,1,0.7890263795852661,b098399ce1bb408eb439c3f99cdaec694a90444eecaa12852626febbedeb5333
amouyal:219,set_hyp5_14,363,reflexive,gp,lingering,demo_rev_query_reg_raw_assertion,rev,reg,raw,assertion,0.9635359048843384,0.03646409511566162,0,0.8828664422035217,a0ff4356bd403bedb5e6736991ded4c7a52b7a21ccaadefb8ec5a5e63aee19bb
amouyal:220,set_hyp5_15,364,reflexive,gp,simple,demo_rev_query_reg_raw_assertion,rev,reg,raw,assertion,0.9970887303352356,0.9970887303352356,1,0.9541648030281067,1bc43af71a989010d94fe573416b5343eb958aa17b68dfd9cc6a4f01f40da856
amouyal:221,set_hyp5_15,365,reflexive,gp,lingering,demo_rev_query_reg_raw_assertion,rev,reg,raw,assertion,0.9801519513130188,0.0198480486869812,0,0.9059276580810547,bc30c54e8570e8445c27ba2e774a9d428dfd58c6104f1e21b501a1e10b3c24e3
amouyal:222,set_hyp5_16,366,reflexive,gp,simple,demo_rev_query_reg_raw_assertion,rev,reg,raw,assertion,0.9975016713142395,0.9975016713142395,1,0.9699297547340393,e4359f83def40e2b5151f52f330ecd9dcda22cff8895d292dc04de9eb4778871
amouyal:223,set_hyp5_16,367,reflexive,gp,lingering,demo_rev_query_reg_raw_assertion,rev,reg,raw,assertion,0.9957789778709412,0.004221022129058838,0,0.9487941265106201,0e8c12ef028126477e38862b9f1f78820be1231c238f77ddc880674ce4236f58
amouyal:224,set_hyp5_17,368,reflexive,gp,simple,demo_rev_query_reg_raw_assertion,rev,reg,raw,assertion,0.99833083152771,0.99833083152771,1,0.9858651757240295,1129182e7cdc164079ec7a758ba73ea3ed923cf4118d71265c0601523adf6df5
amouyal:225,set_hyp5_17,369,reflexive,gp,lingering,demo_rev_query_reg_raw_assertion,rev,reg,raw,assertion,0.06211724877357483,0.9378827512264252,1,0.8504359722137451,e58a284fc317e4b776e45fbdc299e60c037341cc659c8af537873d527e831707
amouyal:226,set_hyp5_18,370,reflexive,gp,simple,demo_rev_query_reg_raw_assertion,rev,reg,raw,assertion,0.1545923948287964,0.1545923948287964,0,0.42526349425315857,e5cb23a903c77bae92280528386d33659e6a9ece76b20c62fd6a4d853a0a5de8
amouyal:227,set_hyp5_18,371,reflexive,gp,lingering,demo_rev_query_reg_raw_assertion,rev,reg,raw,assertion,0.9744167923927307,0.025583207607269287,0,0.8441356420516968,cd1bc11d69a7f35eb718f40eca8f4e6764168f8377ead5256b5e0679ee9c02d4
amouyal:228,set_hyp5_19,372,reflexive,gp,simple,demo_rev_query_reg_raw_assertion,rev,reg,raw,assertion,0.9971814751625061,0.9971814751625061,1,0.9655691981315613,cfca766afb23c1e5ab64e752aa5bbc92f74dc27cd9b42014390d5385fac64ca5
amouyal:229,set_hyp5_19,373,reflexive,gp,lingering,demo_rev_query_reg_raw_assertion,rev,reg,raw,assertion,0.9315316081047058,0.06846839189529419,0,0.8740382194519043,b020e83dfe82d56c73316865794ef539299b47b703af0f5671ec3297e9703cff
amouyal:230,set_hyp5_20,374,reflexive,gp,simple,demo_rev_query_reg_raw_assertion,rev,reg,raw,assertion,0.9909781217575073,0.9909781217575073,1,0.9617792367935181,3becc5bc906e7ced7befc71a4fb3b14da183a71b6e7cbe67b6acd2991405cf65
amouyal:231,set_hyp5_20,375,reflexive,gp,lingering,demo_rev_query_reg_raw_assertion,rev,reg,raw,assertion,0.943830132484436,0.056169867515563965,0,0.8419163227081299,970d3ab1f3081b644821f5b778e811ae532606aa88457aeb045ced9e982997ce
amouyal:232,set_hyp5_21,376,reflexive,gp,simple,demo_rev_query_reg_raw_assertion,rev,reg,raw,assertion,0.9955373406410217,0.9955373406410217,1,0.9677426218986511,dea9f5365e9eba20236d54b92f5039106f5072a9a98538028fe0936d9c4ff294
amouyal:233,set_hyp5_21,377,reflexive,gp,lingering,demo_rev_query_reg_raw_assertion,rev,reg,raw,assertion,0.9679357409477234,0.03206425905227661,0,0.9041876196861267,45673adafc3b5de62d705617fe6a66560d513d3ad2fdc280e04c106539f9fc22
amouyal:234,set_hyp5_22,378,reflexive,gp,simple,demo_rev_query_reg_raw_assertion,rev,reg,raw,assertion,0.9951921105384827,0.9951921105384827,1,0.9487614631652832,0c9f8b0d7dfe942d73897b1963b5b4cc522e957f764708f488d30c1601a126bd
amouyal:235,set_hyp5_22,379,reflexive,gp,lingering,demo_rev_query_reg_raw_assertion,rev,reg,raw,assertion,0.8119626641273499,0.18803733587265015,0,0.7614264488220215,38ecaf69b5788fd86aa3750462c6d3d2f4c2182d49e88eaef9df7eaafe48237c
amouyal:236,set_hyp5_23,380,reflexive,gp,simple,demo_rev_query_reg_raw_assertion,rev,reg,raw,assertion,0.9970468878746033,0.9970468878746033,1,0.9584636688232422,a5f3eef9656aae9cf4310f57fe3a6acb2ca6b2625d3831fc62f4d6dea0418a80
amouyal:237,set_hyp5_23,381,reflexive,gp,lingering,demo_rev_query_reg_raw_assertion,rev,reg,raw,assertion,0.9901549220085144,0.009845077991485596,0,0.9142115712165833,f4ebf02e45989f6fc7f07e3de2410da9460ee90e85b3043b32cccfb6364c6454
amouyal:238,set_hyp5_24,382,reflexive,gp,simple,demo_rev_query_reg_raw_assertion,rev,reg,raw,assertion,0.9980326294898987,0.9980326294898987,1,0.9810595512390137,dfd65103f610b2002a6b6e5f2cbf29103b53fd7bf428a426dd3c7986f0e9126e
amouyal:239,set_hyp5_24,383,reflexive,gp,lingering,demo_rev_query_reg_raw_assertion,rev,reg,raw,assertion,0.9858264923095703,0.014173507690429688,0,0.9067369103431702,1ec4439d3586149b173c1367c379a68ce5e7bea42393e041147bf76e31387736
amouyal:240,set_1,384,prob,gp,simple,demo_rev_query_reg_raw_assertion,rev,reg,raw,assertion,0.994538426399231,0.994538426399231,1,0.9370821118354797,08f7de241bc158bcc0fd3c61ee09a089b75157a78d55657db7ce5f59fc39bdf3
amouyal:241,set_1,385,prob,gp,lingering,demo_rev_query_reg_raw_assertion,rev,reg,raw,assertion,0.8738260269165039,0.1261739730834961,0,0.7766391038894653,2a50ac9babc9716bdd137d8c9be241a711fdf97b0754c3bd9cc8910c3a3dc094
amouyal:242,set_1,388,prob,non_gp,simple,demo_rev_query_reg_raw_assertion,rev,reg,raw,assertion,0.999281108379364,0.999281108379364,1,0.978120744228363,3979ee31c40d6597b7c4c46870faea2c3abcc5e6d7aa42d45ac8ef65af78d2ea
amouyal:243,set_1,389,prob,non_gp,lingering,demo_rev_query_reg_raw_assertion,rev,reg,raw,assertion,0.8389223217964172,0.16107767820358276,0,0.7840625047683716,c21ff422efa063e42db6b21cb0ce4a3b08ef6cfa6b3ed250a960225e262cf9b6
amouyal:244,set_2,392,prob,gp,simple,demo_rev_query_reg_raw_assertion,rev,reg,raw,assertion,0.9963229298591614,0.9963229298591614,1,0.9552136659622192,96f21bb8d2a31a96e32f1768902c3387223b3e2714770503e12e0e9aa385db20
amouyal:245,set_2,393,prob,gp,lingering,demo_rev_query_reg_raw_assertion,rev,reg,raw,assertion,0.9899986386299133,0.01000136137008667,0,0.8897393941879272,9c649c68a03a01115ffc5a4cf4bc7ef4e9e20623a5b4c90c37daa12489fbc128
amouyal:246,set_2,396,prob,non_gp,simple,demo_rev_query_reg_raw_assertion,rev,reg,raw,assertion,0.999285101890564,0.999285101890564,1,0.9756695628166199,27441595b116e2b0e13c346ace3201eb4d4f52b32f5ad211e188684778d94f33
amouyal:247,set_2,397,prob,non_gp,lingering,demo_rev_query_reg_raw_assertion,rev,reg,raw,assertion,0.9947648644447327,0.005235135555267334,0,0.9080954790115356,1f73172f5f5f9f49e64ba4b711047f7584852b773542ec5efdd03b87cf7e1ab8
amouyal:248,set_3,400,prob,gp,simple,demo_rev_query_reg_raw_assertion,rev,reg,raw,assertion,0.9094434380531311,0.9094434380531311,1,0.8702964782714844,a1bc3bd33585f8ed56328c8208ca4ebae30bd7086d49db140a772f14fc0de5b2
amouyal:249,set_3,401,prob,gp,lingering,demo_rev_query_reg_raw_assertion,rev,reg,raw,assertion,0.9801681637763977,0.019831836223602295,0,0.8897948861122131,44166b76edceca6bd281ec8da515e0ef11948aea6ecbb90d1e59a71c31184df0
amouyal:250,set_3,404,prob,non_gp,simple,demo_rev_query_reg_raw_assertion,rev,reg,raw,assertion,0.9980377554893494,0.9980377554893494,1,0.9684239029884338,d3b82644525d54faef38fba86d745fac31f35ab4edc74d8b18dd6d91c9b23291
amouyal:251,set_3,405,prob,non_gp,lingering,demo_rev_query_reg_raw_assertion,rev,reg,raw,assertion,0.030500313267111778,0.9694996867328882,1,0.7956066131591797,1c113e8e30d5b947561c25df2f1dd1396f38b61924f3aea14d601a0e9ec570cd
amouyal:252,set_4,408,prob,gp,simple,demo_rev_query_reg_raw_assertion,rev,reg,raw,assertion,0.9917362332344055,0.9917362332344055,1,0.9598010778427124,15bbfdc1d08cb0762257bd709dc0cc29c9b193b7e012aa56d64da980abad61bb
amouyal:253,set_4,409,prob,gp,lingering,demo_rev_query_reg_raw_assertion,rev,reg,raw,assertion,0.9919472932815552,0.008052706718444824,0,0.9484150409698486,35bd64405dc113b1648294c6c31f1d0e0d2cb9a23fadec94d31143625539a123
amouyal:254,set_4,412,prob,non_gp,simple,demo_rev_query_reg_raw_assertion,rev,reg,raw,assertion,0.9975336194038391,0.9975336194038391,1,0.9782150983810425,6a7830a766640eb1f2c47e4862127da5bc7b2956c7b31265d60ade549dac1160
amouyal:255,set_4,413,prob,non_gp,lingering,demo_rev_query_reg_raw_assertion,rev,reg,raw,assertion,0.9834114909172058,0.01658850908279419,0,0.9400777220726013,e94c204cbc9c961c7a36319e824dba00a9956fb8e2c2c53db6e1bfbb2333629a
amouyal:256,set_5,416,prob,gp,simple,demo_rev_query_reg_raw_assertion,rev,reg,raw,assertion,0.9831777215003967,0.9831777215003967,1,0.9305313229560852,7ada5d5f889a5d6bef0f9afc429608ccb1e9e8865ef53aedf7a099dba6b23a56
amouyal:257,set_5,417,prob,gp,lingering,demo_rev_query_reg_raw_assertion,rev,reg,raw,assertion,0.8821640014648438,0.11783599853515625,0,0.8573492169380188,15a37fa5c3124bb44c532d1f686b96fb6511ad791920e7591ee810f92d35ada7
amouyal:258,set_5,420,prob,non_gp,simple,demo_rev_query_reg_raw_assertion,rev,reg,raw,assertion,0.9989690780639648,0.9989690780639648,1,0.981496274471283,c2bafcd167c2ed1b06f85b6bb0c705bab8e83db9758c8bc7852153cfe880eba2
amouyal:259,set_5,421,prob,non_gp,lingering,demo_rev_query_reg_raw_assertion,rev,reg,raw,assertion,0.9854371547698975,0.014562845230102539,0,0.9390950202941895,7015a3ab138cfe18659836ef3fff52178302d048a25e76f9d3c8cb4c22c6634f
amouyal:260,set_6,424,prob,gp,simple,demo_rev_query_reg_raw_assertion,rev,reg,raw,assertion,0.9862619042396545,0.9862619042396545,1,0.9091396927833557,2dcb4e7d27032477798b3c2375faef1438abc010c83719ee6283b08173aa6c03
amouyal:261,set_6,425,prob,gp,lingering,demo_rev_query_reg_raw_assertion,rev,reg,raw,assertion,0.9893171787261963,0.010682821273803711,0,0.8882394433021545,cd03e903fd44bfe4ddcc65bc086c5bb0c8f4f58efea8179f97f71b3a3485f350
amouyal:262,set_6,428,prob,non_gp,simple,demo_rev_query_reg_raw_assertion,rev,reg,raw,assertion,0.9995731115341187,0.9995731115341187,1,0.9791622757911682,0cfba33ba3c621ec1402e2438e8fb78e01cab92d2f09b093dbe8bed67a851490
amouyal:263,set_6,429,prob,non_gp,lingering,demo_rev_query_reg_raw_assertion,rev,reg,raw,assertion,0.9631416201591492,0.03685837984085083,0,0.8684252500534058,665c3f6906438e7d4f399aa4529246bd864466787083dda7d04b6042adbf270b
amouyal:264,set_7,432,prob,gp,simple,demo_rev_query_reg_raw_assertion,rev,reg,raw,assertion,0.9525629281997681,0.9525629281997681,1,0.8594105243682861,1d277ef1d300326843e48da557d1aa9774b44001545cb0b1679836b65b0ce3a2
amouyal:265,set_7,433,prob,gp,lingering,demo_rev_query_reg_raw_assertion,rev,reg,raw,assertion,0.9875950217247009,0.012404978275299072,0,0.9089463949203491,b7af93f551080070642ec5fb85402e1474cdf12a92ca20d13a58ac9769237990
amouyal:266,set_7,436,prob,non_gp,simple,demo_rev_query_reg_raw_assertion,rev,reg,raw,assertion,0.9979431629180908,0.9979431629180908,1,0.9651487469673157,6353594b88769db80b49cda7d11f19b5650a1eee63386b0b5294a6574909cd39
amouyal:267,set_7,437,prob,non_gp,lingering,demo_rev_query_reg_raw_assertion,rev,reg,raw,assertion,0.9813986420631409,0.01860135793685913,0,0.905878484249115,549692d3df978b00c7c5e3657d83137f34939dab8fd549794cc52f29af3d2c07
amouyal:268,set_8,440,prob,gp,simple,demo_rev_query_reg_raw_assertion,rev,reg,raw,assertion,0.9981685876846313,0.9981685876846313,1,0.969106137752533,ed5223d5c2a748e5cd1d25e2526d1d6a34785deef1781754a90fb4a134e783c7
amouyal:269,set_8,441,prob,gp,lingering,demo_rev_query_reg_raw_assertion,rev,reg,raw,assertion,0.9706118702888489,0.029388129711151123,0,0.8907239437103271,b59c297af6e1075d05e6556766f8041e326f97e44ebfdb63409c1b63f6a6a945
amouyal:270,set_8,444,prob,non_gp,simple,demo_rev_query_reg_raw_assertion,rev,reg,raw,assertion,0.9995191097259521,0.9995191097259521,1,0.9804745316505432,b2e97d4c1581ec1f0f77b2639ba957474f7b72ae0408583d478d3482f14425f8
amouyal:271,set_8,445,prob,non_gp,lingering,demo_rev_query_reg_raw_assertion,rev,reg,raw,assertion,0.9524022340774536,0.04759776592254639,0,0.8727107048034668,c23d61aa4274df48fe9ee2db99f9af476c81a3c2efb20cd8a4205ac38a7c36b8
amouyal:272,set_9,448,prob,gp,simple,demo_rev_query_reg_raw_assertion,rev,reg,raw,assertion,0.9936851859092712,0.9936851859092712,1,0.9662442207336426,d27181252f0bb6995312b469d747a1b6477fb931642d6203b6e5b7792e17e596
amouyal:273,set_9,449,prob,gp,lingering,demo_rev_query_reg_raw_assertion,rev,reg,raw,assertion,0.9870092272758484,0.012990772724151611,0,0.9242193102836609,2b5cdbe30f0553f209b9b99cb297675e6a2f6a898489b57a9f0fe18fbf367761
amouyal:274,set_9,452,prob,non_gp,simple,demo_rev_query_reg_raw_assertion,rev,reg,raw,assertion,0.9987876415252686,0.9987876415252686,1,0.9852574467658997,6a196ec59e245b84ae678008bf449943e3688d5b750e0bf8fe22285481ed229d
amouyal:275,set_9,453,prob,non_gp,lingering,demo_rev_query_reg_raw_assertion,rev,reg,raw,assertion,0.997047483921051,0.0029525160789489746,0,0.9640098214149475,21653609f9a1f9747d6616f66d12df2efcb69cb46ad4c082beba5730cc748f92
amouyal:0,set_10,0,prob,gp,simple,demo_rev_query_reg_chat_none,rev,reg,chat,none,0.9980720281600952,0.9980720281600952,1,0.9987936615943909,6bc75241bb188d04e465bf4a8b0756d922e1515069f4349ad138c42125d200f7
amouyal:1,set_10,1,prob,gp,lingering,demo_rev_query_reg_chat_none,rev,reg,chat,none,0.9971669316291809,0.002833068370819092,0,0.9979933500289917,0ec2d95fd2d75d5dc5765204b8639b586e7bdf0a8ae26fa1c55ed807ed48b020
amouyal:2,set_10,4,prob,non_gp,simple,demo_rev_query_reg_chat_none,rev,reg,chat,none,0.999690055847168,0.999690055847168,1,0.9986788034439087,3deaaf861cf303206bfcaa3a76a6f7ff454c8e62fbd8fd2583202dd6fd30123e
amouyal:3,set_10,5,prob,non_gp,lingering,demo_rev_query_reg_chat_none,rev,reg,chat,none,0.9999637007713318,3.629922866821289e-05,0,0.9969280958175659,adab1aa045f8a27154ec8463bdd5495bb3165cd0015178ca7b13c1a595977c84
amouyal:4,set_11,8,prob,gp,simple,demo_rev_query_reg_chat_none,rev,reg,chat,none,0.9997795224189758,0.9997795224189758,1,0.9984846711158752,d3074833fa92ce9452fae6bed76b20b7f5c22557b13db99b8bf0ea17e5beaa75
amouyal:5,set_11,9,prob,gp,lingering,demo_rev_query_reg_chat_none,rev,reg,chat,none,0.9989984035491943,0.001001596450805664,0,0.9986041188240051,202415c829081a7478e51bc27b5dd8d94de8f6125ae5aea13fa69752382f4d3d
amouyal:6,set_11,12,prob,non_gp,simple,demo_rev_query_reg_chat_none,rev,reg,chat,none,0.999953031539917,0.999953031539917,1,0.9984145164489746,ffca81f9f77d3cd551034a7c767311674b47b1d859c2f644a03fd729c73561f5
amouyal:7,set_11,13,prob,non_gp,lingering,demo_rev_query_reg_chat_none,rev,reg,chat,none,0.9999435544013977,5.644559860229492e-05,0,0.9969199895858765,7aa7c4f13380cbe8e38bcadc927c35998c67fef6de8bd4ec2f6af006acbd4dac
amouyal:8,set_12,16,prob,gp,simple,demo_rev_query_reg_chat_none,rev,reg,chat,none,0.10973210632801056,0.10973210632801056,0,0.9990155100822449,e7381b063bd82d929f1650684d511ffed082054b4de66a313b0d007933aa1fd1
amouyal:9,set_12,17,prob,gp,lingering,demo_rev_query_reg_chat_none,rev,reg,chat,none,0.9994415044784546,0.0005584955215454102,0,0.9980857968330383,e0018d33368ac720c431b5afa7780818d81201bb80993c917ae0d06dc1d6e6e3
amouyal:10,set_12,20,prob,non_gp,simple,demo_rev_query_reg_chat_none,rev,reg,chat,none,0.9999958276748657,0.9999958276748657,1,0.9991024732589722,705faa353291efadb149fefe706b55e7cd341b3a7c8587b509e2002b35706ea8
amouyal:11,set_12,21,prob,non_gp,lingering,demo_rev_query_reg_chat_none,rev,reg,chat,none,0.9999074339866638,9.256601333618164e-05,0,0.9966115355491638,587d50d8c2e9741603a80d2eb1ed6c84eb14855e2edf07437c01d374de363173
amouyal:12,set_13,24,prob,gp,simple,demo_rev_query_reg_chat_none,rev,reg,chat,none,0.9995784759521484,0.9995784759521484,1,0.9990383982658386,358c177c9d500aebfbb5e0b80306a846fe21258bdcd7a4772f192796e702acd4
amouyal:13,set_13,25,prob,gp,lingering,demo_rev_query_reg_chat_none,rev,reg,chat,none,0.7656357288360596,0.23436427116394043,0,0.9965753555297852,1b22e68d3cc8ffd6c86c1339377f426eee52ccb14777f2412196544e160812c8
amouyal:14,set_13,28,prob,non_gp,simple,demo_rev_query_reg_chat_none,rev,reg,chat,none,0.999995231628418,0.999995231628418,1,0.9991037845611572,882dfc25a452aad8f078ead50b51d8fe35641c3ef5d0989c72d1f44731d10336
amouyal:15,set_13,29,prob,non_gp,lingering,demo_rev_query_reg_chat_none,rev,reg,chat,none,0.9999104738235474,8.952617645263672e-05,0,0.9979349970817566,f55dd14e95ac7877bd4fe0c05b0d5a1dc1034b0702d8877814a30b9784eaedc4
amouyal:16,set_14,32,prob,gp,simple,demo_rev_query_reg_chat_none,rev,reg,chat,none,0.9842925071716309,0.9842925071716309,1,0.9978184103965759,bdee4ffc7958ac9ed6c74d17f227c468816fc330161fcc8646da2be6138cf410
amouyal:17,set_14,33,prob,gp,lingering,demo_rev_query_reg_chat_none,rev,reg,chat,none,0.9902167320251465,0.009783267974853516,0,0.9974528551101685,09f37f5fc1a9a427bb66e61f7478ade271728cbeb22e8b2cd0a297bbc4b61f65
amouyal:18,set_14,36,prob,non_gp,simple,demo_rev_query_reg_chat_none,rev,reg,chat,none,0.9987988471984863,0.9987988471984863,1,0.9984195828437805,1b0b6a3a07abc379e4c6c0b617bf3ccd384255a9b6ac27de285ec75f099ee0bb
amouyal:19,set_14,37,prob,non_gp,lingering,demo_rev_query_reg_chat_none,rev,reg,chat,none,0.1888565570116043,0.8111434429883957,1,0.9849853515625,68bac8a6fc0fc5ddfea340e47b26f240ce67050fef567a4744852cc57c1aeda2
amouyal:20,set_15,40,prob,gp,simple,demo_rev_query_reg_chat_none,rev,reg,chat,none,0.9999608397483826,0.9999608397483826,1,0.9993082880973816,84c46422b5ce0b9b64fe39d95bfbd124f4b8ab21d4b714276210bfa7511b2bd5
amouyal:21,set_15,41,prob,gp,lingering,demo_rev_query_reg_chat_none,rev,reg,chat,none,0.9994152188301086,0.0005847811698913574,0,0.998092770576477,062ad90e7c3c6c2110d1ec1b5f2d08ed95568ec1bef56e6a864c991643c478d3
amouyal:22,set_15,44,prob,non_gp,simple,demo_rev_query_reg_chat_none,rev,reg,chat,none,0.9999944567680359,0.9999944567680359,1,0.999444305896759,505f2135a97c95f41bffa54e4737858ba0ee854eb03cec97c01d51d69eccf272
amouyal:23,set_15,45,prob,non_gp,lingering,demo_rev_query_reg_chat_none,rev,reg,chat,none,0.9999926686286926,7.331371307373047e-06,0,0.9985378980636597,8a0b05f51284d0e60dfd946bbaf263969d7cd2451256a04aaa60e18e12a9338b
amouyal:24,set_16,48,prob,gp,simple,demo_rev_query_reg_chat_none,rev,reg,chat,none,0.9996860027313232,0.9996860027313232,1,0.998480498790741,59e6555c70c80d888ddf4a0080290329e1e9ccdadc6aadabd126e81bbbd8266e
amouyal:25,set_16,49,prob,gp,lingering,demo_rev_query_reg_chat_none,rev,reg,chat,none,0.9984756112098694,0.0015243887901306152,0,0.9979887008666992,fc492c2f00f3a7df32f3d7f8ebd24b0ff4446e19e1f36604068963ed5200d3fb
amouyal:26,set_16,52,prob,non_gp,simple,demo_rev_query_reg_chat_none,rev,reg,chat,none,0.9999876618385315,0.9999876618385315,1,0.9985502362251282,c99fd7a9b0eeb67b23080427ac7bc4871ef594d63cd95fdb15463914e73596a2
amouyal:27,set_16,53,prob,non_gp,lingering,demo_rev_query_reg_chat_none,rev,reg,chat,none,0.9998992681503296,0.00010073184967041016,0,0.9958739876747131,2fdd5e8c8e7f889a8f927bfd65632fcaa8d12ebd59ed5a36f5e59c7174f73400
amouyal:28,set_17,56,prob,gp,simple,demo_rev_query_reg_chat_none,rev,reg,chat,none,0.9992202520370483,0.9992202520370483,1,0.9982445240020752,91f5660c5121589bd8579eec973e80c4105420a756acdbf9068baa42183eeaef
amouyal:29,set_17,57,prob,gp,lingering,demo_rev_query_reg_chat_none,rev,reg,chat,none,0.9921401739120483,0.00785982608795166,0,0.9969214200973511,7c96632ef0c05ada2ac29edcdd0b0d6df1d00b144f200efe9650c563a564d1a2
amouyal:30,set_17,60,prob,non_gp,simple,demo_rev_query_reg_chat_none,rev,reg,chat,none,0.9999936819076538,0.9999936819076538,1,0.998939573764801,8a0a4c622e1f7142441db68d7d55831fc7735c9f66116160294d64d000fe73d5
amouyal:31,set_17,61,prob,non_gp,lingering,demo_rev_query_reg_chat_none,rev,reg,chat,none,0.0015922612510621548,0.9984077387489378,1,0.9977789521217346,f8bf3363896f402b65ddb68aaaa690585c460925152c262dafab18536ad64e30
amouyal:32,set_18,64,prob,gp,simple,demo_rev_query_reg_chat_none,rev,reg,chat,none,0.9999013543128967,0.9999013543128967,1,0.9993736743927002,cb46afa98b67a0e5317e1e379321f8ccdc9c3bf03a0b230f8604107e8eb2a118
amouyal:33,set_18,65,prob,gp,lingering,demo_rev_query_reg_chat_none,rev,reg,chat,none,0.18690034747123718,0.8130996525287628,1,0.9968942403793335,bf0a763fa7abe99400f85134a9a58d6048ec5528e528972fc6cdd63439453429
amouyal:34,set_18,68,prob,non_gp,simple,demo_rev_query_reg_chat_none,rev,reg,chat,none,0.9999886751174927,0.9999886751174927,1,0.9990969300270081,a0073560c614a7c094bbfa89da9f2c81d3cf886e1ecddfd64b5d725b6499ea73
amouyal:35,set_18,69,prob,non_gp,lingering,demo_rev_query_reg_chat_none,rev,reg,chat,none,1.2408287730636403e-09,0.9999999987591712,1,0.998916506767273,eec232d3ddcea112e14d3101a6922e9353fa4f27f32b57a5d5d79d14dbf83d25
amouyal:36,set_19,72,prob,gp,simple,demo_rev_query_reg_chat_none,rev,reg,chat,none,0.9999595880508423,0.9999595880508423,1,0.9990910291671753,3dcc6afd7d6cf0909d96a9f6d5ec1dce58dc4856a46d2f644d541c021aecb25c
amouyal:37,set_19,73,prob,gp,lingering,demo_rev_query_reg_chat_none,rev,reg,chat,none,0.9957808256149292,0.004219174385070801,0,0.9969810843467712,b6ce15916bbc8275aa4a879025716fbc6ebba2ed3eb60dbf4b5ee64003cb600d
amouyal:38,set_19,76,prob,non_gp,simple,demo_rev_query_reg_chat_none,rev,reg,chat,none,0.9999943971633911,0.9999943971633911,1,0.9993900060653687,c17eb1c39dc1e36c96077ca9e2b97683991c484778d09a5ff39c6d4f4bf2eaf0
amouyal:39,set_19,77,prob,non_gp,lingering,demo_rev_query_reg_chat_none,rev,reg,chat,none,0.999467134475708,0.0005328655242919922,0,0.9970165491104126,159abb6e936f8adc645f3515ebee761954eb68371d1f0e074a5e815399fbcc11
amouyal:40,set_20,80,prob,gp,simple,demo_rev_query_reg_chat_none,rev,reg,chat,none,0.9993056058883667,0.9993056058883667,1,0.9981845617294312,f5518196cc588d0a6a71f3602ad220ac6e7eb36f70f0a784603c7eac7d4aff4f
amouyal:41,set_20,81,prob,gp,lingering,demo_rev_query_reg_chat_none,rev,reg,chat,none,0.8664199709892273,0.1335800290107727,0,0.9972268342971802,b7138e852be5f3723cfc8045b9df10ee17f9ea13b9f50b0d0cc792278185c003
amouyal:42,set_20,84,prob,non_gp,simple,demo_rev_query_reg_chat_none,rev,reg,chat,none,0.9999784231185913,0.9999784231185913,1,0.9984889030456543,f170ca75193157f0640a111117f586dd2637e4ce7ea9e2fe91da6477a91fc935
amouyal:43,set_20,85,prob,non_gp,lingering,demo_rev_query_reg_chat_none,rev,reg,chat,none,4.610044470609864e-06,0.9999953899555294,1,0.9987764358520508,7dba9aa1dd2030e27459ef28d3d8c56f15eb3f9723401f6cc0fb2cd49e561c5c
amouyal:44,set_21,88,prob,gp,simple,demo_rev_query_reg_chat_none,rev,reg,chat,none,0.9990202188491821,0.9990202188491821,1,0.9986621737480164,2242f796fb96a888f5c5732379009626e9cb0240d94c4e463c06b6633ac09af9
amouyal:45,set_21,89,prob,gp,lingering,demo_rev_query_reg_chat_none,rev,reg,chat,none,0.04106183350086212,0.9589381664991379,1,0.9990904331207275,0a41f132f0a4ab32a0854fbaa8b0f6f541822b326ce92fe7e34480c3ab4240e3
amouyal:46,set_21,92,prob,non_gp,simple,demo_rev_query_reg_chat_none,rev,reg,chat,none,0.9999987483024597,0.9999987483024597,1,0.9990531206130981,f76bd5784a33cd1ed87c8f921657aaeffd995ad67d007d1ef740088c7875931d
amouyal:47,set_21,93,prob,non_gp,lingering,demo_rev_query_reg_chat_none,rev,reg,chat,none,0.9940268397331238,0.005973160266876221,0,0.9956056475639343,d777c7c6716b076c3f798566067918fa65ebef049a43bd9583c9a3ccdd20d003
amouyal:48,set_22,96,prob,gp,simple,demo_rev_query_reg_chat_none,rev,reg,chat,none,0.9999814033508301,0.9999814033508301,1,0.9980250597000122,b5e0f4fc1476519e4ff620b37836c5d16c283b27f8364e0fafcd09be0fd5db46
amouyal:49,set_22,97,prob,gp,lingering,demo_rev_query_reg_chat_none,rev,reg,chat,none,0.9989330172538757,0.0010669827461242676,0,0.9977602958679199,2fa25d51e0f370d0bdfd0604b9acbf481697d912d64aa744aade56c6676994b0
amouyal:50,set_22,100,prob,non_gp,simple,demo_rev_query_reg_chat_none,rev,reg,chat,none,0.9999561905860901,0.9999561905860901,1,0.9968865513801575,423c4cb7f15150b11f208041286c532b9d0b9bc318fb0a3a4f1648daba6f4658
amouyal:51,set_22,101,prob,non_gp,lingering,demo_rev_query_reg_chat_none,rev,reg,chat,none,0.00014513863425236195,0.9998548613657476,1,0.9996739029884338,8b8541c4da7e4e92faae6526d41c0fc452904d18f4621405bd4f6bd99aa3b381
amouyal:52,set_23,104,prob,gp,simple,demo_rev_query_reg_chat_none,rev,reg,chat,none,0.9992495775222778,0.9992495775222778,1,0.9979502558708191,b674a44283601e87adb993311dafa421bc369b785e203c96e89ad4d668f19daa
amouyal:53,set_23,105,prob,gp,lingering,demo_rev_query_reg_chat_none,rev,reg,chat,none,0.9843804836273193,0.015619516372680664,0,0.9962601065635681,ffb147940a6005901be71311b5db63d34140bf3174802d31b0f0d4128248f200
amouyal:54,set_23,108,prob,non_gp,simple,demo_rev_query_reg_chat_none,rev,reg,chat,none,0.9999933838844299,0.9999933838844299,1,0.9986732602119446,19e0304cf3ae4eed7ef754301303d8630dd982e1e280770580a07f8b474ddd4c
amouyal:55,set_23,109,prob,non_gp,lingering,demo_rev_query_reg_chat_none,rev,reg,chat,none,0.9999923706054688,7.62939453125e-06,0,0.9982050657272339,23ed522da8b49d0e0739feb02ac5bdcd448ba9fb86c6b4c940e5fc4b177117bd
amouyal:56,set_24,112,prob,gp,simple,demo_rev_query_reg_chat_none,rev,reg,chat,none,0.9966360926628113,0.9966360926628113,1,0.9985272288322449,1216dc305811e48b681a017a2816cfe1c7f40cc950bbc9e2e2c8c992a3d18b77
amouyal:57,set_24,113,prob,gp,lingering,demo_rev_query_reg_chat_none,rev,reg,chat,none,0.9212178587913513,0.07878214120864868,0,0.9972915649414062,d9c071027ea65fd83647204cea43f46160a98beb571f97c4be223e191172fb0a
amouyal:58,set_24,116,prob,non_gp,simple,demo_rev_query_reg_chat_none,rev,reg,chat,none,0.999916672706604,0.999916672706604,1,0.9978365302085876,e8640f44fd867ad1e1604580677eec42a9616594bde898bf39945823b978a96a
amouyal:59,set_24,117,prob,non_gp,lingering,demo_rev_query_reg_chat_none,rev,reg,chat,none,6.9016064117022324e-06,0.9999930983935883,1,0.9994736313819885,b6a9a1026397c7fe878dfe418f258ba5979b053683a053ff35729ba0eaa947f1
amouyal:60,set_25,120,prob,gp,simple,demo_rev_query_reg_chat_none,rev,reg,chat,none,0.9999443888664246,0.9999443888664246,1,0.9984632730484009,9a4c2483eb0d224865703f59d29016467d8aceddb005f0da985f86cc18f8970f
amouyal:61,set_25,121,prob,gp,lingering,demo_rev_query_reg_chat_none,rev,reg,chat,none,0.99897301197052,0.0010269880294799805,0,0.9975590109825134,dc36976ab9d7459ba426012004e201bcc568e7097db4c745d03275a833aa5fe3
amouyal:62,set_25,124,prob,non_gp,simple,demo_rev_query_reg_chat_none,rev,reg,chat,none,0.9999763369560242,0.9999763369560242,1,0.9987459182739258,bc5706f55fa4ea197435f260065ae5205f29fe21aa3f366af67008f5809feb10
amouyal:63,set_25,125,prob,non_gp,lingering,demo_rev_query_reg_chat_none,rev,reg,chat,none,0.9998480677604675,0.0001519322395324707,0,0.9974889755249023,06ba6aa76911167b9b60866d6e952fedba25b20dbd45578013c15d08fc4aaad7
amouyal:64,set_26,128,prob,gp,simple,demo_rev_query_reg_chat_none,rev,reg,chat,none,0.9979099631309509,0.9979099631309509,1,0.9975101351737976,57b54c32ecc248fb516a6a6638a4854b7de093418120b84fa8a0386c5120182f
amouyal:65,set_26,129,prob,gp,lingering,demo_rev_query_reg_chat_none,rev,reg,chat,none,9.335438517155126e-05,0.9999066456148284,1,0.997816801071167,2c94c65e3da72edbe71e01c8c28dce5505c2c72c636383d87dd36e6fe4b0445d
amouyal:66,set_26,132,prob,non_gp,simple,demo_rev_query_reg_chat_none,rev,reg,chat,none,0.9999850392341614,0.9999850392341614,1,0.9979648590087891,8b6c2d02d781f293ffc2882fc4e71dff36f8cf1ace3aaaa23a9c4f4e5589887b
amouyal:67,set_26,133,prob,non_gp,lingering,demo_rev_query_reg_chat_none,rev,reg,chat,none,3.4397043546796624e-10,0.9999999996560296,1,0.9991042017936707,af2a1c956af74eb1b0f95fedc3a61e4c97338ba7942d76bc718d34801c0b78d9
amouyal:68,set_27,136,prob,gp,simple,demo_rev_query_reg_chat_none,rev,reg,chat,none,0.9999721050262451,0.9999721050262451,1,0.9991090297698975,51d3b7ef09616b9c79978657f4fd688d746e8594786d9c561f5679d1e1b607ed
amouyal:69,set_27,137,prob,gp,lingering,demo_rev_query_reg_chat_none,rev,reg,chat,none,0.9997168779373169,0.00028312206268310547,0,0.9988842606544495,83dd4994e73512097f3f35af501863f45b9ec5a0eb365fd29b7a9515b02a1101
amouyal:70,set_27,140,prob,non_gp,simple,demo_rev_query_reg_chat_none,rev,reg,chat,none,0.9999827146530151,0.9999827146530151,1,0.9986159801483154,84644c48ac4ecdc9231166061abab43171f939f206789a0f78089be44ffd7ee2
amouyal:71,set_27,141,prob,non_gp,lingering,demo_rev_query_reg_chat_none,rev,reg,chat,none,0.9970517158508301,0.002948284149169922,0,0.9982606172561646,1d7f0f0d6477a85669f7f7d10b959288644eab5fc757441876657c8c15706abf
amouyal:72,set_28,144,prob,gp,simple,demo_rev_query_reg_chat_none,rev,reg,chat,none,0.9992033839225769,0.9992033839225769,1,0.9977313280105591,5724e60a580358058c86c256c8c59b6ffb437be4c09bcf3d798cd6e5d5ca5116
amouyal:73,set_28,145,prob,gp,lingering,demo_rev_query_reg_chat_none,rev,reg,chat,none,0.2543218731880188,0.7456781268119812,1,0.9966278076171875,0c2bd21fc0642b41df68bf19a1475f20cb35de9f900d2ff08bb03a363dbff4c4
amouyal:74,set_28,148,prob,non_gp,simple,demo_rev_query_reg_chat_none,rev,reg,chat,none,0.999981701374054,0.999981701374054,1,0.9982973337173462,2baacc2994cefc917c6b4593981e784822c0399a61c94cd77bc079a4b5d6e83b
amouyal:75,set_28,149,prob,non_gp,lingering,demo_rev_query_reg_chat_none,rev,reg,chat,none,0.33997613191604614,0.6600238680839539,1,0.9955332279205322,71759e2e07a48e58b3aea83e112b70c8a562027a14cc14b6a49dee132496dcad
amouyal:76,set_29,152,prob,gp,simple,demo_rev_query_reg_chat_none,rev,reg,chat,none,0.9998387098312378,0.9998387098312378,1,0.9992053508758545,04b6e31fc281e2be3e079e6ef8d8920258f094eb6d1d0067742bc6eaebdb585a
amouyal:77,set_29,153,prob,gp,lingering,demo_rev_query_reg_chat_none,rev,reg,chat,none,0.9967962503433228,0.003203749656677246,0,0.9967092871665955,a2577b062271acfc1f0ea5fcff6da7433fdc6412dc28abb2c37c8d77728de4fd
amouyal:78,set_29,156,prob,non_gp,simple,demo_rev_query_reg_chat_none,rev,reg,chat,none,0.9999668002128601,0.9999668002128601,1,0.9989136457443237,8b3050a47a639a800886603376e3b0e1d2e236dd652e7f6a2478408d4c83d882
amouyal:79,set_29,157,prob,non_gp,lingering,demo_rev_query_reg_chat_none,rev,reg,chat,none,0.9576383829116821,0.04236161708831787,0,0.9919807314872742,6022c94e6828377c2368a57ce503da60e88eeceea21e42bd42890b06247d7c23
amouyal:80,set_30,160,prob,gp,simple,demo_rev_query_reg_chat_none,rev,reg,chat,none,0.999965250492096,0.999965250492096,1,0.9984014630317688,5013f1fa895ec3990cf2f0e8f164d549555c2bd1a105c928eb35bdff24750752
amouyal:81,set_30,161,prob,gp,lingering,demo_rev_query_reg_chat_none,rev,reg,chat,none,0.9996906518936157,0.00030934810638427734,0,0.9970097541809082,fd9b7ee11a81380ae0f4db2c5c3d7fb048fe6ba5a66b27a724118fe416371758
amouyal:82,set_30,164,prob,non_gp,simple,demo_rev_query_reg_chat_none,rev,reg,chat,none,0.9999826550483704,0.9999826550483704,1,0.998562216758728,bddd90257875aac43aad8b4dc9c9c3750519e6a49363e3a1e3901fa117806a6e
amouyal:83,set_30,165,prob,non_gp,lingering,demo_rev_query_reg_chat_none,rev,reg,chat,none,0.9997993111610413,0.00020068883895874023,0,0.9963935613632202,6b3163ae099a2c0e98037f29991d5dcc26c4f0afa6a734e13a49438205d5e094
amouyal:84,set_31,168,prob,gp,simple,demo_rev_query_reg_chat_none,rev,reg,chat,none,0.9997678399085999,0.9997678399085999,1,0.9985658526420593,c91fd1a2e4b5e651badee7f55c44ad4a898cdc29f4602eb3780ca97f179b7222
amouyal:85,set_31,169,prob,gp,lingering,demo_rev_query_reg_chat_none,rev,reg,chat,none,0.8592272400856018,0.1407727599143982,0,0.9986988306045532,a303c10ecba19ed83b1d6c8610a6cc6c445fe56e7537dc6a78c7fb45cac913fc
amouyal:86,set_31,172,prob,non_gp,simple,demo_rev_query_reg_chat_none,rev,reg,chat,none,0.9999927282333374,0.9999927282333374,1,0.9989258646965027,1380356c8bda6473aad3ceded953ade7394ade0446aa3cea9412cb727ec73f0c
amouyal:87,set_31,173,prob,non_gp,lingering,demo_rev_query_reg_chat_none,rev,reg,chat,none,0.995689868927002,0.004310131072998047,0,0.9988604187965393,3b49cd9c9624d8e4ea8484312ae656b9b9d20b78fd1695531bd7dac4a78c8385
amouyal:88,set_32,176,prob,gp,simple,demo_rev_query_reg_chat_none,rev,reg,chat,none,0.9973558187484741,0.9973558187484741,1,0.9970329999923706,af7a63501f500bd00be7341e4ed582e48924b41050dce8bef9ca9e14ea9f0037
amouyal:89,set_32,177,prob,gp,lingering,demo_rev_query_reg_chat_none,rev,reg,chat,none,0.7356699705123901,0.26433002948760986,0,0.9960962533950806,9eb3e90b1b09dfee67d9a01a78d18c19363fb00a3d743915c691e8312059799f
amouyal:90,set_32,180,prob,non_gp,simple,demo_rev_query_reg_chat_none,rev,reg,chat,none,0.9999937415122986,0.9999937415122986,1,0.9987860918045044,e924990df92e29f62e3ab26af49279a9186083895a9a3b39dead8b056dd5d4df
amouyal:91,set_32,181,prob,non_gp,lingering,demo_rev_query_reg_chat_none,rev,reg,chat,none,6.349448744558117e-10,0.9999999993650551,1,0.9993827939033508,91430398c5fd5616e239e38c82c3c7d627ae5d7b6cd94b483a83e51392f98707
amouyal:92,set_33,184,prob,gp,simple,demo_rev_query_reg_chat_none,rev,reg,chat,none,0.9998013377189636,0.9998013377189636,1,0.9993360638618469,61836dddd3cbe0d8349bc1d250eb53b3c1dfc552c7eedea9cca62b531611cf7f
amouyal:93,set_33,185,prob,gp,lingering,demo_rev_query_reg_chat_none,rev,reg,chat,none,0.9982596635818481,0.0017403364181518555,0,0.9986447095870972,fc2a4ac44b94df17c60dfb8c988df2213eac4db0d8aba3c10451ae1bfd00ec70
amouyal:94,set_33,188,prob,non_gp,simple,demo_rev_query_reg_chat_none,rev,reg,chat,none,0.9999784827232361,0.9999784827232361,1,0.9988261461257935,7074e41a41a40caa6dd20fa48a2ff5f2368badf25b141883cba649a4ec3b80ce
amouyal:95,set_33,189,prob,non_gp,lingering,demo_rev_query_reg_chat_none,rev,reg,chat,none,0.9999809861183167,1.901388168334961e-05,0,0.9983148574829102,ec509c718203ef1153bf2e1f3f3818bc79499c3229b8223c2868a0d12e4c0c51
amouyal:96,set_34,192,prob,gp,simple,demo_rev_query_reg_chat_none,rev,reg,chat,none,0.9996163249015808,0.9996163249015808,1,0.997374951839447,22ebeaf1866fa2ac9a9555c28beac98c83eff82c6a64f1e64270e57542fc1caf
amouyal:97,set_34,193,prob,gp,lingering,demo_rev_query_reg_chat_none,rev,reg,chat,none,0.919805109500885,0.08019489049911499,0,0.9983566403388977,65dc110f43e96d3651e4fd7f78d05e382f3ce74cd39b5df81d845da03815188e
amouyal:98,set_34,196,prob,non_gp,simple,demo_rev_query_reg_chat_none,rev,reg,chat,none,0.9999920129776001,0.9999920129776001,1,0.9987711310386658,808255d8dc30240bbe58758d42c246f47d58c0582ff7446373602b94d68837b7
amouyal:99,set_34,197,prob,non_gp,lingering,demo_rev_query_reg_chat_none,rev,reg,chat,none,0.5117507576942444,0.4882492423057556,0,0.9974374175071716,0c5c5eadbb23f01cb1532c36a726539b00e58cd69e66abbb570591ad4204e4d2
amouyal:100,set_35,200,prob,gp,simple,demo_rev_query_reg_chat_none,rev,reg,chat,none,0.9995484948158264,0.9995484948158264,1,0.9987779855728149,0e9f72e17449218218e95c887669e637c26db1a056a5e297aa3730349d50e5df
amouyal:101,set_35,201,prob,gp,lingering,demo_rev_query_reg_chat_none,rev,reg,chat,none,0.5285199880599976,0.47148001194000244,0,0.9945046901702881,93b0fec5c98220116cc46e1c7df71057ec77e2f030eb83ae6fa0703fdafbecea
amouyal:102,set_35,204,prob,non_gp,simple,demo_rev_query_reg_chat_none,rev,reg,chat,none,0.9999503493309021,0.9999503493309021,1,0.9990327954292297,9f4cded83e5b66b45783f5733fa05834ad3103bd2468c8e769290fb482929af8
amouyal:103,set_35,205,prob,non_gp,lingering,demo_rev_query_reg_chat_none,rev,reg,chat,none,0.9999848008155823,1.519918441772461e-05,0,0.9981803894042969,1806bdc826e4936232097c7cd0325c81e8457b7cead7b8d7846ed86a0ffb09cc
amouyal:104,set_36,208,prob,gp,simple,demo_rev_query_reg_chat_none,rev,reg,chat,none,0.9997860789299011,0.9997860789299011,1,0.9983185529708862,071c8966b9209469c5dca8eebcc37c4a626df3c9ecd295a969bf03640a4fe7af
amouyal:105,set_36,209,prob,gp,lingering,demo_rev_query_reg_chat_none,rev,reg,chat,none,0.9986848831176758,0.0013151168823242188,0,0.9984835386276245,8842a5ab282e4a75d3a4d839835a0500265799dd1247815c5c147d8d85c93521
amouyal:106,set_36,212,prob,non_gp,simple,demo_rev_query_reg_chat_none,rev,reg,chat,none,0.9999939799308777,0.9999939799308777,1,0.9982858300209045,57ce61cf7f0eef929f5b98a2342b0b2cb92809c46ca7d750323ee45593b418fc
amouyal:107,set_36,213,prob,non_gp,lingering,demo_rev_query_reg_chat_none,rev,reg,chat,none,0.9993605613708496,0.0006394386291503906,0,0.9991030693054199,84cc738af702c93066ee0522f9e3e6f53a4754da97f04af332537d995ed927a4
amouyal:108,set_37,216,prob,gp,simple,demo_rev_query_reg_chat_none,rev,reg,chat,none,0.7131437063217163,0.7131437063217163,1,0.9945023059844971,55801a94d97d011f707499ed4b25a0a40a303c8eae9a4a9e93a05e70609864ab
amouyal:109,set_37,217,prob,gp,lingering,demo_rev_query_reg_chat_none,rev,reg,chat,none,0.9834847450256348,0.016515254974365234,0,0.9976165890693665,73ac1d8465efabb177053a0474e8277f694c2f9ca85e6d1a4fcbaee511432c9e
amouyal:110,set_37,220,prob,non_gp,simple,demo_rev_query_reg_chat_none,rev,reg,chat,none,0.9998583793640137,0.9998583793640137,1,0.9981823563575745,c2bf42984320d3530216f09526875977e465ef2141687d8fd4360fb11545e44d
amouyal:111,set_37,221,prob,non_gp,lingering,demo_rev_query_reg_chat_none,rev,reg,chat,none,0.005646280478686094,0.9943537195213139,1,0.9983590841293335,16b4778ec6d0e445f8ccc494d2aca8523f85a170435989da8c90c80e9b178445
amouyal:112,set_38,224,prob,gp,simple,demo_rev_query_reg_chat_none,rev,reg,chat,none,0.9733332395553589,0.9733332395553589,1,0.9969839453697205,c04d24ac86176e872a911aea4f062d47268723b0600c799629efda858713483d
amouyal:113,set_38,225,prob,gp,lingering,demo_rev_query_reg_chat_none,rev,reg,chat,none,0.9890878200531006,0.010912179946899414,0,0.9981042146682739,18bb05eef5248dc12db88fc9642c553ba9ff00d33548ced7f1542bc1006027c6
amouyal:114,set_38,228,prob,non_gp,simple,demo_rev_query_reg_chat_none,rev,reg,chat,none,0.9996302127838135,0.9996302127838135,1,0.9981687068939209,09ef8ffe14e946d45f97d170b6884a00668d7d30df228cffdd67378c1431fb3f
amouyal:115,set_38,229,prob,non_gp,lingering,demo_rev_query_reg_chat_none,rev,reg,chat,none,0.9938124418258667,0.006187558174133301,0,0.9947026371955872,6e470ac449c39417a7a11b7e8329c25f9cb9fe5ae760249f2baf86896839767a
amouyal:116,set_39,232,prob,gp,simple,demo_rev_query_reg_chat_none,rev,reg,chat,none,0.9996107816696167,0.9996107816696167,1,0.9992316365242004,c1a9509b667cab78bbd341ed9fd4a9fe8f49b5721ed5b113c56d81656a4462bd
amouyal:117,set_39,233,prob,gp,lingering,demo_rev_query_reg_chat_none,rev,reg,chat,none,0.9948359131813049,0.005164086818695068,0,0.9984528422355652,5f9dfa12fd4001a27c2fe16201aca737203d2e1e66ea1edf466c0fd06a84f688
amouyal:118,set_39,236,prob,non_gp,simple,demo_rev_query_reg_chat_none,rev,reg,chat,none,0.999987781047821,0.999987781047821,1,0.9992837309837341,ef0ef6828886fe6a59709b750281868ba9e266b787bb235130e9c830b6a1036f
amouyal:119,set_39,237,prob,non_gp,lingering,demo_rev_query_reg_chat_none,rev,reg,chat,none,0.9998374581336975,0.00016254186630249023,0,0.9983450770378113,03ecf186e6776dee449ae712847d62a202fb28f4debe0bcfa604de151b179d36
amouyal:120,set_40,240,prob,gp,simple,demo_rev_query_reg_chat_none,rev,reg,chat,none,0.9508512616157532,0.9508512616157532,1,0.993954598903656,d46cc66c497d7f209523b596410a0894afed8be57e01f874c431c0b8752e70f4
amouyal:121,set_40,241,prob,gp,lingering,demo_rev_query_reg_chat_none,rev,reg,chat,none,0.9982726573944092,0.0017273426055908203,0,0.9955448508262634,128ac2e0a457495aede553b938a03f0e2ac4028d4f810989752a97e70227047d
amouyal:122,set_40,244,prob,non_gp,simple,demo_rev_query_reg_chat_none,rev,reg,chat,none,0.9997559189796448,0.9997559189796448,1,0.9965842366218567,15ade3aa4e0c04d4ba401a72104ea6a592b9b1572cba0eed6b1a7191e6b530bc
amouyal:123,set_40,245,prob,non_gp,lingering,demo_rev_query_reg_chat_none,rev,reg,chat,none,0.0065599181689321995,0.9934400818310678,1,0.9956710338592529,09a126f9ac37ba76acffa7bd287be676f6c58163f6bed406e283988c943b0cd8
amouyal:124,set_41,248,prob,gp,simple,demo_rev_query_reg_chat_none,rev,reg,chat,none,0.9996892809867859,0.9996892809867859,1,0.9988274574279785,b2e73bd5b915db9ba96ba19b73b9c4e6423373e8c3b336295001e7b81a6b2928
amouyal:125,set_41,249,prob,gp,lingering,demo_rev_query_reg_chat_none,rev,reg,chat,none,0.9055737853050232,0.0944262146949768,0,0.9944760799407959,d4122d553d7482d9572d235a624adfb5d07b5a699793f7b55cabb5dd2d30b495
amouyal:126,set_41,252,prob,non_gp,simple,demo_rev_query_reg_chat_none,rev,reg,chat,none,0.9999974966049194,0.9999974966049194,1,0.999177873134613,dbd30d327617701273845b1f7eca7ee716fb891073635d6313ddfa908db0bf38
amouyal:127,set_41,253,prob,non_gp,lingering,demo_rev_query_reg_chat_none,rev,reg,chat,none,0.9997872114181519,0.00021278858184814453,0,0.9970579147338867,cb9f363f68423a1f58042b59a7596902287613e7159f078085e16e6693147092
amouyal:128,set_42,256,prob,gp,simple,demo_rev_query_reg_chat_none,rev,reg,chat,none,0.999995231628418,0.999995231628418,1,0.9993189573287964,8008d048b68271f96d4c76a3e5e43dfb42786687d8491df8b95bf2783238ef4c
amouyal:129,set_42,257,prob,gp,lingering,demo_rev_query_reg_chat_none,rev,reg,chat,none,0.9999642968177795,3.5703182220458984e-05,0,0.9989206790924072,c713da9669a8465b9ce8cefbb572fdc8cba212dd642a8fc029a4a3ae704023dc
amouyal:130,set_42,260,prob,non_gp,simple,demo_rev_query_reg_chat_none,rev,reg,chat,none,0.9999973773956299,0.9999973773956299,1,0.999313235282898,c8c83206b0008d90673b11f027ab751c4deb4eaa34f875d38f375b7b62715024
amouyal:131,set_42,261,prob,non_gp,lingering,demo_rev_query_reg_chat_none,rev,reg,chat,none,0.9997475743293762,0.0002524256706237793,0,0.9986150860786438,902cb63567931592fdbf654b1b6fe5475747c13e9de1ead46de121d19bf509fe
amouyal:132,set_43,264,prob,gp,simple,demo_rev_query_reg_chat_none,rev,reg,chat,none,0.9997925162315369,0.9997925162315369,1,0.9987561702728271,211c5d19134d34b5d4a012ffcf773638617a84c009b46b30a416d0d32d973176
amouyal:133,set_43,265,prob,gp,lingering,demo_rev_query_reg_chat_none,rev,reg,chat,none,0.9996298551559448,0.0003701448440551758,0,0.9976312518119812,5bc61fe3995183dfe5cb1822260773aa5dcfa09a669f5f6040e31cccd1e5e72e
amouyal:134,set_43,268,prob,non_gp,simple,demo_rev_query_reg_chat_none,rev,reg,chat,none,0.9999895691871643,0.9999895691871643,1,0.9986008405685425,f1ec06258d6de75ef4d3761d5e7ced1a22a95ce0bc138ddc9424b3c4512bfef6
amouyal:135,set_43,269,prob,non_gp,lingering,demo_rev_query_reg_chat_none,rev,reg,chat,none,0.9999885559082031,1.1444091796875e-05,0,0.9958774447441101,2a5fd8824d9a710b08cf2c1443f49051b5e68ed8954eb909f1e67b3f117c9daa
amouyal:136,set_44,272,prob,gp,simple,demo_rev_query_reg_chat_none,rev,reg,chat,none,0.9899707436561584,0.9899707436561584,1,0.9974668025970459,0052f071e9b1a9fe44ba44b26626f7e4a15166d3a2a4310e119520e45e9fc964
amouyal:137,set_44,273,prob,gp,lingering,demo_rev_query_reg_chat_none,rev,reg,chat,none,0.9535735845565796,0.04642641544342041,0,0.996115505695343,f6ea03185b8a85501cf455403d6fe290a7cd53d9afbb121ef1309350db928912
amouyal:138,set_44,276,prob,non_gp,simple,demo_rev_query_reg_chat_none,rev,reg,chat,none,0.9970751404762268,0.9970751404762268,1,0.9986753463745117,5b5d4ae2063872def25e48be3bb00c17aa1f2a4a9f87b3e67582fe908d50f8e5
amouyal:139,set_44,277,prob,non_gp,lingering,demo_rev_query_reg_chat_none,rev,reg,chat,none,0.9948790669441223,0.0051209330558776855,0,0.9980591535568237,fcab7521ff3f22b1f6a3eb3d69713539b5dfdc51106c1ed66c54eded29cd3e30
amouyal:140,set_45,280,prob,gp,simple,demo_rev_query_reg_chat_none,rev,reg,chat,none,0.9953935742378235,0.9953935742378235,1,0.9981594085693359,31f29d45339f086705bd282c663db542728bf0cf60848d992070fdcb4277cf15
amouyal:141,set_45,281,prob,gp,lingering,demo_rev_query_reg_chat_none,rev,reg,chat,none,0.9902323484420776,0.009767651557922363,0,0.996672511100769,d58bb80543f5b48adf08a5ea784638e444b0ba7b3f1b4fe439ddf60f9129986d
amouyal:142,set_45,284,prob,non_gp,simple,demo_rev_query_reg_chat_none,rev,reg,chat,none,0.9999942779541016,0.9999942779541016,1,0.9990469217300415,26ddd67c6196e091415ad16d249f9d227ded17d4b7940b6f81d4d16d781413ed
amouyal:143,set_45,285,prob,non_gp,lingering,demo_rev_query_reg_chat_none,rev,reg,chat,none,0.9999312162399292,6.878376007080078e-05,0,0.9976540803909302,22d6a551cc97a489315e3e56974ad00b82973dd69a5afe441856d7f597cbe3c7
amouyal:144,set_hyp5_1,288,reflexive,non_gp,simple,demo_rev_query_reg_chat_none,rev,reg,chat,none,0.9999710917472839,0.9999710917472839,1,0.9986529350280762,3519032974cfa283b87c9286e0c549965d5483695b4296feb0136ceaaecb04e2
amouyal:145,set_hyp5_1,289,reflexive,non_gp,lingering,demo_rev_query_reg_chat_none,rev,reg,chat,none,0.9989743828773499,0.0010256171226501465,0,0.9974780082702637,4f195c239a4407f2c21368a94d5eb22fbc613f526311769f9e866801a606bfbe
amouyal:146,set_hyp5_2,290,reflexive,non_gp,simple,demo_rev_query_reg_chat_none,rev,reg,chat,none,0.9999966621398926,0.9999966621398926,1,0.9990395903587341,d6f86d0ca377369674cc4ccef82d756551a6ad016093c1c9e8dc8ed6be3f0824
amouyal:147,set_hyp5_2,291,reflexive,non_gp,lingering,demo_rev_query_reg_chat_none,rev,reg,chat,none,1.708532273991814e-11,0.9999999999829147,1,0.9996935129165649,89828ded4eafc60bb5a82986d3e6489074920d6fb30dea30121c981456a7a365
amouyal:148,set_hyp5_3,292,reflexive,non_gp,simple,demo_rev_query_reg_chat_none,rev,reg,chat,none,0.9999798536300659,0.9999798536300659,1,0.998342752456665,395dea286f248e58fc45b5054eb99ee05ca84060e15821a8342143e4d413fde0
amouyal:149,set_hyp5_3,293,reflexive,non_gp,lingering,demo_rev_query_reg_chat_none,rev,reg,chat,none,1.2114498737503254e-08,0.9999999878855013,1,0.999771237373352,f06f7c87f0bd702ae28f6f706c9de44a0e5d805d0ab800fbf4fa46879ee2a5e3
amouyal:150,set_hyp5_4,294,reflexive,non_gp,simple,demo_rev_query_reg_chat_none,rev,reg,chat,none,0.9997479915618896,0.9997479915618896,1,0.9974467158317566,0cc07b376e3890a12dc5b4060628dd1072c53329df9da2530ab675964695acc8
amouyal:151,set_hyp5_4,295,reflexive,non_gp,lingering,demo_rev_query_reg_chat_none,rev,reg,chat,none,1.156485662789919e-08,0.9999999884351434,1,0.9992036819458008,5e0fd6ff10d017a822d788704c4a8fa35c94cc36097d9fe538005c4727f15a6e
amouyal:152,set_hyp5_5,296,reflexive,non_gp,simple,demo_rev_query_reg_chat_none,rev,reg,chat,none,0.9999964833259583,0.9999964833259583,1,0.9989515542984009,705fc7a2ace0ac4e244aad769bcd7004cec1a5311c2240b04b1c16ca177754f7
amouyal:153,set_hyp5_5,297,reflexive,non_gp,lingering,demo_rev_query_reg_chat_none,rev,reg,chat,none,2.7789635037578364e-09,0.9999999972210365,1,0.9995003938674927,b1e10e8fb94bbea0d43e6e84b1bf3de39b13092c5682e77e4cf7c8536039f958
amouyal:154,set_hyp5_6,298,reflexive,non_gp,simple,demo_rev_query_reg_chat_none,rev,reg,chat,none,0.999988853931427,0.999988853931427,1,0.9986143112182617,3648371c494340c5682b0d28e4192e06b94dd56057fa35f172ab4691cf9fc9af
amouyal:155,set_hyp5_6,299,reflexive,non_gp,lingering,demo_rev_query_reg_chat_none,rev,reg,chat,none,0.552904486656189,0.44709551334381104,0,0.9843875169754028,1680a5273990924d8a3fde52f655c37c18fd2cefc455f9a69fd38829a376124f
amouyal:156,set_hyp5_7,300,reflexive,non_gp,simple,demo_rev_query_reg_chat_none,rev,reg,chat,none,0.9999731183052063,0.9999731183052063,1,0.9989332556724548,48ad4640419a5eec658530e833107405fc33c1c69d1eabd3020921c8a8a745e6
amouyal:157,set_hyp5_7,301,reflexive,non_gp,lingering,demo_rev_query_reg_chat_none,rev,reg,chat,none,1.6937454216936487e-10,0.9999999998306255,1,0.9995006918907166,2e3f40bc9d78f94133aaa993ea122de6c83423bcd42914e7be76c7327f484dd2
amouyal:158,set_hyp5_8,302,reflexive,non_gp,simple,demo_rev_query_reg_chat_none,rev,reg,chat,none,0.9999802708625793,0.9999802708625793,1,0.9983287453651428,f7ba74be2b53cd35748978a43866ecd062438ca71236151930bea431730cf262
amouyal:159,set_hyp5_8,303,reflexive,non_gp,lingering,demo_rev_query_reg_chat_none,rev,reg,chat,none,6.953420061961424e-10,0.999999999304658,1,0.9995401501655579,4f8d6412604464a8507572d87739e94bf53ba0da3a695f2200c1ee2d26b02c30
amouyal:160,set_hyp5_9,304,reflexive,non_gp,simple,demo_rev_query_reg_chat_none,rev,reg,chat,none,0.9999853372573853,0.9999853372573853,1,0.9990275502204895,1938b603b65b3e96993d90a26114ff50d00ac3e65dce714dc96c1b7cd7ded9f2
amouyal:161,set_hyp5_9,305,reflexive,non_gp,lingering,demo_rev_query_reg_chat_none,rev,reg,chat,none,0.9966808557510376,0.0033191442489624023,0,0.9968854784965515,637778223105cc104e09f4991163c84ce499bb997d6f5d53f0f65bf62b48fbbe
amouyal:162,set_hyp5_10,306,reflexive,non_gp,simple,demo_rev_query_reg_chat_none,rev,reg,chat,none,0.9999924898147583,0.9999924898147583,1,0.9992164969444275,6eb8c480571829058a1bd831f527611fe3f1d7904ba1a1713910674a69d17801
amouyal:163,set_hyp5_10,307,reflexive,non_gp,lingering,demo_rev_query_reg_chat_none,rev,reg,chat,none,0.9988141655921936,0.0011858344078063965,0,0.99795001745224,c1ec0a91d06bba73c98a88e2b4c4e93f77984b8292b0e5cde7e2db0264c3beee
amouyal:164,set_hyp5_11,308,reflexive,non_gp,simple,demo_rev_query_reg_chat_none,rev,reg,chat,none,0.9999887943267822,0.9999887943267822,1,0.9987626671791077,f5837e613e3eb6597139348595d1b4d912688d973288b6e5d88467adf9cdfb24
amouyal:165,set_hyp5_11,309,reflexive,non_gp,lingering,demo_rev_query_reg_chat_none,rev,reg,chat,none,8.832345271825304e-11,0.9999999999116765,1,0.9996566772460938,05baaee461473a4ceb46e237a308974068525a2affa0e02dc7158a6fe0c62322
amouyal:166,set_hyp5_12,310,reflexive,non_gp,simple,demo_rev_query_reg_chat_none,rev,reg,chat,none,0.9999954104423523,0.9999954104423523,1,0.9990377426147461,a27e772d65cc8210f2fae4a2258ee89691d7a6bcc39d196e257e751f0b4cb3c0
amouyal:167,set_hyp5_12,311,reflexive,non_gp,lingering,demo_rev_query_reg_chat_none,rev,reg,chat,none,1.9909666661988012e-06,0.9999980090333338,1,0.9997109770774841,71778facad4b7b7bfc6267a244e9a1ebaa7a2e09a773cc665c8af45baedc95ee
amouyal:168,set_hyp5_13,312,reflexive,non_gp,simple,demo_rev_query_reg_chat_none,rev,reg,chat,none,0.9999918937683105,0.9999918937683105,1,0.9984928369522095,b8b7efb49b9e0730c16f3d4f070f73ee6350a8ce64235f0359a644a442012f8b
amouyal:169,set_hyp5_13,313,reflexive,non_gp,lingering,demo_rev_query_reg_chat_none,rev,reg,chat,none,2.1077769929433998e-07,0.9999997892223007,1,0.997962474822998,07aa290f5561e4049d1dc370eb6052d3684a1836f8b9786f817dfe801fcfe212
amouyal:170,set_hyp5_14,314,reflexive,non_gp,simple,demo_rev_query_reg_chat_none,rev,reg,chat,none,0.8682645559310913,0.8682645559310913,1,0.9926370978355408,eb23a792266f3546d412959e3fb4b726f4181e39d5f40586ecde19e18402b8ba
amouyal:171,set_hyp5_14,315,reflexive,non_gp,lingering,demo_rev_query_reg_chat_none,rev,reg,chat,none,0.019198430702090263,0.9808015692979097,1,0.9921917915344238,65a75cf0b6bd3662072fb43c8807e73308ff255b02afa738582501ce79dac859
amouyal:172,set_hyp5_15,316,reflexive,non_gp,simple,demo_rev_query_reg_chat_none,rev,reg,chat,none,0.9999983310699463,0.9999983310699463,1,0.9989421963691711,64758993cf92a03e1f76f705b0b536f77f05ff7bb351f69f9dac676649cf54b7
amouyal:173,set_hyp5_15,317,reflexive,non_gp,lingering,demo_rev_query_reg_chat_none,rev,reg,chat,none,0.9332205653190613,0.06677943468093872,0,0.9911306500434875,a39a1530615d34df784e551abdc8947c6467f70b795414b99c4da1879603a2ff
amouyal:174,set_hyp5_16,318,reflexive,non_gp,simple,demo_rev_query_reg_chat_none,rev,reg,chat,none,0.9999626874923706,0.9999626874923706,1,0.9987961649894714,0284382c1de89139e6b05795d78fb44490d3aaf3414f0dfb1a411bea2e4b37c9
amouyal:175,set_hyp5_16,319,reflexive,non_gp,lingering,demo_rev_query_reg_chat_none,rev,reg,chat,none,0.9993708729743958,0.000629127025604248,0,0.997596263885498,45915726e77c70a04a26b6ee9de2bb2798b81c92d0331fc7e804f7d3e627e8a5
amouyal:176,set_hyp5_17,320,reflexive,non_gp,simple,demo_rev_query_reg_chat_none,rev,reg,chat,none,0.9999851584434509,0.9999851584434509,1,0.9986041784286499,26e0850ac792771dd007ac803f8ea3ec960651ddb16d36cdc66bdf0f87f6ce70
amouyal:177,set_hyp5_17,321,reflexive,non_gp,lingering,demo_rev_query_reg_chat_none,rev,reg,chat,none,2.653136044195037e-10,0.9999999997346865,1,0.9991955757141113,ced1d02df8e0cda7bfab6f57fd69cd8c9c8d52a555b9e777c7dbeddd2732e26a
amouyal:178,set_hyp5_18,322,reflexive,non_gp,simple,demo_rev_query_reg_chat_none,rev,reg,chat,none,0.0006365609006024897,0.0006365609006024897,0,0.9764825701713562,bfc9c6145a6a8a3010191b93d401b716a0f1542c549105607e2f2f2214000d39
amouyal:179,set_hyp5_18,323,reflexive,non_gp,lingering,demo_rev_query_reg_chat_none,rev,reg,chat,none,4.979474761057645e-05,0.9999502052523894,1,0.998695433139801,c77c515484da7186a23fd22d20dc26a5588cf2afaf8794ea911e88ba16073a02
amouyal:180,set_hyp5_19,324,reflexive,non_gp,simple,demo_rev_query_reg_chat_none,rev,reg,chat,none,0.999992847442627,0.999992847442627,1,0.9987276196479797,adf745fb7d4541c8a7ed7f175f00f08894cc4a5fda32bb4f4376f92c23c95f48
amouyal:181,set_hyp5_19,325,reflexive,non_gp,lingering,demo_rev_query_reg_chat_none,rev,reg,chat,none,2.878041416298771e-10,0.9999999997121959,1,0.9995306134223938,8d8a6a308892ccf03ecab657dd9a887bbcaa3378ca14a0eb9e1d8680af7f1827
amouyal:182,set_hyp5_20,326,reflexive,non_gp,simple,demo_rev_query_reg_chat_none,rev,reg,chat,none,0.9999579787254333,0.9999579787254333,1,0.998127281665802,d42076b05c11217b74075b20bcc10f1d837dc738ad375e90f7457a3623f96af0
amouyal:183,set_hyp5_20,327,reflexive,non_gp,lingering,demo_rev_query_reg_chat_none,rev,reg,chat,none,0.2846573293209076,0.7153426706790924,1,0.9946807026863098,fd94429eae6a821d0d95f53f7571da5aab6dbb6051403a82bb393778444265a4
amouyal:184,set_hyp5_21,328,reflexive,non_gp,simple,demo_rev_query_reg_chat_none,rev,reg,chat,none,0.999975860118866,0.999975860118866,1,0.9979046583175659,d75cfa7b42d40591c2e778fe2b45d4190d7ae2c56a4781d3ae8a2f8f062093e2
amouyal:185,set_hyp5_21,329,reflexive,non_gp,lingering,demo_rev_query_reg_chat_none,rev,reg,chat,none,0.24899202585220337,0.7510079741477966,1,0.9881638884544373,c64f25369c796452a428f27a673358778aee5d5de7beacab99bcd73258416334
amouyal:186,set_hyp5_22,330,reflexive,non_gp,simple,demo_rev_query_reg_chat_none,rev,reg,chat,none,0.9999926686286926,0.9999926686286926,1,0.9987174868583679,2993e040503c82e11ff0db49f4fe6a999b1c68b02c8d0b1cfcbffcccc30f5341
amouyal:187,set_hyp5_22,331,reflexive,non_gp,lingering,demo_rev_query_reg_chat_none,rev,reg,chat,none,9.868787742561835e-08,0.9999999013121226,1,0.9991884827613831,28a61e5de1c50403ebcb8ae7529aff544dcd024b6281f157a9e35764ae0dde27
amouyal:188,set_hyp5_23,332,reflexive,non_gp,simple,demo_rev_query_reg_chat_none,rev,reg,chat,none,0.9999927282333374,0.9999927282333374,1,0.9989225268363953,57a960270b0004cba89cf252d517f1e141226db940cc67f1e5c2211f182cbe8a
amouyal:189,set_hyp5_23,333,reflexive,non_gp,lingering,demo_rev_query_reg_chat_none,rev,reg,chat,none,0.28118306398391724,0.7188169360160828,1,0.998511791229248,1526277c651c3a2b6026eec4e65d877577b1ec44ea401b0cb9a3d328a1e2da12
amouyal:190,set_hyp5_24,334,reflexive,non_gp,simple,demo_rev_query_reg_chat_none,rev,reg,chat,none,0.999987006187439,0.999987006187439,1,0.9976379871368408,9e7a4c717278c5e84501c9c99e455f14247d6795c6850a22c9998cb6d35fc289
amouyal:191,set_hyp5_24,335,reflexive,non_gp,lingering,demo_rev_query_reg_chat_none,rev,reg,chat,none,0.7549189329147339,0.2450810670852661,0,0.9973310828208923,a8742c7ce9dc77df323ad0aadb2af0bd99059f5ede791f9e69ea157e8c2048f0
amouyal:192,set_hyp5_1,336,reflexive,gp,simple,demo_rev_query_reg_chat_none,rev,reg,chat,none,0.999752938747406,0.999752938747406,1,0.9989423751831055,5c83a4ff4285db4ebc91a03071c7bc54a22ca6cc968789ad9a010395c802a4b5
amouyal:193,set_hyp5_1,337,reflexive,gp,lingering,demo_rev_query_reg_chat_none,rev,reg,chat,none,0.35799694061279297,0.642003059387207,1,0.9959684610366821,487f7d5b1d264cd7744fafbcadbd0e862249a1e9704381d1567ec188180ca24c
amouyal:194,set_hyp5_2,338,reflexive,gp,simple,demo_rev_query_reg_chat_none,rev,reg,chat,none,0.9999669194221497,0.9999669194221497,1,0.9987665414810181,c800e467d80c0fd0ffa75b1682a3b8aa574bacc6041a2f9b7506d7058503ab64
amouyal:195,set_hyp5_2,339,reflexive,gp,lingering,demo_rev_query_reg_chat_none,rev,reg,chat,none,6.932143878657371e-05,0.9999306785612134,1,0.9993505477905273,74b6f4e4dc1d92d8c2f22824ce873823a496b8d9a52a2b82ad7adc395dbff77c
amouyal:196,set_hyp5_3,340,reflexive,gp,simple,demo_rev_query_reg_chat_none,rev,reg,chat,none,0.9988961219787598,0.9988961219787598,1,0.9969639182090759,306d8a261dbd762c304df230f9acf2cc8e90b3219bbcacc9e4aa9b4adc1f4081
amouyal:197,set_hyp5_3,341,reflexive,gp,lingering,demo_rev_query_reg_chat_none,rev,reg,chat,none,0.005530338268727064,0.9944696617312729,1,0.9995033740997314,8a413186dffa04861e9668ce2c41e72ed626a2f78c6f377d386a9378c70b587d
amouyal:198,set_hyp5_4,342,reflexive,gp,simple,demo_rev_query_reg_chat_none,rev,reg,chat,none,0.9999167323112488,0.9999167323112488,1,0.9987218379974365,b78a2b58475ef71fbe470fde5d67081442b45610de8172af71f415254455dede
amouyal:199,set_hyp5_4,343,reflexive,gp,lingering,demo_rev_query_reg_chat_none,rev,reg,chat,none,0.012044169008731842,0.9879558309912682,1,0.999440610408783,15df86497e8ce2b7ec0b7aeef552dc820a71c9f71d9839b2c69e0ab40f7caede
amouyal:200,set_hyp5_5,344,reflexive,gp,simple,demo_rev_query_reg_chat_none,rev,reg,chat,none,0.9996898770332336,0.9996898770332336,1,0.9990169405937195,f72b1511608fe64f338967cdec1729d0ae3138f28d797f2cb69293fd679a64d3
amouyal:201,set_hyp5_5,345,reflexive,gp,lingering,demo_rev_query_reg_chat_none,rev,reg,chat,none,0.9943031668663025,0.00569683313369751,0,0.9975235462188721,26b83d9379a6c76f8339902a8ec9191a6631207251e150f17566fa7e82190043
amouyal:202,set_hyp5_6,346,reflexive,gp,simple,demo_rev_query_reg_chat_none,rev,reg,chat,none,0.9998692274093628,0.9998692274093628,1,0.9983736872673035,dea3021513d7a385b8bbd5add2600fccad6710a896be32dcc9ce8f75e46ed005
amouyal:203,set_hyp5_6,347,reflexive,gp,lingering,demo_rev_query_reg_chat_none,rev,reg,chat,none,0.6809800863265991,0.3190199136734009,0,0.9936412572860718,8d8ba29a4fdb618dabbaa3ef9da399cf99b4fc87907a95e1dc520b2da8a9915f
amouyal:204,set_hyp5_7,348,reflexive,gp,simple,demo_rev_query_reg_chat_none,rev,reg,chat,none,0.999769389629364,0.999769389629364,1,0.9983617663383484,89e019833160dbd94ab04366e8d618e485c7154eb06803584ab7c3c041e9a03e
amouyal:205,set_hyp5_7,349,reflexive,gp,lingering,demo_rev_query_reg_chat_none,rev,reg,chat,none,0.00012720120139420033,0.9998727987986058,1,0.998948872089386,a8cc943c1197ea4bed8c4cc153ef8cff8ebc5b6ebf01e04fbdc2adef76816a3b
amouyal:206,set_hyp5_8,350,reflexive,gp,simple,demo_rev_query_reg_chat_none,rev,reg,chat,none,0.9999505281448364,0.9999505281448364,1,0.997307300567627,e8d7b07c2ad1ab5a2aa3ac6784a94adae9643259543609f133f8b2b19b79572a
amouyal:207,set_hyp5_8,351,reflexive,gp,lingering,demo_rev_query_reg_chat_none,rev,reg,chat,none,0.24825620651245117,0.7517437934875488,1,0.9938287734985352,3aa977f225e6992a81c9e11f4b91a154f708a07dad747693347c621b39791d62
amouyal:208,set_hyp5_9,352,reflexive,gp,simple,demo_rev_query_reg_chat_none,rev,reg,chat,none,0.9999959468841553,0.9999959468841553,1,0.999281644821167,54577dedd3d0bfbdb679644896110482ad5bcaca028485ec359a0ff7c998b0cd
amouyal:209,set_hyp5_9,353,reflexive,gp,lingering,demo_rev_query_reg_chat_none,rev,reg,chat,none,0.9999812245368958,1.8775463104248047e-05,0,0.998169481754303,3cb1a6fd9430a80b9ba175cee62ae23b8da1856a879c17eb8c5eba06ec902d75
amouyal:210,set_hyp5_10,354,reflexive,gp,simple,demo_rev_query_reg_chat_none,rev,reg,chat,none,0.9993982315063477,0.9993982315063477,1,0.9988746047019958,92ae8b8abe8c3f517df6077592452c48c9ab18653582bb1fee1919cb36a34a7a
amouyal:211,set_hyp5_10,355,reflexive,gp,lingering,demo_rev_query_reg_chat_none,rev,reg,chat,none,0.9847065210342407,0.015293478965759277,0,0.9985358715057373,7ad4b7f15a225323632c240775acb42b40589b5b13d33e12d5c8ff0c0fbd9deb
amouyal:212,set_hyp5_11,356,reflexive,gp,simple,demo_rev_query_reg_chat_none,rev,reg,chat,none,0.9950582385063171,0.9950582385063171,1,0.996135950088501,832e1325e4ca2ba33ce10a2654f13cb91e65d91dfee7b638a6abb4978778936e
amouyal:213,set_hyp5_11,357,reflexive,gp,lingering,demo_rev_query_reg_chat_none,rev,reg,chat,none,0.2516813278198242,0.7483186721801758,1,0.9942518472671509,5880f1216cb555cca2d3c1f66467d8fbc422063b909fc40505e19cc1a2bdb13b
amouyal:214,set_hyp5_12,358,reflexive,gp,simple,demo_rev_query_reg_chat_none,rev,reg,chat,none,0.9999749064445496,0.9999749064445496,1,0.9991731643676758,6db00416a5db927db26de1068b9a40e8c9ec49250cd441ff6c03a6fe5eedb2cc
amouyal:215,set_hyp5_12,359,reflexive,gp,lingering,demo_rev_query_reg_chat_none,rev,reg,chat,none,0.37983614206314087,0.6201638579368591,1,0.9979645013809204,30ce308f55e5f543a25052488538cc1f65d8b52bee022172a5eb6af1e4626c81
amouyal:216,set_hyp5_13,360,reflexive,gp,simple,demo_rev_query_reg_chat_none,rev,reg,chat,none,0.9947484135627747,0.9947484135627747,1,0.9971989989280701,c0806855b468ba74e22eb93850f44481d7964d3ba36d1e76a750da2f33d63e02
amouyal:217,set_hyp5_13,361,reflexive,gp,lingering,demo_rev_query_reg_chat_none,rev,reg,chat,none,0.35196197032928467,0.6480380296707153,1,0.9934382438659668,5741967310b1ad995185cbf1899268074429fd1b05bc8cf984b6b0557568fc0c
amouyal:218,set_hyp5_14,362,reflexive,gp,simple,demo_rev_query_reg_chat_none,rev,reg,chat,none,0.3018627464771271,0.3018627464771271,0,0.9957681894302368,bee5c9a18386c739290dcc71ebbdebc607a2f2eafabf753b438c174e8bfb8803
amouyal:219,set_hyp5_14,363,reflexive,gp,lingering,demo_rev_query_reg_chat_none,rev,reg,chat,none,0.40716367959976196,0.592836320400238,1,0.995120644569397,e2866ac674cdd3df5d9bd229682de82ecd066febf1175f5f0545673464354af5
amouyal:220,set_hyp5_15,364,reflexive,gp,simple,demo_rev_query_reg_chat_none,rev,reg,chat,none,0.9996182322502136,0.9996182322502136,1,0.9968520402908325,be369e7ae3e25bed3950894bfacfc44ec325f06226213186a39655f7deef21bf
amouyal:221,set_hyp5_15,365,reflexive,gp,lingering,demo_rev_query_reg_chat_none,rev,reg,chat,none,0.9854201078414917,0.0145798921585083,0,0.9975693225860596,4a20cc8b07af69559c81b0ffa06f13e4d1d23a4e56964b84d2d471b5f1c172ba
amouyal:222,set_hyp5_16,366,reflexive,gp,simple,demo_rev_query_reg_chat_none,rev,reg,chat,none,0.9995577931404114,0.9995577931404114,1,0.9982318878173828,d17a1ed357e3839997babd16e869610eff1012e329c4131d87a928c43a966683
amouyal:223,set_hyp5_16,367,reflexive,gp,lingering,demo_rev_query_reg_chat_none,rev,reg,chat,none,0.9951576590538025,0.00484234094619751,0,0.9974785447120667,2019af04e190e6c78419ec2a4e3dfbf3d7dee5d58e714f3df501ba0950e33d04
amouyal:224,set_hyp5_17,368,reflexive,gp,simple,demo_rev_query_reg_chat_none,rev,reg,chat,none,0.999972939491272,0.999972939491272,1,0.9986017346382141,3fae7df3b3cfe331f16ab2bca43b050fa46ef34ba71db67a12865794b855f0f4
amouyal:225,set_hyp5_17,369,reflexive,gp,lingering,demo_rev_query_reg_chat_none,rev,reg,chat,none,6.607421028093086e-07,0.9999993392578972,1,0.9997391104698181,f412380b97bb127eee41007ae3414e223ef4be5893221b6f3d6b58ead87f7fc8
amouyal:226,set_hyp5_18,370,reflexive,gp,simple,demo_rev_query_reg_chat_none,rev,reg,chat,none,0.16466619074344635,0.16466619074344635,0,0.8954107165336609,eae0363a1edfc7a2a31b0792f51fce6c2abf1faabc3071a0f9bea68f93036a11
amouyal:227,set_hyp5_18,371,reflexive,gp,lingering,demo_rev_query_reg_chat_none,rev,reg,chat,none,0.8624047636985779,0.13759523630142212,0,0.9969860315322876,b4923bc028eaaca5afab17ae0c2e7a9739a760d64577d9cef6e09e7d5a9a8acb
amouyal:228,set_hyp5_19,372,reflexive,gp,simple,demo_rev_query_reg_chat_none,rev,reg,chat,none,0.9997117519378662,0.9997117519378662,1,0.9975318312644958,2535c5c137ccbb308d9e3f3d25e02a7f6bb997fcaab7ca5ea82da9c27a3683fa
amouyal:229,set_hyp5_19,373,reflexive,gp,lingering,demo_rev_query_reg_chat_none,rev,reg,chat,none,0.5984119772911072,0.4015880227088928,0,0.9959246516227722,804daefe880e11bfbfe73d95e8fa281a7d5e0bf5e51afdcfc75347e4696b1b95
amouyal:230,set_hyp5_20,374,reflexive,gp,simple,demo_rev_query_reg_chat_none,rev,reg,chat,none,0.9996176958084106,0.9996176958084106,1,0.9989953637123108,cd428252e46162525dcc56e8826fa94cb4df45c117c9eba368205b565173bfc8
amouyal:231,set_hyp5_20,375,reflexive,gp,lingering,demo_rev_query_reg_chat_none,rev,reg,chat,none,0.9447113275527954,0.05528867244720459,0,0.9963270425796509,4e92ffb866bd4f15a11172c3f8ce539d1d4df02baad809f2a5e1b168a03d65f5
amouyal:232,set_hyp5_21,376,reflexive,gp,simple,demo_rev_query_reg_chat_none,rev,reg,chat,none,0.9998797178268433,0.9998797178268433,1,0.996181309223175,5a3eaca4c8bfca78be5aff7152a6bf1c0670eb0c06ef9637a8f93bfdbd699544
amouyal:233,set_hyp5_21,377,reflexive,gp,lingering,demo_rev_query_reg_chat_none,rev,reg,chat,none,0.9278193116188049,0.07218068838119507,0,0.997369110584259,1c5e1a48654cad677ed531f4702783768fc243e202dad8bb9fe315b7a625b75e
amouyal:234,set_hyp5_22,378,reflexive,gp,simple,demo_rev_query_reg_chat_none,rev,reg,chat,none,0.9994185566902161,0.9994185566902161,1,0.9976485967636108,5893d5f80fbf935ca1f76516341e012a00c9604fa2ed61fc9300469d29ec907e
amouyal:235,set_hyp5_22,379,reflexive,gp,lingering,demo_rev_query_reg_chat_none,rev,reg,chat,none,0.6210400462150574,0.3789599537849426,0,0.9901427030563354,8bab718cf7ffa45e1dcf1779a7b38c6a6822b87ab0a4af22caa5be0d361ea50d
amouyal:236,set_hyp5_23,380,reflexive,gp,simple,demo_rev_query_reg_chat_none,rev,reg,chat,none,0.9996005296707153,0.9996005296707153,1,0.9988136291503906,3a18afabc911a19653ad9893b8541987ad910dd63b4bb21e8d56e5622c46cfac
amouyal:237,set_hyp5_23,381,reflexive,gp,lingering,demo_rev_query_reg_chat_none,rev,reg,chat,none,0.9776191115379333,0.02238088846206665,0,0.9981775879859924,305fe946908e5ba7d4a20a165590babccbd8f57071f67916c6a14d3f6f3e4942
amouyal:238,set_hyp5_24,382,reflexive,gp,simple,demo_rev_query_reg_chat_none,rev,reg,chat,none,0.999986469745636,0.999986469745636,1,0.9985281825065613,5b444aa898a15557eaeaf8fb1ad953f6086612ef2a1b2d6413567e597435b998
amouyal:239,set_hyp5_24,383,reflexive,gp,lingering,demo_rev_query_reg_chat_none,rev,reg,chat,none,0.995452880859375,0.004547119140625,0,0.9978434443473816,16c6d185a521eb7918289b8d690e74d48a95598d7284b0603042111dbefd7c62
amouyal:240,set_1,384,prob,gp,simple,demo_rev_query_reg_chat_none,rev,reg,chat,none,0.9986820220947266,0.9986820220947266,1,0.9986253976821899,47e61d13e4761ba45a39d71f614b3cba0005d71049cff346376cb95fb2221577
amouyal:241,set_1,385,prob,gp,lingering,demo_rev_query_reg_chat_none,rev,reg,chat,none,0.06396299600601196,0.936037003993988,1,0.9965052008628845,8545a799518b7b5ee82493d0445688512eb2d26125af9af9575c4cb3e615b7c3
amouyal:242,set_1,388,prob,non_gp,simple,demo_rev_query_reg_chat_none,rev,reg,chat,none,0.999987781047821,0.999987781047821,1,0.9991522431373596,4a522098955923f247381ef0081742f4fe193c17e940ccf047dcef78c44f67ea
amouyal:243,set_1,389,prob,non_gp,lingering,demo_rev_query_reg_chat_none,rev,reg,chat,none,0.9174538850784302,0.08254611492156982,0,0.9889348149299622,aefd04b042fb5dfda69390e585586c14b78effbe24c35e920df803c3bac66aee
amouyal:244,set_2,392,prob,gp,simple,demo_rev_query_reg_chat_none,rev,reg,chat,none,0.9997820854187012,0.9997820854187012,1,0.9983680844306946,8ee6bd127bd46a19541dba9f5210abdca70270545b9c4e7c7fcda27db127ce04
amouyal:245,set_2,393,prob,gp,lingering,demo_rev_query_reg_chat_none,rev,reg,chat,none,0.9979035258293152,0.0020964741706848145,0,0.995625376701355,e1a6a3c92d73e4f8fe57134964c283aa34eb3a99841f6973d98557a4fb2779dc
amouyal:246,set_2,396,prob,non_gp,simple,demo_rev_query_reg_chat_none,rev,reg,chat,none,0.9999616146087646,0.9999616146087646,1,0.9986540079116821,70e794915ebb324048bbf993351eabf1d848af1f5a13ce25d48af662df077300
amouyal:247,set_2,397,prob,non_gp,lingering,demo_rev_query_reg_chat_none,rev,reg,chat,none,0.9999531507492065,4.684925079345703e-05,0,0.9970245361328125,9e589a4712563c67317cf413b5673281cb554bc1f5dd661db7324e2722c057e2
amouyal:248,set_3,400,prob,gp,simple,demo_rev_query_reg_chat_none,rev,reg,chat,none,0.862910270690918,0.862910270690918,1,0.9973469972610474,9c160ae59420a5ab2fb1ab783c0bc325ff00b303133cab7e1249a48abcad76ed
amouyal:249,set_3,401,prob,gp,lingering,demo_rev_query_reg_chat_none,rev,reg,chat,none,0.811101496219635,0.188898503780365,0,0.996357798576355,2269dcf8f6d0a87a7d2a1e65127c1f0230df0e734cfb58f40a1c232fff0bce4a
amouyal:250,set_3,404,prob,non_gp,simple,demo_rev_query_reg_chat_none,rev,reg,chat,none,0.999564528465271,0.999564528465271,1,0.9992042779922485,341ad9364a07266384d572b76f767d34dd35399d00795cda6124376565edd97c
amouyal:251,set_3,405,prob,non_gp,lingering,demo_rev_query_reg_chat_none,rev,reg,chat,none,1.953994251380209e-05,0.9999804600574862,1,0.994714081287384,386e0573619918395096c06c61223a69a3fdd0bbfedc2cf0352aa501d25e9ac1
amouyal:252,set_4,408,prob,gp,simple,demo_rev_query_reg_chat_none,rev,reg,chat,none,0.9934453368186951,0.9934453368186951,1,0.9985082149505615,cf8de4be423ec3e09704e58cf315c61ed9fb3b59d8a83cde962e7c58266c6f39
amouyal:253,set_4,409,prob,gp,lingering,demo_rev_query_reg_chat_none,rev,reg,chat,none,0.9890880584716797,0.010911941528320312,0,0.9970767498016357,ede754fe4e5524d472f2f2c7926d102f807001f011d48b411384b398d9fbe76a
amouyal:254,set_4,412,prob,non_gp,simple,demo_rev_query_reg_chat_none,rev,reg,chat,none,0.9998846054077148,0.9998846054077148,1,0.9991065263748169,e4185eea67c71b0253b53c5f000508e2746710acc54d60924c8bb555a45e0dcf
amouyal:255,set_4,413,prob,non_gp,lingering,demo_rev_query_reg_chat_none,rev,reg,chat,none,0.9980693459510803,0.0019306540489196777,0,0.997713029384613,26f91d3fd2d87d16042466e571f43845c5572a7b07f95a01ed488c22980c2397
amouyal:256,set_5,416,prob,gp,simple,demo_rev_query_reg_chat_none,rev,reg,chat,none,0.9938949942588806,0.9938949942588806,1,0.9985901117324829,d73c27e38d3fb06fa9fbec0b8ea44bbed75c497533d08b7f47634b687ce0d236
amouyal:257,set_5,417,prob,gp,lingering,demo_rev_query_reg_chat_none,rev,reg,chat,none,0.0013810021337121725,0.9986189978662878,1,0.9990242123603821,a5d9a0d2ec080a4375c1e6801ac7abdffd520acf9edff12464f5ef6178a3e1bd
amouyal:258,set_5,420,prob,non_gp,simple,demo_rev_query_reg_chat_none,rev,reg,chat,none,0.9999746680259705,0.9999746680259705,1,0.9984869956970215,6725c7122c8d52b758d43a8ff9d1e2447ba3b2872dea899566686936b3aae644
amouyal:259,set_5,421,prob,non_gp,lingering,demo_rev_query_reg_chat_none,rev,reg,chat,none,0.991657018661499,0.008342981338500977,0,0.9943059682846069,c1a99f484d69abfb051a7339566ac5c2046c2cac8f02cd2a07a46e41b3fad5c1
amouyal:260,set_6,424,prob,gp,simple,demo_rev_query_reg_chat_none,rev,reg,chat,none,0.9667432904243469,0.9667432904243469,1,0.997611403465271,2f1416220faf873841f18522fce4106f26998b5c948c1c419e2b54578daf69bd
amouyal:261,set_6,425,prob,gp,lingering,demo_rev_query_reg_chat_none,rev,reg,chat,none,0.8236939311027527,0.17630606889724731,0,0.995681881904602,f1dac8ed0a812850fd168d841e78206774aecc054b5ed95af0d97ac36be33414
amouyal:262,set_6,428,prob,non_gp,simple,demo_rev_query_reg_chat_none,rev,reg,chat,none,0.9999974966049194,0.9999974966049194,1,0.9987080097198486,525e328b90788af8c0d9acbc76fcff7f3f2941d45c376a608012fa63e66f8da0
amouyal:263,set_6,429,prob,non_gp,lingering,demo_rev_query_reg_chat_none,rev,reg,chat,none,0.9760677814483643,0.023932218551635742,0,0.9976056814193726,9129c437e11369ff5304bb14eb72dbd1c177a95db7d81bbc460bff7ae29fbd37
amouyal:264,set_7,432,prob,gp,simple,demo_rev_query_reg_chat_none,rev,reg,chat,none,0.9810999631881714,0.9810999631881714,1,0.9962751269340515,764112229c2064b55af9892192f44341b5f4f73c28686f03dd3c1d4ba9594d25
amouyal:265,set_7,433,prob,gp,lingering,demo_rev_query_reg_chat_none,rev,reg,chat,none,0.9907395243644714,0.009260475635528564,0,0.9986356496810913,1a01550198f0f6264fd70bbbbfa2f0bc9c74fef92540813a713f2bc0a99115df
amouyal:266,set_7,436,prob,non_gp,simple,demo_rev_query_reg_chat_none,rev,reg,chat,none,0.9999268651008606,0.9999268651008606,1,0.9978684782981873,152932064f8a173938addbc590382c4ff28edc8d9a17bb458f35a21345954bc5
amouyal:267,set_7,437,prob,non_gp,lingering,demo_rev_query_reg_chat_none,rev,reg,chat,none,0.9995421767234802,0.0004578232765197754,0,0.9980312585830688,312468775056dabe40f71bc42561741da79323de3f39b29285880fbb7523ae79
amouyal:268,set_8,440,prob,gp,simple,demo_rev_query_reg_chat_none,rev,reg,chat,none,0.9996536374092102,0.9996536374092102,1,0.9971650838851929,e304bbc70e8e3f45ca1a9f9cc3816d51964b61773f9b8ec9c66d5225a6769264
amouyal:269,set_8,441,prob,gp,lingering,demo_rev_query_reg_chat_none,rev,reg,chat,none,0.8375774025917053,0.16242259740829468,0,0.9968879818916321,d462683ab1ac5c991fc88af15f613df8555605192378da7b5a55c9393a4129b9
amouyal:270,set_8,444,prob,non_gp,simple,demo_rev_query_reg_chat_none,rev,reg,chat,none,0.9999921321868896,0.9999921321868896,1,0.9982649683952332,89229232c55cdda396ab5356265e0c543daf1ffd05938d2baeb2058c597b667b
amouyal:271,set_8,445,prob,non_gp,lingering,demo_rev_query_reg_chat_none,rev,reg,chat,none,0.9980560541152954,0.0019439458847045898,0,0.9966830015182495,604fca4e6e2a7a10e7a44b0b9a8b65c4289b73b0589ae49bba11ad5ee9c18efa
amouyal:272,set_9,448,prob,gp,simple,demo_rev_query_reg_chat_none,rev,reg,chat,none,0.9996184706687927,0.9996184706687927,1,0.9991070032119751,d7439c1162bf44e3193ccb5911d7ba930581b191d07444bbb46db83a685dbc7d
amouyal:273,set_9,449,prob,gp,lingering,demo_rev_query_reg_chat_none,rev,reg,chat,none,0.9833180904388428,0.016681909561157227,0,0.9976031184196472,a28ba2b6d56a3ac56e33335a3785cd162a99f6d7de5014f375ab81f2668c5d3f
amouyal:274,set_9,452,prob,non_gp,simple,demo_rev_query_reg_chat_none,rev,reg,chat,none,0.9999328255653381,0.9999328255653381,1,0.998701274394989,c85923708f69b78f58c031d9702f0dc30b7df0d88071db663339a2c640a1f7d4
amouyal:275,set_9,453,prob,non_gp,lingering,demo_rev_query_reg_chat_none,rev,reg,chat,none,0.9999532699584961,4.673004150390625e-05,0,0.9966139197349548,4fedcad156b7ad10812e84bc51dd8cfb6800810ba3fe631f017c25b874094d05
amouyal:0,set_10,0,prob,gp,simple,demo_rev_query_reg_chat_assertion,rev,reg,chat,assertion,0.9738171100616455,0.9738171100616455,1,0.9982510805130005,85075231f3b9536a41936263ed9e9b4ee346265b72e980b7bfac746d70cbdfad
amouyal:1,set_10,1,prob,gp,lingering,demo_rev_query_reg_chat_assertion,rev,reg,chat,assertion,0.989522397518158,0.010477602481842041,0,0.9983020424842834,bd1379c0fc81d4ee916c13d237a834e94f8436b5dda945a4cbef264974856bfc
amouyal:2,set_10,4,prob,non_gp,simple,demo_rev_query_reg_chat_assertion,rev,reg,chat,assertion,0.9994165897369385,0.9994165897369385,1,0.9983012676239014,896821b220971e332f10f69fb50f407566a26b87d98d13a9ed25c1ccd1e6a86f
amouyal:3,set_10,5,prob,non_gp,lingering,demo_rev_query_reg_chat_assertion,rev,reg,chat,assertion,0.9992294311523438,0.00077056884765625,0,0.9980801343917847,ef852e2461c6afe20656b34befec0d06fb4a967aab439981cf58cfaf119c481d
amouyal:4,set_11,8,prob,gp,simple,demo_rev_query_reg_chat_assertion,rev,reg,chat,assertion,0.9993424415588379,0.9993424415588379,1,0.9985063672065735,0821d8cb1edf5dc9b879b154c6ac7f45eeecb4132b92a1cda7c6aa1ce1197eb6
amouyal:5,set_11,9,prob,gp,lingering,demo_rev_query_reg_chat_assertion,rev,reg,chat,assertion,0.9952166080474854,0.0047833919525146484,0,0.9983566999435425,854889285c7e2faea1e42cde961b9bb3f07621f177cc3d76b65a313e1b4222a1
amouyal:6,set_11,12,prob,non_gp,simple,demo_rev_query_reg_chat_assertion,rev,reg,chat,assertion,0.9998732209205627,0.9998732209205627,1,0.9969937801361084,2e3e17ffb2fe43c3448cb5d57154a14fc4eb75661aefd2ccf13a25077ec65448
amouyal:7,set_11,13,prob,non_gp,lingering,demo_rev_query_reg_chat_assertion,rev,reg,chat,assertion,0.9997146725654602,0.0002853274345397949,0,0.9975900650024414,55eb948c8a2812235611c1b900d39f8782eb67f6fbd3d44286aad4e6201abb12
amouyal:8,set_12,16,prob,gp,simple,demo_rev_query_reg_chat_assertion,rev,reg,chat,assertion,0.1590779721736908,0.1590779721736908,0,0.9975330829620361,89518c38a5c936df1266cf72da86064af239b1e20c9a74cf9b45bf733cbf3768
amouyal:9,set_12,17,prob,gp,lingering,demo_rev_query_reg_chat_assertion,rev,reg,chat,assertion,0.9973713755607605,0.002628624439239502,0,0.998103678226471,6960cc70a00caab03b655c4f90df315cf972c3a8dbd6070649f85038792baca6
amouyal:10,set_12,20,prob,non_gp,simple,demo_rev_query_reg_chat_assertion,rev,reg,chat,assertion,0.9999812245368958,0.9999812245368958,1,0.9981493949890137,1ef6f0605ce9258e2953d64051b45f4267163d83aee322834b7551ff8f7343b7
amouyal:11,set_12,21,prob,non_gp,lingering,demo_rev_query_reg_chat_assertion,rev,reg,chat,assertion,0.9992415904998779,0.0007584095001220703,0,0.997053325176239,ea8e1d85ce91f5c9a54e1235036683ff4ceca980a92d57549022e858e4818e80
amouyal:12,set_13,24,prob,gp,simple,demo_rev_query_reg_chat_assertion,rev,reg,chat,assertion,0.9943529367446899,0.9943529367446899,1,0.9984400868415833,a2525345d513f7a666ab91eea39c3a3a0adcc27e6095229ef10fd3a0d668582e
amouyal:13,set_13,25,prob,gp,lingering,demo_rev_query_reg_chat_assertion,rev,reg,chat,assertion,0.369463175535202,0.630536824464798,1,0.9969292283058167,0a41bda53daebc38ff4e0eab8d7ce526a44798498166a7e33cc4ec20d8f5f051
amouyal:14,set_13,28,prob,non_gp,simple,demo_rev_query_reg_chat_assertion,rev,reg,chat,assertion,0.9999884963035583,0.9999884963035583,1,0.9986167550086975,8e110a703e01356af0d6186b98f04e723bacc3ffa02c6a9909df801a0d569574
amouyal:15,set_13,29,prob,non_gp,lingering,demo_rev_query_reg_chat_assertion,rev,reg,chat,assertion,0.9990866184234619,0.0009133815765380859,0,0.9978313446044922,ed7abbd61b7ff222daaada0965b54ea3d66ff1a702fad377c31566dd9a2050bf
amouyal:16,set_14,32,prob,gp,simple,demo_rev_query_reg_chat_assertion,rev,reg,chat,assertion,0.4601955711841583,0.4601955711841583,0,0.9937006235122681,bf6db16708b7015e810fe5ee3c94555b5ee4cd91a07da27462880cd8f4509834
amouyal:17,set_14,33,prob,gp,lingering,demo_rev_query_reg_chat_assertion,rev,reg,chat,assertion,0.9132975339889526,0.08670246601104736,0,0.9956732392311096,912b871f58d41f9185e0f9c0f4f0a73143af35bec853dca5bf3f188378becfbd
amouyal:18,set_14,36,prob,non_gp,simple,demo_rev_query_reg_chat_assertion,rev,reg,chat,assertion,0.998140811920166,0.998140811920166,1,0.9966616034507751,fb7850549c3377fe4555775c0cbaf4eca0f09a40210238e29249e8de27ef5ba3
amouyal:19,set_14,37,prob,non_gp,lingering,demo_rev_query_reg_chat_assertion,rev,reg,chat,assertion,0.00017661302990745753,0.9998233869700925,1,0.999174177646637,7bf9449fa3b5644ac2673bb2e9e00d6c6033efccc1760b8a8f963cc88cdd8e4d
amouyal:20,set_15,40,prob,gp,simple,demo_rev_query_reg_chat_assertion,rev,reg,chat,assertion,0.9995421767234802,0.9995421767234802,1,0.9989575147628784,67482c4a4f0b4aac936db56c50d8063839a4f07de9ee18e3944ec5114a814124
amouyal:21,set_15,41,prob,gp,lingering,demo_rev_query_reg_chat_assertion,rev,reg,chat,assertion,0.9987640380859375,0.0012359619140625,0,0.9982670545578003,ec3af25c512113b13df119dfcb7842f3b2eb02890f4b578177553287692546ed
amouyal:22,set_15,44,prob,non_gp,simple,demo_rev_query_reg_chat_assertion,rev,reg,chat,assertion,0.9999579191207886,0.9999579191207886,1,0.9987214803695679,7c069b463db7a0b356c15c8e043a31996d71dbbc7e404679f08a54d7f263f73b
amouyal:23,set_15,45,prob,non_gp,lingering,demo_rev_query_reg_chat_assertion,rev,reg,chat,assertion,0.9999343156814575,6.568431854248047e-05,0,0.99860018491745,07560f3b877b3320dbb44f6e9745666829468dd8a0103f5a45cf81ba7d7fc177
amouyal:24,set_16,48,prob,gp,simple,demo_rev_query_reg_chat_assertion,rev,reg,chat,assertion,0.9992286562919617,0.9992286562919617,1,0.9974204897880554,fc1738ab46cbdb4dbf8ad7d983ab6a36c9e3112ba8e66af2aaf621fafba5a9c4
amouyal:25,set_16,49,prob,gp,lingering,demo_rev_query_reg_chat_assertion,rev,reg,chat,assertion,0.9966623783111572,0.0033376216888427734,0,0.997660756111145,60992a8daacc8c150b336da09fd3431578e16e2af997116cc4781816513fd10a
amouyal:26,set_16,52,prob,non_gp,simple,demo_rev_query_reg_chat_assertion,rev,reg,chat,assertion,0.9999706745147705,0.9999706745147705,1,0.9970797300338745,e8aacb59bd41bce64331273a3aa56aad50a53fceaa05589fc5f3a14611f81506
amouyal:27,set_16,53,prob,non_gp,lingering,demo_rev_query_reg_chat_assertion,rev,reg,chat,assertion,0.9996882081031799,0.00031179189682006836,0,0.9971607327461243,ba753fde6fff3ba65395674375406f82cfb6259b35397542f1cd2cadca60082f
amouyal:28,set_17,56,prob,gp,simple,demo_rev_query_reg_chat_assertion,rev,reg,chat,assertion,0.9905198216438293,0.9905198216438293,1,0.9973194599151611,5ccf2a9627862f07cbb1772182e2c36b8d75b2009984ad108dc780723430fad7
amouyal:29,set_17,57,prob,gp,lingering,demo_rev_query_reg_chat_assertion,rev,reg,chat,assertion,0.8338421583175659,0.16615784168243408,0,0.993381679058075,edeeeaf875026c73af2ffcf938ba2399fed91ab0bcf98e483b84998114e3a810
amouyal:30,set_17,60,prob,non_gp,simple,demo_rev_query_reg_chat_assertion,rev,reg,chat,assertion,0.9999756813049316,0.9999756813049316,1,0.998133659362793,095fe9ce6b2b28b2424a4976bac40b4069d20c774a6c9444d16897c97ac55a03
amouyal:31,set_17,61,prob,non_gp,lingering,demo_rev_query_reg_chat_assertion,rev,reg,chat,assertion,1.8032729940387071e-06,0.999998196727006,1,0.9994581937789917,8e72c1454ede02d6018145d1d3b1a971b0a6e452f99bce30ea1b19489785fc8b
amouyal:32,set_18,64,prob,gp,simple,demo_rev_query_reg_chat_assertion,rev,reg,chat,assertion,0.9996234774589539,0.9996234774589539,1,0.9989346861839294,dc5c36ccdf308beca48d798453f80837f1c3d2b8361780c5e3c3f395d9a70422
amouyal:33,set_18,65,prob,gp,lingering,demo_rev_query_reg_chat_assertion,rev,reg,chat,assertion,0.16923938691616058,0.8307606130838394,1,0.9940921068191528,811eab3e0e8d06991dedc6e6414d9e17aa25844e6bf7acba1cb6d18dbc1bfb4b
amouyal:34,set_18,68,prob,non_gp,simple,demo_rev_query_reg_chat_assertion,rev,reg,chat,assertion,0.9999666810035706,0.9999666810035706,1,0.9984230995178223,8c55789ec5b973146a62344f7d316017fa449f847208943a0eac2e6b6fd77ec8
amouyal:35,set_18,69,prob,non_gp,lingering,demo_rev_query_reg_chat_assertion,rev,reg,chat,assertion,9.370254572260706e-10,0.9999999990629745,1,0.9990466237068176,c83346918c048f191ed3e2632af0995c62563166bf37117a4a87d0674b46e772
amouyal:36,set_19,72,prob,gp,simple,demo_rev_query_reg_chat_assertion,rev,reg,chat,assertion,0.9999294281005859,0.9999294281005859,1,0.9987308979034424,16bfcd6f24f8c129100f5dc198d57930fa3c9232577d5ed52259ca9a5e4f3c66
amouyal:37,set_19,73,prob,gp,lingering,demo_rev_query_reg_chat_assertion,rev,reg,chat,assertion,0.9922961592674255,0.007703840732574463,0,0.9947100281715393,892755a23965313817f5e3c6512221f1e3fefdfa04bca7b30482a40be0e1603f
amouyal:38,set_19,76,prob,non_gp,simple,demo_rev_query_reg_chat_assertion,rev,reg,chat,assertion,0.999983549118042,0.999983549118042,1,0.9986349940299988,b19b012973859cfcf32dd9860a6dbcbf8ee73e8475cd4b464d3d6792dae12349
amouyal:39,set_19,77,prob,non_gp,lingering,demo_rev_query_reg_chat_assertion,rev,reg,chat,assertion,0.9972512125968933,0.0027487874031066895,0,0.9955013394355774,273cd35baa2bd4d6ddd7457afb4a6cb22292963096ebb23983f3784addf053bb
amouyal:40,set_20,80,prob,gp,simple,demo_rev_query_reg_chat_assertion,rev,reg,chat,assertion,0.9931308627128601,0.9931308627128601,1,0.9977641105651855,908c18c6a1a070b71c7b80a836b2f0e819cd48d359c19800255ce78de5d2b443
amouyal:41,set_20,81,prob,gp,lingering,demo_rev_query_reg_chat_assertion,rev,reg,chat,assertion,0.8966615200042725,0.10333847999572754,0,0.9962188601493835,566dae285db605ae7eb2540bfed4cf3d7bb83498c38c3e99bbd2d7276b5995e9
amouyal:42,set_20,84,prob,non_gp,simple,demo_rev_query_reg_chat_assertion,rev,reg,chat,assertion,0.9997876286506653,0.9997876286506653,1,0.9974818229675293,2498514ab4748b0fe556f361f5cf93a5b2a34b23ede5d4f0baf54eebd11c5af9
amouyal:43,set_20,85,prob,non_gp,lingering,demo_rev_query_reg_chat_assertion,rev,reg,chat,assertion,2.61742894025474e-08,0.9999999738257106,1,0.9989181160926819,0059e6bf35d4c936149be957fb0ed701297fb04bdd9baabf6b74dea39133fa01
amouyal:44,set_21,88,prob,gp,simple,demo_rev_query_reg_chat_assertion,rev,reg,chat,assertion,0.9979240894317627,0.9979240894317627,1,0.9985136389732361,143725619559a59c22c921a189c3bc5c08b5a076c0abc516041b8cdb71356b42
amouyal:45,set_21,89,prob,gp,lingering,demo_rev_query_reg_chat_assertion,rev,reg,chat,assertion,0.05589371174573898,0.944106288254261,1,0.9975665807723999,6de4e966190cbeb6236c2ccddb3aa2c2fbfe591ae08d4512cd1858f086fa375b
amouyal:46,set_21,92,prob,non_gp,simple,demo_rev_query_reg_chat_assertion,rev,reg,chat,assertion,0.9999943971633911,0.9999943971633911,1,0.9984101057052612,a08f97f85a52f84ff2210d323fd85298260ee1f9075441b61958f80f157a9d00
amouyal:47,set_21,93,prob,non_gp,lingering,demo_rev_query_reg_chat_assertion,rev,reg,chat,assertion,0.07002977281808853,0.9299702271819115,1,0.9953216910362244,c5b093a0afb496e96bdf7f481d0143b26b4a0eddfafa1cd0dae19ad4e043f138
amouyal:48,set_22,96,prob,gp,simple,demo_rev_query_reg_chat_assertion,rev,reg,chat,assertion,0.9999343752861023,0.9999343752861023,1,0.9981168508529663,a5db1dfe8f7b34c62c62359b29890b0c8288563d9bb9b39964e6f8ddcc479b00
amouyal:49,set_22,97,prob,gp,lingering,demo_rev_query_reg_chat_assertion,rev,reg,chat,assertion,0.9992457032203674,0.0007542967796325684,0,0.9987494945526123,e8f4df30e8201b9f9daa2434cb38d787a3def8f27a321d398f70fe6fc7011dbf
amouyal:50,set_22,100,prob,non_gp,simple,demo_rev_query_reg_chat_assertion,rev,reg,chat,assertion,0.9998877048492432,0.9998877048492432,1,0.9974948167800903,62236a127950acbfebf09013f299746bc2d3d1e8206471d3ee91b24177bcab28
amouyal:51,set_22,101,prob,non_gp,lingering,demo_rev_query_reg_chat_assertion,rev,reg,chat,assertion,7.834437383280601e-07,0.9999992165562617,1,0.9997236728668213,85d4a25f8bf14f0ca86d0d0d380161f22e70f9cc829fbaa4b18e320619d3711a
amouyal:52,set_23,104,prob,gp,simple,demo_rev_query_reg_chat_assertion,rev,reg,chat,assertion,0.9965986609458923,0.9965986609458923,1,0.9975501298904419,4b1396fcf650129d8b5420506bbc90df2cdbdac9bf3db9d8d4760eb08fa5ade8
amouyal:53,set_23,105,prob,gp,lingering,demo_rev_query_reg_chat_assertion,rev,reg,chat,assertion,0.964613139629364,0.035386860370635986,0,0.9954997301101685,dac0efa711d9d4e0e40567bbb2f68126d95e4e5da65b51ec7668153026024f04
amouyal:54,set_23,108,prob,non_gp,simple,demo_rev_query_reg_chat_assertion,rev,reg,chat,assertion,0.9999579191207886,0.9999579191207886,1,0.9966559410095215,0c6eef093ee9222484f6822672ed6ff13bc9f44f5bfbf9fa706b977777f7360e
amouyal:55,set_23,109,prob,non_gp,lingering,demo_rev_query_reg_chat_assertion,rev,reg,chat,assertion,0.9999563694000244,4.363059997558594e-05,0,0.9976271390914917,f9b8a4c54440abcad00e64b29098fe6ffec7f455c6bf46e88f0538bd0f77956d
amouyal:56,set_24,112,prob,gp,simple,demo_rev_query_reg_chat_assertion,rev,reg,chat,assertion,0.9746766090393066,0.9746766090393066,1,0.9971744418144226,09daf4df0254d86c26769eaa6771761947dae22b83ee9e41fee2fa33d686d5b5
amouyal:57,set_24,113,prob,gp,lingering,demo_rev_query_reg_chat_assertion,rev,reg,chat,assertion,0.7054628133773804,0.29453718662261963,0,0.9948553442955017,a8083e989164600c77a98e84f48fd81b7e2673752f851c2dcbc9878af2b11ab2
amouyal:58,set_24,116,prob,non_gp,simple,demo_rev_query_reg_chat_assertion,rev,reg,chat,assertion,0.9998773336410522,0.9998773336410522,1,0.9974666833877563,37de91fac00923a0a387a7f81ff00beb57df0551b5126c9961f984659f99c9ab
amouyal:59,set_24,117,prob,non_gp,lingering,demo_rev_query_reg_chat_assertion,rev,reg,chat,assertion,3.410577420481786e-08,0.9999999658942258,1,0.9993295669555664,f605c11ec75a458956cf04f6ba9ca0fd49b185e8a6f8e6362fe8f24ea193d93d
amouyal:60,set_25,120,prob,gp,simple,demo_rev_query_reg_chat_assertion,rev,reg,chat,assertion,0.9998835921287537,0.9998835921287537,1,0.9985456466674805,aaa3275aacddcced5c35640f463e7ee80f85dbb79d92630cff6db2f288114e05
amouyal:61,set_25,121,prob,gp,lingering,demo_rev_query_reg_chat_assertion,rev,reg,chat,assertion,0.9984490275382996,0.0015509724617004395,0,0.9981465339660645,b5d8f8d5e0725213ce0323431ec6d1b94f8769600a67f44502f002fd15737166
amouyal:62,set_25,124,prob,non_gp,simple,demo_rev_query_reg_chat_assertion,rev,reg,chat,assertion,0.999970555305481,0.999970555305481,1,0.9980853796005249,c4bc5d8833101df8dd414c29654a75b522d98f447e3f8ca1452810bba827ec6e
amouyal:63,set_25,125,prob,non_gp,lingering,demo_rev_query_reg_chat_assertion,rev,reg,chat,assertion,0.9993579983711243,0.0006420016288757324,0,0.998111367225647,80f31ef7b7adb4ced0bcfbc5d17ba46392966b9d346989806612e5019cea9172
amouyal:64,set_26,128,prob,gp,simple,demo_rev_query_reg_chat_assertion,rev,reg,chat,assertion,0.9976981282234192,0.9976981282234192,1,0.9972663521766663,21a356dfb29acb4f6b256ae7bbb6e680511d09707d5dcceacbcd83973c93ebce
amouyal:65,set_26,129,prob,gp,lingering,demo_rev_query_reg_chat_assertion,rev,reg,chat,assertion,6.945536483726755e-07,0.9999993054463516,1,0.9991449117660522,668ec2a33534f62acc823bc68759efa70561f1870157da8c7742a4170d1f7383
amouyal:66,set_26,132,prob,non_gp,simple,demo_rev_query_reg_chat_assertion,rev,reg,chat,assertion,0.9999713897705078,0.9999713897705078,1,0.9972150325775146,34a7339d233ac4ef4762da655e20ae26d09250bb021e20697c790977d05b0ddd
amouyal:67,set_26,133,prob,non_gp,lingering,demo_rev_query_reg_chat_assertion,rev,reg,chat,assertion,2.4828719635827667e-10,0.9999999997517128,1,0.9983285069465637,d330eb5f475c776339ed9896fa72a389e5d752458907276be04604f41abb595a
amouyal:68,set_27,136,prob,gp,simple,demo_rev_query_reg_chat_assertion,rev,reg,chat,assertion,0.9998518228530884,0.9998518228530884,1,0.9984407424926758,c1e3c14202af7221006dfa07937fe4cc3793b484a24d141b2c19adf67ccf4969
amouyal:69,set_27,137,prob,gp,lingering,demo_rev_query_reg_chat_assertion,rev,reg,chat,assertion,0.9990691542625427,0.0009308457374572754,0,0.9982191920280457,6d918aa350b4a7c520f49f8db8c36d7255531aa3217f5c69c69f5b8f1665c5b1
amouyal:70,set_27,140,prob,non_gp,simple,demo_rev_query_reg_chat_assertion,rev,reg,chat,assertion,0.9999237656593323,0.9999237656593323,1,0.9971919059753418,084e186c36fc0a710861a3b345c9ff8525e766e651ab9fdb61ac815e14f68b9b
amouyal:71,set_27,141,prob,non_gp,lingering,demo_rev_query_reg_chat_assertion,rev,reg,chat,assertion,0.9438508152961731,0.056149184703826904,0,0.9958271980285645,bbb9a8c59210652104c22a7aa6b8558f5cc5181320f8f3fcc40f70e73bc70ee6
amouyal:72,set_28,144,prob,gp,simple,demo_rev_query_reg_chat_assertion,rev,reg,chat,assertion,0.9963457584381104,0.9963457584381104,1,0.9978871941566467,fb6fa60a604785794d249892c9a671a8b42112009126f1f94c6b4e7a96bfe3ad
amouyal:73,set_28,145,prob,gp,lingering,demo_rev_query_reg_chat_assertion,rev,reg,chat,assertion,0.10239861905574799,0.897601380944252,1,0.996739387512207,e010467662a028959f0c51f7a1a039e4a23a827d4ac754578ab92760b1e6c65a
amouyal:74,set_28,148,prob,non_gp,simple,demo_rev_query_reg_chat_assertion,rev,reg,chat,assertion,0.999981164932251,0.999981164932251,1,0.9971861839294434,1978a6e551fb948099af17e2faa1c1a60992fc4fd7cf2d90bd91a80bc21b5ec6
amouyal:75,set_28,149,prob,non_gp,lingering,demo_rev_query_reg_chat_assertion,rev,reg,chat,assertion,0.014369135722517967,0.985630864277482,1,0.9977381229400635,8995592c8d9813209f3501b6fad4bb64ad09a5209f9f9eeccafff3c32ee7cfd2
amouyal:76,set_29,152,prob,gp,simple,demo_rev_query_reg_chat_assertion,rev,reg,chat,assertion,0.9995635151863098,0.9995635151863098,1,0.9985945224761963,7a380dc7ca2ea9a7249e6afd3937a913dc9c99dfebcc8ae1797652efb7d5b54e
amouyal:77,set_29,153,prob,gp,lingering,demo_rev_query_reg_chat_assertion,rev,reg,chat,assertion,0.9971395134925842,0.0028604865074157715,0,0.9973815083503723,5596c449b5c5b07c1ee2937448c18af73a7cf67e85a90c7ef6bd81235bce9924
amouyal:78,set_29,156,prob,non_gp,simple,demo_rev_query_reg_chat_assertion,rev,reg,chat,assertion,0.9999542832374573,0.9999542832374573,1,0.9981520175933838,f735117436e3037f6fe7fb8b3dc3a176737df9ee2e5daf523b552bd2b2eb3589
amouyal:79,set_29,157,prob,non_gp,lingering,demo_rev_query_reg_chat_assertion,rev,reg,chat,assertion,0.6154787540435791,0.3845212459564209,0,0.9914244413375854,6c7b64473d8adf94cedf0e2882ca1db49a5928ab456b0f0994fedcf435b5578c
amouyal:80,set_30,160,prob,gp,simple,demo_rev_query_reg_chat_assertion,rev,reg,chat,assertion,0.9997406601905823,0.9997406601905823,1,0.9978001713752747,6a399ab748ec2919316228aeef5c33332f27550c5752eb315994b7520d2d537c
amouyal:81,set_30,161,prob,gp,lingering,demo_rev_query_reg_chat_assertion,rev,reg,chat,assertion,0.9993512034416199,0.000648796558380127,0,0.9977893233299255,5bc04002127b13ba2b26ba8d2e115513ef6dc956604a441f981f9f20255d7487
amouyal:82,set_30,164,prob,non_gp,simple,demo_rev_query_reg_chat_assertion,rev,reg,chat,assertion,0.9998885989189148,0.9998885989189148,1,0.9974879026412964,1b355873b7961018b2134a05db4909ee0deb254c0f07c730a5c6cbf7c5dffe53
amouyal:83,set_30,165,prob,non_gp,lingering,demo_rev_query_reg_chat_assertion,rev,reg,chat,assertion,0.9986318349838257,0.0013681650161743164,0,0.9975711703300476,46c2ea2008ec2d1bdee0edb6385d3ff56cd56c0ae6e0f99ca317a9d23af613b2
amouyal:84,set_31,168,prob,gp,simple,demo_rev_query_reg_chat_assertion,rev,reg,chat,assertion,0.9978933930397034,0.9978933930397034,1,0.9971142411231995,4d34a00484e007183a2381a53fd3d0b6b7a985230f35e17c2f0064652623cb14
amouyal:85,set_31,169,prob,gp,lingering,demo_rev_query_reg_chat_assertion,rev,reg,chat,assertion,0.7048138976097107,0.2951861023902893,0,0.9969685673713684,e9305a90a208e1658a4ed34eeab8e5bd0e83ac16494e09be5ee730045ba5472a
amouyal:86,set_31,172,prob,non_gp,simple,demo_rev_query_reg_chat_assertion,rev,reg,chat,assertion,0.9999768137931824,0.9999768137931824,1,0.9974861741065979,29e39dd2ecbb9efda84edcb9132caa5db9ba3723959660e034196943bbe6368d
amouyal:87,set_31,173,prob,non_gp,lingering,demo_rev_query_reg_chat_assertion,rev,reg,chat,assertion,0.9351687431335449,0.06483125686645508,0,0.9977944493293762,fff54354ae36b86cdf3adbd74f02b0fb117d32b186895db08d849d558782f6ae
amouyal:88,set_32,176,prob,gp,simple,demo_rev_query_reg_chat_assertion,rev,reg,chat,assertion,0.9922036528587341,0.9922036528587341,1,0.9960399866104126,0c9578d0950662c8918ab0c9daf593d0a03baa987a7cfa9c186193b363c3dbc3
amouyal:89,set_32,177,prob,gp,lingering,demo_rev_query_reg_chat_assertion,rev,reg,chat,assertion,0.45170220732688904,0.548297792673111,1,0.9944489598274231,211300b5a7ed30c00fdef15c2df6bebe4c9bda1e2b63a75c8022228eaff2dbc9
amouyal:90,set_32,180,prob,non_gp,simple,demo_rev_query_reg_chat_assertion,rev,reg,chat,assertion,0.9999866485595703,0.9999866485595703,1,0.9974634647369385,ec2ea40ee81e081b8b2ab3e03fef318e84fe30d3b0055876e5025d2955617cdb
amouyal:91,set_32,181,prob,non_gp,lingering,demo_rev_query_reg_chat_assertion,rev,reg,chat,assertion,3.555428729207222e-10,0.9999999996444571,1,0.9993563294410706,1e06db356aa8af2d83207d9d3aa62e5c76abfe601e33e040f93c99bbe8b96eac
amouyal:92,set_33,184,prob,gp,simple,demo_rev_query_reg_chat_assertion,rev,reg,chat,assertion,0.9987363219261169,0.9987363219261169,1,0.9988922476768494,d9a5cde8f43fe0ad8009054152aff50b8d397c7125bd81edeb759b60bbc4bc70
amouyal:93,set_33,185,prob,gp,lingering,demo_rev_query_reg_chat_assertion,rev,reg,chat,assertion,0.9947749376296997,0.005225062370300293,0,0.9985883831977844,9e1c885e7b4e5d6b8778293de2eb049f12966ad3f9776f457c009fab276d56a6
amouyal:94,set_33,188,prob,non_gp,simple,demo_rev_query_reg_chat_assertion,rev,reg,chat,assertion,0.9999635815620422,0.9999635815620422,1,0.9977976679801941,76fb6b2b2ca50f51d3cd720fc98a55663dd05d62184562f9dea316f855f7c12e
amouyal:95,set_33,189,prob,non_gp,lingering,demo_rev_query_reg_chat_assertion,rev,reg,chat,assertion,0.9999080896377563,9.191036224365234e-05,0,0.9986573457717896,50aa20190dcb3b1093d96482a9b9fd3e2b7844870b6b303dceab8d81e2384df5
amouyal:96,set_34,192,prob,gp,simple,demo_rev_query_reg_chat_assertion,rev,reg,chat,assertion,0.9990227222442627,0.9990227222442627,1,0.9977145791053772,db250d710afa5f62864c668a79b6e21fb73f463d054e55a74e2fef9f2bcef91f
amouyal:97,set_34,193,prob,gp,lingering,demo_rev_query_reg_chat_assertion,rev,reg,chat,assertion,0.8918848633766174,0.10811513662338257,0,0.9971008896827698,4372ebb89a34101c6f675995a27e398ffdc75fa3570a61af0a38313069a14b66
amouyal:98,set_34,196,prob,non_gp,simple,demo_rev_query_reg_chat_assertion,rev,reg,chat,assertion,0.9999517202377319,0.9999517202377319,1,0.9980743527412415,e4dd0c082a7c27d0c1d3a01cee7dd7b15599247799d007d24dbd1f65ac81160c
amouyal:99,set_34,197,prob,non_gp,lingering,demo_rev_query_reg_chat_assertion,rev,reg,chat,assertion,1.74503347807331e-05,0.9999825496652193,1,0.9995778203010559,927346e13aecc4dd817862516cfe56598cd4b1d6d5f9ed6c2116e32383bad34a
amouyal:100,set_35,200,prob,gp,simple,demo_rev_query_reg_chat_assertion,rev,reg,chat,assertion,0.9971094131469727,0.9971094131469727,1,0.996526837348938,6e06928ba3f28d0f5dc9b5369cc2b6e9d8642da2924af4f3ecdd5318ca272460
amouyal:101,set_35,201,prob,gp,lingering,demo_rev_query_reg_chat_assertion,rev,reg,chat,assertion,0.13873407244682312,0.8612659275531769,1,0.9897009134292603,797ba1613f29fb1aae06c3a542abfc4222c9b030bb40e3a90c0116864b7fdecd
amouyal:102,set_35,204,prob,non_gp,simple,demo_rev_query_reg_chat_assertion,rev,reg,chat,assertion,0.9999291300773621,0.9999291300773621,1,0.9971753358840942,08f6c482b809007df5e91d21f3be2ec28b57133255b5361cefdc0b023a88e6f3
amouyal:103,set_35,205,prob,non_gp,lingering,demo_rev_query_reg_chat_assertion,rev,reg,chat,assertion,0.9999200105667114,7.998943328857422e-05,0,0.99798583984375,90966b3502f546da429aec424b3e9934c9dfc4d28f484d266d054a27fd3cb23b
amouyal:104,set_36,208,prob,gp,simple,demo_rev_query_reg_chat_assertion,rev,reg,chat,assertion,0.9994470477104187,0.9994470477104187,1,0.9985774159431458,9039ac9175ff82a2421211444cf7b36f6a3407c8b6b1b79abbe412778fc3ace5
amouyal:105,set_36,209,prob,gp,lingering,demo_rev_query_reg_chat_assertion,rev,reg,chat,assertion,0.9968358278274536,0.0031641721725463867,0,0.9982079267501831,128235dc33c7269d10e0b72078bd444e0cc5f2bc4c74517392a2cc9f4c7b0eb6
amouyal:106,set_36,212,prob,non_gp,simple,demo_rev_query_reg_chat_assertion,rev,reg,chat,assertion,0.9999922513961792,0.9999922513961792,1,0.997409462928772,c11167a5b76b9db735a71c8604fcef44264ac42334f73068c9720a3c6e0b6d5f
amouyal:107,set_36,213,prob,non_gp,lingering,demo_rev_query_reg_chat_assertion,rev,reg,chat,assertion,0.9645611643791199,0.03543883562088013,0,0.9984068870544434,2e3896e16007de20028d6882bd8db582a4db2b2ee5aa441329e18f284ccb8750
amouyal:108,set_37,216,prob,gp,simple,demo_rev_query_reg_chat_assertion,rev,reg,chat,assertion,0.11087894439697266,0.11087894439697266,0,0.9964611530303955,263909f521f56bfcef0f19497d047410bfad18e52900dfd2c761a269322d0256
amouyal:109,set_37,217,prob,gp,lingering,demo_rev_query_reg_chat_assertion,rev,reg,chat,assertion,0.9807155132293701,0.019284486770629883,0,0.9965230226516724,c2bea13fba99fa02123533f80b10c71f3fce7996c83de0813cd48e5c3de9c560
amouyal:110,set_37,220,prob,non_gp,simple,demo_rev_query_reg_chat_assertion,rev,reg,chat,assertion,0.9996249675750732,0.9996249675750732,1,0.9968553781509399,19b668794b7ba0a8f7ddf4083e303bc57a44dca81a938608944e1c3dab82effe
amouyal:111,set_37,221,prob,non_gp,lingering,demo_rev_query_reg_chat_assertion,rev,reg,chat,assertion,0.0020504207350313663,0.9979495792649686,1,0.9984461665153503,760eaa4abddf9df10a33750bae5a34be1c32bd8da514b098d9de6c5f7117e620
amouyal:112,set_38,224,prob,gp,simple,demo_rev_query_reg_chat_assertion,rev,reg,chat,assertion,0.48655763268470764,0.48655763268470764,0,0.9945907592773438,92ec53970fa4c791a2961b81495ff822b7665c38ff62f8b324aea8a1b9ed4bce
amouyal:113,set_38,225,prob,gp,lingering,demo_rev_query_reg_chat_assertion,rev,reg,chat,assertion,0.9578945636749268,0.04210543632507324,0,0.9981142282485962,0766fe845b1322567e8e413e85b5e3b52c7f969f76811f62dc0d315f474721eb
amouyal:114,set_38,228,prob,non_gp,simple,demo_rev_query_reg_chat_assertion,rev,reg,chat,assertion,0.9991682171821594,0.9991682171821594,1,0.9984894394874573,b4948935a1ebfc16ccd3995b2752ea20d2e59b5ef839c6d5d1af5e50fcfc5cf1
amouyal:115,set_38,229,prob,non_gp,lingering,demo_rev_query_reg_chat_assertion,rev,reg,chat,assertion,0.8547252416610718,0.14527475833892822,0,0.9956471920013428,20c4521ce40e0a3a0b6f9ed621f59d5af1590f317a4a94a11fdbd24a0e53c8f4
amouyal:116,set_39,232,prob,gp,simple,demo_rev_query_reg_chat_assertion,rev,reg,chat,assertion,0.9958215355873108,0.9958215355873108,1,0.9981967210769653,627139322af67e3b2407d1356d554ffa2ef5b79bac151f26f4c09abc162d3fde
amouyal:117,set_39,233,prob,gp,lingering,demo_rev_query_reg_chat_assertion,rev,reg,chat,assertion,0.9921014904975891,0.007898509502410889,0,0.9974760413169861,d8099f141bbdcf08d8c80100c6c28433c26078b7a2b382e7aee877a8fd0ef781
amouyal:118,set_39,236,prob,non_gp,simple,demo_rev_query_reg_chat_assertion,rev,reg,chat,assertion,0.9999128580093384,0.9999128580093384,1,0.9983718395233154,02732ed113babe17baecafed5c6f20da72077f384a066d26f666d0d26b833ead
amouyal:119,set_39,237,prob,non_gp,lingering,demo_rev_query_reg_chat_assertion,rev,reg,chat,assertion,0.994941771030426,0.005058228969573975,0,0.9981098771095276,9c0f219f7be99ecd49a6ff28b7f3c5509357160a903cb63cca123214eedbf907
amouyal:120,set_40,240,prob,gp,simple,demo_rev_query_reg_chat_assertion,rev,reg,chat,assertion,0.5095618963241577,0.5095618963241577,1,0.994584321975708,773edbc7193934ec39de95caa8a78c49fe29dc0c665dd3383bcd8eb81d71eacf
amouyal:121,set_40,241,prob,gp,lingering,demo_rev_query_reg_chat_assertion,rev,reg,chat,assertion,0.9906975030899048,0.009302496910095215,0,0.997055172920227,1896d1e76d348fc8443d2ace60ee53f46d7d355071e9de3a407ffd7bc1785f89
amouyal:122,set_40,244,prob,non_gp,simple,demo_rev_query_reg_chat_assertion,rev,reg,chat,assertion,0.9993962049484253,0.9993962049484253,1,0.9965349435806274,6485b6ff75d1b5bd2d0d6d13d6ab04b0badb3b5fe7ace1218f0ee2e39e50dd82
amouyal:123,set_40,245,prob,non_gp,lingering,demo_rev_query_reg_chat_assertion,rev,reg,chat,assertion,0.00038626306923106313,0.9996137369307689,1,0.9982934594154358,a4014e6a4282a042dc6d71a51563e243afd546475ae9b7a600f6a571948e0f1d
amouyal:124,set_41,248,prob,gp,simple,demo_rev_query_reg_chat_assertion,rev,reg,chat,assertion,0.9995133280754089,0.9995133280754089,1,0.998125433921814,61635e7d3ec799f9128d699ac9a51f0d5adfb0b7d9a0b35db935118232e6eb45
amouyal:125,set_41,249,prob,gp,lingering,demo_rev_query_reg_chat_assertion,rev,reg,chat,assertion,0.7603393793106079,0.2396606206893921,0,0.9936476945877075,4c6aa55ce34c2cf596cad09e4616895b26e919b41a65009a2cb17dbbe8b4eb7b
amouyal:126,set_41,252,prob,non_gp,simple,demo_rev_query_reg_chat_assertion,rev,reg,chat,assertion,0.9999927282333374,0.9999927282333374,1,0.9983101487159729,022fec40c7495e3089675e0a7a2842b02b5b17cc8ba8f1ef1c9dbd3bc458d316
amouyal:127,set_41,253,prob,non_gp,lingering,demo_rev_query_reg_chat_assertion,rev,reg,chat,assertion,0.9975141286849976,0.0024858713150024414,0,0.9982823729515076,e06a146d349af9be34708749c862587c1e26ac6737a6bb88096a9c387e072799
amouyal:128,set_42,256,prob,gp,simple,demo_rev_query_reg_chat_assertion,rev,reg,chat,assertion,0.9999639987945557,0.9999639987945557,1,0.9985923767089844,f16b367caad5f13abb8a6a07274d07fb4f35e706a5512f46f8a4d9e711e08e54
amouyal:129,set_42,257,prob,gp,lingering,demo_rev_query_reg_chat_assertion,rev,reg,chat,assertion,0.9999085068702698,9.149312973022461e-05,0,0.9984281063079834,a84329bd725db0ec0084af9b024eff07a829a120b8c9ef9261e952e0e15f1805
amouyal:130,set_42,260,prob,non_gp,simple,demo_rev_query_reg_chat_assertion,rev,reg,chat,assertion,0.9999871850013733,0.9999871850013733,1,0.9980519413948059,daeaeb3d47456fb936d1e265a3828e25b396e5c0a4581db7220dbd98222ec968
amouyal:131,set_42,261,prob,non_gp,lingering,demo_rev_query_reg_chat_assertion,rev,reg,chat,assertion,0.8673809766769409,0.13261902332305908,0,0.9964092969894409,3c1dddf6fd8fa676b4161dd34050e6f4a8b4ac3aed36391bcd97f3bd3ee11f03
amouyal:132,set_43,264,prob,gp,simple,demo_rev_query_reg_chat_assertion,rev,reg,chat,assertion,0.9994019865989685,0.9994019865989685,1,0.9985670447349548,ad0eb9eb561f075a69ca47fc35f21ff44ca71708778a83de858269ab804a6525
amouyal:133,set_43,265,prob,gp,lingering,demo_rev_query_reg_chat_assertion,rev,reg,chat,assertion,0.9989463090896606,0.0010536909103393555,0,0.9976573586463928,35f71e16b8a2fb9782879164ea04bd6c204351f38dfadef0b84a8e4b5dda71d3
amouyal:134,set_43,268,prob,non_gp,simple,demo_rev_query_reg_chat_assertion,rev,reg,chat,assertion,0.9999709129333496,0.9999709129333496,1,0.9979272484779358,15dd20510a4e7339b18cfa116fd47929255024ce4ad9e6a45a0f8aa2bbd36c8b
amouyal:135,set_43,269,prob,non_gp,lingering,demo_rev_query_reg_chat_assertion,rev,reg,chat,assertion,0.9998757839202881,0.00012421607971191406,0,0.9964914321899414,81b81933c31aad50977982d19c802ad8898efb4a0058c0987b0faeae7d143393
amouyal:136,set_44,272,prob,gp,simple,demo_rev_query_reg_chat_assertion,rev,reg,chat,assertion,0.923466682434082,0.923466682434082,1,0.9946929216384888,7e40408d6ff6a5f637a5809d89241c466af00ad6e928442ac98944f2a21e4f79
amouyal:137,set_44,273,prob,gp,lingering,demo_rev_query_reg_chat_assertion,rev,reg,chat,assertion,0.9394330978393555,0.06056690216064453,0,0.9953606724739075,aff80544264077853cb6f23a968bf36ba7c4e4cdbf86c7af762e4d394a60b7dc
amouyal:138,set_44,276,prob,non_gp,simple,demo_rev_query_reg_chat_assertion,rev,reg,chat,assertion,0.9967893958091736,0.9967893958091736,1,0.9974319934844971,f91e232ad7f10648a2fcfed701906cfe2fdb60e9552d27dd445c1116029b97fc
amouyal:139,set_44,277,prob,non_gp,lingering,demo_rev_query_reg_chat_assertion,rev,reg,chat,assertion,0.9902946352958679,0.00970536470413208,0,0.9977862238883972,1e1c26c9fa4da0eb5e943b6192612e901afe68418f6d9d68c4f13bf4bc4bce4e
amouyal:140,set_45,280,prob,gp,simple,demo_rev_query_reg_chat_assertion,rev,reg,chat,assertion,0.9863396286964417,0.9863396286964417,1,0.9980093240737915,2593d1ce9348a8a72ff13cb008ff18870fb2ff6f23a0a087eeebde2422c425a7
amouyal:141,set_45,281,prob,gp,lingering,demo_rev_query_reg_chat_assertion,rev,reg,chat,assertion,0.9592105746269226,0.04078942537307739,0,0.9954738616943359,6f9ee161ab03b76bd00fa2f9c33cfa9fc5b2f75296904afb1aaa5313914b1d23
amouyal:142,set_45,284,prob,non_gp,simple,demo_rev_query_reg_chat_assertion,rev,reg,chat,assertion,0.9999821186065674,0.9999821186065674,1,0.9979584813117981,da11f03c01a7a89097e224ffa466e1c549b27cf0b8317c8386516868a32aef8c
amouyal:143,set_45,285,prob,non_gp,lingering,demo_rev_query_reg_chat_assertion,rev,reg,chat,assertion,0.9998513460159302,0.00014865398406982422,0,0.9981693029403687,8050529387421821c4d55787cc503a6bdc1421163fb4e4592d05191c82ab0543
amouyal:144,set_hyp5_1,288,reflexive,non_gp,simple,demo_rev_query_reg_chat_assertion,rev,reg,chat,assertion,0.9999101161956787,0.9999101161956787,1,0.9974889755249023,aa76c780d07e4a424b011476520140e79cd4341e1cc4d825f3850be00bf77b4a
amouyal:145,set_hyp5_1,289,reflexive,non_gp,lingering,demo_rev_query_reg_chat_assertion,rev,reg,chat,assertion,0.9286013245582581,0.07139867544174194,0,0.9954844117164612,283ad5d1fbce1afa175a06ef41ff3a4068af7ad72d81b8a81b6fdf0c6019dfcb
amouyal:146,set_hyp5_2,290,reflexive,non_gp,simple,demo_rev_query_reg_chat_assertion,rev,reg,chat,assertion,0.9999854564666748,0.9999854564666748,1,0.9982028603553772,d049b1f6e76fee42cccad3c3ac5d8e9934e3c98e679a281c8fbdc40a5b8c5c00
amouyal:147,set_hyp5_2,291,reflexive,non_gp,lingering,demo_rev_query_reg_chat_assertion,rev,reg,chat,assertion,8.236712006892688e-11,0.9999999999176329,1,0.9992203712463379,01f26e21a496e269b1a0fe74c5fb4505dc4900a083a42aa458eed5d628d6fe8f
amouyal:148,set_hyp5_3,292,reflexive,non_gp,simple,demo_rev_query_reg_chat_assertion,rev,reg,chat,assertion,0.9999547600746155,0.9999547600746155,1,0.9970734715461731,a0720d102e10b15e83e411acc26d21e63fcae967b31c9b4ed8f23e2dfea31831
amouyal:149,set_hyp5_3,293,reflexive,non_gp,lingering,demo_rev_query_reg_chat_assertion,rev,reg,chat,assertion,8.78593808817385e-10,0.9999999991214061,1,0.9994508624076843,767c66eb4a6abf1260af72347853f4ed5de513600a92ed828117ddbb0ea1e746
amouyal:150,set_hyp5_4,294,reflexive,non_gp,simple,demo_rev_query_reg_chat_assertion,rev,reg,chat,assertion,0.9998384714126587,0.9998384714126587,1,0.9972385168075562,f9802c77c01936c20036132385a06ed281b91954ed3596c72c4baeed8db97d78
amouyal:151,set_hyp5_4,295,reflexive,non_gp,lingering,demo_rev_query_reg_chat_assertion,rev,reg,chat,assertion,5.068599318036604e-09,0.9999999949314007,1,0.9991070032119751,3a0b6363f1ca40c485c0336fde5885afe81d783d3c93fd56376958ffe2fccc46
amouyal:152,set_hyp5_5,296,reflexive,non_gp,simple,demo_rev_query_reg_chat_assertion,rev,reg,chat,assertion,0.9999814629554749,0.9999814629554749,1,0.9980565309524536,598e9178782f12161a77dd091db5f225b2f3e2b3ec4aca636878eb6fc4b8e543
amouyal:153,set_hyp5_5,297,reflexive,non_gp,lingering,demo_rev_query_reg_chat_assertion,rev,reg,chat,assertion,4.516144680444256e-10,0.9999999995483855,1,0.9993681311607361,950c6541ca9d5a7b4e3173d8bced470ec4f289ade5b17b555b63d6b399e70f7c
amouyal:154,set_hyp5_6,298,reflexive,non_gp,simple,demo_rev_query_reg_chat_assertion,rev,reg,chat,assertion,0.999981164932251,0.999981164932251,1,0.9977502822875977,4e7e52f7fadbea2ed95cc364c727e4225d21da0108fb62939bdd3723a41e8849
amouyal:155,set_hyp5_6,299,reflexive,non_gp,lingering,demo_rev_query_reg_chat_assertion,rev,reg,chat,assertion,0.026035236194729805,0.9739647638052702,1,0.9954728484153748,7edd77c615add51e30c74e7d3e0ada2c9fea7f9ebfd2266d50b7ac8b1a443e05
amouyal:156,set_hyp5_7,300,reflexive,non_gp,simple,demo_rev_query_reg_chat_assertion,rev,reg,chat,assertion,0.9999254941940308,0.9999254941940308,1,0.9981685876846313,f2a65549cc8240dd4c37723740db9367533679ba75572b12c020f77e739b796e
amouyal:157,set_hyp5_7,301,reflexive,non_gp,lingering,demo_rev_query_reg_chat_assertion,rev,reg,chat,assertion,3.975448581439167e-10,0.9999999996024551,1,0.9989564418792725,5a5a2950af5e67170f8990ad1389fb3821cdb47829ae8394e3078ad82db70a25
amouyal:158,set_hyp5_8,302,reflexive,non_gp,simple,demo_rev_query_reg_chat_assertion,rev,reg,chat,assertion,0.9999629259109497,0.9999629259109497,1,0.9975299835205078,09bc9c3804b453d22fce988a920c12a3c525cb02ccf3066717e5b337f48f392a
amouyal:159,set_hyp5_8,303,reflexive,non_gp,lingering,demo_rev_query_reg_chat_assertion,rev,reg,chat,assertion,4.1701600506094394e-10,0.999999999582984,1,0.999369204044342,484207e5dbc7828b5b54c7cff18159d5d3d020fee3d11466a0747d3359a706f7
amouyal:160,set_hyp5_9,304,reflexive,non_gp,simple,demo_rev_query_reg_chat_assertion,rev,reg,chat,assertion,0.9999703168869019,0.9999703168869019,1,0.9982342720031738,9527ac4b4804f28a55b5383c92af7608d93542882c0c4ec5bc7416e6f70537dc
amouyal:161,set_hyp5_9,305,reflexive,non_gp,lingering,demo_rev_query_reg_chat_assertion,rev,reg,chat,assertion,0.845183789730072,0.15481621026992798,0,0.992265522480011,72ec14588851305880767356dc9ed6eb321ca12acc17a4a4873f4209b857ecb2
amouyal:162,set_hyp5_10,306,reflexive,non_gp,simple,demo_rev_query_reg_chat_assertion,rev,reg,chat,assertion,0.9999521970748901,0.9999521970748901,1,0.9984248280525208,8115540a10d0b9cb885c0eab81c38368839a360dcfa6792c5dda0e64760693c1
amouyal:163,set_hyp5_10,307,reflexive,non_gp,lingering,demo_rev_query_reg_chat_assertion,rev,reg,chat,assertion,0.9950050711631775,0.00499492883682251,0,0.9968554973602295,36feb7ac82f93936764bdd5f21d7cfb1f73523e3d99cb133585460cd637ee4a1
amouyal:164,set_hyp5_11,308,reflexive,non_gp,simple,demo_rev_query_reg_chat_assertion,rev,reg,chat,assertion,0.9999747276306152,0.9999747276306152,1,0.9976024627685547,67456c2cbc54f3583c04ebf923706f7154db0a789e2290cefe4b80eebdbf1ad3
amouyal:165,set_hyp5_11,309,reflexive,non_gp,lingering,demo_rev_query_reg_chat_assertion,rev,reg,chat,assertion,1.4922060809219317e-10,0.9999999998507794,1,0.9993022680282593,9b8a51e62d034b7b43480094af9b9a1ad730443cbada9da7acc7869ae7ed8f21
amouyal:166,set_hyp5_12,310,reflexive,non_gp,simple,demo_rev_query_reg_chat_assertion,rev,reg,chat,assertion,0.9999899864196777,0.9999899864196777,1,0.9980310201644897,5a7c423dcbabe8a07a34b00abf93f419a142cb3162f0b831bc53da67d24bd394
amouyal:167,set_hyp5_12,311,reflexive,non_gp,lingering,demo_rev_query_reg_chat_assertion,rev,reg,chat,assertion,1.945967653682601e-08,0.9999999805403235,1,0.9994579553604126,d7e757d7e0b7b8603b6a156c8ee9c742c3c6ce12ab3595e60e89a8a416b47550
amouyal:168,set_hyp5_13,312,reflexive,non_gp,simple,demo_rev_query_reg_chat_assertion,rev,reg,chat,assertion,0.9999416470527649,0.9999416470527649,1,0.9965647459030151,444974b573794a141bff19c674c944e83ae41982c3ab388ce2057ecd18991314
amouyal:169,set_hyp5_13,313,reflexive,non_gp,lingering,demo_rev_query_reg_chat_assertion,rev,reg,chat,assertion,1.0351489665438862e-09,0.999999998964851,1,0.9994973540306091,ee3537361b2f789fecefa88024b2b05b156366173e5ef4ac7a8f4b53c9c7aa57
amouyal:170,set_hyp5_14,314,reflexive,non_gp,simple,demo_rev_query_reg_chat_assertion,rev,reg,chat,assertion,0.1266312152147293,0.1266312152147293,0,0.9901807904243469,fe39bccfd1c5d3ab9b560ffb4a4a38d374745ede602ffe6af85c7c62f63ad7ce
amouyal:171,set_hyp5_14,315,reflexive,non_gp,lingering,demo_rev_query_reg_chat_assertion,rev,reg,chat,assertion,4.334993093380035e-07,0.9999995665006907,1,0.9989516139030457,29f141e96ae430863bc159065cbee362e83522b7a06f0160001e0c1a87842ce4
amouyal:172,set_hyp5_15,316,reflexive,non_gp,simple,demo_rev_query_reg_chat_assertion,rev,reg,chat,assertion,0.9999915957450867,0.9999915957450867,1,0.9979619979858398,989c3d3468d375fdad3bb4a43b50d175f3ddb16772cc54baff3568f5bea10147
amouyal:173,set_hyp5_15,317,reflexive,non_gp,lingering,demo_rev_query_reg_chat_assertion,rev,reg,chat,assertion,3.3804394661274273e-06,0.9999966195605339,1,0.9990054965019226,dfbb7308a10b9f1edc664920b6cc5d86982bea64ebec4da4c3c05091ad85aa0e
amouyal:174,set_hyp5_16,318,reflexive,non_gp,simple,demo_rev_query_reg_chat_assertion,rev,reg,chat,assertion,0.9999242424964905,0.9999242424964905,1,0.9979100823402405,9b951ac90157cc74662efd587173da5c5631dab0e0563087729d92feddd59421
amouyal:175,set_hyp5_16,319,reflexive,non_gp,lingering,demo_rev_query_reg_chat_assertion,rev,reg,chat,assertion,0.9977966547012329,0.00220334529876709,0,0.9977501630783081,f108f178c204d59b9f80bdb617949be45adef2972777a5e1ae4cec8d205e9993
amouyal:176,set_hyp5_17,320,reflexive,non_gp,simple,demo_rev_query_reg_chat_assertion,rev,reg,chat,assertion,0.999925434589386,0.999925434589386,1,0.9979061484336853,0425da79a9be780461d381917c9892830afc0437aac55af5d7824d0d845ca287
amouyal:177,set_hyp5_17,321,reflexive,non_gp,lingering,demo_rev_query_reg_chat_assertion,rev,reg,chat,assertion,2.506806429103392e-10,0.9999999997493194,1,0.9987486004829407,3d125c977cf2e662196705d19faf5dd9e6ae5a60426dcd5740a7514d1062191d
amouyal:178,set_hyp5_18,322,reflexive,non_gp,simple,demo_rev_query_reg_chat_assertion,rev,reg,chat,assertion,1.4748630405847507e-07,1.4748630405847507e-07,0,0.9951015114784241,31c0e2aab3e2e8b386dae87b32c028cf1adcafc5c4cf672ab78b0500b6c2b9de
amouyal:179,set_hyp5_18,323,reflexive,non_gp,lingering,demo_rev_query_reg_chat_assertion,rev,reg,chat,assertion,2.0212649332052024e-08,0.9999999797873507,1,0.9992161989212036,d83de758795dd604f1561958ee40abecb4cc7fc6224f0de8c3cb526949d5ea2e
amouyal:180,set_hyp5_19,324,reflexive,non_gp,simple,demo_rev_query_reg_chat_assertion,rev,reg,chat,assertion,0.9999772310256958,0.9999772310256958,1,0.9981038570404053,b81578d45393989bfd25e16a4fcf6d26cfa169ab30bbbd276cd7240ac9792eec
amouyal:181,set_hyp5_19,325,reflexive,non_gp,lingering,demo_rev_query_reg_chat_assertion,rev,reg,chat,assertion,6.584383593910559e-10,0.9999999993415616,1,0.9994239807128906,28d7c20c252b9547e062571fe73527750d9460f5444f7aa22dbfea810cc7efb1
amouyal:182,set_hyp5_20,326,reflexive,non_gp,simple,demo_rev_query_reg_chat_assertion,rev,reg,chat,assertion,0.9998524785041809,0.9998524785041809,1,0.9972649812698364,1afee273ce276c9b7c479f72a9ee5103fef2eb4d1e2cb103d4968447bcaf420f
amouyal:183,set_hyp5_20,327,reflexive,non_gp,lingering,demo_rev_query_reg_chat_assertion,rev,reg,chat,assertion,0.0008077080128714442,0.9991922919871286,1,0.998954713344574,04076f91b8e69e9e0f331c327a9717d8a789ae8fb60d2c07d46ae15409bbcdf5
amouyal:184,set_hyp5_21,328,reflexive,non_gp,simple,demo_rev_query_reg_chat_assertion,rev,reg,chat,assertion,0.9999201893806458,0.9999201893806458,1,0.9956203103065491,23299327cfd30f4fd79b81e20ec8e9fe4855b23351e02ac9afa42a787202fa8d
amouyal:185,set_hyp5_21,329,reflexive,non_gp,lingering,demo_rev_query_reg_chat_assertion,rev,reg,chat,assertion,4.918884587823413e-05,0.9999508111541218,1,0.9990292191505432,e6621084cf27b0882ab9c2031b2e4f361c338bdde58df0cbfb2017dbc959c68b
amouyal:186,set_hyp5_22,330,reflexive,non_gp,simple,demo_rev_query_reg_chat_assertion,rev,reg,chat,assertion,0.9999802708625793,0.9999802708625793,1,0.9973461031913757,3297b9a7313503085b621d267758274801105a1dab067aa377fdf8104d7b091a
amouyal:187,set_hyp5_22,331,reflexive,non_gp,lingering,demo_rev_query_reg_chat_assertion,rev,reg,chat,assertion,2.3404755911116126e-09,0.9999999976595244,1,0.9989995360374451,bbb31530933ae1db86aa8c3bf5b257fba47f073731b11e89ce0eed105243b403
amouyal:188,set_hyp5_23,332,reflexive,non_gp,simple,demo_rev_query_reg_chat_assertion,rev,reg,chat,assertion,0.9999915361404419,0.9999915361404419,1,0.9983299970626831,4a41c1524d3d1ad3c02ee84ea416e385aa68e9b7c826ce2cdc3eb54fb55a975c
amouyal:189,set_hyp5_23,333,reflexive,non_gp,lingering,demo_rev_query_reg_chat_assertion,rev,reg,chat,assertion,0.00015144224744290113,0.9998485577525571,1,0.9995510578155518,4fbd6f49e59f5a48a3cce7c27f27d8041bfe7c1d1e62c9931dfba5d226fb41e9
amouyal:190,set_hyp5_24,334,reflexive,non_gp,simple,demo_rev_query_reg_chat_assertion,rev,reg,chat,assertion,0.9999458193778992,0.9999458193778992,1,0.9946930408477783,7696e88008016ace1ad683c83ed9c8eb10300b6b72a684485403a98eb33f4622
amouyal:191,set_hyp5_24,335,reflexive,non_gp,lingering,demo_rev_query_reg_chat_assertion,rev,reg,chat,assertion,0.0010315452236682177,0.9989684547763318,1,0.9989247918128967,e056dfc5c1a545d5eefe8fe76eaa348bc282b20693e6d572808f852ac93204ed
amouyal:192,set_hyp5_1,336,reflexive,gp,simple,demo_rev_query_reg_chat_assertion,rev,reg,chat,assertion,0.9990483522415161,0.9990483522415161,1,0.9979274868965149,4dd34aabb900abe77b9b3ebf21b1ea89b58eb5fc73c805549fe0e6026508eb0e
amouyal:193,set_hyp5_1,337,reflexive,gp,lingering,demo_rev_query_reg_chat_assertion,rev,reg,chat,assertion,0.012450669892132282,0.9875493301078677,1,0.9972087144851685,50cf0c8102fca5204c0707471e4abccb5282405cd841ff2b875c5e4a0f08db82
amouyal:194,set_hyp5_2,338,reflexive,gp,simple,demo_rev_query_reg_chat_assertion,rev,reg,chat,assertion,0.9999209046363831,0.9999209046363831,1,0.9983192682266235,db1cdb56bada9598e123e14a7d3b03ebe42126f8c8cbd2ad4f8a6c2122851a85
amouyal:195,set_hyp5_2,339,reflexive,gp,lingering,demo_rev_query_reg_chat_assertion,rev,reg,chat,assertion,3.811810074694222e-06,0.9999961881899253,1,0.9990484714508057,a61f669105418040620ba1bb639eed33b362f7ffc586eb9a85090ad4261bd3c6
amouyal:196,set_hyp5_3,340,reflexive,gp,simple,demo_rev_query_reg_chat_assertion,rev,reg,chat,assertion,0.992821991443634,0.992821991443634,1,0.9962871074676514,cbfb0c9dc82d36619c30cf58b40b6407e2eea8b4ed5abd682e34e0a58520a01c
amouyal:197,set_hyp5_3,341,reflexive,gp,lingering,demo_rev_query_reg_chat_assertion,rev,reg,chat,assertion,0.0001353798870695755,0.9998646201129304,1,0.9994444251060486,7b87d0f7ccd02add8da864e577b8c0120cc0112f96dc38d5bf2e44bf4ca54fda
amouyal:198,set_hyp5_4,342,reflexive,gp,simple,demo_rev_query_reg_chat_assertion,rev,reg,chat,assertion,0.9997647404670715,0.9997647404670715,1,0.9982673525810242,bd6eb74de0ed33c18d52a2f888cb27d3a5fc9b06a9c4d1814982d0801969c18d
amouyal:199,set_hyp5_4,343,reflexive,gp,lingering,demo_rev_query_reg_chat_assertion,rev,reg,chat,assertion,0.29468411207199097,0.705315887928009,1,0.9965489506721497,7d69b0a789d483f899c43865c9fc6aec77ab184e49e6e7f29158ed372f5fc131
amouyal:200,set_hyp5_5,344,reflexive,gp,simple,demo_rev_query_reg_chat_assertion,rev,reg,chat,assertion,0.9988851547241211,0.9988851547241211,1,0.9982653260231018,ae876b99d66a8bf90c7d14c354afb436bb70ed1b5131709093a0418510ac590a
amouyal:201,set_hyp5_5,345,reflexive,gp,lingering,demo_rev_query_reg_chat_assertion,rev,reg,chat,assertion,0.9114125967025757,0.08858740329742432,0,0.9960266351699829,8a1c932413e1924940a0475e22388c7748ca1b78cef4e8a9194c94195f2b606f
amouyal:202,set_hyp5_6,346,reflexive,gp,simple,demo_rev_query_reg_chat_assertion,rev,reg,chat,assertion,0.999415397644043,0.999415397644043,1,0.9979014992713928,4fe02a9d76b75b8ed468ae849d24b4ca192f79848ec402bcddf6ab44bc855a72
amouyal:203,set_hyp5_6,347,reflexive,gp,lingering,demo_rev_query_reg_chat_assertion,rev,reg,chat,assertion,0.28525587916374207,0.7147441208362579,1,0.9947355389595032,18fbb64c47e87c85880111c159761dd0dec08649740b043b243679d83451653b
amouyal:204,set_hyp5_7,348,reflexive,gp,simple,demo_rev_query_reg_chat_assertion,rev,reg,chat,assertion,0.9994916319847107,0.9994916319847107,1,0.9984515905380249,9abd5e9ba05647aa587c03b47bd935c3839432fac0c0f772af22f130e2d5a81a
amouyal:205,set_hyp5_7,349,reflexive,gp,lingering,demo_rev_query_reg_chat_assertion,rev,reg,chat,assertion,2.4448163458146155e-05,0.9999755518365419,1,0.9986266493797302,58fb10b5ca4ce914fbe77e238216cd6f3a8dbc2d726a032f036d736a275f2267
amouyal:206,set_hyp5_8,350,reflexive,gp,simple,demo_rev_query_reg_chat_assertion,rev,reg,chat,assertion,0.9998757839202881,0.9998757839202881,1,0.9973998665809631,d4b6cbbf7a2d69bd293fa20b71509b1fa4b6d5ade7e5cf8a9568ab9b6154ef92
amouyal:207,set_hyp5_8,351,reflexive,gp,lingering,demo_rev_query_reg_chat_assertion,rev,reg,chat,assertion,7.667952741030604e-05,0.9999233204725897,1,0.9988806247711182,3ac59e408e5ca72a9664cb07b3631d6764da7f2c4d83eeebfe3512a4756b8313
amouyal:208,set_hyp5_9,352,reflexive,gp,simple,demo_rev_query_reg_chat_assertion,rev,reg,chat,assertion,0.9999876022338867,0.9999876022338867,1,0.9989274740219116,2c8eb5717714650bbde2a77e94ccfbb81d76bfa029b00444574149f8141036c5
amouyal:209,set_hyp5_9,353,reflexive,gp,lingering,demo_rev_query_reg_chat_assertion,rev,reg,chat,assertion,0.9999451637268066,5.4836273193359375e-05,0,0.9977238774299622,205de54bc3409ccdebdf9310d140e820445e19d5a8c818d62422fbb9c1eecfb7
amouyal:210,set_hyp5_10,354,reflexive,gp,simple,demo_rev_query_reg_chat_assertion,rev,reg,chat,assertion,0.998227596282959,0.998227596282959,1,0.9985747933387756,bb19a7fbde8001e6b1a3c424dd006b84624d826a741dff64691038ac923184f6
amouyal:211,set_hyp5_10,355,reflexive,gp,lingering,demo_rev_query_reg_chat_assertion,rev,reg,chat,assertion,0.9870986938476562,0.01290130615234375,0,0.9965064525604248,ef851d500345757ce1fb1ea544ab4e35684cd3654b31bf6da31d5813d35460b3
amouyal:212,set_hyp5_11,356,reflexive,gp,simple,demo_rev_query_reg_chat_assertion,rev,reg,chat,assertion,0.9610353112220764,0.9610353112220764,1,0.9949557185173035,85de593fc2c9e64caa34999fd64a915dad1679dd4d1c2e36ea38a917750736a3
amouyal:213,set_hyp5_11,357,reflexive,gp,lingering,demo_rev_query_reg_chat_assertion,rev,reg,chat,assertion,0.04947633296251297,0.950523667037487,1,0.9941973686218262,395fddbb6b85f6df9ac972bf4ffbfde301dcb671e668d5a8a04e1f421e89b975
amouyal:214,set_hyp5_12,358,reflexive,gp,simple,demo_rev_query_reg_chat_assertion,rev,reg,chat,assertion,0.9999313950538635,0.9999313950538635,1,0.9982567429542542,e27c7fa8634989ec4a21ca7c8c3216493ecf5e569a625fe02fd0d3b652b1ec5c
amouyal:215,set_hyp5_12,359,reflexive,gp,lingering,demo_rev_query_reg_chat_assertion,rev,reg,chat,assertion,0.1089840978384018,0.8910159021615982,1,0.9963399767875671,5512ea21b0701ed9d57e12f57bf5e0094b93799b5024e2458e3098405148aff4
amouyal:216,set_hyp5_13,360,reflexive,gp,simple,demo_rev_query_reg_chat_assertion,rev,reg,chat,assertion,0.9528434872627258,0.9528434872627258,1,0.9926221370697021,7669eae9b3cff66d59bceee591e1acfe75e388a9bb7c16268591049a88503192
amouyal:217,set_hyp5_13,361,reflexive,gp,lingering,demo_rev_query_reg_chat_assertion,rev,reg,chat,assertion,0.8536430597305298,0.14635694026947021,0,0.9914761185646057,94162779379d982f40aafea035f2853189581818b4e97045145eb684f3cf58b7
amouyal:218,set_hyp5_14,362,reflexive,gp,simple,demo_rev_query_reg_chat_assertion,rev,reg,chat,assertion,0.0025625366251915693,0.0025625366251915693,0,0.9989599585533142,818d1a14ded2c3f1f5908b22619d3300bc2172a9349816e394f0f117c22451c0
amouyal:219,set_hyp5_14,363,reflexive,gp,lingering,demo_rev_query_reg_chat_assertion,rev,reg,chat,assertion,0.1837979257106781,0.8162020742893219,1,0.9944187998771667,28034bff74297ec6820c9b31ae45e3182952c4d8b5f93262930959580283cb91
amouyal:220,set_hyp5_15,364,reflexive,gp,simple,demo_rev_query_reg_chat_assertion,rev,reg,chat,assertion,0.9992203712463379,0.9992203712463379,1,0.9970357418060303,527ebb256953381fe81de1d9d8d27880bd5235b8c36f0affc4610d49289b07df
amouyal:221,set_hyp5_15,365,reflexive,gp,lingering,demo_rev_query_reg_chat_assertion,rev,reg,chat,assertion,0.8394284248352051,0.16057157516479492,0,0.9935446381568909,70d038e80f896d308a3b7b7c03f5b30f29dac213d764a254c758c01906d14566
amouyal:222,set_hyp5_16,366,reflexive,gp,simple,demo_rev_query_reg_chat_assertion,rev,reg,chat,assertion,0.9989405274391174,0.9989405274391174,1,0.998195469379425,ba58f7afbc48b43ce9008453938080837fa2c2edc66138fde8471ba87f740d79
amouyal:223,set_hyp5_16,367,reflexive,gp,lingering,demo_rev_query_reg_chat_assertion,rev,reg,chat,assertion,0.991165816783905,0.00883418321609497,0,0.9975904822349548,b0c28ab8d92c52679355ae4e133fb027e979f93193f849af185e77f6c103bffe
amouyal:224,set_hyp5_17,368,reflexive,gp,simple,demo_rev_query_reg_chat_assertion,rev,reg,chat,assertion,0.9998735189437866,0.9998735189437866,1,0.998343825340271,8e333e133b7201b3ed03ac90fc972ba6ad05e16343187e08629c91a4cf431a6f
amouyal:225,set_hyp5_17,369,reflexive,gp,lingering,demo_rev_query_reg_chat_assertion,rev,reg,chat,assertion,1.376997005309022e-07,0.9999998623002995,1,0.9996082186698914,f049010ac6412a533c8da0a82c8d9295c520f7aeaf603a9fb648a24c892fb852
amouyal:226,set_hyp5_18,370,reflexive,gp,simple,demo_rev_query_reg_chat_assertion,rev,reg,chat,assertion,1.5507811212955858e-06,1.5507811212955858e-06,0,0.9943379759788513,81984ebc662b4b5fddbc36a22995c983dfc3c91ce6a4aefb5a5b4993c6183d74
amouyal:227,set_hyp5_18,371,reflexive,gp,lingering,demo_rev_query_reg_chat_assertion,rev,reg,chat,assertion,0.824489951133728,0.17551004886627197,0,0.9921504259109497,aeaafa666bc80da36b87bfbd7067be5b742f80be16e19b1807aae6ce7c7bdec1
amouyal:228,set_hyp5_19,372,reflexive,gp,simple,demo_rev_query_reg_chat_assertion,rev,reg,chat,assertion,0.999032735824585,0.999032735824585,1,0.997616171836853,f5b25703aeda59cbefaee434b9129907a3bda4f72ee804f43d429264ccb4807b
amouyal:229,set_hyp5_19,373,reflexive,gp,lingering,demo_rev_query_reg_chat_assertion,rev,reg,chat,assertion,0.07194113731384277,0.9280588626861572,1,0.9970707893371582,c6112caf2493e0f42b3ea199b3514db9a584f14a1b7abdb50f06a89c6b48d37f
amouyal:230,set_hyp5_20,374,reflexive,gp,simple,demo_rev_query_reg_chat_assertion,rev,reg,chat,assertion,0.994055986404419,0.994055986404419,1,0.9975659847259521,d33cdc9263b1ded9c1d9ba69c026e27216c88a8c9b0dc32a929ddd8e2561fba4
amouyal:231,set_hyp5_20,375,reflexive,gp,lingering,demo_rev_query_reg_chat_assertion,rev,reg,chat,assertion,0.536843478679657,0.463156521320343,0,0.9899604320526123,5dbad3828e514866ccb5ac447788ddba71c9947a61a51c94c0067243f5053de0
amouyal:232,set_hyp5_21,376,reflexive,gp,simple,demo_rev_query_reg_chat_assertion,rev,reg,chat,assertion,0.9994059205055237,0.9994059205055237,1,0.9952929019927979,cf18b6136aa1218029254a01d1da2a2c7dd37b77b6f0599f6ed8b65ff26642d6
amouyal:233,set_hyp5_21,377,reflexive,gp,lingering,demo_rev_query_reg_chat_assertion,rev,reg,chat,assertion,0.7259438037872314,0.27405619621276855,0,0.9919692277908325,716ab04fe148cf5b61133f9c8a743e3cf7611550b6f8de9fa340f0e125eb0ea7
amouyal:234,set_hyp5_22,378,reflexive,gp,simple,demo_rev_query_reg_chat_assertion,rev,reg,chat,assertion,0.9979345202445984,0.9979345202445984,1,0.9968885779380798,a0d6c649839feda1f821666d556aac3e820e0b87103bc75a070a942411f681b3
amouyal:235,set_hyp5_22,379,reflexive,gp,lingering,demo_rev_query_reg_chat_assertion,rev,reg,chat,assertion,0.0433732308447361,0.9566267691552639,1,0.9938845038414001,a93d53f4a2bf0fb502f26236f09c0153f59b3fb53467ac353922f1918c750864
amouyal:236,set_hyp5_23,380,reflexive,gp,simple,demo_rev_query_reg_chat_assertion,rev,reg,chat,assertion,0.9989561438560486,0.9989561438560486,1,0.9986745119094849,6d75c965ac264c4e6f5c4ab29c4b7a5d3bde683f78b795dd7830d0b27f4252a3
amouyal:237,set_hyp5_23,381,reflexive,gp,lingering,demo_rev_query_reg_chat_assertion,rev,reg,chat,assertion,0.9852265119552612,0.01477348804473877,0,0.9977731108665466,66625e942b45bd58cb6c8ae61e142fbe9a4c9e46372dfd1f9a235e32938e2a86
amouyal:238,set_hyp5_24,382,reflexive,gp,simple,demo_rev_query_reg_chat_assertion,rev,reg,chat,assertion,0.9999178051948547,0.9999178051948547,1,0.996943473815918,87f74d204a01af92d191b33010bc80107beefc5a024d05cbbaa2921fc7c1cd97
amouyal:239,set_hyp5_24,383,reflexive,gp,lingering,demo_rev_query_reg_chat_assertion,rev,reg,chat,assertion,0.9935736060142517,0.006426393985748291,0,0.9960882663726807,7654aa2b730795da90f8a4bd3bbf13c350e52a64d27edb285965ddd03b67a452
amouyal:240,set_1,384,prob,gp,simple,demo_rev_query_reg_chat_assertion,rev,reg,chat,assertion,0.9975867867469788,0.9975867867469788,1,0.9980285167694092,63a785e9bd410bb92d9305c1cc05d8a6778bfa0aaad317e8cff5fbb4cadec57d
amouyal:241,set_1,385,prob,gp,lingering,demo_rev_query_reg_chat_assertion,rev,reg,chat,assertion,0.00263402727432549,0.9973659727256745,1,0.9979623556137085,68f4949c7763081e6e6d5a65b17d9a58837182687879f4ff7e197be4373fc7c4
amouyal:242,set_1,388,prob,non_gp,simple,demo_rev_query_reg_chat_assertion,rev,reg,chat,assertion,0.9999765753746033,0.9999765753746033,1,0.9981175661087036,78e12a05d636e54e291596a14c7bc2ae0e0fa0fd2f7642c368c11d2565edb6dd
amouyal:243,set_1,389,prob,non_gp,lingering,demo_rev_query_reg_chat_assertion,rev,reg,chat,assertion,0.05989473685622215,0.9401052631437778,1,0.9916181564331055,09d5f8e8415d1d5fa7753ba583a440f426ad9a8a1cf0b27ad66f9c629735c2a8
amouyal:244,set_2,392,prob,gp,simple,demo_rev_query_reg_chat_assertion,rev,reg,chat,assertion,0.9985963702201843,0.9985963702201843,1,0.997529923915863,8b43a40c02511f44a9af087239eb1131402ef6526f440284d7c302a81f8f7188
amouyal:245,set_2,393,prob,gp,lingering,demo_rev_query_reg_chat_assertion,rev,reg,chat,assertion,0.9955509901046753,0.004449009895324707,0,0.9968079328536987,68d79174ba0752f40b084ce87e17a9ea12af735edea9e906a34f693345f96e8c
amouyal:246,set_2,396,prob,non_gp,simple,demo_rev_query_reg_chat_assertion,rev,reg,chat,assertion,0.9998812079429626,0.9998812079429626,1,0.9970765709877014,37e8cf98d7a5b0936a53f8ed7dfc69fb4cfa922cecccc94ce58565b39e76a42e
amouyal:247,set_2,397,prob,non_gp,lingering,demo_rev_query_reg_chat_assertion,rev,reg,chat,assertion,0.9996016025543213,0.00039839744567871094,0,0.9973602890968323,ccc44582a2c18ca396f1b0bd423f5c9f1f3253ba6c761417a332426df12b1158
amouyal:248,set_3,400,prob,gp,simple,demo_rev_query_reg_chat_assertion,rev,reg,chat,assertion,0.428963303565979,0.428963303565979,0,0.9959920048713684,03d96fdc332b9727f4b5113c05dcafc4d29d5a7971a878b3f722cadb812f016a
amouyal:249,set_3,401,prob,gp,lingering,demo_rev_query_reg_chat_assertion,rev,reg,chat,assertion,0.5817803740501404,0.4182196259498596,0,0.9924785494804382,4321fba254a2359056a2654d2fb1f87d12a4d7552f0fa70af1e61e5c5cc2220a
amouyal:250,set_3,404,prob,non_gp,simple,demo_rev_query_reg_chat_assertion,rev,reg,chat,assertion,0.9996961355209351,0.9996961355209351,1,0.9985999464988708,e35fa12790f6bcd9bf798b08437085f78b89057595a2466c134e777c901417cc
amouyal:251,set_3,405,prob,non_gp,lingering,demo_rev_query_reg_chat_assertion,rev,reg,chat,assertion,2.811965238436187e-08,0.9999999718803476,1,0.9994924068450928,24d85c18778a353b13e5b943f945cf51ed3b6c3c3b21a132921ee6aad187b12a
amouyal:252,set_4,408,prob,gp,simple,demo_rev_query_reg_chat_assertion,rev,reg,chat,assertion,0.9691430330276489,0.9691430330276489,1,0.9981268048286438,16a6b0fb713c545af12841546a0bf3f1a4390c25e404218107e69397b02d7eee
amouyal:253,set_4,409,prob,gp,lingering,demo_rev_query_reg_chat_assertion,rev,reg,chat,assertion,0.9767894744873047,0.023210525512695312,0,0.9974554777145386,ba33849718b40d2fc90a4f28e63677e5ba451cf78489756a2931387d01e38668
amouyal:254,set_4,412,prob,non_gp,simple,demo_rev_query_reg_chat_assertion,rev,reg,chat,assertion,0.9996687769889832,0.9996687769889832,1,0.9984339475631714,fc6109269ae640dfbdc6f81ad87e3fd4ac2f6f64786119345b1ee94a0b78dccb
amouyal:255,set_4,413,prob,non_gp,lingering,demo_rev_query_reg_chat_assertion,rev,reg,chat,assertion,0.9928292632102966,0.007170736789703369,0,0.998283326625824,de670c972c1d37bfeb6a68e1c1880592625b26e935ed0231be0726fb5a51fd72
amouyal:256,set_5,416,prob,gp,simple,demo_rev_query_reg_chat_assertion,rev,reg,chat,assertion,0.9324721097946167,0.9324721097946167,1,0.9961987733840942,3f95d143edab5c46b0ac15c8b8c30c4562ca6fb6a18a13cc34dab01b94ea8d7c
amouyal:257,set_5,417,prob,gp,lingering,demo_rev_query_reg_chat_assertion,rev,reg,chat,assertion,0.001491905772127211,0.9985080942278728,1,0.9993123412132263,839cbefa0708d1897385273a72b57702ad69f2c85505336fab49576b162739a2
amouyal:258,set_5,420,prob,non_gp,simple,demo_rev_query_reg_chat_assertion,rev,reg,chat,assertion,0.9999285340309143,0.9999285340309143,1,0.997583270072937,c8b098cc1b68067d5247f82eb9eb28fadcd23a9fbeea2e7b96046a78d43a0870
amouyal:259,set_5,421,prob,non_gp,lingering,demo_rev_query_reg_chat_assertion,rev,reg,chat,assertion,0.9294637441635132,0.07053625583648682,0,0.9959791302680969,f45431d46651d1a45cd0f2d2ff0cc701f3846bf06bf7299998cf683c0235c556
amouyal:260,set_6,424,prob,gp,simple,demo_rev_query_reg_chat_assertion,rev,reg,chat,assertion,0.9586239457130432,0.9586239457130432,1,0.9965134859085083,75e82ecdf57c9aabb72e33344412836b181b5853d2a2eab9e6a3c3458961ef09
amouyal:261,set_6,425,prob,gp,lingering,demo_rev_query_reg_chat_assertion,rev,reg,chat,assertion,0.9677155017852783,0.03228449821472168,0,0.9965992569923401,843af3ff2b9929ff5a83af62a15ceaa90449b4fb8eeb32129ed28f39220c0ed5
amouyal:262,set_6,428,prob,non_gp,simple,demo_rev_query_reg_chat_assertion,rev,reg,chat,assertion,0.9999962449073792,0.9999962449073792,1,0.9977434277534485,ce33a73887036ea76500591b701e65de277d613d0255ac2feac8de29271142ce
amouyal:263,set_6,429,prob,non_gp,lingering,demo_rev_query_reg_chat_assertion,rev,reg,chat,assertion,0.5727666616439819,0.42723333835601807,0,0.9952273368835449,797a7ff9d086209e37d5dcc9c4767ef1940a1cfbc117146bfd3facba4947f810
amouyal:264,set_7,432,prob,gp,simple,demo_rev_query_reg_chat_assertion,rev,reg,chat,assertion,0.7056604623794556,0.7056604623794556,1,0.9927893877029419,ff7f179539eef316e70a617878f7dc4c04277eb5b629b11b5af7ad62fb2be942
amouyal:265,set_7,433,prob,gp,lingering,demo_rev_query_reg_chat_assertion,rev,reg,chat,assertion,0.983099102973938,0.01690089702606201,0,0.9976805448532104,17338700a5e24db32e71eaeadda7a6fa0456a0a3e2d84ecfcfa6552d50fc8bbf
amouyal:266,set_7,436,prob,non_gp,simple,demo_rev_query_reg_chat_assertion,rev,reg,chat,assertion,0.9997564554214478,0.9997564554214478,1,0.9969472289085388,d0fdd19bea17066e0c401b8b51ad7afb62208bed38f5093489b816ffb2f1b3e9
amouyal:267,set_7,437,prob,non_gp,lingering,demo_rev_query_reg_chat_assertion,rev,reg,chat,assertion,0.9396471977233887,0.06035280227661133,0,0.9949035048484802,898c9ed66a52ba889a51a49eb5eb661d5e10077be8346fdd2025477d973274a7
amouyal:268,set_8,440,prob,gp,simple,demo_rev_query_reg_chat_assertion,rev,reg,chat,assertion,0.9990420341491699,0.9990420341491699,1,0.9974088668823242,a16cb0116e97470bf16a0b2ce19ef252dc943ec961080e9b2a2e49d939c07c7a
amouyal:269,set_8,441,prob,gp,lingering,demo_rev_query_reg_chat_assertion,rev,reg,chat,assertion,0.7201628684997559,0.27983713150024414,0,0.9929267168045044,aca601133c2a7c8f2b967646b5d53cd1adc5c8fc30ac9f63ad55392e1cc9d530
amouyal:270,set_8,444,prob,non_gp,simple,demo_rev_query_reg_chat_assertion,rev,reg,chat,assertion,0.999972939491272,0.999972939491272,1,0.9972841143608093,d58208d4c3e635b8ff04b295a53925d1c4f6e6af54e81c8b2ddf0d9319c5b551
amouyal:271,set_8,445,prob,non_gp,lingering,demo_rev_query_reg_chat_assertion,rev,reg,chat,assertion,0.6556215286254883,0.3443784713745117,0,0.9904307126998901,b5a19a2a8976a18856e6087e2afdec46538ecfc66d7ef2e73bc8e14ae396bfe2
amouyal:272,set_9,448,prob,gp,simple,demo_rev_query_reg_chat_assertion,rev,reg,chat,assertion,0.9967918992042542,0.9967918992042542,1,0.9976379871368408,ffc6073c34c1f492d0f878a293b23ba3766747140ee54df47828ed4aa31c9ce4
amouyal:273,set_9,449,prob,gp,lingering,demo_rev_query_reg_chat_assertion,rev,reg,chat,assertion,0.929686427116394,0.07031357288360596,0,0.9970269799232483,63de723880e9794cdb811d3bf4e9daaad37da4a41037ee78a8350ff673831bb6
amouyal:274,set_9,452,prob,non_gp,simple,demo_rev_query_reg_chat_assertion,rev,reg,chat,assertion,0.9998930096626282,0.9998930096626282,1,0.9975826144218445,87079298265a6f3becda4b72da91969a0545eb8777f17002654e74cf1ab6622a
amouyal:275,set_9,453,prob,non_gp,lingering,demo_rev_query_reg_chat_assertion,rev,reg,chat,assertion,0.9996637105941772,0.0003362894058227539,0,0.9974161386489868,543af83a354b66af6fb9f55cade1fa51b49b8e0c31e40d3c2127250aaa54f8d7
amouyal:0,set_10,0,prob,gp,simple,demo_rev_query_rev_raw_none,rev,rev,raw,none,0.6853455305099487,0.6853455305099487,1,0.7818711400032043,58dedeb3d58366e8ac5bd32057a599a69806d8986aaffc5c11fb5e5f059e09d2
amouyal:1,set_10,1,prob,gp,lingering,demo_rev_query_rev_raw_none,rev,rev,raw,none,0.9104116559028625,0.08958834409713745,0,0.890846312046051,5df72c2e038921d5ba54af96bcd97cbe52fbf3d33b2029a8aa173e5989f4954e
amouyal:2,set_10,4,prob,non_gp,simple,demo_rev_query_rev_raw_none,rev,rev,raw,none,0.9690003991127014,0.9690003991127014,1,0.9394280910491943,b7c3c99b3842fb3a53c58192780cd2aef987eecc658d2311334443b1c0f915a4
amouyal:3,set_10,5,prob,non_gp,lingering,demo_rev_query_rev_raw_none,rev,rev,raw,none,0.8936682343482971,0.10633176565170288,0,0.8543727397918701,68492ed6acacd793450ccc5aadf2a6e15fd2e20d7afe637b76e6d716c03eb1ea
amouyal:4,set_11,8,prob,gp,simple,demo_rev_query_rev_raw_none,rev,rev,raw,none,0.9639874696731567,0.9639874696731567,1,0.9641059637069702,195bdf4345f02096baf524d595cd5ccc19d78902ea49d1e30c23c52cff32f1c2
amouyal:5,set_11,9,prob,gp,lingering,demo_rev_query_rev_raw_none,rev,rev,raw,none,0.9913207292556763,0.00867927074432373,0,0.9828112125396729,7a9b7df778dcfb2d6f3a7018869ec42ff135e7a7001ce5e015cad4e585dfbab1
amouyal:6,set_11,12,prob,non_gp,simple,demo_rev_query_rev_raw_none,rev,rev,raw,none,0.9926565885543823,0.9926565885543823,1,0.9872061610221863,7a8f1b16c76e01d95eadf75ec35032ece3e8bad456434bf001340f7c405b7a7a
amouyal:7,set_11,13,prob,non_gp,lingering,demo_rev_query_rev_raw_none,rev,rev,raw,none,0.9745164513587952,0.025483548641204834,0,0.9571674466133118,e34ab19bcc4d48f840a1cdc24d35a98472a582e30472181673ba26b8eda117d0
amouyal:8,set_12,16,prob,gp,simple,demo_rev_query_rev_raw_none,rev,rev,raw,none,0.9312233328819275,0.9312233328819275,1,0.9622432589530945,174237fdf9e9c1a00ca7423fcfda9748170984f3f0504430a47135cb1c123c07
amouyal:9,set_12,17,prob,gp,lingering,demo_rev_query_rev_raw_none,rev,rev,raw,none,0.9691141247749329,0.03088587522506714,0,0.9810166954994202,bdb5555f2fc7fdb8717571f40eddc31ac7a3a362e470f64a9ac4d943c45c3e9f
amouyal:10,set_12,20,prob,non_gp,simple,demo_rev_query_rev_raw_none,rev,rev,raw,none,0.9975564479827881,0.9975564479827881,1,0.9934104681015015,8acf87ef294354f214e7795429ff5bb1b89e0b6ceeea68a1f87efdff62432900
amouyal:11,set_12,21,prob,non_gp,lingering,demo_rev_query_rev_raw_none,rev,rev,raw,none,0.9986318945884705,0.001368105411529541,0,0.9914796352386475,1f470fabdeaa6d1962d61023ac5134f5255ef96e4fb618cac4bc8cc7cdcca061
amouyal:12,set_13,24,prob,gp,simple,demo_rev_query_rev_raw_none,rev,rev,raw,none,0.8551602363586426,0.8551602363586426,1,0.8894790410995483,6ccae919b86ece11df8ee8638ab9fefc58f7a68244797c7137a85ad594868330
amouyal:13,set_13,25,prob,gp,lingering,demo_rev_query_rev_raw_none,rev,rev,raw,none,0.44381460547447205,0.556185394525528,1,0.7882089614868164,c6e91fd455cb119bbdc217785683e85f94c4f227c98fc742377d320f7213f990
amouyal:14,set_13,28,prob,non_gp,simple,demo_rev_query_rev_raw_none,rev,rev,raw,none,0.9981961250305176,0.9981961250305176,1,0.9936257600784302,10c1c23248d8f475582dcc1a802cb05642b048e7d1999309ee78aa383c65b321
amouyal:15,set_13,29,prob,non_gp,lingering,demo_rev_query_rev_raw_none,rev,rev,raw,none,0.8579367995262146,0.1420632004737854,0,0.9163614511489868,9aab3f9eeffb6b57d920d18ec549544876fe5fb2c7fdf5e472adec8494c636fc
amouyal:16,set_14,32,prob,gp,simple,demo_rev_query_rev_raw_none,rev,rev,raw,none,0.2128085494041443,0.2128085494041443,0,0.6599112749099731,92856c9c974cd3bfaa4f2db50e3431be281c0094ac337330447bdaec0983cd0d
amouyal:17,set_14,33,prob,gp,lingering,demo_rev_query_rev_raw_none,rev,rev,raw,none,0.8528929948806763,0.14710700511932373,0,0.8826493620872498,cab9f6c7ba6ef152e4a563d350317d616710a4e9817e57a9e487f98714f711a5
amouyal:18,set_14,36,prob,non_gp,simple,demo_rev_query_rev_raw_none,rev,rev,raw,none,0.7981051206588745,0.7981051206588745,1,0.8217763304710388,52114617c4dbde4357db780c528bbe3a353b57f505ca734510151f4b0c3b96c3
amouyal:19,set_14,37,prob,non_gp,lingering,demo_rev_query_rev_raw_none,rev,rev,raw,none,0.6351153254508972,0.3648846745491028,0,0.8262534141540527,d7aec476dddba5ffcd5ef01b7eea4e1b165018bc68b3a9839162a4c4a8476c2c
amouyal:20,set_15,40,prob,gp,simple,demo_rev_query_rev_raw_none,rev,rev,raw,none,0.9805886745452881,0.9805886745452881,1,0.9834251999855042,2c96f0755592d7ab8c1310978f04eb2c89e01fdd5682d93180b142a1ab92d736
amouyal:21,set_15,41,prob,gp,lingering,demo_rev_query_rev_raw_none,rev,rev,raw,none,0.9937219619750977,0.006278038024902344,0,0.9881195425987244,3d311cac0f257c00e42b1a88937feb41fe454687df129f6e6cf18252afaee031
amouyal:22,set_15,44,prob,non_gp,simple,demo_rev_query_rev_raw_none,rev,rev,raw,none,0.9992443323135376,0.9992443323135376,1,0.9953848719596863,65d836e1d1911ebd5bd53c66e1f0db642e88c3a24b642ad5dae6a46a41bc1836
amouyal:23,set_15,45,prob,non_gp,lingering,demo_rev_query_rev_raw_none,rev,rev,raw,none,0.9924390316009521,0.0075609683990478516,0,0.9842519164085388,7ed8472e53396076da8a4d278646ef8b2397f05056cfc47a387c7c8dfa3296fc
amouyal:24,set_16,48,prob,gp,simple,demo_rev_query_rev_raw_none,rev,rev,raw,none,0.8525772094726562,0.8525772094726562,1,0.8962361812591553,f3b13624a02af7cf4283d647d2cf6e4134fdf6f2ac270ee4ba6ce7b6b26830ec
amouyal:25,set_16,49,prob,gp,lingering,demo_rev_query_rev_raw_none,rev,rev,raw,none,0.8337424397468567,0.1662575602531433,0,0.868236780166626,8136eccbaa46d2a4b65af6555478519aef1833beb8b20864ac7406083792f018
amouyal:26,set_16,52,prob,non_gp,simple,demo_rev_query_rev_raw_none,rev,rev,raw,none,0.998598039150238,0.998598039150238,1,0.9938150644302368,ba3e982b7233c1ad599c7241be7ea96e46474862e56cc00e1ecdef322a8b0263
amouyal:27,set_16,53,prob,non_gp,lingering,demo_rev_query_rev_raw_none,rev,rev,raw,none,0.9964194297790527,0.0035805702209472656,0,0.9864294528961182,8b9c26ab0f232940c0c252a9fb965de241b1337cdc772bb16d17e965472b75aa
amouyal:28,set_17,56,prob,gp,simple,demo_rev_query_rev_raw_none,rev,rev,raw,none,0.9282464385032654,0.9282464385032654,1,0.9434866309165955,4b8c54824004205cc1b5309b96c01a002f910341aec834dc8eecd098870f26dd
amouyal:29,set_17,57,prob,gp,lingering,demo_rev_query_rev_raw_none,rev,rev,raw,none,0.9756864309310913,0.02431356906890869,0,0.9807032346725464,e14b66c18c4bb36e66129412cf99de6184ea0f5e15baa3435f351e6589111a73
amouyal:30,set_17,60,prob,non_gp,simple,demo_rev_query_rev_raw_none,rev,rev,raw,none,0.9989972710609436,0.9989972710609436,1,0.9954169988632202,56bce3866f47003175cdd295328aeb41667b437b526e74a762bf9c6e684c8e1b
amouyal:31,set_17,61,prob,non_gp,lingering,demo_rev_query_rev_raw_none,rev,rev,raw,none,0.4882258474826813,0.5117741525173187,1,0.8761037588119507,d238fdd3fe80347b0f4eecac2fb1c1ef40406048b9b4d7710b4ee7350533e80a
amouyal:32,set_18,64,prob,gp,simple,demo_rev_query_rev_raw_none,rev,rev,raw,none,0.9042178392410278,0.9042178392410278,1,0.966249406337738,fcddcf289a4e25068d338cbc46a16f3f85a1b2ebb8a672a19a3dde5af4f5e427
amouyal:33,set_18,65,prob,gp,lingering,demo_rev_query_rev_raw_none,rev,rev,raw,none,0.7281205654144287,0.2718794345855713,0,0.9255540370941162,dc58925e594cab87cc01ef4d41d71d55b287a1d703592a29b9d6bf0092d7165b
amouyal:34,set_18,68,prob,non_gp,simple,demo_rev_query_rev_raw_none,rev,rev,raw,none,0.9901991486549377,0.9901991486549377,1,0.9797718524932861,189ed6ec3ba2cc50e89a76ca30d9d29aba3e0a7d09b2811020b9928576f5ea00
amouyal:35,set_18,69,prob,non_gp,lingering,demo_rev_query_rev_raw_none,rev,rev,raw,none,0.9824057817459106,0.017594218254089355,0,0.9841341972351074,3602a4d2a91e22e6b7b2cb44140f5bd21c7751246db2e99ef19b42ef6c653914
amouyal:36,set_19,72,prob,gp,simple,demo_rev_query_rev_raw_none,rev,rev,raw,none,0.9738348126411438,0.9738348126411438,1,0.9818073511123657,d15b78825cbf36373b02e4a31e9c341eaae9cac33730a3cc9de5f89976f027f1
amouyal:37,set_19,73,prob,gp,lingering,demo_rev_query_rev_raw_none,rev,rev,raw,none,0.8488563895225525,0.1511436104774475,0,0.9474615454673767,a93b3b41470060c24380494401cf0472c6df082a93076396ca7fabf83740e774
amouyal:38,set_19,76,prob,non_gp,simple,demo_rev_query_rev_raw_none,rev,rev,raw,none,0.999299943447113,0.999299943447113,1,0.9951552152633667,0bcd282fd4a1cc7f3ea704a15dff8da5be815e9a8f9206051c760f4bb0cf7fc5
amouyal:39,set_19,77,prob,non_gp,lingering,demo_rev_query_rev_raw_none,rev,rev,raw,none,0.9990024566650391,0.0009975433349609375,0,0.9924918413162231,106e1249c3a17383f5ffd96744728d0ec15a010cbf5050fcfc532367a6ffce86
amouyal:40,set_20,80,prob,gp,simple,demo_rev_query_rev_raw_none,rev,rev,raw,none,0.7919626832008362,0.7919626832008362,1,0.8828962445259094,7d412114f979bac6c125d151c157ae8efcbc75b5580c7b685a70b4bee81665bc
amouyal:41,set_20,81,prob,gp,lingering,demo_rev_query_rev_raw_none,rev,rev,raw,none,0.5396001935005188,0.4603998064994812,0,0.8017435073852539,a22fab343e99019e0157876624460cec1bcd145a7f2fcb1154d1b229a4c9f840
amouyal:42,set_20,84,prob,non_gp,simple,demo_rev_query_rev_raw_none,rev,rev,raw,none,0.9993169903755188,0.9993169903755188,1,0.9956107139587402,098c73783bf10fac9b675b6ddcd78e40e34b396d6dfa8262dc9bced36423874f
amouyal:43,set_20,85,prob,non_gp,lingering,demo_rev_query_rev_raw_none,rev,rev,raw,none,0.5363847017288208,0.4636152982711792,0,0.8463212251663208,a7a6234d8f786914677e38b301dab960f0af8c4da28dff645db82d4a507ec467
amouyal:44,set_21,88,prob,gp,simple,demo_rev_query_rev_raw_none,rev,rev,raw,none,0.7201662063598633,0.7201662063598633,1,0.8392783403396606,9603c57a5ac986d4c711050dea7b9006f4c1d9ebf8584a7b28eb823b4fc277b8
amouyal:45,set_21,89,prob,gp,lingering,demo_rev_query_rev_raw_none,rev,rev,raw,none,0.23421163856983185,0.7657883614301682,1,0.8606929779052734,7fbac1a1361af3d51dcdbc7a7d0ed44622aa36fc7acb57edb08066c63ae0d172
amouyal:46,set_21,92,prob,non_gp,simple,demo_rev_query_rev_raw_none,rev,rev,raw,none,0.9987696409225464,0.9987696409225464,1,0.9909985065460205,4dde1aa6bd020eac3a513e215aca366b4f455d6926091e5a14dd7248eefa9818
amouyal:47,set_21,93,prob,non_gp,lingering,demo_rev_query_rev_raw_none,rev,rev,raw,none,0.9889436364173889,0.011056363582611084,0,0.971763551235199,a34501753c146e7844caec0b2063709320d21cdf1cb6650e4435a9bbd129e804
amouyal:48,set_22,96,prob,gp,simple,demo_rev_query_rev_raw_none,rev,rev,raw,none,0.9933797121047974,0.9933797121047974,1,0.9932168126106262,45e8d6d5bf66167de70b5afb6f288044b11c5a3a431cd87f3efe6797e930193d
amouyal:49,set_22,97,prob,gp,lingering,demo_rev_query_rev_raw_none,rev,rev,raw,none,0.9684866070747375,0.03151339292526245,0,0.9795807600021362,33f1023d39615e1777427cd54362a1fe8d30536d3ef611f6fc91bacdf1012419
amouyal:50,set_22,100,prob,non_gp,simple,demo_rev_query_rev_raw_none,rev,rev,raw,none,0.9976748824119568,0.9976748824119568,1,0.994473934173584,98507ed9be596f8282cd6ff58628ad646c39d3c5bff804bdc635c9e2e7f7a172
amouyal:51,set_22,101,prob,non_gp,lingering,demo_rev_query_rev_raw_none,rev,rev,raw,none,0.9523690342903137,0.04763096570968628,0,0.9664307832717896,b9dfdaed9bee4fcb38278d75306a4110f65f541732510cc36c6f20b0ce25752d
amouyal:52,set_23,104,prob,gp,simple,demo_rev_query_rev_raw_none,rev,rev,raw,none,0.820419192314148,0.820419192314148,1,0.8950373530387878,c1ed707e010ad4064641d803f6255cb7f3004fec2c8404c2392051c42616f6c2
amouyal:53,set_23,105,prob,gp,lingering,demo_rev_query_rev_raw_none,rev,rev,raw,none,0.6282088756561279,0.37179112434387207,0,0.8749064207077026,c837dba8d6a0827c7b1073ebfb484223782476d0db513fc70971180770677e35
amouyal:54,set_23,108,prob,non_gp,simple,demo_rev_query_rev_raw_none,rev,rev,raw,none,0.9981318116188049,0.9981318116188049,1,0.9955630898475647,4ee4f1e078d8f11ed2fedf93ab6ca2798100b845aedfe9a6506c69bdc83606ec
amouyal:55,set_23,109,prob,non_gp,lingering,demo_rev_query_rev_raw_none,rev,rev,raw,none,0.9933161735534668,0.006683826446533203,0,0.9813432693481445,4df0dcc7e40c1f773bffbf27c3ea1e32ba9ba261d2cf04fd5ed88dfdb1267dd5
amouyal:56,set_24,112,prob,gp,simple,demo_rev_query_rev_raw_none,rev,rev,raw,none,0.8694377541542053,0.8694377541542053,1,0.8837656378746033,7ab1a93daa96ff881ef4374cde3145fd4380ca4a7c6b22eb7584f00514ec5aad
amouyal:57,set_24,113,prob,gp,lingering,demo_rev_query_rev_raw_none,rev,rev,raw,none,0.2192150503396988,0.7807849496603012,1,0.8086278438568115,534e756312ea784382f8b607eb05c709ccd6e65e08ede744f30e27c988e71887
amouyal:58,set_24,116,prob,non_gp,simple,demo_rev_query_rev_raw_none,rev,rev,raw,none,0.9973917007446289,0.9973917007446289,1,0.9914596676826477,7e9760a57bbbb8eb5018a01fe6dc2b714bc173e24e1290dd9742db9415e0860d
amouyal:59,set_24,117,prob,non_gp,lingering,demo_rev_query_rev_raw_none,rev,rev,raw,none,0.41965892910957336,0.5803410708904266,1,0.8651553392410278,9b92c3abc6e2c0a6469420d47b815ecb780ecb62cf8df5afcd2a1d957a2facab
amouyal:60,set_25,120,prob,gp,simple,demo_rev_query_rev_raw_none,rev,rev,raw,none,0.9817108511924744,0.9817108511924744,1,0.9812808632850647,18d5cb35c88e00ffd2325eabedbbe78c886c4b20246101cd809cd53f5c14192b
amouyal:61,set_25,121,prob,gp,lingering,demo_rev_query_rev_raw_none,rev,rev,raw,none,0.9614080786705017,0.03859192132949829,0,0.9670849442481995,fb4ecdacb1dcc0fba2fa4e378d56dfc3083e244a3d6536a55c28772a71a6fb3b
amouyal:62,set_25,124,prob,non_gp,simple,demo_rev_query_rev_raw_none,rev,rev,raw,none,0.9960083365440369,0.9960083365440369,1,0.9917100071907043,4bba1edfd73e23c3a302f64fff76908f8e3f8c49cc88e04fbdb6d922054f9cd5
amouyal:63,set_25,125,prob,non_gp,lingering,demo_rev_query_rev_raw_none,rev,rev,raw,none,0.9760909080505371,0.02390909194946289,0,0.9675434231758118,c3e9e1e6e769adb4b09774ee816ab5577972b9510a0d1088d627d6c368dd6a32
amouyal:64,set_26,128,prob,gp,simple,demo_rev_query_rev_raw_none,rev,rev,raw,none,0.8681879639625549,0.8681879639625549,1,0.937609076499939,0e6a8cc76488b5bd8afcd9a426b8a247424dbc700c970ad42c6650acf56367d3
amouyal:65,set_26,129,prob,gp,lingering,demo_rev_query_rev_raw_none,rev,rev,raw,none,0.14672474563121796,0.853275254368782,1,0.862285852432251,1b78483a8577a514c9bbdc627cfbdb61cf7b91f1296d8f5180fdabb74445d449
amouyal:66,set_26,132,prob,non_gp,simple,demo_rev_query_rev_raw_none,rev,rev,raw,none,0.998246967792511,0.998246967792511,1,0.9944246411323547,413388c175d15437ac4ec8d90c87c727ef520c01f817c0119e44a9b5df0832f1
amouyal:67,set_26,133,prob,non_gp,lingering,demo_rev_query_rev_raw_none,rev,rev,raw,none,0.9863022565841675,0.01369774341583252,0,0.9850447773933411,0b59470b190147312f4e4d76628166f157c250fb517dd1d6b6a7b7e76e499683
amouyal:68,set_27,136,prob,gp,simple,demo_rev_query_rev_raw_none,rev,rev,raw,none,0.9910406470298767,0.9910406470298767,1,0.9860044121742249,ffa63bdb4a7a7ac7948b8598c9266949ec70a64c092d74236f20b2a8a2bff0b2
amouyal:69,set_27,137,prob,gp,lingering,demo_rev_query_rev_raw_none,rev,rev,raw,none,0.9628474712371826,0.03715252876281738,0,0.9640346765518188,f3c740f0d52b7b0ef02ec4ac327753e3bb31c7c90d2897ca60ae57f205ed8560
amouyal:70,set_27,140,prob,non_gp,simple,demo_rev_query_rev_raw_none,rev,rev,raw,none,0.9972565174102783,0.9972565174102783,1,0.9915223121643066,1f12e16b509474584bc64ffd4225aadc741d23426c2ef10b49c68f513810433f
amouyal:71,set_27,141,prob,non_gp,lingering,demo_rev_query_rev_raw_none,rev,rev,raw,none,0.9928342700004578,0.007165729999542236,0,0.9784695506095886,0da35bc56efc854d9ed927edc4c2afc6e6c15462ff32fa48a44bf9c24594ba41
amouyal:72,set_28,144,prob,gp,simple,demo_rev_query_rev_raw_none,rev,rev,raw,none,0.7252497673034668,0.7252497673034668,1,0.8337819576263428,172e402451a6ef27b81b33cf50b8c3ef1e0d99cb8214b740c24731e9e8d14554
amouyal:73,set_28,145,prob,gp,lingering,demo_rev_query_rev_raw_none,rev,rev,raw,none,0.5067060589790344,0.4932939410209656,0,0.8118144273757935,d2960cf5c585c70293be556b421df6f07a5b4ec4313bd2719aac2173a226da5e
amouyal:74,set_28,148,prob,non_gp,simple,demo_rev_query_rev_raw_none,rev,rev,raw,none,0.9959936738014221,0.9959936738014221,1,0.9913859367370605,07f24adb3860087090c0c17043f6241ded13320fa1104f1a5784c84c05014157
amouyal:75,set_28,149,prob,non_gp,lingering,demo_rev_query_rev_raw_none,rev,rev,raw,none,0.998823344707489,0.0011766552925109863,0,0.992215096950531,3967e48c4ea5292807ad2b66d252ba1e7ada55c2331d5f06e52d4d04ac171759
amouyal:76,set_29,152,prob,gp,simple,demo_rev_query_rev_raw_none,rev,rev,raw,none,0.9865204095840454,0.9865204095840454,1,0.9870837330818176,5e2ce279b6b6a0786907a800589a0f59fab7227266ff2fdda309fc30eb625a22
amouyal:77,set_29,153,prob,gp,lingering,demo_rev_query_rev_raw_none,rev,rev,raw,none,0.9619595408439636,0.03804045915603638,0,0.9629331231117249,5ae6cd2fb6cab917bb18c5c5ba1dbb3ba13bd47e4e6ebda48c567516792ba7db
amouyal:78,set_29,156,prob,non_gp,simple,demo_rev_query_rev_raw_none,rev,rev,raw,none,0.9988680481910706,0.9988680481910706,1,0.9919934272766113,ed553252d14781f570adb141679d0ac493776f6b9ece3cbe3ba23ad08926a896
amouyal:79,set_29,157,prob,non_gp,lingering,demo_rev_query_rev_raw_none,rev,rev,raw,none,0.9799115657806396,0.02008843421936035,0,0.9540690183639526,2532ef51954376251c0a5074ad8360581c085519221f47eb7a3ab429d1396332
amouyal:80,set_30,160,prob,gp,simple,demo_rev_query_rev_raw_none,rev,rev,raw,none,0.9910749793052673,0.9910749793052673,1,0.9891961812973022,e9bfccc6dab33b1fda742af3d64fe68136756b857cb98af2c603e78b06ac15fd
amouyal:81,set_30,161,prob,gp,lingering,demo_rev_query_rev_raw_none,rev,rev,raw,none,0.7033161520957947,0.2966838479042053,0,0.8836199045181274,0d3155606db456068470806d49ff4f7ed51d4f19dbf04d870f024a26e8ffea24
amouyal:82,set_30,164,prob,non_gp,simple,demo_rev_query_rev_raw_none,rev,rev,raw,none,0.9994786977767944,0.9994786977767944,1,0.995293915271759,a81d192ab3758424c28b9b25c40ed5275aac05d141e997bf9380bfaf77f51247
amouyal:83,set_30,165,prob,non_gp,lingering,demo_rev_query_rev_raw_none,rev,rev,raw,none,0.9972795248031616,0.002720475196838379,0,0.9874831438064575,9b5977aa1e8a73034633a3bf66681048e4884bcd5ccf2228102448a2ae2b3eb8
amouyal:84,set_31,168,prob,gp,simple,demo_rev_query_rev_raw_none,rev,rev,raw,none,0.7757779955863953,0.7757779955863953,1,0.9059863090515137,a8533976c414a7ef12d47cbaee9d7a367250dda06cfa67ebba59772e3320fe47
amouyal:85,set_31,169,prob,gp,lingering,demo_rev_query_rev_raw_none,rev,rev,raw,none,0.36300215125083923,0.6369978487491608,1,0.8807453513145447,9913fb5c14bd9f5de98a674e9d323b9aace21e9018f60c0345bf6e3feec1495e
amouyal:86,set_31,172,prob,non_gp,simple,demo_rev_query_rev_raw_none,rev,rev,raw,none,0.9963952898979187,0.9963952898979187,1,0.9943413734436035,0a6407c93b90e183d7bc8c37fc0a27fe292b106892d5edc690de20edf6753aa3
amouyal:87,set_31,173,prob,non_gp,lingering,demo_rev_query_rev_raw_none,rev,rev,raw,none,0.9552402496337891,0.04475975036621094,0,0.9763036966323853,fa563d1b259d7fbeed4f6843bccf6e823957a8e6eac579777f53ad21da2d97bf
amouyal:88,set_32,176,prob,gp,simple,demo_rev_query_rev_raw_none,rev,rev,raw,none,0.8706435561180115,0.8706435561180115,1,0.9426221251487732,340a0d51700e24182342e39de38703956c41f7a4aa689b7fdd74e2d269711968
amouyal:89,set_32,177,prob,gp,lingering,demo_rev_query_rev_raw_none,rev,rev,raw,none,0.31292593479156494,0.6870740652084351,1,0.8519052267074585,b5088c4ad3552e5d122e03d0b37db0c533c1a9b5e53a73db0f9456dab875b56e
amouyal:90,set_32,180,prob,non_gp,simple,demo_rev_query_rev_raw_none,rev,rev,raw,none,0.996914803981781,0.996914803981781,1,0.9923577308654785,c67c32afb685d62d0214be2cdaf9f38a0d36290f8348f28b570f157d92d991c0
amouyal:91,set_32,181,prob,non_gp,lingering,demo_rev_query_rev_raw_none,rev,rev,raw,none,0.9841867089271545,0.01581329107284546,0,0.9735991954803467,1a996f848d750a9baeedad0e9ced2e5e41c0ddc3d721053a7fb296ec520ab326
amouyal:92,set_33,184,prob,gp,simple,demo_rev_query_rev_raw_none,rev,rev,raw,none,0.4206183850765228,0.4206183850765228,0,0.7518521547317505,7bc2f7c6864d380607894cd9db4ab1f49ab30f0929aec3151bdb7145f08a8ce5
amouyal:93,set_33,185,prob,gp,lingering,demo_rev_query_rev_raw_none,rev,rev,raw,none,0.5734281539916992,0.4265718460083008,0,0.8110030889511108,690015c501d19321e0d794c28d1f67749fbb2fc738c5331865e4794da87f0876
amouyal:94,set_33,188,prob,non_gp,simple,demo_rev_query_rev_raw_none,rev,rev,raw,none,0.9980694651603699,0.9980694651603699,1,0.990312397480011,c96f0327db8b49e7410aab9ffe6d1cae03662bdb918acb1a043618a4cfff7386
amouyal:95,set_33,189,prob,non_gp,lingering,demo_rev_query_rev_raw_none,rev,rev,raw,none,0.9865904450416565,0.013409554958343506,0,0.9689617156982422,afedf73c43829137c2c1bb3b0b0f61683253879fddf23e712ff9a9616ef4b184
amouyal:96,set_34,192,prob,gp,simple,demo_rev_query_rev_raw_none,rev,rev,raw,none,0.9360825419425964,0.9360825419425964,1,0.9510512351989746,5c95296599218b72d26dde8040aca6042a2c84c2572485d3a017e4494535a7c8
amouyal:97,set_34,193,prob,gp,lingering,demo_rev_query_rev_raw_none,rev,rev,raw,none,0.18262417614459991,0.8173758238554001,1,0.8785262703895569,2b960cb07379154ebc1bb5361d7e3172fe8f8e0b4317e2fff4a9b992a13a3cc7
amouyal:98,set_34,196,prob,non_gp,simple,demo_rev_query_rev_raw_none,rev,rev,raw,none,0.9986668229103088,0.9986668229103088,1,0.9934741258621216,ecf988c3b089fe66da112a0a700db2031a448c7890cbb39b5077f3f996f9e279
amouyal:99,set_34,197,prob,non_gp,lingering,demo_rev_query_rev_raw_none,rev,rev,raw,none,0.9665145874023438,0.03348541259765625,0,0.9762426614761353,ec9d82e8a8daa12e9c27841f2107663c6ffe533d4d0ae0d235a135cadb30c776
amouyal:100,set_35,200,prob,gp,simple,demo_rev_query_rev_raw_none,rev,rev,raw,none,0.5735557079315186,0.5735557079315186,1,0.852426290512085,fc326aef0bde1c8c01b6642fda21847c7c979c620ac34c4c1d7e3f9de2ecbddd
amouyal:101,set_35,201,prob,gp,lingering,demo_rev_query_rev_raw_none,rev,rev,raw,none,0.7664012908935547,0.2335987091064453,0,0.8414124250411987,96a51512fe1b8a7a367cf4e26800fce8d719a7027c5bbb8227865785b48f23d2
amouyal:102,set_35,204,prob,non_gp,simple,demo_rev_query_rev_raw_none,rev,rev,raw,none,0.9947181344032288,0.9947181344032288,1,0.9927388429641724,dcfe2f3bf8f6cbabc8fdaecfd233c8bbaf753e47636bfd4b498d92bb383e49e8
amouyal:103,set_35,205,prob,non_gp,lingering,demo_rev_query_rev_raw_none,rev,rev,raw,none,0.9605544209480286,0.039445579051971436,0,0.9586670398712158,c3e26821c9e2cba5cabb6fe61c76075215030b6d8978634ce257477400635061
amouyal:104,set_36,208,prob,gp,simple,demo_rev_query_rev_raw_none,rev,rev,raw,none,0.7445093393325806,0.7445093393325806,1,0.9037491083145142,4ae539b2ed04accb9a78598f22467e8f31ce80aca8abdfb8ab4a560b376e9dcc
amouyal:105,set_36,209,prob,gp,lingering,demo_rev_query_rev_raw_none,rev,rev,raw,none,0.8050629496574402,0.19493705034255981,0,0.8865005970001221,08a8b89a0ab233318c9d48c89afb0c7d4d666f1cde21dd1e199508fc495e40fb
amouyal:106,set_36,212,prob,non_gp,simple,demo_rev_query_rev_raw_none,rev,rev,raw,none,0.9968989491462708,0.9968989491462708,1,0.9909853339195251,5a82e42e5cdddb1ce4ba0f76d849f1108c99e7bacee9d2f76eb2a56641c3e34f
amouyal:107,set_36,213,prob,non_gp,lingering,demo_rev_query_rev_raw_none,rev,rev,raw,none,0.9919933676719666,0.008006632328033447,0,0.9825325012207031,3c8ab4cfb54c4edf883284bb6740b163880b7133c06dc58897959838e83caea6
amouyal:108,set_37,216,prob,gp,simple,demo_rev_query_rev_raw_none,rev,rev,raw,none,0.25904032588005066,0.25904032588005066,0,0.8400258421897888,65bcf867641130fdc9cafd1a529f79f1e7ebb62b10dbf1023df0272fa9ae5019
amouyal:109,set_37,217,prob,gp,lingering,demo_rev_query_rev_raw_none,rev,rev,raw,none,0.2082143872976303,0.7917856127023697,1,0.8318189382553101,34b280b304e6dbb925f4640dbe302c22fef1c98b279390e2ac2379c9ead43b3c
amouyal:110,set_37,220,prob,non_gp,simple,demo_rev_query_rev_raw_none,rev,rev,raw,none,0.8663690090179443,0.8663690090179443,1,0.9689760208129883,bd6c9dfae40c62c15fd93b0a82ab48cf4e218eaa044fbaba99efb23db4828e85
amouyal:111,set_37,221,prob,non_gp,lingering,demo_rev_query_rev_raw_none,rev,rev,raw,none,0.7081573605537415,0.29184263944625854,0,0.9058360457420349,c82464025e7089ad9a794c4f879fb522d59147c207b6186e514e07da0b1d555d
amouyal:112,set_38,224,prob,gp,simple,demo_rev_query_rev_raw_none,rev,rev,raw,none,0.5591000914573669,0.5591000914573669,1,0.8030270338058472,a0f40ec040b4a844925cf1e8de62d205e3081b2ceedb6ced6e675d2360427915
amouyal:113,set_38,225,prob,gp,lingering,demo_rev_query_rev_raw_none,rev,rev,raw,none,0.8799404501914978,0.1200595498085022,0,0.9243253469467163,82caea8ce5ac89560a0b227e189414f7cb2546a245251316e4ec2dd7265785e7
amouyal:114,set_38,228,prob,non_gp,simple,demo_rev_query_rev_raw_none,rev,rev,raw,none,0.9849597215652466,0.9849597215652466,1,0.9755240678787231,2f05ab1961353f36def651f115ea1fdc259b07348adc25a09fdfb512b95f5e2d
amouyal:115,set_38,229,prob,non_gp,lingering,demo_rev_query_rev_raw_none,rev,rev,raw,none,0.18100956082344055,0.8189904391765594,1,0.841489315032959,c908884c84fc61a63485ebeac5f7bfff0ff1d546f2be56cf5dde7a64f1c57798
amouyal:116,set_39,232,prob,gp,simple,demo_rev_query_rev_raw_none,rev,rev,raw,none,0.8270681500434875,0.8270681500434875,1,0.8740788102149963,21111dbae985a6ba5ad865aac4e76fcb83089c9acb60b5f331221c88cef93908
amouyal:117,set_39,233,prob,gp,lingering,demo_rev_query_rev_raw_none,rev,rev,raw,none,0.8267868161201477,0.1732131838798523,0,0.8787417411804199,05d77d6cac20a779693a8b6dd163ac0786a4b9093b6c8c1d224f9d66871854bb
amouyal:118,set_39,236,prob,non_gp,simple,demo_rev_query_rev_raw_none,rev,rev,raw,none,0.9985135793685913,0.9985135793685913,1,0.9941011667251587,44d6ed172290842700eae02abbf7651e12aa4fea61838237c9e069cee48fb757
amouyal:119,set_39,237,prob,non_gp,lingering,demo_rev_query_rev_raw_none,rev,rev,raw,none,0.9805938601493835,0.019406139850616455,0,0.9572523832321167,53a9b99886a4b0b6efdf1dcf100292da85c74ab3b2883e52b1dd10010752b76c
amouyal:120,set_40,240,prob,gp,simple,demo_rev_query_rev_raw_none,rev,rev,raw,none,0.6592875123023987,0.6592875123023987,1,0.8549067974090576,830203678c76de4ebee1698a792c605a571433b5e51867766f648db040428265
amouyal:121,set_40,241,prob,gp,lingering,demo_rev_query_rev_raw_none,rev,rev,raw,none,0.46782538294792175,0.5321746170520782,1,0.7872916460037231,e74dce69d87456405ab7bb6765d153164c753234f296bdbd4792de7fa1a9d0fe
amouyal:122,set_40,244,prob,non_gp,simple,demo_rev_query_rev_raw_none,rev,rev,raw,none,0.9834514260292053,0.9834514260292053,1,0.9861778616905212,6376aab6e0dcd5b66379153cd971349a06a86114163c64cc2f41233ab619814d
amouyal:123,set_40,245,prob,non_gp,lingering,demo_rev_query_rev_raw_none,rev,rev,raw,none,0.8985850214958191,0.10141497850418091,0,0.9315439462661743,4f9203e0a337fde5afc469303396676f40341f358803454f078bdf0ab610ea87
amouyal:124,set_41,248,prob,gp,simple,demo_rev_query_rev_raw_none,rev,rev,raw,none,0.9503327012062073,0.9503327012062073,1,0.9493612051010132,0e893100559ca287d6a479787d146b947ef21b870677b94289690f868d6e8121
amouyal:125,set_41,249,prob,gp,lingering,demo_rev_query_rev_raw_none,rev,rev,raw,none,0.6084699034690857,0.3915300965309143,0,0.7810299396514893,c0971a89f2b829c6f940bec1ee0e1ee4a3b9d02b83073c53b536637fd74e5e04
amouyal:126,set_41,252,prob,non_gp,simple,demo_rev_query_rev_raw_none,rev,rev,raw,none,0.9990198612213135,0.9990198612213135,1,0.9929481148719788,1141f9515468de84b98b681610b9717fe4b6604a15250e58bf86e4e081d6b643
amouyal:127,set_41,253,prob,non_gp,lingering,demo_rev_query_rev_raw_none,rev,rev,raw,none,0.9985807538032532,0.0014192461967468262,0,0.9835612773895264,6edfbec8d8f90d7223b24f17a4b0769ac35488ec6556b4b201ca711bcce2c007
amouyal:128,set_42,256,prob,gp,simple,demo_rev_query_rev_raw_none,rev,rev,raw,none,0.9728969931602478,0.9728969931602478,1,0.9758214354515076,ea008ab443abd971bf12ac2f9f5793efacc9de1e39f79207d31dcf39d43da92e
amouyal:129,set_42,257,prob,gp,lingering,demo_rev_query_rev_raw_none,rev,rev,raw,none,0.9671815633773804,0.03281843662261963,0,0.9681479930877686,4c0a73a38c7a962e721e12e42e6cd24b68d50c0815cb9761be4624a027ff448c
amouyal:130,set_42,260,prob,non_gp,simple,demo_rev_query_rev_raw_none,rev,rev,raw,none,0.9979167580604553,0.9979167580604553,1,0.9936495423316956,08f3ae7902694ec43c59557b5ef0e6347af40136a69dc33d3600573bea3aecfc
amouyal:131,set_42,261,prob,non_gp,lingering,demo_rev_query_rev_raw_none,rev,rev,raw,none,0.9720041751861572,0.027995824813842773,0,0.977643609046936,6fef79a4f3144d1bffc0d7718343cc919222102b9cf4ae88ed55519a4169a7f5
amouyal:132,set_43,264,prob,gp,simple,demo_rev_query_rev_raw_none,rev,rev,raw,none,0.9276459813117981,0.9276459813117981,1,0.9728577733039856,d690106e18a1ecf0aed7edab1e5cf0f6389f0dc14e210980ff429740a0705e40
amouyal:133,set_43,265,prob,gp,lingering,demo_rev_query_rev_raw_none,rev,rev,raw,none,0.49185553193092346,0.5081444680690765,1,0.8457070589065552,80f37b2bc08a465a410452298d53a1f281f239cd0bafe776b964dc946b20fc33
amouyal:134,set_43,268,prob,non_gp,simple,demo_rev_query_rev_raw_none,rev,rev,raw,none,0.9915980696678162,0.9915980696678162,1,0.9907305836677551,74a40f6fbc1c9529488794a28f1c90668817bc30888a8515a26c871b957c973b
amouyal:135,set_43,269,prob,non_gp,lingering,demo_rev_query_rev_raw_none,rev,rev,raw,none,0.9958401918411255,0.004159808158874512,0,0.988932192325592,1318aa17ce0a7ec111f826edf4c32f1717f22c17a38603e6682a3cf7af077bf0
amouyal:136,set_44,272,prob,gp,simple,demo_rev_query_rev_raw_none,rev,rev,raw,none,0.2826523780822754,0.2826523780822754,0,0.8922320604324341,4b786e159d9aff83c5899c9d938ff99024b50f7805357d4b1e39a7bc321b9491
amouyal:137,set_44,273,prob,gp,lingering,demo_rev_query_rev_raw_none,rev,rev,raw,none,0.28477931022644043,0.7152206897735596,1,0.8302512168884277,7ed7a2d865ea0644edbf75adfa6f2f73fe4af19b526390fb8559b84758555663
amouyal:138,set_44,276,prob,non_gp,simple,demo_rev_query_rev_raw_none,rev,rev,raw,none,0.7328259348869324,0.7328259348869324,1,0.9511350393295288,8cf0ae522064944db07a591e2d461f9aa671b6cea92d4364537baf6a665a2ba1
amouyal:139,set_44,277,prob,non_gp,lingering,demo_rev_query_rev_raw_none,rev,rev,raw,none,0.3178635537624359,0.6821364462375641,1,0.8748366832733154,a08cd61c84dd57f96ed977c00f8d9bb370ecb890c66d5041ca07057797a7161b
amouyal:140,set_45,280,prob,gp,simple,demo_rev_query_rev_raw_none,rev,rev,raw,none,0.584994912147522,0.584994912147522,1,0.869658350944519,a81a96d67e5c8f5db698c19e19d60e00ff61001711ad0b6a01e249e80ea5a50a
amouyal:141,set_45,281,prob,gp,lingering,demo_rev_query_rev_raw_none,rev,rev,raw,none,0.5406447649002075,0.4593552350997925,0,0.8909643888473511,102badfc6783d0035a50334b5cc6ce1c0edb7239ece78e0906d76cd562b6fb91
amouyal:142,set_45,284,prob,non_gp,simple,demo_rev_query_rev_raw_none,rev,rev,raw,none,0.9930518269538879,0.9930518269538879,1,0.9838783740997314,97428f5d975eacf1960f623b9e62ad618c90c390e62d7a4e3a185af1fef33a46
amouyal:143,set_45,285,prob,non_gp,lingering,demo_rev_query_rev_raw_none,rev,rev,raw,none,0.9934870004653931,0.006512999534606934,0,0.9776645302772522,79cb8468c5a1f4f75d0493fb0b62fc3af6bcdbfeefafdb0a104c77db365c67c8
amouyal:144,set_hyp5_1,288,reflexive,non_gp,simple,demo_rev_query_rev_raw_none,rev,rev,raw,none,0.9929951429367065,0.9929951429367065,1,0.9913761615753174,5e941c393568dd206f4ca8d7123390d309b6491be5af5bc03c9f03c4177461ad
amouyal:145,set_hyp5_1,289,reflexive,non_gp,lingering,demo_rev_query_rev_raw_none,rev,rev,raw,none,0.9975044131278992,0.00249558687210083,0,0.9914616346359253,59cc3c06feb7fee14da52ff5a723592a1ec784157ea4917833eab507f61f55cf
amouyal:146,set_hyp5_2,290,reflexive,non_gp,simple,demo_rev_query_rev_raw_none,rev,rev,raw,none,0.9977425336837769,0.9977425336837769,1,0.9931963086128235,3d67a29806409fcfa0058e88e47116f6bc9f3107f40763a95b2c4a8bdf03b7c2
amouyal:147,set_hyp5_2,291,reflexive,non_gp,lingering,demo_rev_query_rev_raw_none,rev,rev,raw,none,0.07627905905246735,0.9237209409475327,1,0.9399375319480896,bd1c719576fc1aeb23609d22a8963ab50716004bb21211569094d4b02ff01d66
amouyal:148,set_hyp5_3,292,reflexive,non_gp,simple,demo_rev_query_rev_raw_none,rev,rev,raw,none,0.9956890344619751,0.9956890344619751,1,0.9924920797348022,715d9bc83a9c928d30ac4b2d466ffbe4fe6c0a51644e4448a30244dd4e7b8672
amouyal:149,set_hyp5_3,293,reflexive,non_gp,lingering,demo_rev_query_rev_raw_none,rev,rev,raw,none,0.5564723610877991,0.4435276389122009,0,0.8155308365821838,35ee93f7f58e97ea9d40fd0f83a8f5c62ef872ba9aa8953c60a1728d9ea187ca
amouyal:150,set_hyp5_4,294,reflexive,non_gp,simple,demo_rev_query_rev_raw_none,rev,rev,raw,none,0.9912513494491577,0.9912513494491577,1,0.9861364364624023,b389e34f14203a09bc49762288fc744d4702a9dda7b52a86ea2ac153503aa12c
amouyal:151,set_hyp5_4,295,reflexive,non_gp,lingering,demo_rev_query_rev_raw_none,rev,rev,raw,none,0.9478573203086853,0.0521426796913147,0,0.9360406398773193,22805476400344884c11be89b07ee52e0b6b0e085591ab161e4522bed99550bf
amouyal:152,set_hyp5_5,296,reflexive,non_gp,simple,demo_rev_query_rev_raw_none,rev,rev,raw,none,0.9980199933052063,0.9980199933052063,1,0.9904666543006897,a2da6b8af664f123a5e95949e442774aec5e6d1eabe1e3b1e407514a7c99f2ac
amouyal:153,set_hyp5_5,297,reflexive,non_gp,lingering,demo_rev_query_rev_raw_none,rev,rev,raw,none,0.974797248840332,0.02520275115966797,0,0.96728515625,4aa5520cb5650c72cf72ce4d27c0cd1714de61e318c4c10d7f890b910854625c
amouyal:154,set_hyp5_6,298,reflexive,non_gp,simple,demo_rev_query_rev_raw_none,rev,rev,raw,none,0.9930915236473083,0.9930915236473083,1,0.9886686205863953,5a133369c35cb17ee0634a002765d344317ac63f1ff62e51e767b3c7d617b4e4
amouyal:155,set_hyp5_6,299,reflexive,non_gp,lingering,demo_rev_query_rev_raw_none,rev,rev,raw,none,0.4782872200012207,0.5217127799987793,1,0.8735083341598511,a01fb17805f1c97572a6b905a2e78e9e8f15625f037b24d1fd7afc8b5091c437
amouyal:156,set_hyp5_7,300,reflexive,non_gp,simple,demo_rev_query_rev_raw_none,rev,rev,raw,none,0.9991637468338013,0.9991637468338013,1,0.9935187697410583,26860a2df63da94bd610a3391b3604beefd8c7c076c73f9f6ddceaf22467f6f7
amouyal:157,set_hyp5_7,301,reflexive,non_gp,lingering,demo_rev_query_rev_raw_none,rev,rev,raw,none,0.8558291792869568,0.1441708207130432,0,0.9035158753395081,3efd7d691f264457a51910b16b960cf4ca3bb0351151ad32eb4a7e595a46769c
amouyal:158,set_hyp5_8,302,reflexive,non_gp,simple,demo_rev_query_rev_raw_none,rev,rev,raw,none,0.9951432347297668,0.9951432347297668,1,0.9891607761383057,954aeed02acdb40a1656b77155832dd22e9effa3a6bf87811766bbe06591012e
amouyal:159,set_hyp5_8,303,reflexive,non_gp,lingering,demo_rev_query_rev_raw_none,rev,rev,raw,none,0.7259491086006165,0.27405089139938354,0,0.8681791424751282,e5670bd3388e2d61f65a60add054c60701fb0fb8c5e8dc38577808ec659bc6f6
amouyal:160,set_hyp5_9,304,reflexive,non_gp,simple,demo_rev_query_rev_raw_none,rev,rev,raw,none,0.9941784739494324,0.9941784739494324,1,0.9908343553543091,cff251f0b9549bd244caca51bb4ec4308912d36d239f4ce81d797ceac0f2e62a
amouyal:161,set_hyp5_9,305,reflexive,non_gp,lingering,demo_rev_query_rev_raw_none,rev,rev,raw,none,0.9918747544288635,0.008125245571136475,0,0.9822463393211365,e4a51dfb9b9e09e5f63bbf6023e1a00b4538fc738cd04086b64fd5e5138e5ceb
amouyal:162,set_hyp5_10,306,reflexive,non_gp,simple,demo_rev_query_rev_raw_none,rev,rev,raw,none,0.9986433386802673,0.9986433386802673,1,0.9944074749946594,c3085d6a6b41a4e2860d9cf920ab3efa657d7d8e1b64bdf18921b687df6c94fd
amouyal:163,set_hyp5_10,307,reflexive,non_gp,lingering,demo_rev_query_rev_raw_none,rev,rev,raw,none,0.9845708608627319,0.015429139137268066,0,0.9824145436286926,70d9c10281b5f3a27cd53dc3454e2eb1cbbdccda1b65ae583589f0644d9dfdf6
amouyal:164,set_hyp5_11,308,reflexive,non_gp,simple,demo_rev_query_rev_raw_none,rev,rev,raw,none,0.9979339241981506,0.9979339241981506,1,0.9938610196113586,3964dc1a3d3e488edf28e7e3ff7bfe292b77608c6673404dbe7e1d8695f7735a
amouyal:165,set_hyp5_11,309,reflexive,non_gp,lingering,demo_rev_query_rev_raw_none,rev,rev,raw,none,0.10584916919469833,0.8941508308053017,1,0.9062832593917847,051dd8973939d0be9892e22c224ac287472383879be350c88817b14f3df4f87a
amouyal:166,set_hyp5_12,310,reflexive,non_gp,simple,demo_rev_query_rev_raw_none,rev,rev,raw,none,0.9980586767196655,0.9980586767196655,1,0.9915366768836975,422e980c7a0d9ae2d449a18b2f657fbdc0b6da10b3a091c7fe24a6fb3e3794c2
amouyal:167,set_hyp5_12,311,reflexive,non_gp,lingering,demo_rev_query_rev_raw_none,rev,rev,raw,none,0.9401674270629883,0.05983257293701172,0,0.9755271077156067,c7322c67fa63e4507d7cd4a8b5f4cfbdaee6ae4d159b8e41340fbbaa37a44d12
amouyal:168,set_hyp5_13,312,reflexive,non_gp,simple,demo_rev_query_rev_raw_none,rev,rev,raw,none,0.9950694441795349,0.9950694441795349,1,0.9883146286010742,4578e63d8951763a8f3157bc365e373867dd556e8941b17cc88a21daba416fab
amouyal:169,set_hyp5_13,313,reflexive,non_gp,lingering,demo_rev_query_rev_raw_none,rev,rev,raw,none,0.9743760824203491,0.02562391757965088,0,0.969508707523346,4582cb8ebdf8519daeb52d9fba99438ffa3080b15ec13c4008f86f79dfc00073
amouyal:170,set_hyp5_14,314,reflexive,non_gp,simple,demo_rev_query_rev_raw_none,rev,rev,raw,none,0.9670605659484863,0.9670605659484863,1,0.9806906580924988,6e7f68c05c57156f1958faf3ab5398ee6b2d72459b1b314086b11a3c59621ad4
amouyal:171,set_hyp5_14,315,reflexive,non_gp,lingering,demo_rev_query_rev_raw_none,rev,rev,raw,none,0.3187685012817383,0.6812314987182617,1,0.8034350872039795,9cc1d80896eeb689d92f60889d6e434aec5b924538791118934b89da5176c234
amouyal:172,set_hyp5_15,316,reflexive,non_gp,simple,demo_rev_query_rev_raw_none,rev,rev,raw,none,0.9964140057563782,0.9964140057563782,1,0.9946609139442444,a5e38918a77fdac72c7b6d543d4f36351a12dd156d3af7e64465acafdfc1a3fb
amouyal:173,set_hyp5_15,317,reflexive,non_gp,lingering,demo_rev_query_rev_raw_none,rev,rev,raw,none,0.9647457599639893,0.03525424003601074,0,0.9590035676956177,d5ffd3fd444cfcf02cffb19180a032a683bddf362deedcd8c670a2a0d94aa5a0
amouyal:174,set_hyp5_16,318,reflexive,non_gp,simple,demo_rev_query_rev_raw_none,rev,rev,raw,none,0.9971810579299927,0.9971810579299927,1,0.9903122186660767,eb69d4c93f14d716fcead42c6f5ef88572bd5074f32f89b348b7a95c3c1edf23
amouyal:175,set_hyp5_16,319,reflexive,non_gp,lingering,demo_rev_query_rev_raw_none,rev,rev,raw,none,0.9012031555175781,0.09879684448242188,0,0.9214602708816528,29f4f6baad5b1a1535ffffbe4561e38b06ed1900f991f76f5b92abfb0e41c760
amouyal:176,set_hyp5_17,320,reflexive,non_gp,simple,demo_rev_query_rev_raw_none,rev,rev,raw,none,0.9956651926040649,0.9956651926040649,1,0.9902699589729309,6544f449fae6ea9c1f3491bef543ad02e224468c2fade9b5a823f6c2d1f1a94a
amouyal:177,set_hyp5_17,321,reflexive,non_gp,lingering,demo_rev_query_rev_raw_none,rev,rev,raw,none,0.15891538560390472,0.8410846143960953,1,0.8630249500274658,fbc0576d12f2fdeb4f822431412ccdcf861e63b27d30f0406f97a2ce5488d128
amouyal:178,set_hyp5_18,322,reflexive,non_gp,simple,demo_rev_query_rev_raw_none,rev,rev,raw,none,0.2822762131690979,0.2822762131690979,0,0.9086377620697021,9e5728b74249184532abeb2cda2936f1378b2ccc87254863b508f3a43b9326ba
amouyal:179,set_hyp5_18,323,reflexive,non_gp,lingering,demo_rev_query_rev_raw_none,rev,rev,raw,none,0.9852681756019592,0.014731824398040771,0,0.9805805683135986,0465290d948176e958cce54ee1693056e85369e79e236b3076020b6345de0745
amouyal:180,set_hyp5_19,324,reflexive,non_gp,simple,demo_rev_query_rev_raw_none,rev,rev,raw,none,0.9979354739189148,0.9979354739189148,1,0.9930768609046936,bf0cbace393470d52c8032aa66b52c41ba469e07c494d362e6862b8e5c8b0ec2
amouyal:181,set_hyp5_19,325,reflexive,non_gp,lingering,demo_rev_query_rev_raw_none,rev,rev,raw,none,0.8995732069015503,0.10042679309844971,0,0.957020103931427,3b26c1a271f03705f3045352dcaeb378eec7f7acde2a35129de3c3a5d002892c
amouyal:182,set_hyp5_20,326,reflexive,non_gp,simple,demo_rev_query_rev_raw_none,rev,rev,raw,none,0.9173416495323181,0.9173416495323181,1,0.9371644854545593,e58b7e47172d9f3b93e5174e7fa436882efe52cc2a03ba2c450ab76e33a649cf
amouyal:183,set_hyp5_20,327,reflexive,non_gp,lingering,demo_rev_query_rev_raw_none,rev,rev,raw,none,0.7833379507064819,0.21666204929351807,0,0.8591880202293396,fd4cc6d8b86e24df494bd81d0d3d1cfc4671ea1e54275cea1068d92036f0ba8d
amouyal:184,set_hyp5_21,328,reflexive,non_gp,simple,demo_rev_query_rev_raw_none,rev,rev,raw,none,0.9741194844245911,0.9741194844245911,1,0.9868261814117432,5011856bf7cd34e36668c7246b0ca49e127cfa11a5f8e63b492a5821ef6f0cc2
amouyal:185,set_hyp5_21,329,reflexive,non_gp,lingering,demo_rev_query_rev_raw_none,rev,rev,raw,none,0.9890100955963135,0.010989904403686523,0,0.9788978099822998,6a111c5bb134934849825336369a4aedeb0c8dfe5a4782dabd0d58d78957608e
amouyal:186,set_hyp5_22,330,reflexive,non_gp,simple,demo_rev_query_rev_raw_none,rev,rev,raw,none,0.9638625383377075,0.9638625383377075,1,0.9659453630447388,d630fd218f773a8abc0a32a182ac1337e726b159d4ce3610b09b000e796de05f
amouyal:187,set_hyp5_22,331,reflexive,non_gp,lingering,demo_rev_query_rev_raw_none,rev,rev,raw,none,0.4137424826622009,0.5862575173377991,1,0.7958639860153198,9d7e944b25ad9f8af0fd8a245fb28efdaa4cc8606d42a27d7f05120867fcc1f0
amouyal:188,set_hyp5_23,332,reflexive,non_gp,simple,demo_rev_query_rev_raw_none,rev,rev,raw,none,0.9949728846549988,0.9949728846549988,1,0.9885494709014893,78c5499b760b3883eb74a63b9259c1c17abc4d7f5649ee3540ae75268bfdb1ad
amouyal:189,set_hyp5_23,333,reflexive,non_gp,lingering,demo_rev_query_rev_raw_none,rev,rev,raw,none,0.9121294021606445,0.08787059783935547,0,0.9399443864822388,2ed96b7ac10a118153ce146f11515bdfd3f76de26c28f09a2154ff2e7fbd806d
amouyal:190,set_hyp5_24,334,reflexive,non_gp,simple,demo_rev_query_rev_raw_none,rev,rev,raw,none,0.9980586171150208,0.9980586171150208,1,0.9928019046783447,05964196611b2046dcb906f3f206e28ef63bcd1bbf105932d0a0868d1490c4ba
amouyal:191,set_hyp5_24,335,reflexive,non_gp,lingering,demo_rev_query_rev_raw_none,rev,rev,raw,none,0.981285810470581,0.018714189529418945,0,0.9655003547668457,a3fbaf42ae87b367488a7522677bfa14729356f045082b49bb64f06c0dba54d5
amouyal:192,set_hyp5_1,336,reflexive,gp,simple,demo_rev_query_rev_raw_none,rev,rev,raw,none,0.9343394041061401,0.9343394041061401,1,0.9765265583992004,249be8e6f2e76e6f20df44d649ec53f7505fe1d0790b49bb99f76d271f5e5947
amouyal:193,set_hyp5_1,337,reflexive,gp,lingering,demo_rev_query_rev_raw_none,rev,rev,raw,none,0.3602798879146576,0.6397201120853424,1,0.9097915887832642,78a1c815a9a83db87fbc7ce971371bb485fed921b3cd5cdd66cd727cb4f3939c
amouyal:194,set_hyp5_2,338,reflexive,gp,simple,demo_rev_query_rev_raw_none,rev,rev,raw,none,0.9625968933105469,0.9625968933105469,1,0.9804427623748779,3ccc82777ffec43d733410816f09325aeea308426812ac88d1b1a41dc27f08e3
amouyal:195,set_hyp5_2,339,reflexive,gp,lingering,demo_rev_query_rev_raw_none,rev,rev,raw,none,0.28976473212242126,0.7102352678775787,1,0.8888535499572754,47a8354516d47f34529473e8e7310741513481bfa889cad8ed6b4a6c03289789
amouyal:196,set_hyp5_3,340,reflexive,gp,simple,demo_rev_query_rev_raw_none,rev,rev,raw,none,0.662787675857544,0.662787675857544,1,0.8818676471710205,4a7723c0fd6bf57a92e90ec1a89c3018db1b708ac88c73ac3a54378a11a163a6
amouyal:197,set_hyp5_3,341,reflexive,gp,lingering,demo_rev_query_rev_raw_none,rev,rev,raw,none,0.6142100691795349,0.3857899308204651,0,0.8545436859130859,77ebe6285dc21ba55716ddc6d79b81129447e76e91c9f333b50a3650bd0bdd53
amouyal:198,set_hyp5_4,342,reflexive,gp,simple,demo_rev_query_rev_raw_none,rev,rev,raw,none,0.8038931488990784,0.8038931488990784,1,0.9311121702194214,c4b28858326244189f5bd19742a1f4fe7a3219940cff926b9f275012ac2d52b4
amouyal:199,set_hyp5_4,343,reflexive,gp,lingering,demo_rev_query_rev_raw_none,rev,rev,raw,none,0.6859667897224426,0.3140332102775574,0,0.9067860841751099,f78ad486841114a18b4b44fa3d696b9b138241ed38e373646ee61f8f27cab24d
amouyal:200,set_hyp5_5,344,reflexive,gp,simple,demo_rev_query_rev_raw_none,rev,rev,raw,none,0.922499418258667,0.922499418258667,1,0.9526718258857727,ad7500152521f6c630f4a1b19d5df2b3d681dd1b94120bd68c7a658663f6833c
amouyal:201,set_hyp5_5,345,reflexive,gp,lingering,demo_rev_query_rev_raw_none,rev,rev,raw,none,0.40417513251304626,0.5958248674869537,1,0.8543024659156799,4d74e3b5d335b5dea0438a5ed154bc5020bc6923999038c3e55127ab8fbac4d8
amouyal:202,set_hyp5_6,346,reflexive,gp,simple,demo_rev_query_rev_raw_none,rev,rev,raw,none,0.8420729637145996,0.8420729637145996,1,0.926146924495697,c84b333110a0562549e9b863f559e6e51afd587ac8873f7b5f0d5930c73c0096
amouyal:203,set_hyp5_6,347,reflexive,gp,lingering,demo_rev_query_rev_raw_none,rev,rev,raw,none,0.9479338526725769,0.052066147327423096,0,0.9487265348434448,f72740e78876e1647c656e969e07dfc462a2d4276619fdfb79c287ce94c70729
amouyal:204,set_hyp5_7,348,reflexive,gp,simple,demo_rev_query_rev_raw_none,rev,rev,raw,none,0.902515709400177,0.902515709400177,1,0.9601021409034729,3873bde35a9645f1a112c40637d123305d0861af1c9bcac48863608d7a470353
amouyal:205,set_hyp5_7,349,reflexive,gp,lingering,demo_rev_query_rev_raw_none,rev,rev,raw,none,0.7066206336021423,0.29337936639785767,0,0.8993533849716187,d2ad6a7b398b2288cae8c72642297feef24173a1ce86bc247159e3b4b1911ef0
amouyal:206,set_hyp5_8,350,reflexive,gp,simple,demo_rev_query_rev_raw_none,rev,rev,raw,none,0.9571757316589355,0.9571757316589355,1,0.9592092633247375,489b25b984aefeee98adab0e9e8b9a2ea2d339dfed599e3796bfb9b0a63c5722
amouyal:207,set_hyp5_8,351,reflexive,gp,lingering,demo_rev_query_rev_raw_none,rev,rev,raw,none,0.470575749874115,0.529424250125885,1,0.8210126757621765,a7a0b659c0f5222d00db25e18be044f8aaaa4abb2fd70b1da0629cfd4cc56798
amouyal:208,set_hyp5_9,352,reflexive,gp,simple,demo_rev_query_rev_raw_none,rev,rev,raw,none,0.9897421002388,0.9897421002388,1,0.9872764348983765,770eac5ab99e53df1df663535ac5008a0db5c1df50967eab2f3319d6389a78ae
amouyal:209,set_hyp5_9,353,reflexive,gp,lingering,demo_rev_query_rev_raw_none,rev,rev,raw,none,0.976912260055542,0.023087739944458008,0,0.9839913249015808,58466a5484e944fc950c670ca6f726e98c94c173ff3b437d70a12119c0e6367e
amouyal:210,set_hyp5_10,354,reflexive,gp,simple,demo_rev_query_rev_raw_none,rev,rev,raw,none,0.9448314905166626,0.9448314905166626,1,0.977031946182251,dd3488a30a07ec6c21ed344be1c69c45c7ed4b394c6cc38c3bb4f97472e43167
amouyal:211,set_hyp5_10,355,reflexive,gp,lingering,demo_rev_query_rev_raw_none,rev,rev,raw,none,0.7355422377586365,0.2644577622413635,0,0.9166760444641113,b9c45d6a83baa06abfc9e23b7b6d9839a6deb7d9b21e7892f800bacbeeb3fd5f
amouyal:212,set_hyp5_11,356,reflexive,gp,simple,demo_rev_query_rev_raw_none,rev,rev,raw,none,0.7482595443725586,0.7482595443725586,1,0.8845698833465576,2a6dbd1b7705f7c8295d582e8299a42a004d3081b259f789fcdc8794e5f12d94
amouyal:213,set_hyp5_11,357,reflexive,gp,lingering,demo_rev_query_rev_raw_none,rev,rev,raw,none,0.47217053174972534,0.5278294682502747,1,0.7933964729309082,e5c5b5710bc78babec9eb56cd321366d173be083ebcfdfacf2adad56d684eef6
amouyal:214,set_hyp5_12,358,reflexive,gp,simple,demo_rev_query_rev_raw_none,rev,rev,raw,none,0.9503693580627441,0.9503693580627441,1,0.9658004641532898,37ceee7dde320ea9c35230e797a73c3d6aea513577acf0c49bf3645d8ee32c0b
amouyal:215,set_hyp5_12,359,reflexive,gp,lingering,demo_rev_query_rev_raw_none,rev,rev,raw,none,0.6885088682174683,0.31149113178253174,0,0.9001323580741882,a4b869aa3dd35f892b9654e7c85761cd2651c4c699afc0710795fce085db2ae7
amouyal:216,set_hyp5_13,360,reflexive,gp,simple,demo_rev_query_rev_raw_none,rev,rev,raw,none,0.1331600844860077,0.1331600844860077,0,0.6775143146514893,9c4f37f0f3657efb9919a36dc8a423a66aef03ed94e3efe26438183e2288e17f
amouyal:217,set_hyp5_13,361,reflexive,gp,lingering,demo_rev_query_rev_raw_none,rev,rev,raw,none,0.27094167470932007,0.7290583252906799,1,0.7734439373016357,1dbd3e9c86a9ade0dcb3d1a5d81d516f59508968a40107694405734fb7cc9ed2
amouyal:218,set_hyp5_14,362,reflexive,gp,simple,demo_rev_query_rev_raw_none,rev,rev,raw,none,0.7669717669487,0.7669717669487,1,0.9361200332641602,6b055f93603cf81fbd7e83d97d6cb7cd2a13ee43f67e870671973b0b7948164c
amouyal:219,set_hyp5_14,363,reflexive,gp,lingering,demo_rev_query_rev_raw_none,rev,rev,raw,none,0.24421155452728271,0.7557884454727173,1,0.7926925420761108,91fe6bc26e76f393d4ecb41b4ba733c9ed9fa316be24384caf370c05db8007d2
amouyal:220,set_hyp5_15,364,reflexive,gp,simple,demo_rev_query_rev_raw_none,rev,rev,raw,none,0.6423481106758118,0.6423481106758118,1,0.8806244134902954,9a05d24687155e8201537e6e8fb8e51f5c0346a90ba3265c91a0c4edd2111681
amouyal:221,set_hyp5_15,365,reflexive,gp,lingering,demo_rev_query_rev_raw_none,rev,rev,raw,none,0.7494620680809021,0.2505379319190979,0,0.8680506944656372,8b72c93d89d1c07bd44d084965cd0afb00cb27825e37627cab64c887039677a2
amouyal:222,set_hyp5_16,366,reflexive,gp,simple,demo_rev_query_rev_raw_none,rev,rev,raw,none,0.6710251569747925,0.6710251569747925,1,0.7743722200393677,92d6f062572fbfc0779fb52edd287072a4bd2e1bd52fb0ca8d47efe646de7fa7
amouyal:223,set_hyp5_16,367,reflexive,gp,lingering,demo_rev_query_rev_raw_none,rev,rev,raw,none,0.7109351754188538,0.28906482458114624,0,0.787820041179657,ada4916880c81d51dd2b25b779482486e84cdef22f00e18e0fdd9c9aa06f53b9
amouyal:224,set_hyp5_17,368,reflexive,gp,simple,demo_rev_query_rev_raw_none,rev,rev,raw,none,0.9901710748672485,0.9901710748672485,1,0.9902355074882507,5d87ae8d9fea5d208159066d5ceae1e7e0873c0d9b19604771ed9a76242f81e2
amouyal:225,set_hyp5_17,369,reflexive,gp,lingering,demo_rev_query_rev_raw_none,rev,rev,raw,none,0.043440528213977814,0.9565594717860222,1,0.9280769228935242,d7ec8a311c2efe0965e053c95d1b183c37a7c06addd697e035b0b743bbb7d120
amouyal:226,set_hyp5_18,370,reflexive,gp,simple,demo_rev_query_rev_raw_none,rev,rev,raw,none,0.05242765694856644,0.05242765694856644,0,0.9459763765335083,ae2c79e8fcc840c40b365be79b53a4af3fadae70275cf1a8289e04e2d0452fb2
amouyal:227,set_hyp5_18,371,reflexive,gp,lingering,demo_rev_query_rev_raw_none,rev,rev,raw,none,0.8384639620780945,0.16153603792190552,0,0.9099553823471069,1135c679e94324ce89268f77a1d5c88a88659a6e2c72a112d4d718cd62d30f5e
amouyal:228,set_hyp5_19,372,reflexive,gp,simple,demo_rev_query_rev_raw_none,rev,rev,raw,none,0.9458261132240295,0.9458261132240295,1,0.9729555249214172,fa379279e7d9495cf55b11c4b9c90f78e98f89456bfed2a51409e839fd84bed2
amouyal:229,set_hyp5_19,373,reflexive,gp,lingering,demo_rev_query_rev_raw_none,rev,rev,raw,none,0.5394395589828491,0.4605604410171509,0,0.8964640498161316,8e2edf1d5b236bfdd3f4377035b1fdd0d55495fd0e18e8430a3e87c018005b5a
amouyal:230,set_hyp5_20,374,reflexive,gp,simple,demo_rev_query_rev_raw_none,rev,rev,raw,none,0.7249680161476135,0.7249680161476135,1,0.8991962671279907,635d406702f268be397fd38a62a0b07cb09413f0932f0244b076280aa0197f89
amouyal:231,set_hyp5_20,375,reflexive,gp,lingering,demo_rev_query_rev_raw_none,rev,rev,raw,none,0.17923682928085327,0.8207631707191467,1,0.7672040462493896,aa05f31abb6a5cd7e582cabd3c741b1302b7879120b41a696a94d19879c10373
amouyal:232,set_hyp5_21,376,reflexive,gp,simple,demo_rev_query_rev_raw_none,rev,rev,raw,none,0.8565674424171448,0.8565674424171448,1,0.9561824798583984,92c9fd7783437383e40ccf4bd7d816a3f099c9e95fad9a74affe22470a78ff27
amouyal:233,set_hyp5_21,377,reflexive,gp,lingering,demo_rev_query_rev_raw_none,rev,rev,raw,none,0.3235528767108917,0.6764471232891083,1,0.90581876039505,ca8691489fc9107fb5ed3c7adae230acc8c4f2c95a5cbd4d2e43a3f3d7de7589
amouyal:234,set_hyp5_22,378,reflexive,gp,simple,demo_rev_query_rev_raw_none,rev,rev,raw,none,0.546532392501831,0.546532392501831,1,0.7376319169998169,037ba5ffb3e0bb65595c554cdf4b34ec03f86d93aa7bb5660529d67783b21d24
amouyal:235,set_hyp5_22,379,reflexive,gp,lingering,demo_rev_query_rev_raw_none,rev,rev,raw,none,0.21689672768115997,0.78310327231884,1,0.7647373676300049,eedaaec308bf175a1b8176f517feacd1c443bff0f02ff10c1b5abd05dd26e67d
amouyal:236,set_hyp5_23,380,reflexive,gp,simple,demo_rev_query_rev_raw_none,rev,rev,raw,none,0.8886942863464355,0.8886942863464355,1,0.9438899755477905,bef506ec892aac81de24d59304ebc8132893d9df5b05ccc2d1e7f2ca3f57df6e
amouyal:237,set_hyp5_23,381,reflexive,gp,lingering,demo_rev_query_rev_raw_none,rev,rev,raw,none,0.3544894754886627,0.6455105245113373,1,0.8702064752578735,e9fea119563ecd0570326275b76738123186d3f3826d91f48d0d9cb6a1ef921b
amouyal:238,set_hyp5_24,382,reflexive,gp,simple,demo_rev_query_rev_raw_none,rev,rev,raw,none,0.978694498538971,0.978694498538971,1,0.9743920564651489,b6e1ce5a0ab027fa6ece24fc88a886575d4d3750cfe13055ff0a94f7286ad563
amouyal:239,set_hyp5_24,383,reflexive,gp,lingering,demo_rev_query_rev_raw_none,rev,rev,raw,none,0.6827363967895508,0.3172636032104492,0,0.8474918603897095,35a01f7c89a9b846e5ae330d5d7861f89f1880a899151ffa0fc90bc4686b7514
amouyal:240,set_1,384,prob,gp,simple,demo_rev_query_rev_raw_none,rev,rev,raw,none,0.8606510162353516,0.8606510162353516,1,0.9175562262535095,1095d88b970c849345feba801c78c6e9daefe7deced7e8fbd948f16235551a9d
amouyal:241,set_1,385,prob,gp,lingering,demo_rev_query_rev_raw_none,rev,rev,raw,none,0.20702847838401794,0.7929715216159821,1,0.8094872236251831,f70923abc9326ce6851139aa33e0360b996ba362a531b34b3e54934afa3e31ab
amouyal:242,set_1,388,prob,non_gp,simple,demo_rev_query_rev_raw_none,rev,rev,raw,none,0.9950947165489197,0.9950947165489197,1,0.990372359752655,9c75e238f0b34ff3046ee602dd4f2f6b6ea6190f7272877f5de69f945138764d
amouyal:243,set_1,389,prob,non_gp,lingering,demo_rev_query_rev_raw_none,rev,rev,raw,none,0.9802654385566711,0.019734561443328857,0,0.97151780128479,199a601586b63cbdf0186afe84036fb635180bcd399a7038c103658ee0bdbdfc
amouyal:244,set_2,392,prob,gp,simple,demo_rev_query_rev_raw_none,rev,rev,raw,none,0.9907054901123047,0.9907054901123047,1,0.9879454970359802,1699507f305ad2e3ef5c67783198eb3e3946dd2762d684e732a1f06f30b76481
amouyal:245,set_2,393,prob,gp,lingering,demo_rev_query_rev_raw_none,rev,rev,raw,none,0.9131150841712952,0.08688491582870483,0,0.9304794073104858,49c5b42c93bf30d819785c234ae7bda4f8a7630f04a912168815e85cf27f7e34
amouyal:246,set_2,396,prob,non_gp,simple,demo_rev_query_rev_raw_none,rev,rev,raw,none,0.9958819150924683,0.9958819150924683,1,0.9912838339805603,af1033e104fe87e9e069ed660a6e64a9e423b75615287ce573f204bdb8937cca
amouyal:247,set_2,397,prob,non_gp,lingering,demo_rev_query_rev_raw_none,rev,rev,raw,none,0.9932748079299927,0.006725192070007324,0,0.9734057188034058,5a495052424f9e0dea7443371afdb6e26e0e042d97ae36ddd394e9932a7bd03c
amouyal:248,set_3,400,prob,gp,simple,demo_rev_query_rev_raw_none,rev,rev,raw,none,0.6734555959701538,0.6734555959701538,1,0.9004119634628296,43a14fdceedf687afe2270ed5b09dbb3380ef2f108299374a6ea523c1b2be115
amouyal:249,set_3,401,prob,gp,lingering,demo_rev_query_rev_raw_none,rev,rev,raw,none,0.42055854201316833,0.5794414579868317,1,0.8774855136871338,18886ad824327e647fdec5cadefd44c8d5d5709abaf4590440e0f1e2004db181
amouyal:250,set_3,404,prob,non_gp,simple,demo_rev_query_rev_raw_none,rev,rev,raw,none,0.9842655658721924,0.9842655658721924,1,0.9799443483352661,84aea9f95df785fa0afb1e08afad7b6df00e36d71fb5a66cf147478861d5e7ef
amouyal:251,set_3,405,prob,non_gp,lingering,demo_rev_query_rev_raw_none,rev,rev,raw,none,0.3264865577220917,0.6735134422779083,1,0.8634822368621826,55fa13162aa1f75bcdc165a401398d52053507d3f4bd1837393669d51ee919e6
amouyal:252,set_4,408,prob,gp,simple,demo_rev_query_rev_raw_none,rev,rev,raw,none,0.8053498864173889,0.8053498864173889,1,0.8830661773681641,7945b6031a969e4332edac8c8b60d950c8ff762e7d71f0ee89897e911f549324
amouyal:253,set_4,409,prob,gp,lingering,demo_rev_query_rev_raw_none,rev,rev,raw,none,0.7613555192947388,0.23864448070526123,0,0.8346593976020813,be61b5e291f9d5b6777711e78c2ac07e7a7298b407295f60692fd8c3eb3f84db
amouyal:254,set_4,412,prob,non_gp,simple,demo_rev_query_rev_raw_none,rev,rev,raw,none,0.9284473061561584,0.9284473061561584,1,0.9585102796554565,4ab71bc3f18e0843585d335829c0896de4d36efc28130ab783ee459eb477841f
amouyal:255,set_4,413,prob,non_gp,lingering,demo_rev_query_rev_raw_none,rev,rev,raw,none,0.7426972985267639,0.2573027014732361,0,0.8688238263130188,78596e786a339985473d2a62ef90fa3c705b79dab7e441fa9300f7202d48958b
amouyal:256,set_5,416,prob,gp,simple,demo_rev_query_rev_raw_none,rev,rev,raw,none,0.710493803024292,0.710493803024292,1,0.8638623952865601,0cedf7f52493c32d7bb96b599739303bdd0cb299d4b7ba52e1faa8c20b0b48d0
amouyal:257,set_5,417,prob,gp,lingering,demo_rev_query_rev_raw_none,rev,rev,raw,none,0.11719513684511185,0.8828048631548882,1,0.8200523853302002,b6fc83833b107ded7dcec62b7b157c9dc700be6be80401b4351bc843232a8f94
amouyal:258,set_5,420,prob,non_gp,simple,demo_rev_query_rev_raw_none,rev,rev,raw,none,0.9884971976280212,0.9884971976280212,1,0.9876447319984436,0f74fa26ee39a07f8e78e9c28ffff34c20e176d3408d24eff3625c84a5fe54cf
amouyal:259,set_5,421,prob,non_gp,lingering,demo_rev_query_rev_raw_none,rev,rev,raw,none,0.9068359732627869,0.09316402673721313,0,0.9467881917953491,8ef8bd2a089105af420dd1a09219cb839983497b233c835a3eb38c8a77fa3c62
amouyal:260,set_6,424,prob,gp,simple,demo_rev_query_rev_raw_none,rev,rev,raw,none,0.6630721688270569,0.6630721688270569,1,0.7948901653289795,56bfa61d19bdc4236f1c1e24a26047aa1c5de2797595fff3b8104c381a9a30d8
amouyal:261,set_6,425,prob,gp,lingering,demo_rev_query_rev_raw_none,rev,rev,raw,none,0.3907044231891632,0.6092955768108368,1,0.7304951548576355,2d80bd56cbc6f3b0badf5dce32081a7f469f86f5f48d7cf0784440a094230359
amouyal:262,set_6,428,prob,non_gp,simple,demo_rev_query_rev_raw_none,rev,rev,raw,none,0.9981342554092407,0.9981342554092407,1,0.9911876320838928,6f62050ee275a19131265c51a51b96bca7f69fe3f3a7f96ac0dbcefe10973af7
amouyal:263,set_6,429,prob,non_gp,lingering,demo_rev_query_rev_raw_none,rev,rev,raw,none,0.9570000767707825,0.04299992322921753,0,0.9626421928405762,c9c754eb1e4f0320d412e2c96a0d76acbcd16d2f48cc861a36751941e3056ac1
amouyal:264,set_7,432,prob,gp,simple,demo_rev_query_rev_raw_none,rev,rev,raw,none,0.521389901638031,0.521389901638031,1,0.8234888911247253,5b01b01cdd2447d9d4bfa1c949a7bd86ba04db1d3e3b7a6e064c474d573387e0
amouyal:265,set_7,433,prob,gp,lingering,demo_rev_query_rev_raw_none,rev,rev,raw,none,0.6707518696784973,0.3292481303215027,0,0.8593317270278931,e932720e7a248ad645fce62266dcf7f145dbdd832f0acaa913a65599af10504a
amouyal:266,set_7,436,prob,non_gp,simple,demo_rev_query_rev_raw_none,rev,rev,raw,none,0.9850043654441833,0.9850043654441833,1,0.9861181378364563,7875c8641a923b6dff64e61da7910e1dc1db2d74308f734e13f2939de6aa4459
amouyal:267,set_7,437,prob,non_gp,lingering,demo_rev_query_rev_raw_none,rev,rev,raw,none,0.953781008720398,0.04621899127960205,0,0.932617723941803,5a2c9824f4adf6fed3899c52a358e011ddd3dbfed711ea496c2b7a7a5a5502f2
amouyal:268,set_8,440,prob,gp,simple,demo_rev_query_rev_raw_none,rev,rev,raw,none,0.9008777141571045,0.9008777141571045,1,0.916843593120575,339b331567f9950955e63b8d25a2d5809b60b771eb7746b1cdf3303c97767a9d
amouyal:269,set_8,441,prob,gp,lingering,demo_rev_query_rev_raw_none,rev,rev,raw,none,0.40412411093711853,0.5958758890628815,1,0.8245851993560791,89ff4552a1bc0b42b85aea036b713a434423d34b2adebf45e05d4f28909d293d
amouyal:270,set_8,444,prob,non_gp,simple,demo_rev_query_rev_raw_none,rev,rev,raw,none,0.9987872242927551,0.9987872242927551,1,0.993582010269165,13eed1d04b20017c66c13217a16a19a0e11599f2f6075c8399b8116df9ebbf21
amouyal:271,set_8,445,prob,non_gp,lingering,demo_rev_query_rev_raw_none,rev,rev,raw,none,0.9074546694755554,0.09254533052444458,0,0.9604617357254028,84879bcee0be5a7761f8f36d0b477829e69db3260e203d6bfbd7f7d7b526587a
amouyal:272,set_9,448,prob,gp,simple,demo_rev_query_rev_raw_none,rev,rev,raw,none,0.9255312085151672,0.9255312085151672,1,0.9631521105766296,2d2a61dceb7a72df194a7bcb2a00a4dc4e6f7f64dad199a4e172c54887528618
amouyal:273,set_9,449,prob,gp,lingering,demo_rev_query_rev_raw_none,rev,rev,raw,none,0.6187684535980225,0.38123154640197754,0,0.8822231292724609,85c7a034ee44452296c357246848816db043a7a9799d2a0bcb56779cf114bdca
amouyal:274,set_9,452,prob,non_gp,simple,demo_rev_query_rev_raw_none,rev,rev,raw,none,0.9980084300041199,0.9980084300041199,1,0.9916070103645325,fb91d5884d21eb262ec021aa46ed6cbd9a14e7e5dabfae909e2f424a7796294f
amouyal:275,set_9,453,prob,non_gp,lingering,demo_rev_query_rev_raw_none,rev,rev,raw,none,0.9164047241210938,0.08359527587890625,0,0.9372442960739136,ece90fb26cbccd5c3f12229c51c889a47da77dd7df3035c9b2ef06edfc010013
amouyal:0,set_10,0,prob,gp,simple,demo_rev_query_rev_raw_assertion,rev,rev,raw,assertion,0.09031449258327484,0.09031449258327484,0,0.8107470273971558,e50598bee04b619d7b94351d815f6e51de50aec0f1e9ad91c46c74d82ea1ed58
amouyal:1,set_10,1,prob,gp,lingering,demo_rev_query_rev_raw_assertion,rev,rev,raw,assertion,0.72324138879776,0.27675861120224,0,0.8360298275947571,f5265a297e6a682a22ca3bc18eb2af8fadf2d155566c49db89f3586583d70817
amouyal:2,set_10,4,prob,non_gp,simple,demo_rev_query_rev_raw_assertion,rev,rev,raw,assertion,0.45618245005607605,0.45618245005607605,0,0.8362563252449036,77105973eef5762742a303414a4bd2dd3a3c80be91909c50f37fd8d4d87dfc0a
amouyal:3,set_10,5,prob,non_gp,lingering,demo_rev_query_rev_raw_assertion,rev,rev,raw,assertion,0.28469446301460266,0.7153055369853973,1,0.7748098373413086,f836bf9e0c0bd68652bb706fd195ab2e6db3f2013ac3e41078393d7e566ef6f8
amouyal:4,set_11,8,prob,gp,simple,demo_rev_query_rev_raw_assertion,rev,rev,raw,assertion,0.9715276956558228,0.9715276956558228,1,0.9448981881141663,fee1e54fe8472adf93dbb4092cffb488ba2a8abb703a943217faa47ff0032be1
amouyal:5,set_11,9,prob,gp,lingering,demo_rev_query_rev_raw_assertion,rev,rev,raw,assertion,0.9871955513954163,0.01280444860458374,0,0.9725595116615295,749ec70768c307f744d01de715ac438c34aefb720a1fbab43eec74b3ddd3a545
amouyal:6,set_11,12,prob,non_gp,simple,demo_rev_query_rev_raw_assertion,rev,rev,raw,assertion,0.9921377897262573,0.9921377897262573,1,0.9742830395698547,0260d9f96ad549e71d706d741ad83d86eea73e3748438f979be92914ab20719e
amouyal:7,set_11,13,prob,non_gp,lingering,demo_rev_query_rev_raw_assertion,rev,rev,raw,assertion,0.9604875445365906,0.039512455463409424,0,0.9347904920578003,a6aff2d751c7adf035e5c4e8018fb61b8f2083cb9c15aa1f688b73b0096b8321
amouyal:8,set_12,16,prob,gp,simple,demo_rev_query_rev_raw_assertion,rev,rev,raw,assertion,0.8642873167991638,0.8642873167991638,1,0.9346297979354858,14a4e00669b30164979fa89f970f760a0c2b025b68c65f63321461cd5e78e672
amouyal:9,set_12,17,prob,gp,lingering,demo_rev_query_rev_raw_assertion,rev,rev,raw,assertion,0.9335534572601318,0.06644654273986816,0,0.9450604319572449,683ee7c22166ead4a12b5d2555831166595abe2db60adba4c918578094650050
amouyal:10,set_12,20,prob,non_gp,simple,demo_rev_query_rev_raw_assertion,rev,rev,raw,assertion,0.9992716312408447,0.9992716312408447,1,0.9927589297294617,5e09a0955589a27547d7d00c7093861658005a39fe23fe411a95cffa014eec97
amouyal:11,set_12,21,prob,non_gp,lingering,demo_rev_query_rev_raw_assertion,rev,rev,raw,assertion,0.9995389580726624,0.0004610419273376465,0,0.988612711429596,bdd18d51a4326252149aa24e5c5185fbb5d7a796607d5c249432f554f467e0a1
amouyal:12,set_13,24,prob,gp,simple,demo_rev_query_rev_raw_assertion,rev,rev,raw,assertion,0.43334779143333435,0.43334779143333435,0,0.786611795425415,369f0c15a81d630a5f78fcba859df3c90513c5dda7f2d4f8b0451ff52ee40cb2
amouyal:13,set_13,25,prob,gp,lingering,demo_rev_query_rev_raw_assertion,rev,rev,raw,assertion,0.1721869260072708,0.8278130739927292,1,0.8172122836112976,3bb733604239b7e3870eb17d7b45e69c9a8c0f1e41292fe039df51af2aaf4f3b
amouyal:14,set_13,28,prob,non_gp,simple,demo_rev_query_rev_raw_assertion,rev,rev,raw,assertion,0.996975302696228,0.996975302696228,1,0.9892539381980896,663b9f16f6ff97b6b5d6b03f9e9d725269481f96bb03297c70bdbc0d1de8f338
amouyal:15,set_13,29,prob,non_gp,lingering,demo_rev_query_rev_raw_assertion,rev,rev,raw,assertion,0.5898877382278442,0.41011226177215576,0,0.8350021243095398,ed42b4487dbd780771f8e2f58e18781b8a62da658300bc3a94c7443558dff13b
amouyal:16,set_14,32,prob,gp,simple,demo_rev_query_rev_raw_assertion,rev,rev,raw,assertion,0.030021073296666145,0.030021073296666145,0,0.821113646030426,77da65802930dbcf5619e1c59eb21be4757b25e5906a32715c2075fe9d5c0b3d
amouyal:17,set_14,33,prob,gp,lingering,demo_rev_query_rev_raw_assertion,rev,rev,raw,assertion,0.7002676129341125,0.29973238706588745,0,0.846275806427002,ce22849b17d7ec3a88c4f1743718f508fbc435af1750881273371bf971821327
amouyal:18,set_14,36,prob,non_gp,simple,demo_rev_query_rev_raw_assertion,rev,rev,raw,assertion,0.17814306914806366,0.17814306914806366,0,0.7645182609558105,714865f97d78745e070c62a47d55fd624513ea2b86632ac7d0a49bebbca9f8f5
amouyal:19,set_14,37,prob,non_gp,lingering,demo_rev_query_rev_raw_assertion,rev,rev,raw,assertion,0.08012647181749344,0.9198735281825066,1,0.805783212184906,9800a9700fd03eb848b9943653c8148eebd4ea0be0cb1a7d1a4fdcb83bfcc4bb
amouyal:20,set_15,40,prob,gp,simple,demo_rev_query_rev_raw_assertion,rev,rev,raw,assertion,0.990604043006897,0.990604043006897,1,0.9814338684082031,687d58a6493ce2570648b9acef845b90f1d3f366999881245f231d2ddce4dba4
amouyal:21,set_15,41,prob,gp,lingering,demo_rev_query_rev_raw_assertion,rev,rev,raw,assertion,0.9970670342445374,0.0029329657554626465,0,0.991460919380188,4a97837273b66e39fa9eae2e1ef0d9a8f920a8a6c34b3ddb64cb234d1a1384c2
amouyal:22,set_15,44,prob,non_gp,simple,demo_rev_query_rev_raw_assertion,rev,rev,raw,assertion,0.9998776912689209,0.9998776912689209,1,0.994259774684906,0a8143729b43d13f6df74c671d76fa8a077b649cc6ec5076bd557e32dd979519
amouyal:23,set_15,45,prob,non_gp,lingering,demo_rev_query_rev_raw_assertion,rev,rev,raw,assertion,0.9932176470756531,0.006782352924346924,0,0.9849086403846741,1d04d7d0e3a8fe7eac4ccc14195dd3c3f2f63901c4fcf4034795c5127752cb66
amouyal:24,set_16,48,prob,gp,simple,demo_rev_query_rev_raw_assertion,rev,rev,raw,assertion,0.7593516111373901,0.7593516111373901,1,0.9019879102706909,f3aa20776ac6df9a7d0a77e2e263c2ee625b5bbbbf1540864fd238de51a9c7f2
amouyal:25,set_16,49,prob,gp,lingering,demo_rev_query_rev_raw_assertion,rev,rev,raw,assertion,0.7583562135696411,0.2416437864303589,0,0.9031122326850891,3f9ad7b0d407cf056a22b21650d0c1cc812e6c2ac73e43a211989a2a9f6f8e31
amouyal:26,set_16,52,prob,non_gp,simple,demo_rev_query_rev_raw_assertion,rev,rev,raw,assertion,0.9996758103370667,0.9996758103370667,1,0.9931676387786865,1e4cc385059833e6171b9355a2bbdfc6f130b42f08028125be71edf26b3b8b22
amouyal:27,set_16,53,prob,non_gp,lingering,demo_rev_query_rev_raw_assertion,rev,rev,raw,assertion,0.9979371428489685,0.002062857151031494,0,0.9900315999984741,4cdf38e78bdb1f6e25e00546a8de1ca21e20cf9c3a4b20dcc4341b15f6a429e3
amouyal:28,set_17,56,prob,gp,simple,demo_rev_query_rev_raw_assertion,rev,rev,raw,assertion,0.7887452840805054,0.7887452840805054,1,0.9003198742866516,bade1f091f25936dfb712aaa503fcea94d992c39cf745126869f3a42bcfaa6db
amouyal:29,set_17,57,prob,gp,lingering,demo_rev_query_rev_raw_assertion,rev,rev,raw,assertion,0.9862741231918335,0.013725876808166504,0,0.9864494800567627,69f67613f0818cf5a64ec49de4ab374543a23f4c281870c57857ecfffc480c4a
amouyal:30,set_17,60,prob,non_gp,simple,demo_rev_query_rev_raw_assertion,rev,rev,raw,assertion,0.9991478323936462,0.9991478323936462,1,0.994519829750061,9620364f0b5a453f6f55de45f90a23248551a0b66db8a775e4526ee8007f2114
amouyal:31,set_17,61,prob,non_gp,lingering,demo_rev_query_rev_raw_assertion,rev,rev,raw,assertion,0.38152027130126953,0.6184797286987305,1,0.8431271910667419,9460bc00dad4d703959b2f2fe9e023eeb5253470acf52e88543588af3902962e
amouyal:32,set_18,64,prob,gp,simple,demo_rev_query_rev_raw_assertion,rev,rev,raw,assertion,0.5090557932853699,0.5090557932853699,1,0.9234502911567688,c56b4c1c8324ad7c254f2e0052373652bd85c619a218062009353e77b89088e3
amouyal:33,set_18,65,prob,gp,lingering,demo_rev_query_rev_raw_assertion,rev,rev,raw,assertion,0.7457690238952637,0.25423097610473633,0,0.9302017688751221,0b1730ced92fa77ea5be59ca0fb75b5ffdfe26baff5604dc5b0225a0afe82215
amouyal:34,set_18,68,prob,non_gp,simple,demo_rev_query_rev_raw_assertion,rev,rev,raw,assertion,0.9213430881500244,0.9213430881500244,1,0.9500691890716553,c1972e6bfacf13e23554068c494304a8d821e8de1a354e2c31be0dfd7391845d
amouyal:35,set_18,69,prob,non_gp,lingering,demo_rev_query_rev_raw_assertion,rev,rev,raw,assertion,0.9822402000427246,0.01775979995727539,0,0.9847104549407959,cbcdc6ea537309add0cc7148c1d40e3ab5b7422b3c453d61eab2047279622b4b
amouyal:36,set_19,72,prob,gp,simple,demo_rev_query_rev_raw_assertion,rev,rev,raw,assertion,0.9860222339630127,0.9860222339630127,1,0.9791847467422485,0afd7474e3a2a59949b6702de49b211220a2e49adf9e2c6ebaf0d7fd2d23bbef
amouyal:37,set_19,73,prob,gp,lingering,demo_rev_query_rev_raw_assertion,rev,rev,raw,assertion,0.7249569296836853,0.2750430703163147,0,0.9167138934135437,4c19cf8b1f4a139b4d7fe9573eac0ba4f92b048dfd48badf85989bec28212b7f
amouyal:38,set_19,76,prob,non_gp,simple,demo_rev_query_rev_raw_assertion,rev,rev,raw,assertion,0.9995956420898438,0.9995956420898438,1,0.9932387471199036,81f1965cf3e9124b73529231c334739d782911a222e09f9385c6e0953f9b558f
amouyal:39,set_19,77,prob,non_gp,lingering,demo_rev_query_rev_raw_assertion,rev,rev,raw,assertion,0.9993965029716492,0.0006034970283508301,0,0.9894968271255493,5347fa64ffb221f7a627d7df2c3cdcb332aa451626ab58802f6faad0d3979020
amouyal:40,set_20,80,prob,gp,simple,demo_rev_query_rev_raw_assertion,rev,rev,raw,assertion,0.26055362820625305,0.26055362820625305,0,0.821829080581665,36693ade256074d5df0f77cdbfbe10bb4eecaee1febab1665b359054d3a12af6
amouyal:41,set_20,81,prob,gp,lingering,demo_rev_query_rev_raw_assertion,rev,rev,raw,assertion,0.3475731909275055,0.6524268090724945,1,0.8101210594177246,eea31b5a211fc6bf9fb9ed3a3af352c44948da7b2c6ca730f88ca8796ea77a8a
amouyal:42,set_20,84,prob,non_gp,simple,demo_rev_query_rev_raw_assertion,rev,rev,raw,assertion,0.9993941187858582,0.9993941187858582,1,0.9946353435516357,94b705dcf2f292b64a8dfc81799c774dd12bddce63bbe027922f5baaa3c8550d
amouyal:43,set_20,85,prob,non_gp,lingering,demo_rev_query_rev_raw_assertion,rev,rev,raw,assertion,0.32295647263526917,0.6770435273647308,1,0.7983661890029907,f2a85563e4d3da6ae8d2ab49bab5865244e0a9b1d4a4c8c6b2165e52e55d29f7
amouyal:44,set_21,88,prob,gp,simple,demo_rev_query_rev_raw_assertion,rev,rev,raw,assertion,0.3506794571876526,0.3506794571876526,0,0.8114380836486816,e558a2348676082e7963e035ccdddbb652bdc496bceabef5af82a2035043d2ee
amouyal:45,set_21,89,prob,gp,lingering,demo_rev_query_rev_raw_assertion,rev,rev,raw,assertion,0.03226548433303833,0.9677345156669617,1,0.9574350118637085,4c20947d7aa39a1e66bafd5d0275a3155234811db226b7841a96fe0bbce53e77
amouyal:46,set_21,92,prob,non_gp,simple,demo_rev_query_rev_raw_assertion,rev,rev,raw,assertion,0.9992358684539795,0.9992358684539795,1,0.9936259984970093,70d6142e99563e798b651def0facf358549366c1ecfa22a5791ed18925f50775
amouyal:47,set_21,93,prob,non_gp,lingering,demo_rev_query_rev_raw_assertion,rev,rev,raw,assertion,0.9947578310966492,0.00524216890335083,0,0.9911192059516907,8175f9d7dea11a3a7ad57c8c28eb776d4727c1a53b5bc033f2ed8aa4bcc0bdf0
amouyal:48,set_22,96,prob,gp,simple,demo_rev_query_rev_raw_assertion,rev,rev,raw,assertion,0.9942211508750916,0.9942211508750916,1,0.9894902110099792,5b7bf953fa50944ebfcc34ece27ca091095fbe4d3852ca3950e68cca81a74594
amouyal:49,set_22,97,prob,gp,lingering,demo_rev_query_rev_raw_assertion,rev,rev,raw,assertion,0.9795557856559753,0.020444214344024658,0,0.9751429557800293,3fa37d83bcdf83a779d39baa52083688986c157a02ed0bbcd5ffaae6cc720992
amouyal:50,set_22,100,prob,non_gp,simple,demo_rev_query_rev_raw_assertion,rev,rev,raw,assertion,0.9982127547264099,0.9982127547264099,1,0.9942196607589722,b0bb6e26298504152310db3e5e283d0a0c2084facf2a622ccc90a5707dad7266
amouyal:51,set_22,101,prob,non_gp,lingering,demo_rev_query_rev_raw_assertion,rev,rev,raw,assertion,0.8137570023536682,0.1862429976463318,0,0.9218540191650391,e3afc6fc835fa10bcde0f64f7950881c65d28c83218b61d0338bbfb5ad01749e
amouyal:52,set_23,104,prob,gp,simple,demo_rev_query_rev_raw_assertion,rev,rev,raw,assertion,0.532218873500824,0.532218873500824,1,0.837428629398346,49d9c30c6293d1bb1c4a1d1af5036400c3b0377bd6979c86b369d1ec5733b834
amouyal:53,set_23,105,prob,gp,lingering,demo_rev_query_rev_raw_assertion,rev,rev,raw,assertion,0.5337309837341309,0.46626901626586914,0,0.8734753727912903,b66b9211907ea41172eb24d1f20c653cdd4c98152665ae19006d3c3e99f06f13
amouyal:54,set_23,108,prob,non_gp,simple,demo_rev_query_rev_raw_assertion,rev,rev,raw,assertion,0.9993878602981567,0.9993878602981567,1,0.9939020872116089,694939496fe6cea553268644594c3f95eac04bc5f064f066c11b18c74ff39044
amouyal:55,set_23,109,prob,non_gp,lingering,demo_rev_query_rev_raw_assertion,rev,rev,raw,assertion,0.996026337146759,0.003973662853240967,0,0.9836637377738953,a2ec9994ef22e1dc0f9826fc972039be5abbef147372a4da936cdf53e5e50cc1
amouyal:56,set_24,112,prob,gp,simple,demo_rev_query_rev_raw_assertion,rev,rev,raw,assertion,0.49028491973876953,0.49028491973876953,0,0.8282943964004517,869488a98018e7257f33ef59b33c649177b823f065f3b53577026918c8294ad0
amouyal:57,set_24,113,prob,gp,lingering,demo_rev_query_rev_raw_assertion,rev,rev,raw,assertion,0.044126223772764206,0.9558737762272358,1,0.881513774394989,78abdd863dfc212a9966ad8ace16fe50d24f7e06af48f4f6c5a0d2e0210d48b2
amouyal:58,set_24,116,prob,non_gp,simple,demo_rev_query_rev_raw_assertion,rev,rev,raw,assertion,0.99547278881073,0.99547278881073,1,0.9917022585868835,d84eca40de36eec21b28ff89bdecb14086aacaf646c9d89bee4bf6b6e9cc1357
amouyal:59,set_24,117,prob,non_gp,lingering,demo_rev_query_rev_raw_assertion,rev,rev,raw,assertion,0.11508402228355408,0.8849159777164459,1,0.8758089542388916,63e9946c8cdda5e1d74a830542547b664b584f38633e3f55a45e798790993c7e
amouyal:60,set_25,120,prob,gp,simple,demo_rev_query_rev_raw_assertion,rev,rev,raw,assertion,0.989854633808136,0.989854633808136,1,0.9795642495155334,23f3a0c6932e02688bbc5333055079ebab80a0288bf1e13057c32a88065cebc4
amouyal:61,set_25,121,prob,gp,lingering,demo_rev_query_rev_raw_assertion,rev,rev,raw,assertion,0.9122722148895264,0.08772778511047363,0,0.9301674962043762,8bba92bfb6b5e6f3b7dab77bfbfb0455ab346cf19eecde74c7820aa6f9cae1a7
amouyal:62,set_25,124,prob,non_gp,simple,demo_rev_query_rev_raw_assertion,rev,rev,raw,assertion,0.9965219497680664,0.9965219497680664,1,0.9895663857460022,a1f5d8f532129d02c44f463e98fa9e779dbaa520e61b2086c7a52ad91dde642f
amouyal:63,set_25,125,prob,non_gp,lingering,demo_rev_query_rev_raw_assertion,rev,rev,raw,assertion,0.982485830783844,0.017514169216156006,0,0.9546000361442566,066d07666d61ca544ebc794b647d65d1bfb6d3bf6c1baa08decc944b5c1ff38e
amouyal:64,set_26,128,prob,gp,simple,demo_rev_query_rev_raw_assertion,rev,rev,raw,assertion,0.807944655418396,0.807944655418396,1,0.925444483757019,35d54454e4884db6aa4a5a698cd1ad173074fa898655cc7016865912eba96844
amouyal:65,set_26,129,prob,gp,lingering,demo_rev_query_rev_raw_assertion,rev,rev,raw,assertion,0.04274452105164528,0.9572554789483547,1,0.889473021030426,4d1f5185c8abec874ba521609d9ef36a62d4f295f260da10971c879010c5efd7
amouyal:66,set_26,132,prob,non_gp,simple,demo_rev_query_rev_raw_assertion,rev,rev,raw,assertion,0.9995747208595276,0.9995747208595276,1,0.9941310882568359,2e5696707a5725b9beebdc62b656c63c05bf4836cef102a0d2d9f44750ce3f31
amouyal:67,set_26,133,prob,non_gp,lingering,demo_rev_query_rev_raw_assertion,rev,rev,raw,assertion,0.985750675201416,0.014249324798583984,0,0.9834234714508057,bedce98077d9f7a97707cd92aab3a6b87f008af2c9f270f268d6491675079ec7
amouyal:68,set_27,136,prob,gp,simple,demo_rev_query_rev_raw_assertion,rev,rev,raw,assertion,0.9928162693977356,0.9928162693977356,1,0.983134388923645,34f1970fb9fa43f90dc5c87c476ddaa66615a54e056a8cc2006a65576352469d
amouyal:69,set_27,137,prob,gp,lingering,demo_rev_query_rev_raw_assertion,rev,rev,raw,assertion,0.9589080214500427,0.041091978549957275,0,0.9627500772476196,93eaf404ce053b8d4c23a9cf2250e629b7e66fe20a86c8cecfee806bb13413de
amouyal:70,set_27,140,prob,non_gp,simple,demo_rev_query_rev_raw_assertion,rev,rev,raw,assertion,0.9988172054290771,0.9988172054290771,1,0.9918902516365051,e99e16f5b11bdecd7dfec42c2ad2a6047270558cc4f436ef091c412b875870e0
amouyal:71,set_27,141,prob,non_gp,lingering,demo_rev_query_rev_raw_assertion,rev,rev,raw,assertion,0.9948348999023438,0.00516510009765625,0,0.9813574552536011,4f6db43062441b201ac89615d513bfbe50c71ab540246fd8fcc8e48d2564df66
amouyal:72,set_28,144,prob,gp,simple,demo_rev_query_rev_raw_assertion,rev,rev,raw,assertion,0.24750307202339172,0.24750307202339172,0,0.8082202672958374,ab6b94a9bdeba2870ecdc97852863cba9f260d0062f5b835257044e95186dcb4
amouyal:73,set_28,145,prob,gp,lingering,demo_rev_query_rev_raw_assertion,rev,rev,raw,assertion,0.22399485111236572,0.7760051488876343,1,0.8098161816596985,924fdb061cbdd2e7656c005c69f25fa7a30b6f1fcec8cc5605e264a0fc4d1cad
amouyal:74,set_28,148,prob,non_gp,simple,demo_rev_query_rev_raw_assertion,rev,rev,raw,assertion,0.9981568455696106,0.9981568455696106,1,0.9923213124275208,75ee36d8d355da629203e25ab7d2fb61a471fca9cac375b2211eaff2684d8314
amouyal:75,set_28,149,prob,non_gp,lingering,demo_rev_query_rev_raw_assertion,rev,rev,raw,assertion,0.9993882775306702,0.000611722469329834,0,0.9944272637367249,156d5b2205d2cb26e7e9ff311d84dafe113224430a36476c297e085c943778a9
amouyal:76,set_29,152,prob,gp,simple,demo_rev_query_rev_raw_assertion,rev,rev,raw,assertion,0.989474892616272,0.989474892616272,1,0.9828224182128906,d6b05d4c80c74ea47e138f22d58e6c4500a5590b719b05134398c20c4ef588df
amouyal:77,set_29,153,prob,gp,lingering,demo_rev_query_rev_raw_assertion,rev,rev,raw,assertion,0.9694347381591797,0.030565261840820312,0,0.9735421538352966,7e30552f130388283f7678578603a0cd2aeb61a0ad119c3862ec0ae1b87a965f
amouyal:78,set_29,156,prob,non_gp,simple,demo_rev_query_rev_raw_assertion,rev,rev,raw,assertion,0.9994737505912781,0.9994737505912781,1,0.993216872215271,7df7fd4143a8c7cf3682c993aa54fd48088f8b3739b0c7843e7d4b3ef85cd043
amouyal:79,set_29,157,prob,non_gp,lingering,demo_rev_query_rev_raw_assertion,rev,rev,raw,assertion,0.9853442311286926,0.014655768871307373,0,0.9724558591842651,5cca66f893d74cce522ed9a12e4ddd40e28d4d40b2f36cda4b393066e4a6117b
amouyal:80,set_30,160,prob,gp,simple,demo_rev_query_rev_raw_assertion,rev,rev,raw,assertion,0.9934514760971069,0.9934514760971069,1,0.9858839511871338,affb17582ed015323ccc685ed48b108042aec26a7541d31aaba8bf42ad33104f
amouyal:81,set_30,161,prob,gp,lingering,demo_rev_query_rev_raw_assertion,rev,rev,raw,assertion,0.919314980506897,0.08068501949310303,0,0.911714494228363,8a7d1c36573ad87e763912fb92d311bc1a7ca0d6d376aa06fd7f2d8f4ce5dfc1
amouyal:82,set_30,164,prob,non_gp,simple,demo_rev_query_rev_raw_assertion,rev,rev,raw,assertion,0.9996732473373413,0.9996732473373413,1,0.9927998781204224,aa13ff9db81cbb9656779ca949d07d2560121e0dbdba0e420b9abd94f90831c4
amouyal:83,set_30,165,prob,non_gp,lingering,demo_rev_query_rev_raw_assertion,rev,rev,raw,assertion,0.9988376498222351,0.0011623501777648926,0,0.9870644211769104,67012c1ba7bf4efbb0b719943ba406759f5562360de1e9508e6aafa0bac1d61b
amouyal:84,set_31,168,prob,gp,simple,demo_rev_query_rev_raw_assertion,rev,rev,raw,assertion,0.4679096043109894,0.4679096043109894,0,0.8314891457557678,e5a649e31d7ef5d1695a6409b47eb906f9a07671fdedcdee3813652b015abc21
amouyal:85,set_31,169,prob,gp,lingering,demo_rev_query_rev_raw_assertion,rev,rev,raw,assertion,0.11041520535945892,0.8895847946405411,1,0.8759805560112,1ee0e8bb1f084c9978f10191dea56797249601ff70257192ceecba4a5129b14d
amouyal:86,set_31,172,prob,non_gp,simple,demo_rev_query_rev_raw_assertion,rev,rev,raw,assertion,0.9971736669540405,0.9971736669540405,1,0.9917661547660828,e0defa9911f65cae5211cf52718c2cf37c09da04805f4efe4dd06eea6d276cf2
amouyal:87,set_31,173,prob,non_gp,lingering,demo_rev_query_rev_raw_assertion,rev,rev,raw,assertion,0.9715158939361572,0.028484106063842773,0,0.971448540687561,e3dce3711b035c9bea56361980c711e59f30933d6cf01d4236edabe0151f5109
amouyal:88,set_32,176,prob,gp,simple,demo_rev_query_rev_raw_assertion,rev,rev,raw,assertion,0.9086334109306335,0.9086334109306335,1,0.9461202621459961,e7516ceeda4ed077534e76af4d7b3959aa7616838ec2239a32cf11a58aaf8311
amouyal:89,set_32,177,prob,gp,lingering,demo_rev_query_rev_raw_assertion,rev,rev,raw,assertion,0.08672400563955307,0.9132759943604469,1,0.8861546516418457,e68f6c945a09420aed738ec08e926e51d71813d64dc5407e14f9af0e9690e697
amouyal:90,set_32,180,prob,non_gp,simple,demo_rev_query_rev_raw_assertion,rev,rev,raw,assertion,0.9992647171020508,0.9992647171020508,1,0.9933471083641052,4ffa5560d6601da1fd0050df2ba5a8197d1a3dce0a1e976c34f6a0d98ae2e4bd
amouyal:91,set_32,181,prob,non_gp,lingering,demo_rev_query_rev_raw_assertion,rev,rev,raw,assertion,0.9733668565750122,0.026633143424987793,0,0.9695013761520386,12f7285e41097fee5c07ac0bdcb1b677158f02c4117a4bdea73b2a2d1185c30a
amouyal:92,set_33,184,prob,gp,simple,demo_rev_query_rev_raw_assertion,rev,rev,raw,assertion,0.08857480436563492,0.08857480436563492,0,0.8040810823440552,66e6a1cc05e8cb3a6f2e6c4a5930b0316b4acae2b5637219c636f26d6bdedfc4
amouyal:93,set_33,185,prob,gp,lingering,demo_rev_query_rev_raw_assertion,rev,rev,raw,assertion,0.38552722334861755,0.6144727766513824,1,0.8221343755722046,bdc85df0891737f86129111872f4bb3648dfd81e9441353dfd6444c20dd1f727
amouyal:94,set_33,188,prob,non_gp,simple,demo_rev_query_rev_raw_assertion,rev,rev,raw,assertion,0.99845951795578,0.99845951795578,1,0.989244282245636,4e3ac978cafd6fb8ad47bb6fc9a14fc300729c162776ddef74958a24fddb429a
amouyal:95,set_33,189,prob,non_gp,lingering,demo_rev_query_rev_raw_assertion,rev,rev,raw,assertion,0.9861026406288147,0.013897359371185303,0,0.9653820991516113,d45caae433b2bf52ac2fba103a05a57a9ab136ea314097db2ccec648ac4f4f8f
amouyal:96,set_34,192,prob,gp,simple,demo_rev_query_rev_raw_assertion,rev,rev,raw,assertion,0.9588444828987122,0.9588444828987122,1,0.9629817008972168,a3447a3fe17a1795068e538b86175b1e258dc23f5ed406995afa2ca2c747dc68
amouyal:97,set_34,193,prob,gp,lingering,demo_rev_query_rev_raw_assertion,rev,rev,raw,assertion,0.03921929746866226,0.9607807025313377,1,0.9030419588088989,0f5f4e369c2217d298246f0281b5a6c1258124575f55a728cf1a6cf5cb6a74f2
amouyal:98,set_34,196,prob,non_gp,simple,demo_rev_query_rev_raw_assertion,rev,rev,raw,assertion,0.9994986653327942,0.9994986653327942,1,0.9948144555091858,c9e8b7209a9576b03b76f174154e9917340836ae5ba6d34835dcd0f2537176f8
amouyal:99,set_34,197,prob,non_gp,lingering,demo_rev_query_rev_raw_assertion,rev,rev,raw,assertion,0.9481401443481445,0.05185985565185547,0,0.9595375061035156,9792e4a968ae8dc5ca2010706394a58630adc400ae7b1b5f4839e374b152dfc2
amouyal:100,set_35,200,prob,gp,simple,demo_rev_query_rev_raw_assertion,rev,rev,raw,assertion,0.13498453795909882,0.13498453795909882,0,0.8215876817703247,daddef66982ba0ec75df5998b443d14d504ca446b4ac0fab84fe9c5b39763899
amouyal:101,set_35,201,prob,gp,lingering,demo_rev_query_rev_raw_assertion,rev,rev,raw,assertion,0.5284993648529053,0.4715006351470947,0,0.7773609161376953,59f63734f9d0f23394308ab9ce439e2e57cc0ad6f9f2da286da60f44a4cfd400
amouyal:102,set_35,204,prob,non_gp,simple,demo_rev_query_rev_raw_assertion,rev,rev,raw,assertion,0.9958054423332214,0.9958054423332214,1,0.9867447018623352,478cb3596fa21a2b62180a8e46c9e90c377a672a3ce8b25698fbb11ae5fcef32
amouyal:103,set_35,205,prob,non_gp,lingering,demo_rev_query_rev_raw_assertion,rev,rev,raw,assertion,0.8588655591011047,0.14113444089889526,0,0.8891593217849731,7769ad37daa8a1dfb209c51e25844e98ea0fa7fb6d59e9a12fb8a94e2e9113af
amouyal:104,set_36,208,prob,gp,simple,demo_rev_query_rev_raw_assertion,rev,rev,raw,assertion,0.6193662285804749,0.6193662285804749,1,0.8861308097839355,eed46ed362ec5fe083a9d543667f8d85c92a2defcf25a687f28c03df8ffe5f54
amouyal:105,set_36,209,prob,gp,lingering,demo_rev_query_rev_raw_assertion,rev,rev,raw,assertion,0.6597016453742981,0.3402983546257019,0,0.8841633796691895,912a248ca54a302b189097a0b175e4f5b2f0f0c5bfb0cc77bffd5e19322ac8ff
amouyal:106,set_36,212,prob,non_gp,simple,demo_rev_query_rev_raw_assertion,rev,rev,raw,assertion,0.9985677599906921,0.9985677599906921,1,0.9922056198120117,18c6176c119a9d36bb00f9d607d01cd87898536ced6f4e4700877149b46e611d
amouyal:107,set_36,213,prob,non_gp,lingering,demo_rev_query_rev_raw_assertion,rev,rev,raw,assertion,0.9864303469657898,0.013569653034210205,0,0.9797636270523071,5bc2486a72fa2b04a79849c90e12cd02fb69c77edd1c747cd39e48b1392a2390
amouyal:108,set_37,216,prob,gp,simple,demo_rev_query_rev_raw_assertion,rev,rev,raw,assertion,0.05796791613101959,0.05796791613101959,0,0.8277910351753235,3887151032e1b46988d4a93e7bb919760d95972e2c166cf23988dec68f4c3e8f
amouyal:109,set_37,217,prob,gp,lingering,demo_rev_query_rev_raw_assertion,rev,rev,raw,assertion,0.05353642255067825,0.9464635774493217,1,0.8724793195724487,418fcab2c9e4701810d58e139f69f6def240d38a8af5f49ff0c9eee08a601f81
amouyal:110,set_37,220,prob,non_gp,simple,demo_rev_query_rev_raw_assertion,rev,rev,raw,assertion,0.9359101057052612,0.9359101057052612,1,0.9533421993255615,63e2ae59aea8ce56c232d309d765bb48d4a072018b85c4272cd8c2308ef5fa7f
amouyal:111,set_37,221,prob,non_gp,lingering,demo_rev_query_rev_raw_assertion,rev,rev,raw,assertion,0.7150334715843201,0.28496652841567993,0,0.8736933469772339,0e14cf5b32eada96571644aafd6177d1ae78b2f667a507d4779eb7bb05cd7e4c
amouyal:112,set_38,224,prob,gp,simple,demo_rev_query_rev_raw_assertion,rev,rev,raw,assertion,0.4363785684108734,0.4363785684108734,0,0.7670371532440186,50f85768188eb00061881d1507cd7e923ea899082e399f6db1e451188b96172f
amouyal:113,set_38,225,prob,gp,lingering,demo_rev_query_rev_raw_assertion,rev,rev,raw,assertion,0.7773123979568481,0.22268760204315186,0,0.8913509845733643,1de0fd6f6c55f4ab60801f73ecaea1b7d641353ba9670e0cfd14c69ff40bd75c
amouyal:114,set_38,228,prob,non_gp,simple,demo_rev_query_rev_raw_assertion,rev,rev,raw,assertion,0.9905611872673035,0.9905611872673035,1,0.9653800129890442,578a828493e7d2808b1e60c8974f2cdce3c87ddb1c7c96e69af4c306ec40ec16
amouyal:115,set_38,229,prob,non_gp,lingering,demo_rev_query_rev_raw_assertion,rev,rev,raw,assertion,0.04153311252593994,0.9584668874740601,1,0.8147543668746948,45252d69f079462e497f7b7e288aa9f2c69e6807f3b7bbb6e623128b455e217a
amouyal:116,set_39,232,prob,gp,simple,demo_rev_query_rev_raw_assertion,rev,rev,raw,assertion,0.5854047536849976,0.5854047536849976,1,0.8018620610237122,27a86eef21f2527921e9c59a6d5ae40a1e0e58bd7868ccb648eb0381da3a6a2e
amouyal:117,set_39,233,prob,gp,lingering,demo_rev_query_rev_raw_assertion,rev,rev,raw,assertion,0.4920811951160431,0.5079188048839569,1,0.8309295773506165,1823944ee7aedd41afff75293d452272664908a933aa2e88be57b302115b27d0
amouyal:118,set_39,236,prob,non_gp,simple,demo_rev_query_rev_raw_assertion,rev,rev,raw,assertion,0.9993497729301453,0.9993497729301453,1,0.992408275604248,a3df715851bf1c2e987cc4ec25b0221f370761586f5f7ca60d0c574e61d421e8
amouyal:119,set_39,237,prob,non_gp,lingering,demo_rev_query_rev_raw_assertion,rev,rev,raw,assertion,0.9357249736785889,0.06427502632141113,0,0.9262296557426453,a759929241255b3f0624dd625f57bb655d06f5c9500f814073aa9de3f9a596e7
amouyal:120,set_40,240,prob,gp,simple,demo_rev_query_rev_raw_assertion,rev,rev,raw,assertion,0.30340254306793213,0.30340254306793213,0,0.8427373766899109,fc17595dbe4211ee9b6215625fea9b9abb73bb8d5ba12de05adfed7722789def
amouyal:121,set_40,241,prob,gp,lingering,demo_rev_query_rev_raw_assertion,rev,rev,raw,assertion,0.15176382660865784,0.8482361733913422,1,0.7776877880096436,761838930086158c455b9a6e478eb16546edcda53445cfcbcb8c6322b1182ca0
amouyal:122,set_40,244,prob,non_gp,simple,demo_rev_query_rev_raw_assertion,rev,rev,raw,assertion,0.9903081655502319,0.9903081655502319,1,0.9883294105529785,f5ce53c91e4e9d03bec33aabbe27b03f47e510bc8aa4e684ed80c81421bf88fb
amouyal:123,set_40,245,prob,non_gp,lingering,demo_rev_query_rev_raw_assertion,rev,rev,raw,assertion,0.9200241565704346,0.07997584342956543,0,0.933937668800354,19a7fd49913ae79f725840650b86163bfb372a05f75944ca2486ec50ef598157
amouyal:124,set_41,248,prob,gp,simple,demo_rev_query_rev_raw_assertion,rev,rev,raw,assertion,0.9676081538200378,0.9676081538200378,1,0.9451122879981995,3461144e2f353d680cb4fcce980c1358aed84e079f2cc8f79c3da0bedbe7be40
amouyal:125,set_41,249,prob,gp,lingering,demo_rev_query_rev_raw_assertion,rev,rev,raw,assertion,0.23843656480312347,0.7615634351968765,1,0.7465864419937134,67b8c29d2af5c8582eae7707d1656bef1e82d3ff8075d8ca1b55beabb21f8d02
amouyal:126,set_41,252,prob,non_gp,simple,demo_rev_query_rev_raw_assertion,rev,rev,raw,assertion,0.9997891783714294,0.9997891783714294,1,0.993381142616272,b016a2289c468e1876b7715af640aa8ae5d8902279f748c8026e4ec517c1be32
amouyal:127,set_41,253,prob,non_gp,lingering,demo_rev_query_rev_raw_assertion,rev,rev,raw,assertion,0.9992053508758545,0.0007946491241455078,0,0.9862285852432251,41138c34bc7989d3199225c64e6af3b6bd281b6e263e3b3b30a2a22bc19ee5b4
amouyal:128,set_42,256,prob,gp,simple,demo_rev_query_rev_raw_assertion,rev,rev,raw,assertion,0.9769958257675171,0.9769958257675171,1,0.9541431665420532,16a43d7fe62fdaf5542c9dfe02502eaa582af9dbe8f39f83b8800500a8e9c7e1
amouyal:129,set_42,257,prob,gp,lingering,demo_rev_query_rev_raw_assertion,rev,rev,raw,assertion,0.8731293082237244,0.12687069177627563,0,0.9123319983482361,5714a1d983a55bcea04220e7a8f86e27179f4140057e99654332e7313adb2cfa
amouyal:130,set_42,260,prob,non_gp,simple,demo_rev_query_rev_raw_assertion,rev,rev,raw,assertion,0.999499499797821,0.999499499797821,1,0.9893739223480225,261db4821989905f7c3a4fd15cbcb4003a7e506a4a103a3a2609faec038cd823
amouyal:131,set_42,261,prob,non_gp,lingering,demo_rev_query_rev_raw_assertion,rev,rev,raw,assertion,0.9185227751731873,0.08147722482681274,0,0.919856071472168,8883a0823d969dd793728de78331e93893bbcba48086473c7d80e325b256b3dd
amouyal:132,set_43,264,prob,gp,simple,demo_rev_query_rev_raw_assertion,rev,rev,raw,assertion,0.5960562229156494,0.5960562229156494,1,0.9159225225448608,b032c734f9da6fab0ab440ce2d9b3312e0558a39019b9227c478702672b8a613
amouyal:133,set_43,265,prob,gp,lingering,demo_rev_query_rev_raw_assertion,rev,rev,raw,assertion,0.06516274809837341,0.9348372519016266,1,0.8871442079544067,03a530feb37d820c4ed6167dd9754ada95ad7456f69001aa533b6b0ed04da136
amouyal:134,set_43,268,prob,non_gp,simple,demo_rev_query_rev_raw_assertion,rev,rev,raw,assertion,0.9781574010848999,0.9781574010848999,1,0.9786888360977173,a27a687c3e060847cf46c5c0db056afd4686bfb00d4b2973923fa3bbd9bbf39a
amouyal:135,set_43,269,prob,non_gp,lingering,demo_rev_query_rev_raw_assertion,rev,rev,raw,assertion,0.9950539469718933,0.0049460530281066895,0,0.9878946542739868,6307485dd8c4b07d0204c15e9e8cda51b8135c8b354e1035bf731da7e5cac036
amouyal:136,set_44,272,prob,gp,simple,demo_rev_query_rev_raw_assertion,rev,rev,raw,assertion,0.03621373325586319,0.03621373325586319,0,0.8400830626487732,9dd75379cb3d8e2f9439d06e5dc771b0fc5998376d4f3cdae351a592e77620f8
amouyal:137,set_44,273,prob,gp,lingering,demo_rev_query_rev_raw_assertion,rev,rev,raw,assertion,0.11006207019090652,0.8899379298090935,1,0.7580323815345764,624b5e0470c0b4cdaf50d3c342149305edd6aa692bc8f9991d60041582bd50f9
amouyal:138,set_44,276,prob,non_gp,simple,demo_rev_query_rev_raw_assertion,rev,rev,raw,assertion,0.6664209961891174,0.6664209961891174,1,0.8618292808532715,8278067cc2312feb003a5c73dd1592b4e4d418fff2ea38b6f67e3d44d22a0a6b
amouyal:139,set_44,277,prob,non_gp,lingering,demo_rev_query_rev_raw_assertion,rev,rev,raw,assertion,0.2383926808834076,0.7616073191165924,1,0.7864196300506592,aa761e831470ea270cfd171be0be319441d771d4f4f3b5d141d0f5e7ba67e562
amouyal:140,set_45,280,prob,gp,simple,demo_rev_query_rev_raw_assertion,rev,rev,raw,assertion,0.18592044711112976,0.18592044711112976,0,0.7942314147949219,79366a811c1354182ec00d28d432390283e586fa0fb3a1b63c621ec14c9f753f
amouyal:141,set_45,281,prob,gp,lingering,demo_rev_query_rev_raw_assertion,rev,rev,raw,assertion,0.30761149525642395,0.692388504743576,1,0.8517273664474487,3c0b30d763f92806cec31499f45407e87000156a8aae82c5f059e6e2dfdbac97
amouyal:142,set_45,284,prob,non_gp,simple,demo_rev_query_rev_raw_assertion,rev,rev,raw,assertion,0.9879380464553833,0.9879380464553833,1,0.9757480025291443,d150dce48553234f61bbcf90e321dd42a482bd9d028a9e7a94330b6f2d0b9b08
amouyal:143,set_45,285,prob,non_gp,lingering,demo_rev_query_rev_raw_assertion,rev,rev,raw,assertion,0.9936001896858215,0.006399810314178467,0,0.9799532890319824,f67b288bf1d0904b1aa2a0ab54cae855db6fed612a1427a3f3ae0df7569ac481
amouyal:144,set_hyp5_1,288,reflexive,non_gp,simple,demo_rev_query_rev_raw_assertion,rev,rev,raw,assertion,0.9953992962837219,0.9953992962837219,1,0.9891610741615295,06bdd8df8a60bade3ec2bc563b6c7c4c6dbce158f81a7b50c389dba5a9f3a4aa
amouyal:145,set_hyp5_1,289,reflexive,non_gp,lingering,demo_rev_query_rev_raw_assertion,rev,rev,raw,assertion,0.9988648891448975,0.001135110855102539,0,0.9908449053764343,f86d3b2cc6e35cf550a7f4d76d90e4d3662f72f44f8deebcfbacd8caf4586b85
amouyal:146,set_hyp5_2,290,reflexive,non_gp,simple,demo_rev_query_rev_raw_assertion,rev,rev,raw,assertion,0.9991791248321533,0.9991791248321533,1,0.9907797574996948,0102b615fd5a0da2c74457cc045bd3cfb510a867207961a05c4ef266b4d3e8f3
amouyal:147,set_hyp5_2,291,reflexive,non_gp,lingering,demo_rev_query_rev_raw_assertion,rev,rev,raw,assertion,0.06440453976392746,0.9355954602360725,1,0.8510246872901917,eb328d25100de6abc0365c21785e3cf32b646ad03ce0209880ec1580064e87dc
amouyal:148,set_hyp5_3,292,reflexive,non_gp,simple,demo_rev_query_rev_raw_assertion,rev,rev,raw,assertion,0.9974002242088318,0.9974002242088318,1,0.9915923476219177,4fa0fffa2cb98d7cf1d3333dc2e63b0af7f4eeab51837e596eb5e59730460fc0
amouyal:149,set_hyp5_3,293,reflexive,non_gp,lingering,demo_rev_query_rev_raw_assertion,rev,rev,raw,assertion,0.1133006140589714,0.8866993859410286,1,0.746269166469574,ae11ddbbe08abec49e573c99a78370621f4bd812d40a6f247dee7ec55f55fb11
amouyal:150,set_hyp5_4,294,reflexive,non_gp,simple,demo_rev_query_rev_raw_assertion,rev,rev,raw,assertion,0.9877769947052002,0.9877769947052002,1,0.980837881565094,6bd5864933f18faa6bda246d4ad0db31f3dba04d4a0b9aca6e4db734e6afcb5c
amouyal:151,set_hyp5_4,295,reflexive,non_gp,lingering,demo_rev_query_rev_raw_assertion,rev,rev,raw,assertion,0.9415503740310669,0.058449625968933105,0,0.9303902983665466,8837e02051bdc9839f2f5c851e17868b8b16f2caedf7a0f1d3dce8ea3e793ed9
amouyal:152,set_hyp5_5,296,reflexive,non_gp,simple,demo_rev_query_rev_raw_assertion,rev,rev,raw,assertion,0.9994838237762451,0.9994838237762451,1,0.9933199882507324,f73339b87e184ae2914f0fa8a4749ee73e3157a6b5a43d9357ab78e080ed08c9
amouyal:153,set_hyp5_5,297,reflexive,non_gp,lingering,demo_rev_query_rev_raw_assertion,rev,rev,raw,assertion,0.820173978805542,0.179826021194458,0,0.9351730346679688,6a11e64d789952e689c06cccfeb668942b1a121200303d0466c56f7173bec662
amouyal:154,set_hyp5_6,298,reflexive,non_gp,simple,demo_rev_query_rev_raw_assertion,rev,rev,raw,assertion,0.9980030059814453,0.9980030059814453,1,0.9909705519676208,9abe8d95169aed036445fbbab130e8fa0b8c379f46197ae3508c79ff969f5a43
amouyal:155,set_hyp5_6,299,reflexive,non_gp,lingering,demo_rev_query_rev_raw_assertion,rev,rev,raw,assertion,0.30593201518058777,0.6940679848194122,1,0.8616001605987549,fa8abc4d9086236c4c822b18a12d18bc1425daf4d436631897bfe1ebf1e30bf1
amouyal:156,set_hyp5_7,300,reflexive,non_gp,simple,demo_rev_query_rev_raw_assertion,rev,rev,raw,assertion,0.9998123645782471,0.9998123645782471,1,0.9955894351005554,5e8c5962164a9233edade1c05557cbf5cb01925174dfb88ebcaf705c53ef8114
amouyal:157,set_hyp5_7,301,reflexive,non_gp,lingering,demo_rev_query_rev_raw_assertion,rev,rev,raw,assertion,0.37535881996154785,0.6246411800384521,1,0.8574357628822327,d88a8d64d56f8c983977fd61d6e9ba5a1caefb916e047c6017b277c03d9caefb
amouyal:158,set_hyp5_8,302,reflexive,non_gp,simple,demo_rev_query_rev_raw_assertion,rev,rev,raw,assertion,0.9988430142402649,0.9988430142402649,1,0.9859974384307861,c113c72501097fa820c0b51ec01f17b548ab093325abfc48387c742d6ebf6942
amouyal:159,set_hyp5_8,303,reflexive,non_gp,lingering,demo_rev_query_rev_raw_assertion,rev,rev,raw,assertion,0.6260855793952942,0.3739144206047058,0,0.7626968622207642,fcc37a0353d4d93d230bec35b2de1d0afb405920182cae728e2fb5a30cba6604
amouyal:160,set_hyp5_9,304,reflexive,non_gp,simple,demo_rev_query_rev_raw_assertion,rev,rev,raw,assertion,0.998824417591095,0.998824417591095,1,0.9913908243179321,698b230957927b74a37984a6dee4b6dea98b8bb0baad220d08e0f100a43c7973
amouyal:161,set_hyp5_9,305,reflexive,non_gp,lingering,demo_rev_query_rev_raw_assertion,rev,rev,raw,assertion,0.9975935816764832,0.0024064183235168457,0,0.9877043962478638,aab8ae2a91f8955634956fa26a03b9584b9026411bcd19168cc6c2aa02a24256
amouyal:162,set_hyp5_10,306,reflexive,non_gp,simple,demo_rev_query_rev_raw_assertion,rev,rev,raw,assertion,0.9997763633728027,0.9997763633728027,1,0.9966469407081604,50fcd1644b266167dcefaa7fe5f14d399474ab48af8b64761d17288c3191ea46
amouyal:163,set_hyp5_10,307,reflexive,non_gp,lingering,demo_rev_query_rev_raw_assertion,rev,rev,raw,assertion,0.9984012842178345,0.0015987157821655273,0,0.9951373934745789,242a0c65817d2ed89b5b65f7da157cf6aa3a7246c54fe9448274dc195b85d8c6
amouyal:164,set_hyp5_11,308,reflexive,non_gp,simple,demo_rev_query_rev_raw_assertion,rev,rev,raw,assertion,0.9986444115638733,0.9986444115638733,1,0.9925237894058228,a5c0ac73e1c9bb800485e46a48e10860cc27de1d4a17638faa8231ce50c37120
amouyal:165,set_hyp5_11,309,reflexive,non_gp,lingering,demo_rev_query_rev_raw_assertion,rev,rev,raw,assertion,0.04039742797613144,0.9596025720238686,1,0.90125572681427,16f94275ab75dff1e42fab948321719758b6a691dab6f853bd0b57df9422a0d5
amouyal:166,set_hyp5_12,310,reflexive,non_gp,simple,demo_rev_query_rev_raw_assertion,rev,rev,raw,assertion,0.9994884729385376,0.9994884729385376,1,0.9897390604019165,14db53dd152406fe0eb12729611870255ba4188bc0f60b835cd49befd3fc2dbf
amouyal:167,set_hyp5_12,311,reflexive,non_gp,lingering,demo_rev_query_rev_raw_assertion,rev,rev,raw,assertion,0.8620171546936035,0.13798284530639648,0,0.9174706935882568,c644cf8b3e14a755cf3f49376c2890dc5213ffa8d3834e43448507c6528fb64b
amouyal:168,set_hyp5_13,312,reflexive,non_gp,simple,demo_rev_query_rev_raw_assertion,rev,rev,raw,assertion,0.9994163513183594,0.9994163513183594,1,0.9871485829353333,d9762eccba949cd3344566ee40f1e08381e8c0c5d876265e1a3351e94c5931fd
amouyal:169,set_hyp5_13,313,reflexive,non_gp,lingering,demo_rev_query_rev_raw_assertion,rev,rev,raw,assertion,0.9579086303710938,0.04209136962890625,0,0.9496693015098572,dfeb46c3793b893f962d4cf1421109501e3d01812ee01eecbb9b4b3e9538d27e
amouyal:170,set_hyp5_14,314,reflexive,non_gp,simple,demo_rev_query_rev_raw_assertion,rev,rev,raw,assertion,0.9671822786331177,0.9671822786331177,1,0.9765907526016235,c1cfd1a723df2e9c4d909fbad271c735402bee8805b5e3e4a0a9e22b4e800e5f
amouyal:171,set_hyp5_14,315,reflexive,non_gp,lingering,demo_rev_query_rev_raw_assertion,rev,rev,raw,assertion,0.07587172836065292,0.9241282716393471,1,0.8114205598831177,f2f5d682b671f35f00e4d1b52bdc9e7eced0a7f5080da6c3bfc3f0a35c17d75a
amouyal:172,set_hyp5_15,316,reflexive,non_gp,simple,demo_rev_query_rev_raw_assertion,rev,rev,raw,assertion,0.999556303024292,0.999556303024292,1,0.9912421703338623,b57ce983cfb88509a1294978a02ac45a44dfa1fc36c7a0e8234a5565aa06f04e
amouyal:173,set_hyp5_15,317,reflexive,non_gp,lingering,demo_rev_query_rev_raw_assertion,rev,rev,raw,assertion,0.7108772993087769,0.28912270069122314,0,0.828521192073822,9ba5b9efd1d5e822893bdbf31db501992b8db69fd879b8e58c410d5ddce305ba
amouyal:174,set_hyp5_16,318,reflexive,non_gp,simple,demo_rev_query_rev_raw_assertion,rev,rev,raw,assertion,0.9969789385795593,0.9969789385795593,1,0.9876509308815002,f79016c7f3dc6c7a7a5e314fc1cfd8ff040afabd34107b25b5080ad0a688a6d0
amouyal:175,set_hyp5_16,319,reflexive,non_gp,lingering,demo_rev_query_rev_raw_assertion,rev,rev,raw,assertion,0.8297229409217834,0.17027705907821655,0,0.8666084408760071,04cd87add6c218b61b59490941dcccb400f73c6a5d28a5a1a120314d05153dd1
amouyal:176,set_hyp5_17,320,reflexive,non_gp,simple,demo_rev_query_rev_raw_assertion,rev,rev,raw,assertion,0.9963362812995911,0.9963362812995911,1,0.9861449003219604,a011b7d36da4d4d08fbab976617eff910a13a3baec9c87e1b4ab8538442ce89e
amouyal:177,set_hyp5_17,321,reflexive,non_gp,lingering,demo_rev_query_rev_raw_assertion,rev,rev,raw,assertion,0.030511541292071342,0.9694884587079287,1,0.841996431350708,d095c97917bcc1b2969e8ca5f98bc2528f8917097e4d5f69535b057293a8cfb6
amouyal:178,set_hyp5_18,322,reflexive,non_gp,simple,demo_rev_query_rev_raw_assertion,rev,rev,raw,assertion,0.02174937166273594,0.02174937166273594,0,0.9193131327629089,95cb19e1757cd9b2302b5a6b98b2d2b74cfff0ac5266364926a5b0c6f2e823bb
amouyal:179,set_hyp5_18,323,reflexive,non_gp,lingering,demo_rev_query_rev_raw_assertion,rev,rev,raw,assertion,0.984117865562439,0.015882134437561035,0,0.971455454826355,6cc0f99355408812e732bee511d87cebc88c3ea98aef83f28ab313cf298e13f2
amouyal:180,set_hyp5_19,324,reflexive,non_gp,simple,demo_rev_query_rev_raw_assertion,rev,rev,raw,assertion,0.999514102935791,0.999514102935791,1,0.9942015409469604,5368cb6b3f431136e135b199b0af288b5b678e53f830b4bc16139dba88cf3de5
amouyal:181,set_hyp5_19,325,reflexive,non_gp,lingering,demo_rev_query_rev_raw_assertion,rev,rev,raw,assertion,0.9244399070739746,0.07556009292602539,0,0.9586488008499146,d8e0e45371f87a0969cc6daf6c3f2c75510da4683acd604d46961e64d0161d0f
amouyal:182,set_hyp5_20,326,reflexive,non_gp,simple,demo_rev_query_rev_raw_assertion,rev,rev,raw,assertion,0.5011463761329651,0.5011463761329651,1,0.8116371631622314,fe48b7d1fae929f7e93c9c39dccdd539f9e25cba459d608a65e1b6f75124529f
amouyal:183,set_hyp5_20,327,reflexive,non_gp,lingering,demo_rev_query_rev_raw_assertion,rev,rev,raw,assertion,0.4425681233406067,0.5574318766593933,1,0.7144478559494019,b4608164fc5219380bff1ea44655d449ebc45d4f8d09f369c81e03f34c55cb6d
amouyal:184,set_hyp5_21,328,reflexive,non_gp,simple,demo_rev_query_rev_raw_assertion,rev,rev,raw,assertion,0.9790676832199097,0.9790676832199097,1,0.9766773581504822,f63c5ab43ef7b7257b5837c5ea39de60d1ce55fb6199490e85b39f4dc91d5814
amouyal:185,set_hyp5_21,329,reflexive,non_gp,lingering,demo_rev_query_rev_raw_assertion,rev,rev,raw,assertion,0.9799317121505737,0.02006828784942627,0,0.9744003415107727,8e6da97d3befa08e2730f225f7e59e4b3156d5b5c22eec55be7d2a1b122eae58
amouyal:186,set_hyp5_22,330,reflexive,non_gp,simple,demo_rev_query_rev_raw_assertion,rev,rev,raw,assertion,0.9532031416893005,0.9532031416893005,1,0.9428233504295349,2d5f1c650022959c69cfdcef47b653c355c8fcd9180983673dd5571da03fe7d4
amouyal:187,set_hyp5_22,331,reflexive,non_gp,lingering,demo_rev_query_rev_raw_assertion,rev,rev,raw,assertion,0.11819620430469513,0.8818037956953049,1,0.7778476476669312,cd64ab8633f79002f2b77f3e74c6486536e1911691369d3d19e4b98223360f36
amouyal:188,set_hyp5_23,332,reflexive,non_gp,simple,demo_rev_query_rev_raw_assertion,rev,rev,raw,assertion,0.9988499283790588,0.9988499283790588,1,0.9915064573287964,e45eb980c001148a0e1d17004f83c156e96734bedd0a11bbfc36dad23d885c65
amouyal:189,set_hyp5_23,333,reflexive,non_gp,lingering,demo_rev_query_rev_raw_assertion,rev,rev,raw,assertion,0.7606640458106995,0.23933595418930054,0,0.8755453824996948,bb964d5762efe96004004479ef1a27ffb1b38077b1f0ba69caf9b70ad3449ee5
amouyal:190,set_hyp5_24,334,reflexive,non_gp,simple,demo_rev_query_rev_raw_assertion,rev,rev,raw,assertion,0.9979117512702942,0.9979117512702942,1,0.9907935261726379,ff80d9e34ea8fa2ba3c2b4e92eb42eb69c67e7a9c075b2700bacec4a1d25b0b3
amouyal:191,set_hyp5_24,335,reflexive,non_gp,lingering,demo_rev_query_rev_raw_assertion,rev,rev,raw,assertion,0.9698386192321777,0.030161380767822266,0,0.9423473477363586,ba9dfb42a3624d44e0a4a5ea71bb6a937437509aa31bd3f525f4fd6afe5d24b6
amouyal:192,set_hyp5_1,336,reflexive,gp,simple,demo_rev_query_rev_raw_assertion,rev,rev,raw,assertion,0.8743723034858704,0.8743723034858704,1,0.9514009356498718,3a375e2b2ef6e0a776ef90bd5a53958cdc9e032e07494cef4af91f5dd92a2b99
amouyal:193,set_hyp5_1,337,reflexive,gp,lingering,demo_rev_query_rev_raw_assertion,rev,rev,raw,assertion,0.3455793261528015,0.6544206738471985,1,0.865715503692627,74d1acb9fc90f50f17a9e8edf4cf3daaa4431a2af608cdaa52c9111b51750f72
amouyal:194,set_hyp5_2,338,reflexive,gp,simple,demo_rev_query_rev_raw_assertion,rev,rev,raw,assertion,0.9745612740516663,0.9745612740516663,1,0.965645968914032,9a9af83c56ac4a74869d89b2030b1bed2b4a5261ff84e8646c8f88e1781c54c8
amouyal:195,set_hyp5_2,339,reflexive,gp,lingering,demo_rev_query_rev_raw_assertion,rev,rev,raw,assertion,0.18546290695667267,0.8145370930433273,1,0.8288078308105469,a6248975202e8445229c083aad8af57b11dfbc2b45f757264299b444d94181cc
amouyal:196,set_hyp5_3,340,reflexive,gp,simple,demo_rev_query_rev_raw_assertion,rev,rev,raw,assertion,0.2791435420513153,0.2791435420513153,0,0.823138415813446,513591234be8e8e11d947df033b68e1dcdbc688021e0eed0d3a27ef30a9da1f6
amouyal:197,set_hyp5_3,341,reflexive,gp,lingering,demo_rev_query_rev_raw_assertion,rev,rev,raw,assertion,0.6556605696678162,0.34433943033218384,0,0.7850655913352966,d4bf86e05406c7e6d13bfd4ce90031e2619a3edcc14531a76a540c5987d7d9d7
amouyal:198,set_hyp5_4,342,reflexive,gp,simple,demo_rev_query_rev_raw_assertion,rev,rev,raw,assertion,0.6637900471687317,0.6637900471687317,1,0.9006549715995789,3690b41ec99c6a389df3997b1e6489b8882c477c692ffe1996611df00dde1780
amouyal:199,set_hyp5_4,343,reflexive,gp,lingering,demo_rev_query_rev_raw_assertion,rev,rev,raw,assertion,0.7947437763214111,0.20525622367858887,0,0.9295527935028076,a2ae22d9dfca963ffdde224f7d5c19a3cf7d8647e8aa2f3b41fb71729ed0e7f9
amouyal:200,set_hyp5_5,344,reflexive,gp,simple,demo_rev_query_rev_raw_assertion,rev,rev,raw,assertion,0.8289971351623535,0.8289971351623535,1,0.9158862233161926,4d57605c513375425e1055ab5abd62dea0ff96fb2bdb22b5399819a55de5549f
amouyal:201,set_hyp5_5,345,reflexive,gp,lingering,demo_rev_query_rev_raw_assertion,rev,rev,raw,assertion,0.21874119341373444,0.7812588065862656,1,0.8765305876731873,6cdaeecd16891ca11934be7c6d9cbcae5261dc986c53e85e18f974e07a177688
amouyal:202,set_hyp5_6,346,reflexive,gp,simple,demo_rev_query_rev_raw_assertion,rev,rev,raw,assertion,0.8465548753738403,0.8465548753738403,1,0.8805516362190247,a8c816f55d8e6c08d2ca7320f22cb627537be5d472de61868d4829769aeb3d87
amouyal:203,set_hyp5_6,347,reflexive,gp,lingering,demo_rev_query_rev_raw_assertion,rev,rev,raw,assertion,0.9764452576637268,0.023554742336273193,0,0.9671706557273865,1b8335505b88de4686e7c59aef18662cee390d9bbc55bb082786fe36e3d259cc
amouyal:204,set_hyp5_7,348,reflexive,gp,simple,demo_rev_query_rev_raw_assertion,rev,rev,raw,assertion,0.839886486530304,0.839886486530304,1,0.9338843822479248,f0687284116361953e3c5fa36319de23df7af49110e379b7fbce20a8f9fbf982
amouyal:205,set_hyp5_7,349,reflexive,gp,lingering,demo_rev_query_rev_raw_assertion,rev,rev,raw,assertion,0.7791284918785095,0.22087150812149048,0,0.9159507155418396,609897b7d63717ae505812a9e23464aa0090e789df9c2cbe8f66837a379351c6
amouyal:206,set_hyp5_8,350,reflexive,gp,simple,demo_rev_query_rev_raw_assertion,rev,rev,raw,assertion,0.9650142788887024,0.9650142788887024,1,0.9302406907081604,b7a5e13b63c2a16fd927cdc4cd8e929e252af2e981d68f27415bb3d1ac006828
amouyal:207,set_hyp5_8,351,reflexive,gp,lingering,demo_rev_query_rev_raw_assertion,rev,rev,raw,assertion,0.32149794697761536,0.6785020530223846,1,0.7325436472892761,fe46728cf62b9f4b33db7465887f21930c28eebef00bf5842fdb1efff9cbb2c0
amouyal:208,set_hyp5_9,352,reflexive,gp,simple,demo_rev_query_rev_raw_assertion,rev,rev,raw,assertion,0.9793710708618164,0.9793710708618164,1,0.974582314491272,68b6578b91f88e368dc60341a5f51856aa02296ea683856f1cc669d8f23624bf
amouyal:209,set_hyp5_9,353,reflexive,gp,lingering,demo_rev_query_rev_raw_assertion,rev,rev,raw,assertion,0.9961000680923462,0.0038999319076538086,0,0.9879754185676575,b2a622403a1b98db79f5b406514e0b2735b98c0fc9d2792438474fb026c1df10
amouyal:210,set_hyp5_10,354,reflexive,gp,simple,demo_rev_query_rev_raw_assertion,rev,rev,raw,assertion,0.965059757232666,0.965059757232666,1,0.9763684868812561,c048c11a5b6f06dbf17eddf10aa37055639dc84d29dfc56d8522faba8696425a
amouyal:211,set_hyp5_10,355,reflexive,gp,lingering,demo_rev_query_rev_raw_assertion,rev,rev,raw,assertion,0.743127703666687,0.256872296333313,0,0.9098328351974487,cafbc6070e70f022d4c656d5083f1492dadd9ea137da142571e98afb503608db
amouyal:212,set_hyp5_11,356,reflexive,gp,simple,demo_rev_query_rev_raw_assertion,rev,rev,raw,assertion,0.40749138593673706,0.40749138593673706,0,0.8121229410171509,5084935e5aa6f5450e2092ce5d9204001db5ab3a7d153e3cca91cc1967d4433d
amouyal:213,set_hyp5_11,357,reflexive,gp,lingering,demo_rev_query_rev_raw_assertion,rev,rev,raw,assertion,0.21703162789344788,0.7829683721065521,1,0.7900527715682983,5279e8696b52d73dd76e594f2600b196139d35a1d0963fbc30cb0e45fac640d4
amouyal:214,set_hyp5_12,358,reflexive,gp,simple,demo_rev_query_rev_raw_assertion,rev,rev,raw,assertion,0.9557968974113464,0.9557968974113464,1,0.9489877820014954,1b5fdb4bfe428ed1b40712a8d945f964110ef39d9d8389a8b72c62a2b96f519c
amouyal:215,set_hyp5_12,359,reflexive,gp,lingering,demo_rev_query_rev_raw_assertion,rev,rev,raw,assertion,0.7882483601570129,0.21175163984298706,0,0.8851251602172852,14408c911be9d42b85bfc3f0b604a24965e198760bb23332d2d697a7586e503a
amouyal:216,set_hyp5_13,360,reflexive,gp,simple,demo_rev_query_rev_raw_assertion,rev,rev,raw,assertion,0.02632230333983898,0.02632230333983898,0,0.6714217066764832,e222853f22e5bae9adb6bf3f444b5671847c01769216037bf6b6a111f9ab3ff4
amouyal:217,set_hyp5_13,361,reflexive,gp,lingering,demo_rev_query_rev_raw_assertion,rev,rev,raw,assertion,0.055346883833408356,0.9446531161665916,1,0.7896701097488403,c6c84a879854e38e0e4ca4ec18a8fd635abb8f20ec9aa117e98f071b31bf16a6
amouyal:218,set_hyp5_14,362,reflexive,gp,simple,demo_rev_query_rev_raw_assertion,rev,rev,raw,assertion,0.39018043875694275,0.39018043875694275,0,0.8692908883094788,cc1871fedeafc150aac8f19e87442680244b1ec554eeb916a6904d770c6ee80d
amouyal:219,set_hyp5_14,363,reflexive,gp,lingering,demo_rev_query_rev_raw_assertion,rev,rev,raw,assertion,0.04132779315114021,0.9586722068488598,1,0.8478105068206787,15c65259dde187862b43f7c016e1c7b972ba58e2bd5fd0ff99d54f48fd770fe8
amouyal:220,set_hyp5_15,364,reflexive,gp,simple,demo_rev_query_rev_raw_assertion,rev,rev,raw,assertion,0.3274492621421814,0.3274492621421814,0,0.7246330380439758,0636149ba74b564f80e2538d2824454643bdea7e6ee9eadeba965165f2734de7
amouyal:221,set_hyp5_15,365,reflexive,gp,lingering,demo_rev_query_rev_raw_assertion,rev,rev,raw,assertion,0.2655332386493683,0.7344667613506317,1,0.7432363033294678,5ad5505154d611651c87ea725be1f9a50d9f3d66d5b282c203aef96816559fdf
amouyal:222,set_hyp5_16,366,reflexive,gp,simple,demo_rev_query_rev_raw_assertion,rev,rev,raw,assertion,0.38107386231422424,0.38107386231422424,0,0.7547962665557861,d0669def202be2e8dc5cfaaad2a3261243cf7c9d73dedfc20fff6c772eda05ed
amouyal:223,set_hyp5_16,367,reflexive,gp,lingering,demo_rev_query_rev_raw_assertion,rev,rev,raw,assertion,0.4335097670555115,0.5664902329444885,1,0.7848541736602783,cd95e9351fa5ffc1b42d40a84b94f742e9d1d02b2669cbf5b5c3aac7563bdff9
amouyal:224,set_hyp5_17,368,reflexive,gp,simple,demo_rev_query_rev_raw_assertion,rev,rev,raw,assertion,0.9799734354019165,0.9799734354019165,1,0.9732508659362793,fb69d937eb00140405ac51a49e921d02a75a64d524c760fc839e3c766192677d
amouyal:225,set_hyp5_17,369,reflexive,gp,lingering,demo_rev_query_rev_raw_assertion,rev,rev,raw,assertion,0.026020130142569542,0.9739798698574305,1,0.8827639818191528,37c9efe61ae45b04739c5d451fb37f5505064d524000c5d3f71e6725f2d39806
amouyal:226,set_hyp5_18,370,reflexive,gp,simple,demo_rev_query_rev_raw_assertion,rev,rev,raw,assertion,0.013772876001894474,0.013772876001894474,0,0.8928000926971436,fd933c107b2bd93783a310554265b68a642f91e7f35392c80137d5cc9ed1cec2
amouyal:227,set_hyp5_18,371,reflexive,gp,lingering,demo_rev_query_rev_raw_assertion,rev,rev,raw,assertion,0.6526745557785034,0.3473254442214966,0,0.8114312291145325,6cc0b22ffdddec67cc90004ed104d72c9b71e9564bb22a146c1666af299647c1
amouyal:228,set_hyp5_19,372,reflexive,gp,simple,demo_rev_query_rev_raw_assertion,rev,rev,raw,assertion,0.9788678884506226,0.9788678884506226,1,0.9774267673492432,cd15b5577aca0d34cba6f6e9d071c53c62eeab5c5163b37b901466464524e843
amouyal:229,set_hyp5_19,373,reflexive,gp,lingering,demo_rev_query_rev_raw_assertion,rev,rev,raw,assertion,0.21205437183380127,0.7879456281661987,1,0.8954814672470093,a92f7be4c390d3eaea394ce76f6cf11d6497a5204726972b466a2979e823b89d
amouyal:230,set_hyp5_20,374,reflexive,gp,simple,demo_rev_query_rev_raw_assertion,rev,rev,raw,assertion,0.25003305077552795,0.25003305077552795,0,0.813227653503418,54a8128374c1aa70dbeb8f0f5911954b0541a3a21bf8401793f29068de658231
amouyal:231,set_hyp5_20,375,reflexive,gp,lingering,demo_rev_query_rev_raw_assertion,rev,rev,raw,assertion,0.03375561907887459,0.9662443809211254,1,0.8044796586036682,7db6c0154297e0e442592ef582fe48f20b872a616ebc6787d85f70ba061a67d3
amouyal:232,set_hyp5_21,376,reflexive,gp,simple,demo_rev_query_rev_raw_assertion,rev,rev,raw,assertion,0.756170392036438,0.756170392036438,1,0.8759366273880005,00ae146d61568e526022a70470b9fe98558ddf1dac2428151e4a2ca1ffc1d145
amouyal:233,set_hyp5_21,377,reflexive,gp,lingering,demo_rev_query_rev_raw_assertion,rev,rev,raw,assertion,0.20844252407550812,0.7915574759244919,1,0.8823972344398499,432f298451218290b17314db5e54b38a7c328622cb366301bd774e9ee50b7d24
amouyal:234,set_hyp5_22,378,reflexive,gp,simple,demo_rev_query_rev_raw_assertion,rev,rev,raw,assertion,0.22545790672302246,0.22545790672302246,0,0.7199628353118896,aa95df2496b9cdf58b891fa1c42f941c2f1a17db0b3c326ebd8db53875c69a39
amouyal:235,set_hyp5_22,379,reflexive,gp,lingering,demo_rev_query_rev_raw_assertion,rev,rev,raw,assertion,0.04623259976506233,0.9537674002349377,1,0.8431072235107422,c9e811cc53d30984733fd66edaccee922edf352f6eaccfc86375c4db9a7ec502
amouyal:236,set_hyp5_23,380,reflexive,gp,simple,demo_rev_query_rev_raw_assertion,rev,rev,raw,assertion,0.8491191864013672,0.8491191864013672,1,0.928374171257019,f5a0577e7721a9b6f3347dcf4516cdf1523bb98600f865522e7dba14cca887c9
amouyal:237,set_hyp5_23,381,reflexive,gp,lingering,demo_rev_query_rev_raw_assertion,rev,rev,raw,assertion,0.07206685096025467,0.9279331490397453,1,0.8400538563728333,35c701211c545c29ddbb97d4ef528130fd71e9f5f6a06761fe15812db8ef86ca
amouyal:238,set_hyp5_24,382,reflexive,gp,simple,demo_rev_query_rev_raw_assertion,rev,rev,raw,assertion,0.9836500287055969,0.9836500287055969,1,0.967325747013092,ce71abfd2f0918022868ce98441b2df29ee3fc39f5f930b3a39375885ff9728c
amouyal:239,set_hyp5_24,383,reflexive,gp,lingering,demo_rev_query_rev_raw_assertion,rev,rev,raw,assertion,0.3678814172744751,0.6321185827255249,1,0.762847900390625,9871ee33f5b7096f7ff56415f8169a4a743d7f32d87cc763852d9cdfc3f95ee8
amouyal:240,set_1,384,prob,gp,simple,demo_rev_query_rev_raw_assertion,rev,rev,raw,assertion,0.7938845753669739,0.7938845753669739,1,0.8615951538085938,190501986c18bd906d970d7a4ace85d73634d3bf69f2a160e9d1a337c3386766
amouyal:241,set_1,385,prob,gp,lingering,demo_rev_query_rev_raw_assertion,rev,rev,raw,assertion,0.10043380409479141,0.8995661959052086,1,0.8517430424690247,043cb6ba576c1384531a881e47533e6c6df05ff2a876c5def55ef211634619e2
amouyal:242,set_1,388,prob,non_gp,simple,demo_rev_query_rev_raw_assertion,rev,rev,raw,assertion,0.9969162344932556,0.9969162344932556,1,0.984350323677063,74ddbc21a4ed783e8a36f4f57678191249d27330db032b96901d9d3a780477a2
amouyal:243,set_1,389,prob,non_gp,lingering,demo_rev_query_rev_raw_assertion,rev,rev,raw,assertion,0.9945672750473022,0.005432724952697754,0,0.9802553653717041,96610d97c5321dae2f20b98232a32983e742f63aa163db6b29a7da67c9d58188
amouyal:244,set_2,392,prob,gp,simple,demo_rev_query_rev_raw_assertion,rev,rev,raw,assertion,0.9974985718727112,0.9974985718727112,1,0.9876818656921387,3df5888461e25907b04cd27aff15e88fac1e34c1e8438a0e4b8a35f22f2f516b
amouyal:245,set_2,393,prob,gp,lingering,demo_rev_query_rev_raw_assertion,rev,rev,raw,assertion,0.9612377285957336,0.03876227140426636,0,0.9290991425514221,9932e5f8a33d52fcbb2e00f36527820b82871dd5022b4eb94cb6e3d899160564
amouyal:246,set_2,396,prob,non_gp,simple,demo_rev_query_rev_raw_assertion,rev,rev,raw,assertion,0.9984859824180603,0.9984859824180603,1,0.9925031065940857,07517fd80e9328ad327b5acc019ffebf4846518ec850f79c994dfe74d1f47fd1
amouyal:247,set_2,397,prob,non_gp,lingering,demo_rev_query_rev_raw_assertion,rev,rev,raw,assertion,0.9963241815567017,0.00367581844329834,0,0.965268611907959,ab830982ef152dc648ca20dbe4dd63d2947132a7d66e4b8deeb7dce0d6b031f2
amouyal:248,set_3,400,prob,gp,simple,demo_rev_query_rev_raw_assertion,rev,rev,raw,assertion,0.5630877614021301,0.5630877614021301,1,0.839232861995697,c70fd09f044b1e45fe973a8e579ea57b59ffd9806e17b754fe2815c152074161
amouyal:249,set_3,401,prob,gp,lingering,demo_rev_query_rev_raw_assertion,rev,rev,raw,assertion,0.3153541088104248,0.6846458911895752,1,0.8294421434402466,ec8e7276721fa36eb787f544acf80612ca46e5dbab7969e9ab043e3f3388c43a
amouyal:250,set_3,404,prob,non_gp,simple,demo_rev_query_rev_raw_assertion,rev,rev,raw,assertion,0.9947220087051392,0.9947220087051392,1,0.9768456816673279,ff77cdb607f426f4ad19e153455e990b170adef5672734cd67e31159aba5e218
amouyal:251,set_3,405,prob,non_gp,lingering,demo_rev_query_rev_raw_assertion,rev,rev,raw,assertion,0.21131138503551483,0.7886886149644852,1,0.8180403113365173,b9b56203a037775e9a254ef0c01937224f85d66bf2429b4d203e2c4ac1d079e1
amouyal:252,set_4,408,prob,gp,simple,demo_rev_query_rev_raw_assertion,rev,rev,raw,assertion,0.4227719306945801,0.4227719306945801,0,0.8263537883758545,579c9b619bee604c31c23fee1ec2d7a1cf53a4afdb12ab9fc2610f694b8d1266
amouyal:253,set_4,409,prob,gp,lingering,demo_rev_query_rev_raw_assertion,rev,rev,raw,assertion,0.510163426399231,0.48983657360076904,0,0.7950444221496582,80f37944c04a7221d7df0a0081f7ef0206d00ce7b0a4831f3c67550d0f3a15e0
amouyal:254,set_4,412,prob,non_gp,simple,demo_rev_query_rev_raw_assertion,rev,rev,raw,assertion,0.4896712303161621,0.4896712303161621,0,0.8700339198112488,3da0b5144853ef6ee96068742f8fad28ed8262be2787583c5a1bc49752531aea
amouyal:255,set_4,413,prob,non_gp,lingering,demo_rev_query_rev_raw_assertion,rev,rev,raw,assertion,0.5317375659942627,0.4682624340057373,0,0.8257091045379639,6b9b0c7bf36d98f97a88043b6cc56e25f99575653913f14260ed3ca90c8d0b89
amouyal:256,set_5,416,prob,gp,simple,demo_rev_query_rev_raw_assertion,rev,rev,raw,assertion,0.42476263642311096,0.42476263642311096,0,0.8221176862716675,22b4df7c9ed9437692705bd7c4b79176a8f482ed09d692c0e577a186a093ba03
amouyal:257,set_5,417,prob,gp,lingering,demo_rev_query_rev_raw_assertion,rev,rev,raw,assertion,0.01503085158765316,0.9849691484123468,1,0.9030194282531738,ec9128bab80290ce6b8063bceb44899897429344468f3b4e5476770d877d058a
amouyal:258,set_5,420,prob,non_gp,simple,demo_rev_query_rev_raw_assertion,rev,rev,raw,assertion,0.9978581070899963,0.9978581070899963,1,0.9904648065567017,8b89d1138154630d387835ab5d30e29eba6d51f41e540a85341be3f7ae41ebef
amouyal:259,set_5,421,prob,non_gp,lingering,demo_rev_query_rev_raw_assertion,rev,rev,raw,assertion,0.8515301942825317,0.14846980571746826,0,0.9280189871788025,880c238b20018673c68fbc7bac264061b79a5a7f540be6571b014b05ccd34bb4
amouyal:260,set_6,424,prob,gp,simple,demo_rev_query_rev_raw_assertion,rev,rev,raw,assertion,0.3283362090587616,0.3283362090587616,0,0.7269843816757202,0e795c24803697d4719e155f2d64fd94716fed1d39526c7fe7e94b648210e092
amouyal:261,set_6,425,prob,gp,lingering,demo_rev_query_rev_raw_assertion,rev,rev,raw,assertion,0.09405084699392319,0.9059491530060768,1,0.7241227626800537,20caa946c8ce3c876c175e32862232973b78156df3282e507f33576060504589
amouyal:262,set_6,428,prob,non_gp,simple,demo_rev_query_rev_raw_assertion,rev,rev,raw,assertion,0.9995835423469543,0.9995835423469543,1,0.9922508001327515,d5d37663e501a002f3c10f79c56b20f5c1386d51624cf666bf902c21316e7e22
amouyal:263,set_6,429,prob,non_gp,lingering,demo_rev_query_rev_raw_assertion,rev,rev,raw,assertion,0.9794168472290039,0.020583152770996094,0,0.9626955389976501,cf6e2b033cb1fba7d145c4545c0b35f457caaf0910cfcb1a405b4795e7891fc6
amouyal:264,set_7,432,prob,gp,simple,demo_rev_query_rev_raw_assertion,rev,rev,raw,assertion,0.2364657074213028,0.2364657074213028,0,0.7445011138916016,cb9bc11b4f8a70966aca4367b0ac85bc1ddf700a24e460695aab0e231b6dace3
amouyal:265,set_7,433,prob,gp,lingering,demo_rev_query_rev_raw_assertion,rev,rev,raw,assertion,0.14580196142196655,0.8541980385780334,1,0.7862048745155334,0bc62ad438ac0d126bd70134802278fafae807f8292451d71ddf44b64e0d3786
amouyal:266,set_7,436,prob,non_gp,simple,demo_rev_query_rev_raw_assertion,rev,rev,raw,assertion,0.9942716360092163,0.9942716360092163,1,0.9844080209732056,a0a28892fec63545e5f35c43e72208a03feaabe05d5fac92ef7757f27d43a383
amouyal:267,set_7,437,prob,non_gp,lingering,demo_rev_query_rev_raw_assertion,rev,rev,raw,assertion,0.7253059148788452,0.2746940851211548,0,0.8284962773323059,5cc51548111a31b2a3d7286cc2a89e65dab86afccbc6766ef291102cff59ae2e
amouyal:268,set_8,440,prob,gp,simple,demo_rev_query_rev_raw_assertion,rev,rev,raw,assertion,0.870543897151947,0.870543897151947,1,0.878486692905426,cb9177ca793d7123048caae8cb1565017166104e570ab29d71fb7b8ae6eeb96a
amouyal:269,set_8,441,prob,gp,lingering,demo_rev_query_rev_raw_assertion,rev,rev,raw,assertion,0.06483189016580582,0.9351681098341942,1,0.8143613934516907,dddcffdf6be27e3836b03ec86288a42671ffa447aaf56b7facd3cdf3fc4c5b22
amouyal:270,set_8,444,prob,non_gp,simple,demo_rev_query_rev_raw_assertion,rev,rev,raw,assertion,0.9997269511222839,0.9997269511222839,1,0.9928650856018066,6faee7565e24884ae869820b8120a7564d94b5f661118fcb6e13848a888df167
amouyal:271,set_8,445,prob,non_gp,lingering,demo_rev_query_rev_raw_assertion,rev,rev,raw,assertion,0.932971715927124,0.06702828407287598,0,0.9399653077125549,98409f00282e53b24170c64133d3de2506e9192efa25a34ee2f8220fd2244b09
amouyal:272,set_9,448,prob,gp,simple,demo_rev_query_rev_raw_assertion,rev,rev,raw,assertion,0.8691800236701965,0.8691800236701965,1,0.9345616698265076,a5e7e56927b57690ed9d46ac539904b3a25d0e23720878839a6e6cc935aeac31
amouyal:273,set_9,449,prob,gp,lingering,demo_rev_query_rev_raw_assertion,rev,rev,raw,assertion,0.24209082126617432,0.7579091787338257,1,0.8348039984703064,8df311f810e96fd87f15b1825bbd07f582545b019a03efb1a2d39d84c12d5e6c
amouyal:274,set_9,452,prob,non_gp,simple,demo_rev_query_rev_raw_assertion,rev,rev,raw,assertion,0.9993861317634583,0.9993861317634583,1,0.9947656393051147,df4df730341d39a3816645f692ff0387b0ea796aa7aabf79413ce7b14a4c7b05
amouyal:275,set_9,453,prob,non_gp,lingering,demo_rev_query_rev_raw_assertion,rev,rev,raw,assertion,0.5895489454269409,0.4104510545730591,0,0.7856163382530212,102ee65b04b32d6b08007e07a2301b326e9e0956cf9758d9dd825801d83f7bce
amouyal:0,set_10,0,prob,gp,simple,demo_rev_query_rev_chat_none,rev,rev,chat,none,0.01456569042056799,0.01456569042056799,0,0.9995723366737366,d268257adbc35716cf500ab745cb6de09f59afdd03959f2d31129603571f309e
amouyal:1,set_10,1,prob,gp,lingering,demo_rev_query_rev_chat_none,rev,rev,chat,none,0.8909217119216919,0.1090782880783081,0,0.9976758360862732,ec9e361d5784f13d093c5668b84a1e437d69f70f47f9fa6dce0f41882f11de3c
amouyal:2,set_10,4,prob,non_gp,simple,demo_rev_query_rev_chat_none,rev,rev,chat,none,0.911239743232727,0.911239743232727,1,0.9992647171020508,5ab5fc6f55632e689862ec35bbffe3496a4003d1b19b50fd4948d46537b2beae
amouyal:3,set_10,5,prob,non_gp,lingering,demo_rev_query_rev_chat_none,rev,rev,chat,none,0.3007955253124237,0.6992044746875763,1,0.9911286234855652,d50796cf79d4b218e8c9c1a3333237e0fa43c33bfc4b736043cde3ffc2636310
amouyal:4,set_11,8,prob,gp,simple,demo_rev_query_rev_chat_none,rev,rev,chat,none,0.9783326983451843,0.9783326983451843,1,0.9992800951004028,d89ce2aaa099aba26278a2a0d6ea0f48169fe8b1b57cb89b8b32b666f5866fbc
amouyal:5,set_11,9,prob,gp,lingering,demo_rev_query_rev_chat_none,rev,rev,chat,none,0.9977260231971741,0.0022739768028259277,0,0.9995504021644592,026bb86a76858c113ef3df8bfcf0f7462e4afb1140e05ead3a2aeda0cb707122
amouyal:6,set_11,12,prob,non_gp,simple,demo_rev_query_rev_chat_none,rev,rev,chat,none,0.999940037727356,0.999940037727356,1,0.9997415542602539,9b1909512bb18fb383f5a05ce89dd6d915ab3d322ac46411adde1bd86ab8aa50
amouyal:7,set_11,13,prob,non_gp,lingering,demo_rev_query_rev_chat_none,rev,rev,chat,none,0.9993185997009277,0.0006814002990722656,0,0.999780535697937,aeb5f5268cf5af29a3dfa2f84fa784828cfb9b34037fb914cd6bce087358199e
amouyal:8,set_12,16,prob,gp,simple,demo_rev_query_rev_chat_none,rev,rev,chat,none,0.9710883498191833,0.9710883498191833,1,0.9992623925209045,acba78a74494597be15eddb67e895a20b1a4c9f9305dee9c8dd0ffa34880f280
amouyal:9,set_12,17,prob,gp,lingering,demo_rev_query_rev_chat_none,rev,rev,chat,none,0.9976627230644226,0.0023372769355773926,0,0.9996533393859863,b2021cf84e4dc40874a483d1bbe71d1559d04d1a4fad4c1f37c51bbfbee737eb
amouyal:10,set_12,20,prob,non_gp,simple,demo_rev_query_rev_chat_none,rev,rev,chat,none,0.9999855756759644,0.9999855756759644,1,0.9997628331184387,37edcc85dbe205a7b45ade2940b5d0e01c2782dfd861fe6a5a9bf55ffebecc0e
amouyal:11,set_12,21,prob,non_gp,lingering,demo_rev_query_rev_chat_none,rev,rev,chat,none,0.9999929070472717,7.092952728271484e-06,0,0.9996275901794434,0b52bb3b1299ad0e123f95de6c8555856230a6757ceb120a3799ce0ea16e19e7
amouyal:12,set_13,24,prob,gp,simple,demo_rev_query_rev_chat_none,rev,rev,chat,none,0.884660005569458,0.884660005569458,1,0.9981532096862793,6fd2c2e2fa22d6a2af5924dc612c4e9a5a69e6fd1813bbd1a4969c20adcf22b6
amouyal:13,set_13,25,prob,gp,lingering,demo_rev_query_rev_chat_none,rev,rev,chat,none,0.09297708421945572,0.9070229157805443,1,0.9977165460586548,95dcc9e7efeeed52f33b8b3ba8beb50c98c1058f7e14edd00049b272e0519716
amouyal:14,set_13,28,prob,non_gp,simple,demo_rev_query_rev_chat_none,rev,rev,chat,none,0.9999716281890869,0.9999716281890869,1,0.9997938871383667,0edfb94cad58310ff3b09e694bb36c2a31f49e2a0d4f4f32dcbeb838259f6471
amouyal:15,set_13,29,prob,non_gp,lingering,demo_rev_query_rev_chat_none,rev,rev,chat,none,0.8927184343338013,0.10728156566619873,0,0.9980049133300781,32cd0bfe2b456d645e43e4e70fb8493a70f92ac277bb6b5859c6bdccbac8f3dc
amouyal:16,set_14,32,prob,gp,simple,demo_rev_query_rev_chat_none,rev,rev,chat,none,0.0016946702962741256,0.0016946702962741256,0,0.9992992281913757,f0ad923dbc4c357341905f3f3336de0986d9ee88ede44399c10ff8a051e45f8c
amouyal:17,set_14,33,prob,gp,lingering,demo_rev_query_rev_chat_none,rev,rev,chat,none,0.5663924813270569,0.4336075186729431,0,0.9981757402420044,8a471aca539135c9b9a4ddc325ee4daa1cd7c8a0f943d7d9ff1905af85426890
amouyal:18,set_14,36,prob,non_gp,simple,demo_rev_query_rev_chat_none,rev,rev,chat,none,0.9447692632675171,0.9447692632675171,1,0.9987571835517883,b45831e4fcc8ed569571bcc2ed9ed7abb36d5766a742ea8b650048df212d6d62
amouyal:19,set_14,37,prob,non_gp,lingering,demo_rev_query_rev_chat_none,rev,rev,chat,none,0.0340786948800087,0.9659213051199913,1,0.9975937008857727,f3d8797ef185f361116c53e4b495c1ce28f079f69fcf8f95691893383c2a76c8
amouyal:20,set_15,40,prob,gp,simple,demo_rev_query_rev_chat_none,rev,rev,chat,none,0.9980676174163818,0.9980676174163818,1,0.9989311695098877,d34394ee80342e3b62f0f94fe680272e0c86460cb67cc2ebb68fd08fcccc988a
amouyal:21,set_15,41,prob,gp,lingering,demo_rev_query_rev_chat_none,rev,rev,chat,none,0.9999331831932068,6.681680679321289e-05,0,0.9995660781860352,628b299259e7cb4392fa1bdb3c1f4c21486a1f27f53065d42f14aa6e249ecd73
amouyal:22,set_15,44,prob,non_gp,simple,demo_rev_query_rev_chat_none,rev,rev,chat,none,0.9999738335609436,0.9999738335609436,1,0.9996415972709656,ebda3eb63b3e9d305a3cd86d62c5883445ef6907f52187b9874d137364db4752
amouyal:23,set_15,45,prob,non_gp,lingering,demo_rev_query_rev_chat_none,rev,rev,chat,none,0.9999411106109619,5.888938903808594e-05,0,0.9996374249458313,f0617ff04b9051a92a6bc36ab5f5e07bda74d06e9765692b106158e6044fc7eb
amouyal:24,set_16,48,prob,gp,simple,demo_rev_query_rev_chat_none,rev,rev,chat,none,0.9297192692756653,0.9297192692756653,1,0.998918890953064,8f328de04564bda8e17ef3af86bbe762f247885945ea0353a2ecbf65a9014ba5
amouyal:25,set_16,49,prob,gp,lingering,demo_rev_query_rev_chat_none,rev,rev,chat,none,0.2676939070224762,0.7323060929775238,1,0.9993675947189331,0b70370737cb3f88d705a08648ed21f70395d70f4423e3d5e1827e01e7513ff6
amouyal:26,set_16,52,prob,non_gp,simple,demo_rev_query_rev_chat_none,rev,rev,chat,none,0.9999911785125732,0.9999911785125732,1,0.9996917843818665,4c1e5f42b64ae145b7415b934ae18d19b464ea863f68d0cb556932b1f0d4495b
amouyal:27,set_16,53,prob,non_gp,lingering,demo_rev_query_rev_chat_none,rev,rev,chat,none,0.9999788403511047,2.1159648895263672e-05,0,0.9996878504753113,c27f8748881d7acd25047c59a64d356e7aa77d0c2c38a85ed19d3dc611a21b27
amouyal:28,set_17,56,prob,gp,simple,demo_rev_query_rev_chat_none,rev,rev,chat,none,0.9920579791069031,0.9920579791069031,1,0.997616171836853,5cddefccea1629563ccd03be0df5b958ae63be02d2de01ce48b597492b92f96c
amouyal:29,set_17,57,prob,gp,lingering,demo_rev_query_rev_chat_none,rev,rev,chat,none,0.9510003328323364,0.048999667167663574,0,0.9986593723297119,58de1c6a6816c5f53a2e47e1581040e418bcbc728bb90c66713201448c93eea4
amouyal:30,set_17,60,prob,non_gp,simple,demo_rev_query_rev_chat_none,rev,rev,chat,none,0.9999932050704956,0.9999932050704956,1,0.9996118545532227,65390728c405b98b1b4c792018f3903767a1006f0cb0d73762ff91e638c9583a
amouyal:31,set_17,61,prob,non_gp,lingering,demo_rev_query_rev_chat_none,rev,rev,chat,none,0.009558578953146935,0.9904414210468531,1,0.9988827705383301,6a930d214bfbbbd603602a3cdb318c04950dbace0900c22dd8b45e76be7e88bc
amouyal:32,set_18,64,prob,gp,simple,demo_rev_query_rev_chat_none,rev,rev,chat,none,0.8440182209014893,0.8440182209014893,1,0.9997020363807678,0870060c6d9aa0f7e6a24b55c98f8c2b8312617f0d2dc1f19ddbf569258121b8
amouyal:33,set_18,65,prob,gp,lingering,demo_rev_query_rev_chat_none,rev,rev,chat,none,0.023534126579761505,0.9764658734202385,1,0.9998051524162292,4eeb5cdefc1c14eb3047d6bcb15c810eae7dc00ab518c88f6dceb23ec3be83c3
amouyal:34,set_18,68,prob,non_gp,simple,demo_rev_query_rev_chat_none,rev,rev,chat,none,0.9999274015426636,0.9999274015426636,1,0.9998502135276794,86c8926054760e8bc7d478d65cc9ecaebc042bea6faf3b8f796fca6feba06546
amouyal:35,set_18,69,prob,non_gp,lingering,demo_rev_query_rev_chat_none,rev,rev,chat,none,0.9943637251853943,0.005636274814605713,0,0.9994772672653198,14a47577da9ba52a856b81994941a17ccfa0512ebb69bb792bc5ad35929462cd
amouyal:36,set_19,72,prob,gp,simple,demo_rev_query_rev_chat_none,rev,rev,chat,none,0.9961184859275818,0.9961184859275818,1,0.9996821880340576,2ffc717999e3f2918fcb40fee3d3d77d0b251c42ed13cbcbf00cf38b01a1a619
amouyal:37,set_19,73,prob,gp,lingering,demo_rev_query_rev_chat_none,rev,rev,chat,none,0.7077980637550354,0.2922019362449646,0,0.9995251893997192,e82177b4edc5ab7f7abee820e33e3126a81dfe034b3e39378e73c9391a6d91db
amouyal:38,set_19,76,prob,non_gp,simple,demo_rev_query_rev_chat_none,rev,rev,chat,none,0.9999980926513672,0.9999980926513672,1,0.9997304081916809,dbc7287e9d8c343ce884ca0a72c4b63682f44fc288d5620138015f7e2516b725
amouyal:39,set_19,77,prob,non_gp,lingering,demo_rev_query_rev_chat_none,rev,rev,chat,none,0.9999927282333374,7.271766662597656e-06,0,0.9997082352638245,1b94fd87fc7b30f7aae637183169f5ac3a79be4e53dd2466125ffc9d4657d3bd
amouyal:40,set_20,80,prob,gp,simple,demo_rev_query_rev_chat_none,rev,rev,chat,none,0.5958534479141235,0.5958534479141235,1,0.9987385272979736,e39cf94e71a4ee66fca0e66dd29ba7796af3dddd59071cb9a6339897ac739e6e
amouyal:41,set_20,81,prob,gp,lingering,demo_rev_query_rev_chat_none,rev,rev,chat,none,0.1000649482011795,0.8999350517988205,1,0.9987214207649231,99fd73268ed645dd5024a0c90a06890af3d2b16e9e4d652293f8ab70722727e2
amouyal:42,set_20,84,prob,non_gp,simple,demo_rev_query_rev_chat_none,rev,rev,chat,none,0.9999740719795227,0.9999740719795227,1,0.9996849298477173,46f6da966eeefc12194913961abcd6c236eb3aa19539cfd8262cf48c9164c7df
amouyal:43,set_20,85,prob,non_gp,lingering,demo_rev_query_rev_chat_none,rev,rev,chat,none,0.12075605988502502,0.879243940114975,1,0.9972372651100159,3ce68fb9c29b6bdccfa2f9cb5d4597cdfae50a6c48947b5baac7904821d47d40
amouyal:44,set_21,88,prob,gp,simple,demo_rev_query_rev_chat_none,rev,rev,chat,none,0.2888268530368805,0.2888268530368805,0,0.9980982542037964,e5aa5242661714a7a9a08491617733d48b497e03bcc1878aefad12d3a6352ea1
amouyal:45,set_21,89,prob,gp,lingering,demo_rev_query_rev_chat_none,rev,rev,chat,none,0.008323746733367443,0.9916762532666326,1,0.9996454119682312,5cb623f4c098e4067ee3b7ef518923f6bc351ac994f9856a0186b0143ddd01ca
amouyal:46,set_21,92,prob,non_gp,simple,demo_rev_query_rev_chat_none,rev,rev,chat,none,0.9999971985816956,0.9999971985816956,1,0.9994834065437317,aaafbb05db273642e84d3f527789b848255b697175b3f01ba74143d74ff94eb3
amouyal:47,set_21,93,prob,non_gp,lingering,demo_rev_query_rev_chat_none,rev,rev,chat,none,0.9993842840194702,0.0006157159805297852,0,0.9995067715644836,ca03b63afb9bdf6ad750a28f3835466a31fd15cab6b7cf96443babb32eb0670f
amouyal:48,set_22,96,prob,gp,simple,demo_rev_query_rev_chat_none,rev,rev,chat,none,0.9998279213905334,0.9998279213905334,1,0.9995819330215454,2c41ec2f9d8adea86901e9043b15fcb48158752f07a445f2f4dc17e1238af33d
amouyal:49,set_22,97,prob,gp,lingering,demo_rev_query_rev_chat_none,rev,rev,chat,none,0.9857964515686035,0.014203548431396484,0,0.9996294975280762,96f7700a5862d618d388363bd38a68b0431308ed2d67202b364a87a50810e9bc
amouyal:50,set_22,100,prob,non_gp,simple,demo_rev_query_rev_chat_none,rev,rev,chat,none,0.9999918937683105,0.9999918937683105,1,0.999579906463623,01f02919355a83c5c1cfbfb83edb3739bb6b6173f7ad08575f611f646cd7545e
amouyal:51,set_22,101,prob,non_gp,lingering,demo_rev_query_rev_chat_none,rev,rev,chat,none,0.95717453956604,0.04282546043395996,0,0.9996552467346191,be59c8f0d3c03302c3bc60bddb4db04b5fef330e0ac754c87e95dd8a0818588c
amouyal:52,set_23,104,prob,gp,simple,demo_rev_query_rev_chat_none,rev,rev,chat,none,0.8709646463394165,0.8709646463394165,1,0.9979207515716553,31ddf14159ca5319135018d2bacac7a4e2b372d809ea610b5d4ba07fcd666883
amouyal:53,set_23,105,prob,gp,lingering,demo_rev_query_rev_chat_none,rev,rev,chat,none,0.536602795124054,0.46339720487594604,0,0.9956668615341187,42b612294450a3ef10c071c214ce9c1f3b404f6de934c4fb261cc775ebba0084
amouyal:54,set_23,108,prob,non_gp,simple,demo_rev_query_rev_chat_none,rev,rev,chat,none,0.9999837875366211,0.9999837875366211,1,0.9996207356452942,b018b26703d5833f13319122d33a36a48b96383c903e14ebbc1bc9fba69451ba
amouyal:55,set_23,109,prob,non_gp,lingering,demo_rev_query_rev_chat_none,rev,rev,chat,none,0.9999648928642273,3.510713577270508e-05,0,0.9996368288993835,c4cda793afb8f666073f73c7cd330c3a3335759923bbe0177005e59f234a4bab
amouyal:56,set_24,112,prob,gp,simple,demo_rev_query_rev_chat_none,rev,rev,chat,none,0.9680421352386475,0.9680421352386475,1,0.99878990650177,4417f92020fe2378c87cd3d3179f03849ab72183f6f3b0b6b05ebfa41abf7f8f
amouyal:57,set_24,113,prob,gp,lingering,demo_rev_query_rev_chat_none,rev,rev,chat,none,1.8365992218605243e-05,0.9999816340077814,1,0.9994992613792419,af416954db1dc9994bedd56d744c238f9f046a7574ce3a43c9eb1dc21a6f7a53
amouyal:58,set_24,116,prob,non_gp,simple,demo_rev_query_rev_chat_none,rev,rev,chat,none,0.9999454617500305,0.9999454617500305,1,0.999688982963562,92d82583b07d831a0c20b18d63abd0d5062007a5cde93d875a2892a89a8b252b
amouyal:59,set_24,117,prob,non_gp,lingering,demo_rev_query_rev_chat_none,rev,rev,chat,none,7.792108226567507e-05,0.9999220789177343,1,0.9998811483383179,b308c6093903654df071cc1331d986c073e77920521259190c0ff19a1394b774
amouyal:60,set_25,120,prob,gp,simple,demo_rev_query_rev_chat_none,rev,rev,chat,none,0.9980797171592712,0.9980797171592712,1,0.9993399977684021,43a19ddaf61517357dcaf85c515c1d6887885bf13de94284984bfa6a750c80c6
amouyal:61,set_25,121,prob,gp,lingering,demo_rev_query_rev_chat_none,rev,rev,chat,none,0.9486533999443054,0.05134660005569458,0,0.9987242221832275,a24c4d77701c915b05488f718df7632bce847870a19396dee636c8692736730c
amouyal:62,set_25,124,prob,non_gp,simple,demo_rev_query_rev_chat_none,rev,rev,chat,none,0.9999814033508301,0.9999814033508301,1,0.9998117089271545,ef105f9d17f63e17fd7f88802553a2ce31ddc2a7e2488bdb9e5d02afaf15047d
amouyal:63,set_25,125,prob,non_gp,lingering,demo_rev_query_rev_chat_none,rev,rev,chat,none,0.997322142124176,0.0026778578758239746,0,0.9990555644035339,9dbe122e172c80556505ff40b0f9a1ba32fde7a6f2fb76d38db021a55d300158
amouyal:64,set_26,128,prob,gp,simple,demo_rev_query_rev_chat_none,rev,rev,chat,none,0.9115478992462158,0.9115478992462158,1,0.99854576587677,77b2163535031c5015e4a4ea13b5c122dd1766e16fb662471e3abb3a7ee3f980
amouyal:65,set_26,129,prob,gp,lingering,demo_rev_query_rev_chat_none,rev,rev,chat,none,0.00010263232252327725,0.9998973676774767,1,0.9990866184234619,942d263b61988461f79e081a3a139c83c08cef8404343ac5b878203c5c653cb4
amouyal:66,set_26,132,prob,non_gp,simple,demo_rev_query_rev_chat_none,rev,rev,chat,none,0.999988853931427,0.999988853931427,1,0.9995435476303101,b806b046b904fdaa60331ffb7be8bac1bd8a62a6a45aefccac76b6cc7d5e16e2
amouyal:67,set_26,133,prob,non_gp,lingering,demo_rev_query_rev_chat_none,rev,rev,chat,none,0.9741162657737732,0.025883734226226807,0,0.9991369843482971,8ab6063d001a56ef3929751104fbe0052a5923c69e3e7f3b029005a9a627144e
amouyal:68,set_27,136,prob,gp,simple,demo_rev_query_rev_chat_none,rev,rev,chat,none,0.9989868402481079,0.9989868402481079,1,0.9996613264083862,c4a9fe54c1d111dfcc98cf6c86dd04b11c68fb4b47a4e9be5ba74f6aa408c438
amouyal:69,set_27,137,prob,gp,lingering,demo_rev_query_rev_chat_none,rev,rev,chat,none,0.996898889541626,0.0031011104583740234,0,0.9996700882911682,7012399fb1f59f5741b18dbf275188982057d594b78c48e08d19754643ab34e2
amouyal:70,set_27,140,prob,non_gp,simple,demo_rev_query_rev_chat_none,rev,rev,chat,none,0.9999496340751648,0.9999496340751648,1,0.9998056292533875,becbb4119e6a84778e6852fcb27b0664c310173fd1547fd09afd6f412c98d346
amouyal:71,set_27,141,prob,non_gp,lingering,demo_rev_query_rev_chat_none,rev,rev,chat,none,0.9998911023139954,0.00010889768600463867,0,0.9996379613876343,f5f5f50af6eca65dc9ae28f2a1d4cf3dc8223d5da0e5266298dad1f689fe9f93
amouyal:72,set_28,144,prob,gp,simple,demo_rev_query_rev_chat_none,rev,rev,chat,none,0.3449954092502594,0.3449954092502594,0,0.9974507093429565,20ab0755c9206dcd10a8fdbe770e0d49e2fc46a6f6762bae426c06ec36fa154e
amouyal:73,set_28,145,prob,gp,lingering,demo_rev_query_rev_chat_none,rev,rev,chat,none,0.006604158319532871,0.9933958416804671,1,0.9990130066871643,51223b5a0af208e6c51aae145aa28903c2bc683975fbb017dbb68654b62e4aeb
amouyal:74,set_28,148,prob,non_gp,simple,demo_rev_query_rev_chat_none,rev,rev,chat,none,0.9998844861984253,0.9998844861984253,1,0.9997624158859253,ed44d2273f1bbe1206e4fe8ad8d80f83ba437f997c2b7a7139358c23c50814cf
amouyal:75,set_28,149,prob,non_gp,lingering,demo_rev_query_rev_chat_none,rev,rev,chat,none,0.9999968409538269,3.159046173095703e-06,0,0.9995971918106079,795ba760b410b0b9f13690fbce96160246d9893359caf8492195aecddb110c41
amouyal:76,set_29,152,prob,gp,simple,demo_rev_query_rev_chat_none,rev,rev,chat,none,0.9978519082069397,0.9978519082069397,1,0.9993794560432434,fecf12e9140a6467af69628e08596be849718c94908151f1335d3c7f6700899e
amouyal:77,set_29,153,prob,gp,lingering,demo_rev_query_rev_chat_none,rev,rev,chat,none,0.9934176802635193,0.006582319736480713,0,0.9996302127838135,d0441e63300142d408006d9531a8290e59b6cee0a48af2e7bdf5c5413495c643
amouyal:78,set_29,156,prob,non_gp,simple,demo_rev_query_rev_chat_none,rev,rev,chat,none,0.9999942779541016,0.9999942779541016,1,0.9995319247245789,ae241325e6e7c075bdc97c8b36a9678a9310e02ed2da31e71caa1f93c24d47f2
amouyal:79,set_29,157,prob,non_gp,lingering,demo_rev_query_rev_chat_none,rev,rev,chat,none,0.9988942742347717,0.0011057257652282715,0,0.9994948506355286,edaaf5c07c205410cb4825db19b8da9299e8f7a2eabc0ecec99a528196522991
amouyal:80,set_30,160,prob,gp,simple,demo_rev_query_rev_chat_none,rev,rev,chat,none,0.9997392892837524,0.9997392892837524,1,0.9996715188026428,89736af330ce2fd14a47b01ace6bf5396aa9a9bb8ee8c3227fc950c29282c420
amouyal:81,set_30,161,prob,gp,lingering,demo_rev_query_rev_chat_none,rev,rev,chat,none,0.7826645374298096,0.21733546257019043,0,0.9988099932670593,ae04ce459e7fd768db1dbc2c93f52737926cf6294fb473afba4bc57e7dc3e450
amouyal:82,set_30,164,prob,non_gp,simple,demo_rev_query_rev_chat_none,rev,rev,chat,none,0.9999977350234985,0.9999977350234985,1,0.9994967579841614,2bb41bed9cd7038ceb98f42354e8f8362e685c0e36ab36ac740f88b97cddac21
amouyal:83,set_30,165,prob,non_gp,lingering,demo_rev_query_rev_chat_none,rev,rev,chat,none,0.9999934434890747,6.556510925292969e-06,0,0.9997205138206482,bc24744a508d01a3077e3d444ddb85a4e78e8ffc396e5ed623d12b0bb402357c
amouyal:84,set_31,168,prob,gp,simple,demo_rev_query_rev_chat_none,rev,rev,chat,none,0.8742150068283081,0.8742150068283081,1,0.9981908202171326,896a807370ba93daec399707d9bf4022601990ae110fdb0f90e3697eb8b40ef8
amouyal:85,set_31,169,prob,gp,lingering,demo_rev_query_rev_chat_none,rev,rev,chat,none,0.0022242639679461718,0.9977757360320538,1,0.99970942735672,27c91c8dbe811425a0e980f5055b871298135aa7eae1a0893e19c55a7d96499c
amouyal:86,set_31,172,prob,non_gp,simple,demo_rev_query_rev_chat_none,rev,rev,chat,none,0.999968409538269,0.999968409538269,1,0.999681293964386,f53cce2c0aa96996e36a27d22aba686ac91f79b4241e1a78ba2efd07e3de771a
amouyal:87,set_31,173,prob,non_gp,lingering,demo_rev_query_rev_chat_none,rev,rev,chat,none,0.9963429570198059,0.003657042980194092,0,0.9996106624603271,b3db57781a0b741a48e268433a6d617cac8d794682e4be01c3025579c1637408
amouyal:88,set_32,176,prob,gp,simple,demo_rev_query_rev_chat_none,rev,rev,chat,none,0.9561778903007507,0.9561778903007507,1,0.9988978505134583,dc07e13e786306a6110ba2d2db54299622b0ade68088bef4a1c558c7db935b6b
amouyal:89,set_32,177,prob,gp,lingering,demo_rev_query_rev_chat_none,rev,rev,chat,none,4.383450504974462e-05,0.9999561654949503,1,0.999362587928772,a41475cf755d6b6f6063106a058844cd9297135c128d71ba85875d9a766698aa
amouyal:90,set_32,180,prob,non_gp,simple,demo_rev_query_rev_chat_none,rev,rev,chat,none,0.9999837875366211,0.9999837875366211,1,0.9997321963310242,feb1ff3814c0201e2278ec4009c1ad479142ee754954b37f6c3321ed4241248f
amouyal:91,set_32,181,prob,non_gp,lingering,demo_rev_query_rev_chat_none,rev,rev,chat,none,0.9962069988250732,0.003793001174926758,0,0.9996376633644104,5f327470df593be555465416f3a5a7286b80cc825aa38596248ae478fc27fb6f
amouyal:92,set_33,184,prob,gp,simple,demo_rev_query_rev_chat_none,rev,rev,chat,none,0.04761628434062004,0.04761628434062004,0,0.9994744062423706,6a3922709c04bcc7f416e8191710dd831cb201d1a98e28d4781839b8f5e56b07
amouyal:93,set_33,185,prob,gp,lingering,demo_rev_query_rev_chat_none,rev,rev,chat,none,0.08052801340818405,0.919471986591816,1,0.9988853931427002,fd6ce73bb4dab9aaa8e24a0b48b38b113a839aff379767221283d8e009f0f183
amouyal:94,set_33,188,prob,non_gp,simple,demo_rev_query_rev_chat_none,rev,rev,chat,none,0.9999936819076538,0.9999936819076538,1,0.9997509717941284,50ce6508c4516f7aa4093907e50d0c95e9d85b641ad795f5ce8fcbec23e40f25
amouyal:95,set_33,189,prob,non_gp,lingering,demo_rev_query_rev_chat_none,rev,rev,chat,none,0.9985706806182861,0.0014293193817138672,0,0.9993881583213806,98b8c14b1debe128ab4dec27e85b49c37bc0df257e02e9e679d55b372805e80a
amouyal:96,set_34,192,prob,gp,simple,demo_rev_query_rev_chat_none,rev,rev,chat,none,0.9798612594604492,0.9798612594604492,1,0.9984155297279358,c67a238ec447dcf436e6163fa50fb3d8b5d0ca4c8b30d4cd66100158be12d2be
amouyal:97,set_34,193,prob,gp,lingering,demo_rev_query_rev_chat_none,rev,rev,chat,none,0.0001516699412604794,0.9998483300587395,1,0.9998798370361328,ae4770a2a49f14c0b1e1dbfbeea2b40744dc94d9cf2d247e6e0a4e68b1816224
amouyal:98,set_34,196,prob,non_gp,simple,demo_rev_query_rev_chat_none,rev,rev,chat,none,0.9999963045120239,0.9999963045120239,1,0.9996302127838135,0e4ae03459108dfe17ff409513ca54316b0cbdf907328ef363e6015e715ae10a
amouyal:99,set_34,197,prob,non_gp,lingering,demo_rev_query_rev_chat_none,rev,rev,chat,none,0.9979860186576843,0.002013981342315674,0,0.9997849464416504,c9c35c3bc7b3e8897f0c971654c232000382065067597d45b04f913a1d97a873
amouyal:100,set_35,200,prob,gp,simple,demo_rev_query_rev_chat_none,rev,rev,chat,none,0.060449231415987015,0.060449231415987015,0,0.9977023601531982,6644747c936fed71144852dfc64df9d8991ac6ad8d331323cde220a9f13b95bb
amouyal:101,set_35,201,prob,gp,lingering,demo_rev_query_rev_chat_none,rev,rev,chat,none,0.07669512182474136,0.9233048781752586,1,0.9971522092819214,004cc7bd096aa63b30fe261612b6ac5ebc9833d76f8edf77686bcb4f9bc33bf2
amouyal:102,set_35,204,prob,non_gp,simple,demo_rev_query_rev_chat_none,rev,rev,chat,none,0.9998907446861267,0.9998907446861267,1,0.9996195435523987,754df782daebc299ed4861bf74077a97c61838d3056699c0c86675ba01a36ee9
amouyal:103,set_35,205,prob,non_gp,lingering,demo_rev_query_rev_chat_none,rev,rev,chat,none,0.9878010749816895,0.012198925018310547,0,0.9988557696342468,9eb319d32acbeed0a1792ffded3fa70b54d05192bbcf9aa34d910a826168c3cf
amouyal:104,set_36,208,prob,gp,simple,demo_rev_query_rev_chat_none,rev,rev,chat,none,0.5454676747322083,0.5454676747322083,1,0.9993926882743835,205650c9a4a7114c6114ecbd2ddbf4ab97b768ef6c5991e1e015a6ba3eea5a6c
amouyal:105,set_36,209,prob,gp,lingering,demo_rev_query_rev_chat_none,rev,rev,chat,none,0.1861242949962616,0.8138757050037384,1,0.9987627863883972,50576cd7c61784cc0119730423cb3cf3032951be5e5721c415f94c236ef70f06
amouyal:106,set_36,212,prob,non_gp,simple,demo_rev_query_rev_chat_none,rev,rev,chat,none,0.9999956488609314,0.9999956488609314,1,0.9997679591178894,f412b240346e3cae04207bc9807dd08ada4d7516e5e48be8f31af04375e65374
amouyal:107,set_36,213,prob,non_gp,lingering,demo_rev_query_rev_chat_none,rev,rev,chat,none,0.9984065890312195,0.0015934109687805176,0,0.9994311332702637,1e0c781cc20a302c85b40bbb7fed4febe0a236abac9e9957236549d41d818e30
amouyal:108,set_37,216,prob,gp,simple,demo_rev_query_rev_chat_none,rev,rev,chat,none,0.00024073300301097333,0.00024073300301097333,0,0.9996536374092102,a8fec0d24f0aac2a49846520c8f9255ead0140c6063cd76eb23356d1e64358e3
amouyal:109,set_37,217,prob,gp,lingering,demo_rev_query_rev_chat_none,rev,rev,chat,none,0.00010289702913723886,0.9998971029708628,1,0.9997726082801819,54379c10a55887803ce1192c9574e1f2203c7c3adad7c99fcc139b4d41581d66
amouyal:110,set_37,220,prob,non_gp,simple,demo_rev_query_rev_chat_none,rev,rev,chat,none,0.40705782175064087,0.40705782175064087,0,0.9995288848876953,48c4cb68b4764b8f4b31171ba732affa7cf519f80a7efe87be1d9eefb18ed75a
amouyal:111,set_37,221,prob,non_gp,lingering,demo_rev_query_rev_chat_none,rev,rev,chat,none,0.26294758915901184,0.7370524108409882,1,0.9989898204803467,13339afeaabebd8ef00c51104d0a1f2c32da87e903664ffe4d8414ca8d1e32d5
amouyal:112,set_38,224,prob,gp,simple,demo_rev_query_rev_chat_none,rev,rev,chat,none,0.1300237625837326,0.1300237625837326,0,0.9979236721992493,d2bf9889257a8661f8952eb968c75f578c4e5ce4c7d6a7040bb11f8bcd5e2028
amouyal:113,set_38,225,prob,gp,lingering,demo_rev_query_rev_chat_none,rev,rev,chat,none,0.7767708897590637,0.22322911024093628,0,0.9981468319892883,9c48784c73a2c229ed78b107f2c996139a8b8af3fe4fc8f2f0cb202b5dd0cc8c
amouyal:114,set_38,228,prob,non_gp,simple,demo_rev_query_rev_chat_none,rev,rev,chat,none,0.9998435378074646,0.9998435378074646,1,0.9992266893386841,404a9fab66ccc5e82a33572f727ae57c0530680de92eb3e6254a23c2f33a2300
amouyal:115,set_38,229,prob,non_gp,lingering,demo_rev_query_rev_chat_none,rev,rev,chat,none,0.00010839643073268235,0.9998916035692673,1,0.9998062252998352,fd75d1a4c887315df2275cae1e67dd72dbd5e80e3df33c9dd5b829df0a3e49c2
amouyal:116,set_39,232,prob,gp,simple,demo_rev_query_rev_chat_none,rev,rev,chat,none,0.22453884780406952,0.22453884780406952,0,0.9981993436813354,52e804efc96e997058de2562bca5907df2ae228fb3c027a7e5a592464f14eafe
amouyal:117,set_39,233,prob,gp,lingering,demo_rev_query_rev_chat_none,rev,rev,chat,none,0.09956150501966476,0.9004384949803352,1,0.9989227056503296,f0ce3b2eb5231cb2e4a284c90e8918bed59eb0236f2cba7c6983ff9520d72d36
amouyal:118,set_39,236,prob,non_gp,simple,demo_rev_query_rev_chat_none,rev,rev,chat,none,0.999921441078186,0.999921441078186,1,0.9996362328529358,bf38230aab557890e0a4485efcd1ce39eab02d3f0f2ed8642fd99ec15f0afa63
amouyal:119,set_39,237,prob,non_gp,lingering,demo_rev_query_rev_chat_none,rev,rev,chat,none,0.9995006322860718,0.0004993677139282227,0,0.9997754693031311,c31753a344a76b827c6d674c1a2e946eca5294f9ae159af55aca814023c59cf5
amouyal:120,set_40,240,prob,gp,simple,demo_rev_query_rev_chat_none,rev,rev,chat,none,0.04766951501369476,0.04766951501369476,0,0.9987109303474426,41359d618806336390cb64a39d05781c140c5ecbe2f21d46bca9c9640d52ea1a
amouyal:121,set_40,241,prob,gp,lingering,demo_rev_query_rev_chat_none,rev,rev,chat,none,0.0013602857943624258,0.9986397142056376,1,0.9998640418052673,bbd6fed0b219ebdc0342e23070141e26f4cd5a746460c89289ab063d4558eb47
amouyal:122,set_40,244,prob,non_gp,simple,demo_rev_query_rev_chat_none,rev,rev,chat,none,0.9989709854125977,0.9989709854125977,1,0.9992029666900635,50d842028da9da1ac5639cc613b4594ead9c71b6d2788a390d3d82ebab3e10d7
amouyal:123,set_40,245,prob,non_gp,lingering,demo_rev_query_rev_chat_none,rev,rev,chat,none,0.9618812799453735,0.038118720054626465,0,0.9992168545722961,346afcacf07d7a0ff8fa79edb226d55504477fbeade713ca4c066d78d19ab017
amouyal:124,set_41,248,prob,gp,simple,demo_rev_query_rev_chat_none,rev,rev,chat,none,0.9918869733810425,0.9918869733810425,1,0.9993428587913513,bf195f4019effdda44edf6dfb35bdc4b690bbe2eb47dba6ebb05066339262c09
amouyal:125,set_41,249,prob,gp,lingering,demo_rev_query_rev_chat_none,rev,rev,chat,none,0.06440962105989456,0.9355903789401054,1,0.9989595413208008,bdc664c6f2d71c441ee9d23c8632b6952b5820174053e76b5acccd3bd8eace03
amouyal:126,set_41,252,prob,non_gp,simple,demo_rev_query_rev_chat_none,rev,rev,chat,none,0.9999988675117493,0.9999988675117493,1,0.9996838569641113,1dfb4aaffe7d5e59147e65cbbe9daae8bfadfd20feff98d1ff5b4954b8ab71bb
amouyal:127,set_41,253,prob,non_gp,lingering,demo_rev_query_rev_chat_none,rev,rev,chat,none,0.9999927282333374,7.271766662597656e-06,0,0.9995967149734497,71ae96f2a73775cf721f658aa738e67f34c4b6d86b6b45514e5a4167ff1afaac
amouyal:128,set_42,256,prob,gp,simple,demo_rev_query_rev_chat_none,rev,rev,chat,none,0.9985401034355164,0.9985401034355164,1,0.9995924234390259,ffdbf9006920ff9b63f82feb3cebd0504e024eb2c9f24905a2bafae2dfc37645
amouyal:129,set_42,257,prob,gp,lingering,demo_rev_query_rev_chat_none,rev,rev,chat,none,0.9880928993225098,0.011907100677490234,0,0.9988955855369568,f38303b1511e3aa45ce47112bd2e829dedc0b70f30c93ca9463b90fc99a83635
amouyal:130,set_42,260,prob,non_gp,simple,demo_rev_query_rev_chat_none,rev,rev,chat,none,0.9999825358390808,0.9999825358390808,1,0.9996726512908936,193530fcb8268ff3c0ab1050d6eda13f6f3812b290cfa8a68828b7a4b90eda4d
amouyal:131,set_42,261,prob,non_gp,lingering,demo_rev_query_rev_chat_none,rev,rev,chat,none,0.99619060754776,0.0038093924522399902,0,0.9995177388191223,8af79c73487f7b27ff6ea71267f02ad57cfd1bec5d6873976ec44426dc7a8a0d
amouyal:132,set_43,264,prob,gp,simple,demo_rev_query_rev_chat_none,rev,rev,chat,none,0.8986398577690125,0.8986398577690125,1,0.9994770288467407,7ac62ec3b84890e21f518cc6a1afece068ef6acbbb3154b08c3b4298a6081b06
amouyal:133,set_43,265,prob,gp,lingering,demo_rev_query_rev_chat_none,rev,rev,chat,none,0.0010306693147867918,0.9989693306852132,1,0.9991912245750427,041de82b2f06ff0e966f985e64ba29798473df315e1010c67302082d93257345
amouyal:134,set_43,268,prob,non_gp,simple,demo_rev_query_rev_chat_none,rev,rev,chat,none,0.9998946189880371,0.9998946189880371,1,0.9996742606163025,e5b08c3f95f9683116338d72661c6e0c4b0eb1f1d88896d72c8ea1484325656c
amouyal:135,set_43,269,prob,non_gp,lingering,demo_rev_query_rev_chat_none,rev,rev,chat,none,0.9999421238899231,5.78761100769043e-05,0,0.9994224309921265,2d72a7ed2ec59b88960aae1bb0792a5c6184c8ba8fff7f0132d33a37bb081c3f
amouyal:136,set_44,272,prob,gp,simple,demo_rev_query_rev_chat_none,rev,rev,chat,none,0.0003133415593765676,0.0003133415593765676,0,0.9996699094772339,fb3ce6c73e7ec344800f09c7a1cb7f3c1b6265786a742d5ce3c8741c60d4e577
amouyal:137,set_44,273,prob,gp,lingering,demo_rev_query_rev_chat_none,rev,rev,chat,none,0.0001943862298503518,0.9998056137701496,1,0.9992417097091675,68a236df52eedf854bcf2214372217666cb91fa6e2b09a28e13433cee65d84f7
amouyal:138,set_44,276,prob,non_gp,simple,demo_rev_query_rev_chat_none,rev,rev,chat,none,0.5141225457191467,0.5141225457191467,1,0.9980379939079285,23ee985c21b8342869fe36f125464faa12f88c2f3d114e1978d9a9f2f6b5a227
amouyal:139,set_44,277,prob,non_gp,lingering,demo_rev_query_rev_chat_none,rev,rev,chat,none,0.011617724783718586,0.9883822752162814,1,0.999725878238678,9d62097f970d9bf36b1d785e663e2f69da40f1adb6b166e504a21a57f223b6e1
amouyal:140,set_45,280,prob,gp,simple,demo_rev_query_rev_chat_none,rev,rev,chat,none,0.11569354683160782,0.11569354683160782,0,0.9983561038970947,3a5efebb627ecf565f19d7bc659f88596e75196b80401226f20277d84c2c537a
amouyal:141,set_45,281,prob,gp,lingering,demo_rev_query_rev_chat_none,rev,rev,chat,none,0.4619046151638031,0.5380953848361969,1,0.9980945587158203,dc4d7f0eb1a16c99ceb7f00cd46012c3b778defa78cf47d5f2c500131a59dc11
amouyal:142,set_45,284,prob,non_gp,simple,demo_rev_query_rev_chat_none,rev,rev,chat,none,0.9997752904891968,0.9997752904891968,1,0.9995542764663696,418df7fcc71c6f8534e765868f306bfd21c969a808424a02c868ced8d0f49344
amouyal:143,set_45,285,prob,non_gp,lingering,demo_rev_query_rev_chat_none,rev,rev,chat,none,0.9999516010284424,4.839897155761719e-05,0,0.9996511340141296,2802cd6c72920614264390d15281577635ef3ffaaefd8b47c1447466ffd2b585
amouyal:144,set_hyp5_1,288,reflexive,non_gp,simple,demo_rev_query_rev_chat_none,rev,rev,chat,none,0.9998107552528381,0.9998107552528381,1,0.9996878504753113,4eb698dd9d070685ad406d137398169c691dc6bbd1eac5c1db76a246fe26cf11
amouyal:145,set_hyp5_1,289,reflexive,non_gp,lingering,demo_rev_query_rev_chat_none,rev,rev,chat,none,0.9999871253967285,1.2874603271484375e-05,0,0.9995366334915161,9c46c60a0507e381c1476523508f012b8528acdba9ad9df3200b3fe43ed5f0e1
amouyal:146,set_hyp5_2,290,reflexive,non_gp,simple,demo_rev_query_rev_chat_none,rev,rev,chat,none,0.9999903440475464,0.9999903440475464,1,0.9997286200523376,acefbdae62d4ddb50a8a47918d81e233296651c4fca6d74135f53b7e149764ba
amouyal:147,set_hyp5_2,291,reflexive,non_gp,lingering,demo_rev_query_rev_chat_none,rev,rev,chat,none,3.22867528268489e-08,0.9999999677132472,1,0.9999881982803345,508d8dbdb668fa528a60cf4f3ba880a168f173858c63fadd5112a3f1de60269a
amouyal:148,set_hyp5_3,292,reflexive,non_gp,simple,demo_rev_query_rev_chat_none,rev,rev,chat,none,0.9999802112579346,0.9999802112579346,1,0.9997344017028809,490108c8f5b536b06dd8d897c31450c6e5c9dcba0dc818f79adb13c171f70303
amouyal:149,set_hyp5_3,293,reflexive,non_gp,lingering,demo_rev_query_rev_chat_none,rev,rev,chat,none,4.851854464504868e-05,0.999951481455355,1,0.9998646378517151,7e70777bff26d15bbcd6d15ed8a01530e634bde5c1ee35d3969aea4d630700df
amouyal:150,set_hyp5_4,294,reflexive,non_gp,simple,demo_rev_query_rev_chat_none,rev,rev,chat,none,0.9998853802680969,0.9998853802680969,1,0.999783456325531,db0b6de6e2be17937b5bcd54f3e00e095146e943b71d9795aa9746320ac9039a
amouyal:151,set_hyp5_4,295,reflexive,non_gp,lingering,demo_rev_query_rev_chat_none,rev,rev,chat,none,0.9743766784667969,0.025623321533203125,0,0.9989631175994873,ee030cbd6dcbc6e1a331690d8bc1cc498e33ce58c0b3e95efc93e90b19a9c6fc
amouyal:152,set_hyp5_5,296,reflexive,non_gp,simple,demo_rev_query_rev_chat_none,rev,rev,chat,none,0.9999939799308777,0.9999939799308777,1,0.9997233152389526,06cc3682fdc24148cb1597da277e665fb5b599bfd8c965281756001d40de2b36
amouyal:153,set_hyp5_5,297,reflexive,non_gp,lingering,demo_rev_query_rev_chat_none,rev,rev,chat,none,0.9651199579238892,0.03488004207611084,0,0.9995250105857849,1e38f85c05abe100b0c56cc3f20d9a088e12481e285ffe436fb34a09e15d03f1
amouyal:154,set_hyp5_6,298,reflexive,non_gp,simple,demo_rev_query_rev_chat_none,rev,rev,chat,none,0.9999514222145081,0.9999514222145081,1,0.9994049072265625,46002a2b35bd202c65bb116c53e7d20b00c635333d84c0cd31e537d29fe15ac9
amouyal:155,set_hyp5_6,299,reflexive,non_gp,lingering,demo_rev_query_rev_chat_none,rev,rev,chat,none,0.010586833581328392,0.9894131664186716,1,0.9973615407943726,686a5f4d0d3a36fb72c38a6e266e17e3c1e620c578f1533cb0bca3b95c83ce02
amouyal:156,set_hyp5_7,300,reflexive,non_gp,simple,demo_rev_query_rev_chat_none,rev,rev,chat,none,0.9999880194664001,0.9999880194664001,1,0.9996899962425232,5515ab97580c2cda770c96767a0f60de7d8770d699de1e4ce48c2e1ab511707b
amouyal:157,set_hyp5_7,301,reflexive,non_gp,lingering,demo_rev_query_rev_chat_none,rev,rev,chat,none,0.053918611258268356,0.9460813887417316,1,0.9990481734275818,f8d5a20f7ee0eb19bf28f543b141a2606d0f752e66faf9346dc0675b82129eb0
amouyal:158,set_hyp5_8,302,reflexive,non_gp,simple,demo_rev_query_rev_chat_none,rev,rev,chat,none,0.9999760389328003,0.9999760389328003,1,0.999491810798645,729dd1ecfc71ae39cf6696fe6d610f6bee3c71ff4d8b3379fd764794376f40a2
amouyal:159,set_hyp5_8,303,reflexive,non_gp,lingering,demo_rev_query_rev_chat_none,rev,rev,chat,none,0.11585304886102676,0.8841469511389732,1,0.9997550249099731,cb88c6814d50147138a9ca4faf42bf5dd0e898c9fbda080316e9693b37a85db6
amouyal:160,set_hyp5_9,304,reflexive,non_gp,simple,demo_rev_query_rev_chat_none,rev,rev,chat,none,0.9999313354492188,0.9999313354492188,1,0.9997761845588684,be2432b1494d0b5dd1a4bde0bcb6682ed4209ac2975030f329832b9e5c93d6b7
amouyal:161,set_hyp5_9,305,reflexive,non_gp,lingering,demo_rev_query_rev_chat_none,rev,rev,chat,none,0.9985231757164001,0.0014768242835998535,0,0.9991121292114258,fdc31b47b59bd0081ebdbb9e96ed8f8734d21d4dd62160d1146bdba6160e9cd8
amouyal:162,set_hyp5_10,306,reflexive,non_gp,simple,demo_rev_query_rev_chat_none,rev,rev,chat,none,0.9999988079071045,0.9999988079071045,1,0.9997916221618652,228babe4ed7e7c9630db3780cb71b39318e1a555e344fdaa2ac9b2d9b1320bf5
amouyal:163,set_hyp5_10,307,reflexive,non_gp,lingering,demo_rev_query_rev_chat_none,rev,rev,chat,none,0.9997595548629761,0.00024044513702392578,0,0.9997310042381287,61281cabf6e448fbce9fb06924b6168430f98426061bcf6a031894d395f6fa21
amouyal:164,set_hyp5_11,308,reflexive,non_gp,simple,demo_rev_query_rev_chat_none,rev,rev,chat,none,0.9999953508377075,0.9999953508377075,1,0.9997416734695435,42d55b4412828ac31abc8f75317d9978bb043b7416ecca63cc9bbcddf676497e
amouyal:165,set_hyp5_11,309,reflexive,non_gp,lingering,demo_rev_query_rev_chat_none,rev,rev,chat,none,1.0680608966140426e-06,0.9999989319391034,1,0.9999691843986511,0ac811b1d65fd6162bf48c452dd58df40182e028948b163b0f0c7a417dd60c91
amouyal:166,set_hyp5_12,310,reflexive,non_gp,simple,demo_rev_query_rev_chat_none,rev,rev,chat,none,0.999991774559021,0.999991774559021,1,0.9996920824050903,b13a639afca92e6f98e3846e6a29ccf89906a924d46be35a78c282c7a46cd0eb
amouyal:167,set_hyp5_12,311,reflexive,non_gp,lingering,demo_rev_query_rev_chat_none,rev,rev,chat,none,0.8254967927932739,0.17450320720672607,0,0.9996755719184875,11b7440678dab14f2afe0d20bd6cd1b78b3ba481123f1dfe26013375779b80b4
amouyal:168,set_hyp5_13,312,reflexive,non_gp,simple,demo_rev_query_rev_chat_none,rev,rev,chat,none,0.9999845027923584,0.9999845027923584,1,0.9992217421531677,53abbd31956d376d2006b5d408d470db2c5012ee0c862bf5439a2c4c4759bab3
amouyal:169,set_hyp5_13,313,reflexive,non_gp,lingering,demo_rev_query_rev_chat_none,rev,rev,chat,none,0.991690456867218,0.008309543132781982,0,0.9989742636680603,97c65e2c1fb193e99fb3426cfa7010e8a35fd745295cdb218e28f90a91ebe434
amouyal:170,set_hyp5_14,314,reflexive,non_gp,simple,demo_rev_query_rev_chat_none,rev,rev,chat,none,0.9983245134353638,0.9983245134353638,1,0.9990977048873901,8e9366383910102bbad3d777281ebee8a2a967979328c7f51b9116c019d48637
amouyal:171,set_hyp5_14,315,reflexive,non_gp,lingering,demo_rev_query_rev_chat_none,rev,rev,chat,none,0.0008698669844307005,0.9991301330155693,1,0.9994584918022156,09c4363be12a94c194061d5ba13cb4e1e94313b190e0f8c9ce9d51c229ba4608
amouyal:172,set_hyp5_15,316,reflexive,non_gp,simple,demo_rev_query_rev_chat_none,rev,rev,chat,none,0.9999839663505554,0.9999839663505554,1,0.9996891617774963,74ce0afdfcb656d4458ade4dfdb9d9debda20919f21f43c3ce8f8e5662e4188e
amouyal:173,set_hyp5_15,317,reflexive,non_gp,lingering,demo_rev_query_rev_chat_none,rev,rev,chat,none,0.9587147831916809,0.04128521680831909,0,0.9994202256202698,2b3fe971dc4b8827f508f3291521332e7879f0276b0132b4df0ad3f1e1e492e1
amouyal:174,set_hyp5_16,318,reflexive,non_gp,simple,demo_rev_query_rev_chat_none,rev,rev,chat,none,0.999994695186615,0.999994695186615,1,0.9998684525489807,261759387131930f9dc837bfadcee7323acb384cec03251acc5ce43fa0ad4fe5
amouyal:175,set_hyp5_16,319,reflexive,non_gp,lingering,demo_rev_query_rev_chat_none,rev,rev,chat,none,0.9572973847389221,0.04270261526107788,0,0.9988940358161926,6860eddab6face28817df1ff521c6e70797129c49351db63d3a5f892f25711bf
amouyal:176,set_hyp5_17,320,reflexive,non_gp,simple,demo_rev_query_rev_chat_none,rev,rev,chat,none,0.9999917149543762,0.9999917149543762,1,0.9997503161430359,418124da9aabc672d49f60d1d14437a471d93b15d300050d67fe2ff29308b7b8
amouyal:177,set_hyp5_17,321,reflexive,non_gp,lingering,demo_rev_query_rev_chat_none,rev,rev,chat,none,8.975194759841543e-06,0.9999910248052402,1,0.9999172687530518,d928afc8fd01d3c78a10cec7c6b2161cbb225cb1c12b82686c76921fef8e31a6
amouyal:178,set_hyp5_18,322,reflexive,non_gp,simple,demo_rev_query_rev_chat_none,rev,rev,chat,none,5.121408685226925e-05,5.121408685226925e-05,0,0.9998388290405273,77b5e073095ab62188207959f49d775c4073b726ea71e57e8529b256a29c5963
amouyal:179,set_hyp5_18,323,reflexive,non_gp,lingering,demo_rev_query_rev_chat_none,rev,rev,chat,none,0.9996294975280762,0.0003705024719238281,0,0.9996235966682434,63e34ab0b1dc3ce7b9ceba5173606ee55380569ce0bfc4c5e121fc62309e8555
amouyal:180,set_hyp5_19,324,reflexive,non_gp,simple,demo_rev_query_rev_chat_none,rev,rev,chat,none,0.9999945759773254,0.9999945759773254,1,0.999383270740509,6376583eed21fe74da4ef8e0f662c6beb32ee0bd3f7c725be22a92d395bcdf9c
amouyal:181,set_hyp5_19,325,reflexive,non_gp,lingering,demo_rev_query_rev_chat_none,rev,rev,chat,none,0.9692543148994446,0.03074568510055542,0,0.9991788268089294,9c8e97a2b06ec71eb56101c00ed5009d89e4b37741989cf54e5696ec8b1371f5
amouyal:182,set_hyp5_20,326,reflexive,non_gp,simple,demo_rev_query_rev_chat_none,rev,rev,chat,none,0.9983677268028259,0.9983677268028259,1,0.9994639158248901,0e0ab8be2f85b72e8f1e09cc433f029469302f7dde0c9a305786070d6777c4de
amouyal:183,set_hyp5_20,327,reflexive,non_gp,lingering,demo_rev_query_rev_chat_none,rev,rev,chat,none,0.30516910552978516,0.6948308944702148,1,0.9949431419372559,db4ec2b5a46c23362ef7ba3f9922ba807e49a8d82087223d4f744b68add3a5c5
amouyal:184,set_hyp5_21,328,reflexive,non_gp,simple,demo_rev_query_rev_chat_none,rev,rev,chat,none,0.9995796084403992,0.9995796084403992,1,0.999253511428833,d6fe306e526dde482f88f4d8e9060db20896e9e3916f23750afc023ebe917ca8
amouyal:185,set_hyp5_21,329,reflexive,non_gp,lingering,demo_rev_query_rev_chat_none,rev,rev,chat,none,0.9993569254875183,0.0006430745124816895,0,0.9997140765190125,59d768fe439fe64596037e4735a29f1da8303b64afb773cde0ba93889bbd2dbc
amouyal:186,set_hyp5_22,330,reflexive,non_gp,simple,demo_rev_query_rev_chat_none,rev,rev,chat,none,0.9998977780342102,0.9998977780342102,1,0.9997000098228455,6e85b3aaf582321b02a71448fd2d85eb6ff40fb6578b60618f8520c262b1875c
amouyal:187,set_hyp5_22,331,reflexive,non_gp,lingering,demo_rev_query_rev_chat_none,rev,rev,chat,none,0.0022128985729068518,0.9977871014270931,1,0.9996362328529358,73c0fd7cfd9f30f6404b95189320cf546ba325effd4cbcf56d22ab2ab36578ef
amouyal:188,set_hyp5_23,332,reflexive,non_gp,simple,demo_rev_query_rev_chat_none,rev,rev,chat,none,0.999991774559021,0.999991774559021,1,0.999298095703125,61a4f34e6a9deb595a1260970901aa469196301b4fe7c7aa3d334f906283016c
amouyal:189,set_hyp5_23,333,reflexive,non_gp,lingering,demo_rev_query_rev_chat_none,rev,rev,chat,none,0.7523006200790405,0.24769937992095947,0,0.9995462894439697,2dd455d3e0c459bc0d67f06103a4042505c6b0344c929c4fcc2b8f4e1c49cf9e
amouyal:190,set_hyp5_24,334,reflexive,non_gp,simple,demo_rev_query_rev_chat_none,rev,rev,chat,none,0.9999912977218628,0.9999912977218628,1,0.9995095133781433,cc8e0db76417a4a9828e1d229b2a008531ca5cd43b23a37da446e87364bbe923
amouyal:191,set_hyp5_24,335,reflexive,non_gp,lingering,demo_rev_query_rev_chat_none,rev,rev,chat,none,0.9873154759407043,0.012684524059295654,0,0.9994544982910156,0e57a0ca1242368137158e7ae4852c4eccfed3ea4632b6dd1a6072771eeb97de
amouyal:192,set_hyp5_1,336,reflexive,gp,simple,demo_rev_query_rev_chat_none,rev,rev,chat,none,0.8473441004753113,0.8473441004753113,1,0.9993220567703247,98668556153b7bb7954a2248a7ad39b480d613188b49fbe093613929daf4b69f
amouyal:193,set_hyp5_1,337,reflexive,gp,lingering,demo_rev_query_rev_chat_none,rev,rev,chat,none,0.007521159015595913,0.9924788409844041,1,0.9994733333587646,da296581893a43b298fd43d134de484cca8360f4b71ca97a00e6aaa64e8f6e7e
amouyal:194,set_hyp5_2,338,reflexive,gp,simple,demo_rev_query_rev_chat_none,rev,rev,chat,none,0.9963200092315674,0.9963200092315674,1,0.9996565580368042,c668107d296acfa3daf1c7d44eef8761fcb1856c84c88f6fcd7f3aa7b69c177e
amouyal:195,set_hyp5_2,339,reflexive,gp,lingering,demo_rev_query_rev_chat_none,rev,rev,chat,none,3.602215292630717e-05,0.9999639778470737,1,0.9999231696128845,0272c2f0ad30eab2f9a11395b5c21d1d03d61bad10cf6581f2f2efda88542411
amouyal:196,set_hyp5_3,340,reflexive,gp,simple,demo_rev_query_rev_chat_none,rev,rev,chat,none,0.09408687800168991,0.09408687800168991,0,0.9994263648986816,3f49ee0e1bd0a9b51bff1316a11e03ddb2a9feefb91e9e3794f1f3fa5fb5f666
amouyal:197,set_hyp5_3,341,reflexive,gp,lingering,demo_rev_query_rev_chat_none,rev,rev,chat,none,0.05528992787003517,0.9447100721299648,1,0.9993001222610474,09efba2ba50f8798836efb034ebec747876e87777fd6bd14e8585d4e88f7f159
amouyal:198,set_hyp5_4,342,reflexive,gp,simple,demo_rev_query_rev_chat_none,rev,rev,chat,none,0.3482339382171631,0.3482339382171631,0,0.998523473739624,192d66f657b7d70ce1a576545c6bb2e7d6d755ecea4b5d899cc9bfb23f6b263a
amouyal:199,set_hyp5_4,343,reflexive,gp,lingering,demo_rev_query_rev_chat_none,rev,rev,chat,none,0.23292693495750427,0.7670730650424957,1,0.9984581470489502,a0722a71431706eb1bfdaa80962c0adb78109f4d6fc9faa18d67c3ce80a3ee39
amouyal:200,set_hyp5_5,344,reflexive,gp,simple,demo_rev_query_rev_chat_none,rev,rev,chat,none,0.7661281824111938,0.7661281824111938,1,0.9991415143013,e14bfbdb2b3208e6c06615ac3a2427faf6208b3f58f355191d2eb0e44aa2ebb4
amouyal:201,set_hyp5_5,345,reflexive,gp,lingering,demo_rev_query_rev_chat_none,rev,rev,chat,none,0.001506178523413837,0.9984938214765862,1,0.9996262788772583,34ad4ef410e86a5839420855d5bee034ddc592d0fed5477639bf02b0986d51f8
amouyal:202,set_hyp5_6,346,reflexive,gp,simple,demo_rev_query_rev_chat_none,rev,rev,chat,none,0.9802399277687073,0.9802399277687073,1,0.9972795248031616,dc5cc3bbd49317f87b8b413856f33a495cd0bc225972a02f262a326202635c7d
amouyal:203,set_hyp5_6,347,reflexive,gp,lingering,demo_rev_query_rev_chat_none,rev,rev,chat,none,0.9876906871795654,0.01230931282043457,0,0.9975255727767944,4dd31623c8b2504dec472e8a0d4dd4ec8b3b9c377b06bb8f92d2f088bb98f1f6
amouyal:204,set_hyp5_7,348,reflexive,gp,simple,demo_rev_query_rev_chat_none,rev,rev,chat,none,0.7173272967338562,0.7173272967338562,1,0.9976489543914795,a26a6fa182bdeabf3cbf19143af1d9ce75ff109097192fb6fff434eab6e4a052
amouyal:205,set_hyp5_7,349,reflexive,gp,lingering,demo_rev_query_rev_chat_none,rev,rev,chat,none,0.05489581823348999,0.94510418176651,1,0.999157726764679,c11e589de3ab11faaad19148a9cd5676f19e169a2548c4a27233eb43714b71cc
amouyal:206,set_hyp5_8,350,reflexive,gp,simple,demo_rev_query_rev_chat_none,rev,rev,chat,none,0.9967714548110962,0.9967714548110962,1,0.999642550945282,cdff550c5e0ff6b11e62ee70c3660f3c73a9377ece55305a3df94dbf294466bd
amouyal:207,set_hyp5_8,351,reflexive,gp,lingering,demo_rev_query_rev_chat_none,rev,rev,chat,none,0.06616184115409851,0.9338381588459015,1,0.9993278980255127,716d0eb21fe55a6ef27f05bae2796c653ea855fe6f87786a44a6b3a535b80f6f
amouyal:208,set_hyp5_9,352,reflexive,gp,simple,demo_rev_query_rev_chat_none,rev,rev,chat,none,0.997175395488739,0.997175395488739,1,0.999657928943634,fcff02d8bd5585df59bf3d977bb1c80635c2c11106596e01f3c26fa92c988ed5
amouyal:209,set_hyp5_9,353,reflexive,gp,lingering,demo_rev_query_rev_chat_none,rev,rev,chat,none,0.9984875917434692,0.0015124082565307617,0,0.9992151260375977,4c391ed01a3bb66b5253d2ab36638953a985199cada9039e86c8dbec966ef3ee
amouyal:210,set_hyp5_10,354,reflexive,gp,simple,demo_rev_query_rev_chat_none,rev,rev,chat,none,0.9765033721923828,0.9765033721923828,1,0.9997504353523254,4b0fd122d30a9cfc57c56958febedee7b61793a402a38db9c18aa0dff8ef98e8
amouyal:211,set_hyp5_10,355,reflexive,gp,lingering,demo_rev_query_rev_chat_none,rev,rev,chat,none,0.580388605594635,0.419611394405365,0,0.9991387128829956,d686c425045a976d666ccfa47e9f2e3eeac1e4f5db8ca5d1e2019ada0cd917aa
amouyal:212,set_hyp5_11,356,reflexive,gp,simple,demo_rev_query_rev_chat_none,rev,rev,chat,none,0.6275396943092346,0.6275396943092346,1,0.9989298582077026,b48ec9747fa905386d458298358fb722583f06ffd746809f5e98ad5465480788
amouyal:213,set_hyp5_11,357,reflexive,gp,lingering,demo_rev_query_rev_chat_none,rev,rev,chat,none,0.05605519562959671,0.9439448043704033,1,0.9992859959602356,0ec5fe533f48df6c7b9dfdf144b694c294c7cbf61f99eeff20ddbd478b7d001b
amouyal:214,set_hyp5_12,358,reflexive,gp,simple,demo_rev_query_rev_chat_none,rev,rev,chat,none,0.9930641055107117,0.9930641055107117,1,0.9996479749679565,cb39e7d4e3b8686e8a6ecd7edb1186647fc530674132d3d66d9377c195b815cc
amouyal:215,set_hyp5_12,359,reflexive,gp,lingering,demo_rev_query_rev_chat_none,rev,rev,chat,none,0.22047406435012817,0.7795259356498718,1,0.9993877410888672,730f6f73f79aed07c39cd04f42b1cdeb3e556cb415d0c960ad74d1c471edb422
amouyal:216,set_hyp5_13,360,reflexive,gp,simple,demo_rev_query_rev_chat_none,rev,rev,chat,none,0.0005687164957635105,0.0005687164957635105,0,0.9990168809890747,53906fe4c073f5ff456c28fa454977203f2ca2239e4d2825a73b02eb2eae00e4
amouyal:217,set_hyp5_13,361,reflexive,gp,lingering,demo_rev_query_rev_chat_none,rev,rev,chat,none,0.002560005057603121,0.9974399949423969,1,0.9989750385284424,8cdf22be3f02f79ebc9c226492cf9de0ed414ea00c0a76a6723e301a962c532b
amouyal:218,set_hyp5_14,362,reflexive,gp,simple,demo_rev_query_rev_chat_none,rev,rev,chat,none,0.060603924095630646,0.060603924095630646,0,0.999335765838623,13a0f369deabf4602bbddebc544b6e9d13c0c30994efe355d224355861ce9ef7
amouyal:219,set_hyp5_14,363,reflexive,gp,lingering,demo_rev_query_rev_chat_none,rev,rev,chat,none,0.00016641704132780433,0.9998335829586722,1,0.9991809725761414,38470bd9fece17bae863d0c61d7830f0b1f9972cf11228c914413a4a740f05fb
amouyal:220,set_hyp5_15,364,reflexive,gp,simple,demo_rev_query_rev_chat_none,rev,rev,chat,none,0.31248682737350464,0.31248682737350464,0,0.9986690282821655,aa584cbb8c7cda6bd8d6c1748167babc0bb7e29efe197d8bc83e20195870af9a
amouyal:221,set_hyp5_15,365,reflexive,gp,lingering,demo_rev_query_rev_chat_none,rev,rev,chat,none,0.799332320690155,0.20066767930984497,0,0.9988556504249573,2e536f942c875ad8c0cccf67288b99529000565c62cf52c6d84d8e8f01f920e9
amouyal:222,set_hyp5_16,366,reflexive,gp,simple,demo_rev_query_rev_chat_none,rev,rev,chat,none,0.4983413815498352,0.4983413815498352,0,0.9988002777099609,7ec61e6b3e5011412da6e3075887f973ab45f76668e8567b7645a1f42eb40ed4
amouyal:223,set_hyp5_16,367,reflexive,gp,lingering,demo_rev_query_rev_chat_none,rev,rev,chat,none,0.09313680231571198,0.906863197684288,1,0.998858630657196,2039b0112e6f3e5cf4b7005ad2266e4a48925d1e5c56de0013a98c20ff1d190d
amouyal:224,set_hyp5_17,368,reflexive,gp,simple,demo_rev_query_rev_chat_none,rev,rev,chat,none,0.9997595548629761,0.9997595548629761,1,0.9998527765274048,be21dff0686984aab834cc09af1b815e8043fc8df01efad0d35caf9818472198
amouyal:225,set_hyp5_17,369,reflexive,gp,lingering,demo_rev_query_rev_chat_none,rev,rev,chat,none,5.66699043247354e-08,0.9999999433300957,1,0.9999156594276428,d860492f9870a52880ba01f15b6db16d8eca1fb6f62ab1e4322a4c5d194491f2
amouyal:226,set_hyp5_18,370,reflexive,gp,simple,demo_rev_query_rev_chat_none,rev,rev,chat,none,1.0897830193812297e-08,1.0897830193812297e-08,0,0.9999192953109741,c03cb397670e6b21c46dc5df4b9ff5dd6de5dc3bf5c78d7be04b4f3c175f98f7
amouyal:227,set_hyp5_18,371,reflexive,gp,lingering,demo_rev_query_rev_chat_none,rev,rev,chat,none,0.8782169818878174,0.12178301811218262,0,0.9980673789978027,d1984b2650e60fc0a60f51eb6f40aed832ac109f4dc2f0363ac7bd44c5d9a612
amouyal:228,set_hyp5_19,372,reflexive,gp,simple,demo_rev_query_rev_chat_none,rev,rev,chat,none,0.987147867679596,0.987147867679596,1,0.9992163777351379,08f1f7ccb3f9474fddc67352db72309299171ce0c119ee3d12a749271b6d602b
amouyal:229,set_hyp5_19,373,reflexive,gp,lingering,demo_rev_query_rev_chat_none,rev,rev,chat,none,0.39300668239593506,0.6069933176040649,1,0.9983835220336914,6411209ddea1d9f5d29dea60714db62c3a96fb51a24267b8e56ba7d92eaf16be
amouyal:230,set_hyp5_20,374,reflexive,gp,simple,demo_rev_query_rev_chat_none,rev,rev,chat,none,0.7122442722320557,0.7122442722320557,1,0.997460126876831,33650966445c4f666ce0459f426cb3b942dc1422441b5f204ac9d4d26dfbea58
amouyal:231,set_hyp5_20,375,reflexive,gp,lingering,demo_rev_query_rev_chat_none,rev,rev,chat,none,0.00018497520068194717,0.999815024799318,1,0.9996718764305115,05f524be3f8ffbe9bbdd30a85741c483573f09cae2c62c094bd82477473c4aea
amouyal:232,set_hyp5_21,376,reflexive,gp,simple,demo_rev_query_rev_chat_none,rev,rev,chat,none,0.9377349615097046,0.9377349615097046,1,0.9992009401321411,f2f5bb42e9174d8204392bc8e0dbfbb12dce6a162904282e227626633fa09d19
amouyal:233,set_hyp5_21,377,reflexive,gp,lingering,demo_rev_query_rev_chat_none,rev,rev,chat,none,0.00045852852053940296,0.9995414714794606,1,0.9998013973236084,56511538c79644a60c24bf3c240b0d621bf32d96fd55ee5df7a2fe2cc9378c99
amouyal:234,set_hyp5_22,378,reflexive,gp,simple,demo_rev_query_rev_chat_none,rev,rev,chat,none,0.05595892667770386,0.05595892667770386,0,0.9989044666290283,893a5666f642a9d104034e5de6f12f7477c4f27aa50c0bbfbe4faf85110d6711
amouyal:235,set_hyp5_22,379,reflexive,gp,lingering,demo_rev_query_rev_chat_none,rev,rev,chat,none,0.00022825232008472085,0.9997717476799153,1,0.9996912479400635,383c764929c11121527db04b0d1b9ac3cbc02c899ac49816dd9f3dda11d71f8d
amouyal:236,set_hyp5_23,380,reflexive,gp,simple,demo_rev_query_rev_chat_none,rev,rev,chat,none,0.9433225393295288,0.9433225393295288,1,0.9994179010391235,31cf511223707fdfb3dfb235c764d4ebb369666b87791f31dcd93fa565ee50f2
amouyal:237,set_hyp5_23,381,reflexive,gp,lingering,demo_rev_query_rev_chat_none,rev,rev,chat,none,0.007017332594841719,0.9929826674051583,1,0.9998023509979248,120c755596ae76b37736b824504596013cf7a47d4106f9108eee45b1acdcc143
amouyal:238,set_hyp5_24,382,reflexive,gp,simple,demo_rev_query_rev_chat_none,rev,rev,chat,none,0.998249351978302,0.998249351978302,1,0.9987985491752625,4a6c9148fdd1a11d197a7f88e323476f4183289a00cb1a447e83413a014a2fb2
amouyal:239,set_hyp5_24,383,reflexive,gp,lingering,demo_rev_query_rev_chat_none,rev,rev,chat,none,0.10986442863941193,0.8901355713605881,1,0.9988934993743896,e775a7ba5b9db955668020a4806d72fdddfcc1a13bfe09f7509f2f2df6e13ace
amouyal:240,set_1,384,prob,gp,simple,demo_rev_query_rev_chat_none,rev,rev,chat,none,0.9096706509590149,0.9096706509590149,1,0.9978488683700562,7e7d2ed64df1b705686b12b5df9d610d520a1277a18286ff2d9940d5a78fe971
amouyal:241,set_1,385,prob,gp,lingering,demo_rev_query_rev_chat_none,rev,rev,chat,none,0.0006395409582182765,0.9993604590417817,1,0.9997448921203613,8b46d337b51d6dc462cb80f92bf9192a7ce05097e1e09eafd09dae6145f02b63
amouyal:242,set_1,388,prob,non_gp,simple,demo_rev_query_rev_chat_none,rev,rev,chat,none,0.9996476769447327,0.9996476769447327,1,0.9994626641273499,e83e5241a48d0bd18beaa85b2baa18420c52bb3d917a8926e376fa648d7b86c0
amouyal:243,set_1,389,prob,non_gp,lingering,demo_rev_query_rev_chat_none,rev,rev,chat,none,0.998014509677887,0.001985490322113037,0,0.9997138381004333,84b446e9c56e36a1deaa9256f9f3d74405d520248030c3e1e5ac88492d747721
amouyal:244,set_2,392,prob,gp,simple,demo_rev_query_rev_chat_none,rev,rev,chat,none,0.999610185623169,0.999610185623169,1,0.9993584156036377,45ebfcd1b7cab4a09338cb3fded332a1ff139e2c20b72a6fa9f7ca2d0ba1a667
amouyal:245,set_2,393,prob,gp,lingering,demo_rev_query_rev_chat_none,rev,rev,chat,none,0.9628386497497559,0.03716135025024414,0,0.9990502595901489,bd84f98de46591df00b46f0fc34ae42478f9f01835f9fe4bbb15a9b91c90c825
amouyal:246,set_2,396,prob,non_gp,simple,demo_rev_query_rev_chat_none,rev,rev,chat,none,0.9999831914901733,0.9999831914901733,1,0.9997385740280151,2187a592b21aa3d24136fccb3ea26d6d53c09ea20ef211ae485fec480a4ff37e
amouyal:247,set_2,397,prob,non_gp,lingering,demo_rev_query_rev_chat_none,rev,rev,chat,none,0.999901533126831,9.846687316894531e-05,0,0.9994199275970459,170ad17ad2f10bc1b8f5b109a1f4e38aa935ba6edec7bda6751f60f8c46f54f4
amouyal:248,set_3,400,prob,gp,simple,demo_rev_query_rev_chat_none,rev,rev,chat,none,0.08824071288108826,0.08824071288108826,0,0.9995386600494385,61b3ef57d10bde204db8e04f8978850c4329c45a9bef90c101ba2e4d9de0f3b1
amouyal:249,set_3,401,prob,gp,lingering,demo_rev_query_rev_chat_none,rev,rev,chat,none,0.08081858605146408,0.9191814139485359,1,0.9994422197341919,5502c1fdd99fa776a6339368ecc76bfd07228982ea6de5c2c84285bc8aa9b2e7
amouyal:250,set_3,404,prob,non_gp,simple,demo_rev_query_rev_chat_none,rev,rev,chat,none,0.9996320605278015,0.9996320605278015,1,0.9996222853660583,781937031319c80fdf43532e7548bc84de20910b87c0deeaedcc53c11702d34e
amouyal:251,set_3,405,prob,non_gp,lingering,demo_rev_query_rev_chat_none,rev,rev,chat,none,0.0007655916269868612,0.9992344083730131,1,0.9998841285705566,bb319b707b75074ce48dec7cc0a9555035fa8f518578f19e27ee3c6566748b6d
amouyal:252,set_4,408,prob,gp,simple,demo_rev_query_rev_chat_none,rev,rev,chat,none,0.6562775373458862,0.6562775373458862,1,0.9974771738052368,c4b5e188d9a57f225b33203783fbd2d61813f70486e570d0d69acc812ef0caf5
amouyal:253,set_4,409,prob,gp,lingering,demo_rev_query_rev_chat_none,rev,rev,chat,none,0.22073028981685638,0.7792697101831436,1,0.9968683123588562,05c6bfc1100039b9c77f064882cb51f81a8a45aff2c71179e4a4f3a611f6b497
amouyal:254,set_4,412,prob,non_gp,simple,demo_rev_query_rev_chat_none,rev,rev,chat,none,0.9965800642967224,0.9965800642967224,1,0.9995020627975464,f4846cb17fcb9a948889df043134ac95681281d614f872f2edfb0108eedee463
amouyal:255,set_4,413,prob,non_gp,lingering,demo_rev_query_rev_chat_none,rev,rev,chat,none,0.2729169726371765,0.7270830273628235,1,0.9974283576011658,6fbb7b0cf51b0d8573b1dcb567b28e505a6d6bf28ba04d2ba26269d93e7aaf11
amouyal:256,set_5,416,prob,gp,simple,demo_rev_query_rev_chat_none,rev,rev,chat,none,0.1344674527645111,0.1344674527645111,0,0.9991755485534668,c471fc88191303fb2697d86880b1f569adb80aaf2864ca4d51594954af299563
amouyal:257,set_5,417,prob,gp,lingering,demo_rev_query_rev_chat_none,rev,rev,chat,none,9.351299013360403e-06,0.9999906487009866,1,0.9998900890350342,17ea59c289f8a3627f20c7bffb27289c9562195a7a1455f38438e03baaa04709
amouyal:258,set_5,420,prob,non_gp,simple,demo_rev_query_rev_chat_none,rev,rev,chat,none,0.9986287355422974,0.9986287355422974,1,0.9994749426841736,385c9ce7909e09f828642590e78ee0c6f18c7f8576ea7aca26e7e95e2ac8c4ee
amouyal:259,set_5,421,prob,non_gp,lingering,demo_rev_query_rev_chat_none,rev,rev,chat,none,0.26562345027923584,0.7343765497207642,1,0.9968069791793823,146b51c0056bd379faad23db57789e6d967d5cfd381e91380781b7a4469d7edc
amouyal:260,set_6,424,prob,gp,simple,demo_rev_query_rev_chat_none,rev,rev,chat,none,0.43564078211784363,0.43564078211784363,0,0.9989007711410522,dae4c36451f983d4f4e2d41203945af1d29b7491629fa966b4477a4fc2c400d4
amouyal:261,set_6,425,prob,gp,lingering,demo_rev_query_rev_chat_none,rev,rev,chat,none,0.0026120757684111595,0.9973879242315888,1,0.9997966289520264,8ab8ea20e39ad4dcab0e2466901703a3f540c428ebb2943b8b4cb913fd1e2f6d
amouyal:262,set_6,428,prob,non_gp,simple,demo_rev_query_rev_chat_none,rev,rev,chat,none,0.9999968409538269,0.9999968409538269,1,0.9998413920402527,ad64efff01e9cc7d19ca0d4b618315523a80cdfca114cc74e858993b818c2bd6
amouyal:263,set_6,429,prob,non_gp,lingering,demo_rev_query_rev_chat_none,rev,rev,chat,none,0.9963284730911255,0.0036715269088745117,0,0.9997314810752869,14921fcab53f5d3d3300ccb3cf359d9745378adacc8247ec55f4dd5f253d6d55
amouyal:264,set_7,432,prob,gp,simple,demo_rev_query_rev_chat_none,rev,rev,chat,none,0.11099214106798172,0.11099214106798172,0,0.9970925450325012,b4cf49fd37250fe9d209b384dc24980ae5ef5ab85ad2d072c8d6a5b5542dc861
amouyal:265,set_7,433,prob,gp,lingering,demo_rev_query_rev_chat_none,rev,rev,chat,none,0.040287163108587265,0.9597128368914127,1,0.9989112615585327,53cfda17e1147052bb19ba53e8272cb1f2ff18b68c171c3f753f2870596a9b80
amouyal:266,set_7,436,prob,non_gp,simple,demo_rev_query_rev_chat_none,rev,rev,chat,none,0.9993235468864441,0.9993235468864441,1,0.9990831017494202,8a2cde55bc216594e289892ab189b0538401f8b96d87e7528ea8582329e8b909
amouyal:267,set_7,437,prob,non_gp,lingering,demo_rev_query_rev_chat_none,rev,rev,chat,none,0.9846274852752686,0.015372514724731445,0,0.9996591210365295,42b28487d3f0ffcfce94a4f60b7eb894476cd08dc8d430dbefea925d62791835
amouyal:268,set_8,440,prob,gp,simple,demo_rev_query_rev_chat_none,rev,rev,chat,none,0.9467116594314575,0.9467116594314575,1,0.9983184933662415,0d731e24627f2f26ad2474f8f2f5a47babc4867151f03602ccdf980d3e0c6387
amouyal:269,set_8,441,prob,gp,lingering,demo_rev_query_rev_chat_none,rev,rev,chat,none,0.0006534943240694702,0.9993465056759305,1,0.9997869729995728,719e5a9031e64d0129b9b03c7a1a773ac9f080616bcb89773cbbd48155a873ee
amouyal:270,set_8,444,prob,non_gp,simple,demo_rev_query_rev_chat_none,rev,rev,chat,none,0.999988317489624,0.999988317489624,1,0.9994257092475891,c9faa270d95848cf8c7ce17d84b6a31b031ebb6fe292f9fc99fec212dd268a13
amouyal:271,set_8,445,prob,non_gp,lingering,demo_rev_query_rev_chat_none,rev,rev,chat,none,0.9167307019233704,0.08326929807662964,0,0.9991474747657776,e74585ae953e69e71394f7f6410889e72c1e61131449648c7e02458cf16288ce
amouyal:272,set_9,448,prob,gp,simple,demo_rev_query_rev_chat_none,rev,rev,chat,none,0.8577581644058228,0.8577581644058228,1,0.9982699751853943,bff8288df926007c82bad7b4dc0fa5870a48c283f82fea8a9608492c0ea3d036
amouyal:273,set_9,449,prob,gp,lingering,demo_rev_query_rev_chat_none,rev,rev,chat,none,0.007901936769485474,0.9920980632305145,1,0.9973207116127014,b4c1ffe57b05bee798684f9bb1ba6958d4c3094defe017fbaba3d9e33300ff08
amouyal:274,set_9,452,prob,non_gp,simple,demo_rev_query_rev_chat_none,rev,rev,chat,none,0.9998265504837036,0.9998265504837036,1,0.9996544122695923,7a88f1f8342e0158f2d5f4878c857b39a3b7044a7f49fa38ca2e2aa1b1e30710
amouyal:275,set_9,453,prob,non_gp,lingering,demo_rev_query_rev_chat_none,rev,rev,chat,none,0.9226272106170654,0.07737278938293457,0,0.979604959487915,1ce1ff095ba816b7812999d1485dee5f99ff9da95c8ca90b291656cfdbfb69ce
amouyal:0,set_10,0,prob,gp,simple,demo_rev_query_rev_chat_assertion,rev,rev,chat,assertion,9.03464933799114e-06,9.03464933799114e-06,0,0.9995319843292236,8903cf210e5e191399f81a09ca969583752c80c0f12f660653c3f27ffb55d16e
amouyal:1,set_10,1,prob,gp,lingering,demo_rev_query_rev_chat_assertion,rev,rev,chat,assertion,0.013501754030585289,0.9864982459694147,1,0.9989782571792603,fcd6a4bc17417a41ced8d767609f602830f67f41372433b02f2b85523a9761d3
amouyal:2,set_10,4,prob,non_gp,simple,demo_rev_query_rev_chat_assertion,rev,rev,chat,assertion,0.002090675989165902,0.002090675989165902,0,0.999528169631958,a9a70ec4c1c8b4fac11a450390bae65c7175b04c94730d2ab2d6df6e76b030f2
amouyal:3,set_10,5,prob,non_gp,lingering,demo_rev_query_rev_chat_assertion,rev,rev,chat,assertion,5.876727300346829e-06,0.9999941232726997,1,0.9994905591011047,1c757e11eefec2642b28b355a4bfbe75c340b3dbeca9c84445c428c6a5f6694f
amouyal:4,set_11,8,prob,gp,simple,demo_rev_query_rev_chat_assertion,rev,rev,chat,assertion,0.9587954878807068,0.9587954878807068,1,0.9989296197891235,a1988fbeafced1e5049d176cb784d801349ec5f16156aff23ff31cf6f285860f
amouyal:5,set_11,9,prob,gp,lingering,demo_rev_query_rev_chat_assertion,rev,rev,chat,assertion,0.9809754490852356,0.019024550914764404,0,0.9988549947738647,5d6e60a1b9276223259f9f669d55316529ac7f82286ffd858586f755e6938ff9
amouyal:6,set_11,12,prob,non_gp,simple,demo_rev_query_rev_chat_assertion,rev,rev,chat,assertion,0.9997899532318115,0.9997899532318115,1,0.9988416433334351,55dc05d56c38d254fa41d9aeb8bbc9f7376617494380af37a1e4647afdbfecf5
amouyal:7,set_11,13,prob,non_gp,lingering,demo_rev_query_rev_chat_assertion,rev,rev,chat,assertion,0.9957582354545593,0.004241764545440674,0,0.9994253516197205,abacf33da80f3957749cdf5f2de57e1834b78413c6ca1832bcc9823ea0534762
amouyal:8,set_12,16,prob,gp,simple,demo_rev_query_rev_chat_assertion,rev,rev,chat,assertion,0.07474755495786667,0.07474755495786667,0,0.9992251992225647,87ede449c067c63c05d9f135cccfd4e9829ddb64c2963b679f04733a0b9b6c3d
amouyal:9,set_12,17,prob,gp,lingering,demo_rev_query_rev_chat_assertion,rev,rev,chat,assertion,0.5854926109313965,0.4145073890686035,0,0.9986046552658081,2ccbef66a3128ef6520262ded4b7feda9a837c7ff26e7a3562c4efb248daf220
amouyal:10,set_12,20,prob,non_gp,simple,demo_rev_query_rev_chat_assertion,rev,rev,chat,assertion,0.9999606013298035,0.9999606013298035,1,0.9987708330154419,9ffa3c475c29dff290637ef9263d1af0c8779544edf83eeff94011f142293857
amouyal:11,set_12,21,prob,non_gp,lingering,demo_rev_query_rev_chat_assertion,rev,rev,chat,assertion,0.9999444484710693,5.555152893066406e-05,0,0.9989956617355347,492a341bcba06e6836b732529bd679ffef2148d735ab6b034afbc097336abf1e
amouyal:12,set_13,24,prob,gp,simple,demo_rev_query_rev_chat_assertion,rev,rev,chat,assertion,0.00242569949477911,0.00242569949477911,0,0.9994568228721619,dee47f52a7d9616d8a74425e4809555d3869c7f7fb6939cbfa8e5e0c8b94bcbf
amouyal:13,set_13,25,prob,gp,lingering,demo_rev_query_rev_chat_assertion,rev,rev,chat,assertion,3.653851308627054e-05,0.9999634614869137,1,0.9996035695075989,e5ab1a4b4e330854cf716fe4b039e0392c980efc35e9dd11c4d1a096b8be529b
amouyal:14,set_13,28,prob,non_gp,simple,demo_rev_query_rev_chat_assertion,rev,rev,chat,assertion,0.9998067021369934,0.9998067021369934,1,0.9991213083267212,4d6df5ed1056092aac2525235c4725bce756e1816c996e634980e2594ca170e4
amouyal:15,set_13,29,prob,non_gp,lingering,demo_rev_query_rev_chat_assertion,rev,rev,chat,assertion,0.045123569667339325,0.9548764303326607,1,0.9986472129821777,06c000193ee75cdbaf7225e1d492943920cd50a05e4e71a3f6c65842257bef33
amouyal:16,set_14,32,prob,gp,simple,demo_rev_query_rev_chat_assertion,rev,rev,chat,assertion,1.41734813041694e-06,1.41734813041694e-06,0,0.9996310472488403,b2d536a0c7111faff5682b786007135643b41acce0620c2b1b261dacf33a6f92
amouyal:17,set_14,33,prob,gp,lingering,demo_rev_query_rev_chat_assertion,rev,rev,chat,assertion,0.001851013395935297,0.9981489866040647,1,0.9996454119682312,b616f3ded5a394d2fe2905424bba2339edae629c8b3d39f353b17914914c2d98
amouyal:18,set_14,36,prob,non_gp,simple,demo_rev_query_rev_chat_assertion,rev,rev,chat,assertion,0.3852995038032532,0.3852995038032532,0,0.997941792011261,f60d1cc1bc66227956361baf25f759cb8a9b80d2cbf69864526f01577ab3c3a4
amouyal:19,set_14,37,prob,non_gp,lingering,demo_rev_query_rev_chat_assertion,rev,rev,chat,assertion,2.0925948263084138e-07,0.9999997907405174,1,0.999800443649292,090f52a6d8378dbe20098f979875e9204332259ed6a430727a61962d840dc8bf
amouyal:20,set_15,40,prob,gp,simple,demo_rev_query_rev_chat_assertion,rev,rev,chat,assertion,0.9959297180175781,0.9959297180175781,1,0.999498188495636,43929fb2bf7a3f6be58125252b16d17e8618049ed8209651ca14f21119cf4282
amouyal:21,set_15,41,prob,gp,lingering,demo_rev_query_rev_chat_assertion,rev,rev,chat,assertion,0.9997338056564331,0.00026619434356689453,0,0.9993969798088074,d68e5821873861547104663ba5f9cc370aef739e755adff1279b581ed01b9fe3
amouyal:22,set_15,44,prob,non_gp,simple,demo_rev_query_rev_chat_assertion,rev,rev,chat,assertion,0.999973475933075,0.999973475933075,1,0.9994223117828369,6d5612f8edd0f52bb91e24c242c422da988a7b79b3fa7b719c857f0a40338f03
amouyal:23,set_15,45,prob,non_gp,lingering,demo_rev_query_rev_chat_assertion,rev,rev,chat,assertion,0.999388575553894,0.000611424446105957,0,0.9994281530380249,3ea452900cd86c777f59f212ea307b45858623f19b0c8745c8ca6da24437d2f1
amouyal:24,set_16,48,prob,gp,simple,demo_rev_query_rev_chat_assertion,rev,rev,chat,assertion,0.11941386014223099,0.11941386014223099,0,0.9990656971931458,65dc1ae148f36aae806a395c589b48221cc6d6f4f6f625685317ab25a72d2c4c
amouyal:25,set_16,49,prob,gp,lingering,demo_rev_query_rev_chat_assertion,rev,rev,chat,assertion,0.0013753167586401105,0.9986246832413599,1,0.9998252391815186,1f8dffd82f1b78cb09cc4859d0301a6404fb7d251fd8352106080228260c5ba6
amouyal:26,set_16,52,prob,non_gp,simple,demo_rev_query_rev_chat_assertion,rev,rev,chat,assertion,0.9999670386314392,0.9999670386314392,1,0.9982766509056091,e9cd819ca4852a4632a23a0637e83243836dc741498d52f96360e5bc15a9927f
amouyal:27,set_16,53,prob,non_gp,lingering,demo_rev_query_rev_chat_assertion,rev,rev,chat,assertion,0.9997331500053406,0.00026684999465942383,0,0.9988251328468323,383b9aba95892679edfd8f1b723d50e9658434a3471554b98cb30c38b53a537a
amouyal:28,set_17,56,prob,gp,simple,demo_rev_query_rev_chat_assertion,rev,rev,chat,assertion,0.7283178567886353,0.7283178567886353,1,0.9972575306892395,257f8e17f810dad73fb3c0831a9c9c876d887327074c9921bd0b850bf04303c2
amouyal:29,set_17,57,prob,gp,lingering,demo_rev_query_rev_chat_assertion,rev,rev,chat,assertion,0.9452797174453735,0.054720282554626465,0,0.998466968536377,a76d31563937ea92029fd02e3fed8d1e42eebdec0afab037da1bcbb76ed569d0
amouyal:30,set_17,60,prob,non_gp,simple,demo_rev_query_rev_chat_assertion,rev,rev,chat,assertion,0.9999474883079529,0.9999474883079529,1,0.998452365398407,de18257599d2bbe2da275c85640ab1b7e1bba61510f34824eff13db779781bb7
amouyal:31,set_17,61,prob,non_gp,lingering,demo_rev_query_rev_chat_assertion,rev,rev,chat,assertion,0.0027403023559600115,0.99725969764404,1,0.9990705847740173,0a05e04072d62308b13ab2184cde9c3364d0ef94bab00a936f0aedcc2532e513
amouyal:32,set_18,64,prob,gp,simple,demo_rev_query_rev_chat_assertion,rev,rev,chat,assertion,0.012889486737549305,0.012889486737549305,0,0.9997867941856384,30c16e1d9350f8abdfb0fd44df4cc21c52aec98e1b05a0dd9c585657f185276f
amouyal:33,set_18,65,prob,gp,lingering,demo_rev_query_rev_chat_assertion,rev,rev,chat,assertion,0.0005271972622722387,0.9994728027377278,1,0.9998501539230347,dd997433d1383436690cee678a9a4f084a8b8e3b4b04e53e16c7945912ca86da
amouyal:34,set_18,68,prob,non_gp,simple,demo_rev_query_rev_chat_assertion,rev,rev,chat,assertion,0.9984067678451538,0.9984067678451538,1,0.9994699358940125,96c8edd4a61ca6477989f441cba099dbc57e8df8fefed6294415c6c84fce6073
amouyal:35,set_18,69,prob,non_gp,lingering,demo_rev_query_rev_chat_assertion,rev,rev,chat,assertion,0.9727795720100403,0.027220427989959717,0,0.9991257190704346,cf9c2a60cf6532be1add51ceedb2f4b8917a555756d26899152c68c2bd27a313
amouyal:36,set_19,72,prob,gp,simple,demo_rev_query_rev_chat_assertion,rev,rev,chat,assertion,0.997121274471283,0.997121274471283,1,0.9992995262145996,4f45fdfdc0d9ad757393e58dee68da97f631b40b1bce2ee68b69a82fe9ef2619
amouyal:37,set_19,73,prob,gp,lingering,demo_rev_query_rev_chat_assertion,rev,rev,chat,assertion,0.002589900279417634,0.9974100997205824,1,0.9998814463615417,de392c4b1dfdebf7c0b9244b19a973fa90930201a685ebe25a899309ac9c6bc9
amouyal:38,set_19,76,prob,non_gp,simple,demo_rev_query_rev_chat_assertion,rev,rev,chat,assertion,0.9999843239784241,0.9999843239784241,1,0.9983794689178467,e9962d1013c7777a49f0036c57f9ff5bf493f2f1014064a9292362cbec4cad8e
amouyal:39,set_19,77,prob,non_gp,lingering,demo_rev_query_rev_chat_assertion,rev,rev,chat,assertion,0.9999130964279175,8.690357208251953e-05,0,0.9989745616912842,b734ba8ef1115a8db4beb91d3ebe6770cf4cc6600836a188995fbe86526aff8d
amouyal:40,set_20,80,prob,gp,simple,demo_rev_query_rev_chat_assertion,rev,rev,chat,assertion,0.0003928836667910218,0.0003928836667910218,0,0.9998080730438232,59a33d6a67b4513245875b835b9903cbb3d6edb73666d5d21cd314874009dbe7
amouyal:41,set_20,81,prob,gp,lingering,demo_rev_query_rev_chat_assertion,rev,rev,chat,assertion,0.004599415697157383,0.9954005843028426,1,0.9995405077934265,4ac20a50ebebd43363be6032f3eca0f491d913f805e92155da954e0efb29457b
amouyal:42,set_20,84,prob,non_gp,simple,demo_rev_query_rev_chat_assertion,rev,rev,chat,assertion,0.9998385906219482,0.9998385906219482,1,0.9994444251060486,4358a4b108fe734675b6481d9c19a5d56745c378c89bd1d42f61db1fd3f63178
amouyal:43,set_20,85,prob,non_gp,lingering,demo_rev_query_rev_chat_assertion,rev,rev,chat,assertion,0.003905104473233223,0.9960948955267668,1,0.9989993572235107,9f73d8cb523cd42af1f844a18084f3385ce5f86ab9200b64d7e97a741bc8e5d9
amouyal:44,set_21,88,prob,gp,simple,demo_rev_query_rev_chat_assertion,rev,rev,chat,assertion,0.000982301658950746,0.000982301658950746,0,0.9997051954269409,12e20ed1f43ea508cd5af9e0ccaf83effe30aba74e11b040f9158de15f03413e
amouyal:45,set_21,89,prob,gp,lingering,demo_rev_query_rev_chat_assertion,rev,rev,chat,assertion,2.022795524680987e-05,0.9999797720447532,1,0.9998881220817566,e5be569b38dcecd8ed7f3c1408dc1a413ad172c09a83baadd6b5adef9f8162b9
amouyal:46,set_21,92,prob,non_gp,simple,demo_rev_query_rev_chat_assertion,rev,rev,chat,assertion,0.9999824166297913,0.9999824166297913,1,0.9988653063774109,541b17618aa57e2a0881bf396ca92fad2ce0a7c38a7362e93dd1bb44c579d926
amouyal:47,set_21,93,prob,non_gp,lingering,demo_rev_query_rev_chat_assertion,rev,rev,chat,assertion,0.9994134902954102,0.0005865097045898438,0,0.9991825222969055,0e48e8454c892dc944939989f6f63470836acee5e187c0bb79514fd30be43362
amouyal:48,set_22,96,prob,gp,simple,demo_rev_query_rev_chat_assertion,rev,rev,chat,assertion,0.9995167851448059,0.9995167851448059,1,0.9994412660598755,3dec725f2df2eb023893dcf2941bb9e42b5fabf10381ba6b7b2532821878e574
amouyal:49,set_22,97,prob,gp,lingering,demo_rev_query_rev_chat_assertion,rev,rev,chat,assertion,0.9859427809715271,0.0140572190284729,0,0.9992039799690247,6774e4a9c70d8083581b25bee62b81f0895ac64539c4db5de2c3e8453ac4fae2
amouyal:50,set_22,100,prob,non_gp,simple,demo_rev_query_rev_chat_assertion,rev,rev,chat,assertion,0.9999468922615051,0.9999468922615051,1,0.9989298582077026,5c4f4945d1e9c4cae1f6fd6e883a436117a1062eff06ca4b8f3e3f901ac34a7b
amouyal:51,set_22,101,prob,non_gp,lingering,demo_rev_query_rev_chat_assertion,rev,rev,chat,assertion,0.5530200600624084,0.44697993993759155,0,0.999190092086792,bab108378637bcc1cd9a8ef3757a3437092ff658e935817132c1b7e1101bc55b
amouyal:52,set_23,104,prob,gp,simple,demo_rev_query_rev_chat_assertion,rev,rev,chat,assertion,0.015620906837284565,0.015620906837284565,0,0.9991321563720703,2e0f54c6044c7af3252c811dd2784725f59a946b921fd1381d3fb156192ceb92
amouyal:53,set_23,105,prob,gp,lingering,demo_rev_query_rev_chat_assertion,rev,rev,chat,assertion,0.014758243225514889,0.9852417567744851,1,0.9992562532424927,a14c7baad8e43c5162534f9cd9eca5738f07be8024cf84733458ded3415ae406
amouyal:54,set_23,108,prob,non_gp,simple,demo_rev_query_rev_chat_assertion,rev,rev,chat,assertion,0.9998970031738281,0.9998970031738281,1,0.9989778995513916,efd51a87bfdf2dc2604164567821595d80521e5d0104d8c73b4e036b071c2f62
amouyal:55,set_23,109,prob,non_gp,lingering,demo_rev_query_rev_chat_assertion,rev,rev,chat,assertion,0.9992038011550903,0.000796198844909668,0,0.9991880655288696,11821e1285024b238400db6d304c7a1974deeb247018e1d7534f6588bfe4e094
amouyal:56,set_24,112,prob,gp,simple,demo_rev_query_rev_chat_assertion,rev,rev,chat,assertion,0.04573313146829605,0.04573313146829605,0,0.9988394379615784,01c82ba87c5b241a9b333f5ad393a08b01efb4833f2143516d04056c1f96a046
amouyal:57,set_24,113,prob,gp,lingering,demo_rev_query_rev_chat_assertion,rev,rev,chat,assertion,3.231091625366389e-07,0.9999996768908375,1,0.9996187686920166,d99b61bb9684a19ca595c409682479464b53f46713bd77d73fa81f15869c3bbf
amouyal:58,set_24,116,prob,non_gp,simple,demo_rev_query_rev_chat_assertion,rev,rev,chat,assertion,0.9998851418495178,0.9998851418495178,1,0.9990224838256836,9e6306d8c1a37b3e22a801d4111c337bdf32adcd0b29f1df9bd6317adea112f4
amouyal:59,set_24,117,prob,non_gp,lingering,demo_rev_query_rev_chat_assertion,rev,rev,chat,assertion,1.4726508368312352e-07,0.9999998527349163,1,0.9997786283493042,2639a51e79623997eb9e9f276ce5ac1c44876931d4dffb318720e9a228af477e
amouyal:60,set_25,120,prob,gp,simple,demo_rev_query_rev_chat_assertion,rev,rev,chat,assertion,0.9935828447341919,0.9935828447341919,1,0.9994267821311951,d106a388b96396f5504dfcc16511b19f74dcee6ff2e52c2636c9d1d12516f234
amouyal:61,set_25,121,prob,gp,lingering,demo_rev_query_rev_chat_assertion,rev,rev,chat,assertion,0.049133796244859695,0.9508662037551403,1,0.9992251396179199,12c8f5b37e81a8572dac87197aeaf08dbad14daa4ea58a96d6677bb81a7d055b
amouyal:62,set_25,124,prob,non_gp,simple,demo_rev_query_rev_chat_assertion,rev,rev,chat,assertion,0.9998956322669983,0.9998956322669983,1,0.9992954134941101,755509b2dbca19c073d7dd90870e423a71099ced370e913f3ce7dcd562d4eb52
amouyal:63,set_25,125,prob,non_gp,lingering,demo_rev_query_rev_chat_assertion,rev,rev,chat,assertion,0.9705286622047424,0.02947133779525757,0,0.9984642267227173,a3e505290020d3836fe97cdafe6497ad90476c31b829bd03900822fe14ff5c70
amouyal:64,set_26,128,prob,gp,simple,demo_rev_query_rev_chat_assertion,rev,rev,chat,assertion,0.06943300366401672,0.06943300366401672,0,0.999108612537384,9fc5fec0232411600bdb7341c333591b7e9e9333335c75f4e93650a2f0f38775
amouyal:65,set_26,129,prob,gp,lingering,demo_rev_query_rev_chat_assertion,rev,rev,chat,assertion,3.872973593388451e-06,0.9999961270264066,1,0.9996522665023804,eb7519a9319549d6b7a1f87def86461805af901e7604c8bcd3ff9c692dcb6dff
amouyal:66,set_26,132,prob,non_gp,simple,demo_rev_query_rev_chat_assertion,rev,rev,chat,assertion,0.9999687671661377,0.9999687671661377,1,0.9990735054016113,d11ee9d8b44486f4b58d8aa0775c69e70e2616c2924aeda8f4f9511d5cb7fcc5
amouyal:67,set_26,133,prob,non_gp,lingering,demo_rev_query_rev_chat_assertion,rev,rev,chat,assertion,0.9823141098022461,0.017685890197753906,0,0.9983888268470764,5493ff01418d7235346fe806c72d79b018b17abb2c128b194d757d9c90a9513f
amouyal:68,set_27,136,prob,gp,simple,demo_rev_query_rev_chat_assertion,rev,rev,chat,assertion,0.9979814291000366,0.9979814291000366,1,0.9994207620620728,5c028042c0602fb74ad82d8573d9c0b8a1cd67380382512cb67e3ea09e05321d
amouyal:69,set_27,137,prob,gp,lingering,demo_rev_query_rev_chat_assertion,rev,rev,chat,assertion,0.9823022484779358,0.01769775152206421,0,0.9991589188575745,2f1b10704557b444c3456d9b4e3b7e1f900654083f17553f72aa8a4307c9fbb6
amouyal:70,set_27,140,prob,non_gp,simple,demo_rev_query_rev_chat_assertion,rev,rev,chat,assertion,0.9999233484268188,0.9999233484268188,1,0.9989591240882874,bc3a3b3afa149e85fd7a9b50ef8fccb0e54bb1bb9d89f705c8c0eab7162cbe7f
amouyal:71,set_27,141,prob,non_gp,lingering,demo_rev_query_rev_chat_assertion,rev,rev,chat,assertion,0.999690592288971,0.00030940771102905273,0,0.9989733695983887,29ac9b64abc47e5b114c3e0769c3b260dcadb9a73f11c4a9619261e8f9e5b728
amouyal:72,set_28,144,prob,gp,simple,demo_rev_query_rev_chat_assertion,rev,rev,chat,assertion,0.00024619430769234896,0.00024619430769234896,0,0.9997425675392151,e542f29ff02afb88ae2e216cef28d2972699ce009876c20c3fd3449575617509
amouyal:73,set_28,145,prob,gp,lingering,demo_rev_query_rev_chat_assertion,rev,rev,chat,assertion,3.599045885493979e-05,0.9999640095411451,1,0.9997355341911316,20d3472c85b5bf4a538303f7649b7b83f1a161ccb22779e6c96c5134f1a617bb
amouyal:74,set_28,148,prob,non_gp,simple,demo_rev_query_rev_chat_assertion,rev,rev,chat,assertion,0.9995247721672058,0.9995247721672058,1,0.9993917346000671,2d77c60d9f96d835277a039006a09bf8006d515f315e93de0bcb3dc683770016
amouyal:75,set_28,149,prob,non_gp,lingering,demo_rev_query_rev_chat_assertion,rev,rev,chat,assertion,0.9999794960021973,2.0503997802734375e-05,0,0.999312698841095,cd889c31e1ca0d15c6815ab5f6bbe31a506f0a5de40cfd713fbbb5a927ac57f9
amouyal:76,set_29,152,prob,gp,simple,demo_rev_query_rev_chat_assertion,rev,rev,chat,assertion,0.9966918230056763,0.9966918230056763,1,0.9994226098060608,ba5fdd37b4f1f6625a8e33ab406ec91805c3e2e89e6c9c40e59634a4ba643aa4
amouyal:77,set_29,153,prob,gp,lingering,demo_rev_query_rev_chat_assertion,rev,rev,chat,assertion,0.8935226798057556,0.10647732019424438,0,0.9990198016166687,48b7608c43aa0f21b28a0caadddc0892d3641c6a8e4b0e7303b16814703f0042
amouyal:78,set_29,156,prob,non_gp,simple,demo_rev_query_rev_chat_assertion,rev,rev,chat,assertion,0.9999624490737915,0.9999624490737915,1,0.9988623261451721,5ae7c3c95fa2bd9c4509409cd82fd00ff1991e8de38551f4fbf31c3324d36e82
amouyal:79,set_29,157,prob,non_gp,lingering,demo_rev_query_rev_chat_assertion,rev,rev,chat,assertion,0.9963169097900391,0.0036830902099609375,0,0.9989050626754761,92ffc4c3856e4dcf84a0b0a9a281dbe21d54e1bd6ea98886d945a7fda1e77147
amouyal:80,set_30,160,prob,gp,simple,demo_rev_query_rev_chat_assertion,rev,rev,chat,assertion,0.9987702369689941,0.9987702369689941,1,0.9993410706520081,4e65cab654b90e70d563d8e8c9142bc0fb7907739b3977b68f1d9af5a2eb8e1b
amouyal:81,set_30,161,prob,gp,lingering,demo_rev_query_rev_chat_assertion,rev,rev,chat,assertion,0.24244968593120575,0.7575503140687943,1,0.9979812502861023,cba6250ec5277ba73a51125383203cd508b7dae40c5511753687c8b008f5cfa8
amouyal:82,set_30,164,prob,non_gp,simple,demo_rev_query_rev_chat_assertion,rev,rev,chat,assertion,0.9999792575836182,0.9999792575836182,1,0.9986318349838257,57f9257260afef62db0f3ac882b2753fea48eb4caf643f1ac31f0d3162e4dffb
amouyal:83,set_30,165,prob,non_gp,lingering,demo_rev_query_rev_chat_assertion,rev,rev,chat,assertion,0.9999074339866638,9.256601333618164e-05,0,0.9993606209754944,f972c651ed4f30c328ccc16bcb6777da68af5f6ff1c75ef2d73b80e357a776c1
amouyal:84,set_31,168,prob,gp,simple,demo_rev_query_rev_chat_assertion,rev,rev,chat,assertion,0.0022472627460956573,0.0022472627460956573,0,0.9995113015174866,15f46f0e8deb5f6fb342f0fbf19e2eafcd50470baaead78d039816dc5e84670d
amouyal:85,set_31,169,prob,gp,lingering,demo_rev_query_rev_chat_assertion,rev,rev,chat,assertion,4.768663347931579e-05,0.9999523133665207,1,0.9997326135635376,d42004d351087a7c8b4f1c9f3967b395362b4bc24a1de022f0c80a113e9d0a3e
amouyal:86,set_31,172,prob,non_gp,simple,demo_rev_query_rev_chat_assertion,rev,rev,chat,assertion,0.9998590350151062,0.9998590350151062,1,0.9990243315696716,96e1e60977110fc16215043836e8403f3ee46681ec312570da8ace24a3346aaf
amouyal:87,set_31,173,prob,non_gp,lingering,demo_rev_query_rev_chat_assertion,rev,rev,chat,assertion,0.9912012815475464,0.008798718452453613,0,0.9993778467178345,f442c66cb094aaccf24952bd7b2648daa924c5d95b8812ec1f387bbc4fb2eb59
amouyal:88,set_32,176,prob,gp,simple,demo_rev_query_rev_chat_assertion,rev,rev,chat,assertion,0.2885865867137909,0.2885865867137909,0,0.9967042207717896,6dcc9fd1db0af3616e05e9666b85fb4cd1976f00efcb8ad4284c1f5e3fcec2b5
amouyal:89,set_32,177,prob,gp,lingering,demo_rev_query_rev_chat_assertion,rev,rev,chat,assertion,1.0453920822328655e-06,0.9999989546079178,1,0.9995407462120056,dbb6866c44c8049655dff089380e2d033264ead06026677c3bb84004e758e1e5
amouyal:90,set_32,180,prob,non_gp,simple,demo_rev_query_rev_chat_assertion,rev,rev,chat,assertion,0.9999524354934692,0.9999524354934692,1,0.9987238049507141,ff3639c11b5d0eada9b3ce3d78b74a3c2421deed9fb10c73d809c9c7279647da
amouyal:91,set_32,181,prob,non_gp,lingering,demo_rev_query_rev_chat_assertion,rev,rev,chat,assertion,0.9652026891708374,0.0347973108291626,0,0.9987573623657227,3ec65a725859a0a5f18a44d258818c4b963588867594859c8f3b1ec2f2e365ce
amouyal:92,set_33,184,prob,gp,simple,demo_rev_query_rev_chat_assertion,rev,rev,chat,assertion,4.3234344047959894e-05,4.3234344047959894e-05,0,0.9998143911361694,ba2fd893475f840bd646af00e74c302cf9abe2c8e3062adb8c9d41c64da2c50b
amouyal:93,set_33,185,prob,gp,lingering,demo_rev_query_rev_chat_assertion,rev,rev,chat,assertion,0.0003980333567596972,0.9996019666432403,1,0.9997043609619141,825118004119ae0d68bd95dce2138062d26207a3a348d22a2b3413d063b08c6f
amouyal:94,set_33,188,prob,non_gp,simple,demo_rev_query_rev_chat_assertion,rev,rev,chat,assertion,0.9999033212661743,0.9999033212661743,1,0.9993789792060852,dcd9076a91453cb8fe6f1e86f0c102dda4b54ba0f67f726cd43a8fa90b9772f5
amouyal:95,set_33,189,prob,non_gp,lingering,demo_rev_query_rev_chat_assertion,rev,rev,chat,assertion,0.9886842370033264,0.011315762996673584,0,0.9991204738616943,0b9959248ef16c1367834865081497460914f901b036cc1b77454323c0994898
amouyal:96,set_34,192,prob,gp,simple,demo_rev_query_rev_chat_assertion,rev,rev,chat,assertion,0.9182180166244507,0.9182180166244507,1,0.9987754225730896,7b98e2bbe649cf1d025d8f1fff4f7a6972c69c4fa5803638cf905a60fdd2dcae
amouyal:97,set_34,193,prob,gp,lingering,demo_rev_query_rev_chat_assertion,rev,rev,chat,assertion,8.828762361190456e-07,0.9999991171237639,1,0.9998670220375061,dc3bcff4293104d44d2d36d4288b10c8bd7c5bd52cf1214f3cceaf3c5b63e762
amouyal:98,set_34,196,prob,non_gp,simple,demo_rev_query_rev_chat_assertion,rev,rev,chat,assertion,0.9999807476997375,0.9999807476997375,1,0.9991262555122375,559393026987777bda2c09565e8bdf61df90f8d15ef8251ca970dda4dbd4e0d1
amouyal:99,set_34,197,prob,non_gp,lingering,demo_rev_query_rev_chat_assertion,rev,rev,chat,assertion,0.9960324764251709,0.0039675235748291016,0,0.9993709921836853,2967a138434c44afb49eed1ae303108a7a3e919aa77ec552324ff7cd38913def
amouyal:100,set_35,200,prob,gp,simple,demo_rev_query_rev_chat_assertion,rev,rev,chat,assertion,1.1341033314238302e-05,1.1341033314238302e-05,0,0.9996867179870605,330e6f6e67222efa3f4c04d510bc11045a349b8f491a1a22d42858ac91af98b7
amouyal:101,set_35,201,prob,gp,lingering,demo_rev_query_rev_chat_assertion,rev,rev,chat,assertion,0.0002723899087868631,0.9997276100912131,1,0.9995047450065613,391e1485f8db6c9b5082f1f9687c93fc870c1693a9f1037068e9c12befde0ae9
amouyal:102,set_35,204,prob,non_gp,simple,demo_rev_query_rev_chat_assertion,rev,rev,chat,assertion,0.9991778135299683,0.9991778135299683,1,0.9988305568695068,5bd39fdc13f93ee51e92534182c37bcfc7b9109529f013cf949885577b4a110d
amouyal:103,set_35,205,prob,non_gp,lingering,demo_rev_query_rev_chat_assertion,rev,rev,chat,assertion,0.1902398318052292,0.8097601681947708,1,0.997918963432312,8ff24feeffc511a40222832c8d2cf373c1162ad61a32b96b61aa9893417d4cd7
amouyal:104,set_36,208,prob,gp,simple,demo_rev_query_rev_chat_assertion,rev,rev,chat,assertion,0.012731708586215973,0.012731708586215973,0,0.9997608065605164,2d975214817bbc769fbb6d7197b89b3d4ab8809588de7522c3be2d83a85f7407
amouyal:105,set_36,209,prob,gp,lingering,demo_rev_query_rev_chat_assertion,rev,rev,chat,assertion,0.004518171772360802,0.9954818282276392,1,0.9996556639671326,60675cb18260141f392b774505355ad21814777e8202b6d4fea714c81ca02cf6
amouyal:106,set_36,212,prob,non_gp,simple,demo_rev_query_rev_chat_assertion,rev,rev,chat,assertion,0.999991774559021,0.999991774559021,1,0.9991118311882019,c1838db80d7e092dde30c79207ddf582d08b3ff7972a07da640569ec49a7119f
amouyal:107,set_36,213,prob,non_gp,lingering,demo_rev_query_rev_chat_assertion,rev,rev,chat,assertion,0.9836573600769043,0.016342639923095703,0,0.9991452097892761,215add222387ecb3460e58d3fd189969925318f5861796775b3332b221ef7f0e
amouyal:108,set_37,216,prob,gp,simple,demo_rev_query_rev_chat_assertion,rev,rev,chat,assertion,2.6119653284695232e-06,2.6119653284695232e-06,0,0.9997433423995972,6144f4b1904be7ca04832f64366f7762fada392a14d6094e0d5897c4566d5cf1
amouyal:109,set_37,217,prob,gp,lingering,demo_rev_query_rev_chat_assertion,rev,rev,chat,assertion,3.3829871881607687e-07,0.9999996617012812,1,0.9997175931930542,ff92cd52d00ad64717f3a80161c5bffefc2063909abc25c40a40c39ae310602d
amouyal:110,set_37,220,prob,non_gp,simple,demo_rev_query_rev_chat_assertion,rev,rev,chat,assertion,0.6074531674385071,0.6074531674385071,1,0.9985683560371399,081fe260d0241e5179a9fe3fe3c0aeff3dda95a6af0de01ff67c2be29317b6fe
amouyal:111,set_37,221,prob,non_gp,lingering,demo_rev_query_rev_chat_assertion,rev,rev,chat,assertion,0.0384870283305645,0.9615129716694355,1,0.9990668296813965,287e8359093d720cdff44473c24370ea8147603f34dc63840c7df011af0e9395
amouyal:112,set_38,224,prob,gp,simple,demo_rev_query_rev_chat_assertion,rev,rev,chat,assertion,0.003237790195271373,0.003237790195271373,0,0.9997138977050781,3132c09ae47e9bddb7491e2e07ea90543833d72641a33cefd3fc47e7893b373d
amouyal:113,set_38,225,prob,gp,lingering,demo_rev_query_rev_chat_assertion,rev,rev,chat,assertion,0.15647949278354645,0.8435205072164536,1,0.9987354278564453,c8ef602e58875dea2a93e48f749b55fc397c26c3deaaf8bd283d49e5302b3719
amouyal:114,set_38,228,prob,non_gp,simple,demo_rev_query_rev_chat_assertion,rev,rev,chat,assertion,0.9996166825294495,0.9996166825294495,1,0.9989264011383057,454c4585790a653c027e085d8586e62183f3e931ca5aa49321d44038249f8fe5
amouyal:115,set_38,229,prob,non_gp,lingering,demo_rev_query_rev_chat_assertion,rev,rev,chat,assertion,7.19861247944209e-07,0.9999992801387521,1,0.9996629953384399,117508c8ae79ad2762889e0f9cb94971fc0117df34c4cdef378ec322cf57ff4d
amouyal:116,set_39,232,prob,gp,simple,demo_rev_query_rev_chat_assertion,rev,rev,chat,assertion,0.0062812380492687225,0.0062812380492687225,0,0.9996235370635986,9c594f49c5eef6fdf11430e60e5f9f1e9432c0a81ceb64170db60a6d042e12ca
amouyal:117,set_39,233,prob,gp,lingering,demo_rev_query_rev_chat_assertion,rev,rev,chat,assertion,0.00017091017798520625,0.9998290898220148,1,0.9997644424438477,f47e2fb1f6a0b07ae0bd5a98b83ad87261082bbd8a0cb794d62f8f95f75680e1
amouyal:118,set_39,236,prob,non_gp,simple,demo_rev_query_rev_chat_assertion,rev,rev,chat,assertion,0.9999628663063049,0.9999628663063049,1,0.9988752007484436,e6bee842e87b34e1e1f1e5bff85e3e9ecd750291d44dfd1c9c1a01e0dd3473e6
amouyal:119,set_39,237,prob,non_gp,lingering,demo_rev_query_rev_chat_assertion,rev,rev,chat,assertion,0.9845046997070312,0.01549530029296875,0,0.9992445111274719,9e47e1f386e7ea3619f8e28a655a02c7a17c903c326059a1ad72101efc05be5a
amouyal:120,set_40,240,prob,gp,simple,demo_rev_query_rev_chat_assertion,rev,rev,chat,assertion,0.00013318928540684283,0.00013318928540684283,0,0.9998247623443604,29937623ff9895c30fd2ee54332f2c0b4d63f21fe339e70aacd006e54c0d9563
amouyal:121,set_40,241,prob,gp,lingering,demo_rev_query_rev_chat_assertion,rev,rev,chat,assertion,1.5507272109971382e-05,0.99998449272789,1,0.9998048543930054,6ff731252e261adf020fa0339e7a3377ca46618467e148520284c8e73cbedb22
amouyal:122,set_40,244,prob,non_gp,simple,demo_rev_query_rev_chat_assertion,rev,rev,chat,assertion,0.9996267557144165,0.9996267557144165,1,0.9987994432449341,6f4573472f6f09502949df01e59d885ee028c8ddac2dfd600bfe4db8e468e536
amouyal:123,set_40,245,prob,non_gp,lingering,demo_rev_query_rev_chat_assertion,rev,rev,chat,assertion,0.8213437795639038,0.1786562204360962,0,0.998367965221405,e7c83aff5ea4979d7bb6f69c355b7b15ff1b7232c03c3ae97fcfa95f09ebd916
amouyal:124,set_41,248,prob,gp,simple,demo_rev_query_rev_chat_assertion,rev,rev,chat,assertion,0.8799557089805603,0.8799557089805603,1,0.9989566802978516,53ca0551fac6bdcee348248ea7a372d403de2381b4b5dbdfc9c9fa77d45fbe74
amouyal:125,set_41,249,prob,gp,lingering,demo_rev_query_rev_chat_assertion,rev,rev,chat,assertion,9.55643699853681e-05,0.9999044356300146,1,0.999719500541687,11a55440f18cfa9d81336375499373665be44447ee4636e0d2a24802379faaf0
amouyal:126,set_41,252,prob,non_gp,simple,demo_rev_query_rev_chat_assertion,rev,rev,chat,assertion,0.999995231628418,0.999995231628418,1,0.9983705878257751,94a8394c17bed1a5f09bf0abc7fea5291094021d15ae63eefcd50ce15029d771
amouyal:127,set_41,253,prob,non_gp,lingering,demo_rev_query_rev_chat_assertion,rev,rev,chat,assertion,0.9999095797538757,9.042024612426758e-05,0,0.9990996718406677,f02e7a88f6df4f17e8f68a4476b1fe5eca4203fcbd4ffab07150f7f29495ae0d
amouyal:128,set_42,256,prob,gp,simple,demo_rev_query_rev_chat_assertion,rev,rev,chat,assertion,0.992980420589447,0.992980420589447,1,0.9993128776550293,999b171537f78d4ea12e8b938ffec47c0a3ae27d8699d809a0e09f2b28aa4580
amouyal:129,set_42,257,prob,gp,lingering,demo_rev_query_rev_chat_assertion,rev,rev,chat,assertion,0.15369556844234467,0.8463044315576553,1,0.9987545013427734,401034b32c7857fec7f20bae6921f42f7cb363e96eceadb4c817fc3af099b310
amouyal:130,set_42,260,prob,non_gp,simple,demo_rev_query_rev_chat_assertion,rev,rev,chat,assertion,0.9999264478683472,0.9999264478683472,1,0.998827338218689,5fdaf7d43540a23365402308748244323f6b08e00e6e2c13cddedad4413eda8c
amouyal:131,set_42,261,prob,non_gp,lingering,demo_rev_query_rev_chat_assertion,rev,rev,chat,assertion,0.5515117049217224,0.4484882950782776,0,0.9977076053619385,085b30e744304c6418fde46f1baa5ef631a4320197ec56e46ffb896e06ceb961
amouyal:132,set_43,264,prob,gp,simple,demo_rev_query_rev_chat_assertion,rev,rev,chat,assertion,0.009780419990420341,0.009780419990420341,0,0.9996991157531738,8dc3ca7db60dbaa21ef400ea4bd389bda875dfe6f0095898c58d372f86f0b7c9
amouyal:133,set_43,265,prob,gp,lingering,demo_rev_query_rev_chat_assertion,rev,rev,chat,assertion,5.675684064954112e-07,0.9999994324315935,1,0.9996741414070129,c46c21aedb803b131a46f3175639498ba76e9ef94c206409144aa8f75d9b4259
amouyal:134,set_43,268,prob,non_gp,simple,demo_rev_query_rev_chat_assertion,rev,rev,chat,assertion,0.99922776222229,0.99922776222229,1,0.9993118643760681,1013b5c062f94b90dc724c5ae9d8ff1e81131d7f56ae190af05dd9dcc00420fe
amouyal:135,set_43,269,prob,non_gp,lingering,demo_rev_query_rev_chat_assertion,rev,rev,chat,assertion,0.999297022819519,0.000702977180480957,0,0.9991412162780762,8fcaec17bcdae673e1a146fe04f255ce51b63643b5aaa245f98938ad214a1ef8
amouyal:136,set_44,272,prob,gp,simple,demo_rev_query_rev_chat_assertion,rev,rev,chat,assertion,1.948130829987349e-06,1.948130829987349e-06,0,0.9997789859771729,ee4be0454d019360af81b1913b9904a0b5957f1ca938e6e9a1a8635e48d78eaf
amouyal:137,set_44,273,prob,gp,lingering,demo_rev_query_rev_chat_assertion,rev,rev,chat,assertion,1.6391929875680944e-06,0.9999983608070124,1,0.9997067451477051,d39b489ef9a09ab9a68c0497763a94c1fed38b08ae7f25009d5fdaa1feb1b397
amouyal:138,set_44,276,prob,non_gp,simple,demo_rev_query_rev_chat_assertion,rev,rev,chat,assertion,0.020526552572846413,0.020526552572846413,0,0.9991720914840698,da860a0b8d9949fcb21ded3fff46255f7bd6319ed7051880bb03f8ac2daba1c2
amouyal:139,set_44,277,prob,non_gp,lingering,demo_rev_query_rev_chat_assertion,rev,rev,chat,assertion,0.0007003198261372745,0.9992996801738627,1,0.9997535347938538,37783d0108b41049f4e8b0cc496a7a2c9b28003d5a3d4aa040865dda5bd0f279
amouyal:140,set_45,280,prob,gp,simple,demo_rev_query_rev_chat_assertion,rev,rev,chat,assertion,0.0002743698132690042,0.0002743698132690042,0,0.9996705055236816,a177655623983d208e73051677d417582e7ac10f616229df0e74157a5c5ea414
amouyal:141,set_45,281,prob,gp,lingering,demo_rev_query_rev_chat_assertion,rev,rev,chat,assertion,0.0089124059304595,0.9910875940695405,1,0.9996771812438965,916e04fa4bca82cfea18903277d54f0a07529d3530e407585a38f3a752d27231
amouyal:142,set_45,284,prob,non_gp,simple,demo_rev_query_rev_chat_assertion,rev,rev,chat,assertion,0.999599814414978,0.999599814414978,1,0.9989898800849915,976178f5fc218874a0e96304f721bcbe8f7d345aca88965e7673cd78f9a9ca60
amouyal:143,set_45,285,prob,non_gp,lingering,demo_rev_query_rev_chat_assertion,rev,rev,chat,assertion,0.999582827091217,0.000417172908782959,0,0.999396562576294,d81b577f2593ac36c48cbc51104667926149b908ff78b18a6a6d8a9e54f69094
amouyal:144,set_hyp5_1,288,reflexive,non_gp,simple,demo_rev_query_rev_chat_assertion,rev,rev,chat,assertion,0.9992820620536804,0.9992820620536804,1,0.9990596771240234,de5934614376aff89943606bff6bcaf0666f5f48dbd38307244a12b97dd4c232
amouyal:145,set_hyp5_1,289,reflexive,non_gp,lingering,demo_rev_query_rev_chat_assertion,rev,rev,chat,assertion,0.9999100565910339,8.994340896606445e-05,0,0.9989266991615295,e1d6cfbe68e7fba38acbc6567eb7aeb44b7e56696da827829ec86cb20440cbd7
amouyal:146,set_hyp5_2,290,reflexive,non_gp,simple,demo_rev_query_rev_chat_assertion,rev,rev,chat,assertion,0.9999264478683472,0.9999264478683472,1,0.9993354082107544,5209d2deeae86597db395ba6e23442c2939955698553294aac5072782f2a2c84
amouyal:147,set_hyp5_2,291,reflexive,non_gp,lingering,demo_rev_query_rev_chat_assertion,rev,rev,chat,assertion,1.791252515204178e-07,0.9999998208747485,1,0.9999602437019348,0386b06bc3cfc0a74be8067b198d85f50852909e684dc09932fe9ea065ab9c07
amouyal:148,set_hyp5_3,292,reflexive,non_gp,simple,demo_rev_query_rev_chat_assertion,rev,rev,chat,assertion,0.9999502301216125,0.9999502301216125,1,0.999096155166626,6a71bbcdaef8569c5c4c5310e0aac880ab2feb47ebadbf58c94a76b686ac1225
amouyal:149,set_hyp5_3,293,reflexive,non_gp,lingering,demo_rev_query_rev_chat_assertion,rev,rev,chat,assertion,4.1569285258447053e-07,0.9999995843071474,1,0.9997439384460449,fdcff509cf196171eef6f803bd4625b458850dbf02283cbe1087e181475834d9
amouyal:150,set_hyp5_4,294,reflexive,non_gp,simple,demo_rev_query_rev_chat_assertion,rev,rev,chat,assertion,0.9994093179702759,0.9994093179702759,1,0.9991962909698486,b178ee8186e6c404d0f681ca7ee3f933aa5f8953111f53ce8ce3c2f2f87c353d
amouyal:151,set_hyp5_4,295,reflexive,non_gp,lingering,demo_rev_query_rev_chat_assertion,rev,rev,chat,assertion,0.46056318283081055,0.5394368171691895,1,0.9975307583808899,d856e4a0f873083f4c93bb517e0c450e4ddff647daca00882c4d0c788c8bc7cb
amouyal:152,set_hyp5_5,296,reflexive,non_gp,simple,demo_rev_query_rev_chat_assertion,rev,rev,chat,assertion,0.9999828934669495,0.9999828934669495,1,0.9991267919540405,8b168a272a328595a2a4a8c1f7e16731c9ca6a0b44ed94445268146ea9dd8333
amouyal:153,set_hyp5_5,297,reflexive,non_gp,lingering,demo_rev_query_rev_chat_assertion,rev,rev,chat,assertion,0.028574902564287186,0.9714250974357128,1,0.9994999170303345,1afc4e1106f4a898ce3397641533bf599cb2056e822983f7b936e7ee9301d7a7
amouyal:154,set_hyp5_6,298,reflexive,non_gp,simple,demo_rev_query_rev_chat_assertion,rev,rev,chat,assertion,0.9999629855155945,0.9999629855155945,1,0.9986918568611145,01e5d141ac96dbe60069f8e42751b1db415d5e2b886dc8dce4cc2af0bbd46383
amouyal:155,set_hyp5_6,299,reflexive,non_gp,lingering,demo_rev_query_rev_chat_assertion,rev,rev,chat,assertion,0.00011605455074459314,0.9998839454492554,1,0.9988856315612793,13f588754f99e38299fbfcde0597971f715d3a56d75b07f77f880f83e6f5c323
amouyal:156,set_hyp5_7,300,reflexive,non_gp,simple,demo_rev_query_rev_chat_assertion,rev,rev,chat,assertion,0.9999789595603943,0.9999789595603943,1,0.9992964863777161,b5ec5a39a418df77f5a9337e6a9c1ea8f2ef82de0f8644b16cc3601dc568cf74
amouyal:157,set_hyp5_7,301,reflexive,non_gp,lingering,demo_rev_query_rev_chat_assertion,rev,rev,chat,assertion,0.00048106288886629045,0.9995189371111337,1,0.999618649482727,352e3ea19924965e0adafb8241139e3595b9eafb56be868c649cb44c5b60fbf6
amouyal:158,set_hyp5_8,302,reflexive,non_gp,simple,demo_rev_query_rev_chat_assertion,rev,rev,chat,assertion,0.9999151229858398,0.9999151229858398,1,0.998634934425354,e41f88d89435030a0e4de9f3050db3b45986ca12d10ee61b99b9376122ddb298
amouyal:159,set_hyp5_8,303,reflexive,non_gp,lingering,demo_rev_query_rev_chat_assertion,rev,rev,chat,assertion,0.09829965233802795,0.901700347661972,1,0.9989674687385559,de23f11795866dc371ec9c3162752ea235df1308ff9423e94f0cc146cee66cc0
amouyal:160,set_hyp5_9,304,reflexive,non_gp,simple,demo_rev_query_rev_chat_assertion,rev,rev,chat,assertion,0.9999396800994873,0.9999396800994873,1,0.9991904497146606,e536a604aeb799cdda2a12666cf370e7db147f860fe6fb0c72b50d2d01491b5b
amouyal:161,set_hyp5_9,305,reflexive,non_gp,lingering,demo_rev_query_rev_chat_assertion,rev,rev,chat,assertion,0.9983671307563782,0.0016328692436218262,0,0.998256504535675,d0efea779881dbd46bd8be49c3aef025b7d29e9bf8aae34b4cbe446e2ae4d0b6
amouyal:162,set_hyp5_10,306,reflexive,non_gp,simple,demo_rev_query_rev_chat_assertion,rev,rev,chat,assertion,0.9999898672103882,0.9999898672103882,1,0.9993266463279724,1fb82af54c982a8ddbbd0afc6dce7d29ae9471bd21cf3cfd1f1c8d84bc61cbe1
amouyal:163,set_hyp5_10,307,reflexive,non_gp,lingering,demo_rev_query_rev_chat_assertion,rev,rev,chat,assertion,0.9998705983161926,0.00012940168380737305,0,0.999315083026886,b3ea0f36cfdd5736db973447e8f4b5bb89167aca1eb93c1b3daad98bbe0c906c
amouyal:164,set_hyp5_11,308,reflexive,non_gp,simple,demo_rev_query_rev_chat_assertion,rev,rev,chat,assertion,0.9999867081642151,0.9999867081642151,1,0.999035656452179,fb2f97485dc9b63dd19f2b7f003809377eb68297adb2c8b7adf9ff2b966fa7c6
amouyal:165,set_hyp5_11,309,reflexive,non_gp,lingering,demo_rev_query_rev_chat_assertion,rev,rev,chat,assertion,7.226236675705877e-08,0.9999999277376332,1,0.9997972846031189,a9735d7c42340911d7c089078b99f56285ab4a8db6c385caf60197587e4ed169
amouyal:166,set_hyp5_12,310,reflexive,non_gp,simple,demo_rev_query_rev_chat_assertion,rev,rev,chat,assertion,0.9999762773513794,0.9999762773513794,1,0.998465895652771,84413c5c57f11c0838872df6c4a144beaf4b244468f388dbc38b1e202b835440
amouyal:167,set_hyp5_12,311,reflexive,non_gp,lingering,demo_rev_query_rev_chat_assertion,rev,rev,chat,assertion,0.868737518787384,0.13126248121261597,0,0.9986633062362671,0786add1e001f7cdbf3885cd10236af6d625432bb243ce1979edef4a52d45dc4
amouyal:168,set_hyp5_13,312,reflexive,non_gp,simple,demo_rev_query_rev_chat_assertion,rev,rev,chat,assertion,0.9999749064445496,0.9999749064445496,1,0.9987536668777466,5adaa51473f939033e7db7f6f664a8bc041b20f8d1c7dfb0da7aacf7d5c30d4e
amouyal:169,set_hyp5_13,313,reflexive,non_gp,lingering,demo_rev_query_rev_chat_assertion,rev,rev,chat,assertion,0.8598745465278625,0.14012545347213745,0,0.9967579245567322,40df7283107e57bcccdee57f58f16ab42a1e62becc427fc2637fa81390dbad44
amouyal:170,set_hyp5_14,314,reflexive,non_gp,simple,demo_rev_query_rev_chat_assertion,rev,rev,chat,assertion,0.9968197345733643,0.9968197345733643,1,0.99842369556427,c66b9c167f37973b38e339588da4e15879bb1100656999eec01caca25404b78e
amouyal:171,set_hyp5_14,315,reflexive,non_gp,lingering,demo_rev_query_rev_chat_assertion,rev,rev,chat,assertion,1.7629720332479337e-06,0.9999982370279668,1,0.999528706073761,bde9ce768d28f8b1b854af17d3ac0a990499ce538a45187969173a9d1a77df86
amouyal:172,set_hyp5_15,316,reflexive,non_gp,simple,demo_rev_query_rev_chat_assertion,rev,rev,chat,assertion,0.9999673366546631,0.9999673366546631,1,0.9987900853157043,c3a7e58ca8ccafbf8906b0fe749a338918fdfd3e7fc1a7cdb4f121124694caf5
amouyal:173,set_hyp5_15,317,reflexive,non_gp,lingering,demo_rev_query_rev_chat_assertion,rev,rev,chat,assertion,0.0025315950624644756,0.9974684049375355,1,0.9995535612106323,98db9cf5a2eaef36c01bca7ea2098752e1601951031a4a36b09f490b3b4dee13
amouyal:174,set_hyp5_16,318,reflexive,non_gp,simple,demo_rev_query_rev_chat_assertion,rev,rev,chat,assertion,0.9999583959579468,0.9999583959579468,1,0.9993163347244263,96acfd1686cbbe67660efc7fc10b98b7fec1e9d7af7f621983bf3de18c14edd6
amouyal:175,set_hyp5_16,319,reflexive,non_gp,lingering,demo_rev_query_rev_chat_assertion,rev,rev,chat,assertion,0.11852452158927917,0.8814754784107208,1,0.9978129863739014,95f569d271dddd176366b367a71153b1a03cff42358e4af414a812562e80e0bd
amouyal:176,set_hyp5_17,320,reflexive,non_gp,simple,demo_rev_query_rev_chat_assertion,rev,rev,chat,assertion,0.9998085498809814,0.9998085498809814,1,0.9992055892944336,2c07325b549a9b69aa24e8c235c382219c025fd500c781f050c3611e4aa13a91
amouyal:177,set_hyp5_17,321,reflexive,non_gp,lingering,demo_rev_query_rev_chat_assertion,rev,rev,chat,assertion,4.353657345745887e-08,0.9999999564634265,1,0.9997773766517639,f51c777ec6955817647d5df9e8d6ebf798237331cd49907abae1d704a20daa3b
amouyal:178,set_hyp5_18,322,reflexive,non_gp,simple,demo_rev_query_rev_chat_assertion,rev,rev,chat,assertion,5.8960122117923675e-08,5.8960122117923675e-08,0,0.999565601348877,eeae90ebc4594f278c7eea0abb471b0bf66bb800def53286acddd7e789084eb5
amouyal:179,set_hyp5_18,323,reflexive,non_gp,lingering,demo_rev_query_rev_chat_assertion,rev,rev,chat,assertion,0.9933077692985535,0.006692230701446533,0,0.9989452362060547,f1781249ff2f97ee83df42824db6cfb5a834f305ed49de23932d820c0d522499
amouyal:180,set_hyp5_19,324,reflexive,non_gp,simple,demo_rev_query_rev_chat_assertion,rev,rev,chat,assertion,0.9999764561653137,0.9999764561653137,1,0.9982559680938721,3aafb5ba6dc8a8421945fb66a437ea8e7265ee2f40df51f846897aa8df7ac8aa
amouyal:181,set_hyp5_19,325,reflexive,non_gp,lingering,demo_rev_query_rev_chat_assertion,rev,rev,chat,assertion,0.9193140864372253,0.08068591356277466,0,0.9988062381744385,c5eef15a871bbaa0ac1c2ff2589784b9a729da6ec216f157590e65bc16a40e39
amouyal:182,set_hyp5_20,326,reflexive,non_gp,simple,demo_rev_query_rev_chat_assertion,rev,rev,chat,assertion,0.9621131420135498,0.9621131420135498,1,0.9974578022956848,34755525ffe629d86bbb19bd316e273f7b6510358b70036e0b2e8ccd29d86380
amouyal:183,set_hyp5_20,327,reflexive,non_gp,lingering,demo_rev_query_rev_chat_assertion,rev,rev,chat,assertion,0.0007052785949781537,0.9992947214050218,1,0.9987922310829163,fce7554f44c281a8dfd3b09479a2d6795b741a38d60c47a4b938ceb760f1f8e5
amouyal:184,set_hyp5_21,328,reflexive,non_gp,simple,demo_rev_query_rev_chat_assertion,rev,rev,chat,assertion,0.9989138245582581,0.9989138245582581,1,0.9978208541870117,f46a5ba763afec35eb1a41a96d2563abf244c0b2436795deac120ce6e9233737
amouyal:185,set_hyp5_21,329,reflexive,non_gp,lingering,demo_rev_query_rev_chat_assertion,rev,rev,chat,assertion,0.9937164187431335,0.006283581256866455,0,0.9993648529052734,198d2006fef90d96032ec6cee6c53872e78a458dc61e80c4e7d4fdac26a565da
amouyal:186,set_hyp5_22,330,reflexive,non_gp,simple,demo_rev_query_rev_chat_assertion,rev,rev,chat,assertion,0.9997739195823669,0.9997739195823669,1,0.9989524483680725,344482db3b200e74ed5f64d30023beebdc6ed65c13fc0eb571eca35a99960aba
amouyal:187,set_hyp5_22,331,reflexive,non_gp,lingering,demo_rev_query_rev_chat_assertion,rev,rev,chat,assertion,2.4914313598856097e-06,0.9999975085686401,1,0.9996246099472046,3ce0c35c61495599e6a0170cbc6e2c57480622549180410fc09dd47b027f0428
amouyal:188,set_hyp5_23,332,reflexive,non_gp,simple,demo_rev_query_rev_chat_assertion,rev,rev,chat,assertion,0.9999889135360718,0.9999889135360718,1,0.9977589845657349,66d217f6db467109c2d8c7befffd286d494c9c73b364189555015914c7f36763
amouyal:189,set_hyp5_23,333,reflexive,non_gp,lingering,demo_rev_query_rev_chat_assertion,rev,rev,chat,assertion,0.017728878185153008,0.982271121814847,1,0.9995833039283752,63b0507e9172051e01e3659643fd893205a71bfc992c3ec76da6e96f656f1a87
amouyal:190,set_hyp5_24,334,reflexive,non_gp,simple,demo_rev_query_rev_chat_assertion,rev,rev,chat,assertion,0.9999417066574097,0.9999417066574097,1,0.9988929629325867,f00af9d427b0a7f605a49fa54baa5fdc29592437c86d53918171ecb4daa85664
amouyal:191,set_hyp5_24,335,reflexive,non_gp,lingering,demo_rev_query_rev_chat_assertion,rev,rev,chat,assertion,0.9626372456550598,0.037362754344940186,0,0.9988991022109985,9e79fa53f9b2ab6316503550fd08031cf38c89873e381f2bc287771c08210df2
amouyal:192,set_hyp5_1,336,reflexive,gp,simple,demo_rev_query_rev_chat_assertion,rev,rev,chat,assertion,0.40087249875068665,0.40087249875068665,0,0.9991210103034973,5f8aa59ee3c9ccf9d9f087788871782d20585ce085229cefd66c6037dd108409
amouyal:193,set_hyp5_1,337,reflexive,gp,lingering,demo_rev_query_rev_chat_assertion,rev,rev,chat,assertion,0.00012524609337560833,0.9998747539066244,1,0.9996710419654846,f7c0b056547b2ab3699e9beaa9bb175ae3a2f06a74fe9e9575439ebf4e420c5f
amouyal:194,set_hyp5_2,338,reflexive,gp,simple,demo_rev_query_rev_chat_assertion,rev,rev,chat,assertion,0.9699441194534302,0.9699441194534302,1,0.9994315505027771,e11519f94bf9681c3c9eb08a816a4c98a926e88acf9ac3a04eece66c0d8b14b9
amouyal:195,set_hyp5_2,339,reflexive,gp,lingering,demo_rev_query_rev_chat_assertion,rev,rev,chat,assertion,3.2312339044437977e-06,0.9999967687660956,1,0.9998579025268555,7cdf163c51aacdbdfc7d27ad3229c413510f555e54a08bbfb608a7e9e82a3ffa
amouyal:196,set_hyp5_3,340,reflexive,gp,simple,demo_rev_query_rev_chat_assertion,rev,rev,chat,assertion,6.18545018369332e-05,6.18545018369332e-05,0,0.9998594522476196,d5aa83e5d1f945de7249e471d39056d7ae388401ec283672a28cae82f5cf65d9
amouyal:197,set_hyp5_3,341,reflexive,gp,lingering,demo_rev_query_rev_chat_assertion,rev,rev,chat,assertion,0.07877353578805923,0.9212264642119408,1,0.9990137815475464,93243caa0bdf7b5ca4d744355a8e0a48861c090394f030592c421910268293a2
amouyal:198,set_hyp5_4,342,reflexive,gp,simple,demo_rev_query_rev_chat_assertion,rev,rev,chat,assertion,0.2536000907421112,0.2536000907421112,0,0.9992849826812744,22cc7ce437447b0d0543aedb43462cd807ae38fa885867a7a652cab6b7f0d73e
amouyal:199,set_hyp5_4,343,reflexive,gp,lingering,demo_rev_query_rev_chat_assertion,rev,rev,chat,assertion,0.12364174425601959,0.8763582557439804,1,0.9990667104721069,7e813ae74b04e5a0167f15489bd4f893e71891f9afb07f2ed189aa6bd7e9450b
amouyal:200,set_hyp5_5,344,reflexive,gp,simple,demo_rev_query_rev_chat_assertion,rev,rev,chat,assertion,0.029917137697339058,0.029917137697339058,0,0.9995837211608887,1859278eeaa645a5e3eb27dc9346de9e9c82ab14ef7745f59d907bf1cfa08310
amouyal:201,set_hyp5_5,345,reflexive,gp,lingering,demo_rev_query_rev_chat_assertion,rev,rev,chat,assertion,4.566310508380411e-06,0.9999954336894916,1,0.9998165965080261,c5783bf030d32c1e6e370cecb5a000624fc689bf1bde97cb9d8803960f4d5d02
amouyal:202,set_hyp5_6,346,reflexive,gp,simple,demo_rev_query_rev_chat_assertion,rev,rev,chat,assertion,0.9172542095184326,0.9172542095184326,1,0.9972140192985535,72d7ae7ac4d263a91cb10234ea678908e1b5dee74c3f028f2c293079514d95a5
amouyal:203,set_hyp5_6,347,reflexive,gp,lingering,demo_rev_query_rev_chat_assertion,rev,rev,chat,assertion,0.7294664978981018,0.2705335021018982,0,0.9967970848083496,00878e8762f4cbaaeeb15081ff2a825afebae5518e07307cd25b9b0a97a65c1a
amouyal:204,set_hyp5_7,348,reflexive,gp,simple,demo_rev_query_rev_chat_assertion,rev,rev,chat,assertion,0.049035899341106415,0.049035899341106415,0,0.9990348815917969,7af15f952afe56ca4989ed8f6836d95c44950ff2b636398983f3fca918026e8a
amouyal:205,set_hyp5_7,349,reflexive,gp,lingering,demo_rev_query_rev_chat_assertion,rev,rev,chat,assertion,0.01102805882692337,0.9889719411730766,1,0.9995038509368896,6bf94b789ad64bdd7e20888d050f6a57acea3588c9503045225cead9ec149559
amouyal:206,set_hyp5_8,350,reflexive,gp,simple,demo_rev_query_rev_chat_assertion,rev,rev,chat,assertion,0.950010359287262,0.950010359287262,1,0.9986492395401001,340d9e4c96469e9ff72987f756d9c830b8979d95ed6af8ebf56e3e1345b0acfd
amouyal:207,set_hyp5_8,351,reflexive,gp,lingering,demo_rev_query_rev_chat_assertion,rev,rev,chat,assertion,0.005280607845634222,0.9947193921543658,1,0.9995506405830383,f33736e2b90b1ad38d17cace89ff31d1ee61b1df545ea6f76e0611ae413bd0e0
amouyal:208,set_hyp5_9,352,reflexive,gp,simple,demo_rev_query_rev_chat_assertion,rev,rev,chat,assertion,0.9937580227851868,0.9937580227851868,1,0.9993395209312439,5c7f9e0470b1921241193df473daf20c258e9c9d814089fdb23350820890801e
amouyal:209,set_hyp5_9,353,reflexive,gp,lingering,demo_rev_query_rev_chat_assertion,rev,rev,chat,assertion,0.99965500831604,0.00034499168395996094,0,0.9990835785865784,9564883005dbe692fa8489bbd423a98e2a51439b9286d3b501cb9b84b9b22086
amouyal:210,set_hyp5_10,354,reflexive,gp,simple,demo_rev_query_rev_chat_assertion,rev,rev,chat,assertion,0.9408946633338928,0.9408946633338928,1,0.9993429183959961,55f200c2f7e3094321782ecfb39a40a632e294632e664e59e29f517f8864dc39
amouyal:211,set_hyp5_10,355,reflexive,gp,lingering,demo_rev_query_rev_chat_assertion,rev,rev,chat,assertion,0.09644893556833267,0.9035510644316673,1,0.9989752769470215,b7e446c5e11229f1266f833e8c57d1ccc7d103cfc6426e396bfcee01ecc0228f
amouyal:212,set_hyp5_11,356,reflexive,gp,simple,demo_rev_query_rev_chat_assertion,rev,rev,chat,assertion,9.666172263678163e-05,9.666172263678163e-05,0,0.9998382925987244,4bff135b88b2eaf8120467275d342501d22c5947729920156d1e936a099fdcac
amouyal:213,set_hyp5_11,357,reflexive,gp,lingering,demo_rev_query_rev_chat_assertion,rev,rev,chat,assertion,0.000316101242788136,0.9996838987572119,1,0.9996392130851746,b735eff7d195bfc02bfeaae61c12b604bf4fb1a6360a3907b2958d9828877d86
amouyal:214,set_hyp5_12,358,reflexive,gp,simple,demo_rev_query_rev_chat_assertion,rev,rev,chat,assertion,0.9186264872550964,0.9186264872550964,1,0.9990838766098022,b2511b5ca58e319f13c59954dfab4be0c780b11354de9daa4513279484962aae
amouyal:215,set_hyp5_12,359,reflexive,gp,lingering,demo_rev_query_rev_chat_assertion,rev,rev,chat,assertion,0.3442613184452057,0.6557386815547943,1,0.9988460540771484,0737cc21b015f7b0c1c146213593daa8273530d6e5572033b62668745ab837a2
amouyal:216,set_hyp5_13,360,reflexive,gp,simple,demo_rev_query_rev_chat_assertion,rev,rev,chat,assertion,3.111985620307678e-07,3.111985620307678e-07,0,0.9988785982131958,3efc949bdde123d1735ce89c198a161ff990717c943850fd8f15781d5ea47e7d
amouyal:217,set_hyp5_13,361,reflexive,gp,lingering,demo_rev_query_rev_chat_assertion,rev,rev,chat,assertion,2.168704895666451e-06,0.9999978312951043,1,0.9995983839035034,66fb04fb1f054801b724e320855b3ae45d8f7d6797ccbed8b8605833ae13fbef
amouyal:218,set_hyp5_14,362,reflexive,gp,simple,demo_rev_query_rev_chat_assertion,rev,rev,chat,assertion,0.00012161341874161735,0.00012161341874161735,0,0.9997698664665222,81bf57d4611b459720ade216132e83ecf18ed19fbf442f1b28142acba6e0f5d7
amouyal:219,set_hyp5_14,363,reflexive,gp,lingering,demo_rev_query_rev_chat_assertion,rev,rev,chat,assertion,6.47863600988785e-07,0.999999352136399,1,0.999573826789856,aac7b9f77541cc7a9fe52f992747de62ee188d9c829f67442181c8a73ee13864
amouyal:220,set_hyp5_15,364,reflexive,gp,simple,demo_rev_query_rev_chat_assertion,rev,rev,chat,assertion,0.00024120068701449782,0.00024120068701449782,0,0.9997737407684326,904619231e7958f683b8b9ee393a026562bac215f5bc5c12d39388bf3a05a1c7
amouyal:221,set_hyp5_15,365,reflexive,gp,lingering,demo_rev_query_rev_chat_assertion,rev,rev,chat,assertion,0.007958775386214256,0.9920412246137857,1,0.9994475841522217,c7c30523dfbfb895e2af381512a5efee98b0200c38027d0dda19cdc6c7138761
amouyal:222,set_hyp5_16,366,reflexive,gp,simple,demo_rev_query_rev_chat_assertion,rev,rev,chat,assertion,0.0026479067746549845,0.0026479067746549845,0,0.9995644092559814,0f72915b492d474f10fe1a9944fce68cf1baf2b601820382325914bd7e3acd25
amouyal:223,set_hyp5_16,367,reflexive,gp,lingering,demo_rev_query_rev_chat_assertion,rev,rev,chat,assertion,0.00024201470660045743,0.9997579852933995,1,0.9997206330299377,d90890b817f23a026636824c4a1fe65ed0393abbffea45bd9becc05de2dbf721
amouyal:224,set_hyp5_17,368,reflexive,gp,simple,demo_rev_query_rev_chat_assertion,rev,rev,chat,assertion,0.9960392713546753,0.9960392713546753,1,0.9995579719543457,130045aea73fcb0fc66b6eddd5448f3a97b62b1a7835cbc2dc402c3b75f22e18
amouyal:225,set_hyp5_17,369,reflexive,gp,lingering,demo_rev_query_rev_chat_assertion,rev,rev,chat,assertion,2.8261650797389848e-08,0.9999999717383492,1,0.99968421459198,5c36f5653f7e8638d678a2ba7e3f8b863629f3dee5c2fafe4f5566534ccfe7e1
amouyal:226,set_hyp5_18,370,reflexive,gp,simple,demo_rev_query_rev_chat_assertion,rev,rev,chat,assertion,7.838581694841196e-08,7.838581694841196e-08,0,0.9998201727867126,955e04571a0683afe026418b080eb957c60a64276fc17fca261e12ba24917275
amouyal:227,set_hyp5_18,371,reflexive,gp,lingering,demo_rev_query_rev_chat_assertion,rev,rev,chat,assertion,0.054354630410671234,0.9456453695893288,1,0.9987344145774841,ecda3b9599ef6a4201899c1fa582630791db00129ae4b0fd5ff73c3c70521da5
amouyal:228,set_hyp5_19,372,reflexive,gp,simple,demo_rev_query_rev_chat_assertion,rev,rev,chat,assertion,0.9646099805831909,0.9646099805831909,1,0.9987916350364685,63c638af5c468fd0a6d01ca04bfef4d648a547af788ff8331d3f4ff0c8d32d5e
amouyal:229,set_hyp5_19,373,reflexive,gp,lingering,demo_rev_query_rev_chat_assertion,rev,rev,chat,assertion,0.0004079019417986274,0.9995920980582014,1,0.9997473359107971,e55c6ff8bf5f97e9f5e177610325093a881ec89653067c96d94c92a005e484d3
amouyal:230,set_hyp5_20,374,reflexive,gp,simple,demo_rev_query_rev_chat_assertion,rev,rev,chat,assertion,0.0011037196964025497,0.0011037196964025497,0,0.9991857409477234,5636e17217144176aecafd0aabf7ef14f898f0c994a4784bfea9ad6d7a3d574a
amouyal:231,set_hyp5_20,375,reflexive,gp,lingering,demo_rev_query_rev_chat_assertion,rev,rev,chat,assertion,1.407172476319829e-06,0.9999985928275237,1,0.9996499419212341,7fde12f75c6635759ce6dd6ad9e157c2d2a86aa693ccaec34a243e5a38cc1851
amouyal:232,set_hyp5_21,376,reflexive,gp,simple,demo_rev_query_rev_chat_assertion,rev,rev,chat,assertion,0.07557041198015213,0.07557041198015213,0,0.9990932941436768,4c40a0f3f152018b6708efd21cb671dd45eb242c51df55b0ed5f8067445afedb
amouyal:233,set_hyp5_21,377,reflexive,gp,lingering,demo_rev_query_rev_chat_assertion,rev,rev,chat,assertion,0.00010154479969060048,0.9998984552003094,1,0.9997175931930542,375c613eb69822d06458fef458bab62afe84a19fc6ce2636759e9da9a0f9ed66
amouyal:234,set_hyp5_22,378,reflexive,gp,simple,demo_rev_query_rev_chat_assertion,rev,rev,chat,assertion,2.550214594521094e-05,2.550214594521094e-05,0,0.9996739625930786,7a4951e3a212b1e6694d0680b4c5a4f14e38398a61ebf9ced532e8eb070ed094
amouyal:235,set_hyp5_22,379,reflexive,gp,lingering,demo_rev_query_rev_chat_assertion,rev,rev,chat,assertion,4.2984612491636653e-07,0.9999995701538751,1,0.999614417552948,c35e441081445688289178f4dc66bba9ad5c393787b765acf6d6983fdfe75ff2
amouyal:236,set_hyp5_23,380,reflexive,gp,simple,demo_rev_query_rev_chat_assertion,rev,rev,chat,assertion,0.6121339797973633,0.6121339797973633,1,0.9992477893829346,120102eb6f710963d8c4fd1487f56c1c41e447cab88fc5568acb08783c4b25fd
amouyal:237,set_hyp5_23,381,reflexive,gp,lingering,demo_rev_query_rev_chat_assertion,rev,rev,chat,assertion,7.130726771720219e-06,0.9999928692732283,1,0.9998902082443237,88a2c6e5db97c26206d59c885bf1d831c232769fc732d1e5086334f8b9026f3c
amouyal:238,set_hyp5_24,382,reflexive,gp,simple,demo_rev_query_rev_chat_assertion,rev,rev,chat,assertion,0.9979991912841797,0.9979991912841797,1,0.9987238049507141,cbb24a356c1962fa15b06460cd460c76b074b683e44e2e717f1b8bb071e425cf
amouyal:239,set_hyp5_24,383,reflexive,gp,lingering,demo_rev_query_rev_chat_assertion,rev,rev,chat,assertion,0.0009400249109603465,0.9990599750890397,1,0.9996632933616638,42d1f33028091430f58a7fc5d14dab7b53ece9f3e658f7c4cf2ff13a6edf74ad
amouyal:240,set_1,384,prob,gp,simple,demo_rev_query_rev_chat_assertion,rev,rev,chat,assertion,0.005155548918992281,0.005155548918992281,0,0.9993769526481628,c535b627a29cd2639cc7fbc17a0b5abdfcd6acdd88ceb17cdc1dc0ecac0b3d5b
amouyal:241,set_1,385,prob,gp,lingering,demo_rev_query_rev_chat_assertion,rev,rev,chat,assertion,0.0001534794137114659,0.9998465205862885,1,0.9997828006744385,e1d4b1a5e78d58778c2d5d05e0815fe27ffb73c5b7fa422d5e273606570e6712
amouyal:242,set_1,388,prob,non_gp,simple,demo_rev_query_rev_chat_assertion,rev,rev,chat,assertion,0.9991487860679626,0.9991487860679626,1,0.9985194206237793,5f61b597c86002614f756f7519950fbef4a3c15ee45a540ed580a46fcb90bc8d
amouyal:243,set_1,389,prob,non_gp,lingering,demo_rev_query_rev_chat_assertion,rev,rev,chat,assertion,0.9990355968475342,0.0009644031524658203,0,0.9993047714233398,e8391a856bd61e0f95c741abef2e378bfce7814a53e5a9bd18d15850d5284e25
amouyal:244,set_2,392,prob,gp,simple,demo_rev_query_rev_chat_assertion,rev,rev,chat,assertion,0.9993131160736084,0.9993131160736084,1,0.9992109537124634,95d91d0768cb665a1dc70e77b0aebc10aac04b97e688fe325eb7aa3b6727f563
amouyal:245,set_2,393,prob,gp,lingering,demo_rev_query_rev_chat_assertion,rev,rev,chat,assertion,0.6490610241889954,0.35093897581100464,0,0.9989514350891113,0c144b11bcdb18ad1d4611ba99195c678312534d11e110c76d884ba00da440e8
amouyal:246,set_2,396,prob,non_gp,simple,demo_rev_query_rev_chat_assertion,rev,rev,chat,assertion,0.9999608993530273,0.9999608993530273,1,0.9987444877624512,85eb873bca0f03b0e6138503fb710f800c49f37e993772162c2e147d05a846a6
amouyal:247,set_2,397,prob,non_gp,lingering,demo_rev_query_rev_chat_assertion,rev,rev,chat,assertion,0.9996156692504883,0.00038433074951171875,0,0.9990880489349365,04d71402c3bf0a221638749f8b698e92b16ce50e62153bc108668ef1c8aad266
amouyal:248,set_3,400,prob,gp,simple,demo_rev_query_rev_chat_assertion,rev,rev,chat,assertion,0.004671430680900812,0.004671430680900812,0,0.9997135996818542,18a4b2a216f4d5665149c4f02c0944452e05843b87e835400601a5d7f53493ee
amouyal:249,set_3,401,prob,gp,lingering,demo_rev_query_rev_chat_assertion,rev,rev,chat,assertion,0.00043472295510582626,0.9995652770448942,1,0.9997943043708801,349603cb81f37914e2b9b2d681ddd3f3529e16344e21205f84065ab489f613fc
amouyal:250,set_3,404,prob,non_gp,simple,demo_rev_query_rev_chat_assertion,rev,rev,chat,assertion,0.9990065097808838,0.9990065097808838,1,0.9989480376243591,5d6fb53e9be838306a952f91df16e286db259c1bee655eb153e5367bda64b2d0
amouyal:251,set_3,405,prob,non_gp,lingering,demo_rev_query_rev_chat_assertion,rev,rev,chat,assertion,2.8223903427715413e-05,0.9999717760965723,1,0.9998164176940918,e9b3ad92d8475627eefc9fe31ec2d005dedf64e69b1e89ffbe021e3be83f1ae0
amouyal:252,set_4,408,prob,gp,simple,demo_rev_query_rev_chat_assertion,rev,rev,chat,assertion,0.0012528480729088187,0.0012528480729088187,0,0.9995275735855103,ddbc3f19dc6c3186b80bbe6af04932c96fea3cce161e6f99319d4abe2c45242a
amouyal:253,set_4,409,prob,gp,lingering,demo_rev_query_rev_chat_assertion,rev,rev,chat,assertion,0.0016698549734428525,0.9983301450265571,1,0.9996302723884583,b10e648188c1bbaa677cab35df59732ad17561a406f90834a0fee5902bd84692
amouyal:254,set_4,412,prob,non_gp,simple,demo_rev_query_rev_chat_assertion,rev,rev,chat,assertion,0.8682616949081421,0.8682616949081421,1,0.9975683689117432,13e99a52765b44430c696c588979224298ecf4dc7ae0bbce5c5e359d55bd24a9
amouyal:255,set_4,413,prob,non_gp,lingering,demo_rev_query_rev_chat_assertion,rev,rev,chat,assertion,0.0007885873783379793,0.999211412621662,1,0.99955815076828,b88a05ff56b3788906f4e33800bd1085400d0e6d4a399e2572aa9e36d0f27bcb
amouyal:256,set_5,416,prob,gp,simple,demo_rev_query_rev_chat_assertion,rev,rev,chat,assertion,0.0005021860124543309,0.0005021860124543309,0,0.9998284578323364,25f24e27d860cdbe7807358e2cb590517e0f66de8f5992a6b2bec8acbc2072ff
amouyal:257,set_5,417,prob,gp,lingering,demo_rev_query_rev_chat_assertion,rev,rev,chat,assertion,2.424200999939785e-07,0.9999997575799,1,0.9998084306716919,8231c35998cf98029dc8a2218217324d46f24d03b6f9281c16ff29d43504fbd0
amouyal:258,set_5,420,prob,non_gp,simple,demo_rev_query_rev_chat_assertion,rev,rev,chat,assertion,0.9995123147964478,0.9995123147964478,1,0.9990742802619934,72629611c71b73838870b121496e29e005dac0c38b5a9aa8b0d158d2a88804ba
amouyal:259,set_5,421,prob,non_gp,lingering,demo_rev_query_rev_chat_assertion,rev,rev,chat,assertion,0.003600973868742585,0.9963990261312574,1,0.99924236536026,146437ff75d21fe7b1f7174eaec719161753fd4d948b9e58eb3b7a2e2ce26b2e
amouyal:260,set_6,424,prob,gp,simple,demo_rev_query_rev_chat_assertion,rev,rev,chat,assertion,0.00032347688102163374,0.00032347688102163374,0,0.9998326301574707,0475b06308cfd1b5814315e42bec4e37a06fab9f07bc128635280028ab9b5c57
amouyal:261,set_6,425,prob,gp,lingering,demo_rev_query_rev_chat_assertion,rev,rev,chat,assertion,8.572810656914953e-06,0.9999914271893431,1,0.999884307384491,27afa0044c0f3d1d20e95971200f38f109c643178c3f41eeb5a6ca2fd7cb8e61
amouyal:262,set_6,428,prob,non_gp,simple,demo_rev_query_rev_chat_assertion,rev,rev,chat,assertion,0.9999874830245972,0.9999874830245972,1,0.9991337656974792,f5afa7e6b113c85741e5fa3ef78dbf664ae63930e60c511d7a8caad36a6db8bc
amouyal:263,set_6,429,prob,non_gp,lingering,demo_rev_query_rev_chat_assertion,rev,rev,chat,assertion,0.9932845830917358,0.00671541690826416,0,0.9993138909339905,13f24fb697236d6d2e41f18af6eed3ee7750b6866df7cce3b39f0216aae4b276
amouyal:264,set_7,432,prob,gp,simple,demo_rev_query_rev_chat_assertion,rev,rev,chat,assertion,6.303568079601973e-05,6.303568079601973e-05,0,0.999592125415802,9e86e1a221a8493cb0c6def7434a896dad37b8251d59f3e019fb615cd2036454
amouyal:265,set_7,433,prob,gp,lingering,demo_rev_query_rev_chat_assertion,rev,rev,chat,assertion,1.2319972483965103e-05,0.999987680027516,1,0.9997355341911316,e815932012086acf58a7cadbc32fba0f3eb5ca1f6816a1a52bff5ae0a263471f
amouyal:266,set_7,436,prob,non_gp,simple,demo_rev_query_rev_chat_assertion,rev,rev,chat,assertion,0.9985466599464417,0.9985466599464417,1,0.998612642288208,b3a8a341bdb0e238ee77cc082454c6fbe539abf2ecc09eb51204a65eb1e15050
amouyal:267,set_7,437,prob,non_gp,lingering,demo_rev_query_rev_chat_assertion,rev,rev,chat,assertion,0.041571244597435,0.958428755402565,1,0.9991198182106018,dee75c706c85797cac9fad80a83799b1c59ccaa68ad0bbca117c4021dcda84a7
amouyal:268,set_8,440,prob,gp,simple,demo_rev_query_rev_chat_assertion,rev,rev,chat,assertion,0.03550540655851364,0.03550540655851364,0,0.9988358616828918,6abd3d1d06f9d797a911948726bd78d0932a2005fccb9ba444555ce3ea912149
amouyal:269,set_8,441,prob,gp,lingering,demo_rev_query_rev_chat_assertion,rev,rev,chat,assertion,3.1219931884152174e-07,0.9999996878006812,1,0.9997581839561462,627b48aec12813895686a5d8e200ce1930a63d6eab229661665c0101500c784b
amouyal:270,set_8,444,prob,non_gp,simple,demo_rev_query_rev_chat_assertion,rev,rev,chat,assertion,0.9999793171882629,0.9999793171882629,1,0.9985870122909546,451a28b0ea325847a18baa464740dccb69d35e7b8811e6d736997dfb8fb4752d
amouyal:271,set_8,445,prob,non_gp,lingering,demo_rev_query_rev_chat_assertion,rev,rev,chat,assertion,0.6064314842224121,0.3935685157775879,0,0.9974270462989807,1320c659066ad8c9a4e40cd508db5e7dd721743130af7460a92fa0dea57b3c7b
amouyal:272,set_9,448,prob,gp,simple,demo_rev_query_rev_chat_assertion,rev,rev,chat,assertion,0.3845066726207733,0.3845066726207733,0,0.9971810579299927,385b7b1efa950f95788aa649c9d4fcc6aef0d51167c886e145d8f1d9b68e3ca1
amouyal:273,set_9,449,prob,gp,lingering,demo_rev_query_rev_chat_assertion,rev,rev,chat,assertion,7.419343455694616e-05,0.999925806565443,1,0.9995802640914917,14a45bdf7e737c8be7bd2a56ceec9eaa4e603d26aa435833fe429375790e30ce
amouyal:274,set_9,452,prob,non_gp,simple,demo_rev_query_rev_chat_assertion,rev,rev,chat,assertion,0.9997787475585938,0.9997787475585938,1,0.9989985227584839,c690ccfdbd9b285ded6f33d93031b63084ac487ece8ff0965396c189db63c87c
amouyal:275,set_9,453,prob,non_gp,lingering,demo_rev_query_rev_chat_assertion,rev,rev,chat,assertion,0.008252969942986965,0.991747030057013,1,0.9956503510475159,78c426993ac5ce7d524906d9b45fe508565b82f5f0581d7768c20191282ae64a
