item_id,source,construction,condition,question_type,gold,ambiguity_start,disambiguator_index,cue_type,extension_length,source_row_id,pair_id,upstream_sent_type,upstream_question_type,subtype,position_status,target_np,source_question_flag,source_question_clean,readout,source_item_id,query_order,repair,prompt_id,prompt_sha256,input_tokens,p_yes,choice_mass,p_correct,correct,greedy_token,question_sha256
amouyal:0,amouyal,NPZ,gp,simple,Yes,,,,0,0,set_10,GP_prob,simple_question,prob,not annotated upstream,the memo,,True,event,amouyal:0,reg,False,reg_base,8c5f2312fd7aac429b15482e63684b4d857bb26941c95e284bfb826a73a1e333,216,0.9994954466819763,0.9994032382965088,0.9994954466819763,1, Yes,
amouyal:0:attachment,amouyal,NPZ,gp,simple,Yes,,,,0,0,set_10,GP_prob,simple_question,prob,not annotated upstream,the memo,,True,attachment,amouyal:0,reg,False,reg_base,07db9088a1a3ab0f7ae7fd70f0d3685fc70a1e9b4911f27da9801fe3f8d880af,228,3.662484715505343e-08,0.9999878406524658,3.662484715505343e-08,0, No,24e6f0849c9d2225f56da479e2b7f2b44fc064d67aac6d3868fbaa824f796ae3
amouyal:1,amouyal,NPZ,gp,lingering,No,,,,0,1,set_10,GP_prob,GP_question,prob,not annotated upstream,the memo,,True,event,amouyal:1,reg,False,reg_base,1fc8c317e9f9e9d6dbf78403f5ea0cd9d435e39e68b00e7e76e553169a88c425,217,0.999480664730072,0.9990714192390442,0.0005193352699279785,0, Yes,
amouyal:1:attachment,amouyal,NPZ,gp,lingering,No,,,,0,1,set_10,GP_prob,GP_question,prob,not annotated upstream,the memo,,True,attachment,amouyal:1,reg,False,reg_base,006864f7067aba23dc74233ebcaafdf0b9bd0c2c9c774182ba304773c638616d,231,0.4986409544944763,0.9992235898971558,0.5013590455055237,1, No,edad6ac7eec615b0ce5b9ce35dcb5fc9cd83498b48956357134a4e69d72e54de
amouyal:2,amouyal,NPZ,non_gp,simple,Yes,,,,0,4,set_10,nonGP_prob,simple_question,prob,not annotated upstream,the memo,,True,event,amouyal:2,reg,False,reg_base,0763d747435f021064b82a25dd4fb09037619d0a159172c86061a7ffe2f9cba0,216,0.9998093247413635,0.999298632144928,0.9998093247413635,1, Yes,
amouyal:2:attachment,amouyal,NPZ,non_gp,simple,Yes,,,,0,4,set_10,nonGP_prob,simple_question,prob,not annotated upstream,the memo,,True,attachment,amouyal:2,reg,False,reg_base,eb5c56cbd7631b4044b24588f8f63beefda0926b0f0bd3ed18efb01c646c488d,228,0.9897856116294861,0.9992110133171082,0.9897856116294861,1, Yes,24e6f0849c9d2225f56da479e2b7f2b44fc064d67aac6d3868fbaa824f796ae3
amouyal:3,amouyal,NPZ,non_gp,lingering,No,,,,0,5,set_10,nonGP_prob,GP_question,prob,not annotated upstream,the memo,,True,event,amouyal:3,reg,False,reg_base,716a743a73af5c59d1dac4e20d2b7ae47f9a89a4b2fdb722e1d3ddc9e615e0d2,217,0.9998015761375427,0.9993666410446167,0.0001984238624572754,0, Yes,
amouyal:3:attachment,amouyal,NPZ,non_gp,lingering,No,,,,0,5,set_10,nonGP_prob,GP_question,prob,not annotated upstream,the memo,,True,attachment,amouyal:3,reg,False,reg_base,95b7e9955a1135e414850f1ab7c7751db6b1a3f8e6185bdf61a241312a641b19,231,0.007283815182745457,0.9998706579208374,0.9927161848172545,1, No,edad6ac7eec615b0ce5b9ce35dcb5fc9cd83498b48956357134a4e69d72e54de
amouyal:4,amouyal,NPZ,gp,simple,Yes,,,,0,8,set_11,GP_prob,simple_question,prob,not annotated upstream,the canoe,,True,event,amouyal:4,reg,False,reg_base,f0f9657f57578a5f06ce615c97be8dcb1a21e3565c84fd1c474bda1942cfedac,220,0.9999855756759644,0.9994144439697266,0.9999855756759644,1, Yes,
amouyal:4:attachment,amouyal,NPZ,gp,simple,Yes,,,,0,8,set_11,GP_prob,simple_question,prob,not annotated upstream,the canoe,,True,attachment,amouyal:4,reg,False,reg_base,a31262e9a38bc9fd49153871c9079b9ee7d871ce6bc1bd30e45c084275b86bab,230,0.013518710620701313,0.9999074935913086,0.013518710620701313,0, No,89743ecf107d6926c4df3b21e6e01638b21cf2ad9688e140971bc7786c90a425
amouyal:5,amouyal,NPZ,gp,lingering,No,,,,0,9,set_11,GP_prob,GP_question,prob,not annotated upstream,the canoe,,True,event,amouyal:5,reg,False,reg_base,d609be6a88a126091df405c9bcc95ab799f4521c090d5211365e24c52a13461d,219,0.9995368719100952,0.999482274055481,0.00046312808990478516,0, Yes,
amouyal:5:attachment,amouyal,NPZ,gp,lingering,No,,,,0,9,set_11,GP_prob,GP_question,prob,not annotated upstream,the canoe,,True,attachment,amouyal:5,reg,False,reg_base,b2f9c92677c70b7fca0840cc3e6b3cbd09e483322086c7faf9588bfcf797a8b5,233,0.9502733945846558,0.9993487000465393,0.04972660541534424,0, Yes,c50c402bbef2ce84176202995f57bf2c1fcb40030f5c39f00a274f1dcddbb723
amouyal:6,amouyal,NPZ,non_gp,simple,Yes,,,,0,12,set_11,nonGP_prob,simple_question,prob,not annotated upstream,the canoe,,True,event,amouyal:6,reg,False,reg_base,96eaedc7d8d46cd8d8ca6c7799c34658172e8e34b44980143df8d2e1f15d0bb1,220,0.9999864101409912,0.9992139935493469,0.9999864101409912,1, Yes,
amouyal:6:attachment,amouyal,NPZ,non_gp,simple,Yes,,,,0,12,set_11,nonGP_prob,simple_question,prob,not annotated upstream,the canoe,,True,attachment,amouyal:6,reg,False,reg_base,da72fb0ca403a0ec698054318cb1c91e3bc6db1577c393b92cb911cabd8802d1,230,0.9987832307815552,0.9988309144973755,0.9987832307815552,1, Yes,89743ecf107d6926c4df3b21e6e01638b21cf2ad9688e140971bc7786c90a425
amouyal:7,amouyal,NPZ,non_gp,lingering,No,,,,0,13,set_11,nonGP_prob,GP_question,prob,not annotated upstream,the canoe,,True,event,amouyal:7,reg,False,reg_base,2efe3c383fdab53a45139afa5d95e413fbae12bc7ad2edd617c4827699c5a776,219,0.9995691776275635,0.9989262819290161,0.00043082237243652344,0, Yes,
amouyal:7:attachment,amouyal,NPZ,non_gp,lingering,No,,,,0,13,set_11,nonGP_prob,GP_question,prob,not annotated upstream,the canoe,,True,attachment,amouyal:7,reg,False,reg_base,a0b9108deec6fb73e9db76194339e90028f0dd93ab15ce191c3cf226d19623f9,233,0.025034194812178612,0.9998013377189636,0.9749658051878214,1, No,c50c402bbef2ce84176202995f57bf2c1fcb40030f5c39f00a274f1dcddbb723
amouyal:8,amouyal,NPZ,gp,simple,Yes,,,,0,16,set_12,GP_prob,simple_question,prob,not annotated upstream,the horse,,True,event,amouyal:8,reg,False,reg_base,53622308cec598be10aa062929c165ac513b8979d3a428ffa84136f7fba83ec1,220,0.15418335795402527,0.9995971918106079,0.15418335795402527,0, No,
amouyal:8:attachment,amouyal,NPZ,gp,simple,Yes,,,,0,16,set_12,GP_prob,simple_question,prob,not annotated upstream,the horse,,True,attachment,amouyal:8,reg,False,reg_base,d32bda8f5cb056578a07ada31e32ca4c97d04f371117a8358860827a19ac9af6,230,0.0010843034833669662,0.9999495148658752,0.0010843034833669662,0, No,8c6af6d5f483fb559cc3d89a17cebf5ce9f0cef453ff7f4961aec5a45f44afcc
amouyal:9,amouyal,NPZ,gp,lingering,No,,,,0,17,set_12,GP_prob,GP_question,prob,not annotated upstream,the horse,,True,event,amouyal:9,reg,False,reg_base,e7c26fe9efce7ab4ca9dffe9be2f4bf155d7aa2f759b0b04f69ec13d9047ac3f,219,0.9997299909591675,0.9995478391647339,0.00027000904083251953,0, Yes,
amouyal:9:attachment,amouyal,NPZ,gp,lingering,No,,,,0,17,set_12,GP_prob,GP_question,prob,not annotated upstream,the horse,,True,attachment,amouyal:9,reg,False,reg_base,60da5b19938cc8a4dab1fc986fb1b11567bdba1c45563205bcf594ee667ef845,233,0.5070720314979553,0.9992631673812866,0.4929279685020447,0, Yes,9a755ac496f13ae5f2c388965641bf2dfa1cd2c83cc4f318324219cedf67eb8f
amouyal:10,amouyal,NPZ,non_gp,simple,Yes,,,,0,20,set_12,nonGP_prob,simple_question,prob,not annotated upstream,the horse,,True,event,amouyal:10,reg,False,reg_base,671371d589a749356b24d743e6f99f815a903c3777f150dce987782b8bd3aee6,220,0.9999954700469971,0.9994751214981079,0.9999954700469971,1, Yes,
amouyal:10:attachment,amouyal,NPZ,non_gp,simple,Yes,,,,0,20,set_12,nonGP_prob,simple_question,prob,not annotated upstream,the horse,,True,attachment,amouyal:10,reg,False,reg_base,738edfffc220874b8bf7649f6b0219dc8bb3f523c577cc0fb7768f50c76fb40b,230,0.9993482828140259,0.9976559281349182,0.9993482828140259,1, Yes,8c6af6d5f483fb559cc3d89a17cebf5ce9f0cef453ff7f4961aec5a45f44afcc
amouyal:11,amouyal,NPZ,non_gp,lingering,No,,,,0,21,set_12,nonGP_prob,GP_question,prob,not annotated upstream,the horse,,True,event,amouyal:11,reg,False,reg_base,81e922cb119c210f3b67f5f5966353ecddfb9ede50b6935d1c55a740f4801afc,219,0.9997602105140686,0.9989917278289795,0.00023978948593139648,0, Yes,
amouyal:11:attachment,amouyal,NPZ,non_gp,lingering,No,,,,0,21,set_12,nonGP_prob,GP_question,prob,not annotated upstream,the horse,,True,attachment,amouyal:11,reg,False,reg_base,cd57a338f49e235d1b6d1b6f90ac50bcaa4748769b286c7c04565cf177171eb4,233,0.015459386631846428,0.9997679591178894,0.9845406133681536,1, No,9a755ac496f13ae5f2c388965641bf2dfa1cd2c83cc4f318324219cedf67eb8f
amouyal:12,amouyal,NPZ,gp,simple,Yes,,,,0,24,set_13,GP_prob,simple_question,prob,not annotated upstream,the hot dog,,True,event,amouyal:12,reg,False,reg_base,ec541d19db677bbbd856c78f0607e32ecb16db6ad2127eac011bad6bbe335aef,218,0.9998524785041809,0.9995554089546204,0.9998524785041809,1, Yes,
amouyal:12:attachment,amouyal,NPZ,gp,simple,Yes,,,,0,24,set_13,GP_prob,simple_question,prob,not annotated upstream,the hot dog,,True,attachment,amouyal:12,reg,False,reg_base,1e6ba7d95997ae1a5aff880976212d75a61e3fd72c54282ae6a6f499ca5f511d,229,9.303112591396712e-08,0.9999909400939941,9.303112591396712e-08,0, No,53b3e88efb9da4586c81a9053c259f86a71547191f2203d6591dd04727428e56
amouyal:13,amouyal,NPZ,gp,lingering,No,,,,0,25,set_13,GP_prob,GP_question,prob,not annotated upstream,the hot dog,,True,event,amouyal:13,reg,False,reg_base,915c7cca1431ccd9ece9dd004347bd5b7041e8f56ffa4cf3bcf3d420b992db13,217,0.9210734963417053,0.9992148280143738,0.07892650365829468,0, Yes,
amouyal:13:attachment,amouyal,NPZ,gp,lingering,No,,,,0,25,set_13,GP_prob,GP_question,prob,not annotated upstream,the hot dog,,True,attachment,amouyal:13,reg,False,reg_base,12c12878d61cc21c7b77886efa412ba20f0728e5375bb7c265ed220f255c7f16,232,0.20869779586791992,0.9995431900024414,0.7913022041320801,1, No,2c22c048d096ea85d217ee0a0ee6d813aaf83740ddca3eed48b937549ec303a0
amouyal:14,amouyal,NPZ,non_gp,simple,Yes,,,,0,28,set_13,nonGP_prob,simple_question,prob,not annotated upstream,the hot dog,,True,event,amouyal:14,reg,False,reg_base,41665b02b713a865d3bbdf9067d2423ff66fe8742ff6d007ac7e3a36bfb22717,218,0.999998927116394,0.9996374845504761,0.999998927116394,1, Yes,
amouyal:14:attachment,amouyal,NPZ,non_gp,simple,Yes,,,,0,28,set_13,nonGP_prob,simple_question,prob,not annotated upstream,the hot dog,,True,attachment,amouyal:14,reg,False,reg_base,1c25407ad2729a4d82038c3288d79d9960a9cd0670e9f8f0234443facb43daae,229,0.9996773600578308,0.9991186261177063,0.9996773600578308,1, Yes,53b3e88efb9da4586c81a9053c259f86a71547191f2203d6591dd04727428e56
amouyal:15,amouyal,NPZ,non_gp,lingering,No,,,,0,29,set_13,nonGP_prob,GP_question,prob,not annotated upstream,the hot dog,,True,event,amouyal:15,reg,False,reg_base,a7a3ed333d78237bd1c5efba284f233129821d9757da4bb3757d760e1dde3f9b,217,0.999951958656311,0.9988062381744385,4.8041343688964844e-05,0, Yes,
amouyal:15:attachment,amouyal,NPZ,non_gp,lingering,No,,,,0,29,set_13,nonGP_prob,GP_question,prob,not annotated upstream,the hot dog,,True,attachment,amouyal:15,reg,False,reg_base,112474c642b5aae51295837ca69da23e958995da22be939dea73d4c988960a69,232,0.9182935357093811,0.9988921880722046,0.0817064642906189,0, Yes,2c22c048d096ea85d217ee0a0ee6d813aaf83740ddca3eed48b937549ec303a0
amouyal:16,amouyal,NPZ,gp,simple,Yes,,,,0,32,set_14,GP_prob,simple_question,prob,not annotated upstream,the building,,True,event,amouyal:16,reg,False,reg_base,01e2c959580dafaac2a51a686eb40781c944db2659f1134cd3f315143eaacbd6,219,0.9924560189247131,0.9994456171989441,0.9924560189247131,1, Yes,
amouyal:16:attachment,amouyal,NPZ,gp,simple,Yes,,,,0,32,set_14,GP_prob,simple_question,prob,not annotated upstream,the building,,True,attachment,amouyal:16,reg,False,reg_base,cbddae06f19f21f35c103218d2d0141e7fc2c86754f3d2102c504d71eb9d38a4,229,3.095877400483005e-05,0.9999792575836182,3.095877400483005e-05,0, No,cd46c165e6dfa4b7197a18ca412f4c5af8081538ee194d010c3a3a0318cabbc9
amouyal:17,amouyal,NPZ,gp,lingering,No,,,,0,33,set_14,GP_prob,GP_question,prob,not annotated upstream,the building,,True,event,amouyal:17,reg,False,reg_base,1e519e12ee4470bdf51ae0130f1ecdb9dcc5d0837410d7703629ae05b7949731,218,0.9949608445167542,0.9992836713790894,0.00503915548324585,0, Yes,
amouyal:17:attachment,amouyal,NPZ,gp,lingering,No,,,,0,33,set_14,GP_prob,GP_question,prob,not annotated upstream,the building,,True,attachment,amouyal:17,reg,False,reg_base,c01ae1060b28df8948d7d63f1ad8ae202ccc7f44f4cb4a2a2538c899bcf0d31a,232,0.649441659450531,0.9991472959518433,0.350558340549469,0, Yes,155d28aa2aad60e181c3b6ffd1709943c1e9f1d65cb7605cdd33a947cd8f1980
amouyal:18,amouyal,NPZ,non_gp,simple,Yes,,,,0,36,set_14,nonGP_prob,simple_question,prob,not annotated upstream,the building,,True,event,amouyal:18,reg,False,reg_base,3297f413cb8f9d97453ca94097a3e5b87f62fa6173b0ba09bead75185459e774,219,0.9970027208328247,0.9994606375694275,0.9970027208328247,1, Yes,
amouyal:18:attachment,amouyal,NPZ,non_gp,simple,Yes,,,,0,36,set_14,nonGP_prob,simple_question,prob,not annotated upstream,the building,,True,attachment,amouyal:18,reg,False,reg_base,e7c5d84328484fdb7538a5f0aec7829c62e06d08672d3abb2f4b3b74e8620765,229,0.6254492402076721,0.9990363121032715,0.6254492402076721,1, Yes,cd46c165e6dfa4b7197a18ca412f4c5af8081538ee194d010c3a3a0318cabbc9
amouyal:19,amouyal,NPZ,non_gp,lingering,No,,,,0,37,set_14,nonGP_prob,GP_question,prob,not annotated upstream,the building,,True,event,amouyal:19,reg,False,reg_base,35de2b71ff68c27c70a85704323c55c3f552eb21e77e21d563cb7e12988d03de,218,0.0007579526863992214,0.9998018741607666,0.9992420473136008,1, No,
amouyal:19:attachment,amouyal,NPZ,non_gp,lingering,No,,,,0,37,set_14,nonGP_prob,GP_question,prob,not annotated upstream,the building,,True,attachment,amouyal:19,reg,False,reg_base,e33c223607df35937f6a25905e8dde6c5688ba2a81cf53ea9812aa6ef3da326c,232,0.0026338950265198946,0.9998679161071777,0.9973661049734801,1, No,155d28aa2aad60e181c3b6ffd1709943c1e9f1d65cb7605cdd33a947cd8f1980
amouyal:20,amouyal,NPZ,gp,simple,Yes,,,,0,40,set_15,GP_prob,simple_question,prob,not annotated upstream,the soup,,True,event,amouyal:20,reg,False,reg_base,ba49c8e4a782372ad6bbcd75ae1cfda73cdb5b5a350407f89f0a13977329f7a3,215,0.999995768070221,0.9997386932373047,0.999995768070221,1, Yes,
amouyal:20:attachment,amouyal,NPZ,gp,simple,Yes,,,,0,40,set_15,GP_prob,simple_question,prob,not annotated upstream,the soup,,True,attachment,amouyal:20,reg,False,reg_base,0472fa2e7e73c6b9f347694eac81c14700d324635ff5c9044403bb8801e20763,227,5.916268492001109e-05,0.9999821186065674,5.916268492001109e-05,0, No,0ec75e2a2f8c6ee42d0a8fc4d4c8ef0fed7ee776be041976d7721a1050e8c32d
amouyal:21,amouyal,NPZ,gp,lingering,No,,,,0,41,set_15,GP_prob,GP_question,prob,not annotated upstream,the soup,,True,event,amouyal:21,reg,False,reg_base,77e962c28f7eec043e0fbc71f7f66dc1d4b3184bf58822d99dba2b6415206978,216,0.9999197125434875,0.999423086643219,8.028745651245117e-05,0, Yes,
amouyal:21:attachment,amouyal,NPZ,gp,lingering,No,,,,0,41,set_15,GP_prob,GP_question,prob,not annotated upstream,the soup,,True,attachment,amouyal:21,reg,False,reg_base,cf653153ba04541eb95ab1e25f8635683508a3152b0140e1a35ff9a130e3abde,230,0.942915678024292,0.9993721842765808,0.05708432197570801,0, Yes,002944262eef12a6efcd26ef5fd5c23d583910a1d8fec61a30bbe3cf347620ff
amouyal:22,amouyal,NPZ,non_gp,simple,Yes,,,,0,44,set_15,nonGP_prob,simple_question,prob,not annotated upstream,the soup,,True,event,amouyal:22,reg,False,reg_base,15ef3656f854da24d9d1846fb6fcc489b1f13110c23a10e60f94822da8311cac,215,0.9999988079071045,0.9997025728225708,0.9999988079071045,1, Yes,
amouyal:22:attachment,amouyal,NPZ,non_gp,simple,Yes,,,,0,44,set_15,nonGP_prob,simple_question,prob,not annotated upstream,the soup,,True,attachment,amouyal:22,reg,False,reg_base,e88f660d46f3d9ce2327a93fe7213778211aada47f8804bc1c43f0ded2533117,227,0.9998923540115356,0.9980481863021851,0.9998923540115356,1, Yes,0ec75e2a2f8c6ee42d0a8fc4d4c8ef0fed7ee776be041976d7721a1050e8c32d
amouyal:23,amouyal,NPZ,non_gp,lingering,No,,,,0,45,set_15,nonGP_prob,GP_question,prob,not annotated upstream,the soup,,True,event,amouyal:23,reg,False,reg_base,b8f4818227884738d7977b8f87838b00658754d19c8b0f33d673dac64ca62c65,216,0.999992847442627,0.9994483590126038,7.152557373046875e-06,0, Yes,
amouyal:23:attachment,amouyal,NPZ,non_gp,lingering,No,,,,0,45,set_15,nonGP_prob,GP_question,prob,not annotated upstream,the soup,,True,attachment,amouyal:23,reg,False,reg_base,f71f5c64c15fed49c30d5288fd3acf39c49839f64bf858ca038aba87d6051f68,230,0.08558711409568787,0.9996448755264282,0.9144128859043121,1, No,002944262eef12a6efcd26ef5fd5c23d583910a1d8fec61a30bbe3cf347620ff
amouyal:24,amouyal,NPZ,gp,simple,Yes,,,,0,48,set_16,GP_prob,simple_question,prob,not annotated upstream,the tunnel,,True,event,amouyal:24,reg,False,reg_base,e4f2c0fdeb7177090e36b40a5504d0f56ca38b7c1912bbe1d698bd0b3e5f6685,219,0.9999105930328369,0.999464213848114,0.9999105930328369,1, Yes,
amouyal:24:attachment,amouyal,NPZ,gp,simple,Yes,,,,0,48,set_16,GP_prob,simple_question,prob,not annotated upstream,the tunnel,,True,attachment,amouyal:24,reg,False,reg_base,b748ca89705d675847bcbcd7171314ce38514bca08333419c4f8de0e90c8b894,229,0.0007209018804132938,0.9999563097953796,0.0007209018804132938,0, No,d86ecd7dac837ec2a11109bbfe503c25cd60ce37dc34bfe377c178ff53597eac
amouyal:25,amouyal,NPZ,gp,lingering,No,,,,0,49,set_16,GP_prob,GP_question,prob,not annotated upstream,the tunnel,,True,event,amouyal:25,reg,False,reg_base,fcb3c23618b27ae348b3f3062923aac4255f7fc94020e7eb0bf3a585ccb2b9a4,218,0.9994338154792786,0.999518871307373,0.0005661845207214355,0, Yes,
amouyal:25:attachment,amouyal,NPZ,gp,lingering,No,,,,0,49,set_16,GP_prob,GP_question,prob,not annotated upstream,the tunnel,,True,attachment,amouyal:25,reg,False,reg_base,eb0662e41ae81e1ec7ecf009f786023e5f8f9925088d47027cd965512f180d10,232,0.3275597095489502,0.9992974400520325,0.6724402904510498,1, No,5e953ffb2edcc8a9474f31c6faadd5d701197624a7ef70beeedf7d8ea3e27686
amouyal:26,amouyal,NPZ,non_gp,simple,Yes,,,,0,52,set_16,nonGP_prob,simple_question,prob,not annotated upstream,the tunnel,,True,event,amouyal:26,reg,False,reg_base,1e6fc23b0f6c052c85f286014d3db7ab921e417c218ad033ca12528a13833599,219,0.9999937415122986,0.9993564486503601,0.9999937415122986,1, Yes,
amouyal:26:attachment,amouyal,NPZ,non_gp,simple,Yes,,,,0,52,set_16,nonGP_prob,simple_question,prob,not annotated upstream,the tunnel,,True,attachment,amouyal:26,reg,False,reg_base,cadcfcd6caddc79780e38db720e3e1506dbdf065871f8aa8a49dd6bcb5789ba4,229,0.9994576573371887,0.9988785982131958,0.9994576573371887,1, Yes,d86ecd7dac837ec2a11109bbfe503c25cd60ce37dc34bfe377c178ff53597eac
amouyal:27,amouyal,NPZ,non_gp,lingering,No,,,,0,53,set_16,nonGP_prob,GP_question,prob,not annotated upstream,the tunnel,,True,event,amouyal:27,reg,False,reg_base,031fb7db94cac5c4ca02e0ae9da543a30f66e29d1b9428f3e8db1691f9d301e1,218,0.9999024271965027,0.9989445805549622,9.757280349731445e-05,0, Yes,
amouyal:27:attachment,amouyal,NPZ,non_gp,lingering,No,,,,0,53,set_16,nonGP_prob,GP_question,prob,not annotated upstream,the tunnel,,True,attachment,amouyal:27,reg,False,reg_base,262d985f6b1168de30f272ed468f8421d41a78bde745f41b36e240b13f608284,232,0.010204105637967587,0.9997692108154297,0.9897958943620324,1, No,5e953ffb2edcc8a9474f31c6faadd5d701197624a7ef70beeedf7d8ea3e27686
amouyal:28,amouyal,NPZ,gp,simple,Yes,,,,0,56,set_17,GP_prob,simple_question,prob,not annotated upstream,the water,,True,event,amouyal:28,reg,False,reg_base,1aae7f4723a6173c5cb0192997ad6de8ade4a98342bbab50d7a7735fb6e33c77,219,0.9994935393333435,0.9995638132095337,0.9994935393333435,1, Yes,
amouyal:28:attachment,amouyal,NPZ,gp,simple,Yes,,,,0,56,set_17,GP_prob,simple_question,prob,not annotated upstream,the water,,True,attachment,amouyal:28,reg,False,reg_base,5c50b6555dc15b8e5df9ad04b7436ac2692e58ff98a9d91c3c235c3223924499,229,6.397072382924307e-08,0.9999867081642151,6.397072382924307e-08,0, No,183375dafed23a2cebb46f014846ca65fa12f8421e2ab37e87a0001861ed6881
amouyal:29,amouyal,NPZ,gp,lingering,No,,,,0,57,set_17,GP_prob,GP_question,prob,not annotated upstream,the water,,True,event,amouyal:29,reg,False,reg_base,36733842a0165a47bdc3188c121bbfa1a83fae7d8952a2e25cb64179f2c3af33,218,0.9967689514160156,0.9994064569473267,0.003231048583984375,0, Yes,
amouyal:29:attachment,amouyal,NPZ,gp,lingering,No,,,,0,57,set_17,GP_prob,GP_question,prob,not annotated upstream,the water,,True,attachment,amouyal:29,reg,False,reg_base,97bde2b961678d2a0da8b439cd8d34c3e04f6fda911f6106519f7fac55353786,232,0.9403226971626282,0.9993454217910767,0.059677302837371826,0, Yes,c75a784b86cc6698bdb495d1d8e50554adc80d394a3056e714b75294367a0810
amouyal:30,amouyal,NPZ,non_gp,simple,Yes,,,,0,60,set_17,nonGP_prob,simple_question,prob,not annotated upstream,the water,,True,event,amouyal:30,reg,False,reg_base,91096914af3e8651cb648723594f59efd5525166f902343bf558826d96776d74,219,0.9999954104423523,0.9995933175086975,0.9999954104423523,1, Yes,
amouyal:30:attachment,amouyal,NPZ,non_gp,simple,Yes,,,,0,60,set_17,nonGP_prob,simple_question,prob,not annotated upstream,the water,,True,attachment,amouyal:30,reg,False,reg_base,89341ef8ebe08516d65788649ce69e13163341cac4877e9dc479e78833c7dd65,229,0.9819929003715515,0.9992623329162598,0.9819929003715515,1, Yes,183375dafed23a2cebb46f014846ca65fa12f8421e2ab37e87a0001861ed6881
amouyal:31,amouyal,NPZ,non_gp,lingering,No,,,,0,61,set_17,nonGP_prob,GP_question,prob,not annotated upstream,the water,,True,event,amouyal:31,reg,False,reg_base,ec23c5c3ce9174bf092e1657dc7dd2cfa3514dc6e3acefb89adb16373a2faf05,218,6.802182178944349e-05,0.9999672770500183,0.9999319781782106,1, No,
amouyal:31:attachment,amouyal,NPZ,non_gp,lingering,No,,,,0,61,set_17,nonGP_prob,GP_question,prob,not annotated upstream,the water,,True,attachment,amouyal:31,reg,False,reg_base,27f9b301fac6c5c662e8978f472471b0762015895f71348f66bac136a8836dfd,232,0.04737050086259842,0.999729335308075,0.9526294991374016,1, No,c75a784b86cc6698bdb495d1d8e50554adc80d394a3056e714b75294367a0810
amouyal:32,amouyal,NPZ,gp,simple,Yes,,,,0,64,set_18,GP_prob,simple_question,prob,not annotated upstream,the frog,,True,event,amouyal:32,reg,False,reg_base,2537dcfac2eb829ce459090a60fc21430dc9f5d08b3a2b0a3b75120a13b4bedf,215,0.9999804496765137,0.9996996521949768,0.9999804496765137,1, Yes,
amouyal:32:attachment,amouyal,NPZ,gp,simple,Yes,,,,0,64,set_18,GP_prob,simple_question,prob,not annotated upstream,the frog,,True,attachment,amouyal:32,reg,False,reg_base,37dbfba91414c66a79ae8b4770618b51426725af494bccfc09a3805748e6cc16,227,0.0009695779881440103,0.9999552965164185,0.0009695779881440103,0, No,efda55021619097884d4cd79d1bce3b44f02286b8b69353e15c610b235cc7762
amouyal:33,amouyal,NPZ,gp,lingering,No,,,,0,65,set_18,GP_prob,GP_question,prob,not annotated upstream,the frog,,True,event,amouyal:33,reg,False,reg_base,40fe6d104d9cf2b87265d870c072f28ad99ff2b1011d33751a9647ec7115b7ea,216,0.05227102339267731,0.9995524883270264,0.9477289766073227,1, No,
amouyal:33:attachment,amouyal,NPZ,gp,lingering,No,,,,0,65,set_18,GP_prob,GP_question,prob,not annotated upstream,the frog,,True,attachment,amouyal:33,reg,False,reg_base,de24f6f2933f522f98094963934f919dfaab91dc83b3c507d239c467bd4c681c,230,0.12970255315303802,0.9995458126068115,0.870297446846962,1, No,1e532a0a54c40328f06185927b3333cfb76b0fbe99c6c31ddcfe0a13d45e5941
amouyal:34,amouyal,NPZ,non_gp,simple,Yes,,,,0,68,set_18,nonGP_prob,simple_question,prob,not annotated upstream,the frog,,True,event,amouyal:34,reg,False,reg_base,4e8080fc2e1f97018da9bda44008d593de47a8185ecd4f1439b2e2d04d452893,215,0.9999971985816956,0.9994255900382996,0.9999971985816956,1, Yes,
amouyal:34:attachment,amouyal,NPZ,non_gp,simple,Yes,,,,0,68,set_18,nonGP_prob,simple_question,prob,not annotated upstream,the frog,,True,attachment,amouyal:34,reg,False,reg_base,7ee9f94b0840ac8f47c52d304faa6261ed5f47320e24180c75b1c0c2dde10723,227,0.9999653697013855,0.9970937371253967,0.9999653697013855,1, Yes,efda55021619097884d4cd79d1bce3b44f02286b8b69353e15c610b235cc7762
amouyal:35,amouyal,NPZ,non_gp,lingering,No,,,,0,69,set_18,nonGP_prob,GP_question,prob,not annotated upstream,the frog,,True,event,amouyal:35,reg,False,reg_base,5fd0e2cd57d2f4be1c14220991fe21d33a37bf5aa8d1db408e49a0af7007c06a,216,1.0133009709090146e-10,0.9998745918273926,0.99999999989867,1, No,
amouyal:35:attachment,amouyal,NPZ,non_gp,lingering,No,,,,0,69,set_18,nonGP_prob,GP_question,prob,not annotated upstream,the frog,,True,attachment,amouyal:35,reg,False,reg_base,0b8e2debd9af3ed474ea1f826c23aa8922fa41a66d5639a28f314d0ef434062a,230,1.5753400361973036e-07,0.9999561309814453,0.9999998424659964,1, No,1e532a0a54c40328f06185927b3333cfb76b0fbe99c6c31ddcfe0a13d45e5941
amouyal:36,amouyal,NPZ,gp,simple,Yes,,,,0,72,set_19,GP_prob,simple_question,prob,not annotated upstream,the baboon,,True,event,amouyal:36,reg,False,reg_base,e2c80ff55a394d95dc18ac45e83ba515628998600971c9fac24206a69123874e,219,0.999997079372406,0.9997415542602539,0.999997079372406,1, Yes,
amouyal:36:attachment,amouyal,NPZ,gp,simple,Yes,,,,0,72,set_19,GP_prob,simple_question,prob,not annotated upstream,the baboon,,True,attachment,amouyal:36,reg,False,reg_base,14651506507baaadb4c7ba3b2de9f01e820ea6c48003b67aa9ebdacfd45b2739,230,0.01651708409190178,0.9998365044593811,0.01651708409190178,0, No,5ea8147baf8b7656fe949bc2e9f4a2ea39a5a8232caa13f14df8c2b88270a475
amouyal:37,amouyal,NPZ,gp,lingering,No,,,,0,73,set_19,GP_prob,GP_question,prob,not annotated upstream,the baboon,,True,event,amouyal:37,reg,False,reg_base,57174c2937d05d80a2a52376cba189dd710ccd03bbbd536dc19dc527cbe57f0d,219,0.9944725632667542,0.9989023208618164,0.00552743673324585,0, Yes,
amouyal:37:attachment,amouyal,NPZ,gp,lingering,No,,,,0,73,set_19,GP_prob,GP_question,prob,not annotated upstream,the baboon,,True,attachment,amouyal:37,reg,False,reg_base,ac5d14b20b35c86d5545b72bcc869d685cec2ce28aeaceb926808ec55c654789,233,0.025763045996427536,0.9996474385261536,0.9742369540035725,1, No,148f5e3d3f654dd65fa4f94df923039cb1abd230616e0bdd1c05343519054b36
amouyal:38,amouyal,NPZ,non_gp,simple,Yes,,,,0,76,set_19,nonGP_prob,simple_question,prob,not annotated upstream,the baboon,,True,event,amouyal:38,reg,False,reg_base,64c64ed8f3c0a6c64d01d71d7c973aa6ea1821ee3d9d1ba056f666e0ccf7bab8,219,0.999997615814209,0.999674916267395,0.999997615814209,1, Yes,
amouyal:38:attachment,amouyal,NPZ,non_gp,simple,Yes,,,,0,76,set_19,nonGP_prob,simple_question,prob,not annotated upstream,the baboon,,True,attachment,amouyal:38,reg,False,reg_base,1216a211722d88ef97f04a87887d0c44d984e3bf1d570c2117a623acea8304f0,230,0.9998539090156555,0.9979574084281921,0.9998539090156555,1, Yes,5ea8147baf8b7656fe949bc2e9f4a2ea39a5a8232caa13f14df8c2b88270a475
amouyal:39,amouyal,NPZ,non_gp,lingering,No,,,,0,77,set_19,nonGP_prob,GP_question,prob,not annotated upstream,the baboon,,True,event,amouyal:39,reg,False,reg_base,59ce543c245c200c516f31042a0bcb329e3ff5dc6d0b3bf778533b436daa8032,219,0.9901642799377441,0.9985787272453308,0.00983572006225586,0, Yes,
amouyal:39:attachment,amouyal,NPZ,non_gp,lingering,No,,,,0,77,set_19,nonGP_prob,GP_question,prob,not annotated upstream,the baboon,,True,attachment,amouyal:39,reg,False,reg_base,cca395ec529eac4b811dc7e5f2287bce8936f6f6a29704efedfd2d5c7c28c199,233,0.0009407691541127861,0.9998612403869629,0.9990592308458872,1, No,148f5e3d3f654dd65fa4f94df923039cb1abd230616e0bdd1c05343519054b36
amouyal:40,amouyal,NPZ,gp,simple,Yes,,,,0,80,set_20,GP_prob,simple_question,prob,not annotated upstream,the picture,,True,event,amouyal:40,reg,False,reg_base,75e92f98133681446716d032b9beeb70ab42581f4f2193175b7fed7643984f35,216,0.999902069568634,0.9996031522750854,0.999902069568634,1, Yes,
amouyal:40:attachment,amouyal,NPZ,gp,simple,Yes,,,,0,80,set_20,GP_prob,simple_question,prob,not annotated upstream,the picture,,True,attachment,amouyal:40,reg,False,reg_base,915f233076ca8b777d3c72659667bc6fa762e8049b012004eeea907206c74b54,228,0.00012679958308581263,0.9999735951423645,0.00012679958308581263,0, No,3ccbdfcd12fa9143f37f0eac3c3189a0f0e220ff27dd3339beb1e849b5d55be8
amouyal:41,amouyal,NPZ,gp,lingering,No,,,,0,81,set_20,GP_prob,GP_question,prob,not annotated upstream,the picture,,True,event,amouyal:41,reg,False,reg_base,b7f5be56084cc8a4eaaf5490e2bfd2267207efd5f9d7ecaa941378dfd4dcd2bb,217,0.9774094820022583,0.9993557333946228,0.0225905179977417,0, Yes,
amouyal:41:attachment,amouyal,NPZ,gp,lingering,No,,,,0,81,set_20,GP_prob,GP_question,prob,not annotated upstream,the picture,,True,attachment,amouyal:41,reg,False,reg_base,1c887530bcd55fcebdfefa02cc8eb39bcb6d96803963c54d794b38549ce94f10,231,0.5771907567977905,0.9992009401321411,0.4228092432022095,0, Yes,441172e030bd6d0f6c4642102cb83ed887fb7f119c1bf0d5448394bcb8fa9283
amouyal:42,amouyal,NPZ,non_gp,simple,Yes,,,,0,84,set_20,nonGP_prob,simple_question,prob,not annotated upstream,the picture,,True,event,amouyal:42,reg,False,reg_base,7f37db63bb8802c63dd5a74864863da59643d1927136d7b4e224150fce89bc78,216,0.9999829530715942,0.9994785785675049,0.9999829530715942,1, Yes,
amouyal:42:attachment,amouyal,NPZ,non_gp,simple,Yes,,,,0,84,set_20,nonGP_prob,simple_question,prob,not annotated upstream,the picture,,True,attachment,amouyal:42,reg,False,reg_base,9b13fe418448cf945e0995a0349b9766259730390885f750b20d172377944ad8,228,0.9989701509475708,0.9988534450531006,0.9989701509475708,1, Yes,3ccbdfcd12fa9143f37f0eac3c3189a0f0e220ff27dd3339beb1e849b5d55be8
amouyal:43,amouyal,NPZ,non_gp,lingering,No,,,,0,85,set_20,nonGP_prob,GP_question,prob,not annotated upstream,the picture,,True,event,amouyal:43,reg,False,reg_base,7a552479831b4d8718bbf1ff61a7e7dccaf66638d390d22f08fdb9c73a4b5907,217,8.776956406109093e-08,0.9999555945396423,0.9999999122304359,1, No,
amouyal:43:attachment,amouyal,NPZ,non_gp,lingering,No,,,,0,85,set_20,nonGP_prob,GP_question,prob,not annotated upstream,the picture,,True,attachment,amouyal:43,reg,False,reg_base,acfaeb1ec484c7e3170746e4b6ca791989655bae82cffa9d8f0174f33cd6d6a1,231,0.00613364577293396,0.9998583197593689,0.993866354227066,1, No,441172e030bd6d0f6c4642102cb83ed887fb7f119c1bf0d5448394bcb8fa9283
amouyal:44,amouyal,NPZ,gp,simple,Yes,,,,0,88,set_21,GP_prob,simple_question,prob,not annotated upstream,the children,,True,event,amouyal:44,reg,False,reg_base,906a5e948ed32aebfc1159df4c3083630f2e0c19143bb719429c0a10ea9d8af8,217,0.9998265504837036,0.9994226098060608,0.9998265504837036,1, Yes,
amouyal:44:attachment,amouyal,NPZ,gp,simple,Yes,,,,0,88,set_21,GP_prob,simple_question,prob,not annotated upstream,the children,,True,attachment,amouyal:44,reg,False,reg_base,8e2e1c9b6dffb8c39e12ba6d1e655f139830637e970b5935bc7009f830586d2f,228,0.00010649346222635359,0.9999542236328125,0.00010649346222635359,0, No,c79abff6bf24fdf18fdf13678dd88400e48d3683d1615933a0116be2e9041710
amouyal:45,amouyal,NPZ,gp,lingering,No,,,,0,89,set_21,GP_prob,GP_question,prob,not annotated upstream,the children,,True,event,amouyal:45,reg,False,reg_base,9679f4b62359a3f3dc459c4c9618f5bc6731ea1200c2fec78f2fc8f71b985e83,217,0.005230378825217485,0.9997947812080383,0.9947696211747825,1, No,
amouyal:45:attachment,amouyal,NPZ,gp,lingering,No,,,,0,89,set_21,GP_prob,GP_question,prob,not annotated upstream,the children,,True,attachment,amouyal:45,reg,False,reg_base,0f3789667f9ddb42ee0ccb7489ac1bb12aca0df6beb1b47d7c010249c7917a24,231,0.03193560615181923,0.9995877742767334,0.9680643938481808,1, No,2d3bb4e208cd68665a0e5f89a2bd84935735d0a2a13642db957ec20020775b1f
amouyal:46,amouyal,NPZ,non_gp,simple,Yes,,,,0,92,set_21,nonGP_prob,simple_question,prob,not annotated upstream,the children,,True,event,amouyal:46,reg,False,reg_base,625f9b2d523cb3ea374939ef1ca6b5b12fc81d96435a6f4c498610f1df9cc9f7,217,0.9999996423721313,0.99945467710495,0.9999996423721313,1, Yes,
amouyal:46:attachment,amouyal,NPZ,non_gp,simple,Yes,,,,0,92,set_21,nonGP_prob,simple_question,prob,not annotated upstream,the children,,True,attachment,amouyal:46,reg,False,reg_base,eebaa780770a6e0b11bea1c3b5de01ec16f7b5311ae2a2391548f81a9ffafa1b,228,0.9999940991401672,0.996932327747345,0.9999940991401672,1, Yes,c79abff6bf24fdf18fdf13678dd88400e48d3683d1615933a0116be2e9041710
amouyal:47,amouyal,NPZ,non_gp,lingering,No,,,,0,93,set_21,nonGP_prob,GP_question,prob,not annotated upstream,the children,,True,event,amouyal:47,reg,False,reg_base,22b02991a11a35038e68eeb778f4a5b03200308d1562d815cf9b20646a52b0e7,217,0.9828649163246155,0.9989434480667114,0.01713508367538452,0, Yes,
amouyal:47:attachment,amouyal,NPZ,non_gp,lingering,No,,,,0,93,set_21,nonGP_prob,GP_question,prob,not annotated upstream,the children,,True,attachment,amouyal:47,reg,False,reg_base,d830858fafc1abd8c69f63b158f1a95a79b8c6c06b385c981ea083dfdfd83900,231,0.00038584278081543744,0.9998238682746887,0.9996141572191846,1, No,2d3bb4e208cd68665a0e5f89a2bd84935735d0a2a13642db957ec20020775b1f
amouyal:48,amouyal,NPZ,gp,simple,Yes,,,,0,96,set_22,GP_prob,simple_question,prob,not annotated upstream,the challenger,,True,event,amouyal:48,reg,False,reg_base,3a126765271783c3ad7b7b7fc1d671a1682c01fa55fa4966642600ba0ddcb6d2,217,0.9999947547912598,0.9987693428993225,0.9999947547912598,1, Yes,
amouyal:48:attachment,amouyal,NPZ,gp,simple,Yes,,,,0,96,set_22,GP_prob,simple_question,prob,not annotated upstream,the challenger,,True,attachment,amouyal:48,reg,False,reg_base,79f64da30c3207487c855668b7ee68f88c0df102186744e52042d344883c9f41,228,0.0002881260006688535,0.9999246001243591,0.0002881260006688535,0, No,7851dbb383f1f2799fc7d6840131ede690e84321801b9d37fbd559810e65607f
amouyal:49,amouyal,NPZ,gp,lingering,No,,,,0,97,set_22,GP_prob,GP_question,prob,not annotated upstream,the challenger,,True,event,amouyal:49,reg,False,reg_base,598b958b05694be9d20bbe0fbc202024ff9f2725636ce57b23c4a69bd9835155,217,0.9997547268867493,0.9993118643760681,0.0002452731132507324,0, Yes,
amouyal:49:attachment,amouyal,NPZ,gp,lingering,No,,,,0,97,set_22,GP_prob,GP_question,prob,not annotated upstream,the challenger,,True,attachment,amouyal:49,reg,False,reg_base,dab0706ce1a98050e4f4c7a47b3746f86aab5890c395ff8841348fe758736c41,231,0.7223745584487915,0.9985042810440063,0.2776254415512085,0, Yes,8f367e01a67c064d6442e23808a8ea685902508ec5c7b7a1caa9b99d78dbab0b
amouyal:50,amouyal,NPZ,non_gp,simple,Yes,,,,0,100,set_22,nonGP_prob,simple_question,prob,not annotated upstream,the challenger,,True,event,amouyal:50,reg,False,reg_base,05f5ce63da7124e4fa59f7c3ee2bb5f5d4602ed0f83ac142e0b044efa45a7d6c,217,0.9999877214431763,0.9982888102531433,0.9999877214431763,1, Yes,
amouyal:50:attachment,amouyal,NPZ,non_gp,simple,Yes,,,,0,100,set_22,nonGP_prob,simple_question,prob,not annotated upstream,the challenger,,True,attachment,amouyal:50,reg,False,reg_base,cde3f6a1035921f10bb4606747397b84f6083e07b9631d4e5aa474f2999c8f81,228,0.9988967180252075,0.9977965950965881,0.9988967180252075,1, Yes,7851dbb383f1f2799fc7d6840131ede690e84321801b9d37fbd559810e65607f
amouyal:51,amouyal,NPZ,non_gp,lingering,No,,,,0,101,set_22,nonGP_prob,GP_question,prob,not annotated upstream,the challenger,,True,event,amouyal:51,reg,False,reg_base,a7f6f53a5244fb0e0ab8a30d609b01dff216416bab2a9b03cc60ace3525e2466,217,1.126394749917381e-06,0.9999575614929199,0.9999988736052501,1, No,
amouyal:51:attachment,amouyal,NPZ,non_gp,lingering,No,,,,0,101,set_22,nonGP_prob,GP_question,prob,not annotated upstream,the challenger,,True,attachment,amouyal:51,reg,False,reg_base,a1aa400ae38b537e072f2af285dd42f10bd1ff71577fd8d73f81a4ae473b6d7d,231,2.500132359273266e-05,0.9999368190765381,0.9999749986764073,1, No,8f367e01a67c064d6442e23808a8ea685902508ec5c7b7a1caa9b99d78dbab0b
amouyal:52,amouyal,NPZ,gp,simple,Yes,,,,0,104,set_23,GP_prob,simple_question,prob,not annotated upstream,the violin,,True,event,amouyal:52,reg,False,reg_base,e242178a392dfee947fc7579b6a2d9e50f59a47a6a46bf4594b29be442a85f9c,218,0.9996004104614258,0.9992760419845581,0.9996004104614258,1, Yes,
amouyal:52:attachment,amouyal,NPZ,gp,simple,Yes,,,,0,104,set_23,GP_prob,simple_question,prob,not annotated upstream,the violin,,True,attachment,amouyal:52,reg,False,reg_base,f9eac3128b501810dd2d4abc1a07728295a98ea175be5a2f0f40e930cd150974,228,0.00048485095612704754,0.9999521374702454,0.00048485095612704754,0, No,bea1a6488520da71d80935e6fbbcf0d48b60464bc9ddd0c3300d1677439f4ccf
amouyal:53,amouyal,NPZ,gp,lingering,No,,,,0,105,set_23,GP_prob,GP_question,prob,not annotated upstream,the violin,,True,event,amouyal:53,reg,False,reg_base,357185a4d6c16e4c89a86c17607ba3e9f340634c2619820176c3eb7be63d40a9,216,0.9896358251571655,0.999315083026886,0.010364174842834473,0, Yes,
amouyal:53:attachment,amouyal,NPZ,gp,lingering,No,,,,0,105,set_23,GP_prob,GP_question,prob,not annotated upstream,the violin,,True,attachment,amouyal:53,reg,False,reg_base,f78ccbb73fbf046d63ca3b6e59fa2cd7222d1231fb16084c7ef27b79cf4b0d93,231,0.3580484688282013,0.9991905689239502,0.6419515311717987,1, No,3abfaefc8ffb6f88d3638629053b544c54add1abf9a414375a86d8aef84beb0b
amouyal:54,amouyal,NPZ,non_gp,simple,Yes,,,,0,108,set_23,nonGP_prob,simple_question,prob,not annotated upstream,the violin,,True,event,amouyal:54,reg,False,reg_base,438a5af212f8321aceb70a1228a6463e1d071551936339a7d0335829425c2b86,219,0.9999969005584717,0.9996200203895569,0.9999969005584717,1, Yes,
amouyal:54:attachment,amouyal,NPZ,non_gp,simple,Yes,,,,0,108,set_23,nonGP_prob,simple_question,prob,not annotated upstream,the violin,,True,attachment,amouyal:54,reg,False,reg_base,5728d3189be0a44dca3558a0e2e5ea9fbadea9bd7753ce29ad515d31e8d5ba2a,229,0.9999874234199524,0.9982669353485107,0.9999874234199524,1, Yes,bea1a6488520da71d80935e6fbbcf0d48b60464bc9ddd0c3300d1677439f4ccf
amouyal:55,amouyal,NPZ,non_gp,lingering,No,,,,0,109,set_23,nonGP_prob,GP_question,prob,not annotated upstream,the violin,,True,event,amouyal:55,reg,False,reg_base,eaa6d9c05923717e07056687d4bb7e5fca003574407361fb02f5e0793bb054a7,217,0.9999918937683105,0.9993694424629211,8.106231689453125e-06,0, Yes,
amouyal:55:attachment,amouyal,NPZ,non_gp,lingering,No,,,,0,109,set_23,nonGP_prob,GP_question,prob,not annotated upstream,the violin,,True,attachment,amouyal:55,reg,False,reg_base,6c742877dd22845651b2d5c40e0f26ff8abce3352a4c969337b80493c22666a0,232,0.18796591460704803,0.9992743134498596,0.812034085392952,1, No,3abfaefc8ffb6f88d3638629053b544c54add1abf9a414375a86d8aef84beb0b
amouyal:56,amouyal,NPZ,gp,simple,Yes,,,,0,112,set_24,GP_prob,simple_question,prob,not annotated upstream,the rainbow,,True,event,amouyal:56,reg,False,reg_base,6c8d37cb1e221df3d7c48397d99d776df8143d9a6d9aa9f971c08f9909f52407,217,0.9954358339309692,0.9995411038398743,0.9954358339309692,1, Yes,
amouyal:56:attachment,amouyal,NPZ,gp,simple,Yes,,,,0,112,set_24,GP_prob,simple_question,prob,not annotated upstream,the rainbow,,True,attachment,amouyal:56,reg,False,reg_base,488775c2f1e8a3e6f29c4e11839b539c531ef4823dfb1c64d461ec627e5291ce,228,1.2524796147772577e-05,0.9999809265136719,1.2524796147772577e-05,0, No,c1d1ec40286f9dc09ff4dcd806f07a79e097e938d8c120063e781141af03165a
amouyal:57,amouyal,NPZ,gp,lingering,No,,,,0,113,set_24,GP_prob,GP_question,prob,not annotated upstream,the rainbow,,True,event,amouyal:57,reg,False,reg_base,7521902f2271a32338c0a15d447025b4452144f039abfce00c88739670c86c3b,217,0.8363921642303467,0.9992594718933105,0.16360783576965332,0, Yes,
amouyal:57:attachment,amouyal,NPZ,gp,lingering,No,,,,0,113,set_24,GP_prob,GP_question,prob,not annotated upstream,the rainbow,,True,attachment,amouyal:57,reg,False,reg_base,55dc94feca337965586552ec41e8f289722d16338b4ee831433d995134d002cd,231,0.06396497040987015,0.999693751335144,0.9360350295901299,1, No,59a22c5d86ac5e64722c1df102105aee6a42ba436ec7d0cb81272a8d5f55b01b
amouyal:58,amouyal,NPZ,non_gp,simple,Yes,,,,0,116,set_24,nonGP_prob,simple_question,prob,not annotated upstream,the rainbow,,True,event,amouyal:58,reg,False,reg_base,083d0029666716d3343da143b6339fa93770005cf278cb4842cbd7dae79f8cd1,217,0.9999645352363586,0.9990613460540771,0.9999645352363586,1, Yes,
amouyal:58:attachment,amouyal,NPZ,non_gp,simple,Yes,,,,0,116,set_24,nonGP_prob,simple_question,prob,not annotated upstream,the rainbow,,True,attachment,amouyal:58,reg,False,reg_base,3ef72dcfce94e1d2fe277690c59bbc936e457a6654c4362d19e088d4408f0213,228,0.8530920147895813,0.9990736842155457,0.8530920147895813,1, Yes,c1d1ec40286f9dc09ff4dcd806f07a79e097e938d8c120063e781141af03165a
amouyal:59,amouyal,NPZ,non_gp,lingering,No,,,,0,117,set_24,nonGP_prob,GP_question,prob,not annotated upstream,the rainbow,,True,event,amouyal:59,reg,False,reg_base,7eba6e230b9b5b1e5db84601bba8e647ede49eee830bea1dd5b9e44bdb58fa77,217,2.3399056203743385e-07,0.9999780058860779,0.999999766009438,1, No,
amouyal:59:attachment,amouyal,NPZ,non_gp,lingering,No,,,,0,117,set_24,nonGP_prob,GP_question,prob,not annotated upstream,the rainbow,,True,attachment,amouyal:59,reg,False,reg_base,86777a1824492fe2dd0d1878cbf264613a82ce4dc5c892963e9688c293bf4f92,231,0.00037959893234074116,0.9999212622642517,0.9996204010676593,1, No,59a22c5d86ac5e64722c1df102105aee6a42ba436ec7d0cb81272a8d5f55b01b
amouyal:60,amouyal,NPZ,gp,simple,Yes,,,,0,120,set_25,GP_prob,simple_question,prob,not annotated upstream,the van,,True,event,amouyal:60,reg,False,reg_base,f91751c42e5c83f4d1e28ee0afa91f331ea9ef7532cbc7eb8aa5cd176aef2a6b,217,0.9999867081642151,0.9996687173843384,0.9999867081642151,1, Yes,
amouyal:60:attachment,amouyal,NPZ,gp,simple,Yes,,,,0,120,set_25,GP_prob,simple_question,prob,not annotated upstream,the van,,True,attachment,amouyal:60,reg,False,reg_base,f074e707795a536b257737fada96058226091e2342026db3150262753879533c,228,0.44391992688179016,0.9995673894882202,0.44391992688179016,0, No,f93b1741f480c25336727fa530cd617157eda19db1a3822020c8fe6919a4169b
amouyal:61,amouyal,NPZ,gp,lingering,No,,,,0,121,set_25,GP_prob,GP_question,prob,not annotated upstream,the van,,True,event,amouyal:61,reg,False,reg_base,1fdb0b8f4918129bbc3dbec83dedf5dd2e8318093daef4581ec390198f43c310,217,0.9998443722724915,0.9995403289794922,0.00015562772750854492,0, Yes,
amouyal:61:attachment,amouyal,NPZ,gp,lingering,No,,,,0,121,set_25,GP_prob,GP_question,prob,not annotated upstream,the van,,True,attachment,amouyal:61,reg,False,reg_base,0acc149f39256b42b99c16879850ebaf6fb7986ab9fa130ced9517334d7942ef,231,0.7779874205589294,0.9993125796318054,0.22201257944107056,0, Yes,de7e8f39adea3de250e903fb3e590f3f68ea1089b09a4825893a95faa319da40
amouyal:62,amouyal,NPZ,non_gp,simple,Yes,,,,0,124,set_25,nonGP_prob,simple_question,prob,not annotated upstream,the van,,True,event,amouyal:62,reg,False,reg_base,7e940b0c4e491efd6b8eedc6c434739f53d3e5b985d78eabb82a2141ae8af0c6,217,0.9999947547912598,0.9996359944343567,0.9999947547912598,1, Yes,
amouyal:62:attachment,amouyal,NPZ,non_gp,simple,Yes,,,,0,124,set_25,nonGP_prob,simple_question,prob,not annotated upstream,the van,,True,attachment,amouyal:62,reg,False,reg_base,ff73e6392a9ac12ee29bda4c702d211d66a96f1ad5af34f8a6ef251108b1a81f,228,0.9997965693473816,0.9987164735794067,0.9997965693473816,1, Yes,f93b1741f480c25336727fa530cd617157eda19db1a3822020c8fe6919a4169b
amouyal:63,amouyal,NPZ,non_gp,lingering,No,,,,0,125,set_25,nonGP_prob,GP_question,prob,not annotated upstream,the van,,True,event,amouyal:63,reg,False,reg_base,5e18c37fd69cd89c50d80c57cde939dc89633c713f28557426cd7d58d650502c,217,0.9989500045776367,0.999301552772522,0.0010499954223632812,0, Yes,
amouyal:63:attachment,amouyal,NPZ,non_gp,lingering,No,,,,0,125,set_25,nonGP_prob,GP_question,prob,not annotated upstream,the van,,True,attachment,amouyal:63,reg,False,reg_base,adee4d739f708ededaa4064d485ccb4bc5cb5f5ccaf49ee1c809611d46967850,231,0.10332874208688736,0.9995596408843994,0.8966712579131126,1, No,de7e8f39adea3de250e903fb3e590f3f68ea1089b09a4825893a95faa319da40
amouyal:64,amouyal,NPZ,gp,simple,Yes,,,,0,128,set_26,GP_prob,simple_question,prob,not annotated upstream,the dog,,True,event,amouyal:64,reg,False,reg_base,75ce22a4394672147af170e46fb15a4034eaf6e7006bcad1ba3aaba0abf542c4,218,0.9998464584350586,0.9990216493606567,0.9998464584350586,1, Yes,
amouyal:64:attachment,amouyal,NPZ,gp,simple,Yes,,,,0,128,set_26,GP_prob,simple_question,prob,not annotated upstream,the dog,,True,attachment,amouyal:64,reg,False,reg_base,f50bee9b464b084757ac15f1ad0e7b3f0d6cbc853490e7db364d09cd1d106bb3,228,3.9352984458673745e-05,0.9999637603759766,3.9352984458673745e-05,0, No,569c848c9106db4be58942a3f7449615861d703b63c040ecd54b180f9f6dced7
amouyal:65,amouyal,NPZ,gp,lingering,No,,,,0,129,set_26,GP_prob,GP_question,prob,not annotated upstream,the dog,,True,event,amouyal:65,reg,False,reg_base,b8a336ab2b1c5e709facd9724dcbb262e18f1aff85e1325bf2ff1e83bbd2b37d,216,1.954629442479927e-05,0.9998990893363953,0.9999804537055752,1, No,
amouyal:65:attachment,amouyal,NPZ,gp,lingering,No,,,,0,129,set_26,GP_prob,GP_question,prob,not annotated upstream,the dog,,True,attachment,amouyal:65,reg,False,reg_base,7a5dde5be4ea023209a7a609e0b48dceba81393a4365e9d0687f21a581b2ee93,231,0.04391155019402504,0.999665379524231,0.956088449805975,1, No,c7c0720618c619f1c5a4312bf7a8ba621df2a4379443d1dd2c7a5604cd4f0dc4
amouyal:66,amouyal,NPZ,non_gp,simple,Yes,,,,0,132,set_26,nonGP_prob,simple_question,prob,not annotated upstream,the dog,,True,event,amouyal:66,reg,False,reg_base,7a5db44723b9d38d1beafa474c0ba18776a2adb0a0f31e480e42946f9ebc8e1d,218,0.9999945759773254,0.9990329146385193,0.9999945759773254,1, Yes,
amouyal:66:attachment,amouyal,NPZ,non_gp,simple,Yes,,,,0,132,set_26,nonGP_prob,simple_question,prob,not annotated upstream,the dog,,True,attachment,amouyal:66,reg,False,reg_base,bbec8d8d606a0162d97b6ff0f141556fc6c9f35f4479e2078074d680b7604bc0,228,0.9999132752418518,0.9979408979415894,0.9999132752418518,1, Yes,569c848c9106db4be58942a3f7449615861d703b63c040ecd54b180f9f6dced7
amouyal:67,amouyal,NPZ,non_gp,lingering,No,,,,0,133,set_26,nonGP_prob,GP_question,prob,not annotated upstream,the dog,,True,event,amouyal:67,reg,False,reg_base,661f8b6eb7153b80ce3c86e6955065829d9e6ebfad92172d6ccda149617845ac,216,6.815733394338608e-11,0.9999147057533264,0.9999999999318426,1, No,
amouyal:67:attachment,amouyal,NPZ,non_gp,lingering,No,,,,0,133,set_26,nonGP_prob,GP_question,prob,not annotated upstream,the dog,,True,attachment,amouyal:67,reg,False,reg_base,5a8e8fd7d61d27732a620c97dc7eaeca2714a2ed30b390d1e25bc641393f0d9b,231,4.943747990182601e-05,0.9999237656593323,0.9999505625200982,1, No,c7c0720618c619f1c5a4312bf7a8ba621df2a4379443d1dd2c7a5604cd4f0dc4
amouyal:68,amouyal,NPZ,gp,simple,Yes,,,,0,136,set_27,GP_prob,simple_question,prob,not annotated upstream,the pipe,,True,event,amouyal:68,reg,False,reg_base,521babf08d07e0069d38c65c340756a72d7ec4631e03af0af9852ae532eaf570,216,0.9999915957450867,0.999607503414154,0.9999915957450867,1, Yes,
amouyal:68:attachment,amouyal,NPZ,gp,simple,Yes,,,,0,136,set_27,GP_prob,simple_question,prob,not annotated upstream,the pipe,,True,attachment,amouyal:68,reg,False,reg_base,716c6f19ddf4c8c01707b1012d50eadf7974eb8de84099fbda9924f868674b3b,228,0.0007530803559347987,0.9999556541442871,0.0007530803559347987,0, No,3112300644488fd2e6b1656428178e4d2e916ae1f241c381a07772dabc3ab949
amouyal:69,amouyal,NPZ,gp,lingering,No,,,,0,137,set_27,GP_prob,GP_question,prob,not annotated upstream,the pipe,,True,event,amouyal:69,reg,False,reg_base,ef14ce643c2033bcb393c51653f92310e3813e6cbd98ed809828dd1e430d31c3,217,0.999904990196228,0.9994292259216309,9.500980377197266e-05,0, Yes,
amouyal:69:attachment,amouyal,NPZ,gp,lingering,No,,,,0,137,set_27,GP_prob,GP_question,prob,not annotated upstream,the pipe,,True,attachment,amouyal:69,reg,False,reg_base,08bd0b215b5f6644141fe2100d599efd88edfc0c2ab382b1145dca08565adf83,231,0.9807977676391602,0.9991636276245117,0.019202232360839844,0, Yes,21fc219220c3ebef1aca87d2a18752ee930ddbc9b5c320fcd01344cc47b71b15
amouyal:70,amouyal,NPZ,non_gp,simple,Yes,,,,0,140,set_27,nonGP_prob,simple_question,prob,not annotated upstream,the pipe,,True,event,amouyal:70,reg,False,reg_base,25d3d8809009cd62744b8d40f98efb141ad35eabbab425be7e73ebffa5a5d0f4,216,0.9999933838844299,0.9991931319236755,0.9999933838844299,1, Yes,
amouyal:70:attachment,amouyal,NPZ,non_gp,simple,Yes,,,,0,140,set_27,nonGP_prob,simple_question,prob,not annotated upstream,the pipe,,True,attachment,amouyal:70,reg,False,reg_base,3a5407a3299a4a63767f56fe075f8c0396e59f38b2da0bee1fbead7932b17e67,228,0.9989300966262817,0.9987452626228333,0.9989300966262817,1, Yes,3112300644488fd2e6b1656428178e4d2e916ae1f241c381a07772dabc3ab949
amouyal:71,amouyal,NPZ,non_gp,lingering,No,,,,0,141,set_27,nonGP_prob,GP_question,prob,not annotated upstream,the pipe,,True,event,amouyal:71,reg,False,reg_base,30d60ca780d33e2f37994a83ae01276ff3c6359d3686220c9f5aaab08c35dceb,217,0.19351539015769958,0.9955167770385742,0.8064846098423004,1, No,
amouyal:71:attachment,amouyal,NPZ,non_gp,lingering,No,,,,0,141,set_27,nonGP_prob,GP_question,prob,not annotated upstream,the pipe,,True,attachment,amouyal:71,reg,False,reg_base,c8026991e7788c1cb8d6d5047fb8fd6fcfe993159df83b88c390adc31a1211ac,231,0.011894052848219872,0.9997963905334473,0.9881059471517801,1, No,21fc219220c3ebef1aca87d2a18752ee930ddbc9b5c320fcd01344cc47b71b15
amouyal:72,amouyal,NPZ,gp,simple,Yes,,,,0,144,set_28,GP_prob,simple_question,prob,not annotated upstream,the dancer,,True,event,amouyal:72,reg,False,reg_base,ddb4c1d1a50dcfe39fbadd8738a2179e3889cad791ae365d4dcbc8cf7e91dda4,217,0.9998155832290649,0.9989233016967773,0.9998155832290649,1, Yes,
amouyal:72:attachment,amouyal,NPZ,gp,simple,Yes,,,,0,144,set_28,GP_prob,simple_question,prob,not annotated upstream,the dancer,,True,attachment,amouyal:72,reg,False,reg_base,48f579e679cde603a21e5de863586c2919e504dab2ad635aa629016c38a87651,228,0.0016760576982051134,0.9999151229858398,0.0016760576982051134,0, No,3d89a24ab8fe8348e8431fa2066f8b5bc0d948c9e19b0495316e270873406d96
amouyal:73,amouyal,NPZ,gp,lingering,No,,,,0,145,set_28,GP_prob,GP_question,prob,not annotated upstream,the dancer,,True,event,amouyal:73,reg,False,reg_base,e8a2d764593e25dba8eb896944dafb529d0f3e991151b1ccc20c57d542fe044d,217,0.24374209344387054,0.9969637393951416,0.7562579065561295,1, No,
amouyal:73:attachment,amouyal,NPZ,gp,lingering,No,,,,0,145,set_28,GP_prob,GP_question,prob,not annotated upstream,the dancer,,True,attachment,amouyal:73,reg,False,reg_base,88abc9f522e637970ed744d798e3662b9587fbe4bf8e2c51e43681e6cb500111,231,0.1691375970840454,0.9992755651473999,0.8308624029159546,1, No,c6cbaa178ae4c6c3a19f756fd7bcfa760b94db5dd685d05f494a82ffe1ee8f15
amouyal:74,amouyal,NPZ,non_gp,simple,Yes,,,,0,148,set_28,nonGP_prob,simple_question,prob,not annotated upstream,the dancer,,True,event,amouyal:74,reg,False,reg_base,b35c0afc2120e39d35b886e285b10e42b9299e9d578fe449752dfb9b352a33d9,217,0.9999952912330627,0.999075174331665,0.9999952912330627,1, Yes,
amouyal:74:attachment,amouyal,NPZ,non_gp,simple,Yes,,,,0,148,set_28,nonGP_prob,simple_question,prob,not annotated upstream,the dancer,,True,attachment,amouyal:74,reg,False,reg_base,9ffedc7e2baf192d66db2b576c81fdf3d58a5f66c0c6bc8c405c4f136e61ac4b,228,0.9999865293502808,0.996878445148468,0.9999865293502808,1, Yes,3d89a24ab8fe8348e8431fa2066f8b5bc0d948c9e19b0495316e270873406d96
amouyal:75,amouyal,NPZ,non_gp,lingering,No,,,,0,149,set_28,nonGP_prob,GP_question,prob,not annotated upstream,the dancer,,True,event,amouyal:75,reg,False,reg_base,5c472d5f5a0499d3d1fb45f2292987697491a3b8eb23a7f0a11fa87e4d4eef6b,217,0.0001984386908588931,0.9998546242713928,0.9998015613091411,1, No,
amouyal:75:attachment,amouyal,NPZ,non_gp,lingering,No,,,,0,149,set_28,nonGP_prob,GP_question,prob,not annotated upstream,the dancer,,True,attachment,amouyal:75,reg,False,reg_base,b11183e52cbaca56178d4c14a589fa08672980c835f6ef4ecc8e93fcc2d3c42c,231,7.18071805749787e-06,0.9999532103538513,0.9999928192819425,1, No,c6cbaa178ae4c6c3a19f756fd7bcfa760b94db5dd685d05f494a82ffe1ee8f15
amouyal:76,amouyal,NPZ,gp,simple,Yes,,,,0,152,set_29,GP_prob,simple_question,prob,not annotated upstream,the opponent,,True,event,amouyal:76,reg,False,reg_base,cd92d576656db3457b3304e3a5f27a7b93ff3ebcb9446cfebc07f1ea210105bb,216,0.9999827146530151,0.9997112154960632,0.9999827146530151,1, Yes,
amouyal:76:attachment,amouyal,NPZ,gp,simple,Yes,,,,0,152,set_29,GP_prob,simple_question,prob,not annotated upstream,the opponent,,True,attachment,amouyal:76,reg,False,reg_base,0b26b85d0889899d899a0c1a96f7d941990688324ae226080d1867aa043a1ca3,228,2.1548933091253275e-06,0.9999746084213257,2.1548933091253275e-06,0, No,debc57787e129658b8442c2136d87166eba83c4451f37dcf8bebc5aca594a803
amouyal:77,amouyal,NPZ,gp,lingering,No,,,,0,153,set_29,GP_prob,GP_question,prob,not annotated upstream,the opponent,,True,event,amouyal:77,reg,False,reg_base,1059e772b4efd6777663192fe1c85746fce53744d5ae1d33d2767ec7e8ce9994,218,0.999583899974823,0.9993942975997925,0.00041610002517700195,0, Yes,
amouyal:77:attachment,amouyal,NPZ,gp,lingering,No,,,,0,153,set_29,GP_prob,GP_question,prob,not annotated upstream,the opponent,,True,attachment,amouyal:77,reg,False,reg_base,fd03a7945e0d84e872bc84a739cb8dbf2f6bbe06a3a02dbf1e0ee510f0428787,231,0.2747041583061218,0.9993755221366882,0.7252958416938782,1, No,303a41ab2e9cfe7baea104af739a035489b3f5a7c08404577451b0ebb8726dee
amouyal:78,amouyal,NPZ,non_gp,simple,Yes,,,,0,156,set_29,nonGP_prob,simple_question,prob,not annotated upstream,the opponent,,True,event,amouyal:78,reg,False,reg_base,d5b823dffa6e8dc05205dc342679ad9ed58e44f3778537a6e1cd35fce8b743c4,216,0.999996542930603,0.9993368983268738,0.999996542930603,1, Yes,
amouyal:78:attachment,amouyal,NPZ,non_gp,simple,Yes,,,,0,156,set_29,nonGP_prob,simple_question,prob,not annotated upstream,the opponent,,True,attachment,amouyal:78,reg,False,reg_base,4f1027ba715c36b14dac7927c79249bb204fad4ac0c09cc3828d51f354c11563,228,0.9986770153045654,0.9982130527496338,0.9986770153045654,1, Yes,debc57787e129658b8442c2136d87166eba83c4451f37dcf8bebc5aca594a803
amouyal:79,amouyal,NPZ,non_gp,lingering,No,,,,0,157,set_29,nonGP_prob,GP_question,prob,not annotated upstream,the opponent,,True,event,amouyal:79,reg,False,reg_base,c24c5470c45eba59604bae825d3fe155c348c580b6c1b5320973936e61681d24,218,0.6037836670875549,0.9980155229568481,0.39621633291244507,0, Yes,
amouyal:79:attachment,amouyal,NPZ,non_gp,lingering,No,,,,0,157,set_29,nonGP_prob,GP_question,prob,not annotated upstream,the opponent,,True,attachment,amouyal:79,reg,False,reg_base,d60625a4f1d40a23f1eb77fdf3f14e3f9633b71d0600649d7ed13899dfd0de29,231,0.00021245362586341798,0.9998970627784729,0.9997875463741366,1, No,303a41ab2e9cfe7baea104af739a035489b3f5a7c08404577451b0ebb8726dee
amouyal:80,amouyal,NPZ,gp,simple,Yes,,,,0,160,set_30,GP_prob,simple_question,prob,not annotated upstream,the enemy,,True,event,amouyal:80,reg,False,reg_base,9c8f491f1b8af5fe4cd1c17091f2c050e3cae4d224d143b609190b187c887af9,213,0.999993085861206,0.999484121799469,0.999993085861206,1, Yes,
amouyal:80:attachment,amouyal,NPZ,gp,simple,Yes,,,,0,160,set_30,GP_prob,simple_question,prob,not annotated upstream,the enemy,,True,attachment,amouyal:80,reg,False,reg_base,7f821453c5a2499e1a7a6bc0b19afddc7b4c028555ad59141464015ac7584141,226,4.307304334361106e-05,0.9999688267707825,4.307304334361106e-05,0, No,5e4bfe8eb190c287fbef90389674b62a5d37c52bce925fd516b60e73ac8db887
amouyal:81,amouyal,NPZ,gp,lingering,No,,,,0,161,set_30,GP_prob,GP_question,prob,not annotated upstream,the enemy,,True,event,amouyal:81,reg,False,reg_base,5656de991519293c23806be1cbba898430e84ee33099d569a4c4a2015d926487,215,0.9998030066490173,0.9991350173950195,0.00019699335098266602,0, Yes,
amouyal:81:attachment,amouyal,NPZ,gp,lingering,No,,,,0,161,set_30,GP_prob,GP_question,prob,not annotated upstream,the enemy,,True,attachment,amouyal:81,reg,False,reg_base,baabaceaf2b1ace9975bf652c8e7b3afa9ceea023a21130570d579ae3bf82275,229,0.7216832637786865,0.998960018157959,0.2783167362213135,0, Yes,34becabc57f53458768c586c60f70a1bd93b4f9372db7fe757ca321a98508f61
amouyal:82,amouyal,NPZ,non_gp,simple,Yes,,,,0,164,set_30,nonGP_prob,simple_question,prob,not annotated upstream,the enemy,,True,event,amouyal:82,reg,False,reg_base,e0c26fc81cc0028ad5409236603621de139d44216585a25d2ecf1dcb354b6b0a,213,0.9999979138374329,0.9994954466819763,0.9999979138374329,1, Yes,
amouyal:82:attachment,amouyal,NPZ,non_gp,simple,Yes,,,,0,164,set_30,nonGP_prob,simple_question,prob,not annotated upstream,the enemy,,True,attachment,amouyal:82,reg,False,reg_base,285e743f9173cfc143d04931794bf28cefbd0645fbb924e70c84dfb7b9e7501c,226,0.9973782896995544,0.997456431388855,0.9973782896995544,1, Yes,5e4bfe8eb190c287fbef90389674b62a5d37c52bce925fd516b60e73ac8db887
amouyal:83,amouyal,NPZ,non_gp,lingering,No,,,,0,165,set_30,nonGP_prob,GP_question,prob,not annotated upstream,the enemy,,True,event,amouyal:83,reg,False,reg_base,f179f2b9770bc0e135670bb5c9ea2f1a1070c945aa826ad9de8a5305eb77dc80,215,0.9987998008728027,0.9986565709114075,0.0012001991271972656,0, Yes,
amouyal:83:attachment,amouyal,NPZ,non_gp,lingering,No,,,,0,165,set_30,nonGP_prob,GP_question,prob,not annotated upstream,the enemy,,True,attachment,amouyal:83,reg,False,reg_base,749d12bbf2be167603ac759a5f76ac8d3a10b93ce57af401a496702bef311047,229,0.00560373067855835,0.9998311400413513,0.9943962693214417,1, No,34becabc57f53458768c586c60f70a1bd93b4f9372db7fe757ca321a98508f61
amouyal:84,amouyal,NPZ,gp,simple,Yes,,,,0,168,set_31,GP_prob,simple_question,prob,not annotated upstream,the steak,,True,event,amouyal:84,reg,False,reg_base,5bd1e493ab646b426f57f373d0b9ed36cf5d60222be44671a08e0fac9e0b1268,219,0.9999275803565979,0.9995750188827515,0.9999275803565979,1, Yes,
amouyal:84:attachment,amouyal,NPZ,gp,simple,Yes,,,,0,168,set_31,GP_prob,simple_question,prob,not annotated upstream,the steak,,True,attachment,amouyal:84,reg,False,reg_base,9288f385dc7a561229e755c4faf2a2b7fc8698e554f180153e1a87418384a462,229,3.871106812880498e-08,0.9999889135360718,3.871106812880498e-08,0, No,10c61f0dee3601a63ec8e54f3d14022ec36584c32d7e98b85327abb5bc07084e
amouyal:85,amouyal,NPZ,gp,lingering,No,,,,0,169,set_31,GP_prob,GP_question,prob,not annotated upstream,the steak,,True,event,amouyal:85,reg,False,reg_base,a5e5c046dab93c86e04cb4511c9e31cd6568186b5e506c47a23db5a726322cbb,217,0.8659691214561462,0.99910569190979,0.13403087854385376,0, Yes,
amouyal:85:attachment,amouyal,NPZ,gp,lingering,No,,,,0,169,set_31,GP_prob,GP_question,prob,not annotated upstream,the steak,,True,attachment,amouyal:85,reg,False,reg_base,e9cac7d15db1dbed72339fc5b831f2d11d785b0068c1a38572c934736a67f31a,232,0.05272243171930313,0.9998214244842529,0.9472775682806969,1, No,d5a170025db7e715a63345b9ed6455c7001a55cd848a0978e903d8fd979a9599
amouyal:86,amouyal,NPZ,non_gp,simple,Yes,,,,0,172,set_31,nonGP_prob,simple_question,prob,not annotated upstream,the steak,,True,event,amouyal:86,reg,False,reg_base,5253e494473f3f113af5c567e026bec76420bd7f6df85349936336f27b02424e,219,0.9999968409538269,0.9996321201324463,0.9999968409538269,1, Yes,
amouyal:86:attachment,amouyal,NPZ,non_gp,simple,Yes,,,,0,172,set_31,nonGP_prob,simple_question,prob,not annotated upstream,the steak,,True,attachment,amouyal:86,reg,False,reg_base,3ae87d2e61fe00c2cb755a0a26a86f7c5d60149746e7a42ff50396814b676b1c,229,0.7351548671722412,0.9992308616638184,0.7351548671722412,1, Yes,10c61f0dee3601a63ec8e54f3d14022ec36584c32d7e98b85327abb5bc07084e
amouyal:87,amouyal,NPZ,non_gp,lingering,No,,,,0,173,set_31,nonGP_prob,GP_question,prob,not annotated upstream,the steak,,True,event,amouyal:87,reg,False,reg_base,7b27c6da25cfbfa6a620de9fdff5e2a5f00f891446267b459431a45f9c43f50b,217,0.8841803669929504,0.9997305870056152,0.11581963300704956,0, Yes,
amouyal:87:attachment,amouyal,NPZ,non_gp,lingering,No,,,,0,173,set_31,nonGP_prob,GP_question,prob,not annotated upstream,the steak,,True,attachment,amouyal:87,reg,False,reg_base,b209c79de03b3661765b2621d0784a58633f796b5c353991341333d9ecedd57a,232,0.2572495639324188,0.9995145797729492,0.7427504360675812,1, No,d5a170025db7e715a63345b9ed6455c7001a55cd848a0978e903d8fd979a9599
amouyal:88,amouyal,NPZ,gp,simple,Yes,,,,0,176,set_32,GP_prob,simple_question,prob,not annotated upstream,the turkey,,True,event,amouyal:88,reg,False,reg_base,8a478a240b07d362e6963502c3cde36308385ee166b1b143bc3c7efb8e568c7e,218,0.9993080496788025,0.9990039467811584,0.9993080496788025,1, Yes,
amouyal:88:attachment,amouyal,NPZ,gp,simple,Yes,,,,0,176,set_32,GP_prob,simple_question,prob,not annotated upstream,the turkey,,True,attachment,amouyal:88,reg,False,reg_base,7c7d84c8ad39946de8048837c6ad55857dece13e8d978693a5eea939e9285f7b,228,2.9984737466293154e-06,0.9999772310256958,2.9984737466293154e-06,0, No,97c2e53a2068e89663e2969255c629ebfe0239cc68aba6a14696373bb4da1ad1
amouyal:89,amouyal,NPZ,gp,lingering,No,,,,0,177,set_32,GP_prob,GP_question,prob,not annotated upstream,the turkey,,True,event,amouyal:89,reg,False,reg_base,44bae169c6e46ca48760fc9453114c1398f3c76dca1e5da72bf1b6c0d67dea74,216,0.5712035298347473,0.9985164403915405,0.4287964701652527,0, Yes,
amouyal:89:attachment,amouyal,NPZ,gp,lingering,No,,,,0,177,set_32,GP_prob,GP_question,prob,not annotated upstream,the turkey,,True,attachment,amouyal:89,reg,False,reg_base,fc13aa8358488f10ca8e3dc82bf2fd4498346eaec95489498357ca47b4152639,231,0.05400155857205391,0.9997230172157288,0.9459984414279461,1, No,33da65c0d6dd1f408a48fab7b4b693d2c1e6046948fc4102bb6e181d2dfcb708
amouyal:90,amouyal,NPZ,non_gp,simple,Yes,,,,0,180,set_32,nonGP_prob,simple_question,prob,not annotated upstream,the turkey,,True,event,amouyal:90,reg,False,reg_base,5a9e13809c0cf6443a390e31145cb6014294b10d1f734e103d0ec657a23b384a,218,0.9999985694885254,0.9994259476661682,0.9999985694885254,1, Yes,
amouyal:90:attachment,amouyal,NPZ,non_gp,simple,Yes,,,,0,180,set_32,nonGP_prob,simple_question,prob,not annotated upstream,the turkey,,True,attachment,amouyal:90,reg,False,reg_base,3f0245af2a3d10721d02c140bf6cb7d9f2bbe1c7878d8f4e6c8a03785d5d9b1d,228,0.9998450875282288,0.9984129667282104,0.9998450875282288,1, Yes,97c2e53a2068e89663e2969255c629ebfe0239cc68aba6a14696373bb4da1ad1
amouyal:91,amouyal,NPZ,non_gp,lingering,No,,,,0,181,set_32,nonGP_prob,GP_question,prob,not annotated upstream,the turkey,,True,event,amouyal:91,reg,False,reg_base,db32b943da2af83f6604456ded5c647fef61f9ef88f31c737c402fb74e7b71e5,216,3.364914596959423e-11,0.9999713897705078,0.9999999999663508,1, No,
amouyal:91:attachment,amouyal,NPZ,non_gp,lingering,No,,,,0,181,set_32,nonGP_prob,GP_question,prob,not annotated upstream,the turkey,,True,attachment,amouyal:91,reg,False,reg_base,21b0d8169b7214c368c5663bf5d41a98025768b1d2d8d4f40e762d94597544e2,231,3.513734191074036e-05,0.9999523162841797,0.9999648626580893,1, No,33da65c0d6dd1f408a48fab7b4b693d2c1e6046948fc4102bb6e181d2dfcb708
amouyal:92,amouyal,NPZ,gp,simple,Yes,,,,0,184,set_33,GP_prob,simple_question,prob,not annotated upstream,the bread,,True,event,amouyal:92,reg,False,reg_base,8cd10b9ddaf970ca261a2dc349f69b84fcc670f75c55a977f7ec47db0a3155fe,218,0.9998312592506409,0.9997891187667847,0.9998312592506409,1, Yes,
amouyal:92:attachment,amouyal,NPZ,gp,simple,Yes,,,,0,184,set_33,GP_prob,simple_question,prob,not annotated upstream,the bread,,True,attachment,amouyal:92,reg,False,reg_base,181638dbb6cfa4922c7a30f01c23b58b96da37e69e93c14eb9c3f96676f6b519,228,0.0003666117845568806,0.9999617338180542,0.0003666117845568806,0, No,22b229dac9ecc8a3182be9659f03b6c628709057d26988df3e9b01c3ecd60a8a
amouyal:93,amouyal,NPZ,gp,lingering,No,,,,0,185,set_33,GP_prob,GP_question,prob,not annotated upstream,the bread,,True,event,amouyal:93,reg,False,reg_base,46f32ac42b052039387339e28e823d2b60a90dce8c67467c01890725df3996fb,216,0.9977628588676453,0.9995148181915283,0.0022371411323547363,0, Yes,
amouyal:93:attachment,amouyal,NPZ,gp,lingering,No,,,,0,185,set_33,GP_prob,GP_question,prob,not annotated upstream,the bread,,True,attachment,amouyal:93,reg,False,reg_base,6a82afec2ffb7a5aa45f5ca1d294e466c286fc09fa01d915501b51838aa2a241,231,0.46577438712120056,0.9992915391921997,0.5342256128787994,1, No,929d238bb75b61083736aa7697276b01873404113c843f23e39b791fe633eacd
amouyal:94,amouyal,NPZ,non_gp,simple,Yes,,,,0,188,set_33,nonGP_prob,simple_question,prob,not annotated upstream,the bread,,True,event,amouyal:94,reg,False,reg_base,9ebd5ea8f0001b725c2897c1b0d598a26a12aab4d3e4e404af0b284d126ecffb,218,0.9999954104423523,0.9996124505996704,0.9999954104423523,1, Yes,
amouyal:94:attachment,amouyal,NPZ,non_gp,simple,Yes,,,,0,188,set_33,nonGP_prob,simple_question,prob,not annotated upstream,the bread,,True,attachment,amouyal:94,reg,False,reg_base,983bd27b4b3d3326453f00464ce2e41f43443ba0f0e04b01eb3bb80817235953,228,0.9990147948265076,0.9987995624542236,0.9990147948265076,1, Yes,22b229dac9ecc8a3182be9659f03b6c628709057d26988df3e9b01c3ecd60a8a
amouyal:95,amouyal,NPZ,non_gp,lingering,No,,,,0,189,set_33,nonGP_prob,GP_question,prob,not annotated upstream,the bread,,True,event,amouyal:95,reg,False,reg_base,1541b8df347a521c7848de38a292f29fd73a4c529c4921e380dbee8f4f6c2811,216,0.9999603033065796,0.9992696046829224,3.9696693420410156e-05,0, Yes,
amouyal:95:attachment,amouyal,NPZ,non_gp,lingering,No,,,,0,189,set_33,nonGP_prob,GP_question,prob,not annotated upstream,the bread,,True,attachment,amouyal:95,reg,False,reg_base,dbc4c7f0595764a11fe51dacca57c63c1aba0b06c7d992ca06586238fb94804d,231,0.8767122030258179,0.9987841844558716,0.12328779697418213,0, Yes,929d238bb75b61083736aa7697276b01873404113c843f23e39b791fe633eacd
amouyal:96,amouyal,NPZ,gp,simple,Yes,,,,0,192,set_34,GP_prob,simple_question,prob,not annotated upstream,the team,,True,event,amouyal:96,reg,False,reg_base,0209ff07aeb83efa78ef9bbda46c52f5808d44714b348a5d452a8005ef4fd534,217,0.999854564666748,0.9994937777519226,0.999854564666748,1, Yes,
amouyal:96:attachment,amouyal,NPZ,gp,simple,Yes,,,,0,192,set_34,GP_prob,simple_question,prob,not annotated upstream,the team,,True,attachment,amouyal:96,reg,False,reg_base,5a4b64c30fd88f40862bd165309f6ab3edf0efc5c830731c116586705d1fee84,228,0.07657376676797867,0.9997270703315735,0.07657376676797867,0, No,595f45192859bc2cc7d019465135e21f4800d01bec7981bb1f9386606d6453c6
amouyal:97,amouyal,NPZ,gp,lingering,No,,,,0,193,set_34,GP_prob,GP_question,prob,not annotated upstream,the team,,True,event,amouyal:97,reg,False,reg_base,20e324481ad3d4981fe29f45a6b1e7c0cdc75fca3d16258c29ffd381e0aa0a6e,217,0.9966038465499878,0.9996249079704285,0.003396153450012207,0, Yes,
amouyal:97:attachment,amouyal,NPZ,gp,lingering,No,,,,0,193,set_34,GP_prob,GP_question,prob,not annotated upstream,the team,,True,attachment,amouyal:97,reg,False,reg_base,9454b8853ebffc228a690c51f7d1c74029bd683485586f2a38ac5551b5620a12,231,0.05204867199063301,0.9995927810668945,0.947951328009367,1, No,a6b4237997fa5f77db32ebd4c8d8af5d4585ba4195df7132e7af527e6eb6e4a7
amouyal:98,amouyal,NPZ,non_gp,simple,Yes,,,,0,196,set_34,nonGP_prob,simple_question,prob,not annotated upstream,the team,,True,event,amouyal:98,reg,False,reg_base,510aecd90c3877bbf4b984c226966137b1d63f1e092fc4d7429e5be60b2acd7a,217,0.9999983310699463,0.9995803833007812,0.9999983310699463,1, Yes,
amouyal:98:attachment,amouyal,NPZ,non_gp,simple,Yes,,,,0,196,set_34,nonGP_prob,simple_question,prob,not annotated upstream,the team,,True,attachment,amouyal:98,reg,False,reg_base,4ead019fb8345bb0a887c17a8fcabfd74caca3d45986fa2daa90f756958c49c0,228,0.9999881982803345,0.9977650046348572,0.9999881982803345,1, Yes,595f45192859bc2cc7d019465135e21f4800d01bec7981bb1f9386606d6453c6
amouyal:99,amouyal,NPZ,non_gp,lingering,No,,,,0,197,set_34,nonGP_prob,GP_question,prob,not annotated upstream,the team,,True,event,amouyal:99,reg,False,reg_base,1e7a65cc3848b93a3f63cb1c5a09f9323592102330df70f869909f414cc6e486,217,0.09157238900661469,0.9998153448104858,0.9084276109933853,1, No,
amouyal:99:attachment,amouyal,NPZ,non_gp,lingering,No,,,,0,197,set_34,nonGP_prob,GP_question,prob,not annotated upstream,the team,,True,attachment,amouyal:99,reg,False,reg_base,ffc089ed06b239d17e3f61d791783f0091825587c58d67c5d4d6d747695c17d8,231,1.3608892913907766e-05,0.9999330043792725,0.9999863911070861,1, No,a6b4237997fa5f77db32ebd4c8d8af5d4585ba4195df7132e7af527e6eb6e4a7
amouyal:100,amouyal,NPZ,gp,simple,Yes,,,,0,200,set_35,GP_prob,simple_question,prob,not annotated upstream,the floor,,True,event,amouyal:100,reg,False,reg_base,bf02996b04536c4213b723dddc60ff0c5a6a018189d5715d73dc233f30a71f19,219,0.9998815655708313,0.9996538758277893,0.9998815655708313,1, Yes,
amouyal:100:attachment,amouyal,NPZ,gp,simple,Yes,,,,0,200,set_35,GP_prob,simple_question,prob,not annotated upstream,the floor,,True,attachment,amouyal:100,reg,False,reg_base,a24a243f764fad300efc915379720f305b1444e42aa3139587e96e4c6af78ab2,230,0.0006101861363276839,0.9999377131462097,0.0006101861363276839,0, No,22d0123a529ca150cef241482911e7ed8133487253480f560f145e81b1cbc05e
amouyal:101,amouyal,NPZ,gp,lingering,No,,,,0,201,set_35,GP_prob,GP_question,prob,not annotated upstream,the floor,,True,event,amouyal:101,reg,False,reg_base,036957288c663f248d2af1a53ddcd9363f011e284ba8e10b40bda882602a9b89,219,0.8472819924354553,0.997901201248169,0.15271800756454468,0, Yes,
amouyal:101:attachment,amouyal,NPZ,gp,lingering,No,,,,0,201,set_35,GP_prob,GP_question,prob,not annotated upstream,the floor,,True,attachment,amouyal:101,reg,False,reg_base,727dbd21cda8c7d1cae6254cf0468faef0a7cb8ef440f60f780d8dca3f2686ad,233,0.5046873092651367,0.9989584684371948,0.4953126907348633,0, Yes,f38375793d9666f0c5f3b9a69cefa85088fa93199230d185d4d380fca6a26713
amouyal:102,amouyal,NPZ,non_gp,simple,Yes,,,,0,204,set_35,nonGP_prob,simple_question,prob,not annotated upstream,the floor,,True,event,amouyal:102,reg,False,reg_base,67e46d9b78b2ea53283efee46f7ecdebaf269ded7e018c3841623f017822d74d,219,0.9999879598617554,0.9997888207435608,0.9999879598617554,1, Yes,
amouyal:102:attachment,amouyal,NPZ,non_gp,simple,Yes,,,,0,204,set_35,nonGP_prob,simple_question,prob,not annotated upstream,the floor,,True,attachment,amouyal:102,reg,False,reg_base,26434ae84655654fcc37963d5e0f00a90bc0b9d45f23fc39b3f8430500353c64,230,0.9763652086257935,0.9992735385894775,0.9763652086257935,1, Yes,22d0123a529ca150cef241482911e7ed8133487253480f560f145e81b1cbc05e
amouyal:103,amouyal,NPZ,non_gp,lingering,No,,,,0,205,set_35,nonGP_prob,GP_question,prob,not annotated upstream,the floor,,True,event,amouyal:103,reg,False,reg_base,f0cec57281ad59da63e38e6858f6500e2576a6720a345cf44e5fbd252d5f06b2,219,0.9999898076057434,0.9991210699081421,1.0192394256591797e-05,0, Yes,
amouyal:103:attachment,amouyal,NPZ,non_gp,lingering,No,,,,0,205,set_35,nonGP_prob,GP_question,prob,not annotated upstream,the floor,,True,attachment,amouyal:103,reg,False,reg_base,741f9b49a9fc00ea0a55c768dda3c8a694f680592b5fa58bba0d237212261c61,233,0.4029269516468048,0.9994258880615234,0.5970730483531952,1, No,f38375793d9666f0c5f3b9a69cefa85088fa93199230d185d4d380fca6a26713
amouyal:104,amouyal,NPZ,gp,simple,Yes,,,,0,208,set_36,GP_prob,simple_question,prob,not annotated upstream,the meal,,True,event,amouyal:104,reg,False,reg_base,db77acfb80c024d0329f53eaafea5461f58a9fc7ea801c6a5f6c35cc9433e605,217,0.9999315142631531,0.9994784593582153,0.9999315142631531,1, Yes,
amouyal:104:attachment,amouyal,NPZ,gp,simple,Yes,,,,0,208,set_36,GP_prob,simple_question,prob,not annotated upstream,the meal,,True,attachment,amouyal:104,reg,False,reg_base,1b5219799cda9295653455b2086e602ad71906d49546f22e60a7d13749653ec4,228,3.330758772790432e-06,0.9999825954437256,3.330758772790432e-06,0, No,6de689134b17e49f3f08b2362248de0e3f3331335492369e82786a3907120648
amouyal:105,amouyal,NPZ,gp,lingering,No,,,,0,209,set_36,GP_prob,GP_question,prob,not annotated upstream,the meal,,True,event,amouyal:105,reg,False,reg_base,5780c9d8da67a8f4cfed1bfc5e70bc063a7780ef99021cccb8a0e7bde9f992d1,217,0.9895563125610352,0.9995260834693909,0.010443687438964844,0, Yes,
amouyal:105:attachment,amouyal,NPZ,gp,lingering,No,,,,0,209,set_36,GP_prob,GP_question,prob,not annotated upstream,the meal,,True,attachment,amouyal:105,reg,False,reg_base,34e29a51afd509e7ab364920a29a9b4866d821df4d6bf33425f685a8f9eeaa4b,231,0.16154050827026367,0.9996020793914795,0.8384594917297363,1, No,3fe9e15306287f6d097ff7e908881bb8d0b92f68b0c0f885e8d2795c4b065235
amouyal:106,amouyal,NPZ,non_gp,simple,Yes,,,,0,212,set_36,nonGP_prob,simple_question,prob,not annotated upstream,the meal,,True,event,amouyal:106,reg,False,reg_base,0ea594cf024f6c25087c0e8da100c515b00a8d32b601d7eeac485430ecb73e19,217,0.9999990463256836,0.999577522277832,0.9999990463256836,1, Yes,
amouyal:106:attachment,amouyal,NPZ,non_gp,simple,Yes,,,,0,212,set_36,nonGP_prob,simple_question,prob,not annotated upstream,the meal,,True,attachment,amouyal:106,reg,False,reg_base,d283ab4afbed43fc220f38f673384b26f54f5f3f379f058ca23931d22e48306b,228,0.9487854242324829,0.9992812275886536,0.9487854242324829,1, Yes,6de689134b17e49f3f08b2362248de0e3f3331335492369e82786a3907120648
amouyal:107,amouyal,NPZ,non_gp,lingering,No,,,,0,213,set_36,nonGP_prob,GP_question,prob,not annotated upstream,the meal,,True,event,amouyal:107,reg,False,reg_base,79336bca80f6a53a5a56134734cd1a4055cbc64e0602becbc6262e47301b3bec,217,0.9963698387145996,0.9997426867485046,0.0036301612854003906,0, Yes,
amouyal:107:attachment,amouyal,NPZ,non_gp,lingering,No,,,,0,213,set_36,nonGP_prob,GP_question,prob,not annotated upstream,the meal,,True,attachment,amouyal:107,reg,False,reg_base,a4a79e7eced78353be8c3b49dbe564df0695e37fbecb939e180ad84278c35c1c,231,0.0011448453878983855,0.9999384880065918,0.9988551546121016,1, No,3fe9e15306287f6d097ff7e908881bb8d0b92f68b0c0f885e8d2795c4b065235
amouyal:108,amouyal,NPZ,gp,simple,Yes,,,,0,216,set_37,GP_prob,simple_question,prob,not annotated upstream,the homework,,True,event,amouyal:108,reg,False,reg_base,6550c040525c83f11b6e3a432e4f38d085588f5e18e3f89a94ac263ef377e7c8,219,0.13983216881752014,0.9995700120925903,0.13983216881752014,0, No,
amouyal:108:attachment,amouyal,NPZ,gp,simple,Yes,,,,0,216,set_37,GP_prob,simple_question,prob,not annotated upstream,the homework,,True,attachment,amouyal:108,reg,False,reg_base,c49d184907fbbd75479145b00f5043b5dfdcfb061fd34123bd74c758d161e61f,229,1.6818058838907746e-06,0.9999765753746033,1.6818058838907746e-06,0, No,6b874eb8d99879e5d4438cdb2bf79a93547d740a4d460d6912ad3f211e59186d
amouyal:109,amouyal,NPZ,gp,lingering,No,,,,0,217,set_37,GP_prob,GP_question,prob,not annotated upstream,the homework,,True,event,amouyal:109,reg,False,reg_base,be1f96d96701f5cd0cdece8adf4b5ed1d8b4453fa6b1d4530a67093584bad8b2,218,0.9867421984672546,0.9991973042488098,0.013257801532745361,0, Yes,
amouyal:109:attachment,amouyal,NPZ,gp,lingering,No,,,,0,217,set_37,GP_prob,GP_question,prob,not annotated upstream,the homework,,True,attachment,amouyal:109,reg,False,reg_base,a6eec32ffac72a4355cf9ad0fde486952db515472c74a4c4567fd3d4b778a585,232,0.18817146122455597,0.9993084073066711,0.811828538775444,1, No,a07e60c4993b989fa40d3f4b5d703c9b974501a66855f3aaa221b18398b7d5c4
amouyal:110,amouyal,NPZ,non_gp,simple,Yes,,,,0,220,set_37,nonGP_prob,simple_question,prob,not annotated upstream,the homework,,True,event,amouyal:110,reg,False,reg_base,b31c118967b64cb33fe6caf58b92ac810fbf907a839178610dfeac4d9abfb48c,219,0.999942421913147,0.9992945790290833,0.999942421913147,1, Yes,
amouyal:110:attachment,amouyal,NPZ,non_gp,simple,Yes,,,,0,220,set_37,nonGP_prob,simple_question,prob,not annotated upstream,the homework,,True,attachment,amouyal:110,reg,False,reg_base,97045e80ea41b1f66934353cee8a6f42e8c112e3abbadd9d88e7021e6fa5614d,229,0.05248769000172615,0.9997238516807556,0.05248769000172615,0, No,6b874eb8d99879e5d4438cdb2bf79a93547d740a4d460d6912ad3f211e59186d
amouyal:111,amouyal,NPZ,non_gp,lingering,No,,,,0,221,set_37,nonGP_prob,GP_question,prob,not annotated upstream,the homework,,True,event,amouyal:111,reg,False,reg_base,9a3d3f2b694d58486c640f97ce32f12ebfde1cc977919ab8d3ced30b0e4f5674,218,0.05550100654363632,0.9994029402732849,0.9444989934563637,1, No,
amouyal:111:attachment,amouyal,NPZ,non_gp,lingering,No,,,,0,221,set_37,nonGP_prob,GP_question,prob,not annotated upstream,the homework,,True,attachment,amouyal:111,reg,False,reg_base,d164b2cc99d27407b434bb887b8d875153b1fbbbd794d7cab141432f5c09f727,232,0.007733968552201986,0.9998250603675842,0.992266031447798,1, No,a07e60c4993b989fa40d3f4b5d703c9b974501a66855f3aaa221b18398b7d5c4
amouyal:112,amouyal,NPZ,gp,simple,Yes,,,,0,224,set_38,GP_prob,simple_question,prob,not annotated upstream,the sweater,,True,event,amouyal:112,reg,False,reg_base,3ed6d8cf13a2ef0e1ba03542a4890df2d29c426511ef4accc28b8287d6531a5d,222,0.9870997667312622,0.9996259212493896,0.9870997667312622,1, Yes,
amouyal:112:attachment,amouyal,NPZ,gp,simple,Yes,,,,0,224,set_38,GP_prob,simple_question,prob,not annotated upstream,the sweater,,True,attachment,amouyal:112,reg,False,reg_base,9cfed489ae5dff90a3d48d6806c6626f0721d9f392188e4b2356830e0689584d,231,6.634542160099954e-08,0.9999839663505554,6.634542160099954e-08,0, No,4b2abe82c105d2af6923c377b4a6a7ccf0f9e8b04e2dc80da79d7b82eaf4efa8
amouyal:113,amouyal,NPZ,gp,lingering,No,,,,0,225,set_38,GP_prob,GP_question,prob,not annotated upstream,the sweater,,True,event,amouyal:113,reg,False,reg_base,dc5e5f8f609b4c676ca1e6fb15611543487ac59107177affdcbedb5e7900aa2f,220,0.9943157434463501,0.9992541670799255,0.005684256553649902,0, Yes,
amouyal:113:attachment,amouyal,NPZ,gp,lingering,No,,,,0,225,set_38,GP_prob,GP_question,prob,not annotated upstream,the sweater,,True,attachment,amouyal:113,reg,False,reg_base,c2cb9c6055c894e84d2ce6b2e0e23f8e3d83afbce5332eb55883ff53f90dbe38,234,0.713685929775238,0.9990526437759399,0.28631407022476196,0, Yes,c6e9ecfa650fa9f2df468b6cd7525723121e73cfdabfa098a08fa178119cb0b1
amouyal:114,amouyal,NPZ,non_gp,simple,Yes,,,,0,228,set_38,nonGP_prob,simple_question,prob,not annotated upstream,the sweater,,True,event,amouyal:114,reg,False,reg_base,d745ca5f3138b7d51ad0c01e3bb0a21d2a6478d97fd78691036bff02fe327c42,222,0.9996091723442078,0.9995926022529602,0.9996091723442078,1, Yes,
amouyal:114:attachment,amouyal,NPZ,non_gp,simple,Yes,,,,0,228,set_38,nonGP_prob,simple_question,prob,not annotated upstream,the sweater,,True,attachment,amouyal:114,reg,False,reg_base,641d9c91b84ef99907147af66a8b1b882928657af210c3a9198b1334c1b64a88,231,0.3148154318332672,0.9994657039642334,0.3148154318332672,0, No,4b2abe82c105d2af6923c377b4a6a7ccf0f9e8b04e2dc80da79d7b82eaf4efa8
amouyal:115,amouyal,NPZ,non_gp,lingering,No,,,,0,229,set_38,nonGP_prob,GP_question,prob,not annotated upstream,the sweater,,True,event,amouyal:115,reg,False,reg_base,4a14c113dfcedd7dee36b158201069340083d76701ba20ca9d643a780ee457c8,220,0.8792030811309814,0.9975088834762573,0.12079691886901855,0, Yes,
amouyal:115:attachment,amouyal,NPZ,non_gp,lingering,No,,,,0,229,set_38,nonGP_prob,GP_question,prob,not annotated upstream,the sweater,,True,attachment,amouyal:115,reg,False,reg_base,8ab6dddc84152a559e155d2f1a86bea09eb437611279111c61c3ca16a77b06f4,234,0.0006740347598679364,0.9998632669448853,0.9993259652401321,1, No,c6e9ecfa650fa9f2df468b6cd7525723121e73cfdabfa098a08fa178119cb0b1
amouyal:116,amouyal,NPZ,gp,simple,Yes,,,,0,232,set_39,GP_prob,simple_question,prob,not annotated upstream,the comet,,True,event,amouyal:116,reg,False,reg_base,39fdccdfa4ed1818415630f2fa2c5daeab5af8cc1cc7dfd395ee762bd1e30c04,220,0.9997667074203491,0.9996316432952881,0.9997667074203491,1, Yes,
amouyal:116:attachment,amouyal,NPZ,gp,simple,Yes,,,,0,232,set_39,GP_prob,simple_question,prob,not annotated upstream,the comet,,True,attachment,amouyal:116,reg,False,reg_base,17c70b22d24820692ae6c371e9bd849927ebcf4a105e14a5a00026673511164d,230,8.131371578201652e-05,0.9999843239784241,8.131371578201652e-05,0, No,09235ed18927156ad80a366bb7de5bb409be002c759663927611819a459cfca5
amouyal:117,amouyal,NPZ,gp,lingering,No,,,,0,233,set_39,GP_prob,GP_question,prob,not annotated upstream,the comet,,True,event,amouyal:117,reg,False,reg_base,0990c26c5104bc0a608a6a3a0d0f6a7852cf64d4730671a0491020c51ff02669,220,0.9985014796257019,0.9995291233062744,0.0014985203742980957,0, Yes,
amouyal:117:attachment,amouyal,NPZ,gp,lingering,No,,,,0,233,set_39,GP_prob,GP_question,prob,not annotated upstream,the comet,,True,attachment,amouyal:117,reg,False,reg_base,e63c4db5f04aff27bee86d4c12687dc16307c5b98880a26dff3a68db3d5f825d,233,0.5306122303009033,0.9994730353355408,0.4693877696990967,0, Yes,891e3e87635cc338b51c74eae9cf94754bb67ab0994c7658d6bfbffd4dd7d97a
amouyal:118,amouyal,NPZ,non_gp,simple,Yes,,,,0,236,set_39,nonGP_prob,simple_question,prob,not annotated upstream,the comet,,True,event,amouyal:118,reg,False,reg_base,1a7280b831665a501f23aba99d3683f8bc6ce1122d6d71bc9b48f6375cf1f9c7,220,0.9999974966049194,0.9996824860572815,0.9999974966049194,1, Yes,
amouyal:118:attachment,amouyal,NPZ,non_gp,simple,Yes,,,,0,236,set_39,nonGP_prob,simple_question,prob,not annotated upstream,the comet,,True,attachment,amouyal:118,reg,False,reg_base,f41fa9ba73d67ba9eb8e5ed8090146b81d4735c68efb4dae4879811027182aad,230,0.9998064637184143,0.9981813430786133,0.9998064637184143,1, Yes,09235ed18927156ad80a366bb7de5bb409be002c759663927611819a459cfca5
amouyal:119,amouyal,NPZ,non_gp,lingering,No,,,,0,237,set_39,nonGP_prob,GP_question,prob,not annotated upstream,the comet,,True,event,amouyal:119,reg,False,reg_base,feb56f0c2106c36b5c7a281dadd0c11bd3841673e08ba86cdc3c7846bc3199a6,220,0.9993910193443298,0.9995589852333069,0.000608980655670166,0, Yes,
amouyal:119:attachment,amouyal,NPZ,non_gp,lingering,No,,,,0,237,set_39,nonGP_prob,GP_question,prob,not annotated upstream,the comet,,True,attachment,amouyal:119,reg,False,reg_base,8c3808864bc6ec993e822b71256217cd2cc32a85e3199277b701fcb30f7addfe,233,0.0006253310712054372,0.9999233484268188,0.9993746689287946,1, No,891e3e87635cc338b51c74eae9cf94754bb67ab0994c7658d6bfbffd4dd7d97a
amouyal:120,amouyal,NPZ,gp,simple,Yes,,,,0,240,set_40,GP_prob,simple_question,prob,not annotated upstream,the game,,True,event,amouyal:120,reg,False,reg_base,8607895aea238097cb5d21a2cd4d4b9547942ca10b42a68a3fce019f20da9b42,217,0.3937201201915741,0.9992184638977051,0.3937201201915741,0, No,
amouyal:120:attachment,amouyal,NPZ,gp,simple,Yes,,,,0,240,set_40,GP_prob,simple_question,prob,not annotated upstream,the game,,True,attachment,amouyal:120,reg,False,reg_base,552099d8a8b9483a555bb226e49171d7cf50492708c03bb7255792963b9a4587,228,0.001482723979279399,0.9999553561210632,0.001482723979279399,0, No,8a380af56eeb5918b1c9944d769db9d624fe59e5ff74995c7d9ffce4429791c9
amouyal:121,amouyal,NPZ,gp,lingering,No,,,,0,241,set_40,GP_prob,GP_question,prob,not annotated upstream,the game,,True,event,amouyal:121,reg,False,reg_base,76f55a7d8eaeadf19a82a2e36d46daa1f040758686035380358195350b6fe388,217,0.9947996735572815,0.9995644688606262,0.005200326442718506,0, Yes,
amouyal:121:attachment,amouyal,NPZ,gp,lingering,No,,,,0,241,set_40,GP_prob,GP_question,prob,not annotated upstream,the game,,True,attachment,amouyal:121,reg,False,reg_base,9cbbf55bee96ad76ab4a3079edeb0b2a8f07993e6d1478c7d580ff80e570ee3d,231,0.0798487737774849,0.9996262192726135,0.9201512262225151,1, No,b5a288cbb579cf5227c98d6a5b33fbb456ec91cbbe694eaed61346efbf6dae12
amouyal:122,amouyal,NPZ,non_gp,simple,Yes,,,,0,244,set_40,nonGP_prob,simple_question,prob,not annotated upstream,the game,,True,event,amouyal:122,reg,False,reg_base,2f816a2bd7cf80d65011f22d1de7270b8dc8fda832e10c2798684b06ef6ae035,217,0.9996175765991211,0.9991937875747681,0.9996175765991211,1, Yes,
amouyal:122:attachment,amouyal,NPZ,non_gp,simple,Yes,,,,0,244,set_40,nonGP_prob,simple_question,prob,not annotated upstream,the game,,True,attachment,amouyal:122,reg,False,reg_base,db127ac647b29bdb0486fffec0da986fee83d27da4db9edf992e60b3dafa64a8,228,0.0414687916636467,0.9998406171798706,0.0414687916636467,0, No,8a380af56eeb5918b1c9944d769db9d624fe59e5ff74995c7d9ffce4429791c9
amouyal:123,amouyal,NPZ,non_gp,lingering,No,,,,0,245,set_40,nonGP_prob,GP_question,prob,not annotated upstream,the game,,True,event,amouyal:123,reg,False,reg_base,ab72981f967526130eee8200fbd5e954aa67cd6f93bccb6239c4e01550fbb797,217,0.0003835163952317089,0.9999639391899109,0.9996164836047683,1, No,
amouyal:123:attachment,amouyal,NPZ,non_gp,lingering,No,,,,0,245,set_40,nonGP_prob,GP_question,prob,not annotated upstream,the game,,True,attachment,amouyal:123,reg,False,reg_base,251f6b48d23d3ba164b153da56c4135ea1c2591f981581c1a0543b8f59a8d48d,231,0.00016571678861510009,0.9999529719352722,0.9998342832113849,1, No,b5a288cbb579cf5227c98d6a5b33fbb456ec91cbbe694eaed61346efbf6dae12
amouyal:124,amouyal,NPZ,gp,simple,Yes,,,,0,248,set_41,GP_prob,simple_question,prob,not annotated upstream,the students,,True,event,amouyal:124,reg,False,reg_base,fd296d10b4315921fb0c1cb9f5c726ba6b35135075d7acd98023b57710589a97,219,0.9999425411224365,0.9994701147079468,0.9999425411224365,1, Yes,
amouyal:124:attachment,amouyal,NPZ,gp,simple,Yes,,,,0,248,set_41,GP_prob,simple_question,prob,not annotated upstream,the students,,True,attachment,amouyal:124,reg,False,reg_base,118c438d1d66d9a8fe7f3b7bb9b07bf814f0e56fe0689a65487fd78c58e20cdc,229,0.00014181043661665171,0.9999657273292542,0.00014181043661665171,0, No,87ec7b6e980ac4bcbbc8d3330f183ffb2917c239380753d53acaad240d5c2c02
amouyal:125,amouyal,NPZ,gp,lingering,No,,,,0,249,set_41,GP_prob,GP_question,prob,not annotated upstream,the students,,True,event,amouyal:125,reg,False,reg_base,484cb27bdf19c2812d5ac1376473c00f30b1cf362f76b14ee6b84a533d9f4a09,218,0.9129464626312256,0.9986007809638977,0.08705353736877441,0, Yes,
amouyal:125:attachment,amouyal,NPZ,gp,lingering,No,,,,0,249,set_41,GP_prob,GP_question,prob,not annotated upstream,the students,,True,attachment,amouyal:125,reg,False,reg_base,435cd53570e582ae6e562a00711fadb33412a116ab692e3458854c229fa612fe,232,0.14687427878379822,0.9994136691093445,0.8531257212162018,1, No,1826aef1a6dbabe1b3f3865576043f577af2be7b8649edfba1bfa7649ee1c7b5
amouyal:126,amouyal,NPZ,non_gp,simple,Yes,,,,0,252,set_41,nonGP_prob,simple_question,prob,not annotated upstream,the students,,True,event,amouyal:126,reg,False,reg_base,fe8c2d416e3fc04720e2ad17284fb6f14230e12a6f706e20ec6ea8d7d2e5dcf6,219,0.999999463558197,0.9996330738067627,0.999999463558197,1, Yes,
amouyal:126:attachment,amouyal,NPZ,non_gp,simple,Yes,,,,0,252,set_41,nonGP_prob,simple_question,prob,not annotated upstream,the students,,True,attachment,amouyal:126,reg,False,reg_base,2b8e240feb6dbf46079f6f39e122a5c04bd23be85168237cb23d565ca74ecc82,229,0.9999969005584717,0.9972019195556641,0.9999969005584717,1, Yes,87ec7b6e980ac4bcbbc8d3330f183ffb2917c239380753d53acaad240d5c2c02
amouyal:127,amouyal,NPZ,non_gp,lingering,No,,,,0,253,set_41,nonGP_prob,GP_question,prob,not annotated upstream,the students,,True,event,amouyal:127,reg,False,reg_base,7e66ff94914734409bf19b5255af1414d60ed4dba12ef9e9f37b520cc3afd80e,218,0.9998403191566467,0.9991908669471741,0.00015968084335327148,0, Yes,
amouyal:127:attachment,amouyal,NPZ,non_gp,lingering,No,,,,0,253,set_41,nonGP_prob,GP_question,prob,not annotated upstream,the students,,True,attachment,amouyal:127,reg,False,reg_base,dd5f9a1953950e64a7b5fc3e352fb4c05fb828403f3375c4ccdb5c1ced641d09,232,0.00047736684791743755,0.9998829364776611,0.9995226331520826,1, No,1826aef1a6dbabe1b3f3865576043f577af2be7b8649edfba1bfa7649ee1c7b5
amouyal:128,amouyal,NPZ,gp,simple,Yes,,,,0,256,set_42,GP_prob,simple_question,prob,not annotated upstream,the melody,,True,event,amouyal:128,reg,False,reg_base,470e3288f3f70cf2e1e7ce6bbe8235bbf2e2ac8456d0289a305a656ff1da1699,220,0.999998927116394,0.9997868537902832,0.999998927116394,1, Yes,
amouyal:128:attachment,amouyal,NPZ,gp,simple,Yes,,,,0,256,set_42,GP_prob,simple_question,prob,not annotated upstream,the melody,,True,attachment,amouyal:128,reg,False,reg_base,1df0a873b5e12558b26e1dc526c60dfac00d558398bb4ed4be42020f5a84ff1d,230,8.156240127732417e-09,0.999987006187439,8.156240127732417e-09,0, No,a99d1ffb2ee1f8aee77808783ef9db8d862cdb8dc69834d806afe1de61a89f8b
amouyal:129,amouyal,NPZ,gp,lingering,No,,,,0,257,set_42,GP_prob,GP_question,prob,not annotated upstream,the melody,,True,event,amouyal:129,reg,False,reg_base,9386e36dfebc5fff1f05fd3145a65476617d76e35b48c1ab60fbd85570eae3c0,220,0.9999746084213257,0.9995541572570801,2.5391578674316406e-05,0, Yes,
amouyal:129:attachment,amouyal,NPZ,gp,lingering,No,,,,0,257,set_42,GP_prob,GP_question,prob,not annotated upstream,the melody,,True,attachment,amouyal:129,reg,False,reg_base,a399a2ec89f6c6e706bc8b5aef64fabebc7058c1b96661bb272548096ae4596c,233,0.8990691304206848,0.9994305968284607,0.10093086957931519,0, Yes,6e863362a154a40c9c4ab9dbdf09f2ad0f4b550128aa89f34e6d936c5132f1c3
amouyal:130,amouyal,NPZ,non_gp,simple,Yes,,,,0,260,set_42,nonGP_prob,simple_question,prob,not annotated upstream,the melody,,True,event,amouyal:130,reg,False,reg_base,50f433d575a8c15885b40080be47756b30b4fa8228200fa270436939e6b8e817,220,0.9999994039535522,0.9996744990348816,0.9999994039535522,1, Yes,
amouyal:130:attachment,amouyal,NPZ,non_gp,simple,Yes,,,,0,260,set_42,nonGP_prob,simple_question,prob,not annotated upstream,the melody,,True,attachment,amouyal:130,reg,False,reg_base,d092b442f22f36723d8b36f12ac5ed83f049c2d6c1b1b4b5eb108b1ee338e02c,230,0.9908017516136169,0.9990828037261963,0.9908017516136169,1, Yes,a99d1ffb2ee1f8aee77808783ef9db8d862cdb8dc69834d806afe1de61a89f8b
amouyal:131,amouyal,NPZ,non_gp,lingering,No,,,,0,261,set_42,nonGP_prob,GP_question,prob,not annotated upstream,the melody,,True,event,amouyal:131,reg,False,reg_base,d13aefb58f321cf10b6a497b51017cf9892e8bf4f94146c4b6a9423bea905770,220,0.9928293228149414,0.9988586902618408,0.007170677185058594,0, Yes,
amouyal:131:attachment,amouyal,NPZ,non_gp,lingering,No,,,,0,261,set_42,nonGP_prob,GP_question,prob,not annotated upstream,the melody,,True,attachment,amouyal:131,reg,False,reg_base,bdafa15d2f12937f4fa84cd9c371186ebb5f051502f659bb622c88744a13be9e,233,0.00011144327436340973,0.9999493360519409,0.9998885567256366,1, No,6e863362a154a40c9c4ab9dbdf09f2ad0f4b550128aa89f34e6d936c5132f1c3
amouyal:132,amouyal,NPZ,gp,simple,Yes,,,,0,264,set_43,GP_prob,simple_question,prob,not annotated upstream,the bar,,True,event,amouyal:132,reg,False,reg_base,1988b4636ec0ad1b6f6058dfe113d04001fa24b581739d694d0eee22865d628d,218,0.9998947381973267,0.9995790719985962,0.9998947381973267,1, Yes,
amouyal:132:attachment,amouyal,NPZ,gp,simple,Yes,,,,0,264,set_43,GP_prob,simple_question,prob,not annotated upstream,the bar,,True,attachment,amouyal:132,reg,False,reg_base,783801f78af73b0008443926214d23df94fb207044bfbddabeb0d06c47a28934,229,0.0002597587008494884,0.9999833106994629,0.0002597587008494884,0, No,beb70cb41dce4faa587dd4e472baf56e64c6fc76b100ebac253dc418e9e46c3b
amouyal:133,amouyal,NPZ,gp,lingering,No,,,,0,265,set_43,GP_prob,GP_question,prob,not annotated upstream,the bar,,True,event,amouyal:133,reg,False,reg_base,dc46f0e6a5748b241bb5effdcb3f2c6f2af547bed3739953b1bf97a57fd0be04,218,0.9999697208404541,0.9996820092201233,3.0279159545898438e-05,0, Yes,
amouyal:133:attachment,amouyal,NPZ,gp,lingering,No,,,,0,265,set_43,GP_prob,GP_question,prob,not annotated upstream,the bar,,True,attachment,amouyal:133,reg,False,reg_base,6a30f1866c096b2b1c09402fba2023a0834a7560402c0851100e24f35a806e0a,232,0.017739472910761833,0.9998658895492554,0.9822605270892382,1, No,ac2e58dca58019595e3155452ba1d26143c891499abbfef8aeaa36aa9c8f714a
amouyal:134,amouyal,NPZ,non_gp,simple,Yes,,,,0,268,set_43,nonGP_prob,simple_question,prob,not annotated upstream,the bar,,True,event,amouyal:134,reg,False,reg_base,348a567cfa87481b19eff1989d7e9d006537f6611ac9b9b9332da5aae4d07632,218,0.9999974966049194,0.9995023608207703,0.9999974966049194,1, Yes,
amouyal:134:attachment,amouyal,NPZ,non_gp,simple,Yes,,,,0,268,set_43,nonGP_prob,simple_question,prob,not annotated upstream,the bar,,True,attachment,amouyal:134,reg,False,reg_base,e0bb297e911cdb1ca5d0af1433dd2a412cce72abe28ef2672e0653bfac848b25,229,0.999621570110321,0.9988459348678589,0.999621570110321,1, Yes,beb70cb41dce4faa587dd4e472baf56e64c6fc76b100ebac253dc418e9e46c3b
amouyal:135,amouyal,NPZ,non_gp,lingering,No,,,,0,269,set_43,nonGP_prob,GP_question,prob,not annotated upstream,the bar,,True,event,amouyal:135,reg,False,reg_base,3c6a2674e0ff7d6b2aaeb440ec02ca9e90f7c28ce56b91f262e96c47eec2474b,218,0.999994158744812,0.9991303086280823,5.841255187988281e-06,0, Yes,
amouyal:135:attachment,amouyal,NPZ,non_gp,lingering,No,,,,0,269,set_43,nonGP_prob,GP_question,prob,not annotated upstream,the bar,,True,attachment,amouyal:135,reg,False,reg_base,188580dd5461ed60c0e0f7817d46a7f45df2cfed6822e36a682a74c03983e3cc,232,0.00025288749020546675,0.999944269657135,0.9997471125097945,1, No,ac2e58dca58019595e3155452ba1d26143c891499abbfef8aeaa36aa9c8f714a
amouyal:136,amouyal,NPZ,gp,simple,Yes,,,,0,272,set_44,GP_prob,simple_question,prob,not annotated upstream,the tomatoes,,True,event,amouyal:136,reg,False,reg_base,cfda26cfefa61a9964ca30a61845729a6ed8ae3e47cec2ec7927e99e182ba509,221,0.9965238571166992,0.9994552731513977,0.9965238571166992,1, Yes,
amouyal:136:attachment,amouyal,NPZ,gp,simple,Yes,,,,0,272,set_44,GP_prob,simple_question,prob,not annotated upstream,the tomatoes,,True,attachment,amouyal:136,reg,False,reg_base,f0d0bcad02c0ac6248cca5780010f99f51b9c95fe4cc55b210a9bbd0b6a1219e,231,0.0004499608476180583,0.9999358654022217,0.0004499608476180583,0, No,bdd85f8913be275ace992a77d350e0f6d34be80da5125c6b737d4f0c369ce3cd
amouyal:137,amouyal,NPZ,gp,lingering,No,,,,0,273,set_44,GP_prob,GP_question,prob,not annotated upstream,the tomatoes,,True,event,amouyal:137,reg,False,reg_base,1cf1595d58200dce9661be1940403c65356a842d16862e1565661879f0d123b8,221,0.9961860775947571,0.9994767308235168,0.00381392240524292,0, Yes,
amouyal:137:attachment,amouyal,NPZ,gp,lingering,No,,,,0,273,set_44,GP_prob,GP_question,prob,not annotated upstream,the tomatoes,,True,attachment,amouyal:137,reg,False,reg_base,51cea5907e7a4882bd3f74c553e86c21e2ffff8cb74175dce5c6169a77432492,234,0.6779303550720215,0.9986648559570312,0.3220696449279785,0, Yes,6443a115d275bee15929d14fa928376e39fbdf1c50c7b6d2406df8d455e6687f
amouyal:138,amouyal,NPZ,non_gp,simple,Yes,,,,0,276,set_44,nonGP_prob,simple_question,prob,not annotated upstream,the tomatoes,,True,event,amouyal:138,reg,False,reg_base,bf83c45875dbf777029155917851bfe336d0a12ec39d53b3a4bf33f30c63343b,221,0.9985030889511108,0.9995787739753723,0.9985030889511108,1, Yes,
amouyal:138:attachment,amouyal,NPZ,non_gp,simple,Yes,,,,0,276,set_44,nonGP_prob,simple_question,prob,not annotated upstream,the tomatoes,,True,attachment,amouyal:138,reg,False,reg_base,bced7d6641b9300436d7b09f93de6236538612ab9da0218e848d14f90d41688f,231,0.9496288895606995,0.9989348649978638,0.9496288895606995,1, Yes,bdd85f8913be275ace992a77d350e0f6d34be80da5125c6b737d4f0c369ce3cd
amouyal:139,amouyal,NPZ,non_gp,lingering,No,,,,0,277,set_44,nonGP_prob,GP_question,prob,not annotated upstream,the tomatoes,,True,event,amouyal:139,reg,False,reg_base,c68f6113103302315a64873cd844ec946db407b2254d25263d2426ec29d23848,221,0.9716596007347107,0.9994505643844604,0.028340399265289307,0, Yes,
amouyal:139:attachment,amouyal,NPZ,non_gp,lingering,No,,,,0,277,set_44,nonGP_prob,GP_question,prob,not annotated upstream,the tomatoes,,True,attachment,amouyal:139,reg,False,reg_base,9f058dc49a3f5b0f3b7d50a5334b73958e475e176fc0fa3a83e3634886f056de,234,0.003700347850099206,0.9998508095741272,0.9962996521499008,1, No,6443a115d275bee15929d14fa928376e39fbdf1c50c7b6d2406df8d455e6687f
amouyal:140,amouyal,NPZ,gp,simple,Yes,,,,0,280,set_45,GP_prob,simple_question,prob,not annotated upstream,the cart,,True,event,amouyal:140,reg,False,reg_base,ada46ba788509aa04c25f7c052eb68fe7c996fea6990ff04f422b5357aa8b1d5,215,0.9983607530593872,0.9992655515670776,0.9983607530593872,1, Yes,
amouyal:140:attachment,amouyal,NPZ,gp,simple,Yes,,,,0,280,set_45,GP_prob,simple_question,prob,not annotated upstream,the cart,,True,attachment,amouyal:140,reg,False,reg_base,0adbc5ec0399af42abcb79405a571ed084dd502c4d85e1e6f936846aff377088,227,3.4627293644007295e-05,0.9999762773513794,3.4627293644007295e-05,0, No,14ae2c4358dfa085dcd1365b00345d3ab72ecf1d12a98048e90fc006d3259441
amouyal:141,amouyal,NPZ,gp,lingering,No,,,,0,281,set_45,GP_prob,GP_question,prob,not annotated upstream,the cart,,True,event,amouyal:141,reg,False,reg_base,a97ba6dedf13d4b38a644c119c934b2ae9dfba46e4590ecaa5026e41369b9963,216,0.9919893741607666,0.9991064071655273,0.008010625839233398,0, Yes,
amouyal:141:attachment,amouyal,NPZ,gp,lingering,No,,,,0,281,set_45,GP_prob,GP_question,prob,not annotated upstream,the cart,,True,attachment,amouyal:141,reg,False,reg_base,0842e64fa916ad2a8e41436f96715208afa242995fa6d224f58051adabf0ccd2,230,0.1781168282032013,0.9995028376579285,0.8218831717967987,1, No,3ef76ca49cbe90d15463e82a1ce39815492c26650450845581aeb985bc5e3db2
amouyal:142,amouyal,NPZ,non_gp,simple,Yes,,,,0,284,set_45,nonGP_prob,simple_question,prob,not annotated upstream,the cart,,True,event,amouyal:142,reg,False,reg_base,87cccf3782248b8c94e6daaa5ee2a04eb36ffc1741158dd446e0983910368c62,215,0.9999984502792358,0.9993181824684143,0.9999984502792358,1, Yes,
amouyal:142:attachment,amouyal,NPZ,non_gp,simple,Yes,,,,0,284,set_45,nonGP_prob,simple_question,prob,not annotated upstream,the cart,,True,attachment,amouyal:142,reg,False,reg_base,3401371dc1fca4ad9481a4d7f5471a8bf98fdda7dc0b877f4bf3d0eb263a5fed,227,0.9998182654380798,0.9979023337364197,0.9998182654380798,1, Yes,14ae2c4358dfa085dcd1365b00345d3ab72ecf1d12a98048e90fc006d3259441
amouyal:143,amouyal,NPZ,non_gp,lingering,No,,,,0,285,set_45,nonGP_prob,GP_question,prob,not annotated upstream,the cart,,True,event,amouyal:143,reg,False,reg_base,5b808167d2ab9854b1a10a17b22de9b79e948ea92a49a236c2bfd3f27b14ae18,216,0.9998914003372192,0.9991056323051453,0.00010859966278076172,0, Yes,
amouyal:143:attachment,amouyal,NPZ,non_gp,lingering,No,,,,0,285,set_45,nonGP_prob,GP_question,prob,not annotated upstream,the cart,,True,attachment,amouyal:143,reg,False,reg_base,dd091d17961ad443b3b48a09862dcd9ddf544e1c9bd7aabc7ec9c4e06170ec94,230,0.06167515367269516,0.999639093875885,0.9383248463273048,1, No,3ef76ca49cbe90d15463e82a1ce39815492c26650450845581aeb985bc5e3db2
amouyal:192,amouyal,NPZ,gp,simple,Yes,,,,0,336,set_hyp5_1,GP_reflexive,simple_question,reflexive,not annotated upstream,the child,,True,event,amouyal:192,reg,False,reg_base,0066a2801e4c4c1582cc0d5c9c29d71e802f34d776e957c057c6b82b89bfcafb,219,0.9999803900718689,0.9995009303092957,0.9999803900718689,1, Yes,
amouyal:192:attachment,amouyal,NPZ,gp,simple,Yes,,,,0,336,set_hyp5_1,GP_reflexive,simple_question,reflexive,not annotated upstream,the child,,True,attachment,amouyal:192,reg,False,reg_base,1d1abdf815aa022caa509a98c3581f597e15876207eab7e5754955632d2573d9,229,0.00024063822638709098,0.9999674558639526,0.00024063822638709098,0, No,9d461520b0e6e5235378c995590a8a735e34c9a35b844a2b80f57ad9af0aebcd
amouyal:193,amouyal,NPZ,gp,lingering,No,,,,0,337,set_hyp5_1,GP_reflexive,GP_question,reflexive,not annotated upstream,the child,,True,event,amouyal:193,reg,False,reg_base,5d49b945454e580f313174583444834f146ee1cd92120c9abfdb1c30f2511bfd,218,0.17332080006599426,0.9989614486694336,0.8266791999340057,1, No,
amouyal:193:attachment,amouyal,NPZ,gp,lingering,No,,,,0,337,set_hyp5_1,GP_reflexive,GP_question,reflexive,not annotated upstream,the child,,True,attachment,amouyal:193,reg,False,reg_base,f682069a88901d61786b838d84fae4ae589c15983df26a8281d73e6b09228c6a,232,0.5983994603157043,0.999212920665741,0.40160053968429565,0, Yes,a1937d8ce2d8e86c561f9d1da583ef2960db1a63a0926a297d8d302f5d1d5c0c
amouyal:144,amouyal,NPZ,non_gp,simple,Yes,,,,0,288,set_hyp5_1,nonGP_reflexive,simple_question,reflexive,not annotated upstream,the child,,True,event,amouyal:144,reg,False,reg_base,33fbbabd988d0dcdc60fa22f5f54b5416f61593ee790826e46fd5640292eaa3e,219,0.9999692440032959,0.9992433190345764,0.9999692440032959,1, Yes,
amouyal:144:attachment,amouyal,NPZ,non_gp,simple,Yes,,,,0,288,set_hyp5_1,nonGP_reflexive,simple_question,reflexive,not annotated upstream,the child,,True,attachment,amouyal:144,reg,False,reg_base,1199553ecc85732dc25815d9df71b40db4d5c839ac50bf5651be1cff5fc19c29,229,0.9996086955070496,0.9983497262001038,0.9996086955070496,1, Yes,9d461520b0e6e5235378c995590a8a735e34c9a35b844a2b80f57ad9af0aebcd
amouyal:145,amouyal,NPZ,non_gp,lingering,No,,,,0,289,set_hyp5_1,nonGP_reflexive,GP_question,reflexive,not annotated upstream,the child,,True,event,amouyal:145,reg,False,reg_base,ad90d9524bb5b1ba85514cf05f3132f8c42ca8eb6babd93f12828fe0fb590559,218,0.7957696914672852,0.998009443283081,0.20423030853271484,0, Yes,
amouyal:145:attachment,amouyal,NPZ,non_gp,lingering,No,,,,0,289,set_hyp5_1,nonGP_reflexive,GP_question,reflexive,not annotated upstream,the child,,True,attachment,amouyal:145,reg,False,reg_base,3b184f9d3dd208afabee55fec26dbc88c4796cfd3f2fe835718a783c59345104,232,0.012040558271110058,0.9998096823692322,0.9879594417288899,1, No,a1937d8ce2d8e86c561f9d1da583ef2960db1a63a0926a297d8d302f5d1d5c0c
amouyal:194,amouyal,NPZ,gp,simple,Yes,,,,0,338,set_hyp5_2,GP_reflexive,simple_question,reflexive,not annotated upstream,the baboons,,True,event,amouyal:194,reg,False,reg_base,23916b93a77f85d86fb554aa28cc2bdcefa950dc511bb59745ceb4278c68d7ba,223,0.9999968409538269,0.9996613264083862,0.9999968409538269,1, Yes,
amouyal:194:attachment,amouyal,NPZ,gp,simple,Yes,,,,0,338,set_hyp5_2,GP_reflexive,simple_question,reflexive,not annotated upstream,the baboons,,True,attachment,amouyal:194,reg,False,reg_base,9a3870e818e3638050da0ef907d34d89eb86aeef69e88cfcfbe616678ea29c57,233,0.03509559854865074,0.9998396635055542,0.03509559854865074,0, No,703e3255dc15e54e7cedee7271212b3569b6facc624545f10974dfc6eacb9967
amouyal:195,amouyal,NPZ,gp,lingering,No,,,,0,339,set_hyp5_2,GP_reflexive,GP_question,reflexive,not annotated upstream,the baboons,,True,event,amouyal:195,reg,False,reg_base,bae504b578a092a87ab2ee4a5dc7f36ad1be1cf14cc7811fb8c8b7f1a79c6b8a,223,1.0451103094055725e-07,0.9999762773513794,0.9999998954889691,1, No,
amouyal:195:attachment,amouyal,NPZ,gp,lingering,No,,,,0,339,set_hyp5_2,GP_reflexive,GP_question,reflexive,not annotated upstream,the baboons,,True,attachment,amouyal:195,reg,False,reg_base,a93b0fcda61cd8473996a63e0cb86d0e79c1d14fab1ff451e535548ff7bc235c,236,0.013485604897141457,0.999706506729126,0.9865143951028585,1, No,90d7e33449e752713a4b5ff0ffaf9e3a10bb78d1498a9398895344986ca7a998
amouyal:146,amouyal,NPZ,non_gp,simple,Yes,,,,0,290,set_hyp5_2,nonGP_reflexive,simple_question,reflexive,not annotated upstream,the baboons,,True,event,amouyal:146,reg,False,reg_base,dbd5aa14261d8d67c4f8f3699249605d0a286638342ad90e2ee53f84ebdf3ee3,223,0.9999991059303284,0.9995651245117188,0.9999991059303284,1, Yes,
amouyal:146:attachment,amouyal,NPZ,non_gp,simple,Yes,,,,0,290,set_hyp5_2,nonGP_reflexive,simple_question,reflexive,not annotated upstream,the baboons,,True,attachment,amouyal:146,reg,False,reg_base,4f82b1bf458e129127781af981183b3c2e407dbda34ce053b0808ed82d262cfd,233,0.9999321699142456,0.9983419179916382,0.9999321699142456,1, Yes,703e3255dc15e54e7cedee7271212b3569b6facc624545f10974dfc6eacb9967
amouyal:147,amouyal,NPZ,non_gp,lingering,No,,,,0,291,set_hyp5_2,nonGP_reflexive,GP_question,reflexive,not annotated upstream,the baboons,,True,event,amouyal:147,reg,False,reg_base,ac622ade67dce231a9837ede1e338c7a2f2c50ee6830e33789477a6e4c3ceacc,223,2.2209155087909993e-12,0.9999592304229736,0.9999999999977791,1, No,
amouyal:147:attachment,amouyal,NPZ,non_gp,lingering,No,,,,0,291,set_hyp5_2,nonGP_reflexive,GP_question,reflexive,not annotated upstream,the baboons,,True,attachment,amouyal:147,reg,False,reg_base,b2dd0257c28d8b04ece5a854d23fa41285a92be3aad05062fa340f5d814a33fa,236,3.6445212572289165e-06,0.9999094009399414,0.9999963554787428,1, No,90d7e33449e752713a4b5ff0ffaf9e3a10bb78d1498a9398895344986ca7a998
amouyal:196,amouyal,NPZ,gp,simple,Yes,,,,0,340,set_hyp5_3,GP_reflexive,simple_question,reflexive,not annotated upstream,the car,,True,event,amouyal:196,reg,False,reg_base,381bc2361bd7aa724ac2a1efbc57faf286179e68d06f1d523f0ee529260f8ad2,219,0.9996889233589172,0.9992438554763794,0.9996889233589172,1, Yes,
amouyal:196:attachment,amouyal,NPZ,gp,simple,Yes,,,,0,340,set_hyp5_3,GP_reflexive,simple_question,reflexive,not annotated upstream,the car,,True,attachment,amouyal:196,reg,False,reg_base,e78016f2fdf024027b8dd96136efa8a6892deba5e4f5fae0c2fdaf795565d3fb,229,6.980584657867439e-06,0.9999789595603943,6.980584657867439e-06,0, No,0bc3634d0abe369ea7f8f0e83498be9d519fddcf3ef37468e561e3f43e49a094
amouyal:197,amouyal,NPZ,gp,lingering,No,,,,0,341,set_hyp5_3,GP_reflexive,GP_question,reflexive,not annotated upstream,the car,,True,event,amouyal:197,reg,False,reg_base,8390f06c99755339c64b56e9620f28dd342342d19138165421da5cef960669f7,218,0.03354751318693161,0.9998176097869873,0.9664524868130684,1, No,
amouyal:197:attachment,amouyal,NPZ,gp,lingering,No,,,,0,341,set_hyp5_3,GP_reflexive,GP_question,reflexive,not annotated upstream,the car,,True,attachment,amouyal:197,reg,False,reg_base,0aa11c162e09d308cfc97dd23aeb022e894f5a3a56000cf20768deebbb8a27f4,232,0.038173284381628036,0.9998098611831665,0.961826715618372,1, No,d93f30491c8cdce435202a3acc3d9e580f78bb9ea529922e3949dfd8c1601465
amouyal:148,amouyal,NPZ,non_gp,simple,Yes,,,,0,292,set_hyp5_3,nonGP_reflexive,simple_question,reflexive,not annotated upstream,the car,,True,event,amouyal:148,reg,False,reg_base,78803131fa04badc31ab8c7e6ffe332d5337435c666ca217b27b637ad78ee3d9,219,0.9999961853027344,0.9994273781776428,0.9999961853027344,1, Yes,
amouyal:148:attachment,amouyal,NPZ,non_gp,simple,Yes,,,,0,292,set_hyp5_3,nonGP_reflexive,simple_question,reflexive,not annotated upstream,the car,,True,attachment,amouyal:148,reg,False,reg_base,1f1106cb59115c5e826d46e51009cf60679f653ca4fdcf70bc31aaa7098669d4,229,0.9994744062423706,0.9990962147712708,0.9994744062423706,1, Yes,0bc3634d0abe369ea7f8f0e83498be9d519fddcf3ef37468e561e3f43e49a094
amouyal:149,amouyal,NPZ,non_gp,lingering,No,,,,0,293,set_hyp5_3,nonGP_reflexive,GP_question,reflexive,not annotated upstream,the car,,True,event,amouyal:149,reg,False,reg_base,593e43c6d4bef39e04134f68e4e9e2a3a3d52468e568c756d5009a6642fbd3c7,218,1.4970136241743148e-09,0.9999793171882629,0.9999999985029864,1, No,
amouyal:149:attachment,amouyal,NPZ,non_gp,lingering,No,,,,0,293,set_hyp5_3,nonGP_reflexive,GP_question,reflexive,not annotated upstream,the car,,True,attachment,amouyal:149,reg,False,reg_base,13fdddf5838226d244585f8a6d6d5ac9d84af9a65670ab3c2f5e0c3fb6d4ab9d,232,0.010232426226139069,0.9998510479927063,0.9897675737738609,1, No,d93f30491c8cdce435202a3acc3d9e580f78bb9ea529922e3949dfd8c1601465
amouyal:198,amouyal,NPZ,gp,simple,Yes,,,,0,342,set_hyp5_4,GP_reflexive,simple_question,reflexive,not annotated upstream,the neighbor,,True,event,amouyal:198,reg,False,reg_base,9fc89d6311fa7ef33f1653ece1ca9ed5f8ec9b2cf70c88d8e74c8b9ae74b85ea,216,0.9999708533287048,0.9995882511138916,0.9999708533287048,1, Yes,
amouyal:198:attachment,amouyal,NPZ,gp,simple,Yes,,,,0,342,set_hyp5_4,GP_reflexive,simple_question,reflexive,not annotated upstream,the neighbor,,True,attachment,amouyal:198,reg,False,reg_base,763dd4c93078876bafd5864dc74e4d9a413a80267a4cce1eae4df73d9059f55e,228,0.004809185396879911,0.9999085664749146,0.004809185396879911,0, No,2faf3dbb4ac761964cd2dc192e720abae9d420aab75396d412cf93786d613740
amouyal:199,amouyal,NPZ,gp,lingering,No,,,,0,343,set_hyp5_4,GP_reflexive,GP_question,reflexive,not annotated upstream,the neighbor,,True,event,amouyal:199,reg,False,reg_base,4f7abc8bffb3853f4064a0a7ce091aa5c15051236f063233eaaa0d7c2f676795,217,0.0013970776926726103,0.9999446272850037,0.9986029223073274,1, No,
amouyal:199:attachment,amouyal,NPZ,gp,lingering,No,,,,0,343,set_hyp5_4,GP_reflexive,GP_question,reflexive,not annotated upstream,the neighbor,,True,attachment,amouyal:199,reg,False,reg_base,f60b9a7e4e518faff51898687e6ffa5765d25fdc8f9c743d3a518b720b69852b,231,0.7037462592124939,0.9987289905548096,0.2962537407875061,0, Yes,f0c318e970aaef1c89ca64cea26bc914c2572d323fa91e4a3fc89bdf94f8a697
amouyal:150,amouyal,NPZ,non_gp,simple,Yes,,,,0,294,set_hyp5_4,nonGP_reflexive,simple_question,reflexive,not annotated upstream,the neighbor,,True,event,amouyal:150,reg,False,reg_base,c03ce7c8fb0eaf6c31e0842cc5767c47937b9a6aed4b72a620187484ff165eb2,216,0.9998685717582703,0.9986338019371033,0.9998685717582703,1, Yes,
amouyal:150:attachment,amouyal,NPZ,non_gp,simple,Yes,,,,0,294,set_hyp5_4,nonGP_reflexive,simple_question,reflexive,not annotated upstream,the neighbor,,True,attachment,amouyal:150,reg,False,reg_base,c0ed75aa1d996ab04b1d0b118da6fd3f55343d011e8cf2333aa4473fa453d8c6,228,0.9912916421890259,0.9983647465705872,0.9912916421890259,1, Yes,2faf3dbb4ac761964cd2dc192e720abae9d420aab75396d412cf93786d613740
amouyal:151,amouyal,NPZ,non_gp,lingering,No,,,,0,295,set_hyp5_4,nonGP_reflexive,GP_question,reflexive,not annotated upstream,the neighbor,,True,event,amouyal:151,reg,False,reg_base,6f558bba005b2b45bee9ccea7593b4b689ad47ad444de638d017183ac4eb247e,217,4.3492293100300117e-10,0.9999035596847534,0.999999999565077,1, No,
amouyal:151:attachment,amouyal,NPZ,non_gp,lingering,No,,,,0,295,set_hyp5_4,nonGP_reflexive,GP_question,reflexive,not annotated upstream,the neighbor,,True,attachment,amouyal:151,reg,False,reg_base,eda07fa956fde097e765c4a7973eb6637036c561382122418830f857962b6da9,231,0.017609942704439163,0.999687671661377,0.9823900572955608,1, No,f0c318e970aaef1c89ca64cea26bc914c2572d323fa91e4a3fc89bdf94f8a697
amouyal:200,amouyal,NPZ,gp,simple,Yes,,,,0,344,set_hyp5_5,GP_reflexive,simple_question,reflexive,not annotated upstream,the jewelry,,True,event,amouyal:200,reg,False,reg_base,a06c8c45edd471e9886fceec72d01ef9246b1316065e7a5e1f0b29d3a3b5e76d,216,0.999858021736145,0.9996042251586914,0.999858021736145,1, Yes,
amouyal:200:attachment,amouyal,NPZ,gp,simple,Yes,,,,0,344,set_hyp5_5,GP_reflexive,simple_question,reflexive,not annotated upstream,the jewelry,,True,attachment,amouyal:200,reg,False,reg_base,fa000d4dc567e42e9f11bfbdf6dde2788f674f16cd2ae64eeb60b3f519c0e166,228,0.00019466085359454155,0.9999761581420898,0.00019466085359454155,0, No,312025083e6166c97e6601ac6077597b3ca26d71c67c99f54425893605d01f45
amouyal:201,amouyal,NPZ,gp,lingering,No,,,,0,345,set_hyp5_5,GP_reflexive,GP_question,reflexive,not annotated upstream,the jewelry,,True,event,amouyal:201,reg,False,reg_base,30ce5d31d54c4e5cc4f3919e58161b2d782b360a409bc117a78fc7c7c35b58e4,217,0.9947134256362915,0.9992621541023254,0.005286574363708496,0, Yes,
amouyal:201:attachment,amouyal,NPZ,gp,lingering,No,,,,0,345,set_hyp5_5,GP_reflexive,GP_question,reflexive,not annotated upstream,the jewelry,,True,attachment,amouyal:201,reg,False,reg_base,e822509a5f92b7bfa2ef369ca3cc4e52dade5d8a2a3935884d9a4348f29b6337,231,0.28131812810897827,0.9993808269500732,0.7186818718910217,1, No,93e2213b07cf031ab19742f25b623d273853a384890d057d107f04b0c974ee76
amouyal:152,amouyal,NPZ,non_gp,simple,Yes,,,,0,296,set_hyp5_5,nonGP_reflexive,simple_question,reflexive,not annotated upstream,the jewelry,,True,event,amouyal:152,reg,False,reg_base,bc5efed9f653ec2d8dc1bc8e37f7390c6c340b24b2342da999049c8511545beb,216,0.9999986290931702,0.9993805289268494,0.9999986290931702,1, Yes,
amouyal:152:attachment,amouyal,NPZ,non_gp,simple,Yes,,,,0,296,set_hyp5_5,nonGP_reflexive,simple_question,reflexive,not annotated upstream,the jewelry,,True,attachment,amouyal:152,reg,False,reg_base,a80838b871aea59c53e3be3849e0a9c5f01b5a06d9bf1cb58b08329584f1a7ab,228,0.9999503493309021,0.9976962208747864,0.9999503493309021,1, Yes,312025083e6166c97e6601ac6077597b3ca26d71c67c99f54425893605d01f45
amouyal:153,amouyal,NPZ,non_gp,lingering,No,,,,0,297,set_hyp5_5,nonGP_reflexive,GP_question,reflexive,not annotated upstream,the jewelry,,True,event,amouyal:153,reg,False,reg_base,ce0b728989ba2da0cfba6c944b626b96658710d5452810cca52453bf9fcdf37d,217,1.3205238014180054e-09,0.9999640583992004,0.9999999986794762,1, No,
amouyal:153:attachment,amouyal,NPZ,non_gp,lingering,No,,,,0,297,set_hyp5_5,nonGP_reflexive,GP_question,reflexive,not annotated upstream,the jewelry,,True,attachment,amouyal:153,reg,False,reg_base,364fd833dfc7294f003d2936fec6f325c920bda1d636cf0724efbf97557a6f9b,231,0.003002732992172241,0.9998776316642761,0.9969972670078278,1, No,93e2213b07cf031ab19742f25b623d273853a384890d057d107f04b0c974ee76
amouyal:202,amouyal,NPZ,gp,simple,Yes,,,,0,346,set_hyp5_6,GP_reflexive,simple_question,reflexive,not annotated upstream,the baby,,True,event,amouyal:202,reg,False,reg_base,5f5ecd8f9af13aff6b53d7c61846799085ec8bfad9921ec45eca564551e7bcbe,220,0.9999294281005859,0.9994392991065979,0.9999294281005859,1, Yes,
amouyal:202:attachment,amouyal,NPZ,gp,simple,Yes,,,,0,346,set_hyp5_6,GP_reflexive,simple_question,reflexive,not annotated upstream,the baby,,True,attachment,amouyal:202,reg,False,reg_base,08ddcfbfef2fb4bb5b2b74230e319b03f05e4fcd4ecc4d728977bfb055c354de,229,9.719292575027794e-05,0.9999696016311646,9.719292575027794e-05,0, No,1a94d18c384c103f827805dbcae6b58f38660ca932988b00417a63a8fb833ad3
amouyal:203,amouyal,NPZ,gp,lingering,No,,,,0,347,set_hyp5_6,GP_reflexive,GP_question,reflexive,not annotated upstream,the baby,,True,event,amouyal:203,reg,False,reg_base,c10a7a715eccf9b04d9eae530760d8569837fde9b8b7afebf42d75ec703bdeca,217,0.9805014729499817,0.9993679523468018,0.01949852705001831,0, Yes,
amouyal:203:attachment,amouyal,NPZ,gp,lingering,No,,,,0,347,set_hyp5_6,GP_reflexive,GP_question,reflexive,not annotated upstream,the baby,,True,attachment,amouyal:203,reg,False,reg_base,e818398f6a834aadaa8377d4fff0065ca1a20325922861cdd9d9b03558cc8673,232,0.7162930965423584,0.999138355255127,0.2837069034576416,0, Yes,8d6284ae12ba71491537de771ef739468ba76bd72040675b00c3cc694048b3d4
amouyal:154,amouyal,NPZ,non_gp,simple,Yes,,,,0,298,set_hyp5_6,nonGP_reflexive,simple_question,reflexive,not annotated upstream,the baby,,True,event,amouyal:154,reg,False,reg_base,726bf211b9f8735593535a32cc8344f062452e2ab6a26f9ae5dc4efcca8da09a,220,0.9999942779541016,0.999404788017273,0.9999942779541016,1, Yes,
amouyal:154:attachment,amouyal,NPZ,non_gp,simple,Yes,,,,0,298,set_hyp5_6,nonGP_reflexive,simple_question,reflexive,not annotated upstream,the baby,,True,attachment,amouyal:154,reg,False,reg_base,76b704f3da59cc3c0e5cc9e353220b5d965e46eaee5df8bf82121ad00cfced4f,229,0.9999516606330872,0.9978708624839783,0.9999516606330872,1, Yes,1a94d18c384c103f827805dbcae6b58f38660ca932988b00417a63a8fb833ad3
amouyal:155,amouyal,NPZ,non_gp,lingering,No,,,,0,299,set_hyp5_6,nonGP_reflexive,GP_question,reflexive,not annotated upstream,the baby,,True,event,amouyal:155,reg,False,reg_base,7f42d052768c61394dbb884c83b5c4b577380110cc6e7041fe461feae465fc1c,217,6.788627797504887e-05,0.9999258518218994,0.999932113722025,1, No,
amouyal:155:attachment,amouyal,NPZ,non_gp,lingering,No,,,,0,299,set_hyp5_6,nonGP_reflexive,GP_question,reflexive,not annotated upstream,the baby,,True,attachment,amouyal:155,reg,False,reg_base,2fe7653ec9c1ea8ee935d4e4e3e9e84ef22860fb0e55c439241afd0d870afe29,232,0.8118831515312195,0.998671293258667,0.18811684846878052,0, Yes,8d6284ae12ba71491537de771ef739468ba76bd72040675b00c3cc694048b3d4
amouyal:204,amouyal,NPZ,gp,simple,Yes,,,,0,348,set_hyp5_7,GP_reflexive,simple_question,reflexive,not annotated upstream,the dog,,True,event,amouyal:204,reg,False,reg_base,82c78aabb5646e5c30f2794f80aa0fddfcb60763277d0ced1b1d5799b4d75786,216,0.9998781085014343,0.9993526935577393,0.9998781085014343,1, Yes,
amouyal:204:attachment,amouyal,NPZ,gp,simple,Yes,,,,0,348,set_hyp5_7,GP_reflexive,simple_question,reflexive,not annotated upstream,the dog,,True,attachment,amouyal:204,reg,False,reg_base,30848da4da95c9437a0b4fff3b37301674d595a99cbd302aa62f98791e9ac16a,228,8.47617702675052e-05,0.9999806880950928,8.47617702675052e-05,0, No,569c848c9106db4be58942a3f7449615861d703b63c040ecd54b180f9f6dced7
amouyal:205,amouyal,NPZ,gp,lingering,No,,,,0,349,set_hyp5_7,GP_reflexive,GP_question,reflexive,not annotated upstream,the dog,,True,event,amouyal:205,reg,False,reg_base,519a17888577d4801c94f63ddd46c9e297c612253ace28945565cead48abbda6,217,9.309103188570589e-05,0.9998924136161804,0.9999069089681143,1, No,
amouyal:205:attachment,amouyal,NPZ,gp,lingering,No,,,,0,349,set_hyp5_7,GP_reflexive,GP_question,reflexive,not annotated upstream,the dog,,True,attachment,amouyal:205,reg,False,reg_base,7772ab87adc08a0c51b39627145d0995464488066ea265adda252fd42297d4a3,231,0.09852337837219238,0.9996933937072754,0.9014766216278076,1, No,c7c0720618c619f1c5a4312bf7a8ba621df2a4379443d1dd2c7a5604cd4f0dc4
amouyal:156,amouyal,NPZ,non_gp,simple,Yes,,,,0,300,set_hyp5_7,nonGP_reflexive,simple_question,reflexive,not annotated upstream,the dog,,True,event,amouyal:156,reg,False,reg_base,7fa0c32fafdca87160da464db39e7ae584528420be7536ed3bbc59ca32b8985c,216,0.9999829530715942,0.999247670173645,0.9999829530715942,1, Yes,
amouyal:156:attachment,amouyal,NPZ,non_gp,simple,Yes,,,,0,300,set_hyp5_7,nonGP_reflexive,simple_question,reflexive,not annotated upstream,the dog,,True,attachment,amouyal:156,reg,False,reg_base,f5296f27f8a596325254e5eae64dee03b8035c9bc97676d9adbb7f3f35953fea,228,0.999941885471344,0.9980925917625427,0.999941885471344,1, Yes,569c848c9106db4be58942a3f7449615861d703b63c040ecd54b180f9f6dced7
amouyal:157,amouyal,NPZ,non_gp,lingering,No,,,,0,301,set_hyp5_7,nonGP_reflexive,GP_question,reflexive,not annotated upstream,the dog,,True,event,amouyal:157,reg,False,reg_base,2053e0a9e835371a90c702a78de4ca56a6435c5b858301f19699d796a6877865,217,4.244547421872191e-11,0.9998891353607178,0.9999999999575545,1, No,
amouyal:157:attachment,amouyal,NPZ,non_gp,lingering,No,,,,0,301,set_hyp5_7,nonGP_reflexive,GP_question,reflexive,not annotated upstream,the dog,,True,attachment,amouyal:157,reg,False,reg_base,0e544f15abeb1c51fbc09b1df5adfa988e33906d4a62502678987c7a7ba734bc,231,1.6031045788622578e-06,0.9999481439590454,0.9999983968954211,1, No,c7c0720618c619f1c5a4312bf7a8ba621df2a4379443d1dd2c7a5604cd4f0dc4
amouyal:206,amouyal,NPZ,gp,simple,Yes,,,,0,350,set_hyp5_8,GP_reflexive,simple_question,reflexive,not annotated upstream,the horse,,True,event,amouyal:206,reg,False,reg_base,549f36ce60d0a6375342559a27e422fa160885595a7585d373d8b11826baa20a,221,0.9999924898147583,0.9993419051170349,0.9999924898147583,1, Yes,
amouyal:206:attachment,amouyal,NPZ,gp,simple,Yes,,,,0,350,set_hyp5_8,GP_reflexive,simple_question,reflexive,not annotated upstream,the horse,,True,attachment,amouyal:206,reg,False,reg_base,239c004c2ab739aeb5fcf65146e3f2b7bb0b4cb03c943ea1bddcf12bac4f8102,231,0.6582878828048706,0.9993188381195068,0.6582878828048706,1, Yes,8c6af6d5f483fb559cc3d89a17cebf5ce9f0cef453ff7f4961aec5a45f44afcc
amouyal:207,amouyal,NPZ,gp,lingering,No,,,,0,351,set_hyp5_8,GP_reflexive,GP_question,reflexive,not annotated upstream,the horse,,True,event,amouyal:207,reg,False,reg_base,66cb2c976e10d823841b540caaf44f4739d55cd6c1646f9ebcd1fd31c2eb1e76,222,0.023048624396324158,0.9996517896652222,0.9769513756036758,1, No,
amouyal:207:attachment,amouyal,NPZ,gp,lingering,No,,,,0,351,set_hyp5_8,GP_reflexive,GP_question,reflexive,not annotated upstream,the horse,,True,attachment,amouyal:207,reg,False,reg_base,4e740f4f029f5d2bbc415cd4bd5df36c0527ad8fa34a216b8a2bc72dc5741eea,234,0.22214436531066895,0.999316394329071,0.777855634689331,1, No,9a755ac496f13ae5f2c388965641bf2dfa1cd2c83cc4f318324219cedf67eb8f
amouyal:158,amouyal,NPZ,non_gp,simple,Yes,,,,0,302,set_hyp5_8,nonGP_reflexive,simple_question,reflexive,not annotated upstream,the horse,,True,event,amouyal:158,reg,False,reg_base,95b70bbd975c3811052fc86da1557cbac45f550c3103bd1d1499879bc8809a06,221,0.9999908208847046,0.9988411068916321,0.9999908208847046,1, Yes,
amouyal:158:attachment,amouyal,NPZ,non_gp,simple,Yes,,,,0,302,set_hyp5_8,nonGP_reflexive,simple_question,reflexive,not annotated upstream,the horse,,True,attachment,amouyal:158,reg,False,reg_base,4bfdf4f8b631c2dbdb027d3b8cba53e761d77c94a8b4abb8597f0ec4db2a16f9,231,0.9999698400497437,0.997707188129425,0.9999698400497437,1, Yes,8c6af6d5f483fb559cc3d89a17cebf5ce9f0cef453ff7f4961aec5a45f44afcc
amouyal:159,amouyal,NPZ,non_gp,lingering,No,,,,0,303,set_hyp5_8,nonGP_reflexive,GP_question,reflexive,not annotated upstream,the horse,,True,event,amouyal:159,reg,False,reg_base,f73b90cb7f7aa2e42e078c62df435168cce2c590be2da23479e98e663e7570dd,222,2.417933075982148e-10,0.9999480843544006,0.9999999997582067,1, No,
amouyal:159:attachment,amouyal,NPZ,non_gp,lingering,No,,,,0,303,set_hyp5_8,nonGP_reflexive,GP_question,reflexive,not annotated upstream,the horse,,True,attachment,amouyal:159,reg,False,reg_base,105ccb1dc9615839e3969effb9bcb278ce51bec55e64527823d190ae21436b55,234,1.7090516848838888e-05,0.9999443292617798,0.9999829094831512,1, No,9a755ac496f13ae5f2c388965641bf2dfa1cd2c83cc4f318324219cedf67eb8f
amouyal:208,amouyal,NPZ,gp,simple,Yes,,,,0,352,set_hyp5_9,GP_reflexive,simple_question,reflexive,not annotated upstream,the baby,,True,event,amouyal:208,reg,False,reg_base,9dd8809b5810b4625841b018baef4e67f9637792af74c4261f316c0d3ca35b9e,216,0.999998927116394,0.9996281862258911,0.999998927116394,1, Yes,
amouyal:208:attachment,amouyal,NPZ,gp,simple,Yes,,,,0,352,set_hyp5_9,GP_reflexive,simple_question,reflexive,not annotated upstream,the baby,,True,attachment,amouyal:208,reg,False,reg_base,52398f6017ba08eecdaa2b9dbf384a08eb55c7602d833a6d10c3c3fd93de6319,228,0.8170193433761597,0.9990907311439514,0.8170193433761597,1, Yes,1a94d18c384c103f827805dbcae6b58f38660ca932988b00417a63a8fb833ad3
amouyal:209,amouyal,NPZ,gp,lingering,No,,,,0,353,set_hyp5_9,GP_reflexive,GP_question,reflexive,not annotated upstream,the baby,,True,event,amouyal:209,reg,False,reg_base,b73461a3d36904f8474b733dbcad8a90deb96987baf083bb86f15d0d7a6107e2,218,0.9999662041664124,0.9993115663528442,3.3795833587646484e-05,0, Yes,
amouyal:209:attachment,amouyal,NPZ,gp,lingering,No,,,,0,353,set_hyp5_9,GP_reflexive,GP_question,reflexive,not annotated upstream,the baby,,True,attachment,amouyal:209,reg,False,reg_base,b342b33e81eef652c32a9c41fee92cecfd5120d9bff75967b8b3443c5b326b96,231,0.9674693942070007,0.9988296627998352,0.03253060579299927,0, Yes,8d6284ae12ba71491537de771ef739468ba76bd72040675b00c3cc694048b3d4
amouyal:160,amouyal,NPZ,non_gp,simple,Yes,,,,0,304,set_hyp5_9,nonGP_reflexive,simple_question,reflexive,not annotated upstream,the baby,,True,event,amouyal:160,reg,False,reg_base,bfb8de5f37b04e8e064f675906559db4e97cc5db26270c5807b7035365dbb6ee,216,0.9999927878379822,0.9991499781608582,0.9999927878379822,1, Yes,
amouyal:160:attachment,amouyal,NPZ,non_gp,simple,Yes,,,,0,304,set_hyp5_9,nonGP_reflexive,simple_question,reflexive,not annotated upstream,the baby,,True,attachment,amouyal:160,reg,False,reg_base,16541f4036778ee845c2f464849b1be752ac2fe5f08f9a3cadc68f2c3a50edfd,228,0.9998320937156677,0.9971045851707458,0.9998320937156677,1, Yes,1a94d18c384c103f827805dbcae6b58f38660ca932988b00417a63a8fb833ad3
amouyal:161,amouyal,NPZ,non_gp,lingering,No,,,,0,305,set_hyp5_9,nonGP_reflexive,GP_question,reflexive,not annotated upstream,the baby,,True,event,amouyal:161,reg,False,reg_base,ef25715c508d4ddf5b8fc2ac72537aaf4c4651ddbb4f6717de2092a47563be1d,218,0.9266965389251709,0.9988666772842407,0.0733034610748291,0, Yes,
amouyal:161:attachment,amouyal,NPZ,non_gp,lingering,No,,,,0,305,set_hyp5_9,nonGP_reflexive,GP_question,reflexive,not annotated upstream,the baby,,True,attachment,amouyal:161,reg,False,reg_base,f6620e6396d70596e51c99395bdc2da5d5baea2ede16063f242016d4e0ded371,231,0.006445218808948994,0.9997958540916443,0.993554781191051,1, No,8d6284ae12ba71491537de771ef739468ba76bd72040675b00c3cc694048b3d4
amouyal:210,amouyal,NPZ,gp,simple,Yes,,,,0,354,set_hyp5_10,GP_reflexive,simple_question,reflexive,not annotated upstream,the patient,,True,event,amouyal:210,reg,False,reg_base,8d2747b02237015d129212a508dc98419e477d695c6f6b8560ac5a2193e126e7,215,0.9999539852142334,0.9994723796844482,0.9999539852142334,1, Yes,
amouyal:210:attachment,amouyal,NPZ,gp,simple,Yes,,,,0,354,set_hyp5_10,GP_reflexive,simple_question,reflexive,not annotated upstream,the patient,,True,attachment,amouyal:210,reg,False,reg_base,5c271eae3d977e95875f33f6b3caf2de9e8f10522ed88753fb491dbca221b6be,227,0.0027914356905966997,0.9999306797981262,0.0027914356905966997,0, No,1ba0e8de1798adf61209aff0ba3b8ea6b2ff7fddbef8986e3d92428369936c72
amouyal:211,amouyal,NPZ,gp,lingering,No,,,,0,355,set_hyp5_10,GP_reflexive,GP_question,reflexive,not annotated upstream,the patient,,True,event,amouyal:211,reg,False,reg_base,f0d7a3b893160f7f77930de2b1a38d1364d2cd96920f364c8682ebe8e7e5aa40,216,0.9348512887954712,0.997764527797699,0.06514871120452881,0, Yes,
amouyal:211:attachment,amouyal,NPZ,gp,lingering,No,,,,0,355,set_hyp5_10,GP_reflexive,GP_question,reflexive,not annotated upstream,the patient,,True,attachment,amouyal:211,reg,False,reg_base,cb755ef611ea6570f52331a9f9ea1cccbeb42d754dababddd6d970e866467280,230,0.1441427618265152,0.9995731711387634,0.8558572381734848,1, No,a2a20a3ce4ad5a6949895d320bcd499f86e2882d6bd52f69fbd05c92dcd1e387
amouyal:162,amouyal,NPZ,non_gp,simple,Yes,,,,0,306,set_hyp5_10,nonGP_reflexive,simple_question,reflexive,not annotated upstream,the patient,,True,event,amouyal:162,reg,False,reg_base,7e444c8d716ddb7f970c0da142928ad2e398625e319724ec2ff96842efa477f2,215,0.9999994039535522,0.9995378851890564,0.9999994039535522,1, Yes,
amouyal:162:attachment,amouyal,NPZ,non_gp,simple,Yes,,,,0,306,set_hyp5_10,nonGP_reflexive,simple_question,reflexive,not annotated upstream,the patient,,True,attachment,amouyal:162,reg,False,reg_base,c4045f0ac1dead49bd3f4533e84c966fed85fbe5fd16b265bc0839128d22e847,227,0.9999889135360718,0.9963669180870056,0.9999889135360718,1, Yes,1ba0e8de1798adf61209aff0ba3b8ea6b2ff7fddbef8986e3d92428369936c72
amouyal:163,amouyal,NPZ,non_gp,lingering,No,,,,0,307,set_hyp5_10,nonGP_reflexive,GP_question,reflexive,not annotated upstream,the patient,,True,event,amouyal:163,reg,False,reg_base,529593470df6d458e9cd4bf68b7155b85634d10a44865d249677f523b24c465f,216,0.861004114151001,0.9987687468528748,0.13899588584899902,0, Yes,
amouyal:163:attachment,amouyal,NPZ,non_gp,lingering,No,,,,0,307,set_hyp5_10,nonGP_reflexive,GP_question,reflexive,not annotated upstream,the patient,,True,attachment,amouyal:163,reg,False,reg_base,4665ad13dddbe660332352c1fbbd6e2cdf64be6dece3dce4531435cead8cc450,230,0.00019947085820604116,0.9999192357063293,0.999800529141794,1, No,a2a20a3ce4ad5a6949895d320bcd499f86e2882d6bd52f69fbd05c92dcd1e387
amouyal:212,amouyal,NPZ,gp,simple,Yes,,,,0,356,set_hyp5_11,GP_reflexive,simple_question,reflexive,not annotated upstream,the cat,,True,event,amouyal:212,reg,False,reg_base,311609601be3bf722882d37f29c877bd7596482eee2f5038f9b4674497105666,219,0.5938880443572998,0.9970963001251221,0.5938880443572998,1, Yes,
amouyal:212:attachment,amouyal,NPZ,gp,simple,Yes,,,,0,356,set_hyp5_11,GP_reflexive,simple_question,reflexive,not annotated upstream,the cat,,True,attachment,amouyal:212,reg,False,reg_base,440ce8ee6da0a0d15ca28771f9016d8e4a4000b602b1518a0a1057d4f5540465,229,0.0007179042440839112,0.9999560117721558,0.0007179042440839112,0, No,3fd462885638291a64331a0fe01386d515be067f5b1a3138b1cd17f38bbaacd5
amouyal:213,amouyal,NPZ,gp,lingering,No,,,,0,357,set_hyp5_11,GP_reflexive,GP_question,reflexive,not annotated upstream,the cat,,True,event,amouyal:213,reg,False,reg_base,63fc41a7355c77d1b2e7ad0b598893a6427e0e4ee3c2db82f0c38c74d1102e84,218,0.19023887813091278,0.9975659251213074,0.8097611218690872,1, No,
amouyal:213:attachment,amouyal,NPZ,gp,lingering,No,,,,0,357,set_hyp5_11,GP_reflexive,GP_question,reflexive,not annotated upstream,the cat,,True,attachment,amouyal:213,reg,False,reg_base,5813424615304d99df9a159c7de47557ec7a6029c51528562cad8c182dd7daab,232,0.15413910150527954,0.9993717670440674,0.8458608984947205,1, No,9804eb14a34437f601ca64f2a87977a719f50a059ccb9ffbbd129e63b908d0f8
amouyal:164,amouyal,NPZ,non_gp,simple,Yes,,,,0,308,set_hyp5_11,nonGP_reflexive,simple_question,reflexive,not annotated upstream,the cat,,True,event,amouyal:164,reg,False,reg_base,29e5192246baf546461c1d1fee176247ad1ff818c327a080f081ffdf8814a779,219,0.9999951124191284,0.9994168877601624,0.9999951124191284,1, Yes,
amouyal:164:attachment,amouyal,NPZ,non_gp,simple,Yes,,,,0,308,set_hyp5_11,nonGP_reflexive,simple_question,reflexive,not annotated upstream,the cat,,True,attachment,amouyal:164,reg,False,reg_base,4a99292943637813b40f7110ff25e59b303e24d601f9fdc4107592b7e0f9107a,229,0.9999609589576721,0.9980883598327637,0.9999609589576721,1, Yes,3fd462885638291a64331a0fe01386d515be067f5b1a3138b1cd17f38bbaacd5
amouyal:165,amouyal,NPZ,non_gp,lingering,No,,,,0,309,set_hyp5_11,nonGP_reflexive,GP_question,reflexive,not annotated upstream,the cat,,True,event,amouyal:165,reg,False,reg_base,781ae2f52bda190907bd3e4aec0ab93849210d2aada393613f303ff398d54ff6,218,4.243720652663541e-11,0.9999350309371948,0.9999999999575628,1, No,
amouyal:165:attachment,amouyal,NPZ,non_gp,lingering,No,,,,0,309,set_hyp5_11,nonGP_reflexive,GP_question,reflexive,not annotated upstream,the cat,,True,attachment,amouyal:165,reg,False,reg_base,1535a59b57dc79bcdac73204966e227c9b05bc537ee2615e64f54d2d5d483654,232,7.993247663762304e-07,0.9999605417251587,0.9999992006752336,1, No,9804eb14a34437f601ca64f2a87977a719f50a059ccb9ffbbd129e63b908d0f8
amouyal:214,amouyal,NPZ,gp,simple,Yes,,,,0,358,set_hyp5_12,GP_reflexive,simple_question,reflexive,not annotated upstream,the children,,True,event,amouyal:214,reg,False,reg_base,7708e17f32fd75cf5892384858b5915d792c32a11073066f5b3cd9a748841790,221,0.9999913573265076,0.999649703502655,0.9999913573265076,1, Yes,
amouyal:214:attachment,amouyal,NPZ,gp,simple,Yes,,,,0,358,set_hyp5_12,GP_reflexive,simple_question,reflexive,not annotated upstream,the children,,True,attachment,amouyal:214,reg,False,reg_base,e838a9f43d23f6b447aef94bd72a96c40ebeda76d2da856b4920b5b857d5e739,231,0.04598188400268555,0.999729335308075,0.04598188400268555,0, No,c79abff6bf24fdf18fdf13678dd88400e48d3683d1615933a0116be2e9041710
amouyal:215,amouyal,NPZ,gp,lingering,No,,,,0,359,set_hyp5_12,GP_reflexive,GP_question,reflexive,not annotated upstream,the children,,True,event,amouyal:215,reg,False,reg_base,9e08e8b9e79709a37ff20ba4c45727e14090864de69be7f7ea5297e23e028799,221,0.7866143584251404,0.9986271262168884,0.21338564157485962,0, Yes,
amouyal:215:attachment,amouyal,NPZ,gp,lingering,No,,,,0,359,set_hyp5_12,GP_reflexive,GP_question,reflexive,not annotated upstream,the children,,True,attachment,amouyal:215,reg,False,reg_base,1a28b14e37ba32b014dc4d669b3098795a613ec86ce3151750888c50f45aa031,234,0.41227734088897705,0.9988798499107361,0.587722659111023,1, No,2d3bb4e208cd68665a0e5f89a2bd84935735d0a2a13642db957ec20020775b1f
amouyal:166,amouyal,NPZ,non_gp,simple,Yes,,,,0,310,set_hyp5_12,nonGP_reflexive,simple_question,reflexive,not annotated upstream,the children,,True,event,amouyal:166,reg,False,reg_base,71c99d9fc5ce07a1a3ea8f15903b38e3a0c11d0958f1be03d5400ffab1bb4f28,221,0.9999986290931702,0.9994040131568909,0.9999986290931702,1, Yes,
amouyal:166:attachment,amouyal,NPZ,non_gp,simple,Yes,,,,0,310,set_hyp5_12,nonGP_reflexive,simple_question,reflexive,not annotated upstream,the children,,True,attachment,amouyal:166,reg,False,reg_base,93aa8368ac983eb7be902255ea6cdadc1381986fdc0b8c12c1eba370bb0c9f58,231,0.9999547004699707,0.9973088502883911,0.9999547004699707,1, Yes,c79abff6bf24fdf18fdf13678dd88400e48d3683d1615933a0116be2e9041710
amouyal:167,amouyal,NPZ,non_gp,lingering,No,,,,0,311,set_hyp5_12,nonGP_reflexive,GP_question,reflexive,not annotated upstream,the children,,True,event,amouyal:167,reg,False,reg_base,1d8bfdcac2943714a6965e1be712f72b0495fb984dfd8b31305d7a69f556353c,221,3.185892273904756e-05,0.999944269657135,0.999968141077261,1, No,
amouyal:167:attachment,amouyal,NPZ,non_gp,lingering,No,,,,0,311,set_hyp5_12,nonGP_reflexive,GP_question,reflexive,not annotated upstream,the children,,True,attachment,amouyal:167,reg,False,reg_base,341ec3104138543a974b7855b8e518755c30eba1383fb3074972ce5e9e3ef87c,234,2.0274041162338108e-05,0.9999196529388428,0.9999797259588377,1, No,2d3bb4e208cd68665a0e5f89a2bd84935735d0a2a13642db957ec20020775b1f
amouyal:216,amouyal,NPZ,gp,simple,Yes,,,,0,360,set_hyp5_13,GP_reflexive,simple_question,reflexive,not annotated upstream,the painting,,True,event,amouyal:216,reg,False,reg_base,300398d050d45aca3333b2c18061d4f1cc52afdf685ed78d87a15715ccb33d31,221,0.9982614517211914,0.9990822076797485,0.9982614517211914,1, Yes,
amouyal:216:attachment,amouyal,NPZ,gp,simple,Yes,,,,0,360,set_hyp5_13,GP_reflexive,simple_question,reflexive,not annotated upstream,the painting,,True,attachment,amouyal:216,reg,False,reg_base,2e821c89210db7ea9c1560ed93c3f3d701a75f2c40929114b743521782472276,230,4.921774598187767e-05,0.9999670386314392,4.921774598187767e-05,0, No,bc53f0ad336a07433f846c050e7e157da93eae01e1211c7866f31a8b9229a4bd
amouyal:217,amouyal,NPZ,gp,lingering,No,,,,0,361,set_hyp5_13,GP_reflexive,GP_question,reflexive,not annotated upstream,the painting,,True,event,amouyal:217,reg,False,reg_base,ce024e8765b4c60c4930941750754d5446800748052a6da3b63c6024983b6b87,219,0.6192263960838318,0.9990019798278809,0.3807736039161682,0, Yes,
amouyal:217:attachment,amouyal,NPZ,gp,lingering,No,,,,0,361,set_hyp5_13,GP_reflexive,GP_question,reflexive,not annotated upstream,the painting,,True,attachment,amouyal:217,reg,False,reg_base,55565e89f048a771de1e65a37964ab06c45344d9d644d7d4fc5dfcd31323f7d6,233,0.010951141826808453,0.9998040795326233,0.9890488581731915,1, No,735f5e1e1f36342670947b025b0d78d30e7e9ee0a15bcdc867b8d7ad989ff125
amouyal:168,amouyal,NPZ,non_gp,simple,Yes,,,,0,312,set_hyp5_13,nonGP_reflexive,simple_question,reflexive,not annotated upstream,the painting,,True,event,amouyal:168,reg,False,reg_base,27a3fe0d1bc5734904be39e16a5c255c648ab4b0979c8cd7db09f4d71f1f1002,221,0.9999955296516418,0.9993951916694641,0.9999955296516418,1, Yes,
amouyal:168:attachment,amouyal,NPZ,non_gp,simple,Yes,,,,0,312,set_hyp5_13,nonGP_reflexive,simple_question,reflexive,not annotated upstream,the painting,,True,attachment,amouyal:168,reg,False,reg_base,381a0dd70397e196840ae8761262061aa6bec1e76542f8112f09913c25bff8da,230,0.9999516606330872,0.9982931613922119,0.9999516606330872,1, Yes,bc53f0ad336a07433f846c050e7e157da93eae01e1211c7866f31a8b9229a4bd
amouyal:169,amouyal,NPZ,non_gp,lingering,No,,,,0,313,set_hyp5_13,nonGP_reflexive,GP_question,reflexive,not annotated upstream,the painting,,True,event,amouyal:169,reg,False,reg_base,20fa67eb3bbfc3632ce58102ef310f92b03433298bd008657e7b155ce0f36d05,219,2.141984367654004e-07,0.9998087882995605,0.9999997858015632,1, No,
amouyal:169:attachment,amouyal,NPZ,non_gp,lingering,No,,,,0,313,set_hyp5_13,nonGP_reflexive,GP_question,reflexive,not annotated upstream,the painting,,True,attachment,amouyal:169,reg,False,reg_base,9758178786088233a062695a375761fadd05541a5012967dce54f16de7028f49,233,0.00012240235810168087,0.9999328255653381,0.9998775976418983,1, No,735f5e1e1f36342670947b025b0d78d30e7e9ee0a15bcdc867b8d7ad989ff125
amouyal:218,amouyal,NPZ,gp,simple,Yes,,,,0,362,set_hyp5_14,GP_reflexive,simple_question,reflexive,not annotated upstream,the tomatoes,Released simple question uses singular tomato; both sentences use plural tomatoes.,False,event,amouyal:218,reg,False,reg_base,d1b11d2b5a43d2f0dfef413cec667f4b7a5db839f21c86abe9cd78ead2706138,217,0.7426777482032776,0.9995311498641968,0.7426777482032776,1, Yes,
amouyal:218:attachment,amouyal,NPZ,gp,simple,Yes,,,,0,362,set_hyp5_14,GP_reflexive,simple_question,reflexive,not annotated upstream,the tomatoes,Released simple question uses singular tomato; both sentences use plural tomatoes.,False,attachment,amouyal:218,reg,False,reg_base,55abda2da9a79f2808539d3c03661bba4f4e4419ed2bab25988bd04b139a66ab,228,0.0008287105010822415,0.9999721050262451,0.0008287105010822415,0, No,bdd85f8913be275ace992a77d350e0f6d34be80da5125c6b737d4f0c369ce3cd
amouyal:219,amouyal,NPZ,gp,lingering,No,,,,0,363,set_hyp5_14,GP_reflexive,GP_question,reflexive,not annotated upstream,the tomatoes,Released simple question uses singular tomato; both sentences use plural tomatoes.,False,event,amouyal:219,reg,False,reg_base,21b18bae0b70e4498e53f3c5c7c8fb5b3cf0956c54a77a68d155e90652383d25,217,0.004707548767328262,0.999779999256134,0.9952924512326717,1, No,
amouyal:219:attachment,amouyal,NPZ,gp,lingering,No,,,,0,363,set_hyp5_14,GP_reflexive,GP_question,reflexive,not annotated upstream,the tomatoes,Released simple question uses singular tomato; both sentences use plural tomatoes.,False,attachment,amouyal:219,reg,False,reg_base,921ebf9fdfde9d9f9ec368e2db422b22da10f971e5c5c32334f8565f9b0cea92,231,0.5839367508888245,0.9992882609367371,0.41606324911117554,0, Yes,6443a115d275bee15929d14fa928376e39fbdf1c50c7b6d2406df8d455e6687f
amouyal:170,amouyal,NPZ,non_gp,simple,Yes,,,,0,314,set_hyp5_14,nonGP_reflexive,simple_question,reflexive,not annotated upstream,the tomatoes,Released simple question uses singular tomato; both sentences use plural tomatoes.,False,event,amouyal:170,reg,False,reg_base,1a72f8c48fa9f47dfbf0857c4d5a94eed13caa4912e5e77861be98e2fcee2c01,217,0.9960135817527771,0.9992402791976929,0.9960135817527771,1, Yes,
amouyal:170:attachment,amouyal,NPZ,non_gp,simple,Yes,,,,0,314,set_hyp5_14,nonGP_reflexive,simple_question,reflexive,not annotated upstream,the tomatoes,Released simple question uses singular tomato; both sentences use plural tomatoes.,False,attachment,amouyal:170,reg,False,reg_base,183dc294f5f1ebb38e81fc65b72f3491358c919dbc5ea56521ab2118f7bfe4b3,228,0.9994476437568665,0.9987836480140686,0.9994476437568665,1, Yes,bdd85f8913be275ace992a77d350e0f6d34be80da5125c6b737d4f0c369ce3cd
amouyal:171,amouyal,NPZ,non_gp,lingering,No,,,,0,315,set_hyp5_14,nonGP_reflexive,GP_question,reflexive,not annotated upstream,the tomatoes,Released simple question uses singular tomato; both sentences use plural tomatoes.,False,event,amouyal:171,reg,False,reg_base,078b31c8af8bfb0e0b53ab0666b4f879209f90722e6b6b860ba9fb4200470647,217,2.11501719604712e-06,0.9999095797538757,0.999997884982804,1, No,
amouyal:171:attachment,amouyal,NPZ,non_gp,lingering,No,,,,0,315,set_hyp5_14,nonGP_reflexive,GP_question,reflexive,not annotated upstream,the tomatoes,Released simple question uses singular tomato; both sentences use plural tomatoes.,False,attachment,amouyal:171,reg,False,reg_base,74c811b7e8519cc7480d6fc24c55895d458f1d31b7f4926e01e8369234076722,231,0.0009995319414883852,0.9998870491981506,0.9990004680585116,1, No,6443a115d275bee15929d14fa928376e39fbdf1c50c7b6d2406df8d455e6687f
amouyal:220,amouyal,NPZ,gp,simple,Yes,,,,0,364,set_hyp5_15,GP_reflexive,simple_question,reflexive,not annotated upstream,the ball,,True,event,amouyal:220,reg,False,reg_base,a5d9eee31c3640c53c0f6b020e69d1ce799732d86db6009a63caf0154e79a1a2,221,0.9997975826263428,0.9987653493881226,0.9997975826263428,1, Yes,
amouyal:220:attachment,amouyal,NPZ,gp,simple,Yes,,,,0,364,set_hyp5_15,GP_reflexive,simple_question,reflexive,not annotated upstream,the ball,,True,attachment,amouyal:220,reg,False,reg_base,9550ef7f452f597ae5004972a09c339904a64dfbec12fe9f874ae4397e699b75,230,1.0536398804106284e-05,0.9999768137931824,1.0536398804106284e-05,0, No,46924e96d6dba33440b1e9a6ae3aa52d2fd4feb27153ffc5d91186042bc1821a
amouyal:221,amouyal,NPZ,gp,lingering,No,,,,0,365,set_hyp5_15,GP_reflexive,GP_question,reflexive,not annotated upstream,the ball,,True,event,amouyal:221,reg,False,reg_base,790b35f1abd11a073c7c88edfe832106afddfc106194d2a08b250530ce8fd2b8,219,0.9649298787117004,0.998823881149292,0.03507012128829956,0, Yes,
amouyal:221:attachment,amouyal,NPZ,gp,lingering,No,,,,0,365,set_hyp5_15,GP_reflexive,GP_question,reflexive,not annotated upstream,the ball,,True,attachment,amouyal:221,reg,False,reg_base,7f63f6a7191d91058744f917be633c155db9f061c902024d4eb263d0f1424e56,233,0.595719039440155,0.9991481304168701,0.40428096055984497,0, Yes,361686e936a4dbe9b8774d2d7808e7eb82caff05dda7418bc69494a150d6c5ce
amouyal:172,amouyal,NPZ,non_gp,simple,Yes,,,,0,316,set_hyp5_15,nonGP_reflexive,simple_question,reflexive,not annotated upstream,the ball,,True,event,amouyal:172,reg,False,reg_base,e0022150987727b737cc865232e3f5a6d2eb51fc68ae0b88b6dc9900f1b03b9b,221,0.9999994039535522,0.9995632171630859,0.9999994039535522,1, Yes,
amouyal:172:attachment,amouyal,NPZ,non_gp,simple,Yes,,,,0,316,set_hyp5_15,nonGP_reflexive,simple_question,reflexive,not annotated upstream,the ball,,True,attachment,amouyal:172,reg,False,reg_base,b4114a25c881df77709d47435eea20883e86950dcb30b6e2ca6dd2f9e297723e,230,0.9998764991760254,0.9984984993934631,0.9998764991760254,1, Yes,46924e96d6dba33440b1e9a6ae3aa52d2fd4feb27153ffc5d91186042bc1821a
amouyal:173,amouyal,NPZ,non_gp,lingering,No,,,,0,317,set_hyp5_15,nonGP_reflexive,GP_question,reflexive,not annotated upstream,the ball,,True,event,amouyal:173,reg,False,reg_base,ab90ed14f0a801d07b0d8f96d8e59c5323dd296a7c23746b4a9690783b1d1de1,219,0.312807559967041,0.9961387515068054,0.687192440032959,1, No,
amouyal:173:attachment,amouyal,NPZ,non_gp,lingering,No,,,,0,317,set_hyp5_15,nonGP_reflexive,GP_question,reflexive,not annotated upstream,the ball,,True,attachment,amouyal:173,reg,False,reg_base,82b2371f2c46b22d3e3ca3ac477d5fa0b182939ddf19e940ced7386baf65bdc9,233,0.0011937092058360577,0.9999133348464966,0.9988062907941639,1, No,361686e936a4dbe9b8774d2d7808e7eb82caff05dda7418bc69494a150d6c5ce
amouyal:222,amouyal,NPZ,gp,simple,Yes,,,,0,366,set_hyp5_16,GP_reflexive,simple_question,reflexive,not annotated upstream,the wheel,,True,event,amouyal:222,reg,False,reg_base,6ca5e3cef65758dd0d5f8e3e769dabe36f68a20ecc4488bed850382a5696902a,217,0.9997899532318115,0.9991010427474976,0.9997899532318115,1, Yes,
amouyal:222:attachment,amouyal,NPZ,gp,simple,Yes,,,,0,366,set_hyp5_16,GP_reflexive,simple_question,reflexive,not annotated upstream,the wheel,,True,attachment,amouyal:222,reg,False,reg_base,0667efcafcd2def781e875a4b6faa96b6a48badb7e450bad28b5931deff9428f,228,9.891980153042823e-05,0.9999668002128601,9.891980153042823e-05,0, No,9c790ce4ab9d640ef73a1723fa8749c3be543b94c43d086c7a13c20ece30116f
amouyal:223,amouyal,NPZ,gp,lingering,No,,,,0,367,set_hyp5_16,GP_reflexive,GP_question,reflexive,not annotated upstream,the wheel,,True,event,amouyal:223,reg,False,reg_base,123ea27310544c3af30f7d2f6d756cfd7f4071d61b95227a11ba2d61814e041a,217,0.9987932443618774,0.9994463920593262,0.0012067556381225586,0, Yes,
amouyal:223:attachment,amouyal,NPZ,gp,lingering,No,,,,0,367,set_hyp5_16,GP_reflexive,GP_question,reflexive,not annotated upstream,the wheel,,True,attachment,amouyal:223,reg,False,reg_base,6c19880b3943cbe082d8a35f0675c0c0b2d2a5aac0aead5daefcc10223b32c04,231,0.9436729550361633,0.9989042282104492,0.05632704496383667,0, Yes,22d51f3693e3b7f42694b4d45993a15cba5d5ea28db840adc667b0cf4e1f15ef
amouyal:174,amouyal,NPZ,non_gp,simple,Yes,,,,0,318,set_hyp5_16,nonGP_reflexive,simple_question,reflexive,not annotated upstream,the wheel,,True,event,amouyal:174,reg,False,reg_base,128642358298db51a14efc6df1b508427dc8fc13be913ff6eaf4ded37fc76c33,217,0.999979555606842,0.9992847442626953,0.999979555606842,1, Yes,
amouyal:174:attachment,amouyal,NPZ,non_gp,simple,Yes,,,,0,318,set_hyp5_16,nonGP_reflexive,simple_question,reflexive,not annotated upstream,the wheel,,True,attachment,amouyal:174,reg,False,reg_base,44599ff6f461f42100b2268c9c7a7fee56b0d290955889373bf06335d9a40c21,228,0.9995222687721252,0.998323380947113,0.9995222687721252,1, Yes,9c790ce4ab9d640ef73a1723fa8749c3be543b94c43d086c7a13c20ece30116f
amouyal:175,amouyal,NPZ,non_gp,lingering,No,,,,0,319,set_hyp5_16,nonGP_reflexive,GP_question,reflexive,not annotated upstream,the wheel,,True,event,amouyal:175,reg,False,reg_base,2c9cb23666a57f542005ab3b6854e3ad9bb71d1e9bc808bb13a9445820e33b88,217,0.9982097148895264,0.9994326829910278,0.0017902851104736328,0, Yes,
amouyal:175:attachment,amouyal,NPZ,non_gp,lingering,No,,,,0,319,set_hyp5_16,nonGP_reflexive,GP_question,reflexive,not annotated upstream,the wheel,,True,attachment,amouyal:175,reg,False,reg_base,5aa4fcd983fd83678e223768c95eff119ccb1aff18505169ccb9dd0ba2869d61,231,0.1663167029619217,0.999450147151947,0.8336832970380783,1, No,22d51f3693e3b7f42694b4d45993a15cba5d5ea28db840adc667b0cf4e1f15ef
amouyal:224,amouyal,NPZ,gp,simple,Yes,,,,0,368,set_hyp5_17,GP_reflexive,simple_question,reflexive,not annotated upstream,the river,,True,event,amouyal:224,reg,False,reg_base,02db0b34c504c2c8152ae1832bdd457d8a8a77f55c0a44d369e9d21a3b696b1a,217,0.9999977350234985,0.9997048377990723,0.9999977350234985,1, Yes,
amouyal:224:attachment,amouyal,NPZ,gp,simple,Yes,,,,0,368,set_hyp5_17,GP_reflexive,simple_question,reflexive,not annotated upstream,the river,,True,attachment,amouyal:224,reg,False,reg_base,afd9b0f1b008fe67a16fb391a4a9eda7a55893769f86e31a1c19d16a8d05430b,229,0.9687258005142212,0.999115526676178,0.9687258005142212,1, Yes,78f8d03c768f7f680251f8b6343667db4a8b49ab9ca57335aafedab1837777f3
amouyal:225,amouyal,NPZ,gp,lingering,No,,,,0,369,set_hyp5_17,GP_reflexive,GP_question,reflexive,not annotated upstream,the river,,True,event,amouyal:225,reg,False,reg_base,e6b27fc94f03a2c327b85f53477835bea00f4ead053b7fb3266614c67f28f1cf,219,2.246098418368092e-08,0.9999397993087769,0.9999999775390158,1, No,
amouyal:225:attachment,amouyal,NPZ,gp,lingering,No,,,,0,369,set_hyp5_17,GP_reflexive,GP_question,reflexive,not annotated upstream,the river,,True,attachment,amouyal:225,reg,False,reg_base,3e0480f1ce2b524f8e5da06c857a0d8cb62e72f2816b669a66081ab47f9a1c7c,232,0.06339982151985168,0.9995409250259399,0.9366001784801483,1, No,cd23d1dcaa4f27c70ac2c33262b0d248c72e0da90250a5fee631929045839f35
amouyal:176,amouyal,NPZ,non_gp,simple,Yes,,,,0,320,set_hyp5_17,nonGP_reflexive,simple_question,reflexive,not annotated upstream,the river,,True,event,amouyal:176,reg,False,reg_base,bcdc2c22ac8d110fec48007ed49ca01cab8489068fe3df3a0ad475921eb385ec,217,0.9999982714653015,0.9995851516723633,0.9999982714653015,1, Yes,
amouyal:176:attachment,amouyal,NPZ,non_gp,simple,Yes,,,,0,320,set_hyp5_17,nonGP_reflexive,simple_question,reflexive,not annotated upstream,the river,,True,attachment,amouyal:176,reg,False,reg_base,ea255ca5f007ba7dd3066d6dd74c24d9254fa898774b32d215f4831c4f1ec882,229,0.9999789595603943,0.9976363778114319,0.9999789595603943,1, Yes,78f8d03c768f7f680251f8b6343667db4a8b49ab9ca57335aafedab1837777f3
amouyal:177,amouyal,NPZ,non_gp,lingering,No,,,,0,321,set_hyp5_17,nonGP_reflexive,GP_question,reflexive,not annotated upstream,the river,,True,event,amouyal:177,reg,False,reg_base,7b94bdfa356be115ca81d27df15bdaba14585d56e9a4fda7242a4063b0e7b4b5,219,3.8783497247063536e-11,0.9997929334640503,0.9999999999612165,1, No,
amouyal:177:attachment,amouyal,NPZ,non_gp,lingering,No,,,,0,321,set_hyp5_17,nonGP_reflexive,GP_question,reflexive,not annotated upstream,the river,,True,attachment,amouyal:177,reg,False,reg_base,cb46c269eaf542b6534488d31088bff6d447d9061316827a1e23a5ef45b8d38f,232,0.0008867419674061239,0.99985671043396,0.9991132580325939,1, No,cd23d1dcaa4f27c70ac2c33262b0d248c72e0da90250a5fee631929045839f35
amouyal:226,amouyal,NPZ,gp,simple,Yes,,,,0,370,set_hyp5_18,GP_reflexive,simple_question,reflexive,not annotated upstream,the bat,Released simple question asks floor; both sentences state road.,False,event,amouyal:226,reg,False,reg_base,a5ad6de71612780d5ee69ad7c13eb631fd3645e7eeff380489bb9e815b5612c2,220,0.5361119508743286,0.8488506078720093,0.5361119508743286,1, Yes,
amouyal:226:attachment,amouyal,NPZ,gp,simple,Yes,,,,0,370,set_hyp5_18,GP_reflexive,simple_question,reflexive,not annotated upstream,the bat,Released simple question asks floor; both sentences state road.,False,attachment,amouyal:226,reg,False,reg_base,5b8f139f2442a491cbb179b3405b97204ed445fda74170cf549aabb07fcbc18b,230,3.784490161251597e-07,0.9999825954437256,3.784490161251597e-07,0, No,33c15410c3d998697bcb68ef8b3e9419b9233d122de0e69521c3f7c8833e095e
amouyal:227,amouyal,NPZ,gp,lingering,No,,,,0,371,set_hyp5_18,GP_reflexive,GP_question,reflexive,not annotated upstream,the bat,Released simple question asks floor; both sentences state road.,False,event,amouyal:227,reg,False,reg_base,7e6283319236caa7c0d06552c5e07ec07f2e3877654f4a63a0fd19199424c528,220,0.8457090258598328,0.9984570741653442,0.15429097414016724,0, Yes,
amouyal:227:attachment,amouyal,NPZ,gp,lingering,No,,,,0,371,set_hyp5_18,GP_reflexive,GP_question,reflexive,not annotated upstream,the bat,Released simple question asks floor; both sentences state road.,False,attachment,amouyal:227,reg,False,reg_base,00807bbb25c9bee01a9a93d39644d8c004de719eba5b904a4b2c59144b401355,233,0.24350543320178986,0.999323308467865,0.7564945667982101,1, No,a2c6111b9f4cdcca8798ea0b06259ee4f76009d058e1e956a04dfc5220a8d326
amouyal:178,amouyal,NPZ,non_gp,simple,Yes,,,,0,322,set_hyp5_18,nonGP_reflexive,simple_question,reflexive,not annotated upstream,the bat,Released simple question asks floor; both sentences state road.,False,event,amouyal:178,reg,False,reg_base,834009eae3e2f328d03b9ab83b02a9f584aacf8f41221cbcdb25a01e1553518c,220,0.0016422615153715014,0.9836934804916382,0.0016422615153715014,0, No,
amouyal:178:attachment,amouyal,NPZ,non_gp,simple,Yes,,,,0,322,set_hyp5_18,nonGP_reflexive,simple_question,reflexive,not annotated upstream,the bat,Released simple question asks floor; both sentences state road.,False,attachment,amouyal:178,reg,False,reg_base,68d5d63d26330646fca36205ed2d9be2d4da00024784c411330d630a7da01430,230,0.8986325860023499,0.998767614364624,0.8986325860023499,1, Yes,33c15410c3d998697bcb68ef8b3e9419b9233d122de0e69521c3f7c8833e095e
amouyal:179,amouyal,NPZ,non_gp,lingering,No,,,,0,323,set_hyp5_18,nonGP_reflexive,GP_question,reflexive,not annotated upstream,the bat,Released simple question asks floor; both sentences state road.,False,event,amouyal:179,reg,False,reg_base,8ef6e163c6a2c2503f500ea2989f087ece265be068e906a23bafb17f9b867bd6,220,3.117111191386357e-06,0.9999479055404663,0.9999968828888086,1, No,
amouyal:179:attachment,amouyal,NPZ,non_gp,lingering,No,,,,0,323,set_hyp5_18,nonGP_reflexive,GP_question,reflexive,not annotated upstream,the bat,Released simple question asks floor; both sentences state road.,False,attachment,amouyal:179,reg,False,reg_base,660e0c538fcb1302d4d34271dd9e83e251cfab3807eb5a69882a2cd5232b5d00,233,0.00016122999659273773,0.9999322295188904,0.9998387700034073,1, No,a2c6111b9f4cdcca8798ea0b06259ee4f76009d058e1e956a04dfc5220a8d326
amouyal:228,amouyal,NPZ,gp,simple,Yes,,,,0,372,set_hyp5_19,GP_reflexive,simple_question,reflexive,not annotated upstream,the athletes,,True,event,amouyal:228,reg,False,reg_base,69a9cf6ef436581c39a5a1bbb039574c902d96497e4858dd5d01a1b1060c66cf,216,0.999985933303833,0.9993915557861328,0.999985933303833,1, Yes,
amouyal:228:attachment,amouyal,NPZ,gp,simple,Yes,,,,0,372,set_hyp5_19,GP_reflexive,simple_question,reflexive,not annotated upstream,the athletes,,True,attachment,amouyal:228,reg,False,reg_base,c9c9c22656092c5ac79ab24ed92660ad59395bd48237f53befbc13ef83ecd5b5,227,0.00026332607376389205,0.9999585747718811,0.00026332607376389205,0, No,58b78711943b276c6a3fde18a94fbf07e00beac6c833eafac85ff41af12a4761
amouyal:229,amouyal,NPZ,gp,lingering,No,,,,0,373,set_hyp5_19,GP_reflexive,GP_question,reflexive,not annotated upstream,the athletes,,True,event,amouyal:229,reg,False,reg_base,9ec4a2761ec0948e0aff6a4ae49957c758aa1792027ebe77488a5ec22d7e6081,215,0.16032996773719788,0.9988434314727783,0.8396700322628021,1, No,
amouyal:229:attachment,amouyal,NPZ,gp,lingering,No,,,,0,373,set_hyp5_19,GP_reflexive,GP_question,reflexive,not annotated upstream,the athletes,,True,attachment,amouyal:229,reg,False,reg_base,3adb00fc888f23d3fc9accb74b3f1a365305dc9e8f3047b9d94c043d4321975b,230,0.04475842043757439,0.9996780753135681,0.9552415795624256,1, No,5171ca34d0f915850efec5e61f8ff021adc36f3c2d8698911fb18cada65c4e13
amouyal:180,amouyal,NPZ,non_gp,simple,Yes,,,,0,324,set_hyp5_19,nonGP_reflexive,simple_question,reflexive,not annotated upstream,the athletes,,True,event,amouyal:180,reg,False,reg_base,72531a6a9cfe9ad5d89e1d08faf6bd3ec6f0251381e4189abe75e6f2b6236127,216,0.9999991655349731,0.9995362162590027,0.9999991655349731,1, Yes,
amouyal:180:attachment,amouyal,NPZ,non_gp,simple,Yes,,,,0,324,set_hyp5_19,nonGP_reflexive,simple_question,reflexive,not annotated upstream,the athletes,,True,attachment,amouyal:180,reg,False,reg_base,af8d85f11bdec391eaf0b154c53ebd82307df12a409891cb770b6058ded9222b,227,0.9999879002571106,0.9977942109107971,0.9999879002571106,1, Yes,58b78711943b276c6a3fde18a94fbf07e00beac6c833eafac85ff41af12a4761
amouyal:181,amouyal,NPZ,non_gp,lingering,No,,,,0,325,set_hyp5_19,nonGP_reflexive,GP_question,reflexive,not annotated upstream,the athletes,,True,event,amouyal:181,reg,False,reg_base,4c6d23cf0d4b8ec64b7ed79d02569a22acea2f7de30e51d8c799705e0293664e,215,7.168159295301013e-12,0.999942421913147,0.9999999999928318,1, No,
amouyal:181:attachment,amouyal,NPZ,non_gp,lingering,No,,,,0,325,set_hyp5_19,nonGP_reflexive,GP_question,reflexive,not annotated upstream,the athletes,,True,attachment,amouyal:181,reg,False,reg_base,7ac309af21d25c079d8f05ab9d5b2491c80f1b8b0119fac236170af6eb514245,230,0.0008571261423639953,0.9998859167098999,0.999142873857636,1, No,5171ca34d0f915850efec5e61f8ff021adc36f3c2d8698911fb18cada65c4e13
amouyal:230,amouyal,NPZ,gp,simple,Yes,,,,0,374,set_hyp5_20,GP_reflexive,simple_question,reflexive,not annotated upstream,the bone,,True,event,amouyal:230,reg,False,reg_base,b5347f5d8e902a93a9f06f3c4f8d40a9105fe783d51102afd056c8710f22788f,215,0.9999780058860779,0.9996283054351807,0.9999780058860779,1, Yes,
amouyal:230:attachment,amouyal,NPZ,gp,simple,Yes,,,,0,374,set_hyp5_20,GP_reflexive,simple_question,reflexive,not annotated upstream,the bone,,True,attachment,amouyal:230,reg,False,reg_base,db1c99245f9df167815e6da6d30d90ca8ae53877af23d81f6a3c3f00043ad067,227,1.2045263986237842e-07,0.9999860525131226,1.2045263986237842e-07,0, No,13965524575c1c7aaa99c16c44f5e63a3c96d4fc20c9e1083317ec5b645f453e
amouyal:231,amouyal,NPZ,gp,lingering,No,,,,0,375,set_hyp5_20,GP_reflexive,GP_question,reflexive,not annotated upstream,the bone,,True,event,amouyal:231,reg,False,reg_base,65ad9e4b89462521cb3dd6b84fcd68468de580be838714385ca34295b5e056ba,216,0.9661546945571899,0.9982163310050964,0.03384530544281006,0, Yes,
amouyal:231:attachment,amouyal,NPZ,gp,lingering,No,,,,0,375,set_hyp5_20,GP_reflexive,GP_question,reflexive,not annotated upstream,the bone,,True,attachment,amouyal:231,reg,False,reg_base,49f956df3af57cc0288b54c3c2a364b24fada181ed9dc27c60cf2727123809fa,230,0.09644639492034912,0.9995964169502258,0.9035536050796509,1, No,02acaf5ec5f830a1804082f1c8ca566d02cdecfcf75b76f97cb57a94431bfca4
amouyal:182,amouyal,NPZ,non_gp,simple,Yes,,,,0,326,set_hyp5_20,nonGP_reflexive,simple_question,reflexive,not annotated upstream,the bone,,True,event,amouyal:182,reg,False,reg_base,ba894431f8593ea9bd6d11b1f8a556749b40bcdf606362d02a4bea5dad90f962,215,0.999992311000824,0.9993550777435303,0.999992311000824,1, Yes,
amouyal:182:attachment,amouyal,NPZ,non_gp,simple,Yes,,,,0,326,set_hyp5_20,nonGP_reflexive,simple_question,reflexive,not annotated upstream,the bone,,True,attachment,amouyal:182,reg,False,reg_base,d3571b88ba6c23eb3d4b8a95bd8ca7254d7ac8e338a1f6a6da732c7fb19d99ab,227,0.9986374974250793,0.9989802837371826,0.9986374974250793,1, Yes,13965524575c1c7aaa99c16c44f5e63a3c96d4fc20c9e1083317ec5b645f453e
amouyal:183,amouyal,NPZ,non_gp,lingering,No,,,,0,327,set_hyp5_20,nonGP_reflexive,GP_question,reflexive,not annotated upstream,the bone,,True,event,amouyal:183,reg,False,reg_base,56558e91a8138a3ce3a2052d1d4b9b8e0dbf2926e80cdc8e40c27a1b1fe648ae,216,0.0018380318069830537,0.9998871684074402,0.998161968193017,1, No,
amouyal:183:attachment,amouyal,NPZ,non_gp,lingering,No,,,,0,327,set_hyp5_20,nonGP_reflexive,GP_question,reflexive,not annotated upstream,the bone,,True,attachment,amouyal:183,reg,False,reg_base,fa5fa97fc1815a1f2df330adf63c15df64269a4ac3b99711fb8e2dc45a65176e,230,0.014296731911599636,0.9997422099113464,0.9857032680884004,1, No,02acaf5ec5f830a1804082f1c8ca566d02cdecfcf75b76f97cb57a94431bfca4
amouyal:232,amouyal,NPZ,gp,simple,Yes,,,,0,376,set_hyp5_21,GP_reflexive,simple_question,reflexive,not annotated upstream,the valley,,True,event,amouyal:232,reg,False,reg_base,d514dd27f737ae9aa1723a7ab877a05e9ec4d4c5810dd90172168c9c3fa85e17,219,0.9999668598175049,0.9993605613708496,0.9999668598175049,1, Yes,
amouyal:232:attachment,amouyal,NPZ,gp,simple,Yes,,,,0,376,set_hyp5_21,GP_reflexive,simple_question,reflexive,not annotated upstream,the valley,,True,attachment,amouyal:232,reg,False,reg_base,5768612a89324d8a347466295343ebfdda626a1441cb7523e495590172bb358c,229,0.9862738251686096,0.9993873834609985,0.9862738251686096,1, Yes,30793d2505b9c59738b50e8935314a6b49a010f7db2c5f6a000afbc536fe55e8
amouyal:233,amouyal,NPZ,gp,lingering,No,,,,0,377,set_hyp5_21,GP_reflexive,GP_question,reflexive,not annotated upstream,the valley,,True,event,amouyal:233,reg,False,reg_base,84a431123323ed108e1c9e3a8ee780146fd24cc6f78ca033ad9aa6c4f7547a28,218,0.9814469218254089,0.9995726346969604,0.018553078174591064,0, Yes,
amouyal:233:attachment,amouyal,NPZ,gp,lingering,No,,,,0,377,set_hyp5_21,GP_reflexive,GP_question,reflexive,not annotated upstream,the valley,,True,attachment,amouyal:233,reg,False,reg_base,b4d82ee745f38fbe42e0af87da574d554380b7dfb6230525a97c3bc238a66e17,232,0.12634015083312988,0.9994394779205322,0.8736598491668701,1, No,44097cc22d61cbd736c3a01218013ec32ff2d81c150bf49c526386dab4368047
amouyal:184,amouyal,NPZ,non_gp,simple,Yes,,,,0,328,set_hyp5_21,nonGP_reflexive,simple_question,reflexive,not annotated upstream,the valley,,True,event,amouyal:184,reg,False,reg_base,554c6a9995a8e3f4844b73aefcace2a57414102cb21becf69087e28e7189fe65,219,0.9999913573265076,0.9994682669639587,0.9999913573265076,1, Yes,
amouyal:184:attachment,amouyal,NPZ,non_gp,simple,Yes,,,,0,328,set_hyp5_21,nonGP_reflexive,simple_question,reflexive,not annotated upstream,the valley,,True,attachment,amouyal:184,reg,False,reg_base,8f9c61b416b78ed8f7a12ca509bcd5b8e5604c09776414ec3aa6433dd9379ece,229,0.9999842643737793,0.9976966977119446,0.9999842643737793,1, Yes,30793d2505b9c59738b50e8935314a6b49a010f7db2c5f6a000afbc536fe55e8
amouyal:185,amouyal,NPZ,non_gp,lingering,No,,,,0,329,set_hyp5_21,nonGP_reflexive,GP_question,reflexive,not annotated upstream,the valley,,True,event,amouyal:185,reg,False,reg_base,a6df0d9bcdc8bef24855e15ada1e8235cb29ef69be588c9f6383e8c46aef56dc,218,0.199974924325943,0.9992655515670776,0.800025075674057,1, No,
amouyal:185:attachment,amouyal,NPZ,non_gp,lingering,No,,,,0,329,set_hyp5_21,nonGP_reflexive,GP_question,reflexive,not annotated upstream,the valley,,True,attachment,amouyal:185,reg,False,reg_base,c1efc485c8fb27d798704d38a86eff83a9552ecb0533d3abf66d06ae8c395b12,232,4.808958692592569e-05,0.9999381303787231,0.9999519104130741,1, No,44097cc22d61cbd736c3a01218013ec32ff2d81c150bf49c526386dab4368047
amouyal:234,amouyal,NPZ,gp,simple,Yes,,,,0,378,set_hyp5_22,GP_reflexive,simple_question,reflexive,not annotated upstream,the window,,True,event,amouyal:234,reg,False,reg_base,aa0a7b0e6b5a5b8f35e50ca7f64a44bb7d4611edee424eaec5850425038657a6,219,0.9998266696929932,0.999221920967102,0.9998266696929932,1, Yes,
amouyal:234:attachment,amouyal,NPZ,gp,simple,Yes,,,,0,378,set_hyp5_22,GP_reflexive,simple_question,reflexive,not annotated upstream,the window,,True,attachment,amouyal:234,reg,False,reg_base,6153c11139aa60b30ecf140621738cd981f4f1e6f16c0cd22673f2b4ec2631e6,229,0.0008846467244438827,0.9999206066131592,0.0008846467244438827,0, No,f703869918b936486cc9b7db460159dc7d3936a73b0fb8a200eafef2e40b2722
amouyal:235,amouyal,NPZ,gp,lingering,No,,,,0,379,set_hyp5_22,GP_reflexive,GP_question,reflexive,not annotated upstream,the window,,True,event,amouyal:235,reg,False,reg_base,0f73f6ec9b204793b26d92bb3b1d309e5631b197a85c7142574a8d2d89f58909,218,0.6578978300094604,0.996707022190094,0.34210216999053955,0, Yes,
amouyal:235:attachment,amouyal,NPZ,gp,lingering,No,,,,0,379,set_hyp5_22,GP_reflexive,GP_question,reflexive,not annotated upstream,the window,,True,attachment,amouyal:235,reg,False,reg_base,1411cc362d9baf26bed839cd855e99d684313d7ecc118cae64fba0484b45d0ae,232,0.015007348731160164,0.9995603561401367,0.9849926512688398,1, No,5744f7790b28481e3ecfc0a02975f5d7b50479666a47436516adec6fd813c3dd
amouyal:186,amouyal,NPZ,non_gp,simple,Yes,,,,0,330,set_hyp5_22,nonGP_reflexive,simple_question,reflexive,not annotated upstream,the window,,True,event,amouyal:186,reg,False,reg_base,020024cd74b568bff4a3f616a86db6873adceb79d844b7575c100ce769f518d7,219,0.9999978542327881,0.9995484352111816,0.9999978542327881,1, Yes,
amouyal:186:attachment,amouyal,NPZ,non_gp,simple,Yes,,,,0,330,set_hyp5_22,nonGP_reflexive,simple_question,reflexive,not annotated upstream,the window,,True,attachment,amouyal:186,reg,False,reg_base,6f9f4f99850a8093831eade772dcc2fd5c1f088256e11715998ec5388547be3b,229,0.9962250590324402,0.9988070130348206,0.9962250590324402,1, Yes,f703869918b936486cc9b7db460159dc7d3936a73b0fb8a200eafef2e40b2722
amouyal:187,amouyal,NPZ,non_gp,lingering,No,,,,0,331,set_hyp5_22,nonGP_reflexive,GP_question,reflexive,not annotated upstream,the window,,True,event,amouyal:187,reg,False,reg_base,113e4d3b68da1be469383b816a65454aae35a97b6d9a9c0b10673e052ad23b60,218,4.044828116889221e-08,0.9998761415481567,0.9999999595517188,1, No,
amouyal:187:attachment,amouyal,NPZ,non_gp,lingering,No,,,,0,331,set_hyp5_22,nonGP_reflexive,GP_question,reflexive,not annotated upstream,the window,,True,attachment,amouyal:187,reg,False,reg_base,6e0f964f58001ebf95af96460bcaae2d6bba0a56812f017cec2c085d992489e0,232,0.0003694446349982172,0.9999257326126099,0.9996305553650018,1, No,5744f7790b28481e3ecfc0a02975f5d7b50479666a47436516adec6fd813c3dd
amouyal:236,amouyal,NPZ,gp,simple,Yes,,,,0,380,set_hyp5_23,GP_reflexive,simple_question,reflexive,not annotated upstream,the fire,,True,event,amouyal:236,reg,False,reg_base,05caa46c1f035c6995593a0a8e6b6068ac71a64a921043515020f234deb7d940,217,0.9999518394470215,0.9996404051780701,0.9999518394470215,1, Yes,
amouyal:236:attachment,amouyal,NPZ,gp,simple,Yes,,,,0,380,set_hyp5_23,GP_reflexive,simple_question,reflexive,not annotated upstream,the fire,,True,attachment,amouyal:236,reg,False,reg_base,d5213eb8680eb94ad85ebd5f0b75ea79db55ff734e1e64a0c1bfd4168030ef90,228,0.0009578670142218471,0.9999551773071289,0.0009578670142218471,0, No,ceaedb99a72aa1739592cb3b2d37643f9e0a85fef9cce1c6349c277d53275e7b
amouyal:237,amouyal,NPZ,gp,lingering,No,,,,0,381,set_hyp5_23,GP_reflexive,GP_question,reflexive,not annotated upstream,the fire,,True,event,amouyal:237,reg,False,reg_base,92694638a0bfbf5bc24f6bfc2ab0239126c95466834cf81ac060e2d151e5dc17,217,0.9413947463035583,0.9991666674613953,0.05860525369644165,0, Yes,
amouyal:237:attachment,amouyal,NPZ,gp,lingering,No,,,,0,381,set_hyp5_23,GP_reflexive,GP_question,reflexive,not annotated upstream,the fire,,True,attachment,amouyal:237,reg,False,reg_base,b67c281c000f9fc18243486b7f6b5f923b3ef4c5555b79bda596d6fade48aa05,231,0.04777698218822479,0.9995969533920288,0.9522230178117752,1, No,59aff42f205a3f8f4728df16c7b818eeea0a688d013242238cc71985cfe20f59
amouyal:188,amouyal,NPZ,non_gp,simple,Yes,,,,0,332,set_hyp5_23,nonGP_reflexive,simple_question,reflexive,not annotated upstream,the fire,,True,event,amouyal:188,reg,False,reg_base,5f47b429381df6d88570debbbc9c3b40bffb1dec6b9aa423d9f0ea0b9ed9308c,217,0.9999989867210388,0.999661386013031,0.9999989867210388,1, Yes,
amouyal:188:attachment,amouyal,NPZ,non_gp,simple,Yes,,,,0,332,set_hyp5_23,nonGP_reflexive,simple_question,reflexive,not annotated upstream,the fire,,True,attachment,amouyal:188,reg,False,reg_base,45928623b4187fb24a7285ca4d1c1524d7b7897a1fe70a65b3d42f5da3b31de1,228,0.8769664764404297,0.9992470741271973,0.8769664764404297,1, Yes,ceaedb99a72aa1739592cb3b2d37643f9e0a85fef9cce1c6349c277d53275e7b
amouyal:189,amouyal,NPZ,non_gp,lingering,No,,,,0,333,set_hyp5_23,nonGP_reflexive,GP_question,reflexive,not annotated upstream,the fire,,True,event,amouyal:189,reg,False,reg_base,05689da69564ffe94d0ebeac21a3ddd1d114880641b6e3b77c8e76bca39d0da7,217,0.00044108304427936673,0.9999709725379944,0.9995589169557206,1, No,
amouyal:189:attachment,amouyal,NPZ,non_gp,lingering,No,,,,0,333,set_hyp5_23,nonGP_reflexive,GP_question,reflexive,not annotated upstream,the fire,,True,attachment,amouyal:189,reg,False,reg_base,0b6d78b2c27bf489dc97e8cd63344a0a68eccd75bf405e98becc0546ef939159,231,3.0417450034292415e-05,0.9999686479568481,0.9999695825499657,1, No,59aff42f205a3f8f4728df16c7b818eeea0a688d013242238cc71985cfe20f59
amouyal:238,amouyal,NPZ,gp,simple,Yes,,,,0,382,set_hyp5_24,GP_reflexive,simple_question,reflexive,not annotated upstream,the boat,,True,event,amouyal:238,reg,False,reg_base,c55a0db9eba7424a4ed97e77e1b00312b64d625e04cd5a874702554c5cce6eaa,220,0.999996542930603,0.9995882511138916,0.999996542930603,1, Yes,
amouyal:238:attachment,amouyal,NPZ,gp,simple,Yes,,,,0,382,set_hyp5_24,GP_reflexive,simple_question,reflexive,not annotated upstream,the boat,,True,attachment,amouyal:238,reg,False,reg_base,bf089d5a596b7ba497e34137ac65c7853caa0a43767f646d84be81d1483f7e7e,230,0.04593264311552048,0.999695360660553,0.04593264311552048,0, No,1a77569de042743064e29e02f0ff6179cc42cdc9980bb8ff24c0601fe3ba0cf9
amouyal:239,amouyal,NPZ,gp,lingering,No,,,,0,383,set_hyp5_24,GP_reflexive,GP_question,reflexive,not annotated upstream,the boat,,True,event,amouyal:239,reg,False,reg_base,4b906ed4818de77b50e3d25a722a9016c1d0a6105651a7e0847be365f342c1bf,219,0.9968749284744263,0.9987090826034546,0.0031250715255737305,0, Yes,
amouyal:239:attachment,amouyal,NPZ,gp,lingering,No,,,,0,383,set_hyp5_24,GP_reflexive,GP_question,reflexive,not annotated upstream,the boat,,True,attachment,amouyal:239,reg,False,reg_base,415693799b08732fa6bfef4401859ea9df26bb58574bc30988ffdffb322c5d5d,233,0.04598991572856903,0.9996351599693298,0.954010084271431,1, No,638c3cf6ca1541fb1669402670718fee65c25de80731a0be4ce348f0aaf02818
amouyal:190,amouyal,NPZ,non_gp,simple,Yes,,,,0,334,set_hyp5_24,nonGP_reflexive,simple_question,reflexive,not annotated upstream,the boat,,True,event,amouyal:190,reg,False,reg_base,437f3eafeb7fb307e3d42cc653e8e084631350fc2c4d42fbf60493c28a719891,220,0.9999954700469971,0.9993100762367249,0.9999954700469971,1, Yes,
amouyal:190:attachment,amouyal,NPZ,non_gp,simple,Yes,,,,0,334,set_hyp5_24,nonGP_reflexive,simple_question,reflexive,not annotated upstream,the boat,,True,attachment,amouyal:190,reg,False,reg_base,378c74cf2a841eae482e279239bdd455c0a93f26f6a8ffed91e0aa5cba1ab0ce,230,0.9993828535079956,0.9985889792442322,0.9993828535079956,1, Yes,1a77569de042743064e29e02f0ff6179cc42cdc9980bb8ff24c0601fe3ba0cf9
amouyal:191,amouyal,NPZ,non_gp,lingering,No,,,,0,335,set_hyp5_24,nonGP_reflexive,GP_question,reflexive,not annotated upstream,the boat,,True,event,amouyal:191,reg,False,reg_base,9456e5f0d432939b9ad3d393d7a2d5a8485777c57a600a66e70b4b096457a36d,219,0.8986217975616455,0.9994046688079834,0.10137820243835449,0, Yes,
amouyal:191:attachment,amouyal,NPZ,non_gp,lingering,No,,,,0,335,set_hyp5_24,nonGP_reflexive,GP_question,reflexive,not annotated upstream,the boat,,True,attachment,amouyal:191,reg,False,reg_base,c3689615ac0a29937ee6f597c8c0ad3887d981d3c16bd72b8b50aa55ea6019fa,233,0.001706781447865069,0.9998617172241211,0.9982932185521349,1, No,638c3cf6ca1541fb1669402670718fee65c25de80731a0be4ce348f0aaf02818
amouyal:240,amouyal,NPZ,gp,simple,Yes,,,,0,384,set_1,GP_prob,simple_question,prob,not annotated upstream,the deer,,True,event,amouyal:240,reg,False,reg_base,ede8a01eef2116ef378bc32d53f2bc1ed4932b061eec3fc3167a3fd961141bb2,219,0.9997815489768982,0.9996636509895325,0.9997815489768982,1, Yes,
amouyal:240:attachment,amouyal,NPZ,gp,simple,Yes,,,,0,384,set_1,GP_prob,simple_question,prob,not annotated upstream,the deer,,True,attachment,amouyal:240,reg,False,reg_base,7720c3cdf397041575b32c223d141286f1838bf31f0061224bdcf513b332e325,229,1.826969673857093e-05,0.9999780654907227,1.826969673857093e-05,0, No,89ffc6e966e35d5edba5415ee2d80dc3667894c02f259298bebedf6481ccdb31
amouyal:241,amouyal,NPZ,gp,lingering,No,,,,0,385,set_1,GP_prob,GP_question,prob,not annotated upstream,the deer,,True,event,amouyal:241,reg,False,reg_base,717f1a7f69b3a146b85e76ecb22ae1e169c370a1d8206cff0856d0c856ae5461,218,0.019296329468488693,0.9994197487831116,0.9807036705315113,1, No,
amouyal:241:attachment,amouyal,NPZ,gp,lingering,No,,,,0,385,set_1,GP_prob,GP_question,prob,not annotated upstream,the deer,,True,attachment,amouyal:241,reg,False,reg_base,e3a304ac5080dc60e124fc8167ea290c79562e82477851d1c9ad8d7c98382c16,232,0.0715666115283966,0.9996844530105591,0.9284333884716034,1, No,4574fa8051e48c262541384223a86d294396cab014211f7b200b436e2883b0e4
amouyal:242,amouyal,NPZ,non_gp,simple,Yes,,,,0,388,set_1,nonGP_prob,simple_question,prob,not annotated upstream,the deer,,True,event,amouyal:242,reg,False,reg_base,08c8b28d6324865b75869131e6cfdee4f31bef632718e8e232aaca4071266551,219,0.9999980330467224,0.999662458896637,0.9999980330467224,1, Yes,
amouyal:242:attachment,amouyal,NPZ,non_gp,simple,Yes,,,,0,388,set_1,nonGP_prob,simple_question,prob,not annotated upstream,the deer,,True,attachment,amouyal:242,reg,False,reg_base,649e809bc2cd6b82a51d6073a46cd36014f457b105396480f650c837b87a1e3e,229,0.9999217987060547,0.9978910684585571,0.9999217987060547,1, Yes,89ffc6e966e35d5edba5415ee2d80dc3667894c02f259298bebedf6481ccdb31
amouyal:243,amouyal,NPZ,non_gp,lingering,No,,,,0,389,set_1,nonGP_prob,GP_question,prob,not annotated upstream,the deer,,True,event,amouyal:243,reg,False,reg_base,af3f59e73c451f2a11ea4c6490362a5481486d3e3ea24256b2140ad4af65e9f5,218,0.6467198133468628,0.9975709319114685,0.3532801866531372,0, Yes,
amouyal:243:attachment,amouyal,NPZ,non_gp,lingering,No,,,,0,389,set_1,nonGP_prob,GP_question,prob,not annotated upstream,the deer,,True,attachment,amouyal:243,reg,False,reg_base,8b05c0eb2b93157796b0a2ddb24bfe1a7664e8344e67cb73a6290140221b751c,232,1.213971700053662e-05,0.9999393224716187,0.9999878602829995,1, No,4574fa8051e48c262541384223a86d294396cab014211f7b200b436e2883b0e4
amouyal:244,amouyal,NPZ,gp,simple,Yes,,,,0,392,set_2,GP_prob,simple_question,prob,not annotated upstream,the boat,,True,event,amouyal:244,reg,False,reg_base,addce1a802b9d1d682dc4574a487826f5785a8a6472a6e82b1bf95b5d1c1620e,220,0.9999631643295288,0.9996265172958374,0.9999631643295288,1, Yes,
amouyal:244:attachment,amouyal,NPZ,gp,simple,Yes,,,,0,392,set_2,GP_prob,simple_question,prob,not annotated upstream,the boat,,True,attachment,amouyal:244,reg,False,reg_base,bc7965dab1ebea14eef9500459d6492ff19dbe71ebecc8d1f436e03dc1ead443,230,0.003408729797229171,0.9999199509620667,0.003408729797229171,0, No,1a77569de042743064e29e02f0ff6179cc42cdc9980bb8ff24c0601fe3ba0cf9
amouyal:245,amouyal,NPZ,gp,lingering,No,,,,0,393,set_2,GP_prob,GP_question,prob,not annotated upstream,the boat,,True,event,amouyal:245,reg,False,reg_base,385c37961fffd88cf161004244670e5119187bcb3af7b64e6319e42538272040,220,0.9992826581001282,0.9993926286697388,0.0007173418998718262,0, Yes,
amouyal:245:attachment,amouyal,NPZ,gp,lingering,No,,,,0,393,set_2,GP_prob,GP_question,prob,not annotated upstream,the boat,,True,attachment,amouyal:245,reg,False,reg_base,b1474236714517aac06ee7e661809c7aebb450d06e3e952bef456e6c515420e8,233,0.8798000812530518,0.9991134405136108,0.12019991874694824,0, Yes,638c3cf6ca1541fb1669402670718fee65c25de80731a0be4ce348f0aaf02818
amouyal:246,amouyal,NPZ,non_gp,simple,Yes,,,,0,396,set_2,nonGP_prob,simple_question,prob,not annotated upstream,the boat,,True,event,amouyal:246,reg,False,reg_base,cc353c2f102821ac8ff93e7b0f353fa30e93e2954282a154ce86d597739f25b6,220,0.9999802708625793,0.9995664954185486,0.9999802708625793,1, Yes,
amouyal:246:attachment,amouyal,NPZ,non_gp,simple,Yes,,,,0,396,set_2,nonGP_prob,simple_question,prob,not annotated upstream,the boat,,True,attachment,amouyal:246,reg,False,reg_base,b43c263df293f42366231b8f388a47065103cd8f1847fef52fb1e86fec19aa95,230,0.9913588166236877,0.9981529712677002,0.9913588166236877,1, Yes,1a77569de042743064e29e02f0ff6179cc42cdc9980bb8ff24c0601fe3ba0cf9
amouyal:247,amouyal,NPZ,non_gp,lingering,No,,,,0,397,set_2,nonGP_prob,GP_question,prob,not annotated upstream,the boat,,True,event,amouyal:247,reg,False,reg_base,b208c4b7af4a1a413cd369f408a173824a28c348ae3310a54d2b388da611df99,220,0.999681830406189,0.9993290901184082,0.00031816959381103516,0, Yes,
amouyal:247:attachment,amouyal,NPZ,non_gp,lingering,No,,,,0,397,set_2,nonGP_prob,GP_question,prob,not annotated upstream,the boat,,True,attachment,amouyal:247,reg,False,reg_base,91949be869cc83aed76326aa51d08fa2cc93b44f3d82542e0f82e3677d1ae571,233,0.011170024052262306,0.9997971653938293,0.9888299759477377,1, No,638c3cf6ca1541fb1669402670718fee65c25de80731a0be4ce348f0aaf02818
amouyal:248,amouyal,NPZ,gp,simple,Yes,,,,0,400,set_3,GP_prob,simple_question,prob,not annotated upstream,the symphony,,True,event,amouyal:248,reg,False,reg_base,322b98fb37ee6f22c3a6b7b8a93de9154a45aa9752199c6d40ae769279861a81,221,0.9532693028450012,0.9996680617332458,0.9532693028450012,1, Yes,
amouyal:248:attachment,amouyal,NPZ,gp,simple,Yes,,,,0,400,set_3,GP_prob,simple_question,prob,not annotated upstream,the symphony,,True,attachment,amouyal:248,reg,False,reg_base,f1f929d2b0da35a9889e6c77bf5f1ca4011f3650db77aa15582bf8a7cc9d7f5a,231,2.4619810574222356e-05,0.9999887943267822,2.4619810574222356e-05,0, No,42f7a909d4d0b8e35b2ec907df63ba88c1ef293725dd6f2fa9d83ae9f275d62f
amouyal:249,amouyal,NPZ,gp,lingering,No,,,,0,401,set_3,GP_prob,GP_question,prob,not annotated upstream,the symphony,,True,event,amouyal:249,reg,False,reg_base,adce9b36d10ca6f5f7f15b782b50800c48b62ccfa66fa98f7238e048996d342b,220,0.8412125706672668,0.9987293481826782,0.15878742933273315,0, Yes,
amouyal:249:attachment,amouyal,NPZ,gp,lingering,No,,,,0,401,set_3,GP_prob,GP_question,prob,not annotated upstream,the symphony,,True,attachment,amouyal:249,reg,False,reg_base,f126cbd9793a0f1f1aee106f52e2ad801ce3e5d36666c6d3d54de8ac5cc29f99,234,0.02166425809264183,0.999838650226593,0.9783357419073582,1, No,f73f1295b4a97bab65cd14a438320c05fa846242153d1cb05d8dcb2faf631c63
amouyal:250,amouyal,NPZ,non_gp,simple,Yes,,,,0,404,set_3,nonGP_prob,simple_question,prob,not annotated upstream,the symphony,,True,event,amouyal:250,reg,False,reg_base,b1a40ea344c8f129440550c30ace857dd68ee3dbcb276c4e017e3a2e6f7bc9e1,221,0.999828040599823,0.999717116355896,0.999828040599823,1, Yes,
amouyal:250:attachment,amouyal,NPZ,non_gp,simple,Yes,,,,0,404,set_3,nonGP_prob,simple_question,prob,not annotated upstream,the symphony,,True,attachment,amouyal:250,reg,False,reg_base,2accf0a48182a3b1f21878409fed3d57820dd4894ee3d8ed6c676b9652de5d69,231,0.9416151642799377,0.9992679357528687,0.9416151642799377,1, Yes,42f7a909d4d0b8e35b2ec907df63ba88c1ef293725dd6f2fa9d83ae9f275d62f
amouyal:251,amouyal,NPZ,non_gp,lingering,No,,,,0,405,set_3,nonGP_prob,GP_question,prob,not annotated upstream,the symphony,,True,event,amouyal:251,reg,False,reg_base,60a842fe8ddaf460da04e5c89fd32df7163bf33c68de582589fb502ed3fd7f56,220,0.00038742864853702486,0.9997192621231079,0.999612571351463,1, No,
amouyal:251:attachment,amouyal,NPZ,non_gp,lingering,No,,,,0,405,set_3,nonGP_prob,GP_question,prob,not annotated upstream,the symphony,,True,attachment,amouyal:251,reg,False,reg_base,380ebe9020d36f4048cad82c6150995484e01df03e107b0fa7e8ba505dafb0d8,234,1.2192379472253378e-05,0.9999575018882751,0.9999878076205277,1, No,f73f1295b4a97bab65cd14a438320c05fa846242153d1cb05d8dcb2faf631c63
amouyal:252,amouyal,NPZ,gp,simple,Yes,,,,0,408,set_4,GP_prob,simple_question,prob,not annotated upstream,the dress,,True,event,amouyal:252,reg,False,reg_base,d956c5231fdec0a917f661e37856a56909bcac4272cbe121d15e01605e45a3b6,216,0.9987716674804688,0.9995768070220947,0.9987716674804688,1, Yes,
amouyal:252:attachment,amouyal,NPZ,gp,simple,Yes,,,,0,408,set_4,GP_prob,simple_question,prob,not annotated upstream,the dress,,True,attachment,amouyal:252,reg,False,reg_base,edb01ef1cac96d3e3d455289b593568cc939dc7296707fa404a745b8c7fba8ed,228,2.115757524734363e-06,0.9999813437461853,2.115757524734363e-06,0, No,35fdb476be51ea1359d18c02aaad39d2a78df86a1605967d6af13732ef982000
amouyal:253,amouyal,NPZ,gp,lingering,No,,,,0,409,set_4,GP_prob,GP_question,prob,not annotated upstream,the dress,,True,event,amouyal:253,reg,False,reg_base,46c626561291c89733ba5f6952e8ff64037770474b9a8d9303cbf8fa690c2dd5,218,0.993520975112915,0.9986857175827026,0.006479024887084961,0, Yes,
amouyal:253:attachment,amouyal,NPZ,gp,lingering,No,,,,0,409,set_4,GP_prob,GP_question,prob,not annotated upstream,the dress,,True,attachment,amouyal:253,reg,False,reg_base,a878d7b5dfce488745016c95403fe205a2e1382b53c19c647ffb1ac54192dd20,231,0.8663352727890015,0.9991171360015869,0.13366472721099854,0, Yes,03e4078dee41a17f0976c42c9b53817a3ff434f90fac912fce8d0a34cdc0d4e9
amouyal:254,amouyal,NPZ,non_gp,simple,Yes,,,,0,412,set_4,nonGP_prob,simple_question,prob,not annotated upstream,the dress,,True,event,amouyal:254,reg,False,reg_base,a7c7334efcc48c4118675154fd89f3682fba4c3aaa39a7c82571ff2786ffdc2e,216,0.9999875426292419,0.9996472001075745,0.9999875426292419,1, Yes,
amouyal:254:attachment,amouyal,NPZ,non_gp,simple,Yes,,,,0,412,set_4,nonGP_prob,simple_question,prob,not annotated upstream,the dress,,True,attachment,amouyal:254,reg,False,reg_base,b57e654c2c6c186abae5ceadd4b240760ca0db7d62fb0de8e8d270f89d3a249a,228,0.5628389120101929,0.9993627071380615,0.5628389120101929,1, Yes,35fdb476be51ea1359d18c02aaad39d2a78df86a1605967d6af13732ef982000
amouyal:255,amouyal,NPZ,non_gp,lingering,No,,,,0,413,set_4,nonGP_prob,GP_question,prob,not annotated upstream,the dress,,True,event,amouyal:255,reg,False,reg_base,6e1ba29c69afe52ea084c43bc6c2cae7ee314046dd50343b748571476b7e3fe8,218,0.9981111884117126,0.9995467066764832,0.0018888115882873535,0, Yes,
amouyal:255:attachment,amouyal,NPZ,non_gp,lingering,No,,,,0,413,set_4,nonGP_prob,GP_question,prob,not annotated upstream,the dress,,True,attachment,amouyal:255,reg,False,reg_base,4103c79f6542ebe6e94a0f5f86fbc617c9e94e626b2e7d32f56dc25239a9b351,231,0.008938017301261425,0.999881386756897,0.9910619826987386,1, No,03e4078dee41a17f0976c42c9b53817a3ff434f90fac912fce8d0a34cdc0d4e9
amouyal:256,amouyal,NPZ,gp,simple,Yes,,,,0,416,set_5,GP_prob,simple_question,prob,not annotated upstream,the letter,,True,event,amouyal:256,reg,False,reg_base,8e98bedc7331f892ebc13f125733dd94793a59a8fdc1970938a9a20492d9a837,218,0.9981849789619446,0.9991984367370605,0.9981849789619446,1, Yes,
amouyal:256:attachment,amouyal,NPZ,gp,simple,Yes,,,,0,416,set_5,GP_prob,simple_question,prob,not annotated upstream,the letter,,True,attachment,amouyal:256,reg,False,reg_base,0441b45dd04255f299de164ac56d67cc860b83fb699dc230d7d000cb87bed146,228,5.866974817081427e-08,0.9999858140945435,5.866974817081427e-08,0, No,26aaab70c1d6a5d87a9094fdec76a8f2bb723b61a1885acbef154b97a937206c
amouyal:257,amouyal,NPZ,gp,lingering,No,,,,0,417,set_5,GP_prob,GP_question,prob,not annotated upstream,the letter,,True,event,amouyal:257,reg,False,reg_base,8938dc9e132e28105040519f88170e569d821130ab2602ea5bc960cc7d0eec38,216,0.000463653530459851,0.9998818039894104,0.9995363464695401,1, No,
amouyal:257:attachment,amouyal,NPZ,gp,lingering,No,,,,0,417,set_5,GP_prob,GP_question,prob,not annotated upstream,the letter,,True,attachment,amouyal:257,reg,False,reg_base,9ca6001ef23382496aedea7e1a351ad5332aff9d3b5caf3535eb4d5d63deaf93,231,0.02964523248374462,0.9997795820236206,0.9703547675162554,1, No,81d2119266c12ef868ef263c241ee449f8cf55d04b6903da2d23e1262aaffe6c
amouyal:258,amouyal,NPZ,non_gp,simple,Yes,,,,0,420,set_5,nonGP_prob,simple_question,prob,not annotated upstream,the letter,,True,event,amouyal:258,reg,False,reg_base,f21c1d231358db69c4a3d7fea125283cfd298a4326f3b1a0cbe91855f2700223,218,0.9999940395355225,0.9995913505554199,0.9999940395355225,1, Yes,
amouyal:258:attachment,amouyal,NPZ,non_gp,simple,Yes,,,,0,420,set_5,nonGP_prob,simple_question,prob,not annotated upstream,the letter,,True,attachment,amouyal:258,reg,False,reg_base,595cdf839360af53c4decf9de502b3866fa232f2ac514244954edad64ad79207,228,0.7601343989372253,0.9989945888519287,0.7601343989372253,1, Yes,26aaab70c1d6a5d87a9094fdec76a8f2bb723b61a1885acbef154b97a937206c
amouyal:259,amouyal,NPZ,non_gp,lingering,No,,,,0,421,set_5,nonGP_prob,GP_question,prob,not annotated upstream,the letter,,True,event,amouyal:259,reg,False,reg_base,c6bc881eaf04a6dc62d678dd5c2b41972274230dc47951b5989193447f1e13f1,216,0.9795396327972412,0.9990226030349731,0.02046036720275879,0, Yes,
amouyal:259:attachment,amouyal,NPZ,non_gp,lingering,No,,,,0,421,set_5,nonGP_prob,GP_question,prob,not annotated upstream,the letter,,True,attachment,amouyal:259,reg,False,reg_base,df9391a0da9fa9759a3c27f0b52275a8e5744f1537f24bce3e7621a656322111,231,0.5320698022842407,0.9989752769470215,0.4679301977157593,0, Yes,81d2119266c12ef868ef263c241ee449f8cf55d04b6903da2d23e1262aaffe6c
amouyal:260,amouyal,NPZ,gp,simple,Yes,,,,0,424,set_6,GP_prob,simple_question,prob,not annotated upstream,the tractor,,True,event,amouyal:260,reg,False,reg_base,2b7f62cc9b9791d4d7f0a378790c344a4eba572b429e71a76f6aeaf6edf2c7f6,218,0.9953087568283081,0.9992903470993042,0.9953087568283081,1, Yes,
amouyal:260:attachment,amouyal,NPZ,gp,simple,Yes,,,,0,424,set_6,GP_prob,simple_question,prob,not annotated upstream,the tractor,,True,attachment,amouyal:260,reg,False,reg_base,2763a55e46a87230dad74f4b2b87af7ffe0bba139fe54fbb31d54bb1a09a0cb9,229,4.627847738447599e-05,0.9999482035636902,4.627847738447599e-05,0, No,7760cae073bc147613bd2b2f072e2a0139f31b9afe66bb2f5cb46a7cab67722f
amouyal:261,amouyal,NPZ,gp,lingering,No,,,,0,425,set_6,GP_prob,GP_question,prob,not annotated upstream,the tractor,,True,event,amouyal:261,reg,False,reg_base,df4f9c22fb56f736c69f37769f563fddc98252784359cd47a7ba3faf6695bf07,218,0.9301143884658813,0.9984455704689026,0.06988561153411865,0, Yes,
amouyal:261:attachment,amouyal,NPZ,gp,lingering,No,,,,0,425,set_6,GP_prob,GP_question,prob,not annotated upstream,the tractor,,True,attachment,amouyal:261,reg,False,reg_base,e3a396196fb717ea2dd3d3a13dd6823d7dbf67b7feed89186e171c5fc51bbcff,232,0.008402443490922451,0.9997231364250183,0.9915975565090775,1, No,02fc525db84c11bbfed8b527b57d2d5c3f594aa26d4dc3aad94c32a341d01445
amouyal:262,amouyal,NPZ,non_gp,simple,Yes,,,,0,428,set_6,nonGP_prob,simple_question,prob,not annotated upstream,the tractor,,True,event,amouyal:262,reg,False,reg_base,0ef14fdc812776f64c4541826fa9bcb7e49ac4a9e7c7d37779836ae9c13b7196,218,0.9999993443489075,0.9993342161178589,0.9999993443489075,1, Yes,
amouyal:262:attachment,amouyal,NPZ,non_gp,simple,Yes,,,,0,428,set_6,nonGP_prob,simple_question,prob,not annotated upstream,the tractor,,True,attachment,amouyal:262,reg,False,reg_base,e847d57ae98858e3fd8282c220039aae1bcab7f1f4aa823a265bbac9878ede02,229,0.9992403388023376,0.9986553192138672,0.9992403388023376,1, Yes,7760cae073bc147613bd2b2f072e2a0139f31b9afe66bb2f5cb46a7cab67722f
amouyal:263,amouyal,NPZ,non_gp,lingering,No,,,,0,429,set_6,nonGP_prob,GP_question,prob,not annotated upstream,the tractor,,True,event,amouyal:263,reg,False,reg_base,b54922f89bdda0281bf8aa4e1dd344062fc8fe99aa4d929728c3ed1982a1fdbd,218,0.010455734096467495,0.9997758865356445,0.9895442659035325,1, No,
amouyal:263:attachment,amouyal,NPZ,non_gp,lingering,No,,,,0,429,set_6,nonGP_prob,GP_question,prob,not annotated upstream,the tractor,,True,attachment,amouyal:263,reg,False,reg_base,98fe067d5e8a2c69bf59d064d327b90b8b1598ac8777ee5b28b2cc571548fe33,232,8.482953717248165e-07,0.9999520778656006,0.9999991517046283,1, No,02fc525db84c11bbfed8b527b57d2d5c3f594aa26d4dc3aad94c32a341d01445
amouyal:264,amouyal,NPZ,gp,simple,Yes,,,,0,432,set_7,GP_prob,simple_question,prob,not annotated upstream,the contract,,True,event,amouyal:264,reg,False,reg_base,8a7c610a42014c9c16e82f09d5bf272c3528e2e740dd9304234075107a1b053a,223,0.9806097745895386,0.9995354413986206,0.9806097745895386,1, Yes,
amouyal:264:attachment,amouyal,NPZ,gp,simple,Yes,,,,0,432,set_7,GP_prob,simple_question,prob,not annotated upstream,the contract,,True,attachment,amouyal:264,reg,False,reg_base,3cf55f6f9e61b3a72588ce4ec32373e10ec43cdcbfc23c25685d17f2cd13dd75,231,1.3958004956293735e-06,0.9999826550483704,1.3958004956293735e-06,0, No,505455a156176e941f5a44d7c776be8eedcdfb1ca384638cf597e708dc95f9e3
amouyal:265,amouyal,NPZ,gp,lingering,No,,,,0,433,set_7,GP_prob,GP_question,prob,not annotated upstream,the contract,,True,event,amouyal:265,reg,False,reg_base,791351902cd0fef8de478609f1bc0a366472d9966558527c4d9038627ba34c47,220,0.9995324015617371,0.9995535016059875,0.00046759843826293945,0, Yes,
amouyal:265:attachment,amouyal,NPZ,gp,lingering,No,,,,0,433,set_7,GP_prob,GP_question,prob,not annotated upstream,the contract,,True,attachment,amouyal:265,reg,False,reg_base,0c3e6ab035f75623bc6f62d920e9f1983e680a0c9b7ed1250b9ad31ad8977025,234,0.277239590883255,0.9991555213928223,0.722760409116745,1, No,e6b25d5fd7d3b9263ac5a5648f1814403fc2ef4dbb45ead85fa73afd4662f472
amouyal:266,amouyal,NPZ,non_gp,simple,Yes,,,,0,436,set_7,nonGP_prob,simple_question,prob,not annotated upstream,the contract,,True,event,amouyal:266,reg,False,reg_base,6649f7a174b0d1819f0d539ecf0b13958eda8573c5ec59d354fb0b69476156e0,223,0.9998483657836914,0.999213457107544,0.9998483657836914,1, Yes,
amouyal:266:attachment,amouyal,NPZ,non_gp,simple,Yes,,,,0,436,set_7,nonGP_prob,simple_question,prob,not annotated upstream,the contract,,True,attachment,amouyal:266,reg,False,reg_base,ee45357b1850e210105969f61154e3df6d7b9f7caa202a5e5428d5c8dc0f11e8,231,0.006494349800050259,0.9998923540115356,0.006494349800050259,0, No,505455a156176e941f5a44d7c776be8eedcdfb1ca384638cf597e708dc95f9e3
amouyal:267,amouyal,NPZ,non_gp,lingering,No,,,,0,437,set_7,nonGP_prob,GP_question,prob,not annotated upstream,the contract,,True,event,amouyal:267,reg,False,reg_base,9f12e60e41d6d62475f040a94c928faba2caceada1079ac48e24da6565415e8b,220,0.9983838796615601,0.99940025806427,0.0016161203384399414,0, Yes,
amouyal:267:attachment,amouyal,NPZ,non_gp,lingering,No,,,,0,437,set_7,nonGP_prob,GP_question,prob,not annotated upstream,the contract,,True,attachment,amouyal:267,reg,False,reg_base,c7b84ebfe0a518416a29d766483f1f24248d361646fba8e9732168b8c53c70d4,234,0.05212628096342087,0.999624490737915,0.9478737190365791,1, No,e6b25d5fd7d3b9263ac5a5648f1814403fc2ef4dbb45ead85fa73afd4662f472
amouyal:268,amouyal,NPZ,gp,simple,Yes,,,,0,440,set_8,GP_prob,simple_question,prob,not annotated upstream,the balls,,True,event,amouyal:268,reg,False,reg_base,a258e17dcd252c0b56fbbdd9fb962b682efcca649270a8a9f4fb453de5afdbf5,220,0.999876856803894,0.9994043111801147,0.999876856803894,1, Yes,
amouyal:268:attachment,amouyal,NPZ,gp,simple,Yes,,,,0,440,set_8,GP_prob,simple_question,prob,not annotated upstream,the balls,,True,attachment,amouyal:268,reg,False,reg_base,346809cf47cea4c33725bb175580ee41b4fc6e6e9b828f80366207dde3c2b364,230,3.4494953524699667e-06,0.9999735951423645,3.4494953524699667e-06,0, No,f1344e08468d2c2f7166ea9c093cb3bff09086270356827f88b73c88acf36c83
amouyal:269,amouyal,NPZ,gp,lingering,No,,,,0,441,set_8,GP_prob,GP_question,prob,not annotated upstream,the balls,,True,event,amouyal:269,reg,False,reg_base,a20f4bbd765ffcc82b1d1fbd05d7dd4b762cec0277070a3612e0184b5c4d10a9,220,0.7784480452537537,0.9985355138778687,0.22155195474624634,0, Yes,
amouyal:269:attachment,amouyal,NPZ,gp,lingering,No,,,,0,441,set_8,GP_prob,GP_question,prob,not annotated upstream,the balls,,True,attachment,amouyal:269,reg,False,reg_base,d32dcdc11cbb287dd01bcc6ec842c2ff5d1e1e9fb6c9eab31376268fe7029518,233,0.4466288685798645,0.999113917350769,0.5533711314201355,1, No,b7ff1d654d8ba03c2319d0ab767b1753fbf9ed291b203394fa4763fe841ae179
amouyal:270,amouyal,NPZ,non_gp,simple,Yes,,,,0,444,set_8,nonGP_prob,simple_question,prob,not annotated upstream,the balls,,True,event,amouyal:270,reg,False,reg_base,86bb958c37b3146cdbc94cbe08a7f9047564d73b52de7144dbd14e7a1f522080,220,0.9999970197677612,0.9994003772735596,0.9999970197677612,1, Yes,
amouyal:270:attachment,amouyal,NPZ,non_gp,simple,Yes,,,,0,444,set_8,nonGP_prob,simple_question,prob,not annotated upstream,the balls,,True,attachment,amouyal:270,reg,False,reg_base,bf420e14f22b5a0dc7ed4e0173cb023d580f9580d7979e560a7fd1c57373422f,230,0.9996073246002197,0.9986875653266907,0.9996073246002197,1, Yes,f1344e08468d2c2f7166ea9c093cb3bff09086270356827f88b73c88acf36c83
amouyal:271,amouyal,NPZ,non_gp,lingering,No,,,,0,445,set_8,nonGP_prob,GP_question,prob,not annotated upstream,the balls,,True,event,amouyal:271,reg,False,reg_base,11d38ee0df20e58a407675f72677ba445f5396d6626d939b4c02239e1ab326eb,220,0.9794648885726929,0.9989122152328491,0.02053511142730713,0, Yes,
amouyal:271:attachment,amouyal,NPZ,non_gp,lingering,No,,,,0,445,set_8,nonGP_prob,GP_question,prob,not annotated upstream,the balls,,True,attachment,amouyal:271,reg,False,reg_base,2b66dd12e1a83e077d63406b4780f216aa2dfaa6c177ec6232fbeada26b1dc99,233,0.04407601058483124,0.9996301531791687,0.9559239894151688,1, No,b7ff1d654d8ba03c2319d0ab767b1753fbf9ed291b203394fa4763fe841ae179
amouyal:272,amouyal,NPZ,gp,simple,Yes,,,,0,448,set_9,GP_prob,simple_question,prob,not annotated upstream,the rug,,True,event,amouyal:272,reg,False,reg_base,d35bcb51fcffb9acfe11a06bd91b667bd4ce01c1eb389c06333c3b4e07512a78,217,0.9998860955238342,0.9995862245559692,0.9998860955238342,1, Yes,
amouyal:272:attachment,amouyal,NPZ,gp,simple,Yes,,,,0,448,set_9,GP_prob,simple_question,prob,not annotated upstream,the rug,,True,attachment,amouyal:272,reg,False,reg_base,1a24bb8beac9635eb8a7a4b7137926312b0c613b4fee778a6bee45b69b298562,228,2.3990874979062937e-05,0.9999731779098511,2.3990874979062937e-05,0, No,33234bd13c0e0fcaf51d439b92e26ee8d65ad5f6d3044684cd1d3ae9210ca094
amouyal:273,amouyal,NPZ,gp,lingering,No,,,,0,449,set_9,GP_prob,GP_question,prob,not annotated upstream,the rug,,True,event,amouyal:273,reg,False,reg_base,04be5accd766de45355f39cb712d955cb80a5f21c8e12ad7ead572edcbc58111,216,0.9879457950592041,0.9993365406990051,0.012054204940795898,0, Yes,
amouyal:273:attachment,amouyal,NPZ,gp,lingering,No,,,,0,449,set_9,GP_prob,GP_question,prob,not annotated upstream,the rug,,True,attachment,amouyal:273,reg,False,reg_base,96d6c064bd584e1bdb2b092e038485d7526815647fbc86e04e94873be40e993e,231,0.41392165422439575,0.9992201328277588,0.5860783457756042,1, No,a6eae1aed558785c12b3156c8a6d31556fd6336ed04d744d98b3b72711e24fd2
amouyal:274,amouyal,NPZ,non_gp,simple,Yes,,,,0,452,set_9,nonGP_prob,simple_question,prob,not annotated upstream,the rug,,True,event,amouyal:274,reg,False,reg_base,2b220db8f421f743ed5f4a669aa75c77ee7ddc16bc957fd9c7dbcd90953b6327,217,0.9999793767929077,0.9994763731956482,0.9999793767929077,1, Yes,
amouyal:274:attachment,amouyal,NPZ,non_gp,simple,Yes,,,,0,452,set_9,nonGP_prob,simple_question,prob,not annotated upstream,the rug,,True,attachment,amouyal:274,reg,False,reg_base,3c5bc20bc3f1af7cc800ccd18e7213938e1e9d39e880e8d3a8550a5a825b6b78,228,0.9998434782028198,0.9985888600349426,0.9998434782028198,1, Yes,33234bd13c0e0fcaf51d439b92e26ee8d65ad5f6d3044684cd1d3ae9210ca094
amouyal:275,amouyal,NPZ,non_gp,lingering,No,,,,0,453,set_9,nonGP_prob,GP_question,prob,not annotated upstream,the rug,,True,event,amouyal:275,reg,False,reg_base,5cc581ba92a8def8e2726ca6242e4d16d67a6398fe3c839510327054ce443502,216,0.9999280571937561,0.9983431100845337,7.194280624389648e-05,0, Yes,
amouyal:275:attachment,amouyal,NPZ,non_gp,lingering,No,,,,0,453,set_9,nonGP_prob,GP_question,prob,not annotated upstream,the rug,,True,attachment,amouyal:275,reg,False,reg_base,56e1a07a40a6cef302236d882fbfcd91af731d6fb2c8487ac7fb0dbfd1bf2628,231,0.4819667637348175,0.9988954663276672,0.5180332362651825,1, No,a6eae1aed558785c12b3156c8a6d31556fd6336ed04d744d98b3b72711e24fd2
amouyal:0,amouyal,NPZ,gp,simple,Yes,,,,0,0,set_10,GP_prob,simple_question,prob,not annotated upstream,the memo,,True,event,amouyal:0,reg,True,reg_repair,936a5181f050806c435c4dbcd28d950648dfbd1c52827ee1135c6608077a85dd,229,0.9984363913536072,0.9994937181472778,0.9984363913536072,1, Yes,
amouyal:0:attachment,amouyal,NPZ,gp,simple,Yes,,,,0,0,set_10,GP_prob,simple_question,prob,not annotated upstream,the memo,,True,attachment,amouyal:0,reg,True,reg_repair,2c0a80d04dc6ca48024c2106775ecae1999d16e63f42a94e5b24b7571abad9bc,241,4.9803205115495075e-08,0.9999918937683105,4.9803205115495075e-08,0, No,24e6f0849c9d2225f56da479e2b7f2b44fc064d67aac6d3868fbaa824f796ae3
amouyal:1,amouyal,NPZ,gp,lingering,No,,,,0,1,set_10,GP_prob,GP_question,prob,not annotated upstream,the memo,,True,event,amouyal:1,reg,True,reg_repair,ba1adc8d97312d6684bd090171ca4710b9fd02ca5b1a095a70a1a342391c5e2b,230,0.9962047934532166,0.9993012547492981,0.0037952065467834473,0, Yes,
amouyal:1:attachment,amouyal,NPZ,gp,lingering,No,,,,0,1,set_10,GP_prob,GP_question,prob,not annotated upstream,the memo,,True,attachment,amouyal:1,reg,True,reg_repair,871e00bbf27a2920a7f571b0f7e149d4c3aceaf90d9d2147bb7e5e639b629535,244,0.20930875837802887,0.99961918592453,0.7906912416219711,1, No,edad6ac7eec615b0ce5b9ce35dcb5fc9cd83498b48956357134a4e69d72e54de
amouyal:2,amouyal,NPZ,non_gp,simple,Yes,,,,0,4,set_10,nonGP_prob,simple_question,prob,not annotated upstream,the memo,,True,event,amouyal:2,reg,True,reg_repair,2ca13d3ea0ce6ef4a3a3e4bedfd9a372b5bd97dc4cef2e3672e0de7ff7ea7ee6,229,0.9997281432151794,0.9994170665740967,0.9997281432151794,1, Yes,
amouyal:2:attachment,amouyal,NPZ,non_gp,simple,Yes,,,,0,4,set_10,nonGP_prob,simple_question,prob,not annotated upstream,the memo,,True,attachment,amouyal:2,reg,True,reg_repair,5fd1b3b11ca85721020564e9c453af0005f4cdead9dfc78d79ac465b4e7e334d,241,0.8762217164039612,0.9993531107902527,0.8762217164039612,1, Yes,24e6f0849c9d2225f56da479e2b7f2b44fc064d67aac6d3868fbaa824f796ae3
amouyal:3,amouyal,NPZ,non_gp,lingering,No,,,,0,5,set_10,nonGP_prob,GP_question,prob,not annotated upstream,the memo,,True,event,amouyal:3,reg,True,reg_repair,76c84b17d10caf65e540af9675ab3b3082ecca33c28203a360a3d67e3d5b3f70,230,0.9997431039810181,0.9994781017303467,0.0002568960189819336,0, Yes,
amouyal:3:attachment,amouyal,NPZ,non_gp,lingering,No,,,,0,5,set_10,nonGP_prob,GP_question,prob,not annotated upstream,the memo,,True,attachment,amouyal:3,reg,True,reg_repair,a31eda9c7d078ea2075d961966ea308d7a92d6a7937f3663c8ec39cdc53df20f,244,0.006769524421542883,0.9999022483825684,0.9932304755784571,1, No,edad6ac7eec615b0ce5b9ce35dcb5fc9cd83498b48956357134a4e69d72e54de
amouyal:4,amouyal,NPZ,gp,simple,Yes,,,,0,8,set_11,GP_prob,simple_question,prob,not annotated upstream,the canoe,,True,event,amouyal:4,reg,True,reg_repair,b590afb8237c51fe60e0d21b444a7ff4d0ff96e8626f561d09b88cbf965afcfa,233,0.9999023079872131,0.9995753169059753,0.9999023079872131,1, Yes,
amouyal:4:attachment,amouyal,NPZ,gp,simple,Yes,,,,0,8,set_11,GP_prob,simple_question,prob,not annotated upstream,the canoe,,True,attachment,amouyal:4,reg,True,reg_repair,f06439370c8b714bc5b668852d321102e2e44f54196490c024df80ff0d68c68c,243,0.0012720355298370123,0.9999690055847168,0.0012720355298370123,0, No,89743ecf107d6926c4df3b21e6e01638b21cf2ad9688e140971bc7786c90a425
amouyal:5,amouyal,NPZ,gp,lingering,No,,,,0,9,set_11,GP_prob,GP_question,prob,not annotated upstream,the canoe,,True,event,amouyal:5,reg,True,reg_repair,9323123e0f896445169a300d8490d0feccd3b1ec3e01ee31f41a79ee589b1729,232,0.9977739453315735,0.999599814414978,0.0022260546684265137,0, Yes,
amouyal:5:attachment,amouyal,NPZ,gp,lingering,No,,,,0,9,set_11,GP_prob,GP_question,prob,not annotated upstream,the canoe,,True,attachment,amouyal:5,reg,True,reg_repair,47ca1bcb60389c2c5173b48a61866f96c8f089a74eb6ec08f8c880136793e01c,246,0.8529852032661438,0.999478280544281,0.1470147967338562,0, Yes,c50c402bbef2ce84176202995f57bf2c1fcb40030f5c39f00a274f1dcddbb723
amouyal:6,amouyal,NPZ,non_gp,simple,Yes,,,,0,12,set_11,nonGP_prob,simple_question,prob,not annotated upstream,the canoe,,True,event,amouyal:6,reg,True,reg_repair,f175ad37ef98efd57037ecaec48fa2714fd7bde7df34c2fe6cbf76b4193e2b36,233,0.9999609589576721,0.9994569420814514,0.9999609589576721,1, Yes,
amouyal:6:attachment,amouyal,NPZ,non_gp,simple,Yes,,,,0,12,set_11,nonGP_prob,simple_question,prob,not annotated upstream,the canoe,,True,attachment,amouyal:6,reg,True,reg_repair,3ed01a6bc4fbd17b8cd76393085d82a4d3b63de5b308dc2a44913906301b57a7,243,0.9940909147262573,0.9991846084594727,0.9940909147262573,1, Yes,89743ecf107d6926c4df3b21e6e01638b21cf2ad9688e140971bc7786c90a425
amouyal:7,amouyal,NPZ,non_gp,lingering,No,,,,0,13,set_11,nonGP_prob,GP_question,prob,not annotated upstream,the canoe,,True,event,amouyal:7,reg,True,reg_repair,012249b6df30b852ce3aa4040aa401f3ef4e118adbf5eafc0d0e37eff2d5c2db,232,0.9992624521255493,0.9994831681251526,0.0007375478744506836,0, Yes,
amouyal:7:attachment,amouyal,NPZ,non_gp,lingering,No,,,,0,13,set_11,nonGP_prob,GP_question,prob,not annotated upstream,the canoe,,True,attachment,amouyal:7,reg,True,reg_repair,da61bcebf3f241d36d2ba4679e683624d4344b75bc99c95cd13bcc73c37e1d41,246,0.03664529323577881,0.9998133778572083,0.9633547067642212,1, No,c50c402bbef2ce84176202995f57bf2c1fcb40030f5c39f00a274f1dcddbb723
amouyal:8,amouyal,NPZ,gp,simple,Yes,,,,0,16,set_12,GP_prob,simple_question,prob,not annotated upstream,the horse,,True,event,amouyal:8,reg,True,reg_repair,f54c389d720c08ed75db3a41a33486207b7967df6c58d152dd67c6fa8729332e,233,0.0014176941476762295,0.9999479055404663,0.0014176941476762295,0, No,
amouyal:8:attachment,amouyal,NPZ,gp,simple,Yes,,,,0,16,set_12,GP_prob,simple_question,prob,not annotated upstream,the horse,,True,attachment,amouyal:8,reg,True,reg_repair,9adfe2b1e694bed9afd6f0ad8de414885c30435e2e25265316e264824c9fc937,243,0.00019967512344010174,0.9999724626541138,0.00019967512344010174,0, No,8c6af6d5f483fb559cc3d89a17cebf5ce9f0cef453ff7f4961aec5a45f44afcc
amouyal:9,amouyal,NPZ,gp,lingering,No,,,,0,17,set_12,GP_prob,GP_question,prob,not annotated upstream,the horse,,True,event,amouyal:9,reg,True,reg_repair,9a28a9678f4cf2a55741c35c21342b714e8400d2a0f8757c0fb178c4b22cf19b,232,0.9977601170539856,0.9996824264526367,0.0022398829460144043,0, Yes,
amouyal:9:attachment,amouyal,NPZ,gp,lingering,No,,,,0,17,set_12,GP_prob,GP_question,prob,not annotated upstream,the horse,,True,attachment,amouyal:9,reg,True,reg_repair,521b97481905211b2d192e1c8ae306e7792ccc29bc1d56fa901dbd0b57fad5f5,246,0.30225756764411926,0.9995836615562439,0.6977424323558807,1, No,9a755ac496f13ae5f2c388965641bf2dfa1cd2c83cc4f318324219cedf67eb8f
amouyal:10,amouyal,NPZ,non_gp,simple,Yes,,,,0,20,set_12,nonGP_prob,simple_question,prob,not annotated upstream,the horse,,True,event,amouyal:10,reg,True,reg_repair,82f3e98635649f8de3db6bdb69553d54674742c7770a5bd8651a51d57f01c23d,233,0.999991238117218,0.9995747804641724,0.999991238117218,1, Yes,
amouyal:10:attachment,amouyal,NPZ,non_gp,simple,Yes,,,,0,20,set_12,nonGP_prob,simple_question,prob,not annotated upstream,the horse,,True,attachment,amouyal:10,reg,True,reg_repair,8801c77f0afe2df4637597afceaf0e493c941f04cd951640e2c8dc37f94e7c48,243,0.9977790713310242,0.9982856512069702,0.9977790713310242,1, Yes,8c6af6d5f483fb559cc3d89a17cebf5ce9f0cef453ff7f4961aec5a45f44afcc
amouyal:11,amouyal,NPZ,non_gp,lingering,No,,,,0,21,set_12,nonGP_prob,GP_question,prob,not annotated upstream,the horse,,True,event,amouyal:11,reg,True,reg_repair,d806ddf4f2e51ca2208062990a0bd12839fcf323a08b806cb6de953b930c199a,232,0.9995942711830139,0.9995494484901428,0.000405728816986084,0, Yes,
amouyal:11:attachment,amouyal,NPZ,non_gp,lingering,No,,,,0,21,set_12,nonGP_prob,GP_question,prob,not annotated upstream,the horse,,True,attachment,amouyal:11,reg,True,reg_repair,ade8bca8469a34956d7efe76c3370893cd8a52e52178ee506d79554e1b166360,246,0.014725849032402039,0.9998310208320618,0.985274150967598,1, No,9a755ac496f13ae5f2c388965641bf2dfa1cd2c83cc4f318324219cedf67eb8f
amouyal:12,amouyal,NPZ,gp,simple,Yes,,,,0,24,set_13,GP_prob,simple_question,prob,not annotated upstream,the hot dog,,True,event,amouyal:12,reg,True,reg_repair,2619c7a0fbbf24166f093b6f119c64914f637a5390719eb5340bd1d8f90f1e22,231,0.9990427494049072,0.9997217059135437,0.9990427494049072,1, Yes,
amouyal:12:attachment,amouyal,NPZ,gp,simple,Yes,,,,0,24,set_13,GP_prob,simple_question,prob,not annotated upstream,the hot dog,,True,attachment,amouyal:12,reg,True,reg_repair,0037b1c8802e10f387146c231781be1a8d7203510a782ef0caa6ee099f0a09ce,242,4.4406274213315555e-08,0.9999951720237732,4.4406274213315555e-08,0, No,53b3e88efb9da4586c81a9053c259f86a71547191f2203d6591dd04727428e56
amouyal:13,amouyal,NPZ,gp,lingering,No,,,,0,25,set_13,GP_prob,GP_question,prob,not annotated upstream,the hot dog,,True,event,amouyal:13,reg,True,reg_repair,2f6085a2bd23d41b97ea3775dc872093493fba9ea710d0d92eb640f0bfbb8126,230,0.37259283661842346,0.999467670917511,0.6274071633815765,1, No,
amouyal:13:attachment,amouyal,NPZ,gp,lingering,No,,,,0,25,set_13,GP_prob,GP_question,prob,not annotated upstream,the hot dog,,True,attachment,amouyal:13,reg,True,reg_repair,de85ff628406d47ade0fd78e2125922f8376abb72c3073dcdb1e0bcb493b011a,245,0.12193422019481659,0.9997824430465698,0.8780657798051834,1, No,2c22c048d096ea85d217ee0a0ee6d813aaf83740ddca3eed48b937549ec303a0
amouyal:14,amouyal,NPZ,non_gp,simple,Yes,,,,0,28,set_13,nonGP_prob,simple_question,prob,not annotated upstream,the hot dog,,True,event,amouyal:14,reg,True,reg_repair,61738742af399f93610b0a70c8c068a5dbcc12c80dda2e4eca65fd93e1b04bbf,231,0.9999956488609314,0.9996839165687561,0.9999956488609314,1, Yes,
amouyal:14:attachment,amouyal,NPZ,non_gp,simple,Yes,,,,0,28,set_13,nonGP_prob,simple_question,prob,not annotated upstream,the hot dog,,True,attachment,amouyal:14,reg,True,reg_repair,884d009836c7dd6b95d9d4d527ae54240bcb0f49aa1f5b99a95c37b340075570,242,0.9985678791999817,0.9993870854377747,0.9985678791999817,1, Yes,53b3e88efb9da4586c81a9053c259f86a71547191f2203d6591dd04727428e56
amouyal:15,amouyal,NPZ,non_gp,lingering,No,,,,0,29,set_13,nonGP_prob,GP_question,prob,not annotated upstream,the hot dog,,True,event,amouyal:15,reg,True,reg_repair,17cf080ad21c99c1802d2c7d69d460010a305fbd56ebe0489bbfc398d08f7f5f,230,0.9999325275421143,0.9993406534194946,6.747245788574219e-05,0, Yes,
amouyal:15:attachment,amouyal,NPZ,non_gp,lingering,No,,,,0,29,set_13,nonGP_prob,GP_question,prob,not annotated upstream,the hot dog,,True,attachment,amouyal:15,reg,True,reg_repair,a0b98f7a023d7cc13cabcaae1d33b0f96a8894521310e3fd683922f68668562f,245,0.8904781937599182,0.9992400407791138,0.10952180624008179,0, Yes,2c22c048d096ea85d217ee0a0ee6d813aaf83740ddca3eed48b937549ec303a0
amouyal:16,amouyal,NPZ,gp,simple,Yes,,,,0,32,set_14,GP_prob,simple_question,prob,not annotated upstream,the building,,True,event,amouyal:16,reg,True,reg_repair,03c6e82b04fc3838808e31459538ed1ecc97022c558f42c697004d95b8d62f13,232,0.9655773043632507,0.9995778203010559,0.9655773043632507,1, Yes,
amouyal:16:attachment,amouyal,NPZ,gp,simple,Yes,,,,0,32,set_14,GP_prob,simple_question,prob,not annotated upstream,the building,,True,attachment,amouyal:16,reg,True,reg_repair,847e2749f4c8c4f13c5ada2be9c000ee7f340553141b92acf8a1bd0f049c6912,242,4.637274287233595e-06,0.999988853931427,4.637274287233595e-06,0, No,cd46c165e6dfa4b7197a18ca412f4c5af8081538ee194d010c3a3a0318cabbc9
amouyal:17,amouyal,NPZ,gp,lingering,No,,,,0,33,set_14,GP_prob,GP_question,prob,not annotated upstream,the building,,True,event,amouyal:17,reg,True,reg_repair,ce4b65d2a820c6758edb71b8fafe81b28d225a165c1171c5d0ae37fa724b1c0c,231,0.8912110328674316,0.9993832111358643,0.10878896713256836,0, Yes,
amouyal:17:attachment,amouyal,NPZ,gp,lingering,No,,,,0,33,set_14,GP_prob,GP_question,prob,not annotated upstream,the building,,True,attachment,amouyal:17,reg,True,reg_repair,dd285d2b9f8efe792a762ef71859252913e4c90b1e82df40f89b31d577f2e9cf,245,0.3381751775741577,0.999550461769104,0.6618248224258423,1, No,155d28aa2aad60e181c3b6ffd1709943c1e9f1d65cb7605cdd33a947cd8f1980
amouyal:18,amouyal,NPZ,non_gp,simple,Yes,,,,0,36,set_14,nonGP_prob,simple_question,prob,not annotated upstream,the building,,True,event,amouyal:18,reg,True,reg_repair,e944a4c7cbf4a2bc7ab0bf92e32ae390efa83718af720952d0242418f1b5e384,232,0.9909694194793701,0.9995919466018677,0.9909694194793701,1, Yes,
amouyal:18:attachment,amouyal,NPZ,non_gp,simple,Yes,,,,0,36,set_14,nonGP_prob,simple_question,prob,not annotated upstream,the building,,True,attachment,amouyal:18,reg,True,reg_repair,8d6d7a9f353b65ca9d19e941384c5591afa2f8e5fd0961f00ac46eaf2c96e673,242,0.1282862275838852,0.9996550679206848,0.1282862275838852,0, No,cd46c165e6dfa4b7197a18ca412f4c5af8081538ee194d010c3a3a0318cabbc9
amouyal:19,amouyal,NPZ,non_gp,lingering,No,,,,0,37,set_14,nonGP_prob,GP_question,prob,not annotated upstream,the building,,True,event,amouyal:19,reg,True,reg_repair,a173c800661b83365a2cdfaaca62fe564cd03b376da11356ad4930608ab5e261,231,8.867415454005823e-05,0.9999088644981384,0.9999113258454599,1, No,
amouyal:19:attachment,amouyal,NPZ,non_gp,lingering,No,,,,0,37,set_14,nonGP_prob,GP_question,prob,not annotated upstream,the building,,True,attachment,amouyal:19,reg,True,reg_repair,a0e5548f33211954138814192b6d585d5eed0c126b0af9b03368759fb5af0f03,245,0.004025457892566919,0.999896764755249,0.9959745421074331,1, No,155d28aa2aad60e181c3b6ffd1709943c1e9f1d65cb7605cdd33a947cd8f1980
amouyal:20,amouyal,NPZ,gp,simple,Yes,,,,0,40,set_15,GP_prob,simple_question,prob,not annotated upstream,the soup,,True,event,amouyal:20,reg,True,reg_repair,a45c6b3ff28b99c61d97055a32b902ccbb5fffca7eba1251949770e82945f998,228,0.9999840259552002,0.999742865562439,0.9999840259552002,1, Yes,
amouyal:20:attachment,amouyal,NPZ,gp,simple,Yes,,,,0,40,set_15,GP_prob,simple_question,prob,not annotated upstream,the soup,,True,attachment,amouyal:20,reg,True,reg_repair,000d6c6110a20f0862ab44e7f8ea22137959a87c014572e9c62a6122ba246711,240,2.813599530782085e-05,0.9999901056289673,2.813599530782085e-05,0, No,0ec75e2a2f8c6ee42d0a8fc4d4c8ef0fed7ee776be041976d7721a1050e8c32d
amouyal:21,amouyal,NPZ,gp,lingering,No,,,,0,41,set_15,GP_prob,GP_question,prob,not annotated upstream,the soup,,True,event,amouyal:21,reg,True,reg_repair,3e85314f22b95cec766a489cf867a9bbfd302dc92ae0e69fd1016d6ae62fb9bc,229,0.9993494153022766,0.9995225071907043,0.0006505846977233887,0, Yes,
amouyal:21:attachment,amouyal,NPZ,gp,lingering,No,,,,0,41,set_15,GP_prob,GP_question,prob,not annotated upstream,the soup,,True,attachment,amouyal:21,reg,True,reg_repair,9c2a5731887c42c3e17e1fb24802d6476d63c011a0332421b8d383aedba1987d,243,0.8720939755439758,0.9995565414428711,0.12790602445602417,0, Yes,002944262eef12a6efcd26ef5fd5c23d583910a1d8fec61a30bbe3cf347620ff
amouyal:22,amouyal,NPZ,non_gp,simple,Yes,,,,0,44,set_15,nonGP_prob,simple_question,prob,not annotated upstream,the soup,,True,event,amouyal:22,reg,True,reg_repair,4e2054a93af658c4c3d1c53c6a4621e40774aa801daec329c68fc005a66cb9f6,228,0.999995231628418,0.9997333288192749,0.999995231628418,1, Yes,
amouyal:22:attachment,amouyal,NPZ,non_gp,simple,Yes,,,,0,44,set_15,nonGP_prob,simple_question,prob,not annotated upstream,the soup,,True,attachment,amouyal:22,reg,True,reg_repair,ac4797ec175f356b7df5af9104afcb43bb5625e14eaf0aa8643b80f0d216c61e,240,0.9993987083435059,0.9992035627365112,0.9993987083435059,1, Yes,0ec75e2a2f8c6ee42d0a8fc4d4c8ef0fed7ee776be041976d7721a1050e8c32d
amouyal:23,amouyal,NPZ,non_gp,lingering,No,,,,0,45,set_15,nonGP_prob,GP_question,prob,not annotated upstream,the soup,,True,event,amouyal:23,reg,True,reg_repair,ae630a6f13eb7a9baaab93f12c164a2900c5fd33c0bee88beda15a8faaafa1f4,229,0.9999889135360718,0.9996746778488159,1.1086463928222656e-05,0, Yes,
amouyal:23:attachment,amouyal,NPZ,non_gp,lingering,No,,,,0,45,set_15,nonGP_prob,GP_question,prob,not annotated upstream,the soup,,True,attachment,amouyal:23,reg,True,reg_repair,9e835922fe56210ec3493918e68672c7418e856c7df05218dd256364a9cdb0b3,243,0.12249450385570526,0.9996963739395142,0.8775054961442947,1, No,002944262eef12a6efcd26ef5fd5c23d583910a1d8fec61a30bbe3cf347620ff
amouyal:24,amouyal,NPZ,gp,simple,Yes,,,,0,48,set_16,GP_prob,simple_question,prob,not annotated upstream,the tunnel,,True,event,amouyal:24,reg,True,reg_repair,5613838ca1124a9af90d8ebfd5ad45ae74aaca51867b690fb0bfa49a14fd2ebd,232,0.999722421169281,0.9996972680091858,0.999722421169281,1, Yes,
amouyal:24:attachment,amouyal,NPZ,gp,simple,Yes,,,,0,48,set_16,GP_prob,simple_question,prob,not annotated upstream,the tunnel,,True,attachment,amouyal:24,reg,True,reg_repair,9536cd990a4e44d8272f40ae2db31baa91b8fbfcd8989924322a32d45f11e707,242,0.00011855743650812656,0.9999760985374451,0.00011855743650812656,0, No,d86ecd7dac837ec2a11109bbfe503c25cd60ce37dc34bfe377c178ff53597eac
amouyal:25,amouyal,NPZ,gp,lingering,No,,,,0,49,set_16,GP_prob,GP_question,prob,not annotated upstream,the tunnel,,True,event,amouyal:25,reg,True,reg_repair,42401d1c5da40309eb48b0db573c583d0cffee8ef357534e8a30b2a39c0b0482,231,0.9921742081642151,0.9995694756507874,0.007825791835784912,0, Yes,
amouyal:25:attachment,amouyal,NPZ,gp,lingering,No,,,,0,49,set_16,GP_prob,GP_question,prob,not annotated upstream,the tunnel,,True,attachment,amouyal:25,reg,True,reg_repair,bcc9e538e90470eae7a81fca8b95b182a3f619333140790f61469b2a6b7dc79f,245,0.11366693675518036,0.9996801614761353,0.8863330632448196,1, No,5e953ffb2edcc8a9474f31c6faadd5d701197624a7ef70beeedf7d8ea3e27686
amouyal:26,amouyal,NPZ,non_gp,simple,Yes,,,,0,52,set_16,nonGP_prob,simple_question,prob,not annotated upstream,the tunnel,,True,event,amouyal:26,reg,True,reg_repair,facb100632275175dedf3fdbaa48ec64397b752e7c0b841061e5607ab150fa88,232,0.9999799728393555,0.9995777606964111,0.9999799728393555,1, Yes,
amouyal:26:attachment,amouyal,NPZ,non_gp,simple,Yes,,,,0,52,set_16,nonGP_prob,simple_question,prob,not annotated upstream,the tunnel,,True,attachment,amouyal:26,reg,True,reg_repair,5db5c16adbccf22d33d3e68ca524a383ae349861f8f4156f1f8bba84a50b0552,242,0.9980896711349487,0.9990707635879517,0.9980896711349487,1, Yes,d86ecd7dac837ec2a11109bbfe503c25cd60ce37dc34bfe377c178ff53597eac
amouyal:27,amouyal,NPZ,non_gp,lingering,No,,,,0,53,set_16,nonGP_prob,GP_question,prob,not annotated upstream,the tunnel,,True,event,amouyal:27,reg,True,reg_repair,bd57122a2df40ad03076263649a0a03ae154c8813e83cc35aef762458aca7af4,231,0.9998860359191895,0.9993972778320312,0.00011396408081054688,0, Yes,
amouyal:27:attachment,amouyal,NPZ,non_gp,lingering,No,,,,0,53,set_16,nonGP_prob,GP_question,prob,not annotated upstream,the tunnel,,True,attachment,amouyal:27,reg,True,reg_repair,1cc238aa0038c6b500574bb9a3062edb92860a8c1a2036cf9cb6ff1c2f5f11c9,245,0.010240226984024048,0.9998093843460083,0.989759773015976,1, No,5e953ffb2edcc8a9474f31c6faadd5d701197624a7ef70beeedf7d8ea3e27686
amouyal:28,amouyal,NPZ,gp,simple,Yes,,,,0,56,set_17,GP_prob,simple_question,prob,not annotated upstream,the water,,True,event,amouyal:28,reg,True,reg_repair,ec0ed08e36a3af8f6883f810b42e35d231911f58eaa0814b53748e2b81bca64d,232,0.9981038570404053,0.9996346235275269,0.9981038570404053,1, Yes,
amouyal:28:attachment,amouyal,NPZ,gp,simple,Yes,,,,0,56,set_17,GP_prob,simple_question,prob,not annotated upstream,the water,,True,attachment,amouyal:28,reg,True,reg_repair,2acd5be6c44066edee554bbd740e5362a4f937373dbc44d9209ac4ce6fd07122,242,1.2560374074155334e-08,0.9999918341636658,1.2560374074155334e-08,0, No,183375dafed23a2cebb46f014846ca65fa12f8421e2ab37e87a0001861ed6881
amouyal:29,amouyal,NPZ,gp,lingering,No,,,,0,57,set_17,GP_prob,GP_question,prob,not annotated upstream,the water,,True,event,amouyal:29,reg,True,reg_repair,77c38561ab2524d13dd71a262f195d65b7ea060b010102baedb7d0f1577a590e,231,0.9732744693756104,0.9990796446800232,0.02672553062438965,0, Yes,
amouyal:29:attachment,amouyal,NPZ,gp,lingering,No,,,,0,57,set_17,GP_prob,GP_question,prob,not annotated upstream,the water,,True,attachment,amouyal:29,reg,True,reg_repair,b26f7e9fed4c7d9c453276be778d460c4158a66650d3452133d8994d12b10ebc,245,0.7572740316390991,0.9994353652000427,0.24272596836090088,0, Yes,c75a784b86cc6698bdb495d1d8e50554adc80d394a3056e714b75294367a0810
amouyal:30,amouyal,NPZ,non_gp,simple,Yes,,,,0,60,set_17,nonGP_prob,simple_question,prob,not annotated upstream,the water,,True,event,amouyal:30,reg,True,reg_repair,8227dc0b2af4e55ea4d78513d86b80d0fd7122dec71d589aa7777ac9550b5865,232,0.9999797344207764,0.9996231198310852,0.9999797344207764,1, Yes,
amouyal:30:attachment,amouyal,NPZ,non_gp,simple,Yes,,,,0,60,set_17,nonGP_prob,simple_question,prob,not annotated upstream,the water,,True,attachment,amouyal:30,reg,True,reg_repair,fc0d752aaadacb4aae1f03cd8620317ded2b80f89d305b8b85306f33a0c83df4,242,0.8521779775619507,0.9993926882743835,0.8521779775619507,1, Yes,183375dafed23a2cebb46f014846ca65fa12f8421e2ab37e87a0001861ed6881
amouyal:31,amouyal,NPZ,non_gp,lingering,No,,,,0,61,set_17,nonGP_prob,GP_question,prob,not annotated upstream,the water,,True,event,amouyal:31,reg,True,reg_repair,984fc24adeffa791801af570737a653914931753375b755bed0652786d693a18,231,1.6164568705789861e-06,0.9999693632125854,0.9999983835431294,1, No,
amouyal:31:attachment,amouyal,NPZ,non_gp,lingering,No,,,,0,61,set_17,nonGP_prob,GP_question,prob,not annotated upstream,the water,,True,attachment,amouyal:31,reg,True,reg_repair,a5a806a8c341b7a3921e04a22a7d42d8161a956c2862e00ac74bff8e6c73718a,245,0.017823712900280952,0.9998637437820435,0.982176287099719,1, No,c75a784b86cc6698bdb495d1d8e50554adc80d394a3056e714b75294367a0810
amouyal:32,amouyal,NPZ,gp,simple,Yes,,,,0,64,set_18,GP_prob,simple_question,prob,not annotated upstream,the frog,,True,event,amouyal:32,reg,True,reg_repair,b68d0488d205cb3777420ba4de1008cb7e9c66cc4345e8b97198f99ec0196b26,228,0.9998975396156311,0.9998132586479187,0.9998975396156311,1, Yes,
amouyal:32:attachment,amouyal,NPZ,gp,simple,Yes,,,,0,64,set_18,GP_prob,simple_question,prob,not annotated upstream,the frog,,True,attachment,amouyal:32,reg,True,reg_repair,11e680fd7910a71c4d222371ae972be3ccf88edfc1e4ff5fa73d91b7e9a542ab,240,0.00021278676285874099,0.9999788999557495,0.00021278676285874099,0, No,efda55021619097884d4cd79d1bce3b44f02286b8b69353e15c610b235cc7762
amouyal:33,amouyal,NPZ,gp,lingering,No,,,,0,65,set_18,GP_prob,GP_question,prob,not annotated upstream,the frog,,True,event,amouyal:33,reg,True,reg_repair,608641e9f00192bfceeaa919078d89a12ea39628f33fbd00654f8b3830f86099,229,0.0032115106005221605,0.9998672604560852,0.9967884893994778,1, No,
amouyal:33:attachment,amouyal,NPZ,gp,lingering,No,,,,0,65,set_18,GP_prob,GP_question,prob,not annotated upstream,the frog,,True,attachment,amouyal:33,reg,True,reg_repair,7b26a7055812879fdffb3d7d38cef5132289abb32a8b210f8a7679cb4785efcf,243,0.06314641982316971,0.9997865557670593,0.9368535801768303,1, No,1e532a0a54c40328f06185927b3333cfb76b0fbe99c6c31ddcfe0a13d45e5941
amouyal:34,amouyal,NPZ,non_gp,simple,Yes,,,,0,68,set_18,nonGP_prob,simple_question,prob,not annotated upstream,the frog,,True,event,amouyal:34,reg,True,reg_repair,41fb3132ed1ddccb64896f03e657a3d8b30f3299e1e26c7c85a176490ce407f2,228,0.9999904036521912,0.9995983242988586,0.9999904036521912,1, Yes,
amouyal:34:attachment,amouyal,NPZ,non_gp,simple,Yes,,,,0,68,set_18,nonGP_prob,simple_question,prob,not annotated upstream,the frog,,True,attachment,amouyal:34,reg,True,reg_repair,faf12732cfed10daaeecb8a26253b0f31b1cf4660a969eda1bc56142067c12f8,240,0.9998589754104614,0.998528778553009,0.9998589754104614,1, Yes,efda55021619097884d4cd79d1bce3b44f02286b8b69353e15c610b235cc7762
amouyal:35,amouyal,NPZ,non_gp,lingering,No,,,,0,69,set_18,nonGP_prob,GP_question,prob,not annotated upstream,the frog,,True,event,amouyal:35,reg,True,reg_repair,b6adc90f39cd481beba903d7ab91ea30f807336b1ed862733a6e3d80de03fbcd,229,3.518901836585542e-11,0.9999365210533142,0.999999999964811,1, No,
amouyal:35:attachment,amouyal,NPZ,non_gp,lingering,No,,,,0,69,set_18,nonGP_prob,GP_question,prob,not annotated upstream,the frog,,True,attachment,amouyal:35,reg,True,reg_repair,a53bc2616d4588cf9d77e0e30fbbe38ae97dbce2bd12810def1fe24ee48b64f9,243,7.566958970528503e-07,0.9999698400497437,0.999999243304103,1, No,1e532a0a54c40328f06185927b3333cfb76b0fbe99c6c31ddcfe0a13d45e5941
amouyal:36,amouyal,NPZ,gp,simple,Yes,,,,0,72,set_19,GP_prob,simple_question,prob,not annotated upstream,the baboon,,True,event,amouyal:36,reg,True,reg_repair,dab870f09f116795c1414ab9d53835854561328e1c5be6be0625e8a0bbf26739,232,0.9999662041664124,0.9997763633728027,0.9999662041664124,1, Yes,
amouyal:36:attachment,amouyal,NPZ,gp,simple,Yes,,,,0,72,set_19,GP_prob,simple_question,prob,not annotated upstream,the baboon,,True,attachment,amouyal:36,reg,True,reg_repair,b6fe598f1a3fa5da89345a795a1f902a241f9552bb13e5bf7d2976da4ecc5029,243,0.0012219329364597797,0.9999479055404663,0.0012219329364597797,0, No,5ea8147baf8b7656fe949bc2e9f4a2ea39a5a8232caa13f14df8c2b88270a475
amouyal:37,amouyal,NPZ,gp,lingering,No,,,,0,73,set_19,GP_prob,GP_question,prob,not annotated upstream,the baboon,,True,event,amouyal:37,reg,True,reg_repair,cb0f0ecd65ddfd8a555307e5cacd49178ee19f7259110483b6d682466e09ded9,232,0.9540290236473083,0.9992967844009399,0.04597097635269165,0, Yes,
amouyal:37:attachment,amouyal,NPZ,gp,lingering,No,,,,0,73,set_19,GP_prob,GP_question,prob,not annotated upstream,the baboon,,True,attachment,amouyal:37,reg,True,reg_repair,4888d2ab895f79dcd1e6b1f05992e088ad6966de95cf907cff1da340efe11f79,246,0.011520972475409508,0.9998328685760498,0.9884790275245905,1, No,148f5e3d3f654dd65fa4f94df923039cb1abd230616e0bdd1c05343519054b36
amouyal:38,amouyal,NPZ,non_gp,simple,Yes,,,,0,76,set_19,nonGP_prob,simple_question,prob,not annotated upstream,the baboon,,True,event,amouyal:38,reg,True,reg_repair,1a6714913b7223eb4487d8a29a8828f2fa546c87930123c7a113026334743c40,232,0.9999910593032837,0.999716579914093,0.9999910593032837,1, Yes,
amouyal:38:attachment,amouyal,NPZ,non_gp,simple,Yes,,,,0,76,set_19,nonGP_prob,simple_question,prob,not annotated upstream,the baboon,,True,attachment,amouyal:38,reg,True,reg_repair,9f5fcadf65ddd3d201f7c4cfea9275fc8ef8096b75626bc4097b0458fd35f0c9,243,0.9993152022361755,0.9982718825340271,0.9993152022361755,1, Yes,5ea8147baf8b7656fe949bc2e9f4a2ea39a5a8232caa13f14df8c2b88270a475
amouyal:39,amouyal,NPZ,non_gp,lingering,No,,,,0,77,set_19,nonGP_prob,GP_question,prob,not annotated upstream,the baboon,,True,event,amouyal:39,reg,True,reg_repair,adb790e984f75eebcaed488b366c5623031da06268c97624997686df3a22d636,232,0.9877365231513977,0.9991263747215271,0.012263476848602295,0, Yes,
amouyal:39:attachment,amouyal,NPZ,non_gp,lingering,No,,,,0,77,set_19,nonGP_prob,GP_question,prob,not annotated upstream,the baboon,,True,attachment,amouyal:39,reg,True,reg_repair,3baa3b79176f7626c7438cd888acba38115144a003d1c32d8a47cb08c45fd3d4,246,0.0018894191598519683,0.999868631362915,0.998110580840148,1, No,148f5e3d3f654dd65fa4f94df923039cb1abd230616e0bdd1c05343519054b36
amouyal:40,amouyal,NPZ,gp,simple,Yes,,,,0,80,set_20,GP_prob,simple_question,prob,not annotated upstream,the picture,,True,event,amouyal:40,reg,True,reg_repair,58990875e4e5dd1d2ac6199a99aac4b55fbd072fa454d404002c223a51f22c31,229,0.9997835755348206,0.9996568560600281,0.9997835755348206,1, Yes,
amouyal:40:attachment,amouyal,NPZ,gp,simple,Yes,,,,0,80,set_20,GP_prob,simple_question,prob,not annotated upstream,the picture,,True,attachment,amouyal:40,reg,True,reg_repair,64e2889c2bc0cb7db631825812bd992bd6190879e636e959098f4c759bbbd487,241,6.287028372753412e-05,0.9999854564666748,6.287028372753412e-05,0, No,3ccbdfcd12fa9143f37f0eac3c3189a0f0e220ff27dd3339beb1e849b5d55be8
amouyal:41,amouyal,NPZ,gp,lingering,No,,,,0,81,set_20,GP_prob,GP_question,prob,not annotated upstream,the picture,,True,event,amouyal:41,reg,True,reg_repair,128d8fa5bbe948e516f1ea30266f64623b4d6f717bb72eb79607558ac2577d32,230,0.8102450370788574,0.9992905855178833,0.18975496292114258,0, Yes,
amouyal:41:attachment,amouyal,NPZ,gp,lingering,No,,,,0,81,set_20,GP_prob,GP_question,prob,not annotated upstream,the picture,,True,attachment,amouyal:41,reg,True,reg_repair,403531691320291b86ba885a8c51f10a2460088592f23a0cc793daa51b565c06,244,0.3322596251964569,0.9995368719100952,0.6677403748035431,1, No,441172e030bd6d0f6c4642102cb83ed887fb7f119c1bf0d5448394bcb8fa9283
amouyal:42,amouyal,NPZ,non_gp,simple,Yes,,,,0,84,set_20,nonGP_prob,simple_question,prob,not annotated upstream,the picture,,True,event,amouyal:42,reg,True,reg_repair,35ea8960901aef036407c610da2ac32b5561fa57b80f6e779501763be7831fb0,229,0.9999793767929077,0.9994946718215942,0.9999793767929077,1, Yes,
amouyal:42:attachment,amouyal,NPZ,non_gp,simple,Yes,,,,0,84,set_20,nonGP_prob,simple_question,prob,not annotated upstream,the picture,,True,attachment,amouyal:42,reg,True,reg_repair,9c5bb86c8b6ddd3c8fcb73eb08213b375612fd9ac9f357036a218c465ad6f6b0,241,0.9949630498886108,0.9992721080780029,0.9949630498886108,1, Yes,3ccbdfcd12fa9143f37f0eac3c3189a0f0e220ff27dd3339beb1e849b5d55be8
amouyal:43,amouyal,NPZ,non_gp,lingering,No,,,,0,85,set_20,nonGP_prob,GP_question,prob,not annotated upstream,the picture,,True,event,amouyal:43,reg,True,reg_repair,3f4142a8742f3a8d4e4c6da382ecc1630b7656f4ea5f3608811e0dd3ce418116,230,1.4409549109473119e-08,0.9999671578407288,0.9999999855904509,1, No,
amouyal:43:attachment,amouyal,NPZ,non_gp,lingering,No,,,,0,85,set_20,nonGP_prob,GP_question,prob,not annotated upstream,the picture,,True,attachment,amouyal:43,reg,True,reg_repair,541242256d82dfda5d16268044c7d3bbc697a12b91b6837a22dc1cdca5230851,244,0.008184890262782574,0.9998806715011597,0.9918151097372174,1, No,441172e030bd6d0f6c4642102cb83ed887fb7f119c1bf0d5448394bcb8fa9283
amouyal:44,amouyal,NPZ,gp,simple,Yes,,,,0,88,set_21,GP_prob,simple_question,prob,not annotated upstream,the children,,True,event,amouyal:44,reg,True,reg_repair,e4969658ca94f8a9470025ef0e204c7c9712a3ae25ea7bf47b6771c90aeedbb7,230,0.9986608028411865,0.9996094107627869,0.9986608028411865,1, Yes,
amouyal:44:attachment,amouyal,NPZ,gp,simple,Yes,,,,0,88,set_21,GP_prob,simple_question,prob,not annotated upstream,the children,,True,attachment,amouyal:44,reg,True,reg_repair,1a84b1186798e59ef93f8154964e279e693a09a473fac393263f38715e093e6e,241,1.6951447832980193e-05,0.999980092048645,1.6951447832980193e-05,0, No,c79abff6bf24fdf18fdf13678dd88400e48d3683d1615933a0116be2e9041710
amouyal:45,amouyal,NPZ,gp,lingering,No,,,,0,89,set_21,GP_prob,GP_question,prob,not annotated upstream,the children,,True,event,amouyal:45,reg,True,reg_repair,40baa609f87b1f78bdb4ca45679eeac076b213bbe899188e9731f1b2c90124df,230,0.0007739307475276291,0.9999325275421143,0.9992260692524724,1, No,
amouyal:45:attachment,amouyal,NPZ,gp,lingering,No,,,,0,89,set_21,GP_prob,GP_question,prob,not annotated upstream,the children,,True,attachment,amouyal:45,reg,True,reg_repair,0c19b194807fc4c100d1e3dde6ffa0c8f9022bb3b663c45b15c50daafbaac885,244,0.011813909746706486,0.999825656414032,0.9881860902532935,1, No,2d3bb4e208cd68665a0e5f89a2bd84935735d0a2a13642db957ec20020775b1f
amouyal:46,amouyal,NPZ,non_gp,simple,Yes,,,,0,92,set_21,nonGP_prob,simple_question,prob,not annotated upstream,the children,,True,event,amouyal:46,reg,True,reg_repair,3e26061bc458cbe79ae61121210f5aca33671b5c49b9e736f2abce1908e40382,230,0.9999978542327881,0.9994436502456665,0.9999978542327881,1, Yes,
amouyal:46:attachment,amouyal,NPZ,non_gp,simple,Yes,,,,0,92,set_21,nonGP_prob,simple_question,prob,not annotated upstream,the children,,True,attachment,amouyal:46,reg,True,reg_repair,bc1a8422e84b234ff1923d73d3e5947cef2aeb82a6542ff9b539e87e89e44d5e,241,0.9999852180480957,0.9975449442863464,0.9999852180480957,1, Yes,c79abff6bf24fdf18fdf13678dd88400e48d3683d1615933a0116be2e9041710
amouyal:47,amouyal,NPZ,non_gp,lingering,No,,,,0,93,set_21,nonGP_prob,GP_question,prob,not annotated upstream,the children,,True,event,amouyal:47,reg,True,reg_repair,51546b828e1b70a13c64cf4314b8eaceaf810b98e39878f67047657b5643c751,230,0.978547990322113,0.9990850687026978,0.021452009677886963,0, Yes,
amouyal:47:attachment,amouyal,NPZ,non_gp,lingering,No,,,,0,93,set_21,nonGP_prob,GP_question,prob,not annotated upstream,the children,,True,attachment,amouyal:47,reg,True,reg_repair,47af3dd23216abab654db78f55040e4fefc336ab2930ac0b5e5ebd6ccf2be109,244,0.000622368126641959,0.9998694062232971,0.999377631873358,1, No,2d3bb4e208cd68665a0e5f89a2bd84935735d0a2a13642db957ec20020775b1f
amouyal:48,amouyal,NPZ,gp,simple,Yes,,,,0,96,set_22,GP_prob,simple_question,prob,not annotated upstream,the challenger,,True,event,amouyal:48,reg,True,reg_repair,2ad96f09a041b9146f953012f198432baf885eebdc6ee52677ff435b067c8892,230,0.9999925494194031,0.9992355108261108,0.9999925494194031,1, Yes,
amouyal:48:attachment,amouyal,NPZ,gp,simple,Yes,,,,0,96,set_22,GP_prob,simple_question,prob,not annotated upstream,the challenger,,True,attachment,amouyal:48,reg,True,reg_repair,0e89381da2a5993915401f21d3563ceec74e76e573f7fc7309f8c1d1a6b03788,241,0.0001385144132655114,0.9999558925628662,0.0001385144132655114,0, No,7851dbb383f1f2799fc7d6840131ede690e84321801b9d37fbd559810e65607f
amouyal:49,amouyal,NPZ,gp,lingering,No,,,,0,97,set_22,GP_prob,GP_question,prob,not annotated upstream,the challenger,,True,event,amouyal:49,reg,True,reg_repair,05fd76bbbd3c45803ec6c71dd5bf3467b195d2f580f05fb23cdc1a5bb8354231,230,0.9994857311248779,0.9995704293251038,0.0005142688751220703,0, Yes,
amouyal:49:attachment,amouyal,NPZ,gp,lingering,No,,,,0,97,set_22,GP_prob,GP_question,prob,not annotated upstream,the challenger,,True,attachment,amouyal:49,reg,True,reg_repair,6dca72fffffd25402879bf5f07708b04f865bbb1603792a1dc626f2fde0e5fce,244,0.7103937864303589,0.998995304107666,0.2896062135696411,0, Yes,8f367e01a67c064d6442e23808a8ea685902508ec5c7b7a1caa9b99d78dbab0b
amouyal:50,amouyal,NPZ,non_gp,simple,Yes,,,,0,100,set_22,nonGP_prob,simple_question,prob,not annotated upstream,the challenger,,True,event,amouyal:50,reg,True,reg_repair,b268d9b718fca1e1c78f8afb2787624a2bdc66ca26d565744bdba3ca1fa72dcb,230,0.9999708533287048,0.9991143345832825,0.9999708533287048,1, Yes,
amouyal:50:attachment,amouyal,NPZ,non_gp,simple,Yes,,,,0,100,set_22,nonGP_prob,simple_question,prob,not annotated upstream,the challenger,,True,attachment,amouyal:50,reg,True,reg_repair,72cc9004a0f60b0692e03afda5044529bca16e4aabda52d2e1d2bfbc5cbbd485,241,0.9961476922035217,0.9984150528907776,0.9961476922035217,1, Yes,7851dbb383f1f2799fc7d6840131ede690e84321801b9d37fbd559810e65607f
amouyal:51,amouyal,NPZ,non_gp,lingering,No,,,,0,101,set_22,nonGP_prob,GP_question,prob,not annotated upstream,the challenger,,True,event,amouyal:51,reg,True,reg_repair,b99709d3ce5b4989897e2d0842c4d141a6960b1bf46a6b343c07438c3910d1c8,230,3.358626372573781e-07,0.9999697804450989,0.9999996641373627,1, No,
amouyal:51:attachment,amouyal,NPZ,non_gp,lingering,No,,,,0,101,set_22,nonGP_prob,GP_question,prob,not annotated upstream,the challenger,,True,attachment,amouyal:51,reg,True,reg_repair,0f3b273277e2fece076b14defd2be7478bd1ecf0d5aee9550faa448739594bb4,244,5.5424687161576e-05,0.9999510049819946,0.9999445753128384,1, No,8f367e01a67c064d6442e23808a8ea685902508ec5c7b7a1caa9b99d78dbab0b
amouyal:52,amouyal,NPZ,gp,simple,Yes,,,,0,104,set_23,GP_prob,simple_question,prob,not annotated upstream,the violin,,True,event,amouyal:52,reg,True,reg_repair,86c9bbad6a9a4312f26508e0cea6b0d9d915be891702dce4dad104a28a784807,231,0.9992209076881409,0.9996002912521362,0.9992209076881409,1, Yes,
amouyal:52:attachment,amouyal,NPZ,gp,simple,Yes,,,,0,104,set_23,GP_prob,simple_question,prob,not annotated upstream,the violin,,True,attachment,amouyal:52,reg,True,reg_repair,819cbdb977582480c41301c0fe5c2e9a3ee08ea678015442d7b9c451abad6451,241,9.835704986471683e-05,0.9999776482582092,9.835704986471683e-05,0, No,bea1a6488520da71d80935e6fbbcf0d48b60464bc9ddd0c3300d1677439f4ccf
amouyal:53,amouyal,NPZ,gp,lingering,No,,,,0,105,set_23,GP_prob,GP_question,prob,not annotated upstream,the violin,,True,event,amouyal:53,reg,True,reg_repair,e1abd288e52d98eb61e078f82b949b27a745612d0fef947e808ac2a01707deb6,229,0.9540521502494812,0.9993314146995544,0.0459478497505188,0, Yes,
amouyal:53:attachment,amouyal,NPZ,gp,lingering,No,,,,0,105,set_23,GP_prob,GP_question,prob,not annotated upstream,the violin,,True,attachment,amouyal:53,reg,True,reg_repair,b2aebc01977a56dc79683ce5a2c2b32c6ee06f1fdad6b5865336fceb611c0958,244,0.15520009398460388,0.9996369481086731,0.8447999060153961,1, No,3abfaefc8ffb6f88d3638629053b544c54add1abf9a414375a86d8aef84beb0b
amouyal:54,amouyal,NPZ,non_gp,simple,Yes,,,,0,108,set_23,nonGP_prob,simple_question,prob,not annotated upstream,the violin,,True,event,amouyal:54,reg,True,reg_repair,7660b0535f1e17f3f190f129342632742ffc89d9bc3b07603981b7dedabc1862,232,0.9999920725822449,0.9996629953384399,0.9999920725822449,1, Yes,
amouyal:54:attachment,amouyal,NPZ,non_gp,simple,Yes,,,,0,108,set_23,nonGP_prob,simple_question,prob,not annotated upstream,the violin,,True,attachment,amouyal:54,reg,True,reg_repair,265ddf0a3f9c5e02c09e65c1b18c6a914f60180c8952506a3c78cd8ed6bbfee0,242,0.9999696612358093,0.9986932277679443,0.9999696612358093,1, Yes,bea1a6488520da71d80935e6fbbcf0d48b60464bc9ddd0c3300d1677439f4ccf
amouyal:55,amouyal,NPZ,non_gp,lingering,No,,,,0,109,set_23,nonGP_prob,GP_question,prob,not annotated upstream,the violin,,True,event,amouyal:55,reg,True,reg_repair,5d8e3832ee1c9b264a442a9ef07b0e2529a45ee89f611619ce5c3ac99506d668,230,0.999983012676239,0.999584436416626,1.6987323760986328e-05,0, Yes,
amouyal:55:attachment,amouyal,NPZ,non_gp,lingering,No,,,,0,109,set_23,nonGP_prob,GP_question,prob,not annotated upstream,the violin,,True,attachment,amouyal:55,reg,True,reg_repair,9bc81032fb6cf40a0ae4e79489e433048e4e32ff33164f93d0d672f72f658794,245,0.17388099431991577,0.99950110912323,0.8261190056800842,1, No,3abfaefc8ffb6f88d3638629053b544c54add1abf9a414375a86d8aef84beb0b
amouyal:56,amouyal,NPZ,gp,simple,Yes,,,,0,112,set_24,GP_prob,simple_question,prob,not annotated upstream,the rainbow,,True,event,amouyal:56,reg,True,reg_repair,ab36a4a716b0ac29ecc1a8b8e7a77938abd05d6b36772ea4d281255f7adf8b80,230,0.9753658175468445,0.9995861649513245,0.9753658175468445,1, Yes,
amouyal:56:attachment,amouyal,NPZ,gp,simple,Yes,,,,0,112,set_24,GP_prob,simple_question,prob,not annotated upstream,the rainbow,,True,attachment,amouyal:56,reg,True,reg_repair,2a8e7ebc5235d2d99d85476e4ef553ca5320c878545cd1fb225f3f59ce712792,241,5.914867415413028e-06,0.9999880790710449,5.914867415413028e-06,0, No,c1d1ec40286f9dc09ff4dcd806f07a79e097e938d8c120063e781141af03165a
amouyal:57,amouyal,NPZ,gp,lingering,No,,,,0,113,set_24,GP_prob,GP_question,prob,not annotated upstream,the rainbow,,True,event,amouyal:57,reg,True,reg_repair,60607227004e23f7dd602f4ad547f8f569156ae5738e23a39997f78ab16c8ac2,230,0.14958016574382782,0.9996814131736755,0.8504198342561722,1, No,
amouyal:57:attachment,amouyal,NPZ,gp,lingering,No,,,,0,113,set_24,GP_prob,GP_question,prob,not annotated upstream,the rainbow,,True,attachment,amouyal:57,reg,True,reg_repair,e3b93f18f6a539b341785e01d1b9e85c10e68fa9a9a02e80dde3685a7b6df643,244,0.029572080820798874,0.9998490810394287,0.9704279191792011,1, No,59a22c5d86ac5e64722c1df102105aee6a42ba436ec7d0cb81272a8d5f55b01b
amouyal:58,amouyal,NPZ,non_gp,simple,Yes,,,,0,116,set_24,nonGP_prob,simple_question,prob,not annotated upstream,the rainbow,,True,event,amouyal:58,reg,True,reg_repair,e5d2d5af520fb09ccf5c2f16afd5cab3f0281b8507e5fbd878d76294dc2ea251,230,0.9999166131019592,0.9991878867149353,0.9999166131019592,1, Yes,
amouyal:58:attachment,amouyal,NPZ,non_gp,simple,Yes,,,,0,116,set_24,nonGP_prob,simple_question,prob,not annotated upstream,the rainbow,,True,attachment,amouyal:58,reg,True,reg_repair,c1677a1b3355128344bf130d7c06a05dd5090f46e71eaa1732f2c76e3749ead2,241,0.3676125407218933,0.9993717670440674,0.3676125407218933,0, No,c1d1ec40286f9dc09ff4dcd806f07a79e097e938d8c120063e781141af03165a
amouyal:59,amouyal,NPZ,non_gp,lingering,No,,,,0,117,set_24,nonGP_prob,GP_question,prob,not annotated upstream,the rainbow,,True,event,amouyal:59,reg,True,reg_repair,8797a4ced87ef50c97153fc349f13ab050077c8b9b8a7d26ea6739d31002e72f,230,3.9042042487835715e-08,0.999984622001648,0.9999999609579575,1, No,
amouyal:59:attachment,amouyal,NPZ,non_gp,lingering,No,,,,0,117,set_24,nonGP_prob,GP_question,prob,not annotated upstream,the rainbow,,True,attachment,amouyal:59,reg,True,reg_repair,2e147b2cb3eef7d372f251dc738c5c2105f92bd9ab4ce49873ecd4c9e0ad8d14,244,0.00026547169545665383,0.9999463558197021,0.9997345283045433,1, No,59a22c5d86ac5e64722c1df102105aee6a42ba436ec7d0cb81272a8d5f55b01b
amouyal:60,amouyal,NPZ,gp,simple,Yes,,,,0,120,set_25,GP_prob,simple_question,prob,not annotated upstream,the van,,True,event,amouyal:60,reg,True,reg_repair,a923327bd5a8732302cec46a30f7fa87047aeb4aab7acf26cedf46f08211a666,230,0.9999567866325378,0.9997746348381042,0.9999567866325378,1, Yes,
amouyal:60:attachment,amouyal,NPZ,gp,simple,Yes,,,,0,120,set_25,GP_prob,simple_question,prob,not annotated upstream,the van,,True,attachment,amouyal:60,reg,True,reg_repair,6dfbd1cbe7ed070a55b97bb1ca2c40e0d7d719bfb01205fc663f9ea4922779d4,241,0.12386045604944229,0.9998217225074768,0.12386045604944229,0, No,f93b1741f480c25336727fa530cd617157eda19db1a3822020c8fe6919a4169b
amouyal:61,amouyal,NPZ,gp,lingering,No,,,,0,121,set_25,GP_prob,GP_question,prob,not annotated upstream,the van,,True,event,amouyal:61,reg,True,reg_repair,bb608dee0b9af321df425f6065a1fee6093a1d514dc1a0f3459a7c6b05ddadca,230,0.9989334344863892,0.9996041655540466,0.0010665655136108398,0, Yes,
amouyal:61:attachment,amouyal,NPZ,gp,lingering,No,,,,0,121,set_25,GP_prob,GP_question,prob,not annotated upstream,the van,,True,attachment,amouyal:61,reg,True,reg_repair,d0dde77a8d598edac6cd4c56a4b813e6994369cc21f8b8b3daf0fe646aaee8e3,244,0.6385471820831299,0.9995310306549072,0.3614528179168701,0, Yes,de7e8f39adea3de250e903fb3e590f3f68ea1089b09a4825893a95faa319da40
amouyal:62,amouyal,NPZ,non_gp,simple,Yes,,,,0,124,set_25,nonGP_prob,simple_question,prob,not annotated upstream,the van,,True,event,amouyal:62,reg,True,reg_repair,ef9f903664f487b2f7ad964a03d123b3a5923f2c4059369ce6ba2cad152454a7,230,0.9999741315841675,0.9996716380119324,0.9999741315841675,1, Yes,
amouyal:62:attachment,amouyal,NPZ,non_gp,simple,Yes,,,,0,124,set_25,nonGP_prob,simple_question,prob,not annotated upstream,the van,,True,attachment,amouyal:62,reg,True,reg_repair,09d2c23de278b186c3ab70cab75fd987e65b665fba29e90adb2088dbd7a49caa,241,0.9973179697990417,0.9993276596069336,0.9973179697990417,1, Yes,f93b1741f480c25336727fa530cd617157eda19db1a3822020c8fe6919a4169b
amouyal:63,amouyal,NPZ,non_gp,lingering,No,,,,0,125,set_25,nonGP_prob,GP_question,prob,not annotated upstream,the van,,True,event,amouyal:63,reg,True,reg_repair,7b55e37fd8b5993d5a385c99f41a2d38b7f26d0e6f32be3b2fbdf855280cb1d1,230,0.9986429214477539,0.9995675086975098,0.0013570785522460938,0, Yes,
amouyal:63:attachment,amouyal,NPZ,non_gp,lingering,No,,,,0,125,set_25,nonGP_prob,GP_question,prob,not annotated upstream,the van,,True,attachment,amouyal:63,reg,True,reg_repair,72312986183e5c7a03baf342e733af547c345ecf4d1cbca2dcd183d233d84942,244,0.10413121432065964,0.9997079968452454,0.8958687856793404,1, No,de7e8f39adea3de250e903fb3e590f3f68ea1089b09a4825893a95faa319da40
amouyal:64,amouyal,NPZ,gp,simple,Yes,,,,0,128,set_26,GP_prob,simple_question,prob,not annotated upstream,the dog,,True,event,amouyal:64,reg,True,reg_repair,214cbfba6d1f6d5e5ab05330764ed5d44edd66932d712cf395206d3b24a7a468,231,0.99937903881073,0.9993197917938232,0.99937903881073,1, Yes,
amouyal:64:attachment,amouyal,NPZ,gp,simple,Yes,,,,0,128,set_26,GP_prob,simple_question,prob,not annotated upstream,the dog,,True,attachment,amouyal:64,reg,True,reg_repair,d30d4c7ff86430c16589cafd6e1c8de272ec8ad3ab2d50ee32f1a14a8c006652,241,1.778728073986713e-05,0.999980092048645,1.778728073986713e-05,0, No,569c848c9106db4be58942a3f7449615861d703b63c040ecd54b180f9f6dced7
amouyal:65,amouyal,NPZ,gp,lingering,No,,,,0,129,set_26,GP_prob,GP_question,prob,not annotated upstream,the dog,,True,event,amouyal:65,reg,True,reg_repair,5edaf2306048b409988e9c65346e053bdacd7e03c531508fc1251cbdf22de418,229,1.5951050045259763e-06,0.9999497532844543,0.9999984048949955,1, No,
amouyal:65:attachment,amouyal,NPZ,gp,lingering,No,,,,0,129,set_26,GP_prob,GP_question,prob,not annotated upstream,the dog,,True,attachment,amouyal:65,reg,True,reg_repair,c7e24ea6cd23dafbe21f476f015a3b53ab64d869d48476ad34fb4baaede9e03c,244,0.02057703398168087,0.9998275637626648,0.9794229660183191,1, No,c7c0720618c619f1c5a4312bf7a8ba621df2a4379443d1dd2c7a5604cd4f0dc4
amouyal:66,amouyal,NPZ,non_gp,simple,Yes,,,,0,132,set_26,nonGP_prob,simple_question,prob,not annotated upstream,the dog,,True,event,amouyal:66,reg,True,reg_repair,251680a28adb13be64108f5cdca3c67209b01f1f2235713166c2ed0db83e9b74,231,0.9999887347221375,0.9991655349731445,0.9999887347221375,1, Yes,
amouyal:66:attachment,amouyal,NPZ,non_gp,simple,Yes,,,,0,132,set_26,nonGP_prob,simple_question,prob,not annotated upstream,the dog,,True,attachment,amouyal:66,reg,True,reg_repair,d7153c6a0880ec66d8d4eba2e8fefd646177a1eb55bc90e612f1bd1f3f6bd258,241,0.999794065952301,0.998469352722168,0.999794065952301,1, Yes,569c848c9106db4be58942a3f7449615861d703b63c040ecd54b180f9f6dced7
amouyal:67,amouyal,NPZ,non_gp,lingering,No,,,,0,133,set_26,nonGP_prob,GP_question,prob,not annotated upstream,the dog,,True,event,amouyal:67,reg,True,reg_repair,5aa6a0815412c3805a97c9dba8183d491de2630853368ffe8a2dca3454757a0c,229,1.7866862503379544e-11,0.9999538064002991,0.9999999999821332,1, No,
amouyal:67:attachment,amouyal,NPZ,non_gp,lingering,No,,,,0,133,set_26,nonGP_prob,GP_question,prob,not annotated upstream,the dog,,True,attachment,amouyal:67,reg,True,reg_repair,e7501e8f082bf65ed182551c6fc6d03e8204bac7f5127d54abbd4d721dabac7c,244,8.765884558670223e-05,0.9999414682388306,0.9999123411544133,1, No,c7c0720618c619f1c5a4312bf7a8ba621df2a4379443d1dd2c7a5604cd4f0dc4
amouyal:68,amouyal,NPZ,gp,simple,Yes,,,,0,136,set_27,GP_prob,simple_question,prob,not annotated upstream,the pipe,,True,event,amouyal:68,reg,True,reg_repair,d44cd65742d5e4d0b633f74e169b54eea93728a5e62bb9b79613b83d714b0e02,229,0.9999794363975525,0.9995341897010803,0.9999794363975525,1, Yes,
amouyal:68:attachment,amouyal,NPZ,gp,simple,Yes,,,,0,136,set_27,GP_prob,simple_question,prob,not annotated upstream,the pipe,,True,attachment,amouyal:68,reg,True,reg_repair,a34a92784c88212763f0f2f4ab67e68ca9c23af6f0dac743d60f853e82fd671e,241,0.0002946205495391041,0.9999685883522034,0.0002946205495391041,0, No,3112300644488fd2e6b1656428178e4d2e916ae1f241c381a07772dabc3ab949
amouyal:69,amouyal,NPZ,gp,lingering,No,,,,0,137,set_27,GP_prob,GP_question,prob,not annotated upstream,the pipe,,True,event,amouyal:69,reg,True,reg_repair,266c93e048f1bbe1c6013a1b08f0f77a18270be0eff158c0a61ed49541cebce2,230,0.9993146061897278,0.9994450211524963,0.0006853938102722168,0, Yes,
amouyal:69:attachment,amouyal,NPZ,gp,lingering,No,,,,0,137,set_27,GP_prob,GP_question,prob,not annotated upstream,the pipe,,True,attachment,amouyal:69,reg,True,reg_repair,9f7ccf5b95e12d683cfbb4a5fa3e5dc6a8075b8412324662bc30558a5c8a7c0b,244,0.9644814729690552,0.9993438720703125,0.035518527030944824,0, Yes,21fc219220c3ebef1aca87d2a18752ee930ddbc9b5c320fcd01344cc47b71b15
amouyal:70,amouyal,NPZ,non_gp,simple,Yes,,,,0,140,set_27,nonGP_prob,simple_question,prob,not annotated upstream,the pipe,,True,event,amouyal:70,reg,True,reg_repair,77212160088edd3533141f82224f361e9d0cf469e4613faf8c14ad219c227bc4,229,0.9999850392341614,0.9993460178375244,0.9999850392341614,1, Yes,
amouyal:70:attachment,amouyal,NPZ,non_gp,simple,Yes,,,,0,140,set_27,nonGP_prob,simple_question,prob,not annotated upstream,the pipe,,True,attachment,amouyal:70,reg,True,reg_repair,7d6e11ef0e738ae7df9989bbf8b319ec87af4570f24db54ea128c2dea4439990,241,0.9962489008903503,0.9991716146469116,0.9962489008903503,1, Yes,3112300644488fd2e6b1656428178e4d2e916ae1f241c381a07772dabc3ab949
amouyal:71,amouyal,NPZ,non_gp,lingering,No,,,,0,141,set_27,nonGP_prob,GP_question,prob,not annotated upstream,the pipe,,True,event,amouyal:71,reg,True,reg_repair,b727a6c6b19278d1497ab779f931600b5d215d5414640b5653a99ab6927d0ee2,230,0.06944345682859421,0.9968204498291016,0.9305565431714058,1, No,
amouyal:71:attachment,amouyal,NPZ,non_gp,lingering,No,,,,0,141,set_27,nonGP_prob,GP_question,prob,not annotated upstream,the pipe,,True,attachment,amouyal:71,reg,True,reg_repair,196d577ed7f49c30503f39b75bf02c7d96781ef12ad545b40fecdae18e228f5c,244,0.008704569190740585,0.9998635053634644,0.9912954308092594,1, No,21fc219220c3ebef1aca87d2a18752ee930ddbc9b5c320fcd01344cc47b71b15
amouyal:72,amouyal,NPZ,gp,simple,Yes,,,,0,144,set_28,GP_prob,simple_question,prob,not annotated upstream,the dancer,,True,event,amouyal:72,reg,True,reg_repair,ce434ab21af8cfb20e6deaf474c5a662e86925a299ab4fc346292bb009a2f88f,230,0.9992402791976929,0.9994323253631592,0.9992402791976929,1, Yes,
amouyal:72:attachment,amouyal,NPZ,gp,simple,Yes,,,,0,144,set_28,GP_prob,simple_question,prob,not annotated upstream,the dancer,,True,attachment,amouyal:72,reg,True,reg_repair,327b2ddd0af46764839dbd55102540e60ef641b28727b6627879c97b8e50fe1c,241,0.0004410227411426604,0.9999545216560364,0.0004410227411426604,0, No,3d89a24ab8fe8348e8431fa2066f8b5bc0d948c9e19b0495316e270873406d96
amouyal:73,amouyal,NPZ,gp,lingering,No,,,,0,145,set_28,GP_prob,GP_question,prob,not annotated upstream,the dancer,,True,event,amouyal:73,reg,True,reg_repair,1c4ad264c6f5b7ee56974c1dbefd6f68e809063b0c2d4aa149331e4da93835ad,230,0.00966245774179697,0.9993636608123779,0.990337542258203,1, No,
amouyal:73:attachment,amouyal,NPZ,gp,lingering,No,,,,0,145,set_28,GP_prob,GP_question,prob,not annotated upstream,the dancer,,True,attachment,amouyal:73,reg,True,reg_repair,1940fc1cbe79fc7f7ae04b0cab849fe71eceab30def3dccd924de53016849ecb,244,0.06906800717115402,0.9996265769004822,0.930931992828846,1, No,c6cbaa178ae4c6c3a19f756fd7bcfa760b94db5dd685d05f494a82ffe1ee8f15
amouyal:74,amouyal,NPZ,non_gp,simple,Yes,,,,0,148,set_28,nonGP_prob,simple_question,prob,not annotated upstream,the dancer,,True,event,amouyal:74,reg,True,reg_repair,1ba954384eaf6f16a94a3366d2ec9f5487c829368ab139a3ee3050da26714c9b,230,0.9999843835830688,0.9993811249732971,0.9999843835830688,1, Yes,
amouyal:74:attachment,amouyal,NPZ,non_gp,simple,Yes,,,,0,148,set_28,nonGP_prob,simple_question,prob,not annotated upstream,the dancer,,True,attachment,amouyal:74,reg,True,reg_repair,5dc406dfec0deb497aecd90bbbe1f961ab464f91633b8a281346151f9f9a3919,241,0.9999687671661377,0.9976787567138672,0.9999687671661377,1, Yes,3d89a24ab8fe8348e8431fa2066f8b5bc0d948c9e19b0495316e270873406d96
amouyal:75,amouyal,NPZ,non_gp,lingering,No,,,,0,149,set_28,nonGP_prob,GP_question,prob,not annotated upstream,the dancer,,True,event,amouyal:75,reg,True,reg_repair,bcb458354509657da81c8303f81209a0f47af552f18cd58d4f258c2ff6b824bf,230,0.001726631191559136,0.9998555183410645,0.9982733688084409,1, No,
amouyal:75:attachment,amouyal,NPZ,non_gp,lingering,No,,,,0,149,set_28,nonGP_prob,GP_question,prob,not annotated upstream,the dancer,,True,attachment,amouyal:75,reg,True,reg_repair,994af39a91f74d810312f7e28aeae3b019a91888c2b59b4d0fb95388ea8ce3a7,244,1.4620338333770633e-05,0.9999635815620422,0.9999853796616662,1, No,c6cbaa178ae4c6c3a19f756fd7bcfa760b94db5dd685d05f494a82ffe1ee8f15
amouyal:76,amouyal,NPZ,gp,simple,Yes,,,,0,152,set_29,GP_prob,simple_question,prob,not annotated upstream,the opponent,,True,event,amouyal:76,reg,True,reg_repair,d7d593d0c5f46af388d5a0394241071c19f0a82165b992419c1a3e5aaf2ebc48,229,0.999947726726532,0.9997386336326599,0.999947726726532,1, Yes,
amouyal:76:attachment,amouyal,NPZ,gp,simple,Yes,,,,0,152,set_29,GP_prob,simple_question,prob,not annotated upstream,the opponent,,True,attachment,amouyal:76,reg,True,reg_repair,408b9ca8fd7f901c2c19662e73de8b02d99becc25920b989a19a90651f7cb4e4,241,9.172945851787517e-07,0.999984860420227,9.172945851787517e-07,0, No,debc57787e129658b8442c2136d87166eba83c4451f37dcf8bebc5aca594a803
amouyal:77,amouyal,NPZ,gp,lingering,No,,,,0,153,set_29,GP_prob,GP_question,prob,not annotated upstream,the opponent,,True,event,amouyal:77,reg,True,reg_repair,59961a02a18d3b82081d459b4a101a271589cf2fc2be484cf1a7bfdcfb8e64fd,231,0.9948427677154541,0.9995521903038025,0.0051572322845458984,0, Yes,
amouyal:77:attachment,amouyal,NPZ,gp,lingering,No,,,,0,153,set_29,GP_prob,GP_question,prob,not annotated upstream,the opponent,,True,attachment,amouyal:77,reg,True,reg_repair,9eae0143f407766686d457fc23ecff870e9c04864cd48f95a642a4db174ecfb8,244,0.28795674443244934,0.9995698928833008,0.7120432555675507,1, No,303a41ab2e9cfe7baea104af739a035489b3f5a7c08404577451b0ebb8726dee
amouyal:78,amouyal,NPZ,non_gp,simple,Yes,,,,0,156,set_29,nonGP_prob,simple_question,prob,not annotated upstream,the opponent,,True,event,amouyal:78,reg,True,reg_repair,aea2645c2ff7bc4bf25cdf492ad6ddea61db1e0fcd7297cd7e03c4c1674f95a2,229,0.9999871253967285,0.9994173049926758,0.9999871253967285,1, Yes,
amouyal:78:attachment,amouyal,NPZ,non_gp,simple,Yes,,,,0,156,set_29,nonGP_prob,simple_question,prob,not annotated upstream,the opponent,,True,attachment,amouyal:78,reg,True,reg_repair,83171c44fda473b0e839e6ceac0615445c5cf38419af3256455a136d022fff17,241,0.9940274357795715,0.9986465573310852,0.9940274357795715,1, Yes,debc57787e129658b8442c2136d87166eba83c4451f37dcf8bebc5aca594a803
amouyal:79,amouyal,NPZ,non_gp,lingering,No,,,,0,157,set_29,nonGP_prob,GP_question,prob,not annotated upstream,the opponent,,True,event,amouyal:79,reg,True,reg_repair,ae9e90e07c1b2f8208f581d381d12a57d480de30fd27f0147d4bfc37bf520561,231,0.2326880842447281,0.9990074038505554,0.7673119157552719,1, No,
amouyal:79:attachment,amouyal,NPZ,non_gp,lingering,No,,,,0,157,set_29,nonGP_prob,GP_question,prob,not annotated upstream,the opponent,,True,attachment,amouyal:79,reg,True,reg_repair,761bfd2f561379697edaec610c31ed1a13b0c8708bf2719baf5196b39597fd6b,244,0.00043867688509635627,0.9999169707298279,0.9995613231149036,1, No,303a41ab2e9cfe7baea104af739a035489b3f5a7c08404577451b0ebb8726dee
amouyal:80,amouyal,NPZ,gp,simple,Yes,,,,0,160,set_30,GP_prob,simple_question,prob,not annotated upstream,the enemy,,True,event,amouyal:80,reg,True,reg_repair,2fc21b75a7e827e78fe6e431eb9db359029cf99630435a9c9691b6dedae83f3f,226,0.9999841451644897,0.99951171875,0.9999841451644897,1, Yes,
amouyal:80:attachment,amouyal,NPZ,gp,simple,Yes,,,,0,160,set_30,GP_prob,simple_question,prob,not annotated upstream,the enemy,,True,attachment,amouyal:80,reg,True,reg_repair,d43510253be9672b2b9da1f908da09daa5039bde18b3e781ad60dd1ee4717167,239,1.301095835515298e-05,0.9999871850013733,1.301095835515298e-05,0, No,5e4bfe8eb190c287fbef90389674b62a5d37c52bce925fd516b60e73ac8db887
amouyal:81,amouyal,NPZ,gp,lingering,No,,,,0,161,set_30,GP_prob,GP_question,prob,not annotated upstream,the enemy,,True,event,amouyal:81,reg,True,reg_repair,54891a5e7b14245e7e83496f30f2e63d811a00a8caba866789554cda5f336cf4,228,0.9994214177131653,0.9995028376579285,0.0005785822868347168,0, Yes,
amouyal:81:attachment,amouyal,NPZ,gp,lingering,No,,,,0,161,set_30,GP_prob,GP_question,prob,not annotated upstream,the enemy,,True,attachment,amouyal:81,reg,True,reg_repair,0b76a15b0a4b823dd3d2b38e9d72a81c5f1e465d76a911951d24cbd743a545eb,242,0.5658596754074097,0.9993177056312561,0.43414032459259033,0, Yes,34becabc57f53458768c586c60f70a1bd93b4f9372db7fe757ca321a98508f61
amouyal:82,amouyal,NPZ,non_gp,simple,Yes,,,,0,164,set_30,nonGP_prob,simple_question,prob,not annotated upstream,the enemy,,True,event,amouyal:82,reg,True,reg_repair,fd22c39b44617f9fc0bcb422c946102bbf400464bf53a66e06811e3b73cca1f1,226,0.9999967813491821,0.9995014071464539,0.9999967813491821,1, Yes,
amouyal:82:attachment,amouyal,NPZ,non_gp,simple,Yes,,,,0,164,set_30,nonGP_prob,simple_question,prob,not annotated upstream,the enemy,,True,attachment,amouyal:82,reg,True,reg_repair,1778490913819a6d38bb368d1ce94a52e2a3e941000cd9e80c44ef3ff560791c,239,0.9890665411949158,0.9987609386444092,0.9890665411949158,1, Yes,5e4bfe8eb190c287fbef90389674b62a5d37c52bce925fd516b60e73ac8db887
amouyal:83,amouyal,NPZ,non_gp,lingering,No,,,,0,165,set_30,nonGP_prob,GP_question,prob,not annotated upstream,the enemy,,True,event,amouyal:83,reg,True,reg_repair,bacbfb71a3bf3edf13f6dec9fcbb87614a1b4fe8a55937d9acaf603dd961f3a8,228,0.9981445670127869,0.9991984963417053,0.0018554329872131348,0, Yes,
amouyal:83:attachment,amouyal,NPZ,non_gp,lingering,No,,,,0,165,set_30,nonGP_prob,GP_question,prob,not annotated upstream,the enemy,,True,attachment,amouyal:83,reg,True,reg_repair,a6464a69f8b49048615587a13bca75540757f1faa32798256209d31bdc4d2d08,242,0.0072263069450855255,0.9998579621315002,0.9927736930549145,1, No,34becabc57f53458768c586c60f70a1bd93b4f9372db7fe757ca321a98508f61
amouyal:84,amouyal,NPZ,gp,simple,Yes,,,,0,168,set_31,GP_prob,simple_question,prob,not annotated upstream,the steak,,True,event,amouyal:84,reg,True,reg_repair,fa4863a5a8e6e13bf376e1b93bac895d13a229df170398054727ad446cc3d7ad,232,0.999678373336792,0.9997591972351074,0.999678373336792,1, Yes,
amouyal:84:attachment,amouyal,NPZ,gp,simple,Yes,,,,0,168,set_31,GP_prob,simple_question,prob,not annotated upstream,the steak,,True,attachment,amouyal:84,reg,True,reg_repair,7cc94f6d7ef851cd72557efe7b4e002e95bd921083b55bf40526754cbf868dae,242,2.0342040940590778e-08,0.9999938011169434,2.0342040940590778e-08,0, No,10c61f0dee3601a63ec8e54f3d14022ec36584c32d7e98b85327abb5bc07084e
amouyal:85,amouyal,NPZ,gp,lingering,No,,,,0,169,set_31,GP_prob,GP_question,prob,not annotated upstream,the steak,,True,event,amouyal:85,reg,True,reg_repair,07ad6880ccc4ee8bea7193729da356a584d3bc624328529e2d06331d5fc8dec1,230,0.09982333332300186,0.9998058080673218,0.9001766666769981,1, No,
amouyal:85:attachment,amouyal,NPZ,gp,lingering,No,,,,0,169,set_31,GP_prob,GP_question,prob,not annotated upstream,the steak,,True,attachment,amouyal:85,reg,True,reg_repair,ddc39ec864e5fe52d535745e0fbf27c5fc55eeaf8eeac1206b9e58a5e643380d,245,0.01646190881729126,0.9999263286590576,0.9835380911827087,1, No,d5a170025db7e715a63345b9ed6455c7001a55cd848a0978e903d8fd979a9599
amouyal:86,amouyal,NPZ,non_gp,simple,Yes,,,,0,172,set_31,nonGP_prob,simple_question,prob,not annotated upstream,the steak,,True,event,amouyal:86,reg,True,reg_repair,f5db8b1e3cef87bbd7d5d8e94502ef3c13b8bbed9a1fcbc84b72e3d4a738bbc0,232,0.9999850988388062,0.9996757507324219,0.9999850988388062,1, Yes,
amouyal:86:attachment,amouyal,NPZ,non_gp,simple,Yes,,,,0,172,set_31,nonGP_prob,simple_question,prob,not annotated upstream,the steak,,True,attachment,amouyal:86,reg,True,reg_repair,52621f44407b7419fa6febbc72243debf6d18b7b08992b62e5adb362d5e19822,242,0.3931773006916046,0.9995551705360413,0.3931773006916046,0, No,10c61f0dee3601a63ec8e54f3d14022ec36584c32d7e98b85327abb5bc07084e
amouyal:87,amouyal,NPZ,non_gp,lingering,No,,,,0,173,set_31,nonGP_prob,GP_question,prob,not annotated upstream,the steak,,True,event,amouyal:87,reg,True,reg_repair,2f6a47637ce7dfdabdb70c975b3b9ef47c59ca87e7911fa3fc84bc1c68001a17,230,0.726925253868103,0.9997884035110474,0.273074746131897,0, Yes,
amouyal:87:attachment,amouyal,NPZ,non_gp,lingering,No,,,,0,173,set_31,nonGP_prob,GP_question,prob,not annotated upstream,the steak,,True,attachment,amouyal:87,reg,True,reg_repair,be392dac33bfa786ff431b3b54b865c3653a4a0ade691048f4485a15e3c045d5,245,0.23732398450374603,0.999667227268219,0.762676015496254,1, No,d5a170025db7e715a63345b9ed6455c7001a55cd848a0978e903d8fd979a9599
amouyal:88,amouyal,NPZ,gp,simple,Yes,,,,0,176,set_32,GP_prob,simple_question,prob,not annotated upstream,the turkey,,True,event,amouyal:88,reg,True,reg_repair,0d88de063bebbe1d3e2a5ade44dbabebcfe41dcf60bb6448dfa1c64af8ca2356,231,0.9958591461181641,0.9992613196372986,0.9958591461181641,1, Yes,
amouyal:88:attachment,amouyal,NPZ,gp,simple,Yes,,,,0,176,set_32,GP_prob,simple_question,prob,not annotated upstream,the turkey,,True,attachment,amouyal:88,reg,True,reg_repair,d46165662baf090b9933533bffde71a35add1392bf7ad8fbe9935e3b2215f5c9,241,2.6027428248198703e-06,0.9999865293502808,2.6027428248198703e-06,0, No,97c2e53a2068e89663e2969255c629ebfe0239cc68aba6a14696373bb4da1ad1
amouyal:89,amouyal,NPZ,gp,lingering,No,,,,0,177,set_32,GP_prob,GP_question,prob,not annotated upstream,the turkey,,True,event,amouyal:89,reg,True,reg_repair,1cd21a0ce2f0b91ab03c1ebea9a1d247c8554cf0c5b7bc95becffcbaa5600eca,229,0.07144913077354431,0.9995867609977722,0.9285508692264557,1, No,
amouyal:89:attachment,amouyal,NPZ,gp,lingering,No,,,,0,177,set_32,GP_prob,GP_question,prob,not annotated upstream,the turkey,,True,attachment,amouyal:89,reg,True,reg_repair,804afaea6cacc3b2571f07e9d017bb7222dc35c88b0b328f0c3ac507e80b8a5a,244,0.03356429189443588,0.9998469352722168,0.9664357081055641,1, No,33da65c0d6dd1f408a48fab7b4b693d2c1e6046948fc4102bb6e181d2dfcb708
amouyal:90,amouyal,NPZ,non_gp,simple,Yes,,,,0,180,set_32,nonGP_prob,simple_question,prob,not annotated upstream,the turkey,,True,event,amouyal:90,reg,True,reg_repair,ebaa28d7d732ec552fcba0acb75480a25ea84d54a04b773acd02949088392c2b,231,0.9999904036521912,0.9993910193443298,0.9999904036521912,1, Yes,
amouyal:90:attachment,amouyal,NPZ,non_gp,simple,Yes,,,,0,180,set_32,nonGP_prob,simple_question,prob,not annotated upstream,the turkey,,True,attachment,amouyal:90,reg,True,reg_repair,ae404896ba84b79fb150afc17d5e25167f2f0030c76e2496f610d8702ab0e04d,241,0.99949049949646,0.9987576603889465,0.99949049949646,1, Yes,97c2e53a2068e89663e2969255c629ebfe0239cc68aba6a14696373bb4da1ad1
amouyal:91,amouyal,NPZ,non_gp,lingering,No,,,,0,181,set_32,nonGP_prob,GP_question,prob,not annotated upstream,the turkey,,True,event,amouyal:91,reg,True,reg_repair,017d282d75281c2fb5dd155bbecc1dcc43adfd185de76cb3c81c691fe2fd411a,229,1.3213652394483688e-11,0.9999817609786987,0.9999999999867863,1, No,
amouyal:91:attachment,amouyal,NPZ,non_gp,lingering,No,,,,0,181,set_32,nonGP_prob,GP_question,prob,not annotated upstream,the turkey,,True,attachment,amouyal:91,reg,True,reg_repair,43619922129c89035c7942303eaf4ac9f7aaa32933029ae4b57859118701dd48,244,6.433534872485325e-05,0.9999624490737915,0.9999356646512751,1, No,33da65c0d6dd1f408a48fab7b4b693d2c1e6046948fc4102bb6e181d2dfcb708
amouyal:92,amouyal,NPZ,gp,simple,Yes,,,,0,184,set_33,GP_prob,simple_question,prob,not annotated upstream,the bread,,True,event,amouyal:92,reg,True,reg_repair,15e45a656fac640b0cd803fe46ce774ff5cf0106a780931ff11cabe04ede309b,231,0.9992281198501587,0.9998797178268433,0.9992281198501587,1, Yes,
amouyal:92:attachment,amouyal,NPZ,gp,simple,Yes,,,,0,184,set_33,GP_prob,simple_question,prob,not annotated upstream,the bread,,True,attachment,amouyal:92,reg,True,reg_repair,268e2d3d7c275318d35622443aef7abe7968c11f04619c7fc3e659dc8ac412fe,241,8.099314436549321e-05,0.9999818801879883,8.099314436549321e-05,0, No,22b229dac9ecc8a3182be9659f03b6c628709057d26988df3e9b01c3ecd60a8a
amouyal:93,amouyal,NPZ,gp,lingering,No,,,,0,185,set_33,GP_prob,GP_question,prob,not annotated upstream,the bread,,True,event,amouyal:93,reg,True,reg_repair,b44d6e41c72e8999e9ba117d20b97e4bf2be2e9a3c0463db47d4eee0c62817aa,229,0.9761878848075867,0.9996423125267029,0.02381211519241333,0, Yes,
amouyal:93:attachment,amouyal,NPZ,gp,lingering,No,,,,0,185,set_33,GP_prob,GP_question,prob,not annotated upstream,the bread,,True,attachment,amouyal:93,reg,True,reg_repair,7dba1149fc4b794f3a68d3b8b349fa0a9ca4f47a90982d13339f0475d567b1d6,244,0.22396603226661682,0.9996563792228699,0.7760339677333832,1, No,929d238bb75b61083736aa7697276b01873404113c843f23e39b791fe633eacd
amouyal:94,amouyal,NPZ,non_gp,simple,Yes,,,,0,188,set_33,nonGP_prob,simple_question,prob,not annotated upstream,the bread,,True,event,amouyal:94,reg,True,reg_repair,2a4956f1ae393a775a8013ae0285df2c7e9a084d1446396f8d951a29abba16a5,231,0.9999776482582092,0.9997069835662842,0.9999776482582092,1, Yes,
amouyal:94:attachment,amouyal,NPZ,non_gp,simple,Yes,,,,0,188,set_33,nonGP_prob,simple_question,prob,not annotated upstream,the bread,,True,attachment,amouyal:94,reg,True,reg_repair,ef792dd96aa2c8d90a7bb94d4e1d806a2eb993507450a6dc5739aed9ca17de4f,241,0.9939135909080505,0.9992568492889404,0.9939135909080505,1, Yes,22b229dac9ecc8a3182be9659f03b6c628709057d26988df3e9b01c3ecd60a8a
amouyal:95,amouyal,NPZ,non_gp,lingering,No,,,,0,189,set_33,nonGP_prob,GP_question,prob,not annotated upstream,the bread,,True,event,amouyal:95,reg,True,reg_repair,26c23c785906e8f8addbea1a5932572e06783df2d1abc9f3f727527decaba7ae,229,0.999908447265625,0.9996237754821777,9.1552734375e-05,0, Yes,
amouyal:95:attachment,amouyal,NPZ,non_gp,lingering,No,,,,0,189,set_33,nonGP_prob,GP_question,prob,not annotated upstream,the bread,,True,attachment,amouyal:95,reg,True,reg_repair,14c1910219197c69533089eda4930d85e36730c6c7d5a3fa076470af523ea7e5,244,0.7411318421363831,0.9991604685783386,0.25886815786361694,0, Yes,929d238bb75b61083736aa7697276b01873404113c843f23e39b791fe633eacd
amouyal:96,amouyal,NPZ,gp,simple,Yes,,,,0,192,set_34,GP_prob,simple_question,prob,not annotated upstream,the team,,True,event,amouyal:96,reg,True,reg_repair,1c484f14f49f6c97352ff8f4980583f27204b3a484738397c16535936099f5fe,230,0.999019205570221,0.9995299577713013,0.999019205570221,1, Yes,
amouyal:96:attachment,amouyal,NPZ,gp,simple,Yes,,,,0,192,set_34,GP_prob,simple_question,prob,not annotated upstream,the team,,True,attachment,amouyal:96,reg,True,reg_repair,1b3956db5cb84f3cccdcaf2dac04cbbed3ba36973408a4d7309714dae7c80769,241,0.005813207942992449,0.9999343156814575,0.005813207942992449,0, No,595f45192859bc2cc7d019465135e21f4800d01bec7981bb1f9386606d6453c6
amouyal:97,amouyal,NPZ,gp,lingering,No,,,,0,193,set_34,GP_prob,GP_question,prob,not annotated upstream,the team,,True,event,amouyal:97,reg,True,reg_repair,3292d7ea3926603bd426a7e07cc8698bff1b39aab936a83d42dc0c6fed0ae561,230,0.956179678440094,0.9996240139007568,0.043820321559906006,0, Yes,
amouyal:97:attachment,amouyal,NPZ,gp,lingering,No,,,,0,193,set_34,GP_prob,GP_question,prob,not annotated upstream,the team,,True,attachment,amouyal:97,reg,True,reg_repair,249b35480b972e91996d050b3c61dbdc5ae7a8e09e1d7e1e44349704ad15b761,244,0.030464960262179375,0.9997751712799072,0.9695350397378206,1, No,a6b4237997fa5f77db32ebd4c8d8af5d4585ba4195df7132e7af527e6eb6e4a7
amouyal:98,amouyal,NPZ,non_gp,simple,Yes,,,,0,196,set_34,nonGP_prob,simple_question,prob,not annotated upstream,the team,,True,event,amouyal:98,reg,True,reg_repair,179432b84516022b25ed95709d9764ce101ff02c1721d18178b8b7fcf2c431aa,230,0.9999896883964539,0.9995681047439575,0.9999896883964539,1, Yes,
amouyal:98:attachment,amouyal,NPZ,non_gp,simple,Yes,,,,0,196,set_34,nonGP_prob,simple_question,prob,not annotated upstream,the team,,True,attachment,amouyal:98,reg,True,reg_repair,4aea547f760398eb8feace78bc1f59d3c204bd022e0d06dc70bd2e8b4ffd8e9b,241,0.999973475933075,0.9983391761779785,0.999973475933075,1, Yes,595f45192859bc2cc7d019465135e21f4800d01bec7981bb1f9386606d6453c6
amouyal:99,amouyal,NPZ,non_gp,lingering,No,,,,0,197,set_34,nonGP_prob,GP_question,prob,not annotated upstream,the team,,True,event,amouyal:99,reg,True,reg_repair,24a31c663b96060694c1e5c7123a3754e723853c303b6fa815bdc666827133bf,230,0.07185579836368561,0.9998713135719299,0.9281442016363144,1, No,
amouyal:99:attachment,amouyal,NPZ,non_gp,lingering,No,,,,0,197,set_34,nonGP_prob,GP_question,prob,not annotated upstream,the team,,True,attachment,amouyal:99,reg,True,reg_repair,e5075a33cf3303c2ab80f7b6916f0fbf96dffc255724ce7485bd960de5be8f34,244,1.8211199858342297e-05,0.9999520778656006,0.9999817888001417,1, No,a6b4237997fa5f77db32ebd4c8d8af5d4585ba4195df7132e7af527e6eb6e4a7
amouyal:100,amouyal,NPZ,gp,simple,Yes,,,,0,200,set_35,GP_prob,simple_question,prob,not annotated upstream,the floor,,True,event,amouyal:100,reg,True,reg_repair,66d800049e1ecbd6cdaabf22316e823c9dbe34c42278e905fffca0877ef96ac8,232,0.9996051788330078,0.9997922778129578,0.9996051788330078,1, Yes,
amouyal:100:attachment,amouyal,NPZ,gp,simple,Yes,,,,0,200,set_35,GP_prob,simple_question,prob,not annotated upstream,the floor,,True,attachment,amouyal:100,reg,True,reg_repair,42b83b45d86e0c2acada14eebcacb3ac9e8a0fedf2fb0e9680ee2bd7b10aded5,243,9.9930475698784e-05,0.9999721050262451,9.9930475698784e-05,0, No,22d0123a529ca150cef241482911e7ed8133487253480f560f145e81b1cbc05e
amouyal:101,amouyal,NPZ,gp,lingering,No,,,,0,201,set_35,GP_prob,GP_question,prob,not annotated upstream,the floor,,True,event,amouyal:101,reg,True,reg_repair,a50b9af3e498da23a7c9f186cc600d7e54c219a3459df378382cf35f45245c04,232,0.30320602655410767,0.998998761177063,0.6967939734458923,1, No,
amouyal:101:attachment,amouyal,NPZ,gp,lingering,No,,,,0,201,set_35,GP_prob,GP_question,prob,not annotated upstream,the floor,,True,attachment,amouyal:101,reg,True,reg_repair,ab68a2d6be070c4efa72689cc8b462899dc142cdf9e3e040aec020799bf82cc3,246,0.2584238350391388,0.9994128346443176,0.7415761649608612,1, No,f38375793d9666f0c5f3b9a69cefa85088fa93199230d185d4d380fca6a26713
amouyal:102,amouyal,NPZ,non_gp,simple,Yes,,,,0,204,set_35,nonGP_prob,simple_question,prob,not annotated upstream,the floor,,True,event,amouyal:102,reg,True,reg_repair,edcf4c24f2305d10791016b91f011b10c438de1a9f62ae9db19dcecb75d7a094,232,0.9999337196350098,0.9998659491539001,0.9999337196350098,1, Yes,
amouyal:102:attachment,amouyal,NPZ,non_gp,simple,Yes,,,,0,204,set_35,nonGP_prob,simple_question,prob,not annotated upstream,the floor,,True,attachment,amouyal:102,reg,True,reg_repair,d120d4cce327ad7010901577d45a0af688aad71ca46d7fe1f16c5b8ced8940c5,243,0.8980875015258789,0.9993455410003662,0.8980875015258789,1, Yes,22d0123a529ca150cef241482911e7ed8133487253480f560f145e81b1cbc05e
amouyal:103,amouyal,NPZ,non_gp,lingering,No,,,,0,205,set_35,nonGP_prob,GP_question,prob,not annotated upstream,the floor,,True,event,amouyal:103,reg,True,reg_repair,f24ea3f61f3f65f196953a165620642e39a18e4322df2ad281bd7b9487a5a1f2,232,0.999986469745636,0.999575674533844,1.3530254364013672e-05,0, Yes,
amouyal:103:attachment,amouyal,NPZ,non_gp,lingering,No,,,,0,205,set_35,nonGP_prob,GP_question,prob,not annotated upstream,the floor,,True,attachment,amouyal:103,reg,True,reg_repair,9a9d976dccf86dde30e670216159d3899b2cdada5b9f70c6679f6d2cf19bf9a9,246,0.3440481126308441,0.9995739459991455,0.6559518873691559,1, No,f38375793d9666f0c5f3b9a69cefa85088fa93199230d185d4d380fca6a26713
amouyal:104,amouyal,NPZ,gp,simple,Yes,,,,0,208,set_36,GP_prob,simple_question,prob,not annotated upstream,the meal,,True,event,amouyal:104,reg,True,reg_repair,0cb08fc53d9ccb032f5b3ee6206aefa97455ce00b010412309daf9970a1c9e17,230,0.9998269081115723,0.9996008276939392,0.9998269081115723,1, Yes,
amouyal:104:attachment,amouyal,NPZ,gp,simple,Yes,,,,0,208,set_36,GP_prob,simple_question,prob,not annotated upstream,the meal,,True,attachment,amouyal:104,reg,True,reg_repair,4b005d04c16147b067df8b50dd459dfd074de4a30bc4f5cae0c8482de4a46e15,241,2.138764102710411e-06,0.9999889135360718,2.138764102710411e-06,0, No,6de689134b17e49f3f08b2362248de0e3f3331335492369e82786a3907120648
amouyal:105,amouyal,NPZ,gp,lingering,No,,,,0,209,set_36,GP_prob,GP_question,prob,not annotated upstream,the meal,,True,event,amouyal:105,reg,True,reg_repair,41485480fd95517939ec7213d79aa1eae77af147fb55fe6be09b4ff4a8887f2a,230,0.9783149361610413,0.9996716976165771,0.02168506383895874,0, Yes,
amouyal:105:attachment,amouyal,NPZ,gp,lingering,No,,,,0,209,set_36,GP_prob,GP_question,prob,not annotated upstream,the meal,,True,attachment,amouyal:105,reg,True,reg_repair,a6fb0357bac1174b83911bb86596f6030cbbe54b4826ff19fc6d1c2af5b84c6c,244,0.09594488143920898,0.9997854232788086,0.904055118560791,1, No,3fe9e15306287f6d097ff7e908881bb8d0b92f68b0c0f885e8d2795c4b065235
amouyal:106,amouyal,NPZ,non_gp,simple,Yes,,,,0,212,set_36,nonGP_prob,simple_question,prob,not annotated upstream,the meal,,True,event,amouyal:106,reg,True,reg_repair,5332b6acdd80fc109f48d7df55094725b19cc35998a3fe0266485287ba41d504,230,0.9999943375587463,0.999648928642273,0.9999943375587463,1, Yes,
amouyal:106:attachment,amouyal,NPZ,non_gp,simple,Yes,,,,0,212,set_36,nonGP_prob,simple_question,prob,not annotated upstream,the meal,,True,attachment,amouyal:106,reg,True,reg_repair,f1e9ce926b1bd9378e5256a1a5dcb0c11c4bf8b794c5f027de99023fd4cfb26d,241,0.49180781841278076,0.9994810819625854,0.49180781841278076,0, No,6de689134b17e49f3f08b2362248de0e3f3331335492369e82786a3907120648
amouyal:107,amouyal,NPZ,non_gp,lingering,No,,,,0,213,set_36,nonGP_prob,GP_question,prob,not annotated upstream,the meal,,True,event,amouyal:107,reg,True,reg_repair,9b60190020eff3925c9ab6a25a69468da51160484dc8a484129fbc42eb1f3a22,230,0.9976893663406372,0.9998029470443726,0.002310633659362793,0, Yes,
amouyal:107:attachment,amouyal,NPZ,non_gp,lingering,No,,,,0,213,set_36,nonGP_prob,GP_question,prob,not annotated upstream,the meal,,True,attachment,amouyal:107,reg,True,reg_repair,040d1045571748907bc916dccbe24a37de8223a01e2698a49f6f587a2ecdcf75,244,0.0018983621848747134,0.9999510049819946,0.9981016378151253,1, No,3fe9e15306287f6d097ff7e908881bb8d0b92f68b0c0f885e8d2795c4b065235
amouyal:108,amouyal,NPZ,gp,simple,Yes,,,,0,216,set_37,GP_prob,simple_question,prob,not annotated upstream,the homework,,True,event,amouyal:108,reg,True,reg_repair,36ff5900af241cd7d60c4f123a3728f670b603a5e58accf5b8867fc0edb231e1,232,0.009125394746661186,0.9999079704284668,0.009125394746661186,0, No,
amouyal:108:attachment,amouyal,NPZ,gp,simple,Yes,,,,0,216,set_37,GP_prob,simple_question,prob,not annotated upstream,the homework,,True,attachment,amouyal:108,reg,True,reg_repair,33599408f7a64f2debbb1a08dbcb3a41a261054fca2e2970a85cd51eb379ce8c,242,7.898155445218435e-07,0.9999873638153076,7.898155445218435e-07,0, No,6b874eb8d99879e5d4438cdb2bf79a93547d740a4d460d6912ad3f211e59186d
amouyal:109,amouyal,NPZ,gp,lingering,No,,,,0,217,set_37,GP_prob,GP_question,prob,not annotated upstream,the homework,,True,event,amouyal:109,reg,True,reg_repair,0c6676da7e3505d370a1ffb841656ae9ef3d04933ea4a79e49478a65a73be60a,231,0.8390623331069946,0.9993184804916382,0.16093766689300537,0, Yes,
amouyal:109:attachment,amouyal,NPZ,gp,lingering,No,,,,0,217,set_37,GP_prob,GP_question,prob,not annotated upstream,the homework,,True,attachment,amouyal:109,reg,True,reg_repair,ae3afc53f5188ec2c6f31e3f08ae201a333be53e18461a13cab0fcbca73089e2,245,0.043520160019397736,0.9997686147689819,0.9564798399806023,1, No,a07e60c4993b989fa40d3f4b5d703c9b974501a66855f3aaa221b18398b7d5c4
amouyal:110,amouyal,NPZ,non_gp,simple,Yes,,,,0,220,set_37,nonGP_prob,simple_question,prob,not annotated upstream,the homework,,True,event,amouyal:110,reg,True,reg_repair,1f9938beee7f94aafbf60942e32e75480197315b4bc6990160d656971ffb0c0d,232,0.9994879961013794,0.9995333552360535,0.9994879961013794,1, Yes,
amouyal:110:attachment,amouyal,NPZ,non_gp,simple,Yes,,,,0,220,set_37,nonGP_prob,simple_question,prob,not annotated upstream,the homework,,True,attachment,amouyal:110,reg,True,reg_repair,eeb04a5b8391acfffb6522b3920f611ee387390670e5f6230937e0ccd13a747e,242,0.01550108939409256,0.9998699426651001,0.01550108939409256,0, No,6b874eb8d99879e5d4438cdb2bf79a93547d740a4d460d6912ad3f211e59186d
amouyal:111,amouyal,NPZ,non_gp,lingering,No,,,,0,221,set_37,nonGP_prob,GP_question,prob,not annotated upstream,the homework,,True,event,amouyal:111,reg,True,reg_repair,6129734e02e3dccd83a314a5845f6e0e4ab2e40f8d61b0a64b934725b7bcbea0,231,0.023141473531723022,0.9996481537818909,0.976858526468277,1, No,
amouyal:111:attachment,amouyal,NPZ,non_gp,lingering,No,,,,0,221,set_37,nonGP_prob,GP_question,prob,not annotated upstream,the homework,,True,attachment,amouyal:111,reg,True,reg_repair,45ce303497c223c21e5878916a4f25835f69f217be67b974692af2dcaf34d225,245,0.005997546017169952,0.9998712539672852,0.99400245398283,1, No,a07e60c4993b989fa40d3f4b5d703c9b974501a66855f3aaa221b18398b7d5c4
amouyal:112,amouyal,NPZ,gp,simple,Yes,,,,0,224,set_38,GP_prob,simple_question,prob,not annotated upstream,the sweater,,True,event,amouyal:112,reg,True,reg_repair,66315120653cc02846771a36aeb59af11634624500ff0afd7fcbc0496cab6b6f,235,0.9669368267059326,0.9996809959411621,0.9669368267059326,1, Yes,
amouyal:112:attachment,amouyal,NPZ,gp,simple,Yes,,,,0,224,set_38,GP_prob,simple_question,prob,not annotated upstream,the sweater,,True,attachment,amouyal:112,reg,True,reg_repair,0edbabce4d43155bb2c88b04d6ba908d265fa53f0cc4fb249fe10de397989df3,244,1.4028730177528814e-08,0.9999901056289673,1.4028730177528814e-08,0, No,4b2abe82c105d2af6923c377b4a6a7ccf0f9e8b04e2dc80da79d7b82eaf4efa8
amouyal:113,amouyal,NPZ,gp,lingering,No,,,,0,225,set_38,GP_prob,GP_question,prob,not annotated upstream,the sweater,,True,event,amouyal:113,reg,True,reg_repair,435f909e753658f08123e7268911e96c415c4f8c89e1b842fc5aa39ddee237db,233,0.9375367164611816,0.9994036555290222,0.06246328353881836,0, Yes,
amouyal:113:attachment,amouyal,NPZ,gp,lingering,No,,,,0,225,set_38,GP_prob,GP_question,prob,not annotated upstream,the sweater,,True,attachment,amouyal:113,reg,True,reg_repair,1efdd5ad94705c0ffefc6db25f12222c765ab61f95cafab90f1fd971bd125abe,247,0.4492373466491699,0.9994543194770813,0.5507626533508301,1, No,c6e9ecfa650fa9f2df468b6cd7525723121e73cfdabfa098a08fa178119cb0b1
amouyal:114,amouyal,NPZ,non_gp,simple,Yes,,,,0,228,set_38,nonGP_prob,simple_question,prob,not annotated upstream,the sweater,,True,event,amouyal:114,reg,True,reg_repair,8bc1dd2bea870f320efd82cafd1c3f9287cf62c70f5e68624674e0681d9bcb3d,235,0.9982448816299438,0.9997455477714539,0.9982448816299438,1, Yes,
amouyal:114:attachment,amouyal,NPZ,non_gp,simple,Yes,,,,0,228,set_38,nonGP_prob,simple_question,prob,not annotated upstream,the sweater,,True,attachment,amouyal:114,reg,True,reg_repair,79e9e5d9979d80810cd359510880af1b515919b8271e5df1a3e2073e6fc67591,244,0.10646352171897888,0.9997190833091736,0.10646352171897888,0, No,4b2abe82c105d2af6923c377b4a6a7ccf0f9e8b04e2dc80da79d7b82eaf4efa8
amouyal:115,amouyal,NPZ,non_gp,lingering,No,,,,0,229,set_38,nonGP_prob,GP_question,prob,not annotated upstream,the sweater,,True,event,amouyal:115,reg,True,reg_repair,529e3dcaa231e461cfba3fbeeb3e3f82e1901a0be380f8a93babb17c484b5369,233,0.5738294720649719,0.9988471269607544,0.4261705279350281,0, Yes,
amouyal:115:attachment,amouyal,NPZ,non_gp,lingering,No,,,,0,229,set_38,nonGP_prob,GP_question,prob,not annotated upstream,the sweater,,True,attachment,amouyal:115,reg,True,reg_repair,a21fe01cf23020ac7ea683f95caa4e17d689e2a9f4e793cf4a90beca692c5f98,247,0.0009029462817125022,0.9999051094055176,0.9990970537182875,1, No,c6e9ecfa650fa9f2df468b6cd7525723121e73cfdabfa098a08fa178119cb0b1
amouyal:116,amouyal,NPZ,gp,simple,Yes,,,,0,232,set_39,GP_prob,simple_question,prob,not annotated upstream,the comet,,True,event,amouyal:116,reg,True,reg_repair,2262ff215f6c4aeacdba000aa4c93bd6cb72e802d5613a2da39cff654c2a5cf7,233,0.9994621872901917,0.9998157024383545,0.9994621872901917,1, Yes,
amouyal:116:attachment,amouyal,NPZ,gp,simple,Yes,,,,0,232,set_39,GP_prob,simple_question,prob,not annotated upstream,the comet,,True,attachment,amouyal:116,reg,True,reg_repair,07969911ba8be7823ca20e053ba6d14f18172cc6e469731e015ebf63cc89fa08,243,2.597332604636904e-05,0.9999911189079285,2.597332604636904e-05,0, No,09235ed18927156ad80a366bb7de5bb409be002c759663927611819a459cfca5
amouyal:117,amouyal,NPZ,gp,lingering,No,,,,0,233,set_39,GP_prob,GP_question,prob,not annotated upstream,the comet,,True,event,amouyal:117,reg,True,reg_repair,cf93cdcbaa5fb1e01d34e76b669213663925cf5ebd48c2e7d614cfa91e7b2d74,233,0.9693085551261902,0.9995818138122559,0.030691444873809814,0, Yes,
amouyal:117:attachment,amouyal,NPZ,gp,lingering,No,,,,0,233,set_39,GP_prob,GP_question,prob,not annotated upstream,the comet,,True,attachment,amouyal:117,reg,True,reg_repair,9355fa035ad915384caebf24b88bb73f7951a26c238fb337195d6847501c5d3f,246,0.29197192192077637,0.9997214078903198,0.7080280780792236,1, No,891e3e87635cc338b51c74eae9cf94754bb67ab0994c7658d6bfbffd4dd7d97a
amouyal:118,amouyal,NPZ,non_gp,simple,Yes,,,,0,236,set_39,nonGP_prob,simple_question,prob,not annotated upstream,the comet,,True,event,amouyal:118,reg,True,reg_repair,c930aba9bdb6246cfa727046a6bdd8ee5cc5d792254f2e48efedff56772b5d99,233,0.9999944567680359,0.9997766613960266,0.9999944567680359,1, Yes,
amouyal:118:attachment,amouyal,NPZ,non_gp,simple,Yes,,,,0,236,set_39,nonGP_prob,simple_question,prob,not annotated upstream,the comet,,True,attachment,amouyal:118,reg,True,reg_repair,c900851abc73def236494cc636531ead4165a582ad1466c72e34a2893e35f6d2,243,0.9994463324546814,0.9985783100128174,0.9994463324546814,1, Yes,09235ed18927156ad80a366bb7de5bb409be002c759663927611819a459cfca5
amouyal:119,amouyal,NPZ,non_gp,lingering,No,,,,0,237,set_39,nonGP_prob,GP_question,prob,not annotated upstream,the comet,,True,event,amouyal:119,reg,True,reg_repair,b81eed1152f27c18431ed3d99c3a34103409dea485187f0f7abc3ee4a7b5f9ac,233,0.9996343851089478,0.999802827835083,0.0003656148910522461,0, Yes,
amouyal:119:attachment,amouyal,NPZ,non_gp,lingering,No,,,,0,237,set_39,nonGP_prob,GP_question,prob,not annotated upstream,the comet,,True,attachment,amouyal:119,reg,True,reg_repair,558bbe4f844c8106b5978547d55cc49057d716703179a5af431370ad1a91c523,246,0.0008787050610408187,0.9999439120292664,0.9991212949389592,1, No,891e3e87635cc338b51c74eae9cf94754bb67ab0994c7658d6bfbffd4dd7d97a
amouyal:120,amouyal,NPZ,gp,simple,Yes,,,,0,240,set_40,GP_prob,simple_question,prob,not annotated upstream,the game,,True,event,amouyal:120,reg,True,reg_repair,eb430cd0de6acb693423ec467c1babcec6eb27515a2d7860467be02aeb76fe60,230,0.1268186718225479,0.9996823072433472,0.1268186718225479,0, No,
amouyal:120:attachment,amouyal,NPZ,gp,simple,Yes,,,,0,240,set_40,GP_prob,simple_question,prob,not annotated upstream,the game,,True,attachment,amouyal:120,reg,True,reg_repair,cce24a835baae46a1d3d6bcc189855f65ce8722749ef329a47beee3ad61ff8d1,241,0.00028692345949821174,0.9999761581420898,0.00028692345949821174,0, No,8a380af56eeb5918b1c9944d769db9d624fe59e5ff74995c7d9ffce4429791c9
amouyal:121,amouyal,NPZ,gp,lingering,No,,,,0,241,set_40,GP_prob,GP_question,prob,not annotated upstream,the game,,True,event,amouyal:121,reg,True,reg_repair,b0326885fcab34f44117c4121ebf4866b81e7b9726072477c2f09f04ec8f1971,230,0.9261968731880188,0.9995870590209961,0.0738031268119812,0, Yes,
amouyal:121:attachment,amouyal,NPZ,gp,lingering,No,,,,0,241,set_40,GP_prob,GP_question,prob,not annotated upstream,the game,,True,attachment,amouyal:121,reg,True,reg_repair,198f44d78f15cdf754b9fac213504d9286b330915deb053187730ee6db70f9cb,244,0.028898021206259727,0.9998254179954529,0.9711019787937403,1, No,b5a288cbb579cf5227c98d6a5b33fbb456ec91cbbe694eaed61346efbf6dae12
amouyal:122,amouyal,NPZ,non_gp,simple,Yes,,,,0,244,set_40,nonGP_prob,simple_question,prob,not annotated upstream,the game,,True,event,amouyal:122,reg,True,reg_repair,73b28cd0775a20a681ae715dc255451145c1ead629ea7c113fe2c644789240f3,230,0.9973904490470886,0.9994938969612122,0.9973904490470886,1, Yes,
amouyal:122:attachment,amouyal,NPZ,non_gp,simple,Yes,,,,0,244,set_40,nonGP_prob,simple_question,prob,not annotated upstream,the game,,True,attachment,amouyal:122,reg,True,reg_repair,8f01de00a35d48874b34fdc5dbb07a5a04c288b999ad02eb40314a39b94d0d89,241,0.002721131779253483,0.9999540448188782,0.002721131779253483,0, No,8a380af56eeb5918b1c9944d769db9d624fe59e5ff74995c7d9ffce4429791c9
amouyal:123,amouyal,NPZ,non_gp,lingering,No,,,,0,245,set_40,nonGP_prob,GP_question,prob,not annotated upstream,the game,,True,event,amouyal:123,reg,True,reg_repair,43f3ff0f80b80d80fda5e40e1ce490198a7df0cd0b052ee3d508466cee57fdb8,230,0.0001552900648675859,0.9999659657478333,0.9998447099351324,1, No,
amouyal:123:attachment,amouyal,NPZ,non_gp,lingering,No,,,,0,245,set_40,nonGP_prob,GP_question,prob,not annotated upstream,the game,,True,attachment,amouyal:123,reg,True,reg_repair,b88d7c2f4b141dbc50324ecebf3f601920e91878708d7a1d5308a70af7d2b1ad,244,0.00035839411430060863,0.9999585151672363,0.9996416058856994,1, No,b5a288cbb579cf5227c98d6a5b33fbb456ec91cbbe694eaed61346efbf6dae12
amouyal:124,amouyal,NPZ,gp,simple,Yes,,,,0,248,set_41,GP_prob,simple_question,prob,not annotated upstream,the students,,True,event,amouyal:124,reg,True,reg_repair,42afb486a72d246bbf0715e28277e1a3564343a19046eb9ec6aacf2342e004d3,232,0.9996263980865479,0.9997448325157166,0.9996263980865479,1, Yes,
amouyal:124:attachment,amouyal,NPZ,gp,simple,Yes,,,,0,248,set_41,GP_prob,simple_question,prob,not annotated upstream,the students,,True,attachment,amouyal:124,reg,True,reg_repair,58b7178b5164f9771b777dde23c46c743ddfeebdda90eb555a963edc591ddacd,242,2.9250531952129677e-05,0.9999825954437256,2.9250531952129677e-05,0, No,87ec7b6e980ac4bcbbc8d3330f183ffb2917c239380753d53acaad240d5c2c02
amouyal:125,amouyal,NPZ,gp,lingering,No,,,,0,249,set_41,GP_prob,GP_question,prob,not annotated upstream,the students,,True,event,amouyal:125,reg,True,reg_repair,67ccfc9e40dc89655f8d9771b3debc9c64bea02d272f543f65e26115a4209a49,231,0.30653542280197144,0.9992023706436157,0.6934645771980286,1, No,
amouyal:125:attachment,amouyal,NPZ,gp,lingering,No,,,,0,249,set_41,GP_prob,GP_question,prob,not annotated upstream,the students,,True,attachment,amouyal:125,reg,True,reg_repair,09cd0d8f80b2f5615f8a5e3eb956e7e2fffd41d12f396433d0450ad5566ba451,245,0.04285444691777229,0.9997754096984863,0.9571455530822277,1, No,1826aef1a6dbabe1b3f3865576043f577af2be7b8649edfba1bfa7649ee1c7b5
amouyal:126,amouyal,NPZ,non_gp,simple,Yes,,,,0,252,set_41,nonGP_prob,simple_question,prob,not annotated upstream,the students,,True,event,amouyal:126,reg,True,reg_repair,f5b6574bf66a2ae3837e4e856ca3d2f49d0c32e429882f438333b9a6a795e829,232,0.9999971389770508,0.9996514916419983,0.9999971389770508,1, Yes,
amouyal:126:attachment,amouyal,NPZ,non_gp,simple,Yes,,,,0,252,set_41,nonGP_prob,simple_question,prob,not annotated upstream,the students,,True,attachment,amouyal:126,reg,True,reg_repair,520c6f7b2c82be9f1cbc2b16effe41371722604687c361f49a62c9db8996bcb6,242,0.9999921917915344,0.9970057010650635,0.9999921917915344,1, Yes,87ec7b6e980ac4bcbbc8d3330f183ffb2917c239380753d53acaad240d5c2c02
amouyal:127,amouyal,NPZ,non_gp,lingering,No,,,,0,253,set_41,nonGP_prob,GP_question,prob,not annotated upstream,the students,,True,event,amouyal:127,reg,True,reg_repair,0e98fc2a2afeddc164267fc8400d2d6d6c06e60bdd776385aff398fdd43503f7,231,0.9996970891952515,0.9995266795158386,0.00030291080474853516,0, Yes,
amouyal:127:attachment,amouyal,NPZ,non_gp,lingering,No,,,,0,253,set_41,nonGP_prob,GP_question,prob,not annotated upstream,the students,,True,attachment,amouyal:127,reg,True,reg_repair,68e89bcc70c7940876abd34d2657717386535e9ad555d29136b51ea502d8a762,245,0.0002886344736907631,0.9999221563339233,0.9997113655263092,1, No,1826aef1a6dbabe1b3f3865576043f577af2be7b8649edfba1bfa7649ee1c7b5
amouyal:128,amouyal,NPZ,gp,simple,Yes,,,,0,256,set_42,GP_prob,simple_question,prob,not annotated upstream,the melody,,True,event,amouyal:128,reg,True,reg_repair,87aadbd9b6b4bc2c476800e72dc70750b79c1945f92c812c9d1b5bc4b56eaffa,233,0.999997079372406,0.999812126159668,0.999997079372406,1, Yes,
amouyal:128:attachment,amouyal,NPZ,gp,simple,Yes,,,,0,256,set_42,GP_prob,simple_question,prob,not annotated upstream,the melody,,True,attachment,amouyal:128,reg,True,reg_repair,f1677b89ac20362b2f271f4d9b0c231008cd8ddc0869650e40c2302904f10743,243,5.676223935324742e-09,0.9999898076057434,5.676223935324742e-09,0, No,a99d1ffb2ee1f8aee77808783ef9db8d862cdb8dc69834d806afe1de61a89f8b
amouyal:129,amouyal,NPZ,gp,lingering,No,,,,0,257,set_42,GP_prob,GP_question,prob,not annotated upstream,the melody,,True,event,amouyal:129,reg,True,reg_repair,b4632e33bc5076c7cdfaeaa6d4fd25e0d43e93553575d8095e36fa39c2cae261,233,0.9999467134475708,0.9996737241744995,5.328655242919922e-05,0, Yes,
amouyal:129:attachment,amouyal,NPZ,gp,lingering,No,,,,0,257,set_42,GP_prob,GP_question,prob,not annotated upstream,the melody,,True,attachment,amouyal:129,reg,True,reg_repair,73ff97e183d2a437713c8db118dd9ede9a688110c9d89fddd12014d3f59f7006,246,0.8907682299613953,0.9996092319488525,0.10923177003860474,0, Yes,6e863362a154a40c9c4ab9dbdf09f2ad0f4b550128aa89f34e6d936c5132f1c3
amouyal:130,amouyal,NPZ,non_gp,simple,Yes,,,,0,260,set_42,nonGP_prob,simple_question,prob,not annotated upstream,the melody,,True,event,amouyal:130,reg,True,reg_repair,97a1ef556252e2f6dd57effdcc44d8775d3a3338e4c565240be4a35cc2037eb8,233,0.999998152256012,0.9997283816337585,0.999998152256012,1, Yes,
amouyal:130:attachment,amouyal,NPZ,non_gp,simple,Yes,,,,0,260,set_42,nonGP_prob,simple_question,prob,not annotated upstream,the melody,,True,attachment,amouyal:130,reg,True,reg_repair,5029bd96d5b13d956021ae8ca8c11885ecd1887028fb68711d95be0f40b7be96,243,0.9625124335289001,0.9990853071212769,0.9625124335289001,1, Yes,a99d1ffb2ee1f8aee77808783ef9db8d862cdb8dc69834d806afe1de61a89f8b
amouyal:131,amouyal,NPZ,non_gp,lingering,No,,,,0,261,set_42,nonGP_prob,GP_question,prob,not annotated upstream,the melody,,True,event,amouyal:131,reg,True,reg_repair,0b37bff9c70a46e22edfb3ea4aa18e8f9f8846d3cdb211f59547920d56c97301,233,0.9844765067100525,0.9989238381385803,0.01552349328994751,0, Yes,
amouyal:131:attachment,amouyal,NPZ,non_gp,lingering,No,,,,0,261,set_42,nonGP_prob,GP_question,prob,not annotated upstream,the melody,,True,attachment,amouyal:131,reg,True,reg_repair,0a6a9507f988aa95a3bf8dd59956efcb7a31e4547b65bffe90d1d99639b8ca74,246,0.00029586642631329596,0.9999496340751648,0.9997041335736867,1, No,6e863362a154a40c9c4ab9dbdf09f2ad0f4b550128aa89f34e6d936c5132f1c3
amouyal:132,amouyal,NPZ,gp,simple,Yes,,,,0,264,set_43,GP_prob,simple_question,prob,not annotated upstream,the bar,,True,event,amouyal:132,reg,True,reg_repair,5c58176b6058549485a7d5b3e2ab50d6c42397aac50867ac5d4389c0b5b4b163,231,0.9997881650924683,0.9997801780700684,0.9997881650924683,1, Yes,
amouyal:132:attachment,amouyal,NPZ,gp,simple,Yes,,,,0,264,set_43,GP_prob,simple_question,prob,not annotated upstream,the bar,,True,attachment,amouyal:132,reg,True,reg_repair,0f63e19d718ac689c5cb7ae1b95e8b2dd82cc2d4a41ea61b6d766f8d72744826,242,3.233149618608877e-05,0.9999911785125732,3.233149618608877e-05,0, No,beb70cb41dce4faa587dd4e472baf56e64c6fc76b100ebac253dc418e9e46c3b
amouyal:133,amouyal,NPZ,gp,lingering,No,,,,0,265,set_43,GP_prob,GP_question,prob,not annotated upstream,the bar,,True,event,amouyal:133,reg,True,reg_repair,0635572607163a5c51a244767fa26cb477e5bd6b1930bb1c1e983115247b806b,231,0.999675989151001,0.9997479915618896,0.00032401084899902344,0, Yes,
amouyal:133:attachment,amouyal,NPZ,gp,lingering,No,,,,0,265,set_43,GP_prob,GP_question,prob,not annotated upstream,the bar,,True,attachment,amouyal:133,reg,True,reg_repair,54f9e1a3cc0ceace1718a5e5e4f7d952e9d12093f6cd6d1c4f39b781b47ff08c,245,0.010221945121884346,0.9999179244041443,0.9897780548781157,1, No,ac2e58dca58019595e3155452ba1d26143c891499abbfef8aeaa36aa9c8f714a
amouyal:134,amouyal,NPZ,non_gp,simple,Yes,,,,0,268,set_43,nonGP_prob,simple_question,prob,not annotated upstream,the bar,,True,event,amouyal:134,reg,True,reg_repair,cd827102d8f4f6098d4d476157ecbac6b2e67e3e68a60db2df6800c0370122ee,231,0.9999922513961792,0.9995875954627991,0.9999922513961792,1, Yes,
amouyal:134:attachment,amouyal,NPZ,non_gp,simple,Yes,,,,0,268,set_43,nonGP_prob,simple_question,prob,not annotated upstream,the bar,,True,attachment,amouyal:134,reg,True,reg_repair,835008e1ca0cb6beb69592e304bfb338aafb9d9e591bad0e8adfb54d0f7b1c10,242,0.9980534911155701,0.9992148280143738,0.9980534911155701,1, Yes,beb70cb41dce4faa587dd4e472baf56e64c6fc76b100ebac253dc418e9e46c3b
amouyal:135,amouyal,NPZ,non_gp,lingering,No,,,,0,269,set_43,nonGP_prob,GP_question,prob,not annotated upstream,the bar,,True,event,amouyal:135,reg,True,reg_repair,c68985f6b11726c90e258c22fa37e0447bf90f4136372eee5a72529a403d3e31,231,0.999992311000824,0.9994620084762573,7.68899917602539e-06,0, Yes,
amouyal:135:attachment,amouyal,NPZ,non_gp,lingering,No,,,,0,269,set_43,nonGP_prob,GP_question,prob,not annotated upstream,the bar,,True,attachment,amouyal:135,reg,True,reg_repair,30fa5c61673ba1ae3ab9121374c697244d8dce5fdcbed9895c2d9f9993cba43c,245,0.0003709872253239155,0.9999574422836304,0.9996290127746761,1, No,ac2e58dca58019595e3155452ba1d26143c891499abbfef8aeaa36aa9c8f714a
amouyal:136,amouyal,NPZ,gp,simple,Yes,,,,0,272,set_44,GP_prob,simple_question,prob,not annotated upstream,the tomatoes,,True,event,amouyal:136,reg,True,reg_repair,ad403e496cb6028c9383a8aaa541695768d3b2be17a67b598726ab7d54b4b740,234,0.9874632358551025,0.9995368123054504,0.9874632358551025,1, Yes,
amouyal:136:attachment,amouyal,NPZ,gp,simple,Yes,,,,0,272,set_44,GP_prob,simple_question,prob,not annotated upstream,the tomatoes,,True,attachment,amouyal:136,reg,True,reg_repair,f7bb4e5804b085bcbd82de88a02602f25559f372f44254cdd0001a742a19d766,244,0.0001114950719056651,0.9999677538871765,0.0001114950719056651,0, No,bdd85f8913be275ace992a77d350e0f6d34be80da5125c6b737d4f0c369ce3cd
amouyal:137,amouyal,NPZ,gp,lingering,No,,,,0,273,set_44,GP_prob,GP_question,prob,not annotated upstream,the tomatoes,,True,event,amouyal:137,reg,True,reg_repair,52205272fb02138d656ad2a782e1e664867597992b3b3dd449c061fd4ab28272,234,0.9219634532928467,0.9992967844009399,0.07803654670715332,0, Yes,
amouyal:137:attachment,amouyal,NPZ,gp,lingering,No,,,,0,273,set_44,GP_prob,GP_question,prob,not annotated upstream,the tomatoes,,True,attachment,amouyal:137,reg,True,reg_repair,f2cdf61a2a99fd4d68f4c98900a934a930ea14bb94884ff033ffc702adabb025,247,0.35269904136657715,0.9991973638534546,0.6473009586334229,1, No,6443a115d275bee15929d14fa928376e39fbdf1c50c7b6d2406df8d455e6687f
amouyal:138,amouyal,NPZ,non_gp,simple,Yes,,,,0,276,set_44,nonGP_prob,simple_question,prob,not annotated upstream,the tomatoes,,True,event,amouyal:138,reg,True,reg_repair,4404818c0726e6d7d5e5840119766af19f1c5731868d5b697d8ff67b596451aa,234,0.9903177618980408,0.9996417164802551,0.9903177618980408,1, Yes,
amouyal:138:attachment,amouyal,NPZ,non_gp,simple,Yes,,,,0,276,set_44,nonGP_prob,simple_question,prob,not annotated upstream,the tomatoes,,True,attachment,amouyal:138,reg,True,reg_repair,45c8d124bd374f30db5a6666d61db1d99108d2ec98645743ce1fd99262386313,244,0.6515617370605469,0.9990751147270203,0.6515617370605469,1, Yes,bdd85f8913be275ace992a77d350e0f6d34be80da5125c6b737d4f0c369ce3cd
amouyal:139,amouyal,NPZ,non_gp,lingering,No,,,,0,277,set_44,nonGP_prob,GP_question,prob,not annotated upstream,the tomatoes,,True,event,amouyal:139,reg,True,reg_repair,2818edc8630ded98f3571c376cd261b9e6503d1218d2cd9cc9582baf0da1a4ad,234,0.8140542507171631,0.9995435476303101,0.18594574928283691,0, Yes,
amouyal:139:attachment,amouyal,NPZ,non_gp,lingering,No,,,,0,277,set_44,nonGP_prob,GP_question,prob,not annotated upstream,the tomatoes,,True,attachment,amouyal:139,reg,True,reg_repair,432aff422941f464ca2a26a3164ff4f4481d8ff3f74f88420ff1c0a580a9ce5c,247,0.0032479516230523586,0.9998889565467834,0.9967520483769476,1, No,6443a115d275bee15929d14fa928376e39fbdf1c50c7b6d2406df8d455e6687f
amouyal:140,amouyal,NPZ,gp,simple,Yes,,,,0,280,set_45,GP_prob,simple_question,prob,not annotated upstream,the cart,,True,event,amouyal:140,reg,True,reg_repair,193e13697a597bf223cbdd17806ca8e32653251ca408f9937a03c3844194baef,228,0.9934335350990295,0.9994569420814514,0.9934335350990295,1, Yes,
amouyal:140:attachment,amouyal,NPZ,gp,simple,Yes,,,,0,280,set_45,GP_prob,simple_question,prob,not annotated upstream,the cart,,True,attachment,amouyal:140,reg,True,reg_repair,54e398eb8372fefec348bd615047da7168c4c29e22e2b70e0350b36ec144dfca,240,2.4676994144101627e-05,0.9999852180480957,2.4676994144101627e-05,0, No,14ae2c4358dfa085dcd1365b00345d3ab72ecf1d12a98048e90fc006d3259441
amouyal:141,amouyal,NPZ,gp,lingering,No,,,,0,281,set_45,GP_prob,GP_question,prob,not annotated upstream,the cart,,True,event,amouyal:141,reg,True,reg_repair,580ba3372d4e536416949797bc5ce23c34fbffa59f2508dfdf9949b6e8b644ed,229,0.8928020596504211,0.99920654296875,0.10719794034957886,0, Yes,
amouyal:141:attachment,amouyal,NPZ,gp,lingering,No,,,,0,281,set_45,GP_prob,GP_question,prob,not annotated upstream,the cart,,True,attachment,amouyal:141,reg,True,reg_repair,55b57e6822fc586173edfb856d7a2abc2c2766cdfffb1f26bb0ab93de7fe85a8,243,0.08949658274650574,0.9997402429580688,0.9105034172534943,1, No,3ef76ca49cbe90d15463e82a1ce39815492c26650450845581aeb985bc5e3db2
amouyal:142,amouyal,NPZ,non_gp,simple,Yes,,,,0,284,set_45,nonGP_prob,simple_question,prob,not annotated upstream,the cart,,True,event,amouyal:142,reg,True,reg_repair,9123c82b99386e3a919ce07771bf46b0a34f3179042d038277da3aa4660cefad,228,0.9999953508377075,0.9994361996650696,0.9999953508377075,1, Yes,
amouyal:142:attachment,amouyal,NPZ,non_gp,simple,Yes,,,,0,284,set_45,nonGP_prob,simple_question,prob,not annotated upstream,the cart,,True,attachment,amouyal:142,reg,True,reg_repair,bd4365be3d872a3453c4bfc50f72d94259d78935831a54a0ab3e75a254c7d2f3,240,0.9992753863334656,0.9989331960678101,0.9992753863334656,1, Yes,14ae2c4358dfa085dcd1365b00345d3ab72ecf1d12a98048e90fc006d3259441
amouyal:143,amouyal,NPZ,non_gp,lingering,No,,,,0,285,set_45,nonGP_prob,GP_question,prob,not annotated upstream,the cart,,True,event,amouyal:143,reg,True,reg_repair,d3afdb223fc52750e908a6297da972c3d00d29bb8e95bd9484e7cff9dc5499bb,229,0.9998586177825928,0.9994099140167236,0.00014138221740722656,0, Yes,
amouyal:143:attachment,amouyal,NPZ,non_gp,lingering,No,,,,0,285,set_45,nonGP_prob,GP_question,prob,not annotated upstream,the cart,,True,attachment,amouyal:143,reg,True,reg_repair,e77870d24b257a656ae9bde11751741e6231a2bb715218acacdd98d308bc58d9,243,0.060094866901636124,0.9997313618659973,0.9399051330983639,1, No,3ef76ca49cbe90d15463e82a1ce39815492c26650450845581aeb985bc5e3db2
amouyal:192,amouyal,NPZ,gp,simple,Yes,,,,0,336,set_hyp5_1,GP_reflexive,simple_question,reflexive,not annotated upstream,the child,,True,event,amouyal:192,reg,True,reg_repair,6bb3d77c0306dcee550a019168911e8aec42347011b1b4e86b7eac46313f8a86,232,0.9998824596405029,0.999721884727478,0.9998824596405029,1, Yes,
amouyal:192:attachment,amouyal,NPZ,gp,simple,Yes,,,,0,336,set_hyp5_1,GP_reflexive,simple_question,reflexive,not annotated upstream,the child,,True,attachment,amouyal:192,reg,True,reg_repair,14dda3e071491ec70fecb6fa086073b9d54608abd897c4c093eec2fa4bc6e8fc,242,1.1572504263313022e-05,0.9999879598617554,1.1572504263313022e-05,0, No,9d461520b0e6e5235378c995590a8a735e34c9a35b844a2b80f57ad9af0aebcd
amouyal:193,amouyal,NPZ,gp,lingering,No,,,,0,337,set_hyp5_1,GP_reflexive,GP_question,reflexive,not annotated upstream,the child,,True,event,amouyal:193,reg,True,reg_repair,5964ea2253280f9483655dc85b22510f0b47834ddebf45348f6a26f9d968e6a8,231,0.006858175154775381,0.999824583530426,0.9931418248452246,1, No,
amouyal:193:attachment,amouyal,NPZ,gp,lingering,No,,,,0,337,set_hyp5_1,GP_reflexive,GP_question,reflexive,not annotated upstream,the child,,True,attachment,amouyal:193,reg,True,reg_repair,c3b6204f08e37bc1e3070b006c7d8ace19202fef8d43dcaafa04194671ce53d7,245,0.22789502143859863,0.9996761679649353,0.7721049785614014,1, No,a1937d8ce2d8e86c561f9d1da583ef2960db1a63a0926a297d8d302f5d1d5c0c
amouyal:144,amouyal,NPZ,non_gp,simple,Yes,,,,0,288,set_hyp5_1,nonGP_reflexive,simple_question,reflexive,not annotated upstream,the child,,True,event,amouyal:144,reg,True,reg_repair,9a87321857ec949f1d6e4b3265984f1fd79947481d6e9e0b9c0b1ae7d3d738b8,232,0.9999330639839172,0.9995256662368774,0.9999330639839172,1, Yes,
amouyal:144:attachment,amouyal,NPZ,non_gp,simple,Yes,,,,0,288,set_hyp5_1,nonGP_reflexive,simple_question,reflexive,not annotated upstream,the child,,True,attachment,amouyal:144,reg,True,reg_repair,3918e3649f959efade1754395986cea68420209f7a8d50c5b0695119bd106885,242,0.9989004135131836,0.9986685514450073,0.9989004135131836,1, Yes,9d461520b0e6e5235378c995590a8a735e34c9a35b844a2b80f57ad9af0aebcd
amouyal:145,amouyal,NPZ,non_gp,lingering,No,,,,0,289,set_hyp5_1,nonGP_reflexive,GP_question,reflexive,not annotated upstream,the child,,True,event,amouyal:145,reg,True,reg_repair,13cc882f4a4e04a6bb498f4807d7935ac7be13fbbffb72df0d905cb4d34f3d48,231,0.7975821495056152,0.9988641142845154,0.20241785049438477,0, Yes,
amouyal:145:attachment,amouyal,NPZ,non_gp,lingering,No,,,,0,289,set_hyp5_1,nonGP_reflexive,GP_question,reflexive,not annotated upstream,the child,,True,attachment,amouyal:145,reg,True,reg_repair,d578a978d15fc5644c5ffa80f64c9641a24cdd2e52dcfd19c8093be09560e13a,245,0.016244130209088326,0.99983811378479,0.9837558697909117,1, No,a1937d8ce2d8e86c561f9d1da583ef2960db1a63a0926a297d8d302f5d1d5c0c
amouyal:194,amouyal,NPZ,gp,simple,Yes,,,,0,338,set_hyp5_2,GP_reflexive,simple_question,reflexive,not annotated upstream,the baboons,,True,event,amouyal:194,reg,True,reg_repair,a966ceab88c304f999346758a05a990ba9abede5c76b930a8079f36e95e0a0a4,236,0.9999914169311523,0.9997045397758484,0.9999914169311523,1, Yes,
amouyal:194:attachment,amouyal,NPZ,gp,simple,Yes,,,,0,338,set_hyp5_2,GP_reflexive,simple_question,reflexive,not annotated upstream,the baboons,,True,attachment,amouyal:194,reg,True,reg_repair,5771f6670250fefefa8279604741a208b7be651136dde8162e2d840c591ad18b,246,0.006472666747868061,0.9999253153800964,0.006472666747868061,0, No,703e3255dc15e54e7cedee7271212b3569b6facc624545f10974dfc6eacb9967
amouyal:195,amouyal,NPZ,gp,lingering,No,,,,0,339,set_hyp5_2,GP_reflexive,GP_question,reflexive,not annotated upstream,the baboons,,True,event,amouyal:195,reg,True,reg_repair,2cc55f3e5d7bd2a0ece73b2a7b247f205316a6489bea1e424137a8080eccb7c0,236,1.0013586404511443e-08,0.9999770522117615,0.9999999899864136,1, No,
amouyal:195:attachment,amouyal,NPZ,gp,lingering,No,,,,0,339,set_hyp5_2,GP_reflexive,GP_question,reflexive,not annotated upstream,the baboons,,True,attachment,amouyal:195,reg,True,reg_repair,12fc8c9052a7b29049213887e70e45a40c8a30650ca7114c2ea8b88db61f014f,249,0.021096864715218544,0.9998295903205872,0.9789031352847815,1, No,90d7e33449e752713a4b5ff0ffaf9e3a10bb78d1498a9398895344986ca7a998
amouyal:146,amouyal,NPZ,non_gp,simple,Yes,,,,0,290,set_hyp5_2,nonGP_reflexive,simple_question,reflexive,not annotated upstream,the baboons,,True,event,amouyal:146,reg,True,reg_repair,977bc35407f8b91f601fe0071b8470a5980829c723cbd39f7dbedc3e7e269610,236,0.9999967217445374,0.9996374249458313,0.9999967217445374,1, Yes,
amouyal:146:attachment,amouyal,NPZ,non_gp,simple,Yes,,,,0,290,set_hyp5_2,nonGP_reflexive,simple_question,reflexive,not annotated upstream,the baboons,,True,attachment,amouyal:146,reg,True,reg_repair,c0a37d482cd2606594ef7bfada00022875cd6b4074c2649f0bdca49071cc56ab,246,0.9998964667320251,0.9986708760261536,0.9998964667320251,1, Yes,703e3255dc15e54e7cedee7271212b3569b6facc624545f10974dfc6eacb9967
amouyal:147,amouyal,NPZ,non_gp,lingering,No,,,,0,291,set_hyp5_2,nonGP_reflexive,GP_question,reflexive,not annotated upstream,the baboons,,True,event,amouyal:147,reg,True,reg_repair,fefc3de09d9ae990f25febbcdee90e8441f0d84d02c90e8052e5c09a47ff0b46,236,1.110481498423077e-12,0.999957799911499,0.9999999999988896,1, No,
amouyal:147:attachment,amouyal,NPZ,non_gp,lingering,No,,,,0,291,set_hyp5_2,nonGP_reflexive,GP_question,reflexive,not annotated upstream,the baboons,,True,attachment,amouyal:147,reg,True,reg_repair,2dca03f5f07db9c64d4bfca33967f693aa8ee1117605efbccff5811a79083950,249,6.377410954883089e-06,0.9999560117721558,0.9999936225890451,1, No,90d7e33449e752713a4b5ff0ffaf9e3a10bb78d1498a9398895344986ca7a998
amouyal:196,amouyal,NPZ,gp,simple,Yes,,,,0,340,set_hyp5_3,GP_reflexive,simple_question,reflexive,not annotated upstream,the car,,True,event,amouyal:196,reg,True,reg_repair,4b66deb0159893962131e2beed7e7fe3b5f21e5f819e8ba6e07b64f9f384c2c5,232,0.9975499510765076,0.999623715877533,0.9975499510765076,1, Yes,
amouyal:196:attachment,amouyal,NPZ,gp,simple,Yes,,,,0,340,set_hyp5_3,GP_reflexive,simple_question,reflexive,not annotated upstream,the car,,True,attachment,amouyal:196,reg,True,reg_repair,816c095a2d55f8d4363b344abd8ed1e917fb73d1b3a2e74de184252a2be24838,242,1.9588367194955936e-06,0.99998939037323,1.9588367194955936e-06,0, No,0bc3634d0abe369ea7f8f0e83498be9d519fddcf3ef37468e561e3f43e49a094
amouyal:197,amouyal,NPZ,gp,lingering,No,,,,0,341,set_hyp5_3,GP_reflexive,GP_question,reflexive,not annotated upstream,the car,,True,event,amouyal:197,reg,True,reg_repair,4ba661f95e934d10f1f0bde8ae46ea9c739ac0809b12a37e3a4dc3970ab2a43c,231,0.00022830381931271404,0.9999716877937317,0.9997716961806873,1, No,
amouyal:197:attachment,amouyal,NPZ,gp,lingering,No,,,,0,341,set_hyp5_3,GP_reflexive,GP_question,reflexive,not annotated upstream,the car,,True,attachment,amouyal:197,reg,True,reg_repair,b22f35a45bbfef1ecb995b9516b0bc1e70e51ffee12ccac431e46ba9167fdeed,245,0.015062229707837105,0.9999109506607056,0.9849377702921629,1, No,d93f30491c8cdce435202a3acc3d9e580f78bb9ea529922e3949dfd8c1601465
amouyal:148,amouyal,NPZ,non_gp,simple,Yes,,,,0,292,set_hyp5_3,nonGP_reflexive,simple_question,reflexive,not annotated upstream,the car,,True,event,amouyal:148,reg,True,reg_repair,809830b57c998c722d4e2862f8a84acd20aeea5f6b8cd9b0fc0c1cfa2c6327ac,232,0.9999845027923584,0.999538242816925,0.9999845027923584,1, Yes,
amouyal:148:attachment,amouyal,NPZ,non_gp,simple,Yes,,,,0,292,set_hyp5_3,nonGP_reflexive,simple_question,reflexive,not annotated upstream,the car,,True,attachment,amouyal:148,reg,True,reg_repair,65c488ab9319cc381ecb47a9a4c8efb37b839d374e39fa6e798f9084230f3eb3,242,0.9984573721885681,0.9992905855178833,0.9984573721885681,1, Yes,0bc3634d0abe369ea7f8f0e83498be9d519fddcf3ef37468e561e3f43e49a094
amouyal:149,amouyal,NPZ,non_gp,lingering,No,,,,0,293,set_hyp5_3,nonGP_reflexive,GP_question,reflexive,not annotated upstream,the car,,True,event,amouyal:149,reg,True,reg_repair,5dcf1ce708c626400abff7a20e11cef967e7489d82bf8be81ddc308dc18c429e,231,2.987380620655955e-10,0.9999889731407166,0.999999999701262,1, No,
amouyal:149:attachment,amouyal,NPZ,non_gp,lingering,No,,,,0,293,set_hyp5_3,nonGP_reflexive,GP_question,reflexive,not annotated upstream,the car,,True,attachment,amouyal:149,reg,True,reg_repair,a0a9f6fb6edfc1f6adc67d0849c2293d07a2d455efbcd78bf68d324671413003,245,0.021115554496645927,0.9998655319213867,0.9788844455033541,1, No,d93f30491c8cdce435202a3acc3d9e580f78bb9ea529922e3949dfd8c1601465
amouyal:198,amouyal,NPZ,gp,simple,Yes,,,,0,342,set_hyp5_4,GP_reflexive,simple_question,reflexive,not annotated upstream,the neighbor,,True,event,amouyal:198,reg,True,reg_repair,0b25ce5e82023b8b38a443d32cfea967d1b22b87bd9495189b2f40de1d4b4656,229,0.9999542832374573,0.9996398091316223,0.9999542832374573,1, Yes,
amouyal:198:attachment,amouyal,NPZ,gp,simple,Yes,,,,0,342,set_hyp5_4,GP_reflexive,simple_question,reflexive,not annotated upstream,the neighbor,,True,attachment,amouyal:198,reg,True,reg_repair,8abc6abb383b9cf8bb236a3233af6515af6a5f0769fea85051dbca8a2462cb64,241,0.0006453529349528253,0.9999649524688721,0.0006453529349528253,0, No,2faf3dbb4ac761964cd2dc192e720abae9d420aab75396d412cf93786d613740
amouyal:199,amouyal,NPZ,gp,lingering,No,,,,0,343,set_hyp5_4,GP_reflexive,GP_question,reflexive,not annotated upstream,the neighbor,,True,event,amouyal:199,reg,True,reg_repair,ade202c58b135837438fb66877a8902627f5ce891b335dc6b4f49225ca712185,230,4.244698357069865e-05,0.9999780058860779,0.9999575530164293,1, No,
amouyal:199:attachment,amouyal,NPZ,gp,lingering,No,,,,0,343,set_hyp5_4,GP_reflexive,GP_question,reflexive,not annotated upstream,the neighbor,,True,attachment,amouyal:199,reg,True,reg_repair,7e72c01681f715de265079a6b222262f0a4b78c79d7c146120e575754609fd86,244,0.46773308515548706,0.9992450475692749,0.5322669148445129,1, No,f0c318e970aaef1c89ca64cea26bc914c2572d323fa91e4a3fc89bdf94f8a697
amouyal:150,amouyal,NPZ,non_gp,simple,Yes,,,,0,294,set_hyp5_4,nonGP_reflexive,simple_question,reflexive,not annotated upstream,the neighbor,,True,event,amouyal:150,reg,True,reg_repair,8f8a7e2f648c0d5e47e1399c3566c095eafc526403dd7f9c5dff1c870b98da70,229,0.9997347593307495,0.998937726020813,0.9997347593307495,1, Yes,
amouyal:150:attachment,amouyal,NPZ,non_gp,simple,Yes,,,,0,294,set_hyp5_4,nonGP_reflexive,simple_question,reflexive,not annotated upstream,the neighbor,,True,attachment,amouyal:150,reg,True,reg_repair,dd229a212ce602a3888504aa4a6cee8cc9abf7a2513b730ac7632e87843cfacc,241,0.9484756588935852,0.9987011551856995,0.9484756588935852,1, Yes,2faf3dbb4ac761964cd2dc192e720abae9d420aab75396d412cf93786d613740
amouyal:151,amouyal,NPZ,non_gp,lingering,No,,,,0,295,set_hyp5_4,nonGP_reflexive,GP_question,reflexive,not annotated upstream,the neighbor,,True,event,amouyal:151,reg,True,reg_repair,184bbabcf8a8529d531b636e185c6724678380cfaf9f522a5f17aed36e841db5,230,2.3314999930690306e-10,0.9999540448188782,0.9999999997668501,1, No,
amouyal:151:attachment,amouyal,NPZ,non_gp,lingering,No,,,,0,295,set_hyp5_4,nonGP_reflexive,GP_question,reflexive,not annotated upstream,the neighbor,,True,attachment,amouyal:151,reg,True,reg_repair,148edb4379efd2b2dbc4ace64feecc7b9bd48978f9402276428b0d35d59593c2,244,0.013635924085974693,0.9997888803482056,0.9863640759140253,1, No,f0c318e970aaef1c89ca64cea26bc914c2572d323fa91e4a3fc89bdf94f8a697
amouyal:200,amouyal,NPZ,gp,simple,Yes,,,,0,344,set_hyp5_5,GP_reflexive,simple_question,reflexive,not annotated upstream,the jewelry,,True,event,amouyal:200,reg,True,reg_repair,db081bdb10f614d9f9bddf752ec03fcd02bf5184bdbf807cde99b352101b15a3,229,0.9994163513183594,0.9996220469474792,0.9994163513183594,1, Yes,
amouyal:200:attachment,amouyal,NPZ,gp,simple,Yes,,,,0,344,set_hyp5_5,GP_reflexive,simple_question,reflexive,not annotated upstream,the jewelry,,True,attachment,amouyal:200,reg,True,reg_repair,0f74f1fad3d4b9e380647be95ec473da3fbbe0acacf7c2c0013a5bab8f6c2fec,241,5.8402165450388566e-05,0.9999855160713196,5.8402165450388566e-05,0, No,312025083e6166c97e6601ac6077597b3ca26d71c67c99f54425893605d01f45
amouyal:201,amouyal,NPZ,gp,lingering,No,,,,0,345,set_hyp5_5,GP_reflexive,GP_question,reflexive,not annotated upstream,the jewelry,,True,event,amouyal:201,reg,True,reg_repair,dfe59b15e284f551566c49a1d11969cbe6ee13c836f5d13bbd9c8f5f2f6b7f5f,230,0.9762309789657593,0.9993053674697876,0.023769021034240723,0, Yes,
amouyal:201:attachment,amouyal,NPZ,gp,lingering,No,,,,0,345,set_hyp5_5,GP_reflexive,GP_question,reflexive,not annotated upstream,the jewelry,,True,attachment,amouyal:201,reg,True,reg_repair,fa7a171019f850c025af648273c776e24dc52bb7f3c328780349453f6a486464,244,0.11808446794748306,0.999718964099884,0.8819155320525169,1, No,93e2213b07cf031ab19742f25b623d273853a384890d057d107f04b0c974ee76
amouyal:152,amouyal,NPZ,non_gp,simple,Yes,,,,0,296,set_hyp5_5,nonGP_reflexive,simple_question,reflexive,not annotated upstream,the jewelry,,True,event,amouyal:152,reg,True,reg_repair,53cd6d1247e99067701b0cdd9a5f2110faf43f01407f8bc3489824d5ab741588,229,0.9999964833259583,0.9994953274726868,0.9999964833259583,1, Yes,
amouyal:152:attachment,amouyal,NPZ,non_gp,simple,Yes,,,,0,296,set_hyp5_5,nonGP_reflexive,simple_question,reflexive,not annotated upstream,the jewelry,,True,attachment,amouyal:152,reg,True,reg_repair,51831ce49754bf7dfb39141670fd1d55e40c30a442b93b7f6edf37d8ff4a46fc,241,0.9998635053634644,0.9983930587768555,0.9998635053634644,1, Yes,312025083e6166c97e6601ac6077597b3ca26d71c67c99f54425893605d01f45
amouyal:153,amouyal,NPZ,non_gp,lingering,No,,,,0,297,set_hyp5_5,nonGP_reflexive,GP_question,reflexive,not annotated upstream,the jewelry,,True,event,amouyal:153,reg,True,reg_repair,9470bc337866e8ad230add7810edf9ae50036ded7ccaef7b6482a40ae52190ff,230,2.3591956166413297e-10,0.9999702572822571,0.9999999997640805,1, No,
amouyal:153:attachment,amouyal,NPZ,non_gp,lingering,No,,,,0,297,set_hyp5_5,nonGP_reflexive,GP_question,reflexive,not annotated upstream,the jewelry,,True,attachment,amouyal:153,reg,True,reg_repair,1c92a253fa11fd4d7f21221e1a4a20860ce83c7a2a857a3763a4da5253823495,244,0.008272047154605389,0.9998782277107239,0.9917279528453946,1, No,93e2213b07cf031ab19742f25b623d273853a384890d057d107f04b0c974ee76
amouyal:202,amouyal,NPZ,gp,simple,Yes,,,,0,346,set_hyp5_6,GP_reflexive,simple_question,reflexive,not annotated upstream,the baby,,True,event,amouyal:202,reg,True,reg_repair,cad8fb0c90c476d49ae360a4a2ee18bcc9476f20687cd9c0304347a1a0a1be39,233,0.9998190402984619,0.9996962547302246,0.9998190402984619,1, Yes,
amouyal:202:attachment,amouyal,NPZ,gp,simple,Yes,,,,0,346,set_hyp5_6,GP_reflexive,simple_question,reflexive,not annotated upstream,the baby,,True,attachment,amouyal:202,reg,True,reg_repair,4ab3d810dbe4d03b5a8f55480913a2347be0e1b8607740c0cf5a4e1900c4154b,242,1.943482129718177e-05,0.9999856352806091,1.943482129718177e-05,0, No,1a94d18c384c103f827805dbcae6b58f38660ca932988b00417a63a8fb833ad3
amouyal:203,amouyal,NPZ,gp,lingering,No,,,,0,347,set_hyp5_6,GP_reflexive,GP_question,reflexive,not annotated upstream,the baby,,True,event,amouyal:203,reg,True,reg_repair,471b15b975237fd246e875ca398b2230c20ee4d72c4a25d939bc8e5c87169206,230,0.4479692280292511,0.9993417263031006,0.5520307719707489,1, No,
amouyal:203:attachment,amouyal,NPZ,gp,lingering,No,,,,0,347,set_hyp5_6,GP_reflexive,GP_question,reflexive,not annotated upstream,the baby,,True,attachment,amouyal:203,reg,True,reg_repair,c7cb9a01b2471e4fb81c382cd04b9dd773a5af20b6d183cab81054f482d2883d,245,0.471824049949646,0.9995165467262268,0.528175950050354,1, No,8d6284ae12ba71491537de771ef739468ba76bd72040675b00c3cc694048b3d4
amouyal:154,amouyal,NPZ,non_gp,simple,Yes,,,,0,298,set_hyp5_6,nonGP_reflexive,simple_question,reflexive,not annotated upstream,the baby,,True,event,amouyal:154,reg,True,reg_repair,f1ed3e9988238880c407dce4ccc95a73b156f38364adf23d5b8d053da2970b47,233,0.9999682903289795,0.9994917511940002,0.9999682903289795,1, Yes,
amouyal:154:attachment,amouyal,NPZ,non_gp,simple,Yes,,,,0,298,set_hyp5_6,nonGP_reflexive,simple_question,reflexive,not annotated upstream,the baby,,True,attachment,amouyal:154,reg,True,reg_repair,ec9adb1a85247e2a005e4fe513cf4db1112fb6440c37cf14ba7e7d4788537d49,242,0.999764621257782,0.9986035823822021,0.999764621257782,1, Yes,1a94d18c384c103f827805dbcae6b58f38660ca932988b00417a63a8fb833ad3
amouyal:155,amouyal,NPZ,non_gp,lingering,No,,,,0,299,set_hyp5_6,nonGP_reflexive,GP_question,reflexive,not annotated upstream,the baby,,True,event,amouyal:155,reg,True,reg_repair,045317ef23a571b3e1f867d58770d8f6ad2a1ac2832eb09e960510bcc7a2419b,230,2.8502669010777026e-05,0.9999409317970276,0.9999714973309892,1, No,
amouyal:155:attachment,amouyal,NPZ,non_gp,lingering,No,,,,0,299,set_hyp5_6,nonGP_reflexive,GP_question,reflexive,not annotated upstream,the baby,,True,attachment,amouyal:155,reg,True,reg_repair,366aae9f99858d87ac0d77cfd229f34256a3c54d14efecb2fb0022c725d3d7ea,245,0.8057682514190674,0.9991292357444763,0.19423174858093262,0, Yes,8d6284ae12ba71491537de771ef739468ba76bd72040675b00c3cc694048b3d4
amouyal:204,amouyal,NPZ,gp,simple,Yes,,,,0,348,set_hyp5_7,GP_reflexive,simple_question,reflexive,not annotated upstream,the dog,,True,event,amouyal:204,reg,True,reg_repair,d564478aa00f69aa4294861751ecf2e9196b0c74bb4d499a70f1a71b48a4e995,229,0.9997908473014832,0.9994906187057495,0.9997908473014832,1, Yes,
amouyal:204:attachment,amouyal,NPZ,gp,simple,Yes,,,,0,348,set_hyp5_7,GP_reflexive,simple_question,reflexive,not annotated upstream,the dog,,True,attachment,amouyal:204,reg,True,reg_repair,6a923c83e366bae6691c070efee6263d1d116dbc481b9a6cd14616baabd15552,241,2.288745599798858e-05,0.9999893307685852,2.288745599798858e-05,0, No,569c848c9106db4be58942a3f7449615861d703b63c040ecd54b180f9f6dced7
amouyal:205,amouyal,NPZ,gp,lingering,No,,,,0,349,set_hyp5_7,GP_reflexive,GP_question,reflexive,not annotated upstream,the dog,,True,event,amouyal:205,reg,True,reg_repair,2af88947f4e7c64377d1d041374e43e68ab241dd246a949d9e3525668dc4f229,230,3.586239245123579e-06,0.9999601244926453,0.9999964137607549,1, No,
amouyal:205:attachment,amouyal,NPZ,gp,lingering,No,,,,0,349,set_hyp5_7,GP_reflexive,GP_question,reflexive,not annotated upstream,the dog,,True,attachment,amouyal:205,reg,True,reg_repair,5b330bf9c16332f9f0a5c2c19ad8b8e2b3f34e278337341a54b1f6be4d7ee875,244,0.04328547418117523,0.9998455047607422,0.9567145258188248,1, No,c7c0720618c619f1c5a4312bf7a8ba621df2a4379443d1dd2c7a5604cd4f0dc4
amouyal:156,amouyal,NPZ,non_gp,simple,Yes,,,,0,300,set_hyp5_7,nonGP_reflexive,simple_question,reflexive,not annotated upstream,the dog,,True,event,amouyal:156,reg,True,reg_repair,f851a73f041b795ab1c5b8e24d7ce772a9ffb35ea7a62582e57f4f1e93151a10,229,0.9999716281890869,0.9994276762008667,0.9999716281890869,1, Yes,
amouyal:156:attachment,amouyal,NPZ,non_gp,simple,Yes,,,,0,300,set_hyp5_7,nonGP_reflexive,simple_question,reflexive,not annotated upstream,the dog,,True,attachment,amouyal:156,reg,True,reg_repair,3519bfd007cf0afb471ef732b3f45d929afe99aaeaa883fffc38ba49dbaf35d2,241,0.9998427033424377,0.9987825751304626,0.9998427033424377,1, Yes,569c848c9106db4be58942a3f7449615861d703b63c040ecd54b180f9f6dced7
amouyal:157,amouyal,NPZ,non_gp,lingering,No,,,,0,301,set_hyp5_7,nonGP_reflexive,GP_question,reflexive,not annotated upstream,the dog,,True,event,amouyal:157,reg,True,reg_repair,ac1750a0f3e5f02411be88bcd3d693fa5cddea129e054547c283270e583ce669,230,1.2247441776025436e-11,0.9999551773071289,0.9999999999877526,1, No,
amouyal:157:attachment,amouyal,NPZ,non_gp,lingering,No,,,,0,301,set_hyp5_7,nonGP_reflexive,GP_question,reflexive,not annotated upstream,the dog,,True,attachment,amouyal:157,reg,True,reg_repair,7c18a0f760434ca11adda62f8e3225cdb41d1294c0281a455ca3f0613253410a,244,1.6255653463304043e-06,0.9999637007713318,0.9999983744346537,1, No,c7c0720618c619f1c5a4312bf7a8ba621df2a4379443d1dd2c7a5604cd4f0dc4
amouyal:206,amouyal,NPZ,gp,simple,Yes,,,,0,350,set_hyp5_8,GP_reflexive,simple_question,reflexive,not annotated upstream,the horse,,True,event,amouyal:206,reg,True,reg_repair,a28e3aa907ae17a3cbef4d037fad57fdd7bc82fd8de3549cfe41784d5d77eae2,234,0.9999843835830688,0.9995039105415344,0.9999843835830688,1, Yes,
amouyal:206:attachment,amouyal,NPZ,gp,simple,Yes,,,,0,350,set_hyp5_8,GP_reflexive,simple_question,reflexive,not annotated upstream,the horse,,True,attachment,amouyal:206,reg,True,reg_repair,ddde63e7b42822cf9eefaf2ba368fa5de5effa5a20ebd341b5cbed5b3252eeb9,244,0.05339890718460083,0.999801754951477,0.05339890718460083,0, No,8c6af6d5f483fb559cc3d89a17cebf5ce9f0cef453ff7f4961aec5a45f44afcc
amouyal:207,amouyal,NPZ,gp,lingering,No,,,,0,351,set_hyp5_8,GP_reflexive,GP_question,reflexive,not annotated upstream,the horse,,True,event,amouyal:207,reg,True,reg_repair,a672a1cab88fd797a30d1c12e7ac9f410c1f7ea5f232167aec2b891a8a0b6eda,235,0.0018929803045466542,0.9998700618743896,0.9981070196954533,1, No,
amouyal:207:attachment,amouyal,NPZ,gp,lingering,No,,,,0,351,set_hyp5_8,GP_reflexive,GP_question,reflexive,not annotated upstream,the horse,,True,attachment,amouyal:207,reg,True,reg_repair,ddf87a9dad11b2d1ab6a8c32cfd2b7d4fb26f38e345f5bcaf504df6ebee2f6d9,247,0.14157222211360931,0.9996128678321838,0.8584277778863907,1, No,9a755ac496f13ae5f2c388965641bf2dfa1cd2c83cc4f318324219cedf67eb8f
amouyal:158,amouyal,NPZ,non_gp,simple,Yes,,,,0,302,set_hyp5_8,nonGP_reflexive,simple_question,reflexive,not annotated upstream,the horse,,True,event,amouyal:158,reg,True,reg_repair,0afb98baef54fb1df680fd554e012dd1dfb9a1e228a91e04fc94e4a73acce340,234,0.9999834895133972,0.99918133020401,0.9999834895133972,1, Yes,
amouyal:158:attachment,amouyal,NPZ,non_gp,simple,Yes,,,,0,302,set_hyp5_8,nonGP_reflexive,simple_question,reflexive,not annotated upstream,the horse,,True,attachment,amouyal:158,reg,True,reg_repair,c2f516f5bd2458dc473425ab1e51012919b5fcfbb48fa9c1122b2140f6ae5810,244,0.999931275844574,0.9980762004852295,0.999931275844574,1, Yes,8c6af6d5f483fb559cc3d89a17cebf5ce9f0cef453ff7f4961aec5a45f44afcc
amouyal:159,amouyal,NPZ,non_gp,lingering,No,,,,0,303,set_hyp5_8,nonGP_reflexive,GP_question,reflexive,not annotated upstream,the horse,,True,event,amouyal:159,reg,True,reg_repair,85a747497df2cdb819d48a9034d8a16882240b349ab57d110e31b77d0537d0f3,235,6.386668971458676e-11,0.9999548196792603,0.9999999999361333,1, No,
amouyal:159:attachment,amouyal,NPZ,non_gp,lingering,No,,,,0,303,set_hyp5_8,nonGP_reflexive,GP_question,reflexive,not annotated upstream,the horse,,True,attachment,amouyal:159,reg,True,reg_repair,07f9ce13047fec27078f342c822f7a45f2fb7747e2dba6e9267b5448248a6501,247,4.80591734230984e-05,0.9999525547027588,0.9999519408265769,1, No,9a755ac496f13ae5f2c388965641bf2dfa1cd2c83cc4f318324219cedf67eb8f
amouyal:208,amouyal,NPZ,gp,simple,Yes,,,,0,352,set_hyp5_9,GP_reflexive,simple_question,reflexive,not annotated upstream,the baby,,True,event,amouyal:208,reg,True,reg_repair,10d059241fadf1915027420e7d67add1dbdf646282b1ec282731afe69aebe566,229,0.9999974370002747,0.9996510148048401,0.9999974370002747,1, Yes,
amouyal:208:attachment,amouyal,NPZ,gp,simple,Yes,,,,0,352,set_hyp5_9,GP_reflexive,simple_question,reflexive,not annotated upstream,the baby,,True,attachment,amouyal:208,reg,True,reg_repair,bab5e0b19ed913ec18efa70945e5186092588fce46aecb913201f9afae0c1d64,241,0.42865410447120667,0.9994120001792908,0.42865410447120667,0, No,1a94d18c384c103f827805dbcae6b58f38660ca932988b00417a63a8fb833ad3
amouyal:209,amouyal,NPZ,gp,lingering,No,,,,0,353,set_hyp5_9,GP_reflexive,GP_question,reflexive,not annotated upstream,the baby,,True,event,amouyal:209,reg,True,reg_repair,84d25bb118d665b7a086a75ba3a8f52eeac7dfcc30b1b7d438ac5272c0e2c9fa,231,0.9999008774757385,0.9994652271270752,9.912252426147461e-05,0, Yes,
amouyal:209:attachment,amouyal,NPZ,gp,lingering,No,,,,0,353,set_hyp5_9,GP_reflexive,GP_question,reflexive,not annotated upstream,the baby,,True,attachment,amouyal:209,reg,True,reg_repair,c79acb671145a54f35dff85355a0d2bb29ee19509b4384e8f63e8d7b15ed420e,244,0.948087751865387,0.9991711378097534,0.05191224813461304,0, Yes,8d6284ae12ba71491537de771ef739468ba76bd72040675b00c3cc694048b3d4
amouyal:160,amouyal,NPZ,non_gp,simple,Yes,,,,0,304,set_hyp5_9,nonGP_reflexive,simple_question,reflexive,not annotated upstream,the baby,,True,event,amouyal:160,reg,True,reg_repair,8ab8fdbb402b01b2e41cda96057d6e59d46c3eb77d42caaeefb5a586bbe29f9b,229,0.9999840259552002,0.9992927312850952,0.9999840259552002,1, Yes,
amouyal:160:attachment,amouyal,NPZ,non_gp,simple,Yes,,,,0,304,set_hyp5_9,nonGP_reflexive,simple_question,reflexive,not annotated upstream,the baby,,True,attachment,amouyal:160,reg,True,reg_repair,928cdff3dc5df87d6395960f92ac0575bef24d8bbc91769dee7ecfc85990034a,241,0.9995136857032776,0.998033881187439,0.9995136857032776,1, Yes,1a94d18c384c103f827805dbcae6b58f38660ca932988b00417a63a8fb833ad3
amouyal:161,amouyal,NPZ,non_gp,lingering,No,,,,0,305,set_hyp5_9,nonGP_reflexive,GP_question,reflexive,not annotated upstream,the baby,,True,event,amouyal:161,reg,True,reg_repair,ae3382fee8fcce9423403f5a099a14b9f4e4aca3851d2549c5f03ed89a488c3b,231,0.9712963104248047,0.9994825720787048,0.028703689575195312,0, Yes,
amouyal:161:attachment,amouyal,NPZ,non_gp,lingering,No,,,,0,305,set_hyp5_9,nonGP_reflexive,GP_question,reflexive,not annotated upstream,the baby,,True,attachment,amouyal:161,reg,True,reg_repair,b265cfae194d7be0454a3e5765a9d59350faedbedd413d8235df34629ad090b2,244,0.0066402992233633995,0.9998587965965271,0.9933597007766366,1, No,8d6284ae12ba71491537de771ef739468ba76bd72040675b00c3cc694048b3d4
amouyal:210,amouyal,NPZ,gp,simple,Yes,,,,0,354,set_hyp5_10,GP_reflexive,simple_question,reflexive,not annotated upstream,the patient,,True,event,amouyal:210,reg,True,reg_repair,2c3ad1d1477515814b052d78495521f4fed79c5d02d0d9530efd7038538e84d0,228,0.9998664855957031,0.9996614456176758,0.9998664855957031,1, Yes,
amouyal:210:attachment,amouyal,NPZ,gp,simple,Yes,,,,0,354,set_hyp5_10,GP_reflexive,simple_question,reflexive,not annotated upstream,the patient,,True,attachment,amouyal:210,reg,True,reg_repair,18a8371c82a46417b0749760455aabbeae7c91de15944cd30dad7c041589a82c,240,0.0006250577862374485,0.9999682903289795,0.0006250577862374485,0, No,1ba0e8de1798adf61209aff0ba3b8ea6b2ff7fddbef8986e3d92428369936c72
amouyal:211,amouyal,NPZ,gp,lingering,No,,,,0,355,set_hyp5_10,GP_reflexive,GP_question,reflexive,not annotated upstream,the patient,,True,event,amouyal:211,reg,True,reg_repair,c899104c5f40f41bb5062ac8b42f796429a5cbaf0af5e5b27e92534b336c5b59,229,0.9091516733169556,0.9989140629768372,0.09084832668304443,0, Yes,
amouyal:211:attachment,amouyal,NPZ,gp,lingering,No,,,,0,355,set_hyp5_10,GP_reflexive,GP_question,reflexive,not annotated upstream,the patient,,True,attachment,amouyal:211,reg,True,reg_repair,21cb769aff62a0d24d02c4dff0e597ef29c6f83bbf3d15db6c1f1b47d62eca02,243,0.1330493688583374,0.9996891021728516,0.8669506311416626,1, No,a2a20a3ce4ad5a6949895d320bcd499f86e2882d6bd52f69fbd05c92dcd1e387
amouyal:162,amouyal,NPZ,non_gp,simple,Yes,,,,0,306,set_hyp5_10,nonGP_reflexive,simple_question,reflexive,not annotated upstream,the patient,,True,event,amouyal:162,reg,True,reg_repair,81f3f46b34c37769ca6dcec2fc012181092751a15c1a32f37224f634eca67b2f,228,0.9999961853027344,0.9995595812797546,0.9999961853027344,1, Yes,
amouyal:162:attachment,amouyal,NPZ,non_gp,simple,Yes,,,,0,306,set_hyp5_10,nonGP_reflexive,simple_question,reflexive,not annotated upstream,the patient,,True,attachment,amouyal:162,reg,True,reg_repair,8b5abfad3c68134437efee6b91ddbd822a87689c12db05f443b99c4103d49b1b,240,0.9999552369117737,0.9980593323707581,0.9999552369117737,1, Yes,1ba0e8de1798adf61209aff0ba3b8ea6b2ff7fddbef8986e3d92428369936c72
amouyal:163,amouyal,NPZ,non_gp,lingering,No,,,,0,307,set_hyp5_10,nonGP_reflexive,GP_question,reflexive,not annotated upstream,the patient,,True,event,amouyal:163,reg,True,reg_repair,623e2d3bd875ccff8d3c04e64f4d07c3ef02ea55187ae7236a9a6d96ce604293,229,0.7471644282341003,0.9992371797561646,0.25283557176589966,0, Yes,
amouyal:163:attachment,amouyal,NPZ,non_gp,lingering,No,,,,0,307,set_hyp5_10,nonGP_reflexive,GP_question,reflexive,not annotated upstream,the patient,,True,attachment,amouyal:163,reg,True,reg_repair,da343a2c90dac9ce5197903cecd7bc4219fdcd64d5632d397de46371c62e7636,243,0.000414886832004413,0.9999229907989502,0.9995851131679956,1, No,a2a20a3ce4ad5a6949895d320bcd499f86e2882d6bd52f69fbd05c92dcd1e387
amouyal:212,amouyal,NPZ,gp,simple,Yes,,,,0,356,set_hyp5_11,GP_reflexive,simple_question,reflexive,not annotated upstream,the cat,,True,event,amouyal:212,reg,True,reg_repair,4a23f9023cd4528a3dbb97b2c236d4105ac718d4ba9fc58105ca375dd0a32b44,232,0.4363866150379181,0.9987614750862122,0.4363866150379181,0, No,
amouyal:212:attachment,amouyal,NPZ,gp,simple,Yes,,,,0,356,set_hyp5_11,GP_reflexive,simple_question,reflexive,not annotated upstream,the cat,,True,attachment,amouyal:212,reg,True,reg_repair,2223744dd3b0d878267a8e7db30e2dc10fe0248ffebc8df056456d9f6f48b75e,242,0.0002858692314475775,0.9999746680259705,0.0002858692314475775,0, No,3fd462885638291a64331a0fe01386d515be067f5b1a3138b1cd17f38bbaacd5
amouyal:213,amouyal,NPZ,gp,lingering,No,,,,0,357,set_hyp5_11,GP_reflexive,GP_question,reflexive,not annotated upstream,the cat,,True,event,amouyal:213,reg,True,reg_repair,27644c91504b065f9e500dd2dc3a719f3193a02197c5e6b6b2a515d94b6acc7f,231,0.02259897254407406,0.9995622038841248,0.9774010274559259,1, No,
amouyal:213:attachment,amouyal,NPZ,gp,lingering,No,,,,0,357,set_hyp5_11,GP_reflexive,GP_question,reflexive,not annotated upstream,the cat,,True,attachment,amouyal:213,reg,True,reg_repair,7b3c0d0ff511a3ad2e18c33756aaee08eb9b2e9bbf158d1547a1c803a6f11471,245,0.10655968636274338,0.9996635913848877,0.8934403136372566,1, No,9804eb14a34437f601ca64f2a87977a719f50a059ccb9ffbbd129e63b908d0f8
amouyal:164,amouyal,NPZ,non_gp,simple,Yes,,,,0,308,set_hyp5_11,nonGP_reflexive,simple_question,reflexive,not annotated upstream,the cat,,True,event,amouyal:164,reg,True,reg_repair,a8e1914d4b7962f945f5846e57ab0fb4b861769f89c0074ec436a6c549c21a12,232,0.9999673366546631,0.9995037317276001,0.9999673366546631,1, Yes,
amouyal:164:attachment,amouyal,NPZ,non_gp,simple,Yes,,,,0,308,set_hyp5_11,nonGP_reflexive,simple_question,reflexive,not annotated upstream,the cat,,True,attachment,amouyal:164,reg,True,reg_repair,32e1280aa93321f12830bacf1c6063574e2cd66451b82f003320585ce29fad03,242,0.9997817277908325,0.9988278746604919,0.9997817277908325,1, Yes,3fd462885638291a64331a0fe01386d515be067f5b1a3138b1cd17f38bbaacd5
amouyal:165,amouyal,NPZ,non_gp,lingering,No,,,,0,309,set_hyp5_11,nonGP_reflexive,GP_question,reflexive,not annotated upstream,the cat,,True,event,amouyal:165,reg,True,reg_repair,ab8dd060ae293bcdb5a7a87b7b9a5b2f7955cddbb07ec57e0c456f2fad1419ab,231,1.1523294471404988e-11,0.9999732375144958,0.9999999999884767,1, No,
amouyal:165:attachment,amouyal,NPZ,non_gp,lingering,No,,,,0,309,set_hyp5_11,nonGP_reflexive,GP_question,reflexive,not annotated upstream,the cat,,True,attachment,amouyal:165,reg,True,reg_repair,4bf97d1d7e5f25576806795fc26c76961ed986886be1715ffb693f9fde7a7fac,245,1.3567464520747308e-06,0.9999726414680481,0.9999986432535479,1, No,9804eb14a34437f601ca64f2a87977a719f50a059ccb9ffbbd129e63b908d0f8
amouyal:214,amouyal,NPZ,gp,simple,Yes,,,,0,358,set_hyp5_12,GP_reflexive,simple_question,reflexive,not annotated upstream,the children,,True,event,amouyal:214,reg,True,reg_repair,528071262bd3bd1f98c14696dbe177c342d83734e91f5e8609c53ae29354a4c3,234,0.9999715685844421,0.9997299313545227,0.9999715685844421,1, Yes,
amouyal:214:attachment,amouyal,NPZ,gp,simple,Yes,,,,0,358,set_hyp5_12,GP_reflexive,simple_question,reflexive,not annotated upstream,the children,,True,attachment,amouyal:214,reg,True,reg_repair,f543c53dc2af44e70551303edc8cf65c3213db356850cfa6d869907fc1f1108c,244,0.0034020324237644672,0.999927282333374,0.0034020324237644672,0, No,c79abff6bf24fdf18fdf13678dd88400e48d3683d1615933a0116be2e9041710
amouyal:215,amouyal,NPZ,gp,lingering,No,,,,0,359,set_hyp5_12,GP_reflexive,GP_question,reflexive,not annotated upstream,the children,,True,event,amouyal:215,reg,True,reg_repair,f08b0e12913ec5ec94980aaff9b2bd4d983bdc62bf42bdcc15fb801c76ab3f7d,234,0.3593331277370453,0.9992307424545288,0.6406668722629547,1, No,
amouyal:215:attachment,amouyal,NPZ,gp,lingering,No,,,,0,359,set_hyp5_12,GP_reflexive,GP_question,reflexive,not annotated upstream,the children,,True,attachment,amouyal:215,reg,True,reg_repair,21aa0e39b6042a74692d29d86436f83351193dd6006f13d417e258b2ad42688d,247,0.2982232868671417,0.9993822574615479,0.7017767131328583,1, No,2d3bb4e208cd68665a0e5f89a2bd84935735d0a2a13642db957ec20020775b1f
amouyal:166,amouyal,NPZ,non_gp,simple,Yes,,,,0,310,set_hyp5_12,nonGP_reflexive,simple_question,reflexive,not annotated upstream,the children,,True,event,amouyal:166,reg,True,reg_repair,7c8e04ec233cb21615ef2b020243426f4763250d6531d384d49c4feff014ffa4,234,0.9999947547912598,0.999516487121582,0.9999947547912598,1, Yes,
amouyal:166:attachment,amouyal,NPZ,non_gp,simple,Yes,,,,0,310,set_hyp5_12,nonGP_reflexive,simple_question,reflexive,not annotated upstream,the children,,True,attachment,amouyal:166,reg,True,reg_repair,f456739d28d11a0447348841c53c2f1a7ae63e93550a1b190575b6c768652ee1,244,0.9999293684959412,0.9974157214164734,0.9999293684959412,1, Yes,c79abff6bf24fdf18fdf13678dd88400e48d3683d1615933a0116be2e9041710
amouyal:167,amouyal,NPZ,non_gp,lingering,No,,,,0,311,set_hyp5_12,nonGP_reflexive,GP_question,reflexive,not annotated upstream,the children,,True,event,amouyal:167,reg,True,reg_repair,0aae4a41a0d9897df6f9f050a41c40cedf7cff507da79cc86ff0843974297ef7,234,6.5067097239079885e-06,0.9999753832817078,0.9999934932902761,1, No,
amouyal:167:attachment,amouyal,NPZ,non_gp,lingering,No,,,,0,311,set_hyp5_12,nonGP_reflexive,GP_question,reflexive,not annotated upstream,the children,,True,attachment,amouyal:167,reg,True,reg_repair,933650a5709062c6d304ad7e91ba55dc2199ad44e41a9942a7287e0ac4e81056,247,3.8040350773371756e-05,0.9999431371688843,0.9999619596492266,1, No,2d3bb4e208cd68665a0e5f89a2bd84935735d0a2a13642db957ec20020775b1f
amouyal:216,amouyal,NPZ,gp,simple,Yes,,,,0,360,set_hyp5_13,GP_reflexive,simple_question,reflexive,not annotated upstream,the painting,,True,event,amouyal:216,reg,True,reg_repair,422998eeb3687fc297e9e913cf69ccda345962d95a73881ecf24609e121beea6,234,0.9892367124557495,0.9991691708564758,0.9892367124557495,1, Yes,
amouyal:216:attachment,amouyal,NPZ,gp,simple,Yes,,,,0,360,set_hyp5_13,GP_reflexive,simple_question,reflexive,not annotated upstream,the painting,,True,attachment,amouyal:216,reg,True,reg_repair,1d61941a24627491e98522238469c8941872495534d731726e0f464dc0463b03,243,1.466198136768071e-05,0.9999829530715942,1.466198136768071e-05,0, No,bc53f0ad336a07433f846c050e7e157da93eae01e1211c7866f31a8b9229a4bd
amouyal:217,amouyal,NPZ,gp,lingering,No,,,,0,361,set_hyp5_13,GP_reflexive,GP_question,reflexive,not annotated upstream,the painting,,True,event,amouyal:217,reg,True,reg_repair,f6b70708186ae606fa146ddc76ebbd46e34c19768ca47a14110ae874018ddb84,232,0.04785187914967537,0.9997789859771729,0.9521481208503246,1, No,
amouyal:217:attachment,amouyal,NPZ,gp,lingering,No,,,,0,361,set_hyp5_13,GP_reflexive,GP_question,reflexive,not annotated upstream,the painting,,True,attachment,amouyal:217,reg,True,reg_repair,e584d5767870bd06147c8035b99fc48b55c3991b65ad08593ba2a838a6c596d1,246,0.005145845003426075,0.9998946189880371,0.9948541549965739,1, No,735f5e1e1f36342670947b025b0d78d30e7e9ee0a15bcdc867b8d7ad989ff125
amouyal:168,amouyal,NPZ,non_gp,simple,Yes,,,,0,312,set_hyp5_13,nonGP_reflexive,simple_question,reflexive,not annotated upstream,the painting,,True,event,amouyal:168,reg,True,reg_repair,01194c8b511512da8562c563220380b5727b14c7f8a69e5cf2f1637421d20e72,234,0.9999881386756897,0.9994380474090576,0.9999881386756897,1, Yes,
amouyal:168:attachment,amouyal,NPZ,non_gp,simple,Yes,,,,0,312,set_hyp5_13,nonGP_reflexive,simple_question,reflexive,not annotated upstream,the painting,,True,attachment,amouyal:168,reg,True,reg_repair,4d70db3cb7f353f8eba0c993b5b257582518c350cc7f2caf539c4788afe07fdc,243,0.9998981952667236,0.998316764831543,0.9998981952667236,1, Yes,bc53f0ad336a07433f846c050e7e157da93eae01e1211c7866f31a8b9229a4bd
amouyal:169,amouyal,NPZ,non_gp,lingering,No,,,,0,313,set_hyp5_13,nonGP_reflexive,GP_question,reflexive,not annotated upstream,the painting,,True,event,amouyal:169,reg,True,reg_repair,3031be4eb0a1dea6da66600473e230a0e092e41a61f9158376caf25c1f60f84a,232,5.5256673903159026e-08,0.9998956918716431,0.9999999447433261,1, No,
amouyal:169:attachment,amouyal,NPZ,non_gp,lingering,No,,,,0,313,set_hyp5_13,nonGP_reflexive,GP_question,reflexive,not annotated upstream,the painting,,True,attachment,amouyal:169,reg,True,reg_repair,4b66eecef10320aebe9c7217006f1b0476fde255806108d964ec36598bb1a125,246,0.00019268400501459837,0.9999468922615051,0.9998073159949854,1, No,735f5e1e1f36342670947b025b0d78d30e7e9ee0a15bcdc867b8d7ad989ff125
amouyal:218,amouyal,NPZ,gp,simple,Yes,,,,0,362,set_hyp5_14,GP_reflexive,simple_question,reflexive,not annotated upstream,the tomatoes,Released simple question uses singular tomato; both sentences use plural tomatoes.,False,event,amouyal:218,reg,True,reg_repair,2385b7d4ef2e807dc964133cfc113382036c0bca0a7ba222727af2a0203ff002,230,0.5660704970359802,0.9996968507766724,0.5660704970359802,1, Yes,
amouyal:218:attachment,amouyal,NPZ,gp,simple,Yes,,,,0,362,set_hyp5_14,GP_reflexive,simple_question,reflexive,not annotated upstream,the tomatoes,Released simple question uses singular tomato; both sentences use plural tomatoes.,False,attachment,amouyal:218,reg,True,reg_repair,3a9991b24cb9544977cf7a923152012af77941377c6d2da5a1edd13b1e428c38,241,0.00024449266493320465,0.9999859929084778,0.00024449266493320465,0, No,bdd85f8913be275ace992a77d350e0f6d34be80da5125c6b737d4f0c369ce3cd
amouyal:219,amouyal,NPZ,gp,lingering,No,,,,0,363,set_hyp5_14,GP_reflexive,GP_question,reflexive,not annotated upstream,the tomatoes,Released simple question uses singular tomato; both sentences use plural tomatoes.,False,event,amouyal:219,reg,True,reg_repair,bdf5dfd1ca38dc3267daa6702e5e1f922523326da30ef5634ba2b6703843f9dc,230,0.0006005034665577114,0.9998794794082642,0.9993994965334423,1, No,
amouyal:219:attachment,amouyal,NPZ,gp,lingering,No,,,,0,363,set_hyp5_14,GP_reflexive,GP_question,reflexive,not annotated upstream,the tomatoes,Released simple question uses singular tomato; both sentences use plural tomatoes.,False,attachment,amouyal:219,reg,True,reg_repair,4efe1dabd1a893e73e45c840a1ae1e897795b585c96604946b0b4b567792a696,244,0.28645631670951843,0.9996371865272522,0.7135436832904816,1, No,6443a115d275bee15929d14fa928376e39fbdf1c50c7b6d2406df8d455e6687f
amouyal:170,amouyal,NPZ,non_gp,simple,Yes,,,,0,314,set_hyp5_14,nonGP_reflexive,simple_question,reflexive,not annotated upstream,the tomatoes,Released simple question uses singular tomato; both sentences use plural tomatoes.,False,event,amouyal:170,reg,True,reg_repair,0bac43fab1cd1d1321f4142c1b2456a95a6794b9c689f723414127f6b2601eb5,230,0.990114688873291,0.9995655417442322,0.990114688873291,1, Yes,
amouyal:170:attachment,amouyal,NPZ,non_gp,simple,Yes,,,,0,314,set_hyp5_14,nonGP_reflexive,simple_question,reflexive,not annotated upstream,the tomatoes,Released simple question uses singular tomato; both sentences use plural tomatoes.,False,attachment,amouyal:170,reg,True,reg_repair,486419a19dc411e791aa3de951893a73830d8c36bc8b4ab38970cc8609e18532,241,0.9976550340652466,0.9992820024490356,0.9976550340652466,1, Yes,bdd85f8913be275ace992a77d350e0f6d34be80da5125c6b737d4f0c369ce3cd
amouyal:171,amouyal,NPZ,non_gp,lingering,No,,,,0,315,set_hyp5_14,nonGP_reflexive,GP_question,reflexive,not annotated upstream,the tomatoes,Released simple question uses singular tomato; both sentences use plural tomatoes.,False,event,amouyal:171,reg,True,reg_repair,c5d75089c6399b7219decd204d34156796fee78f92d8282c024c9a1c2910e3f5,230,4.0032924175648077e-07,0.9999253749847412,0.9999995996707582,1, No,
amouyal:171:attachment,amouyal,NPZ,non_gp,lingering,No,,,,0,315,set_hyp5_14,nonGP_reflexive,GP_question,reflexive,not annotated upstream,the tomatoes,Released simple question uses singular tomato; both sentences use plural tomatoes.,False,attachment,amouyal:171,reg,True,reg_repair,be456209e3e75f37810d1813942f0bec2b826c7d6854495bd4eefa61b6820169,244,0.0004195520014036447,0.9999322891235352,0.9995804479985964,1, No,6443a115d275bee15929d14fa928376e39fbdf1c50c7b6d2406df8d455e6687f
amouyal:220,amouyal,NPZ,gp,simple,Yes,,,,0,364,set_hyp5_15,GP_reflexive,simple_question,reflexive,not annotated upstream,the ball,,True,event,amouyal:220,reg,True,reg_repair,056486246f21387bd7e0e55e39bc49c29b630e08b02a7d6d01e2b9de2d61c00a,234,0.9993081092834473,0.9994121789932251,0.9993081092834473,1, Yes,
amouyal:220:attachment,amouyal,NPZ,gp,simple,Yes,,,,0,364,set_hyp5_15,GP_reflexive,simple_question,reflexive,not annotated upstream,the ball,,True,attachment,amouyal:220,reg,True,reg_repair,8b3576da7344056f0b1b0e6be956b60c59a6138c9b5d17f6ee9bc14683ac1a4d,243,4.0371387513005175e-06,0.9999861717224121,4.0371387513005175e-06,0, No,46924e96d6dba33440b1e9a6ae3aa52d2fd4feb27153ffc5d91186042bc1821a
amouyal:221,amouyal,NPZ,gp,lingering,No,,,,0,365,set_hyp5_15,GP_reflexive,GP_question,reflexive,not annotated upstream,the ball,,True,event,amouyal:221,reg,True,reg_repair,937a6edc60ab816bb25421322f44548bfc75304fef4eee4305be2c3204b54d35,232,0.8171525597572327,0.9992642402648926,0.18284744024276733,0, Yes,
amouyal:221:attachment,amouyal,NPZ,gp,lingering,No,,,,0,365,set_hyp5_15,GP_reflexive,GP_question,reflexive,not annotated upstream,the ball,,True,attachment,amouyal:221,reg,True,reg_repair,1c83e60b4a32d41abdefd763c449ab214e7c49167d2ab088371176324ca0505e,246,0.29469034075737,0.9995854496955872,0.70530965924263,1, No,361686e936a4dbe9b8774d2d7808e7eb82caff05dda7418bc69494a150d6c5ce
amouyal:172,amouyal,NPZ,non_gp,simple,Yes,,,,0,316,set_hyp5_15,nonGP_reflexive,simple_question,reflexive,not annotated upstream,the ball,,True,event,amouyal:172,reg,True,reg_repair,1a4756b3973bd3c15b70b1ee672455b674f86001655bcab22112a384c78377ca,234,0.999998152256012,0.9996212720870972,0.999998152256012,1, Yes,
amouyal:172:attachment,amouyal,NPZ,non_gp,simple,Yes,,,,0,316,set_hyp5_15,nonGP_reflexive,simple_question,reflexive,not annotated upstream,the ball,,True,attachment,amouyal:172,reg,True,reg_repair,70f6e39ac851e46b5b2a080d8b76c3c2c03e3cb84300020e81d6e19db23572a4,243,0.9996235966682434,0.9989664554595947,0.9996235966682434,1, Yes,46924e96d6dba33440b1e9a6ae3aa52d2fd4feb27153ffc5d91186042bc1821a
amouyal:173,amouyal,NPZ,non_gp,lingering,No,,,,0,317,set_hyp5_15,nonGP_reflexive,GP_question,reflexive,not annotated upstream,the ball,,True,event,amouyal:173,reg,True,reg_repair,2bd05d7d3a078a7271a1c600db0213f29445832c1d2594b8374079c7483848e8,232,0.035233575850725174,0.9988793730735779,0.9647664241492748,1, No,
amouyal:173:attachment,amouyal,NPZ,non_gp,lingering,No,,,,0,317,set_hyp5_15,nonGP_reflexive,GP_question,reflexive,not annotated upstream,the ball,,True,attachment,amouyal:173,reg,True,reg_repair,965511992a565d993c325358a5239a2d7344935e3fb2c7d9cc7f302cefdcff16,246,0.0014898368390277028,0.9999298453330994,0.9985101631609723,1, No,361686e936a4dbe9b8774d2d7808e7eb82caff05dda7418bc69494a150d6c5ce
amouyal:222,amouyal,NPZ,gp,simple,Yes,,,,0,366,set_hyp5_16,GP_reflexive,simple_question,reflexive,not annotated upstream,the wheel,,True,event,amouyal:222,reg,True,reg_repair,4ee4af7a3bb179f102430038d2e06454f50a9aaa84369190084b0680ee6d8e76,230,0.9996519088745117,0.9995100498199463,0.9996519088745117,1, Yes,
amouyal:222:attachment,amouyal,NPZ,gp,simple,Yes,,,,0,366,set_hyp5_16,GP_reflexive,simple_question,reflexive,not annotated upstream,the wheel,,True,attachment,amouyal:222,reg,True,reg_repair,b6d50aef09b3637eae7b4b42cda2153492ad5b541efdf769577b26f96339464b,241,3.598777038860135e-05,0.9999820590019226,3.598777038860135e-05,0, No,9c790ce4ab9d640ef73a1723fa8749c3be543b94c43d086c7a13c20ece30116f
amouyal:223,amouyal,NPZ,gp,lingering,No,,,,0,367,set_hyp5_16,GP_reflexive,GP_question,reflexive,not annotated upstream,the wheel,,True,event,amouyal:223,reg,True,reg_repair,bf5f93c2572fd4e3f3c1455fc4c80b414a161bc8ab9113ac4f57e186c726ce10,230,0.9923909306526184,0.9995375275611877,0.007609069347381592,0, Yes,
amouyal:223:attachment,amouyal,NPZ,gp,lingering,No,,,,0,367,set_hyp5_16,GP_reflexive,GP_question,reflexive,not annotated upstream,the wheel,,True,attachment,amouyal:223,reg,True,reg_repair,58e7e8e01238ad86c4d0d46072f0130a4ce6addd8b8756661e25d35ef09f0f54,244,0.7812054753303528,0.999165952205658,0.21879452466964722,0, Yes,22d51f3693e3b7f42694b4d45993a15cba5d5ea28db840adc667b0cf4e1f15ef
amouyal:174,amouyal,NPZ,non_gp,simple,Yes,,,,0,318,set_hyp5_16,nonGP_reflexive,simple_question,reflexive,not annotated upstream,the wheel,,True,event,amouyal:174,reg,True,reg_repair,0650ff8ef073278740570f921dbc32b4198d43bf23cdd67258bcabdae9e9055a,230,0.9999306201934814,0.9993219375610352,0.9999306201934814,1, Yes,
amouyal:174:attachment,amouyal,NPZ,non_gp,simple,Yes,,,,0,318,set_hyp5_16,nonGP_reflexive,simple_question,reflexive,not annotated upstream,the wheel,,True,attachment,amouyal:174,reg,True,reg_repair,9284a5d44eb69d296876dd139bda38fae2627024c2704d02431139b972c60afb,241,0.9978939294815063,0.9990456104278564,0.9978939294815063,1, Yes,9c790ce4ab9d640ef73a1723fa8749c3be543b94c43d086c7a13c20ece30116f
amouyal:175,amouyal,NPZ,non_gp,lingering,No,,,,0,319,set_hyp5_16,nonGP_reflexive,GP_question,reflexive,not annotated upstream,the wheel,,True,event,amouyal:175,reg,True,reg_repair,71a613029c5073b78b729b1e844298be6285af9b5a187dba7a9af20836d48bb8,230,0.9951521754264832,0.9995549917221069,0.004847824573516846,0, Yes,
amouyal:175:attachment,amouyal,NPZ,non_gp,lingering,No,,,,0,319,set_hyp5_16,nonGP_reflexive,GP_question,reflexive,not annotated upstream,the wheel,,True,attachment,amouyal:175,reg,True,reg_repair,caf08631a4360b80b5280daa4188c806ca6ff3dc381b0e6ab72290e2ed3ee7ce,244,0.16343311965465546,0.9995747208595276,0.8365668803453445,1, No,22d51f3693e3b7f42694b4d45993a15cba5d5ea28db840adc667b0cf4e1f15ef
amouyal:224,amouyal,NPZ,gp,simple,Yes,,,,0,368,set_hyp5_17,GP_reflexive,simple_question,reflexive,not annotated upstream,the river,,True,event,amouyal:224,reg,True,reg_repair,71a8565675d5f2d73258d5166fbced8357eb7180fefd082576ba731dcea3294d,230,0.9999913573265076,0.9997571110725403,0.9999913573265076,1, Yes,
amouyal:224:attachment,amouyal,NPZ,gp,simple,Yes,,,,0,368,set_hyp5_17,GP_reflexive,simple_question,reflexive,not annotated upstream,the river,,True,attachment,amouyal:224,reg,True,reg_repair,0c25b568b6f64c8eabd8ce7d94943bb4cfa6c6b8b7ad861b1a0e83b89d6828f9,242,0.827504575252533,0.9992213845252991,0.827504575252533,1, Yes,78f8d03c768f7f680251f8b6343667db4a8b49ab9ca57335aafedab1837777f3
amouyal:225,amouyal,NPZ,gp,lingering,No,,,,0,369,set_hyp5_17,GP_reflexive,GP_question,reflexive,not annotated upstream,the river,,True,event,amouyal:225,reg,True,reg_repair,e51f848eb7f9cc02d2bcc7f25225c7616130bc5de5b7491d799ab6cc9a49c0f1,232,2.909996243971591e-09,0.9999760389328003,0.9999999970900038,1, No,
amouyal:225:attachment,amouyal,NPZ,gp,lingering,No,,,,0,369,set_hyp5_17,GP_reflexive,GP_question,reflexive,not annotated upstream,the river,,True,attachment,amouyal:225,reg,True,reg_repair,7edcc023c997eb0500659a4bacb940c0721f1ff5e3566092dcd8f1c123e0c45e,245,0.05692172423005104,0.9997233748435974,0.943078275769949,1, No,cd23d1dcaa4f27c70ac2c33262b0d248c72e0da90250a5fee631929045839f35
amouyal:176,amouyal,NPZ,non_gp,simple,Yes,,,,0,320,set_hyp5_17,nonGP_reflexive,simple_question,reflexive,not annotated upstream,the river,,True,event,amouyal:176,reg,True,reg_repair,260986e9080c13e066b3cdeee4896ec1ebb837f9277e92703e278619dce30f21,230,0.9999948143959045,0.9996967315673828,0.9999948143959045,1, Yes,
amouyal:176:attachment,amouyal,NPZ,non_gp,simple,Yes,,,,0,320,set_hyp5_17,nonGP_reflexive,simple_question,reflexive,not annotated upstream,the river,,True,attachment,amouyal:176,reg,True,reg_repair,c96d223e111dc657e5e43b05a30dfd933af4ad178ddbe5f5020780189b16bbfa,242,0.9999499320983887,0.9982421398162842,0.9999499320983887,1, Yes,78f8d03c768f7f680251f8b6343667db4a8b49ab9ca57335aafedab1837777f3
amouyal:177,amouyal,NPZ,non_gp,lingering,No,,,,0,321,set_hyp5_17,nonGP_reflexive,GP_question,reflexive,not annotated upstream,the river,,True,event,amouyal:177,reg,True,reg_repair,8f2924e39b87e49b5bb2941c4446fe62a84da5dd5077958c2a59f8ac70679ddf,232,1.3254037624366166e-11,0.9999316930770874,0.9999999999867459,1, No,
amouyal:177:attachment,amouyal,NPZ,non_gp,lingering,No,,,,0,321,set_hyp5_17,nonGP_reflexive,GP_question,reflexive,not annotated upstream,the river,,True,attachment,amouyal:177,reg,True,reg_repair,4036fe580186f9c19a6f586d0fbfd7e0ab9017dbf4c5c4dfdcd1a6bc8dab713b,245,0.0011340222554281354,0.99988853931427,0.9988659777445719,1, No,cd23d1dcaa4f27c70ac2c33262b0d248c72e0da90250a5fee631929045839f35
amouyal:226,amouyal,NPZ,gp,simple,Yes,,,,0,370,set_hyp5_18,GP_reflexive,simple_question,reflexive,not annotated upstream,the bat,Released simple question asks floor; both sentences state road.,False,event,amouyal:226,reg,True,reg_repair,3342e5ecb5a869826469657621c76fc971692d6b3a54a17c65eb7470fcbcfa6a,233,0.16836866736412048,0.7972836494445801,0.16836866736412048,0, No,
amouyal:226:attachment,amouyal,NPZ,gp,simple,Yes,,,,0,370,set_hyp5_18,GP_reflexive,simple_question,reflexive,not annotated upstream,the bat,Released simple question asks floor; both sentences state road.,False,attachment,amouyal:226,reg,True,reg_repair,1f5ffec26d7539fb14970eff57dac661890d3fc13d154a7e0f4d1ea5f16b8845,243,1.2996386544728011e-07,0.9999901056289673,1.2996386544728011e-07,0, No,33c15410c3d998697bcb68ef8b3e9419b9233d122de0e69521c3f7c8833e095e
amouyal:227,amouyal,NPZ,gp,lingering,No,,,,0,371,set_hyp5_18,GP_reflexive,GP_question,reflexive,not annotated upstream,the bat,Released simple question asks floor; both sentences state road.,False,event,amouyal:227,reg,True,reg_repair,2984e781382df20644bf475c4c5f572e1af7c9d773b2be0166bd82e3129fc366,233,0.25425437092781067,0.9993807077407837,0.7457456290721893,1, No,
amouyal:227:attachment,amouyal,NPZ,gp,lingering,No,,,,0,371,set_hyp5_18,GP_reflexive,GP_question,reflexive,not annotated upstream,the bat,Released simple question asks floor; both sentences state road.,False,attachment,amouyal:227,reg,True,reg_repair,c5528a9c0e62fb83982eec6b05a233235ef241610855a62187681d033d354f5e,246,0.1186242327094078,0.9996820688247681,0.8813757672905922,1, No,a2c6111b9f4cdcca8798ea0b06259ee4f76009d058e1e956a04dfc5220a8d326
amouyal:178,amouyal,NPZ,non_gp,simple,Yes,,,,0,322,set_hyp5_18,nonGP_reflexive,simple_question,reflexive,not annotated upstream,the bat,Released simple question asks floor; both sentences state road.,False,event,amouyal:178,reg,True,reg_repair,bc8b8668c3c2eeaad7be3340f7956dbc62a1e0d120589aabdbf49ad5a39dbb71,233,0.0013211207697167993,0.984906792640686,0.0013211207697167993,0, No,
amouyal:178:attachment,amouyal,NPZ,non_gp,simple,Yes,,,,0,322,set_hyp5_18,nonGP_reflexive,simple_question,reflexive,not annotated upstream,the bat,Released simple question asks floor; both sentences state road.,False,attachment,amouyal:178,reg,True,reg_repair,5c0706a730bdd0d762968760531d053d446afc136a49eba5aa35d9847e311bf0,243,0.4680352807044983,0.999191403388977,0.4680352807044983,0, No,33c15410c3d998697bcb68ef8b3e9419b9233d122de0e69521c3f7c8833e095e
amouyal:179,amouyal,NPZ,non_gp,lingering,No,,,,0,323,set_hyp5_18,nonGP_reflexive,GP_question,reflexive,not annotated upstream,the bat,Released simple question asks floor; both sentences state road.,False,event,amouyal:179,reg,True,reg_repair,8a8cf717edfde21cfdccd9abad1f03f12898b17039fa13a1e69226f073bb3174,233,4.549984282675723e-07,0.999971866607666,0.9999995450015717,1, No,
amouyal:179:attachment,amouyal,NPZ,non_gp,lingering,No,,,,0,323,set_hyp5_18,nonGP_reflexive,GP_question,reflexive,not annotated upstream,the bat,Released simple question asks floor; both sentences state road.,False,attachment,amouyal:179,reg,True,reg_repair,ee4b079786d43cfd6606fc82b7286f280d0c3eb5f01245947d6e7df5ebef9c6e,246,0.0001938485074788332,0.9999537467956543,0.9998061514925212,1, No,a2c6111b9f4cdcca8798ea0b06259ee4f76009d058e1e956a04dfc5220a8d326
amouyal:228,amouyal,NPZ,gp,simple,Yes,,,,0,372,set_hyp5_19,GP_reflexive,simple_question,reflexive,not annotated upstream,the athletes,,True,event,amouyal:228,reg,True,reg_repair,c855fe4e4050124e01c306c18a25bb203d2b8767cf1a4da9bf0fef0433c38181,229,0.9998695254325867,0.9994770288467407,0.9998695254325867,1, Yes,
amouyal:228:attachment,amouyal,NPZ,gp,simple,Yes,,,,0,372,set_hyp5_19,GP_reflexive,simple_question,reflexive,not annotated upstream,the athletes,,True,attachment,amouyal:228,reg,True,reg_repair,52a5ec9daa5a42d18760d1b1495448d9a81c17348046002d1122127df379ca6d,240,1.867139508249238e-05,0.9999859929084778,1.867139508249238e-05,0, No,58b78711943b276c6a3fde18a94fbf07e00beac6c833eafac85ff41af12a4761
amouyal:229,amouyal,NPZ,gp,lingering,No,,,,0,373,set_hyp5_19,GP_reflexive,GP_question,reflexive,not annotated upstream,the athletes,,True,event,amouyal:229,reg,True,reg_repair,5ee4764485432f13be687242b52934ee735db161b852fbf97134eef1152f00b3,228,0.007204306311905384,0.9998104572296143,0.9927956936880946,1, No,
amouyal:229:attachment,amouyal,NPZ,gp,lingering,No,,,,0,373,set_hyp5_19,GP_reflexive,GP_question,reflexive,not annotated upstream,the athletes,,True,attachment,amouyal:229,reg,True,reg_repair,9d4da7c380022dad50618b2f8332c29f87d85304da7971c76abe3d0dd278596b,243,0.018511654809117317,0.9998592734336853,0.9814883451908827,1, No,5171ca34d0f915850efec5e61f8ff021adc36f3c2d8698911fb18cada65c4e13
amouyal:180,amouyal,NPZ,non_gp,simple,Yes,,,,0,324,set_hyp5_19,nonGP_reflexive,simple_question,reflexive,not annotated upstream,the athletes,,True,event,amouyal:180,reg,True,reg_repair,7ea1093e5025fac1cffdc0b252cdba1c185b66dd933620bcb35ba254c7059a8d,229,0.9999947547912598,0.999643087387085,0.9999947547912598,1, Yes,
amouyal:180:attachment,amouyal,NPZ,non_gp,simple,Yes,,,,0,324,set_hyp5_19,nonGP_reflexive,simple_question,reflexive,not annotated upstream,the athletes,,True,attachment,amouyal:180,reg,True,reg_repair,77eb62cac629be5b5b20f6a9bc2d30dbe2f1613e5511f102467802eb69dc955b,240,0.9999704360961914,0.9986813068389893,0.9999704360961914,1, Yes,58b78711943b276c6a3fde18a94fbf07e00beac6c833eafac85ff41af12a4761
amouyal:181,amouyal,NPZ,non_gp,lingering,No,,,,0,325,set_hyp5_19,nonGP_reflexive,GP_question,reflexive,not annotated upstream,the athletes,,True,event,amouyal:181,reg,True,reg_repair,27e9aa80597b572d679cfa364562d4818c96cb1050234366723c5a6bb6f1f689,228,2.6841350322936997e-12,0.9999667406082153,0.9999999999973158,1, No,
amouyal:181:attachment,amouyal,NPZ,non_gp,lingering,No,,,,0,325,set_hyp5_19,nonGP_reflexive,GP_question,reflexive,not annotated upstream,the athletes,,True,attachment,amouyal:181,reg,True,reg_repair,58c76d692dbbf0afdb436b9346d4183a34de6a030a17551fba4b8e97ca0d8f8c,243,0.001776464399881661,0.9999048113822937,0.9982235356001183,1, No,5171ca34d0f915850efec5e61f8ff021adc36f3c2d8698911fb18cada65c4e13
amouyal:230,amouyal,NPZ,gp,simple,Yes,,,,0,374,set_hyp5_20,GP_reflexive,simple_question,reflexive,not annotated upstream,the bone,,True,event,amouyal:230,reg,True,reg_repair,beaf889fe40ed79ae34dc2ff1c070fdb7a1d67024967198f9489311b8494ad56,228,0.9999620318412781,0.9996960163116455,0.9999620318412781,1, Yes,
amouyal:230:attachment,amouyal,NPZ,gp,simple,Yes,,,,0,374,set_hyp5_20,GP_reflexive,simple_question,reflexive,not annotated upstream,the bone,,True,attachment,amouyal:230,reg,True,reg_repair,a7f99bff2c407bf5ba3aadaca39995eb3a8e800b8dfbe8580bd79e38b317e3af,240,2.4174266854970483e-07,0.9999905228614807,2.4174266854970483e-07,0, No,13965524575c1c7aaa99c16c44f5e63a3c96d4fc20c9e1083317ec5b645f453e
amouyal:231,amouyal,NPZ,gp,lingering,No,,,,0,375,set_hyp5_20,GP_reflexive,GP_question,reflexive,not annotated upstream,the bone,,True,event,amouyal:231,reg,True,reg_repair,8092087ea4c91dcb42732e418a2c26e13225ff0eaa26a35196eb409a79ab2e9d,229,0.6463366746902466,0.9981870651245117,0.3536633253097534,0, Yes,
amouyal:231:attachment,amouyal,NPZ,gp,lingering,No,,,,0,375,set_hyp5_20,GP_reflexive,GP_question,reflexive,not annotated upstream,the bone,,True,attachment,amouyal:231,reg,True,reg_repair,edce2329150d729d2c480b3f99d6e2db9f51967b9a8f365314077cf34dcb4325,243,0.05020803213119507,0.9997945427894592,0.9497919678688049,1, No,02acaf5ec5f830a1804082f1c8ca566d02cdecfcf75b76f97cb57a94431bfca4
amouyal:182,amouyal,NPZ,non_gp,simple,Yes,,,,0,326,set_hyp5_20,nonGP_reflexive,simple_question,reflexive,not annotated upstream,the bone,,True,event,amouyal:182,reg,True,reg_repair,0a6165a5ec4a48d2088a0048964b6393a1021175648392a82eb4524e13ec760c,228,0.9999812841415405,0.9993934035301208,0.9999812841415405,1, Yes,
amouyal:182:attachment,amouyal,NPZ,non_gp,simple,Yes,,,,0,326,set_hyp5_20,nonGP_reflexive,simple_question,reflexive,not annotated upstream,the bone,,True,attachment,amouyal:182,reg,True,reg_repair,38c9a0c70794e4d98039d04a75549aa95cf82840cfbfb4546acbf9587b63136c,240,0.9906227588653564,0.9994704127311707,0.9906227588653564,1, Yes,13965524575c1c7aaa99c16c44f5e63a3c96d4fc20c9e1083317ec5b645f453e
amouyal:183,amouyal,NPZ,non_gp,lingering,No,,,,0,327,set_hyp5_20,nonGP_reflexive,GP_question,reflexive,not annotated upstream,the bone,,True,event,amouyal:183,reg,True,reg_repair,8ae87ef7a3be023da29791ed20ffd1f0da34b20f2854789bdc9200196a3f1c1b,229,0.0007747249328531325,0.9999250173568726,0.9992252750671469,1, No,
amouyal:183:attachment,amouyal,NPZ,non_gp,lingering,No,,,,0,327,set_hyp5_20,nonGP_reflexive,GP_question,reflexive,not annotated upstream,the bone,,True,attachment,amouyal:183,reg,True,reg_repair,50b44a6f72ad356af0a91c9ff9844fad7cef9c1e420a33202ea4817a48a2d243,243,0.011393342167139053,0.9998253583908081,0.988606657832861,1, No,02acaf5ec5f830a1804082f1c8ca566d02cdecfcf75b76f97cb57a94431bfca4
amouyal:232,amouyal,NPZ,gp,simple,Yes,,,,0,376,set_hyp5_21,GP_reflexive,simple_question,reflexive,not annotated upstream,the valley,,True,event,amouyal:232,reg,True,reg_repair,752d4e96f0bf1add2d7a502f78997582e4728bf3254546bd13a8c181759ffffd,232,0.9998152852058411,0.9996000528335571,0.9998152852058411,1, Yes,
amouyal:232:attachment,amouyal,NPZ,gp,simple,Yes,,,,0,376,set_hyp5_21,GP_reflexive,simple_question,reflexive,not annotated upstream,the valley,,True,attachment,amouyal:232,reg,True,reg_repair,dbdc9aeea8025b22fa8ec5853d91c2aef9e8999007569ea8b8a8d5d822f43b32,242,0.7911310791969299,0.9993391036987305,0.7911310791969299,1, Yes,30793d2505b9c59738b50e8935314a6b49a010f7db2c5f6a000afbc536fe55e8
amouyal:233,amouyal,NPZ,gp,lingering,No,,,,0,377,set_hyp5_21,GP_reflexive,GP_question,reflexive,not annotated upstream,the valley,,True,event,amouyal:233,reg,True,reg_repair,198c0d2c998cca593d2ff5cdf0dce6c9cb92b360e884e93e6a8f731a84a1c69a,231,0.9071945548057556,0.9996786117553711,0.09280544519424438,0, Yes,
amouyal:233:attachment,amouyal,NPZ,gp,lingering,No,,,,0,377,set_hyp5_21,GP_reflexive,GP_question,reflexive,not annotated upstream,the valley,,True,attachment,amouyal:233,reg,True,reg_repair,74ba47d5ab1cdda8331e2bf8538dea1cda38843c7a430f115cd3e9eb951d7bba,245,0.06434761732816696,0.9997220039367676,0.935652382671833,1, No,44097cc22d61cbd736c3a01218013ec32ff2d81c150bf49c526386dab4368047
amouyal:184,amouyal,NPZ,non_gp,simple,Yes,,,,0,328,set_hyp5_21,nonGP_reflexive,simple_question,reflexive,not annotated upstream,the valley,,True,event,amouyal:184,reg,True,reg_repair,5de79b9651ba860b90c8f33da4f26fbec34cdc5f8eb4379712691dd45bbca52c,232,0.9999733567237854,0.9995852112770081,0.9999733567237854,1, Yes,
amouyal:184:attachment,amouyal,NPZ,non_gp,simple,Yes,,,,0,328,set_hyp5_21,nonGP_reflexive,simple_question,reflexive,not annotated upstream,the valley,,True,attachment,amouyal:184,reg,True,reg_repair,d7c662d9d5251a5b57d075d3a0974406b91058655049abcb1eee4e1060893ad0,242,0.9999620318412781,0.9979777932167053,0.9999620318412781,1, Yes,30793d2505b9c59738b50e8935314a6b49a010f7db2c5f6a000afbc536fe55e8
amouyal:185,amouyal,NPZ,non_gp,lingering,No,,,,0,329,set_hyp5_21,nonGP_reflexive,GP_question,reflexive,not annotated upstream,the valley,,True,event,amouyal:185,reg,True,reg_repair,c019768ef069adf5eb42482cbaa52a84a506175278023d7e895e445ff56f203b,231,0.07247214764356613,0.9995906352996826,0.9275278523564339,1, No,
amouyal:185:attachment,amouyal,NPZ,non_gp,lingering,No,,,,0,329,set_hyp5_21,nonGP_reflexive,GP_question,reflexive,not annotated upstream,the valley,,True,attachment,amouyal:185,reg,True,reg_repair,c94f1eae513f9fedf3adf168cde63426cc555e34d9a3e95656fe83da57dc6dea,245,7.540931983385235e-05,0.9999570846557617,0.9999245906801661,1, No,44097cc22d61cbd736c3a01218013ec32ff2d81c150bf49c526386dab4368047
amouyal:234,amouyal,NPZ,gp,simple,Yes,,,,0,378,set_hyp5_22,GP_reflexive,simple_question,reflexive,not annotated upstream,the window,,True,event,amouyal:234,reg,True,reg_repair,7d653a29271fc47bc2ae282c184443862c81d3751a5cd34095fa1213b57e3510,232,0.9989091157913208,0.9994335174560547,0.9989091157913208,1, Yes,
amouyal:234:attachment,amouyal,NPZ,gp,simple,Yes,,,,0,378,set_hyp5_22,GP_reflexive,simple_question,reflexive,not annotated upstream,the window,,True,attachment,amouyal:234,reg,True,reg_repair,2bbe3418da8ca0cba7a7ffa91c03e6f4bfd31a2b6aaed41ca559490dca042763,242,0.00021901316358707845,0.9999580383300781,0.00021901316358707845,0, No,f703869918b936486cc9b7db460159dc7d3936a73b0fb8a200eafef2e40b2722
amouyal:235,amouyal,NPZ,gp,lingering,No,,,,0,379,set_hyp5_22,GP_reflexive,GP_question,reflexive,not annotated upstream,the window,,True,event,amouyal:235,reg,True,reg_repair,de5853f1edfb76e7bc1da654ac107a1a3b91ed45b62b557ffc6edaa64b969d3f,231,0.13633760809898376,0.9983787536621094,0.8636623919010162,1, No,
amouyal:235:attachment,amouyal,NPZ,gp,lingering,No,,,,0,379,set_hyp5_22,GP_reflexive,GP_question,reflexive,not annotated upstream,the window,,True,attachment,amouyal:235,reg,True,reg_repair,efd43cfe39d24fadf3e0476d191d440fbfd21841943c229ed8395e3a78a05cef,245,0.009062731638550758,0.9997313618659973,0.9909372683614492,1, No,5744f7790b28481e3ecfc0a02975f5d7b50479666a47436516adec6fd813c3dd
amouyal:186,amouyal,NPZ,non_gp,simple,Yes,,,,0,330,set_hyp5_22,nonGP_reflexive,simple_question,reflexive,not annotated upstream,the window,,True,event,amouyal:186,reg,True,reg_repair,014d72b7e18a70b539fde785dd6e7a2e26d50e316c664b79f327c649ab517173,232,0.9999920725822449,0.9996749758720398,0.9999920725822449,1, Yes,
amouyal:186:attachment,amouyal,NPZ,non_gp,simple,Yes,,,,0,330,set_hyp5_22,nonGP_reflexive,simple_question,reflexive,not annotated upstream,the window,,True,attachment,amouyal:186,reg,True,reg_repair,ce7b2731cea65f9e97551529869c2a818ea3f2ad4699b5ff2e115333474f4395,242,0.9705371856689453,0.9990485906600952,0.9705371856689453,1, Yes,f703869918b936486cc9b7db460159dc7d3936a73b0fb8a200eafef2e40b2722
amouyal:187,amouyal,NPZ,non_gp,lingering,No,,,,0,331,set_hyp5_22,nonGP_reflexive,GP_question,reflexive,not annotated upstream,the window,,True,event,amouyal:187,reg,True,reg_repair,9cc185c046fd0f3733ea577285384b5578e4557e5d74a2730f8341cd0e84880e,231,4.064825365190927e-09,0.9999304413795471,0.9999999959351746,1, No,
amouyal:187:attachment,amouyal,NPZ,non_gp,lingering,No,,,,0,331,set_hyp5_22,nonGP_reflexive,GP_question,reflexive,not annotated upstream,the window,,True,attachment,amouyal:187,reg,True,reg_repair,c48d2be0c9a760fcb2e4d219203a5d0790c4feefb2c8bba3eba07c7831ac2eba,245,0.0006721611716784537,0.9999367594718933,0.9993278388283215,1, No,5744f7790b28481e3ecfc0a02975f5d7b50479666a47436516adec6fd813c3dd
amouyal:236,amouyal,NPZ,gp,simple,Yes,,,,0,380,set_hyp5_23,GP_reflexive,simple_question,reflexive,not annotated upstream,the fire,,True,event,amouyal:236,reg,True,reg_repair,adb143a3c7447f4fa1c6b880d8417838c6763c64fcc3f12e97e3f56ec0812698,230,0.9997872114181519,0.9997329115867615,0.9997872114181519,1, Yes,
amouyal:236:attachment,amouyal,NPZ,gp,simple,Yes,,,,0,380,set_hyp5_23,GP_reflexive,simple_question,reflexive,not annotated upstream,the fire,,True,attachment,amouyal:236,reg,True,reg_repair,6262617ab98ab5ee598c9da0b0052f14629d4eb69cd12eaa4154e17c3198ae44,241,0.00026756792794913054,0.9999715685844421,0.00026756792794913054,0, No,ceaedb99a72aa1739592cb3b2d37643f9e0a85fef9cce1c6349c277d53275e7b
amouyal:237,amouyal,NPZ,gp,lingering,No,,,,0,381,set_hyp5_23,GP_reflexive,GP_question,reflexive,not annotated upstream,the fire,,True,event,amouyal:237,reg,True,reg_repair,165cad22b219762fc30b3ed1fbefb669f1660566b588b4b8e851d24c6b9b487a,230,0.7967132925987244,0.9994051456451416,0.20328670740127563,0, Yes,
amouyal:237:attachment,amouyal,NPZ,gp,lingering,No,,,,0,381,set_hyp5_23,GP_reflexive,GP_question,reflexive,not annotated upstream,the fire,,True,attachment,amouyal:237,reg,True,reg_repair,662699d636717725241fef75bd71e0b02dce8ca9590191a1a8c90ccc8639f479,244,0.02580733224749565,0.999772846698761,0.9741926677525043,1, No,59aff42f205a3f8f4728df16c7b818eeea0a688d013242238cc71985cfe20f59
amouyal:188,amouyal,NPZ,non_gp,simple,Yes,,,,0,332,set_hyp5_23,nonGP_reflexive,simple_question,reflexive,not annotated upstream,the fire,,True,event,amouyal:188,reg,True,reg_repair,d4ba6fe3be868c9ebd2a44ef932cbde6592b520ad400ccf90f84003710c198fd,230,0.9999935030937195,0.9997798800468445,0.9999935030937195,1, Yes,
amouyal:188:attachment,amouyal,NPZ,non_gp,simple,Yes,,,,0,332,set_hyp5_23,nonGP_reflexive,simple_question,reflexive,not annotated upstream,the fire,,True,attachment,amouyal:188,reg,True,reg_repair,adfe6d57d5fab1955c04eab6ee4336a18d2508c9313717ccea41f459b7f047ef,241,0.4588201940059662,0.9995209574699402,0.4588201940059662,0, No,ceaedb99a72aa1739592cb3b2d37643f9e0a85fef9cce1c6349c277d53275e7b
amouyal:189,amouyal,NPZ,non_gp,lingering,No,,,,0,333,set_hyp5_23,nonGP_reflexive,GP_question,reflexive,not annotated upstream,the fire,,True,event,amouyal:189,reg,True,reg_repair,ac9534c7a8e0854d1a56ddf3223577dd61ca0056d9dc82d2a48dfeae2e23882d,230,0.00037582116783596575,0.9999802112579346,0.999624178832164,1, No,
amouyal:189:attachment,amouyal,NPZ,non_gp,lingering,No,,,,0,333,set_hyp5_23,nonGP_reflexive,GP_question,reflexive,not annotated upstream,the fire,,True,attachment,amouyal:189,reg,True,reg_repair,bb76c82f5c56a5e1d17a32ec720cedc32fbeb306c5fe5a17768ecb9bf616f23f,244,7.771190576022491e-05,0.9999735355377197,0.9999222880942398,1, No,59aff42f205a3f8f4728df16c7b818eeea0a688d013242238cc71985cfe20f59
amouyal:238,amouyal,NPZ,gp,simple,Yes,,,,0,382,set_hyp5_24,GP_reflexive,simple_question,reflexive,not annotated upstream,the boat,,True,event,amouyal:238,reg,True,reg_repair,2f93b769d3c9b5b9b52873820de930b166a195db71bd864417aa693ab9a1aaac,233,0.9999859929084778,0.9996424317359924,0.9999859929084778,1, Yes,
amouyal:238:attachment,amouyal,NPZ,gp,simple,Yes,,,,0,382,set_hyp5_24,GP_reflexive,simple_question,reflexive,not annotated upstream,the boat,,True,attachment,amouyal:238,reg,True,reg_repair,d6ea9ffb7a26eb39862d8ccc546deaf5baa527808e65d734b19f47ac3dd96e32,243,0.0034993255976587534,0.999918520450592,0.0034993255976587534,0, No,1a77569de042743064e29e02f0ff6179cc42cdc9980bb8ff24c0601fe3ba0cf9
amouyal:239,amouyal,NPZ,gp,lingering,No,,,,0,383,set_hyp5_24,GP_reflexive,GP_question,reflexive,not annotated upstream,the boat,,True,event,amouyal:239,reg,True,reg_repair,c7e85915fc0e37970831e946547663b2cf24a3a28d2ed1f639668c3173dd421d,232,0.968848705291748,0.9988687634468079,0.031151294708251953,0, Yes,
amouyal:239:attachment,amouyal,NPZ,gp,lingering,No,,,,0,383,set_hyp5_24,GP_reflexive,GP_question,reflexive,not annotated upstream,the boat,,True,attachment,amouyal:239,reg,True,reg_repair,8e2cc46d0ef3e08345b75168c095d51bb916265e3314007753300cedb49b9ad7,246,0.04349333420395851,0.9997705221176147,0.9565066657960415,1, No,638c3cf6ca1541fb1669402670718fee65c25de80731a0be4ce348f0aaf02818
amouyal:190,amouyal,NPZ,non_gp,simple,Yes,,,,0,334,set_hyp5_24,nonGP_reflexive,simple_question,reflexive,not annotated upstream,the boat,,True,event,amouyal:190,reg,True,reg_repair,8ff6bfe9cbef798ceeca591c055e75ced4b02694d0fb44fc9d4d84073bb6e67e,233,0.9999757409095764,0.9993634223937988,0.9999757409095764,1, Yes,
amouyal:190:attachment,amouyal,NPZ,non_gp,simple,Yes,,,,0,334,set_hyp5_24,nonGP_reflexive,simple_question,reflexive,not annotated upstream,the boat,,True,attachment,amouyal:190,reg,True,reg_repair,d9e227594e65b1ec0c3e7ccf2f1f0f5b2eeb2d694b381f761325702d00911017,243,0.9971511363983154,0.9990707635879517,0.9971511363983154,1, Yes,1a77569de042743064e29e02f0ff6179cc42cdc9980bb8ff24c0601fe3ba0cf9
amouyal:191,amouyal,NPZ,non_gp,lingering,No,,,,0,335,set_hyp5_24,nonGP_reflexive,GP_question,reflexive,not annotated upstream,the boat,,True,event,amouyal:191,reg,True,reg_repair,4a7d323fa9f885ee17f974ae4645616665b55bfb844b5605438e5cb3d050205b,232,0.504949152469635,0.9994814395904541,0.495050847530365,0, Yes,
amouyal:191:attachment,amouyal,NPZ,non_gp,lingering,No,,,,0,335,set_hyp5_24,nonGP_reflexive,GP_question,reflexive,not annotated upstream,the boat,,True,attachment,amouyal:191,reg,True,reg_repair,7d4ee3965fa0ad08e3dffc7fa10ddf4a34249a3831b8f608e09cfe2460cc18a3,246,0.0017500887624919415,0.999904990196228,0.9982499112375081,1, No,638c3cf6ca1541fb1669402670718fee65c25de80731a0be4ce348f0aaf02818
amouyal:240,amouyal,NPZ,gp,simple,Yes,,,,0,384,set_1,GP_prob,simple_question,prob,not annotated upstream,the deer,,True,event,amouyal:240,reg,True,reg_repair,4efddc903d1c49e327526c25b9afd2168e732a8d8c0379bbdf19e7826d73488b,232,0.9988276958465576,0.9997697472572327,0.9988276958465576,1, Yes,
amouyal:240:attachment,amouyal,NPZ,gp,simple,Yes,,,,0,384,set_1,GP_prob,simple_question,prob,not annotated upstream,the deer,,True,attachment,amouyal:240,reg,True,reg_repair,f1faa9b808fe429f8fb62d87de703d51c14e3d9f047d274dfba682722661d924,242,4.549372533801943e-06,0.9999884963035583,4.549372533801943e-06,0, No,89ffc6e966e35d5edba5415ee2d80dc3667894c02f259298bebedf6481ccdb31
amouyal:241,amouyal,NPZ,gp,lingering,No,,,,0,385,set_1,GP_prob,GP_question,prob,not annotated upstream,the deer,,True,event,amouyal:241,reg,True,reg_repair,fc9ad2b1efa67f9a70d612ed4dee90f9eb9cdf3418eb367635d4382e7acd1602,231,0.001413566991686821,0.9998499751091003,0.9985864330083132,1, No,
amouyal:241:attachment,amouyal,NPZ,gp,lingering,No,,,,0,385,set_1,GP_prob,GP_question,prob,not annotated upstream,the deer,,True,attachment,amouyal:241,reg,True,reg_repair,97f35969d7a0a279724322e9a05d795dadea4d26cdac294ea0161c4bd46eef0c,245,0.035705894231796265,0.9998515844345093,0.9642941057682037,1, No,4574fa8051e48c262541384223a86d294396cab014211f7b200b436e2883b0e4
amouyal:242,amouyal,NPZ,non_gp,simple,Yes,,,,0,388,set_1,nonGP_prob,simple_question,prob,not annotated upstream,the deer,,True,event,amouyal:242,reg,True,reg_repair,803e6747b3de911a41cef39b398bd5ec18a4befbec06ae64e3ab2107226c14de,232,0.9999914169311523,0.9997097253799438,0.9999914169311523,1, Yes,
amouyal:242:attachment,amouyal,NPZ,non_gp,simple,Yes,,,,0,388,set_1,nonGP_prob,simple_question,prob,not annotated upstream,the deer,,True,attachment,amouyal:242,reg,True,reg_repair,8ccb98eb650d97d632b803acb37b3cfa587724df3c6e0b4380b56ee548ae92e4,242,0.9996678829193115,0.9984664916992188,0.9996678829193115,1, Yes,89ffc6e966e35d5edba5415ee2d80dc3667894c02f259298bebedf6481ccdb31
amouyal:243,amouyal,NPZ,non_gp,lingering,No,,,,0,389,set_1,nonGP_prob,GP_question,prob,not annotated upstream,the deer,,True,event,amouyal:243,reg,True,reg_repair,5a23f4285a9079203cc9ee1d87c9fd5c1f5fe36973df99c299d5c726d4d9bfe4,231,0.12140273302793503,0.9979640245437622,0.878597266972065,1, No,
amouyal:243:attachment,amouyal,NPZ,non_gp,lingering,No,,,,0,389,set_1,nonGP_prob,GP_question,prob,not annotated upstream,the deer,,True,attachment,amouyal:243,reg,True,reg_repair,e1ae1d2142542d6d679ca8464b071380051c2678be4cbc1b87e91ef23c9a57da,245,1.3345268598641269e-05,0.9999610781669617,0.9999866547314014,1, No,4574fa8051e48c262541384223a86d294396cab014211f7b200b436e2883b0e4
amouyal:244,amouyal,NPZ,gp,simple,Yes,,,,0,392,set_2,GP_prob,simple_question,prob,not annotated upstream,the boat,,True,event,amouyal:244,reg,True,reg_repair,57ae9599b2e324265b6839b05fbe38b1339ba97fe7979cb258762a5118402055,233,0.9998655319213867,0.9997365474700928,0.9998655319213867,1, Yes,
amouyal:244:attachment,amouyal,NPZ,gp,simple,Yes,,,,0,392,set_2,GP_prob,simple_question,prob,not annotated upstream,the boat,,True,attachment,amouyal:244,reg,True,reg_repair,1c19afe3167e5b3c668b99620636f3e883d3471308abc071c91ce1ca43d3c983,243,0.0008449895540252328,0.9999586939811707,0.0008449895540252328,0, No,1a77569de042743064e29e02f0ff6179cc42cdc9980bb8ff24c0601fe3ba0cf9
amouyal:245,amouyal,NPZ,gp,lingering,No,,,,0,393,set_2,GP_prob,GP_question,prob,not annotated upstream,the boat,,True,event,amouyal:245,reg,True,reg_repair,2c1b5d218079cfa0a6b805046deb1784054b3a6fe66ec84eb7ad31c54673d9fe,233,0.9954809546470642,0.9994857907295227,0.004519045352935791,0, Yes,
amouyal:245:attachment,amouyal,NPZ,gp,lingering,No,,,,0,393,set_2,GP_prob,GP_question,prob,not annotated upstream,the boat,,True,attachment,amouyal:245,reg,True,reg_repair,a8754c9e49c2ac9dac8c51d73c81923335fbd76772502a5402f3cd1e361474fe,246,0.7363923192024231,0.9993407130241394,0.2636076807975769,0, Yes,638c3cf6ca1541fb1669402670718fee65c25de80731a0be4ce348f0aaf02818
amouyal:246,amouyal,NPZ,non_gp,simple,Yes,,,,0,396,set_2,nonGP_prob,simple_question,prob,not annotated upstream,the boat,,True,event,amouyal:246,reg,True,reg_repair,0996ea24f059e6be788a870b221d0f57d72b996913b8654759081f1a515f6d5c,233,0.9999446272850037,0.9996330142021179,0.9999446272850037,1, Yes,
amouyal:246:attachment,amouyal,NPZ,non_gp,simple,Yes,,,,0,396,set_2,nonGP_prob,simple_question,prob,not annotated upstream,the boat,,True,attachment,amouyal:246,reg,True,reg_repair,fcbc6ed32187f71ff2081d1b3e001276a086fbe0e0c27140700ee6e5063930b8,243,0.9609050154685974,0.9985988140106201,0.9609050154685974,1, Yes,1a77569de042743064e29e02f0ff6179cc42cdc9980bb8ff24c0601fe3ba0cf9
amouyal:247,amouyal,NPZ,non_gp,lingering,No,,,,0,397,set_2,nonGP_prob,GP_question,prob,not annotated upstream,the boat,,True,event,amouyal:247,reg,True,reg_repair,c91ef65cff17f4522470729089f564ff8edb4b0a37a1b8346ae63f0abb17fb21,233,0.9992750883102417,0.9997019171714783,0.0007249116897583008,0, Yes,
amouyal:247:attachment,amouyal,NPZ,non_gp,lingering,No,,,,0,397,set_2,nonGP_prob,GP_question,prob,not annotated upstream,the boat,,True,attachment,amouyal:247,reg,True,reg_repair,4478aeec41cf672efe1ce10301b3e6c1bb2f0c52ed2c550e83823b56719c8844,246,0.007168171927332878,0.9998741745948792,0.9928318280726671,1, No,638c3cf6ca1541fb1669402670718fee65c25de80731a0be4ce348f0aaf02818
amouyal:248,amouyal,NPZ,gp,simple,Yes,,,,0,400,set_3,GP_prob,simple_question,prob,not annotated upstream,the symphony,,True,event,amouyal:248,reg,True,reg_repair,1516082b318f3b810d923477c76fad4bceeea28870cc8ecdcfd7cf84ed34bb64,234,0.7210220098495483,0.9996850490570068,0.7210220098495483,1, Yes,
amouyal:248:attachment,amouyal,NPZ,gp,simple,Yes,,,,0,400,set_3,GP_prob,simple_question,prob,not annotated upstream,the symphony,,True,attachment,amouyal:248,reg,True,reg_repair,c59f9baf1cf6fc85f8745ff04873ac5e15c2c99d3f32e716885f4af1edb00589,244,5.444243470265064e-06,0.9999920129776001,5.444243470265064e-06,0, No,42f7a909d4d0b8e35b2ec907df63ba88c1ef293725dd6f2fa9d83ae9f275d62f
amouyal:249,amouyal,NPZ,gp,lingering,No,,,,0,401,set_3,GP_prob,GP_question,prob,not annotated upstream,the symphony,,True,event,amouyal:249,reg,True,reg_repair,2f7e389abc783a56e469a4801a2d9aba1f2cfba245e0b125b527c5e54d5de4f9,233,0.2026081085205078,0.9990125894546509,0.7973918914794922,1, No,
amouyal:249:attachment,amouyal,NPZ,gp,lingering,No,,,,0,401,set_3,GP_prob,GP_question,prob,not annotated upstream,the symphony,,True,attachment,amouyal:249,reg,True,reg_repair,9efce209b955e57488a22aa4a52f49b72dcac5adb0bc961058b9d871b3ba6e2e,247,0.009069018997251987,0.9999249577522278,0.990930981002748,1, No,f73f1295b4a97bab65cd14a438320c05fa846242153d1cb05d8dcb2faf631c63
amouyal:250,amouyal,NPZ,non_gp,simple,Yes,,,,0,404,set_3,nonGP_prob,simple_question,prob,not annotated upstream,the symphony,,True,event,amouyal:250,reg,True,reg_repair,fb23c1491f2752b7c23aaa6e4d9cd5142d39ffa621e398438d2d70240fbdcbe7,234,0.9994966983795166,0.9998030662536621,0.9994966983795166,1, Yes,
amouyal:250:attachment,amouyal,NPZ,non_gp,simple,Yes,,,,0,404,set_3,nonGP_prob,simple_question,prob,not annotated upstream,the symphony,,True,attachment,amouyal:250,reg,True,reg_repair,c6271b0af648ecfe890c1f1a7eee2494c2b39ae6cdaa06994703a48e47b05b96,244,0.7411440014839172,0.9993055462837219,0.7411440014839172,1, Yes,42f7a909d4d0b8e35b2ec907df63ba88c1ef293725dd6f2fa9d83ae9f275d62f
amouyal:251,amouyal,NPZ,non_gp,lingering,No,,,,0,405,set_3,nonGP_prob,GP_question,prob,not annotated upstream,the symphony,,True,event,amouyal:251,reg,True,reg_repair,75c481062d447a23edbc67fb78e90c21a05ef73c77639bd07c6b9b0be27814a7,233,6.925203342689201e-05,0.9998204708099365,0.9999307479665731,1, No,
amouyal:251:attachment,amouyal,NPZ,non_gp,lingering,No,,,,0,405,set_3,nonGP_prob,GP_question,prob,not annotated upstream,the symphony,,True,attachment,amouyal:251,reg,True,reg_repair,ed57f4815b53f016d0021fd1a579cb48920875452f00c62ec701d61f6973e81f,247,9.596586096449755e-06,0.9999744892120361,0.9999904034139036,1, No,f73f1295b4a97bab65cd14a438320c05fa846242153d1cb05d8dcb2faf631c63
amouyal:252,amouyal,NPZ,gp,simple,Yes,,,,0,408,set_4,GP_prob,simple_question,prob,not annotated upstream,the dress,,True,event,amouyal:252,reg,True,reg_repair,cc9d185f2c5a0240ac292d7cf9fd34ace8f5b6926e31ce86e2b2cbe32b495841,229,0.9931477904319763,0.999626636505127,0.9931477904319763,1, Yes,
amouyal:252:attachment,amouyal,NPZ,gp,simple,Yes,,,,0,408,set_4,GP_prob,simple_question,prob,not annotated upstream,the dress,,True,attachment,amouyal:252,reg,True,reg_repair,29dfbff6e259ea9c78949c4a16a5e422d395f2490237253362f97e9bb17fbc36,241,1.604451313141908e-06,0.9999871253967285,1.604451313141908e-06,0, No,35fdb476be51ea1359d18c02aaad39d2a78df86a1605967d6af13732ef982000
amouyal:253,amouyal,NPZ,gp,lingering,No,,,,0,409,set_4,GP_prob,GP_question,prob,not annotated upstream,the dress,,True,event,amouyal:253,reg,True,reg_repair,ace9835e8f7079f3db8a4d191080744ca84d3ae5541fd797b72e8d960ecde43d,231,0.9481194615364075,0.9989645481109619,0.05188053846359253,0, Yes,
amouyal:253:attachment,amouyal,NPZ,gp,lingering,No,,,,0,409,set_4,GP_prob,GP_question,prob,not annotated upstream,the dress,,True,attachment,amouyal:253,reg,True,reg_repair,397cc6f376edd4d9463b6c5fd881919351ab8697d4a96ad045279b51e0049bc8,244,0.590419352054596,0.9993695020675659,0.40958064794540405,0, Yes,03e4078dee41a17f0976c42c9b53817a3ff434f90fac912fce8d0a34cdc0d4e9
amouyal:254,amouyal,NPZ,non_gp,simple,Yes,,,,0,412,set_4,nonGP_prob,simple_question,prob,not annotated upstream,the dress,,True,event,amouyal:254,reg,True,reg_repair,2af1a054b93ba9511ce38b8f511b773fd07b11fb38339311b0a6a75f6caecda9,229,0.9999237060546875,0.9996029734611511,0.9999237060546875,1, Yes,
amouyal:254:attachment,amouyal,NPZ,non_gp,simple,Yes,,,,0,412,set_4,nonGP_prob,simple_question,prob,not annotated upstream,the dress,,True,attachment,amouyal:254,reg,True,reg_repair,572aadc8766a63d8a2ca515c2a3dcab2825e4863976c347744b29335f54b6469,241,0.07958361506462097,0.9998160600662231,0.07958361506462097,0, No,35fdb476be51ea1359d18c02aaad39d2a78df86a1605967d6af13732ef982000
amouyal:255,amouyal,NPZ,non_gp,lingering,No,,,,0,413,set_4,nonGP_prob,GP_question,prob,not annotated upstream,the dress,,True,event,amouyal:255,reg,True,reg_repair,3ac468817f0bdf163b5352522972310e6756587c939766a6d3c95ca52e02f068,231,0.9940797090530396,0.9996739625930786,0.005920290946960449,0, Yes,
amouyal:255:attachment,amouyal,NPZ,non_gp,lingering,No,,,,0,413,set_4,nonGP_prob,GP_question,prob,not annotated upstream,the dress,,True,attachment,amouyal:255,reg,True,reg_repair,e5db9ca5c52ecd6cd4988427f256e4e26dbac6307e465fc2bce4abfa99cc0a5a,244,0.008414724841713905,0.999902069568634,0.9915852751582861,1, No,03e4078dee41a17f0976c42c9b53817a3ff434f90fac912fce8d0a34cdc0d4e9
amouyal:256,amouyal,NPZ,gp,simple,Yes,,,,0,416,set_5,GP_prob,simple_question,prob,not annotated upstream,the letter,,True,event,amouyal:256,reg,True,reg_repair,c551009aa5be53029c62c73b1abaee3d7e08d1fe31ee9d2874048a0de87d2f11,231,0.9868612289428711,0.9994058609008789,0.9868612289428711,1, Yes,
amouyal:256:attachment,amouyal,NPZ,gp,simple,Yes,,,,0,416,set_5,GP_prob,simple_question,prob,not annotated upstream,the letter,,True,attachment,amouyal:256,reg,True,reg_repair,be4e35676406c89333724a1dd83fdcf4e703114c242c7ff7ffc8878d9f3b9380,241,3.8637903543303764e-08,0.9999923706054688,3.8637903543303764e-08,0, No,26aaab70c1d6a5d87a9094fdec76a8f2bb723b61a1885acbef154b97a937206c
amouyal:257,amouyal,NPZ,gp,lingering,No,,,,0,417,set_5,GP_prob,GP_question,prob,not annotated upstream,the letter,,True,event,amouyal:257,reg,True,reg_repair,682676100471d4aa719f835907c442a29eb38c3b386b7a053d3f3412428042a2,229,2.0907325961161405e-05,0.9999576210975647,0.9999790926740388,1, No,
amouyal:257:attachment,amouyal,NPZ,gp,lingering,No,,,,0,417,set_5,GP_prob,GP_question,prob,not annotated upstream,the letter,,True,attachment,amouyal:257,reg,True,reg_repair,eb74a34cc32538be07b3d7df531a87cbb4d472b9b60fd0d9a64cae865afcabd4,244,0.009214356541633606,0.9999051094055176,0.9907856434583664,1, No,81d2119266c12ef868ef263c241ee449f8cf55d04b6903da2d23e1262aaffe6c
amouyal:258,amouyal,NPZ,non_gp,simple,Yes,,,,0,420,set_5,nonGP_prob,simple_question,prob,not annotated upstream,the letter,,True,event,amouyal:258,reg,True,reg_repair,9822fea403c7e1512d15a7cdfe3669a48be4e31b615dd1adbfff8e17101bf666,231,0.9999790787696838,0.9995893239974976,0.9999790787696838,1, Yes,
amouyal:258:attachment,amouyal,NPZ,non_gp,simple,Yes,,,,0,420,set_5,nonGP_prob,simple_question,prob,not annotated upstream,the letter,,True,attachment,amouyal:258,reg,True,reg_repair,44d4d8701aae903330deb46f2d03c34f5afa3f70bf5e6de1010a2b1c3484942e,241,0.2911525368690491,0.9995309114456177,0.2911525368690491,0, No,26aaab70c1d6a5d87a9094fdec76a8f2bb723b61a1885acbef154b97a937206c
amouyal:259,amouyal,NPZ,non_gp,lingering,No,,,,0,421,set_5,nonGP_prob,GP_question,prob,not annotated upstream,the letter,,True,event,amouyal:259,reg,True,reg_repair,8b37e32a14d78d3391a112443fe4ceb23f50924e77f0124501e7411fa960b6e6,229,0.9663403034210205,0.9991291165351868,0.03365969657897949,0, Yes,
amouyal:259:attachment,amouyal,NPZ,non_gp,lingering,No,,,,0,421,set_5,nonGP_prob,GP_question,prob,not annotated upstream,the letter,,True,attachment,amouyal:259,reg,True,reg_repair,a50b4d884bc5092934cd0058a5ac99544dc26e36d190705e966ba520fea76e5c,244,0.45428743958473206,0.9992576837539673,0.5457125604152679,1, No,81d2119266c12ef868ef263c241ee449f8cf55d04b6903da2d23e1262aaffe6c
amouyal:260,amouyal,NPZ,gp,simple,Yes,,,,0,424,set_6,GP_prob,simple_question,prob,not annotated upstream,the tractor,,True,event,amouyal:260,reg,True,reg_repair,f0eb7965f0a9f77510a6305c4833e8275d26c4acfab7019e8dccc22b97814f5b,231,0.9033889770507812,0.9995139837265015,0.9033889770507812,1, Yes,
amouyal:260:attachment,amouyal,NPZ,gp,simple,Yes,,,,0,424,set_6,GP_prob,simple_question,prob,not annotated upstream,the tractor,,True,attachment,amouyal:260,reg,True,reg_repair,0702c1eedc38566e6064ed4410545b893cbeb33794ff7bb579a6be63b9c820d5,242,1.6193345800274983e-05,0.9999678134918213,1.6193345800274983e-05,0, No,7760cae073bc147613bd2b2f072e2a0139f31b9afe66bb2f5cb46a7cab67722f
amouyal:261,amouyal,NPZ,gp,lingering,No,,,,0,425,set_6,GP_prob,GP_question,prob,not annotated upstream,the tractor,,True,event,amouyal:261,reg,True,reg_repair,48fd49a9fda0ce16783903b2cc6f817d5f10d8f0a277cff633a97ffb6888a2a0,231,0.3601965010166168,0.9989814162254333,0.6398034989833832,1, No,
amouyal:261:attachment,amouyal,NPZ,gp,lingering,No,,,,0,425,set_6,GP_prob,GP_question,prob,not annotated upstream,the tractor,,True,attachment,amouyal:261,reg,True,reg_repair,30236a384c73fc318f63ab3e899aba1fa96555643b8ae9d0687f428919bab314,245,0.0032135210931301117,0.9998551607131958,0.9967864789068699,1, No,02fc525db84c11bbfed8b527b57d2d5c3f594aa26d4dc3aad94c32a341d01445
amouyal:262,amouyal,NPZ,non_gp,simple,Yes,,,,0,428,set_6,nonGP_prob,simple_question,prob,not annotated upstream,the tractor,,True,event,amouyal:262,reg,True,reg_repair,85430675b0b25d573f788995887111c9e6dca3bdd32826fef0aabceffe53947d,231,0.9999978542327881,0.9996073842048645,0.9999978542327881,1, Yes,
amouyal:262:attachment,amouyal,NPZ,non_gp,simple,Yes,,,,0,428,set_6,nonGP_prob,simple_question,prob,not annotated upstream,the tractor,,True,attachment,amouyal:262,reg,True,reg_repair,b335c30af48286a3d060f36da86cfde0c03785701d3855f3f1b6c856a5c86bc3,242,0.9954569935798645,0.999016284942627,0.9954569935798645,1, Yes,7760cae073bc147613bd2b2f072e2a0139f31b9afe66bb2f5cb46a7cab67722f
amouyal:263,amouyal,NPZ,non_gp,lingering,No,,,,0,429,set_6,nonGP_prob,GP_question,prob,not annotated upstream,the tractor,,True,event,amouyal:263,reg,True,reg_repair,93d55531ae098d0a1fd711fe3706fd2fea1f97dccc2ff79209360dbea8c52839,231,0.004973588511347771,0.9998719096183777,0.9950264114886522,1, No,
amouyal:263:attachment,amouyal,NPZ,non_gp,lingering,No,,,,0,429,set_6,nonGP_prob,GP_question,prob,not annotated upstream,the tractor,,True,attachment,amouyal:263,reg,True,reg_repair,83690c8fb2c4238e332c322a61e3fabc5b91a73ba18b7b674b884a1be435b4b2,245,2.1035600639152108e-06,0.9999690055847168,0.9999978964399361,1, No,02fc525db84c11bbfed8b527b57d2d5c3f594aa26d4dc3aad94c32a341d01445
amouyal:264,amouyal,NPZ,gp,simple,Yes,,,,0,432,set_7,GP_prob,simple_question,prob,not annotated upstream,the contract,,True,event,amouyal:264,reg,True,reg_repair,2bbb8ca13bc1fe593c298b38b1689d24040fd335a9852a4c301dc06aaebc86f4,236,0.9803740382194519,0.9995518922805786,0.9803740382194519,1, Yes,
amouyal:264:attachment,amouyal,NPZ,gp,simple,Yes,,,,0,432,set_7,GP_prob,simple_question,prob,not annotated upstream,the contract,,True,attachment,amouyal:264,reg,True,reg_repair,3ad3142fa49971c98adc267766befecd13d455f26bc56733b540e223139076fc,244,5.811746746076096e-07,0.9999885559082031,5.811746746076096e-07,0, No,505455a156176e941f5a44d7c776be8eedcdfb1ca384638cf597e708dc95f9e3
amouyal:265,amouyal,NPZ,gp,lingering,No,,,,0,433,set_7,GP_prob,GP_question,prob,not annotated upstream,the contract,,True,event,amouyal:265,reg,True,reg_repair,db6e6ca759e933f0b0756a6014fda38c36185daa6983064d012ec88fba70192c,233,0.9933944344520569,0.9997513890266418,0.006605565547943115,0, Yes,
amouyal:265:attachment,amouyal,NPZ,gp,lingering,No,,,,0,433,set_7,GP_prob,GP_question,prob,not annotated upstream,the contract,,True,attachment,amouyal:265,reg,True,reg_repair,de41bace5ead88b8b5ced26f1e08ed3f6a7f64a825878ce8ad2f4161affd2bae,247,0.10537565499544144,0.9996078610420227,0.8946243450045586,1, No,e6b25d5fd7d3b9263ac5a5648f1814403fc2ef4dbb45ead85fa73afd4662f472
amouyal:266,amouyal,NPZ,non_gp,simple,Yes,,,,0,436,set_7,nonGP_prob,simple_question,prob,not annotated upstream,the contract,,True,event,amouyal:266,reg,True,reg_repair,5666220335845666f467da66721136e6f072a9b11b6f2f9430c4b751c5e4c061,236,0.9998176097869873,0.999354362487793,0.9998176097869873,1, Yes,
amouyal:266:attachment,amouyal,NPZ,non_gp,simple,Yes,,,,0,436,set_7,nonGP_prob,simple_question,prob,not annotated upstream,the contract,,True,attachment,amouyal:266,reg,True,reg_repair,7610702256687aaaf3d67631f8400099af75e966497320b4876783659118c739,244,0.0007812430849298835,0.9999496340751648,0.0007812430849298835,0, No,505455a156176e941f5a44d7c776be8eedcdfb1ca384638cf597e708dc95f9e3
amouyal:267,amouyal,NPZ,non_gp,lingering,No,,,,0,437,set_7,nonGP_prob,GP_question,prob,not annotated upstream,the contract,,True,event,amouyal:267,reg,True,reg_repair,eb29d9c302a6783af8cef7167ec83bec90dc79341ded102ca4f399dd1d035b3c,233,0.9957304000854492,0.9995478987693787,0.004269599914550781,0, Yes,
amouyal:267:attachment,amouyal,NPZ,non_gp,lingering,No,,,,0,437,set_7,nonGP_prob,GP_question,prob,not annotated upstream,the contract,,True,attachment,amouyal:267,reg,True,reg_repair,e37ebeacd64e41b9bc932f2f0e3dd0a8ff78aa992a703cc527094c7d6ecf6199,247,0.057687729597091675,0.9996793270111084,0.9423122704029083,1, No,e6b25d5fd7d3b9263ac5a5648f1814403fc2ef4dbb45ead85fa73afd4662f472
amouyal:268,amouyal,NPZ,gp,simple,Yes,,,,0,440,set_8,GP_prob,simple_question,prob,not annotated upstream,the balls,,True,event,amouyal:268,reg,True,reg_repair,55b47f13187afdaa6cc3b292ef089c6f77bc083e67e0efc763fba3ea0af85734,233,0.9992045760154724,0.9997060894966125,0.9992045760154724,1, Yes,
amouyal:268:attachment,amouyal,NPZ,gp,simple,Yes,,,,0,440,set_8,GP_prob,simple_question,prob,not annotated upstream,the balls,,True,attachment,amouyal:268,reg,True,reg_repair,aacfa9127d88fd2f93bf4c2683845c10e0b2e5132d9ee6ec025e973d3f4d12a0,243,9.869273753793095e-07,0.9999855756759644,9.869273753793095e-07,0, No,f1344e08468d2c2f7166ea9c093cb3bff09086270356827f88b73c88acf36c83
amouyal:269,amouyal,NPZ,gp,lingering,No,,,,0,441,set_8,GP_prob,GP_question,prob,not annotated upstream,the balls,,True,event,amouyal:269,reg,True,reg_repair,b954ed3b3708855cdf9e0c6c1d3bea8bb5bd74d4edbd4fb3cd2419e8e46690c7,233,0.22922766208648682,0.9995934963226318,0.7707723379135132,1, No,
amouyal:269:attachment,amouyal,NPZ,gp,lingering,No,,,,0,441,set_8,GP_prob,GP_question,prob,not annotated upstream,the balls,,True,attachment,amouyal:269,reg,True,reg_repair,02edf375257c840d5caa2e05539f431b53e9bd1d25e991b952356ceaad59cfa0,246,0.2373194694519043,0.9995512962341309,0.7626805305480957,1, No,b7ff1d654d8ba03c2319d0ab767b1753fbf9ed291b203394fa4763fe841ae179
amouyal:270,amouyal,NPZ,non_gp,simple,Yes,,,,0,444,set_8,nonGP_prob,simple_question,prob,not annotated upstream,the balls,,True,event,amouyal:270,reg,True,reg_repair,fedc7f0de88e03009993e7983156f0df105b1003bc10835a8ed253535a299984,233,0.9999898076057434,0.9995420575141907,0.9999898076057434,1, Yes,
amouyal:270:attachment,amouyal,NPZ,non_gp,simple,Yes,,,,0,444,set_8,nonGP_prob,simple_question,prob,not annotated upstream,the balls,,True,attachment,amouyal:270,reg,True,reg_repair,6d1e79ebcd9b1b3cd8676e4e243123d4c052cc23b3274f03c2b932e785867e2f,243,0.998810887336731,0.999110221862793,0.998810887336731,1, Yes,f1344e08468d2c2f7166ea9c093cb3bff09086270356827f88b73c88acf36c83
amouyal:271,amouyal,NPZ,non_gp,lingering,No,,,,0,445,set_8,nonGP_prob,GP_question,prob,not annotated upstream,the balls,,True,event,amouyal:271,reg,True,reg_repair,81922a71b3cdf43129724c33921bace18a28eea55d0a6b57678c11f5d9b6cc18,233,0.964809775352478,0.9993122816085815,0.03519022464752197,0, Yes,
amouyal:271:attachment,amouyal,NPZ,non_gp,lingering,No,,,,0,445,set_8,nonGP_prob,GP_question,prob,not annotated upstream,the balls,,True,attachment,amouyal:271,reg,True,reg_repair,f8d39d8ffea79939d0e6093698637fb6f00aa44188c23db268d604a15f2c2938,246,0.04907626658678055,0.9997404217720032,0.9509237334132195,1, No,b7ff1d654d8ba03c2319d0ab767b1753fbf9ed291b203394fa4763fe841ae179
amouyal:272,amouyal,NPZ,gp,simple,Yes,,,,0,448,set_9,GP_prob,simple_question,prob,not annotated upstream,the rug,,True,event,amouyal:272,reg,True,reg_repair,4b5fa0885b655beb7d6dc4686cdb571d3f5ff3ab4cd428633293ce9ee4a49960,230,0.9996781349182129,0.9997282028198242,0.9996781349182129,1, Yes,
amouyal:272:attachment,amouyal,NPZ,gp,simple,Yes,,,,0,448,set_9,GP_prob,simple_question,prob,not annotated upstream,the rug,,True,attachment,amouyal:272,reg,True,reg_repair,5a4a1b5a07f2ece7cd510125b0d45e994bb73d6e349ac87c3652d215987beb57,241,7.201012522273231e-06,0.9999862313270569,7.201012522273231e-06,0, No,33234bd13c0e0fcaf51d439b92e26ee8d65ad5f6d3044684cd1d3ae9210ca094
amouyal:273,amouyal,NPZ,gp,lingering,No,,,,0,449,set_9,GP_prob,GP_question,prob,not annotated upstream,the rug,,True,event,amouyal:273,reg,True,reg_repair,a7dc01588383cc0c2c8347c0446329acbf6c8b00d13db8f4963d330bc3363417,229,0.8693587183952332,0.9993860721588135,0.13064128160476685,0, Yes,
amouyal:273:attachment,amouyal,NPZ,gp,lingering,No,,,,0,449,set_9,GP_prob,GP_question,prob,not annotated upstream,the rug,,True,attachment,amouyal:273,reg,True,reg_repair,aa8b16a249dcc86f3dc27a6d8df939a9448045870047268eb011c210a816bd3a,244,0.21796396374702454,0.9996064901351929,0.7820360362529755,1, No,a6eae1aed558785c12b3156c8a6d31556fd6336ed04d744d98b3b72711e24fd2
amouyal:274,amouyal,NPZ,non_gp,simple,Yes,,,,0,452,set_9,nonGP_prob,simple_question,prob,not annotated upstream,the rug,,True,event,amouyal:274,reg,True,reg_repair,c8b27dfbc2ee86aa5625908ce7ff6964d79183e4b6ed64efa767c36dc8344705,230,0.9999667406082153,0.9996320605278015,0.9999667406082153,1, Yes,
amouyal:274:attachment,amouyal,NPZ,non_gp,simple,Yes,,,,0,452,set_9,nonGP_prob,simple_question,prob,not annotated upstream,the rug,,True,attachment,amouyal:274,reg,True,reg_repair,495d7497996a1a58baabf332ef5480d5d15f5c1bb0a21b54a51bf2d622ee53ab,241,0.9996786117553711,0.9990509152412415,0.9996786117553711,1, Yes,33234bd13c0e0fcaf51d439b92e26ee8d65ad5f6d3044684cd1d3ae9210ca094
amouyal:275,amouyal,NPZ,non_gp,lingering,No,,,,0,453,set_9,nonGP_prob,GP_question,prob,not annotated upstream,the rug,,True,event,amouyal:275,reg,True,reg_repair,8476c0331ec4efa3c513d4192b24b25187c647286feb5ab119b9a99b402ac007,229,0.9999203085899353,0.9991151690483093,7.969141006469727e-05,0, Yes,
amouyal:275:attachment,amouyal,NPZ,non_gp,lingering,No,,,,0,453,set_9,nonGP_prob,GP_question,prob,not annotated upstream,the rug,,True,attachment,amouyal:275,reg,True,reg_repair,6cc6c495cc1de621444b1581de59eb027392bcf70142fff354b44f6eba780a0e,244,0.5539817214012146,0.9991730451583862,0.4460182785987854,0, Yes,a6eae1aed558785c12b3156c8a6d31556fd6336ed04d744d98b3b72711e24fd2
amouyal:0,amouyal,NPZ,gp,simple,Yes,,,,0,0,set_10,GP_prob,simple_question,prob,not annotated upstream,the memo,,True,event,amouyal:0,rev,False,rev_base,76858dcba5406157dd195e5f0f11fa45fa0f0ffebec91184d37833f23c48bdb4,216,0.08362139016389847,0.9996280670166016,0.08362139016389847,0, No,
amouyal:0:attachment,amouyal,NPZ,gp,simple,Yes,,,,0,0,set_10,GP_prob,simple_question,prob,not annotated upstream,the memo,,True,attachment,amouyal:0,rev,False,rev_base,d39862ede4e56384c0e5393bbabcecaf7e245166fa910dda7178090aeec40745,228,2.585710490166093e-07,0.9998870491981506,2.585710490166093e-07,0, No,24e6f0849c9d2225f56da479e2b7f2b44fc064d67aac6d3868fbaa824f796ae3
amouyal:1,amouyal,NPZ,gp,lingering,No,,,,0,1,set_10,GP_prob,GP_question,prob,not annotated upstream,the memo,,True,event,amouyal:1,rev,False,rev_base,62e8b259727955dcd8daffa649bd2f18b80597fa08ea673b8a16982825467fee,217,0.7294992208480835,0.9992856383323669,0.2705007791519165,0, Yes,
amouyal:1:attachment,amouyal,NPZ,gp,lingering,No,,,,0,1,set_10,GP_prob,GP_question,prob,not annotated upstream,the memo,,True,attachment,amouyal:1,rev,False,rev_base,91eb51cf06d8991be712c86689560b207d9faa1a29b210aab67d39c571fe1280,231,8.543520380044356e-06,0.9998907446861267,0.99999145647962,1, No,edad6ac7eec615b0ce5b9ce35dcb5fc9cd83498b48956357134a4e69d72e54de
amouyal:2,amouyal,NPZ,non_gp,simple,Yes,,,,0,4,set_10,nonGP_prob,simple_question,prob,not annotated upstream,the memo,,True,event,amouyal:2,rev,False,rev_base,b4147b89bfa8a38aa7f9b970ce0db5e6391a7eb7cdfe5a7fc35d82e0cb1f52ba,216,0.9235086441040039,0.9996932744979858,0.9235086441040039,1, Yes,
amouyal:2:attachment,amouyal,NPZ,non_gp,simple,Yes,,,,0,4,set_10,nonGP_prob,simple_question,prob,not annotated upstream,the memo,,True,attachment,amouyal:2,rev,False,rev_base,d8d758d5631bce8ddb41f49a71993ebfb90d2e20cac1f391f5411f89e018737c,228,0.9011169075965881,0.9938265085220337,0.9011169075965881,1, Yes,24e6f0849c9d2225f56da479e2b7f2b44fc064d67aac6d3868fbaa824f796ae3
amouyal:3,amouyal,NPZ,non_gp,lingering,No,,,,0,5,set_10,nonGP_prob,GP_question,prob,not annotated upstream,the memo,,True,event,amouyal:3,rev,False,rev_base,60fea1638f6820c8edf597e38d967e19087098ca9303a96be47543652ff95fcd,217,0.08033514767885208,0.998955249786377,0.9196648523211479,1, No,
amouyal:3:attachment,amouyal,NPZ,non_gp,lingering,No,,,,0,5,set_10,nonGP_prob,GP_question,prob,not annotated upstream,the memo,,True,attachment,amouyal:3,rev,False,rev_base,5d2fb8d87ff239708a2c777d34a788873abf5e954fa275bb29e3735ca09022c1,231,0.06635605543851852,0.999211311340332,0.9336439445614815,1, No,edad6ac7eec615b0ce5b9ce35dcb5fc9cd83498b48956357134a4e69d72e54de
amouyal:4,amouyal,NPZ,gp,simple,Yes,,,,0,8,set_11,GP_prob,simple_question,prob,not annotated upstream,the canoe,,True,event,amouyal:4,rev,False,rev_base,436503e56e0cf07cf8f1497b267877852f8957876bca186df6dbf93330fdadf2,220,0.9852451086044312,0.9995933175086975,0.9852451086044312,1, Yes,
amouyal:4:attachment,amouyal,NPZ,gp,simple,Yes,,,,0,8,set_11,GP_prob,simple_question,prob,not annotated upstream,the canoe,,True,attachment,amouyal:4,rev,False,rev_base,6043f1a888fe18fc4ec65a7114a65ee15e4a4b3be733694e835cc13b740a88cf,230,2.2532883576786844e-06,0.9999004006385803,2.2532883576786844e-06,0, No,89743ecf107d6926c4df3b21e6e01638b21cf2ad9688e140971bc7786c90a425
amouyal:5,amouyal,NPZ,gp,lingering,No,,,,0,9,set_11,GP_prob,GP_question,prob,not annotated upstream,the canoe,,True,event,amouyal:5,rev,False,rev_base,4141e928a08c4081d80667a630f07105fcecba8a444ec1d541930dc2109183dd,219,0.9991946816444397,0.9997929334640503,0.0008053183555603027,0, Yes,
amouyal:5:attachment,amouyal,NPZ,gp,lingering,No,,,,0,9,set_11,GP_prob,GP_question,prob,not annotated upstream,the canoe,,True,attachment,amouyal:5,rev,False,rev_base,d24976c3a3c0fa54a206062db310e3c3efbaffea39ab3fe226359b41fe70a410,233,9.805049194255844e-05,0.9998435974121094,0.9999019495080574,1, No,c50c402bbef2ce84176202995f57bf2c1fcb40030f5c39f00a274f1dcddbb723
amouyal:6,amouyal,NPZ,non_gp,simple,Yes,,,,0,12,set_11,nonGP_prob,simple_question,prob,not annotated upstream,the canoe,,True,event,amouyal:6,rev,False,rev_base,5ada4f8803fc5a050196de00e12b81a4b42fd0acc239eaa434e385e5ef3b9395,220,0.9999314546585083,0.9997471570968628,0.9999314546585083,1, Yes,
amouyal:6:attachment,amouyal,NPZ,non_gp,simple,Yes,,,,0,12,set_11,nonGP_prob,simple_question,prob,not annotated upstream,the canoe,,True,attachment,amouyal:6,rev,False,rev_base,dce6ea6f004d5c82945ebb7711cf6db60445dc5b0e2276d2d8167f8d60a969e9,230,0.9109116196632385,0.9964919090270996,0.9109116196632385,1, Yes,89743ecf107d6926c4df3b21e6e01638b21cf2ad9688e140971bc7786c90a425
amouyal:7,amouyal,NPZ,non_gp,lingering,No,,,,0,13,set_11,nonGP_prob,GP_question,prob,not annotated upstream,the canoe,,True,event,amouyal:7,rev,False,rev_base,74e5cc2a22058e364a666b551bfaa82f5321762423be2485ac56ffe4dee2cbeb,219,0.9907156229019165,0.9997540712356567,0.009284377098083496,0, Yes,
amouyal:7:attachment,amouyal,NPZ,non_gp,lingering,No,,,,0,13,set_11,nonGP_prob,GP_question,prob,not annotated upstream,the canoe,,True,attachment,amouyal:7,rev,False,rev_base,73c56c458b94c604a23522c7ad9e11669c603c3c22ef0ab2c3ec48d181d86c7a,233,0.05898808687925339,0.9991793632507324,0.9410119131207466,1, No,c50c402bbef2ce84176202995f57bf2c1fcb40030f5c39f00a274f1dcddbb723
amouyal:8,amouyal,NPZ,gp,simple,Yes,,,,0,16,set_12,GP_prob,simple_question,prob,not annotated upstream,the horse,,True,event,amouyal:8,rev,False,rev_base,03e6497624aabaf81aa7f5e4fcd51054febd235a536a629d7a163805857bd2b0,220,0.8696489930152893,0.9993808269500732,0.8696489930152893,1, Yes,
amouyal:8:attachment,amouyal,NPZ,gp,simple,Yes,,,,0,16,set_12,GP_prob,simple_question,prob,not annotated upstream,the horse,,True,attachment,amouyal:8,rev,False,rev_base,7dedfec3b41364c3397c0d780ac01afa4ffc4a1d1453cd0550ba84cf3c68a7d3,230,1.5227244887228153e-07,0.9999503493309021,1.5227244887228153e-07,0, No,8c6af6d5f483fb559cc3d89a17cebf5ce9f0cef453ff7f4961aec5a45f44afcc
amouyal:9,amouyal,NPZ,gp,lingering,No,,,,0,17,set_12,GP_prob,GP_question,prob,not annotated upstream,the horse,,True,event,amouyal:9,rev,False,rev_base,6483664bb17d4a9846d1721932ce369589d4ae49069b08974e87e32b937e2ee2,219,0.9924231767654419,0.999841034412384,0.0075768232345581055,0, Yes,
amouyal:9:attachment,amouyal,NPZ,gp,lingering,No,,,,0,17,set_12,GP_prob,GP_question,prob,not annotated upstream,the horse,,True,attachment,amouyal:9,rev,False,rev_base,98f94ad75dedfa8281bb4c48a051519e74ed8bbd6195b64a21d1df822f4618c5,233,5.386631528381258e-06,0.9999330043792725,0.9999946133684716,1, No,9a755ac496f13ae5f2c388965641bf2dfa1cd2c83cc4f318324219cedf67eb8f
amouyal:10,amouyal,NPZ,non_gp,simple,Yes,,,,0,20,set_12,nonGP_prob,simple_question,prob,not annotated upstream,the horse,,True,event,amouyal:10,rev,False,rev_base,e5147b2352fa521d1d351160f18e8a65efefe472a5200457f17503f3d95973ed,220,0.999954104423523,0.999832272529602,0.999954104423523,1, Yes,
amouyal:10:attachment,amouyal,NPZ,non_gp,simple,Yes,,,,0,20,set_12,nonGP_prob,simple_question,prob,not annotated upstream,the horse,,True,attachment,amouyal:10,rev,False,rev_base,d0a66f7d3bf17c3be698528efe04366954b9f51854564119cb629a0ea88a4042,230,0.9996020793914795,0.9972074031829834,0.9996020793914795,1, Yes,8c6af6d5f483fb559cc3d89a17cebf5ce9f0cef453ff7f4961aec5a45f44afcc
amouyal:11,amouyal,NPZ,non_gp,lingering,No,,,,0,21,set_12,nonGP_prob,GP_question,prob,not annotated upstream,the horse,,True,event,amouyal:11,rev,False,rev_base,4e7401ed803d8f802b1f2a84c5abc167cedcbcca94bc8fab13a5f9613e39053b,219,0.9998922348022461,0.9997159838676453,0.00010776519775390625,0, Yes,
amouyal:11:attachment,amouyal,NPZ,non_gp,lingering,No,,,,0,21,set_12,nonGP_prob,GP_question,prob,not annotated upstream,the horse,,True,attachment,amouyal:11,rev,False,rev_base,34f3c49941b3492da1ef8b63b419a71bb078fdac3fedd5321dfaf9a244ad4c2d,233,0.011438054032623768,0.9994474649429321,0.9885619459673762,1, No,9a755ac496f13ae5f2c388965641bf2dfa1cd2c83cc4f318324219cedf67eb8f
amouyal:12,amouyal,NPZ,gp,simple,Yes,,,,0,24,set_13,GP_prob,simple_question,prob,not annotated upstream,the hot dog,,True,event,amouyal:12,rev,False,rev_base,b9b4fb21f815fab1b4e30acf35b6b984f1291412b5a4b8b380584c96e297148c,218,0.7971159815788269,0.9993643760681152,0.7971159815788269,1, Yes,
amouyal:12:attachment,amouyal,NPZ,gp,simple,Yes,,,,0,24,set_13,GP_prob,simple_question,prob,not annotated upstream,the hot dog,,True,attachment,amouyal:12,rev,False,rev_base,5024d0c5c15578804f5aef6e5df1d9b6c91839d3b20ef100fcdd4f01a661ec36,229,2.445876248202694e-07,0.9997825026512146,2.445876248202694e-07,0, No,53b3e88efb9da4586c81a9053c259f86a71547191f2203d6591dd04727428e56
amouyal:13,amouyal,NPZ,gp,lingering,No,,,,0,25,set_13,GP_prob,GP_question,prob,not annotated upstream,the hot dog,,True,event,amouyal:13,rev,False,rev_base,22f1031ec371591e407d1f4bcd821578a93bdaf4760711ecae0bac08b4a1e925,217,0.0019634112250059843,0.9998815059661865,0.998036588774994,1, No,
amouyal:13:attachment,amouyal,NPZ,gp,lingering,No,,,,0,25,set_13,GP_prob,GP_question,prob,not annotated upstream,the hot dog,,True,attachment,amouyal:13,rev,False,rev_base,f0ebff1625cfdcba6479d9d54633ac1125fc8e1806e94de2a94d0e3fcdbee76c,232,5.655193672282621e-05,0.9998793005943298,0.9999434480632772,1, No,2c22c048d096ea85d217ee0a0ee6d813aaf83740ddca3eed48b937549ec303a0
amouyal:14,amouyal,NPZ,non_gp,simple,Yes,,,,0,28,set_13,nonGP_prob,simple_question,prob,not annotated upstream,the hot dog,,True,event,amouyal:14,rev,False,rev_base,34dc29a1b5dca39173b5e4771821dd478fe357246ec6e6c4dcad01cc0a99f3a8,218,0.9997299313545227,0.99980229139328,0.9997299313545227,1, Yes,
amouyal:14:attachment,amouyal,NPZ,non_gp,simple,Yes,,,,0,28,set_13,nonGP_prob,simple_question,prob,not annotated upstream,the hot dog,,True,attachment,amouyal:14,rev,False,rev_base,d3485db6cdad4f134e9152f84f9ce3f2926ce3872f17e83f41f74a691d16ad3d,229,0.15895316004753113,0.9973781108856201,0.15895316004753113,0, No,53b3e88efb9da4586c81a9053c259f86a71547191f2203d6591dd04727428e56
amouyal:15,amouyal,NPZ,non_gp,lingering,No,,,,0,29,set_13,nonGP_prob,GP_question,prob,not annotated upstream,the hot dog,,True,event,amouyal:15,rev,False,rev_base,a1b6bcd31963f8f7fc6a91a45731591dec2136c5c1dac85b4ef042e95f571f24,217,0.11005697399377823,0.9995432496070862,0.8899430260062218,1, No,
amouyal:15:attachment,amouyal,NPZ,non_gp,lingering,No,,,,0,29,set_13,nonGP_prob,GP_question,prob,not annotated upstream,the hot dog,,True,attachment,amouyal:15,rev,False,rev_base,66a4427f1786be82b602deaa2d7ebf6f3c64fa6d829409df3a605b6d11fc8f53,232,0.02637166902422905,0.9995589852333069,0.973628330975771,1, No,2c22c048d096ea85d217ee0a0ee6d813aaf83740ddca3eed48b937549ec303a0
amouyal:16,amouyal,NPZ,gp,simple,Yes,,,,0,32,set_14,GP_prob,simple_question,prob,not annotated upstream,the building,,True,event,amouyal:16,rev,False,rev_base,49d1ebbb984876ee01c16615938f22441d1d74286faee8041bdd366467cfc545,219,0.0014984722947701812,0.999249279499054,0.0014984722947701812,0, No,
amouyal:16:attachment,amouyal,NPZ,gp,simple,Yes,,,,0,32,set_14,GP_prob,simple_question,prob,not annotated upstream,the building,,True,attachment,amouyal:16,rev,False,rev_base,1779f61ea579548a1f2cebcc70b9b40074ef35fe789991a4052b4c764bc2d301,229,4.6500841222041345e-07,0.9998164772987366,4.6500841222041345e-07,0, No,cd46c165e6dfa4b7197a18ca412f4c5af8081538ee194d010c3a3a0318cabbc9
amouyal:17,amouyal,NPZ,gp,lingering,No,,,,0,33,set_14,GP_prob,GP_question,prob,not annotated upstream,the building,,True,event,amouyal:17,rev,False,rev_base,7602fc07598f2e947f09f2df98f562a66a353afdf875ac122775c2536d70dad8,218,0.17548638582229614,0.9991236329078674,0.8245136141777039,1, No,
amouyal:17:attachment,amouyal,NPZ,gp,lingering,No,,,,0,33,set_14,GP_prob,GP_question,prob,not annotated upstream,the building,,True,attachment,amouyal:17,rev,False,rev_base,25473fbf4190ff326076eb6f592b6efdf5e2766a4e52f0f535f681ff0d392008,232,6.330176984192804e-05,0.9996997714042664,0.9999366982301581,1, No,155d28aa2aad60e181c3b6ffd1709943c1e9f1d65cb7605cdd33a947cd8f1980
amouyal:18,amouyal,NPZ,non_gp,simple,Yes,,,,0,36,set_14,nonGP_prob,simple_question,prob,not annotated upstream,the building,,True,event,amouyal:18,rev,False,rev_base,d072c9d4deaed8c7b0255b78a15fa081bd8388872b219480813ea8dd9149fffa,219,0.5024129152297974,0.9985619783401489,0.5024129152297974,1, Yes,
amouyal:18:attachment,amouyal,NPZ,non_gp,simple,Yes,,,,0,36,set_14,nonGP_prob,simple_question,prob,not annotated upstream,the building,,True,attachment,amouyal:18,rev,False,rev_base,92110e3a5096230e5f72dd3297e747dcac085c5eaed7a2fab3831ebcd8de1c34,229,0.0009315421339124441,0.9996023774147034,0.0009315421339124441,0, No,cd46c165e6dfa4b7197a18ca412f4c5af8081538ee194d010c3a3a0318cabbc9
amouyal:19,amouyal,NPZ,non_gp,lingering,No,,,,0,37,set_14,nonGP_prob,GP_question,prob,not annotated upstream,the building,,True,event,amouyal:19,rev,False,rev_base,6d6cbd92bc49f151660284e8f60914af9d3743c3cd44003f0b94029910404a73,218,2.07978519028984e-05,0.9997217655181885,0.9999792021480971,1, No,
amouyal:19:attachment,amouyal,NPZ,non_gp,lingering,No,,,,0,37,set_14,nonGP_prob,GP_question,prob,not annotated upstream,the building,,True,attachment,amouyal:19,rev,False,rev_base,fe56a67ba1c5ff55c7c9043efd3e2b73690165ad87ce133cc6e84849e52e4cac,232,0.00132668181322515,0.9997463822364807,0.9986733181867748,1, No,155d28aa2aad60e181c3b6ffd1709943c1e9f1d65cb7605cdd33a947cd8f1980
amouyal:20,amouyal,NPZ,gp,simple,Yes,,,,0,40,set_15,GP_prob,simple_question,prob,not annotated upstream,the soup,,True,event,amouyal:20,rev,False,rev_base,8cb127b1eee31227cccbdeeba06d289419dc90b1a5433fb61d7bccfef8ffd115,215,0.99922776222229,0.9997966289520264,0.99922776222229,1, Yes,
amouyal:20:attachment,amouyal,NPZ,gp,simple,Yes,,,,0,40,set_15,GP_prob,simple_question,prob,not annotated upstream,the soup,,True,attachment,amouyal:20,rev,False,rev_base,83306c27474e7f61005ec9df46206f0c03b9067aeea82e7885653af1b004d5ea,227,1.9474380223982735e-06,0.9998211860656738,1.9474380223982735e-06,0, No,0ec75e2a2f8c6ee42d0a8fc4d4c8ef0fed7ee776be041976d7721a1050e8c32d
amouyal:21,amouyal,NPZ,gp,lingering,No,,,,0,41,set_15,GP_prob,GP_question,prob,not annotated upstream,the soup,,True,event,amouyal:21,rev,False,rev_base,ecea2f43f593d5c86ccc7e5310c44a3814d47744c6a98f79925a73fb6103527c,216,0.9993998408317566,0.9996711611747742,0.0006001591682434082,0, Yes,
amouyal:21:attachment,amouyal,NPZ,gp,lingering,No,,,,0,41,set_15,GP_prob,GP_question,prob,not annotated upstream,the soup,,True,attachment,amouyal:21,rev,False,rev_base,8aec41f6a5c0368ec6aa9d5b7e1e8d18bed164d0c8a9bc5b5d2ce81646305e67,230,0.0009576423326507211,0.9997668266296387,0.9990423576673493,1, No,002944262eef12a6efcd26ef5fd5c23d583910a1d8fec61a30bbe3cf347620ff
amouyal:22,amouyal,NPZ,non_gp,simple,Yes,,,,0,44,set_15,nonGP_prob,simple_question,prob,not annotated upstream,the soup,,True,event,amouyal:22,rev,False,rev_base,2d80beea78ea16ecdc81af5799472bc6e7b5ca78a0a65bb7f4eeddae2493270f,215,0.9999396800994873,0.9997962713241577,0.9999396800994873,1, Yes,
amouyal:22:attachment,amouyal,NPZ,non_gp,simple,Yes,,,,0,44,set_15,nonGP_prob,simple_question,prob,not annotated upstream,the soup,,True,attachment,amouyal:22,rev,False,rev_base,b09fdc9ed70cd68d9abba8293b2f740df43152a2c57d73e1e52e4a0cacae25b1,227,0.9102593064308167,0.9944225549697876,0.9102593064308167,1, Yes,0ec75e2a2f8c6ee42d0a8fc4d4c8ef0fed7ee776be041976d7721a1050e8c32d
amouyal:23,amouyal,NPZ,non_gp,lingering,No,,,,0,45,set_15,nonGP_prob,GP_question,prob,not annotated upstream,the soup,,True,event,amouyal:23,rev,False,rev_base,4e49001493fbe930f40aa1d53b4ff62048a4db3ac44710608b9dcca448ddf1fb,216,0.9992060661315918,0.9996598362922668,0.0007939338684082031,0, Yes,
amouyal:23:attachment,amouyal,NPZ,non_gp,lingering,No,,,,0,45,set_15,nonGP_prob,GP_question,prob,not annotated upstream,the soup,,True,attachment,amouyal:23,rev,False,rev_base,c4d3555a43f97625d8ed81bd30d75ebda9ca7c2a51aed58fa73e74a0b8324a48,230,0.2987293601036072,0.9980233907699585,0.7012706398963928,1, No,002944262eef12a6efcd26ef5fd5c23d583910a1d8fec61a30bbe3cf347620ff
amouyal:24,amouyal,NPZ,gp,simple,Yes,,,,0,48,set_16,GP_prob,simple_question,prob,not annotated upstream,the tunnel,,True,event,amouyal:24,rev,False,rev_base,0b0034644ff5998200d17128afdaea97ee275bcc9d7ee70660b2037869c42eb4,219,0.9586690664291382,0.9993467926979065,0.9586690664291382,1, Yes,
amouyal:24:attachment,amouyal,NPZ,gp,simple,Yes,,,,0,48,set_16,GP_prob,simple_question,prob,not annotated upstream,the tunnel,,True,attachment,amouyal:24,rev,False,rev_base,5c52a46d067f6bb6d2d080016a5b576a58b0e858a142ff46e650f77c5135f709,229,7.614247721221545e-08,0.9998860955238342,7.614247721221545e-08,0, No,d86ecd7dac837ec2a11109bbfe503c25cd60ce37dc34bfe377c178ff53597eac
amouyal:25,amouyal,NPZ,gp,lingering,No,,,,0,49,set_16,GP_prob,GP_question,prob,not annotated upstream,the tunnel,,True,event,amouyal:25,rev,False,rev_base,3e83ed7da909a148d9629108f46c9b007138031af2227503f49bb7e321ea370d,218,0.6098507642745972,0.9996532201766968,0.39014923572540283,0, Yes,
amouyal:25:attachment,amouyal,NPZ,gp,lingering,No,,,,0,49,set_16,GP_prob,GP_question,prob,not annotated upstream,the tunnel,,True,attachment,amouyal:25,rev,False,rev_base,ac5753577985f5a4130711157d67fe9d15afd9d2f5538f39191061321eb654fa,232,9.861895705398638e-06,0.9998781681060791,0.9999901381042946,1, No,5e953ffb2edcc8a9474f31c6faadd5d701197624a7ef70beeedf7d8ea3e27686
amouyal:26,amouyal,NPZ,non_gp,simple,Yes,,,,0,52,set_16,nonGP_prob,simple_question,prob,not annotated upstream,the tunnel,,True,event,amouyal:26,rev,False,rev_base,13c9dfd811f3acce446d231e4ec1dec4b2686f0647a84a7258b3fd8434fff9b3,219,0.9999857544898987,0.9998013973236084,0.9999857544898987,1, Yes,
amouyal:26:attachment,amouyal,NPZ,non_gp,simple,Yes,,,,0,52,set_16,nonGP_prob,simple_question,prob,not annotated upstream,the tunnel,,True,attachment,amouyal:26,rev,False,rev_base,5c931eb8338abfb747f0313a7f85c270952aaa4c39cb344177719aecbcb8ad64,229,0.6154817938804626,0.9951992630958557,0.6154817938804626,1, Yes,d86ecd7dac837ec2a11109bbfe503c25cd60ce37dc34bfe377c178ff53597eac
amouyal:27,amouyal,NPZ,non_gp,lingering,No,,,,0,53,set_16,nonGP_prob,GP_question,prob,not annotated upstream,the tunnel,,True,event,amouyal:27,rev,False,rev_base,99074ddc67040698fd182109459be33417bea5803954cf805f9aa2af9847aea9,218,0.9999538064002991,0.9997355341911316,4.6193599700927734e-05,0, Yes,
amouyal:27:attachment,amouyal,NPZ,non_gp,lingering,No,,,,0,53,set_16,nonGP_prob,GP_question,prob,not annotated upstream,the tunnel,,True,attachment,amouyal:27,rev,False,rev_base,f6c691ffe94668e728da1168cc6450ec2e649642e70e69155d515e4591426516,232,0.021962802857160568,0.9995150566101074,0.9780371971428394,1, No,5e953ffb2edcc8a9474f31c6faadd5d701197624a7ef70beeedf7d8ea3e27686
amouyal:28,amouyal,NPZ,gp,simple,Yes,,,,0,56,set_17,GP_prob,simple_question,prob,not annotated upstream,the water,,True,event,amouyal:28,rev,False,rev_base,662689c4371d356ed5ae59dfba9a645afac786e2cf8f2604b1809a865faa21b1,219,0.9982454776763916,0.9995028972625732,0.9982454776763916,1, Yes,
amouyal:28:attachment,amouyal,NPZ,gp,simple,Yes,,,,0,56,set_17,GP_prob,simple_question,prob,not annotated upstream,the water,,True,attachment,amouyal:28,rev,False,rev_base,01704cf08aa62dc53f748cb76de3a5a74961505a4bb386e8830e523a0534a760,229,7.145123959162447e-07,0.9997816681861877,7.145123959162447e-07,0, No,183375dafed23a2cebb46f014846ca65fa12f8421e2ab37e87a0001861ed6881
amouyal:29,amouyal,NPZ,gp,lingering,No,,,,0,57,set_17,GP_prob,GP_question,prob,not annotated upstream,the water,,True,event,amouyal:29,rev,False,rev_base,8da0c63d19a7d22b4b19f5092f5ce4a556e56236aa0a942da0b880a013885a07,218,0.9662681818008423,0.9997397661209106,0.033731818199157715,0, Yes,
amouyal:29:attachment,amouyal,NPZ,gp,lingering,No,,,,0,57,set_17,GP_prob,GP_question,prob,not annotated upstream,the water,,True,attachment,amouyal:29,rev,False,rev_base,44ed80e69381590f6be749fd35bda16e120f3c9697b018350f5424aa5937b865,232,0.0009642079821787775,0.9997577667236328,0.9990357920178212,1, No,c75a784b86cc6698bdb495d1d8e50554adc80d394a3056e714b75294367a0810
amouyal:30,amouyal,NPZ,non_gp,simple,Yes,,,,0,60,set_17,nonGP_prob,simple_question,prob,not annotated upstream,the water,,True,event,amouyal:30,rev,False,rev_base,c2dcdb6c5b8062379a03e0126e33e331e19c1ccf3760914dedd27f0a7c9fba1f,219,0.9999912977218628,0.9997870922088623,0.9999912977218628,1, Yes,
amouyal:30:attachment,amouyal,NPZ,non_gp,simple,Yes,,,,0,60,set_17,nonGP_prob,simple_question,prob,not annotated upstream,the water,,True,attachment,amouyal:30,rev,False,rev_base,903aecb9bada686b8d7012c87c545bc114156fbb4a1f7ba1b01d6b64e9235b7d,229,0.374597430229187,0.9946303367614746,0.374597430229187,0, No,183375dafed23a2cebb46f014846ca65fa12f8421e2ab37e87a0001861ed6881
amouyal:31,amouyal,NPZ,non_gp,lingering,No,,,,0,61,set_17,nonGP_prob,GP_question,prob,not annotated upstream,the water,,True,event,amouyal:31,rev,False,rev_base,d966952b60eaa9282f93cf05c752fd2bc9d99895c3d4472f01348e3632dec54f,218,0.00039566121995449066,0.9999269247055054,0.9996043387800455,1, No,
amouyal:31:attachment,amouyal,NPZ,non_gp,lingering,No,,,,0,61,set_17,nonGP_prob,GP_question,prob,not annotated upstream,the water,,True,attachment,amouyal:31,rev,False,rev_base,0bd0f16fbc2fdecda5869265dcf7fe4158baa0888b8d0f35e25c7d8427a5bd78,232,0.008344368077814579,0.9995914101600647,0.9916556319221854,1, No,c75a784b86cc6698bdb495d1d8e50554adc80d394a3056e714b75294367a0810
amouyal:32,amouyal,NPZ,gp,simple,Yes,,,,0,64,set_18,GP_prob,simple_question,prob,not annotated upstream,the frog,,True,event,amouyal:32,rev,False,rev_base,50c6790d1e830d1989045c37ac6ef0eb769a6de8c4725745d6105a77ad299d26,215,0.6744397282600403,0.999538779258728,0.6744397282600403,1, Yes,
amouyal:32:attachment,amouyal,NPZ,gp,simple,Yes,,,,0,64,set_18,GP_prob,simple_question,prob,not annotated upstream,the frog,,True,attachment,amouyal:32,rev,False,rev_base,36f3323362176e9069577c50833fb40a5b8d6640aff1c2c10d3f514af9bf95a7,227,2.1699824515053479e-07,0.9999240040779114,2.1699824515053479e-07,0, No,efda55021619097884d4cd79d1bce3b44f02286b8b69353e15c610b235cc7762
amouyal:33,amouyal,NPZ,gp,lingering,No,,,,0,65,set_18,GP_prob,GP_question,prob,not annotated upstream,the frog,,True,event,amouyal:33,rev,False,rev_base,ee107581b56c9b5857bae8fb72f81654116a2b778f98eda0398b2f311f089f39,216,0.004158303141593933,0.99996018409729,0.9958416968584061,1, No,
amouyal:33:attachment,amouyal,NPZ,gp,lingering,No,,,,0,65,set_18,GP_prob,GP_question,prob,not annotated upstream,the frog,,True,attachment,amouyal:33,rev,False,rev_base,1142e94cec7fb96a282736fed27808746ad356eece36852ee4860487cd619479,230,1.6014457742130617e-06,0.9999188184738159,0.9999983985542258,1, No,1e532a0a54c40328f06185927b3333cfb76b0fbe99c6c31ddcfe0a13d45e5941
amouyal:34,amouyal,NPZ,non_gp,simple,Yes,,,,0,68,set_18,nonGP_prob,simple_question,prob,not annotated upstream,the frog,,True,event,amouyal:34,rev,False,rev_base,06fe2c8df8ef0075bbfb8199df87d074289cebd28fc7e7ef856ca64eb054a862,215,0.998422384262085,0.9997090101242065,0.998422384262085,1, Yes,
amouyal:34:attachment,amouyal,NPZ,non_gp,simple,Yes,,,,0,68,set_18,nonGP_prob,simple_question,prob,not annotated upstream,the frog,,True,attachment,amouyal:34,rev,False,rev_base,40e60baee86baac1033cd851a96eba6cd935ae7f02d154c157a27ad474058140,227,0.9888538122177124,0.9952502846717834,0.9888538122177124,1, Yes,efda55021619097884d4cd79d1bce3b44f02286b8b69353e15c610b235cc7762
amouyal:35,amouyal,NPZ,non_gp,lingering,No,,,,0,69,set_18,nonGP_prob,GP_question,prob,not annotated upstream,the frog,,True,event,amouyal:35,rev,False,rev_base,b4ec3c67cb8bfc3f1124d11fd3425a5d8791b437d94484826ac190d85cc5a1c8,216,0.32341957092285156,0.9995592832565308,0.6765804290771484,1, No,
amouyal:35:attachment,amouyal,NPZ,non_gp,lingering,No,,,,0,69,set_18,nonGP_prob,GP_question,prob,not annotated upstream,the frog,,True,attachment,amouyal:35,rev,False,rev_base,be8d530de3602e65461263a38f92ad6d2ca9ae76b2b41292d611a4c450dc7435,230,0.006763530895113945,0.9995030760765076,0.993236469104886,1, No,1e532a0a54c40328f06185927b3333cfb76b0fbe99c6c31ddcfe0a13d45e5941
amouyal:36,amouyal,NPZ,gp,simple,Yes,,,,0,72,set_19,GP_prob,simple_question,prob,not annotated upstream,the baboon,,True,event,amouyal:36,rev,False,rev_base,b44a7f1add5722f558fe4288ce0da5a6e87991be400a31f0b03c7653789435a3,219,0.9962223172187805,0.9998378157615662,0.9962223172187805,1, Yes,
amouyal:36:attachment,amouyal,NPZ,gp,simple,Yes,,,,0,72,set_19,GP_prob,simple_question,prob,not annotated upstream,the baboon,,True,attachment,amouyal:36,rev,False,rev_base,960ebc03fb5f5cfae1844eeaa15073f9142fd40665d0d36e41977bff25267d0d,230,1.0696303434087895e-05,0.9997648000717163,1.0696303434087895e-05,0, No,5ea8147baf8b7656fe949bc2e9f4a2ea39a5a8232caa13f14df8c2b88270a475
amouyal:37,amouyal,NPZ,gp,lingering,No,,,,0,73,set_19,GP_prob,GP_question,prob,not annotated upstream,the baboon,,True,event,amouyal:37,rev,False,rev_base,ed20411a59b673fa3cbb8c16930851ed573dbb54d98c1b2ada1ce5e74b5d3518,219,0.4435984492301941,0.9998539686203003,0.5564015507698059,1, No,
amouyal:37:attachment,amouyal,NPZ,gp,lingering,No,,,,0,73,set_19,GP_prob,GP_question,prob,not annotated upstream,the baboon,,True,attachment,amouyal:37,rev,False,rev_base,3b0dc85dabab4c03f45239f8380105d6994fb42225b41728c284bda0ad6e385d,233,0.00016040670743677765,0.9998316168785095,0.9998395932925632,1, No,148f5e3d3f654dd65fa4f94df923039cb1abd230616e0bdd1c05343519054b36
amouyal:38,amouyal,NPZ,non_gp,simple,Yes,,,,0,76,set_19,nonGP_prob,simple_question,prob,not annotated upstream,the baboon,,True,event,amouyal:38,rev,False,rev_base,d8060d86806cf741b1fa30bd04ade69cc083690e785ea384020b0d3589cabcb1,219,0.9999831914901733,0.9996453523635864,0.9999831914901733,1, Yes,
amouyal:38:attachment,amouyal,NPZ,non_gp,simple,Yes,,,,0,76,set_19,nonGP_prob,simple_question,prob,not annotated upstream,the baboon,,True,attachment,amouyal:38,rev,False,rev_base,85ef278e054e8218d14563c9752f9a98a4cc3dd2ab106682c1d79f21649ec62a,230,0.991478681564331,0.9935919046401978,0.991478681564331,1, Yes,5ea8147baf8b7656fe949bc2e9f4a2ea39a5a8232caa13f14df8c2b88270a475
amouyal:39,amouyal,NPZ,non_gp,lingering,No,,,,0,77,set_19,nonGP_prob,GP_question,prob,not annotated upstream,the baboon,,True,event,amouyal:39,rev,False,rev_base,488352f366d034410ca6e1174303cb5d418794e9811113f718f2c5ed9694ed33,219,0.999879002571106,0.9996629357337952,0.00012099742889404297,0, Yes,
amouyal:39:attachment,amouyal,NPZ,non_gp,lingering,No,,,,0,77,set_19,nonGP_prob,GP_question,prob,not annotated upstream,the baboon,,True,attachment,amouyal:39,rev,False,rev_base,9eb597310c7235b9bf5c38224a6b3559d367163383d304c08646637aa480d569,233,0.01054985262453556,0.9991794228553772,0.9894501473754644,1, No,148f5e3d3f654dd65fa4f94df923039cb1abd230616e0bdd1c05343519054b36
amouyal:40,amouyal,NPZ,gp,simple,Yes,,,,0,80,set_20,GP_prob,simple_question,prob,not annotated upstream,the picture,,True,event,amouyal:40,rev,False,rev_base,d47dd3c10b382dc4c5b86c9cc078f44f585acdf3501433bf2737618d4f964ba8,216,0.660556972026825,0.9993655681610107,0.660556972026825,1, Yes,
amouyal:40:attachment,amouyal,NPZ,gp,simple,Yes,,,,0,80,set_20,GP_prob,simple_question,prob,not annotated upstream,the picture,,True,attachment,amouyal:40,rev,False,rev_base,ffde4508e187edee30c0a6fe43721460de96b8f3c19efae7eb0bb24d2bfe8256,228,5.820389787913882e-07,0.9997631311416626,5.820389787913882e-07,0, No,3ccbdfcd12fa9143f37f0eac3c3189a0f0e220ff27dd3339beb1e849b5d55be8
amouyal:41,amouyal,NPZ,gp,lingering,No,,,,0,81,set_20,GP_prob,GP_question,prob,not annotated upstream,the picture,,True,event,amouyal:41,rev,False,rev_base,6ed6e127f7d160b18139baf5bbb3816d858a34fcb4394284734a0007080cf0c3,217,0.012301039882004261,0.9998008608818054,0.9876989601179957,1, No,
amouyal:41:attachment,amouyal,NPZ,gp,lingering,No,,,,0,81,set_20,GP_prob,GP_question,prob,not annotated upstream,the picture,,True,attachment,amouyal:41,rev,False,rev_base,b3017da3069f6a4a9c99ed515e052c5e3a8a7fb90ff4f966c7771156c787cc1e,231,5.534609954338521e-05,0.9998071193695068,0.9999446539004566,1, No,441172e030bd6d0f6c4642102cb83ed887fb7f119c1bf0d5448394bcb8fa9283
amouyal:42,amouyal,NPZ,non_gp,simple,Yes,,,,0,84,set_20,nonGP_prob,simple_question,prob,not annotated upstream,the picture,,True,event,amouyal:42,rev,False,rev_base,f39cca0627c33ac84e45bb10696e3c1f4875cbb5656e9c0edb814a98a9d73e5a,216,0.9998958110809326,0.9993281960487366,0.9998958110809326,1, Yes,
amouyal:42:attachment,amouyal,NPZ,non_gp,simple,Yes,,,,0,84,set_20,nonGP_prob,simple_question,prob,not annotated upstream,the picture,,True,attachment,amouyal:42,rev,False,rev_base,ed9669e9be25af4adf276645dd33b5ebee4007d2d572e21f8244a84d02a17edf,228,0.8743459582328796,0.9940495491027832,0.8743459582328796,1, Yes,3ccbdfcd12fa9143f37f0eac3c3189a0f0e220ff27dd3339beb1e849b5d55be8
amouyal:43,amouyal,NPZ,non_gp,lingering,No,,,,0,85,set_20,nonGP_prob,GP_question,prob,not annotated upstream,the picture,,True,event,amouyal:43,rev,False,rev_base,e8f6bc32e0ce19fc17268c0f667a2e119f9a6f85c162fe7dca20d69e5f6c1ec3,217,0.00010217663657385856,0.9999175071716309,0.9998978233634261,1, No,
amouyal:43:attachment,amouyal,NPZ,non_gp,lingering,No,,,,0,85,set_20,nonGP_prob,GP_question,prob,not annotated upstream,the picture,,True,attachment,amouyal:43,rev,False,rev_base,7e2f49f15ed8b92869140ca39ab272cd31cb401c26dc662011b5d385714aab30,231,0.37113890051841736,0.9981525540351868,0.6288610994815826,1, No,441172e030bd6d0f6c4642102cb83ed887fb7f119c1bf0d5448394bcb8fa9283
amouyal:44,amouyal,NPZ,gp,simple,Yes,,,,0,88,set_21,GP_prob,simple_question,prob,not annotated upstream,the children,,True,event,amouyal:44,rev,False,rev_base,0ee16fdf7a8b3b70110d523d2fb8f85985d2e04b2d7ee3b752e0510564a9c07f,217,0.21976611018180847,0.9994217157363892,0.21976611018180847,0, No,
amouyal:44:attachment,amouyal,NPZ,gp,simple,Yes,,,,0,88,set_21,GP_prob,simple_question,prob,not annotated upstream,the children,,True,attachment,amouyal:44,rev,False,rev_base,ddabf5115863b36f512726573fd5dcab88d630367c6d05c3b17e7b58c19b77e3,228,2.4339072979273624e-07,0.9995510578155518,2.4339072979273624e-07,0, No,c79abff6bf24fdf18fdf13678dd88400e48d3683d1615933a0116be2e9041710
amouyal:45,amouyal,NPZ,gp,lingering,No,,,,0,89,set_21,GP_prob,GP_question,prob,not annotated upstream,the children,,True,event,amouyal:45,rev,False,rev_base,2791630d1a26e47fede4446350723f8a5f178d0b1668101d172d0d8180fcb7aa,217,0.008281220681965351,0.9999000430107117,0.9917187793180346,1, No,
amouyal:45:attachment,amouyal,NPZ,gp,lingering,No,,,,0,89,set_21,GP_prob,GP_question,prob,not annotated upstream,the children,,True,attachment,amouyal:45,rev,False,rev_base,2739e6877f3b0d822afd400f892770ceb3329fdccbcdd90018ea2bef7ca90d49,231,5.8275800256524235e-06,0.9997206330299377,0.9999941724199743,1, No,2d3bb4e208cd68665a0e5f89a2bd84935735d0a2a13642db957ec20020775b1f
amouyal:46,amouyal,NPZ,non_gp,simple,Yes,,,,0,92,set_21,nonGP_prob,simple_question,prob,not annotated upstream,the children,,True,event,amouyal:46,rev,False,rev_base,7fced8ad514bbc27510492b000cdb087ea5cec9e633e9568f0b8e0afd99e20f9,217,0.99998939037323,0.9995241165161133,0.99998939037323,1, Yes,
amouyal:46:attachment,amouyal,NPZ,non_gp,simple,Yes,,,,0,92,set_21,nonGP_prob,simple_question,prob,not annotated upstream,the children,,True,attachment,amouyal:46,rev,False,rev_base,4ca1795b91ce420db70984a193f6a5dbebbd608e5905eed7f77e65f9934af785,228,0.9993135333061218,0.9930232167243958,0.9993135333061218,1, Yes,c79abff6bf24fdf18fdf13678dd88400e48d3683d1615933a0116be2e9041710
amouyal:47,amouyal,NPZ,non_gp,lingering,No,,,,0,93,set_21,nonGP_prob,GP_question,prob,not annotated upstream,the children,,True,event,amouyal:47,rev,False,rev_base,85364cd19db913f2ece37f2f7b2a76cc3e51bc77fd1329e6663ead60ad866f10,217,0.9966153502464294,0.9996024966239929,0.0033846497535705566,0, Yes,
amouyal:47:attachment,amouyal,NPZ,non_gp,lingering,No,,,,0,93,set_21,nonGP_prob,GP_question,prob,not annotated upstream,the children,,True,attachment,amouyal:47,rev,False,rev_base,26d8fb7cf1fbf94b791d013822e8c9529de43a2ccac2db4381f6526397671e1f,231,0.10012297332286835,0.9972693920135498,0.8998770266771317,1, No,2d3bb4e208cd68665a0e5f89a2bd84935735d0a2a13642db957ec20020775b1f
amouyal:48,amouyal,NPZ,gp,simple,Yes,,,,0,96,set_22,GP_prob,simple_question,prob,not annotated upstream,the challenger,,True,event,amouyal:48,rev,False,rev_base,2e1042bf45f006c98d8116b7231aed457c9f8a0615e19969bc72d983aa70026d,217,0.9980898499488831,0.9992690086364746,0.9980898499488831,1, Yes,
amouyal:48:attachment,amouyal,NPZ,gp,simple,Yes,,,,0,96,set_22,GP_prob,simple_question,prob,not annotated upstream,the challenger,,True,attachment,amouyal:48,rev,False,rev_base,912bcaa016d78507b581d1b4606f4d676e8d4ef85e5f4132f6523d29f1b28ffc,228,0.0016908454708755016,0.9995134472846985,0.0016908454708755016,0, No,7851dbb383f1f2799fc7d6840131ede690e84321801b9d37fbd559810e65607f
amouyal:49,amouyal,NPZ,gp,lingering,No,,,,0,97,set_22,GP_prob,GP_question,prob,not annotated upstream,the challenger,,True,event,amouyal:49,rev,False,rev_base,7da9a0538c101401526525d996ecb57fa51f11a53c767edea345695553bdb05a,217,0.9356746077537537,0.999721109867096,0.06432539224624634,0, Yes,
amouyal:49:attachment,amouyal,NPZ,gp,lingering,No,,,,0,97,set_22,GP_prob,GP_question,prob,not annotated upstream,the challenger,,True,attachment,amouyal:49,rev,False,rev_base,42e317671afaf91e86efd5f134c0d5efcaf89306429c07408c36977ac780bda8,231,0.0035736782010644674,0.9996682405471802,0.9964263217989355,1, No,8f367e01a67c064d6442e23808a8ea685902508ec5c7b7a1caa9b99d78dbab0b
amouyal:50,amouyal,NPZ,non_gp,simple,Yes,,,,0,100,set_22,nonGP_prob,simple_question,prob,not annotated upstream,the challenger,,True,event,amouyal:50,rev,False,rev_base,023592c59fff22497385b2bc5cc53c455faf71c780dc4b26018e200eb9f2f273,217,0.9998207688331604,0.9990593791007996,0.9998207688331604,1, Yes,
amouyal:50:attachment,amouyal,NPZ,non_gp,simple,Yes,,,,0,100,set_22,nonGP_prob,simple_question,prob,not annotated upstream,the challenger,,True,attachment,amouyal:50,rev,False,rev_base,9163821eb01370ef9b5642faeb87ed475f1051208118b048ec253712fa73dce3,228,0.5128095149993896,0.9922834634780884,0.5128095149993896,1, Yes,7851dbb383f1f2799fc7d6840131ede690e84321801b9d37fbd559810e65607f
amouyal:51,amouyal,NPZ,non_gp,lingering,No,,,,0,101,set_22,nonGP_prob,GP_question,prob,not annotated upstream,the challenger,,True,event,amouyal:51,rev,False,rev_base,d818321ec02f7ce9b5cc76d1fb542c2e14832e83f1676f29cf6f270baee8a14c,217,0.4930086135864258,0.999751091003418,0.5069913864135742,1, No,
amouyal:51:attachment,amouyal,NPZ,non_gp,lingering,No,,,,0,101,set_22,nonGP_prob,GP_question,prob,not annotated upstream,the challenger,,True,attachment,amouyal:51,rev,False,rev_base,6c87384017382207e6ab8893f8c1e46a59407bae0969aa4386bc1233f9eb8808,231,0.0006006435141898692,0.9997299313545227,0.9993993564858101,1, No,8f367e01a67c064d6442e23808a8ea685902508ec5c7b7a1caa9b99d78dbab0b
amouyal:52,amouyal,NPZ,gp,simple,Yes,,,,0,104,set_23,GP_prob,simple_question,prob,not annotated upstream,the violin,,True,event,amouyal:52,rev,False,rev_base,f85cb8373129c34d1afcf9fbc9d26a0af1a9402309239e51dc32c70e294f3ac7,218,0.8538294434547424,0.9989705085754395,0.8538294434547424,1, Yes,
amouyal:52:attachment,amouyal,NPZ,gp,simple,Yes,,,,0,104,set_23,GP_prob,simple_question,prob,not annotated upstream,the violin,,True,attachment,amouyal:52,rev,False,rev_base,ac718b22779ad73dcad64fae30ddec1155e3df11554b437e01bf88351e22202d,228,2.164636725865421e-06,0.9998247027397156,2.164636725865421e-06,0, No,bea1a6488520da71d80935e6fbbcf0d48b60464bc9ddd0c3300d1677439f4ccf
amouyal:53,amouyal,NPZ,gp,lingering,No,,,,0,105,set_23,GP_prob,GP_question,prob,not annotated upstream,the violin,,True,event,amouyal:53,rev,False,rev_base,22afa9968a8ea5054541c83fb35b28e62e6e3c869345e6e5d9ec9c05977d5152,216,0.7991979718208313,0.9989453554153442,0.2008020281791687,0, Yes,
amouyal:53:attachment,amouyal,NPZ,gp,lingering,No,,,,0,105,set_23,GP_prob,GP_question,prob,not annotated upstream,the violin,,True,attachment,amouyal:53,rev,False,rev_base,b2ffa6105d3b046a8f88f588e8afe8cba17e1c3021f8bcb2eb163673fbcf5b98,231,0.0008169877692125738,0.9998337030410767,0.9991830122307874,1, No,3abfaefc8ffb6f88d3638629053b544c54add1abf9a414375a86d8aef84beb0b
amouyal:54,amouyal,NPZ,non_gp,simple,Yes,,,,0,108,set_23,nonGP_prob,simple_question,prob,not annotated upstream,the violin,,True,event,amouyal:54,rev,False,rev_base,37e2bd907c42cd850f7e00bd6e3609084deab98dc97997105484c695bfa4260a,219,0.9998598098754883,0.9997038245201111,0.9998598098754883,1, Yes,
amouyal:54:attachment,amouyal,NPZ,non_gp,simple,Yes,,,,0,108,set_23,nonGP_prob,simple_question,prob,not annotated upstream,the violin,,True,attachment,amouyal:54,rev,False,rev_base,ff59c87361ceec6bb79f217fc4cfa0e4f5df8c0b8924c5f514341c84f3085f1b,229,0.9650444388389587,0.9971371293067932,0.9650444388389587,1, Yes,bea1a6488520da71d80935e6fbbcf0d48b60464bc9ddd0c3300d1677439f4ccf
amouyal:55,amouyal,NPZ,non_gp,lingering,No,,,,0,109,set_23,nonGP_prob,GP_question,prob,not annotated upstream,the violin,,True,event,amouyal:55,rev,False,rev_base,eb3c005b867ca4c31b133988c3cd79d8c22616f5ba4427242dd3669b4614d020,217,0.9968398809432983,0.9996243119239807,0.00316011905670166,0, Yes,
amouyal:55:attachment,amouyal,NPZ,non_gp,lingering,No,,,,0,109,set_23,nonGP_prob,GP_question,prob,not annotated upstream,the violin,,True,attachment,amouyal:55,rev,False,rev_base,bff3285c344ca546c103c47dc995a4c53107130c9da86904389e7e99259192ef,232,0.07231683284044266,0.9993202090263367,0.9276831671595573,1, No,3abfaefc8ffb6f88d3638629053b544c54add1abf9a414375a86d8aef84beb0b
amouyal:56,amouyal,NPZ,gp,simple,Yes,,,,0,112,set_24,GP_prob,simple_question,prob,not annotated upstream,the rainbow,,True,event,amouyal:56,rev,False,rev_base,1f26b008340d3751c5ce34820867443f2f5b95124e7429185f5b76d130cfff54,217,0.9904506206512451,0.9994910359382629,0.9904506206512451,1, Yes,
amouyal:56:attachment,amouyal,NPZ,gp,simple,Yes,,,,0,112,set_24,GP_prob,simple_question,prob,not annotated upstream,the rainbow,,True,attachment,amouyal:56,rev,False,rev_base,a57325400f10d18d68e5931484450a3ed6a82c5e226b24c981860e7ceda486e4,228,3.571456659301475e-07,0.9997664093971252,3.571456659301475e-07,0, No,c1d1ec40286f9dc09ff4dcd806f07a79e097e938d8c120063e781141af03165a
amouyal:57,amouyal,NPZ,gp,lingering,No,,,,0,113,set_24,GP_prob,GP_question,prob,not annotated upstream,the rainbow,,True,event,amouyal:57,rev,False,rev_base,1004f1245da0094f57b100754b1662abfd4821d5292528c02ab95048e03305c3,217,1.2595517546287738e-05,0.9999351501464844,0.9999874044824537,1, No,
amouyal:57:attachment,amouyal,NPZ,gp,lingering,No,,,,0,113,set_24,GP_prob,GP_question,prob,not annotated upstream,the rainbow,,True,attachment,amouyal:57,rev,False,rev_base,2daeaf8d0f643a5950668bd8eabf7098bbd4a2c1e1fe038f3498b1c58f1eacb3,231,2.083927574858535e-05,0.9998722672462463,0.9999791607242514,1, No,59a22c5d86ac5e64722c1df102105aee6a42ba436ec7d0cb81272a8d5f55b01b
amouyal:58,amouyal,NPZ,non_gp,simple,Yes,,,,0,116,set_24,nonGP_prob,simple_question,prob,not annotated upstream,the rainbow,,True,event,amouyal:58,rev,False,rev_base,c205d4fe711aaf2bbbb9de60336b652b3cea4bada5748260f694a965ff860438,217,0.999780535697937,0.9996649622917175,0.999780535697937,1, Yes,
amouyal:58:attachment,amouyal,NPZ,non_gp,simple,Yes,,,,0,116,set_24,nonGP_prob,simple_question,prob,not annotated upstream,the rainbow,,True,attachment,amouyal:58,rev,False,rev_base,7a1c79db3a8020a5109a08c75a7eec4196794037b76970cda124cf39a0065444,228,0.07253280282020569,0.9975315928459167,0.07253280282020569,0, No,c1d1ec40286f9dc09ff4dcd806f07a79e097e938d8c120063e781141af03165a
amouyal:59,amouyal,NPZ,non_gp,lingering,No,,,,0,117,set_24,nonGP_prob,GP_question,prob,not annotated upstream,the rainbow,,True,event,amouyal:59,rev,False,rev_base,7a103706a7ac4c9d03fc98e7b0be555d34ecf849f6ae8e113b0b928513028c9a,217,6.004330543873948e-08,0.9999756217002869,0.9999999399566946,1, No,
amouyal:59:attachment,amouyal,NPZ,non_gp,lingering,No,,,,0,117,set_24,nonGP_prob,GP_question,prob,not annotated upstream,the rainbow,,True,attachment,amouyal:59,rev,False,rev_base,90aa849ad2ab298c92e9d4e07d607bfcf3e7f265876a5dc6ee260fe43b1ce9df,231,0.003086699638515711,0.9997540712356567,0.9969133003614843,1, No,59a22c5d86ac5e64722c1df102105aee6a42ba436ec7d0cb81272a8d5f55b01b
amouyal:60,amouyal,NPZ,gp,simple,Yes,,,,0,120,set_25,GP_prob,simple_question,prob,not annotated upstream,the van,,True,event,amouyal:60,rev,False,rev_base,931049e60c9bb0583b7f929a06549d8557d2cc14181627af411b99bde2b3c88c,217,0.999264657497406,0.9998652338981628,0.999264657497406,1, Yes,
amouyal:60:attachment,amouyal,NPZ,gp,simple,Yes,,,,0,120,set_25,GP_prob,simple_question,prob,not annotated upstream,the van,,True,attachment,amouyal:60,rev,False,rev_base,0a652cf8152281a6e16d12ef107d0956b5f0121eb436573d9c6d3e4d38c01f3d,228,0.0002036801161011681,0.999526858329773,0.0002036801161011681,0, No,f93b1741f480c25336727fa530cd617157eda19db1a3822020c8fe6919a4169b
amouyal:61,amouyal,NPZ,gp,lingering,No,,,,0,121,set_25,GP_prob,GP_question,prob,not annotated upstream,the van,,True,event,amouyal:61,rev,False,rev_base,0699787b6a1b3b715e687994064a5b39d63344715b91ae2b51c0edbef0a720bc,217,0.9800713062286377,0.9997538924217224,0.019928693771362305,0, Yes,
amouyal:61:attachment,amouyal,NPZ,gp,lingering,No,,,,0,121,set_25,GP_prob,GP_question,prob,not annotated upstream,the van,,True,attachment,amouyal:61,rev,False,rev_base,f5ecd0d8b20283009811ab55e0394135a3a90c0ac35ee3d65ca9fc58968b672e,231,0.0031266496516764164,0.9997256398200989,0.9968733503483236,1, No,de7e8f39adea3de250e903fb3e590f3f68ea1089b09a4825893a95faa319da40
amouyal:62,amouyal,NPZ,non_gp,simple,Yes,,,,0,124,set_25,nonGP_prob,simple_question,prob,not annotated upstream,the van,,True,event,amouyal:62,rev,False,rev_base,a3535ba07d4459f71fdb686fa953cd81093ec6cbde2eb4db9d7b6a5c6b150480,217,0.9998557567596436,0.9997975826263428,0.9998557567596436,1, Yes,
amouyal:62:attachment,amouyal,NPZ,non_gp,simple,Yes,,,,0,124,set_25,nonGP_prob,simple_question,prob,not annotated upstream,the van,,True,attachment,amouyal:62,rev,False,rev_base,74da45d97c06db771307ec46e4e3db5dae20184410247502967af79d4abfed37,228,0.9494464993476868,0.9945745468139648,0.9494464993476868,1, Yes,f93b1741f480c25336727fa530cd617157eda19db1a3822020c8fe6919a4169b
amouyal:63,amouyal,NPZ,non_gp,lingering,No,,,,0,125,set_25,nonGP_prob,GP_question,prob,not annotated upstream,the van,,True,event,amouyal:63,rev,False,rev_base,5dbbc40f25019f76ef22bf06be049151f2571259b8771d837b146d3767974391,217,0.9968089461326599,0.9996563792228699,0.003191053867340088,0, Yes,
amouyal:63:attachment,amouyal,NPZ,non_gp,lingering,No,,,,0,125,set_25,nonGP_prob,GP_question,prob,not annotated upstream,the van,,True,attachment,amouyal:63,rev,False,rev_base,2c660feb5b854c8af0bb07871de559d236a1825466cce717aa43c325041f4a65,231,0.17077845335006714,0.998575747013092,0.8292215466499329,1, No,de7e8f39adea3de250e903fb3e590f3f68ea1089b09a4825893a95faa319da40
amouyal:64,amouyal,NPZ,gp,simple,Yes,,,,0,128,set_26,GP_prob,simple_question,prob,not annotated upstream,the dog,,True,event,amouyal:64,rev,False,rev_base,5254eecef7390cfacea5420e8e1c3f0c7e1f43512e46c83491e6915850ee4a46,218,0.990462601184845,0.9996426105499268,0.990462601184845,1, Yes,
amouyal:64:attachment,amouyal,NPZ,gp,simple,Yes,,,,0,128,set_26,GP_prob,simple_question,prob,not annotated upstream,the dog,,True,attachment,amouyal:64,rev,False,rev_base,b2b3197b39c4653c11cce68107b03789e3c003dc28d34e37cc874e1dd1fab69d,228,1.1562383406271692e-05,0.9996352195739746,1.1562383406271692e-05,0, No,569c848c9106db4be58942a3f7449615861d703b63c040ecd54b180f9f6dced7
amouyal:65,amouyal,NPZ,gp,lingering,No,,,,0,129,set_26,GP_prob,GP_question,prob,not annotated upstream,the dog,,True,event,amouyal:65,rev,False,rev_base,ab80b99c970f5419ca934bfd0d944b39f557cfe7729b9f507470e98d8c4e9e89,216,1.1737823115254287e-05,0.9999125599861145,0.9999882621768847,1, No,
amouyal:65:attachment,amouyal,NPZ,gp,lingering,No,,,,0,129,set_26,GP_prob,GP_question,prob,not annotated upstream,the dog,,True,attachment,amouyal:65,rev,False,rev_base,02001c6a11858ac427e3847676cf39a005857f73da44d885a8106fad6f6cea15,231,0.00045772374141961336,0.9997340440750122,0.9995422762585804,1, No,c7c0720618c619f1c5a4312bf7a8ba621df2a4379443d1dd2c7a5604cd4f0dc4
amouyal:66,amouyal,NPZ,non_gp,simple,Yes,,,,0,132,set_26,nonGP_prob,simple_question,prob,not annotated upstream,the dog,,True,event,amouyal:66,rev,False,rev_base,18fdeb3e59a19813f37def02f6b7552e71d616fa7153fffd2aff2e2395f1503b,218,0.9996271133422852,0.9995872974395752,0.9996271133422852,1, Yes,
amouyal:66:attachment,amouyal,NPZ,non_gp,simple,Yes,,,,0,132,set_26,nonGP_prob,simple_question,prob,not annotated upstream,the dog,,True,attachment,amouyal:66,rev,False,rev_base,2f2089570b09a77c5210337c9abfdcfab3c445725b4c332d5376f0a059af7b6f,228,0.9981412887573242,0.9951227903366089,0.9981412887573242,1, Yes,569c848c9106db4be58942a3f7449615861d703b63c040ecd54b180f9f6dced7
amouyal:67,amouyal,NPZ,non_gp,lingering,No,,,,0,133,set_26,nonGP_prob,GP_question,prob,not annotated upstream,the dog,,True,event,amouyal:67,rev,False,rev_base,6eed6980716e197aad78518a5a6efa812ad558cb44ac13d40d1cf64976a2743d,216,0.9013150334358215,0.999469518661499,0.09868496656417847,0, Yes,
amouyal:67:attachment,amouyal,NPZ,non_gp,lingering,No,,,,0,133,set_26,nonGP_prob,GP_question,prob,not annotated upstream,the dog,,True,attachment,amouyal:67,rev,False,rev_base,99bcd52e6661b5f3003761a5b1de908a4d28fcca17cb4ebf17bbacf591f005da,231,0.03247743472456932,0.9990859031677246,0.9675225652754307,1, No,c7c0720618c619f1c5a4312bf7a8ba621df2a4379443d1dd2c7a5604cd4f0dc4
amouyal:68,amouyal,NPZ,gp,simple,Yes,,,,0,136,set_27,GP_prob,simple_question,prob,not annotated upstream,the pipe,,True,event,amouyal:68,rev,False,rev_base,88482aa99be52f2cd6ed56fff85704876ed997e6643d989ca5afe340f64d5204,216,0.9957823753356934,0.9994459748268127,0.9957823753356934,1, Yes,
amouyal:68:attachment,amouyal,NPZ,gp,simple,Yes,,,,0,136,set_27,GP_prob,simple_question,prob,not annotated upstream,the pipe,,True,attachment,amouyal:68,rev,False,rev_base,58ebaebcf326271d1afde05b6b477236f24215582a39ad1cd9ccbf2480a31aeb,228,2.4883404421416344e-06,0.9998894333839417,2.4883404421416344e-06,0, No,3112300644488fd2e6b1656428178e4d2e916ae1f241c381a07772dabc3ab949
amouyal:69,amouyal,NPZ,gp,lingering,No,,,,0,137,set_27,GP_prob,GP_question,prob,not annotated upstream,the pipe,,True,event,amouyal:69,rev,False,rev_base,5b6c4801fc8d5b8bf547721122a9926b99d29c7d7cf880d54b56f180196c792d,217,0.9778908491134644,0.9992037415504456,0.022109150886535645,0, Yes,
amouyal:69:attachment,amouyal,NPZ,gp,lingering,No,,,,0,137,set_27,GP_prob,GP_question,prob,not annotated upstream,the pipe,,True,attachment,amouyal:69,rev,False,rev_base,d7cddba9a24e5fff04ff73ce79eefb66e5db42e651846fc537d0c8ac0ff43142,231,0.011635029688477516,0.9996690154075623,0.9883649703115225,1, No,21fc219220c3ebef1aca87d2a18752ee930ddbc9b5c320fcd01344cc47b71b15
amouyal:70,amouyal,NPZ,non_gp,simple,Yes,,,,0,140,set_27,nonGP_prob,simple_question,prob,not annotated upstream,the pipe,,True,event,amouyal:70,rev,False,rev_base,2f40b6b3a3a4b858bff86ab3b5affb5c2b70b8477815d86f453dea4e1217e5f4,216,0.9997724294662476,0.9996266961097717,0.9997724294662476,1, Yes,
amouyal:70:attachment,amouyal,NPZ,non_gp,simple,Yes,,,,0,140,set_27,nonGP_prob,simple_question,prob,not annotated upstream,the pipe,,True,attachment,amouyal:70,rev,False,rev_base,9f04ee9113e5d213afa580f64351e0d2ef7ba7057b6e3c66f937ca160320ccef,228,0.901492714881897,0.9954346418380737,0.901492714881897,1, Yes,3112300644488fd2e6b1656428178e4d2e916ae1f241c381a07772dabc3ab949
amouyal:71,amouyal,NPZ,non_gp,lingering,No,,,,0,141,set_27,nonGP_prob,GP_question,prob,not annotated upstream,the pipe,,True,event,amouyal:71,rev,False,rev_base,802c109f081e73b490dcb65c28d23de215b487a6fea016f234d2a6ac9779a69b,217,0.9863851070404053,0.9992988109588623,0.013614892959594727,0, Yes,
amouyal:71:attachment,amouyal,NPZ,non_gp,lingering,No,,,,0,141,set_27,nonGP_prob,GP_question,prob,not annotated upstream,the pipe,,True,attachment,amouyal:71,rev,False,rev_base,8efb12f889761e03c37be9470a10204d5107b770020b4156c7daf443e33e9fa3,231,0.0024541669990867376,0.9997286200523376,0.9975458330009133,1, No,21fc219220c3ebef1aca87d2a18752ee930ddbc9b5c320fcd01344cc47b71b15
amouyal:72,amouyal,NPZ,gp,simple,Yes,,,,0,144,set_28,GP_prob,simple_question,prob,not annotated upstream,the dancer,,True,event,amouyal:72,rev,False,rev_base,aee1e1bc291b82519621ea81bbf3f45d77d890c7cadc73ed69de6414355cd420,217,0.494401216506958,0.9987684488296509,0.494401216506958,0, No,
amouyal:72:attachment,amouyal,NPZ,gp,simple,Yes,,,,0,144,set_28,GP_prob,simple_question,prob,not annotated upstream,the dancer,,True,attachment,amouyal:72,rev,False,rev_base,7188d6c27dca7a49ab7407b48a10b85fda3c6d00bdca028a0330e2518425275e,228,4.8789001994009595e-06,0.9994974136352539,4.8789001994009595e-06,0, No,3d89a24ab8fe8348e8431fa2066f8b5bc0d948c9e19b0495316e270873406d96
amouyal:73,amouyal,NPZ,gp,lingering,No,,,,0,145,set_28,GP_prob,GP_question,prob,not annotated upstream,the dancer,,True,event,amouyal:73,rev,False,rev_base,18dd3108464e61ee3b22d1cd90bb91141b65112c017eb936380923361cf2e4a0,217,0.004270258359611034,0.9998831748962402,0.995729741640389,1, No,
amouyal:73:attachment,amouyal,NPZ,gp,lingering,No,,,,0,145,set_28,GP_prob,GP_question,prob,not annotated upstream,the dancer,,True,attachment,amouyal:73,rev,False,rev_base,14453016981b25e3635de423906402e221568a9d135b40b5debc03b8ac43a765,231,3.499622471281327e-05,0.9997860789299011,0.9999650037752872,1, No,c6cbaa178ae4c6c3a19f756fd7bcfa760b94db5dd685d05f494a82ffe1ee8f15
amouyal:74,amouyal,NPZ,non_gp,simple,Yes,,,,0,148,set_28,nonGP_prob,simple_question,prob,not annotated upstream,the dancer,,True,event,amouyal:74,rev,False,rev_base,03e0f1dd59b0fb6d60d8f6ec0598ebcab22bba282f02b7e226eea118ce58676f,217,0.9989798665046692,0.9997146725654602,0.9989798665046692,1, Yes,
amouyal:74:attachment,amouyal,NPZ,non_gp,simple,Yes,,,,0,148,set_28,nonGP_prob,simple_question,prob,not annotated upstream,the dancer,,True,attachment,amouyal:74,rev,False,rev_base,6a8162226abb045737fcd67d7d276bd8f1877a267839d3da4ad8d3e25aa39dd7,228,0.999646782875061,0.9941462874412537,0.999646782875061,1, Yes,3d89a24ab8fe8348e8431fa2066f8b5bc0d948c9e19b0495316e270873406d96
amouyal:75,amouyal,NPZ,non_gp,lingering,No,,,,0,149,set_28,nonGP_prob,GP_question,prob,not annotated upstream,the dancer,,True,event,amouyal:75,rev,False,rev_base,a1d4ad6aca516ec1a611c9908b061649e1e426aea146962fd5f786b0c3ce65dd,217,0.9999232292175293,0.999793529510498,7.677078247070312e-05,0, Yes,
amouyal:75:attachment,amouyal,NPZ,non_gp,lingering,No,,,,0,149,set_28,nonGP_prob,GP_question,prob,not annotated upstream,the dancer,,True,attachment,amouyal:75,rev,False,rev_base,974f4159b97bfbe0fabf270c638e6a128018aef5fc265cc18560dae581865adf,231,0.03494557738304138,0.9988484382629395,0.9650544226169586,1, No,c6cbaa178ae4c6c3a19f756fd7bcfa760b94db5dd685d05f494a82ffe1ee8f15
amouyal:76,amouyal,NPZ,gp,simple,Yes,,,,0,152,set_29,GP_prob,simple_question,prob,not annotated upstream,the opponent,,True,event,amouyal:76,rev,False,rev_base,ab8d430b6eb3e147a79544b42d8cb840df5fd9b5b6b0842d4014469aa5543a3f,216,0.9856885671615601,0.9998520612716675,0.9856885671615601,1, Yes,
amouyal:76:attachment,amouyal,NPZ,gp,simple,Yes,,,,0,152,set_29,GP_prob,simple_question,prob,not annotated upstream,the opponent,,True,attachment,amouyal:76,rev,False,rev_base,9e2ec6cad601484bc001e40095d256957809931d149a7c2b83bb81fc3e7d486c,228,8.024267827977383e-08,0.9999385476112366,8.024267827977383e-08,0, No,debc57787e129658b8442c2136d87166eba83c4451f37dcf8bebc5aca594a803
amouyal:77,amouyal,NPZ,gp,lingering,No,,,,0,153,set_29,GP_prob,GP_question,prob,not annotated upstream,the opponent,,True,event,amouyal:77,rev,False,rev_base,0c95f28f80abc87db4d56833d61650fcb85c8ef9d8c5ec19f6f9a725c3b5571b,218,0.5221871733665466,0.9997961521148682,0.47781282663345337,0, Yes,
amouyal:77:attachment,amouyal,NPZ,gp,lingering,No,,,,0,153,set_29,GP_prob,GP_question,prob,not annotated upstream,the opponent,,True,attachment,amouyal:77,rev,False,rev_base,e4c6a165eba098722376fcc4f518ce5d8cb75a4a5c5b2e0811fae5af88407f9a,231,0.0001694941456662491,0.9999061226844788,0.9998305058543338,1, No,303a41ab2e9cfe7baea104af739a035489b3f5a7c08404577451b0ebb8726dee
amouyal:78,amouyal,NPZ,non_gp,simple,Yes,,,,0,156,set_29,nonGP_prob,simple_question,prob,not annotated upstream,the opponent,,True,event,amouyal:78,rev,False,rev_base,d39128f26ead2ce26b17f0a0ac2bbf8a76db6bbd09f814bf65884c0702d4f714,216,0.9999481439590454,0.9997807741165161,0.9999481439590454,1, Yes,
amouyal:78:attachment,amouyal,NPZ,non_gp,simple,Yes,,,,0,156,set_29,nonGP_prob,simple_question,prob,not annotated upstream,the opponent,,True,attachment,amouyal:78,rev,False,rev_base,887d642113141dfc755bd08406a702f0f99f727c16e421242f5e50f968081d90,228,0.04483873024582863,0.9979674816131592,0.04483873024582863,0, No,debc57787e129658b8442c2136d87166eba83c4451f37dcf8bebc5aca594a803
amouyal:79,amouyal,NPZ,non_gp,lingering,No,,,,0,157,set_29,nonGP_prob,GP_question,prob,not annotated upstream,the opponent,,True,event,amouyal:79,rev,False,rev_base,e29b9b2c7254b96c41575c57135c5b66946d1409dbc1c819bb7521f6d3036cc6,218,0.21435904502868652,0.9996280074119568,0.7856409549713135,1, No,
amouyal:79:attachment,amouyal,NPZ,non_gp,lingering,No,,,,0,157,set_29,nonGP_prob,GP_question,prob,not annotated upstream,the opponent,,True,attachment,amouyal:79,rev,False,rev_base,916602e2c0e4bf22f1badc418bc71cce3e31ea7a96274f4aca481cccf87077c2,231,0.0011404562974348664,0.9995879530906677,0.9988595437025651,1, No,303a41ab2e9cfe7baea104af739a035489b3f5a7c08404577451b0ebb8726dee
amouyal:80,amouyal,NPZ,gp,simple,Yes,,,,0,160,set_30,GP_prob,simple_question,prob,not annotated upstream,the enemy,,True,event,amouyal:80,rev,False,rev_base,fe30ade2119be8bff10fda04bf5e69a6500d2d902ac50ac23456456bb69b9cc9,213,0.9999306201934814,0.9998506307601929,0.9999306201934814,1, Yes,
amouyal:80:attachment,amouyal,NPZ,gp,simple,Yes,,,,0,160,set_30,GP_prob,simple_question,prob,not annotated upstream,the enemy,,True,attachment,amouyal:80,rev,False,rev_base,18014ccdaa49807158bbe3bde8b314d8166bc2e377e82d8d3614384ecc0010f4,226,6.620434760407079e-07,0.999893307685852,6.620434760407079e-07,0, No,5e4bfe8eb190c287fbef90389674b62a5d37c52bce925fd516b60e73ac8db887
amouyal:81,amouyal,NPZ,gp,lingering,No,,,,0,161,set_30,GP_prob,GP_question,prob,not annotated upstream,the enemy,,True,event,amouyal:81,rev,False,rev_base,7eb6707d60c2cf6950bb2f30c3ba40a61f7c06fce474e90f910f4e22c8ac1c72,215,0.03905647620558739,0.9998164176940918,0.9609435237944126,1, No,
amouyal:81:attachment,amouyal,NPZ,gp,lingering,No,,,,0,161,set_30,GP_prob,GP_question,prob,not annotated upstream,the enemy,,True,attachment,amouyal:81,rev,False,rev_base,754d045772eb9763514fe48f5027bd5d5d0fdca3f375699309c31d7ddbee693e,229,4.2105755710508674e-05,0.9998801350593567,0.9999578942442895,1, No,34becabc57f53458768c586c60f70a1bd93b4f9372db7fe757ca321a98508f61
amouyal:82,amouyal,NPZ,non_gp,simple,Yes,,,,0,164,set_30,nonGP_prob,simple_question,prob,not annotated upstream,the enemy,,True,event,amouyal:82,rev,False,rev_base,38b14a997ce111557d0998ae814d5a69eb4b4cabcf623c14f3d4646b44c68e27,213,0.9999937415122986,0.999519407749176,0.9999937415122986,1, Yes,
amouyal:82:attachment,amouyal,NPZ,non_gp,simple,Yes,,,,0,164,set_30,nonGP_prob,simple_question,prob,not annotated upstream,the enemy,,True,attachment,amouyal:82,rev,False,rev_base,f289287fc18c2a8ae7dd79e427a8ace6705828ffece4f280bb324e9ea7cb81e3,226,0.9957183599472046,0.9958759546279907,0.9957183599472046,1, Yes,5e4bfe8eb190c287fbef90389674b62a5d37c52bce925fd516b60e73ac8db887
amouyal:83,amouyal,NPZ,non_gp,lingering,No,,,,0,165,set_30,nonGP_prob,GP_question,prob,not annotated upstream,the enemy,,True,event,amouyal:83,rev,False,rev_base,ab106eaeaefb2e1c46b938a4764bff2c487fbeae5712aa770f31e834ec584f2c,215,0.9987711310386658,0.9996765851974487,0.0012288689613342285,0, Yes,
amouyal:83:attachment,amouyal,NPZ,non_gp,lingering,No,,,,0,165,set_30,nonGP_prob,GP_question,prob,not annotated upstream,the enemy,,True,attachment,amouyal:83,rev,False,rev_base,bb654992105243b30986de7204ebd0c2408bb662c73ddb9a45a5cae8931eccda,229,0.011647384613752365,0.9994125366210938,0.9883526153862476,1, No,34becabc57f53458768c586c60f70a1bd93b4f9372db7fe757ca321a98508f61
amouyal:84,amouyal,NPZ,gp,simple,Yes,,,,0,168,set_31,GP_prob,simple_question,prob,not annotated upstream,the steak,,True,event,amouyal:84,rev,False,rev_base,04a8289c3019a171c342032bda46605c245dbe10541a0007c94d2e2e35f8d730,219,0.892091691493988,0.9994004368782043,0.892091691493988,1, Yes,
amouyal:84:attachment,amouyal,NPZ,gp,simple,Yes,,,,0,168,set_31,GP_prob,simple_question,prob,not annotated upstream,the steak,,True,attachment,amouyal:84,rev,False,rev_base,6e854d71dcdfc5e2d77ec0d8c023fbfd1ab9ae84d927afd8e13f80ccdcdbcaa9,229,5.087364911560144e-07,0.9998313784599304,5.087364911560144e-07,0, No,10c61f0dee3601a63ec8e54f3d14022ec36584c32d7e98b85327abb5bc07084e
amouyal:85,amouyal,NPZ,gp,lingering,No,,,,0,169,set_31,GP_prob,GP_question,prob,not annotated upstream,the steak,,True,event,amouyal:85,rev,False,rev_base,7a30cd2a2d8ad2f594105e22ee7dccb30cc8c3f7ebc9aecc6eb81661686812eb,217,0.0005758279585279524,0.9999687671661377,0.999424172041472,1, No,
amouyal:85:attachment,amouyal,NPZ,gp,lingering,No,,,,0,169,set_31,GP_prob,GP_question,prob,not annotated upstream,the steak,,True,attachment,amouyal:85,rev,False,rev_base,e5b56b934e706f80fe36562fda240a0262d53f6c55b2e70e00b33e2e0971a653,232,7.739294960629195e-05,0.9998729228973389,0.9999226070503937,1, No,d5a170025db7e715a63345b9ed6455c7001a55cd848a0978e903d8fd979a9599
amouyal:86,amouyal,NPZ,non_gp,simple,Yes,,,,0,172,set_31,nonGP_prob,simple_question,prob,not annotated upstream,the steak,,True,event,amouyal:86,rev,False,rev_base,0a66e64664bd68ae960e0428e42a97b1046c444a1d5a42d3c7796747eeb26089,219,0.9998189806938171,0.99979168176651,0.9998189806938171,1, Yes,
amouyal:86:attachment,amouyal,NPZ,non_gp,simple,Yes,,,,0,172,set_31,nonGP_prob,simple_question,prob,not annotated upstream,the steak,,True,attachment,amouyal:86,rev,False,rev_base,6a41ccbd5107770430133bedaf4766078f432a596143e75075397ab7d848808a,229,0.015109839849174023,0.9993250966072083,0.015109839849174023,0, No,10c61f0dee3601a63ec8e54f3d14022ec36584c32d7e98b85327abb5bc07084e
amouyal:87,amouyal,NPZ,non_gp,lingering,No,,,,0,173,set_31,nonGP_prob,GP_question,prob,not annotated upstream,the steak,,True,event,amouyal:87,rev,False,rev_base,e44fefa6fd72b209970ed6207400e2bac8d93bd54f6643edd79ea1110e0a5302,217,0.9887166619300842,0.9998573064804077,0.011283338069915771,0, Yes,
amouyal:87:attachment,amouyal,NPZ,non_gp,lingering,No,,,,0,173,set_31,nonGP_prob,GP_question,prob,not annotated upstream,the steak,,True,attachment,amouyal:87,rev,False,rev_base,654aa5b1147ae7400b99242848d782921cda2357e37594427ee40079546898c2,232,0.04362383857369423,0.9994015097618103,0.9563761614263058,1, No,d5a170025db7e715a63345b9ed6455c7001a55cd848a0978e903d8fd979a9599
amouyal:88,amouyal,NPZ,gp,simple,Yes,,,,0,176,set_32,GP_prob,simple_question,prob,not annotated upstream,the turkey,,True,event,amouyal:88,rev,False,rev_base,987dcbca93356dd483608794ab30fe43b65827da434d17a94989b2985c5b0716,218,0.9679123163223267,0.9993559122085571,0.9679123163223267,1, Yes,
amouyal:88:attachment,amouyal,NPZ,gp,simple,Yes,,,,0,176,set_32,GP_prob,simple_question,prob,not annotated upstream,the turkey,,True,attachment,amouyal:88,rev,False,rev_base,5152821add0d3bf2810916bdb1300b227bbd0e6a5cbce70e4ea16620f677f215,228,2.923135753007955e-06,0.9997373223304749,2.923135753007955e-06,0, No,97c2e53a2068e89663e2969255c629ebfe0239cc68aba6a14696373bb4da1ad1
amouyal:89,amouyal,NPZ,gp,lingering,No,,,,0,177,set_32,GP_prob,GP_question,prob,not annotated upstream,the turkey,,True,event,amouyal:89,rev,False,rev_base,bd02b1536d08ee5556942d94959db1651869083d4fc94fd56dcb842889005816,216,1.0220082913292572e-05,0.9999298453330994,0.9999897799170867,1, No,
amouyal:89:attachment,amouyal,NPZ,gp,lingering,No,,,,0,177,set_32,GP_prob,GP_question,prob,not annotated upstream,the turkey,,True,attachment,amouyal:89,rev,False,rev_base,e836bdb9629baddfde9c7bb2348233f6ba6bf86f213d2a18e791e61d0615ba53,231,0.00027015924570150673,0.9998072981834412,0.9997298407542985,1, No,33da65c0d6dd1f408a48fab7b4b693d2c1e6046948fc4102bb6e181d2dfcb708
amouyal:90,amouyal,NPZ,non_gp,simple,Yes,,,,0,180,set_32,nonGP_prob,simple_question,prob,not annotated upstream,the turkey,,True,event,amouyal:90,rev,False,rev_base,e6118c1a8652b1681ae4a3acc21d89ad0d792b3a3fc2de57f7277fd2713c9d76,218,0.9998416900634766,0.9996966123580933,0.9998416900634766,1, Yes,
amouyal:90:attachment,amouyal,NPZ,non_gp,simple,Yes,,,,0,180,set_32,nonGP_prob,simple_question,prob,not annotated upstream,the turkey,,True,attachment,amouyal:90,rev,False,rev_base,fdb17430b406651c7941f5947e5b49675c14c94098da627b576ef3bb9db1a739,228,0.9560149908065796,0.9925763607025146,0.9560149908065796,1, Yes,97c2e53a2068e89663e2969255c629ebfe0239cc68aba6a14696373bb4da1ad1
amouyal:91,amouyal,NPZ,non_gp,lingering,No,,,,0,181,set_32,nonGP_prob,GP_question,prob,not annotated upstream,the turkey,,True,event,amouyal:91,rev,False,rev_base,af824f42a5f53e79a576031a319e031a8f8c42b6fcbb458958da37a8c2c41ed8,216,0.8738642334938049,0.9996762275695801,0.12613576650619507,0, Yes,
amouyal:91:attachment,amouyal,NPZ,non_gp,lingering,No,,,,0,181,set_32,nonGP_prob,GP_question,prob,not annotated upstream,the turkey,,True,attachment,amouyal:91,rev,False,rev_base,754287860a101a523e4e2eecafd9cbea385c4498865ad82fa223a3c87dc01c4a,231,0.043669991195201874,0.9991204142570496,0.9563300088047981,1, No,33da65c0d6dd1f408a48fab7b4b693d2c1e6046948fc4102bb6e181d2dfcb708
amouyal:92,amouyal,NPZ,gp,simple,Yes,,,,0,184,set_33,GP_prob,simple_question,prob,not annotated upstream,the bread,,True,event,amouyal:92,rev,False,rev_base,93eb1c8f9b08d34c3f7219257fef2e22305e36928c180a310604935cc8290674,218,0.030017659068107605,0.9998526573181152,0.030017659068107605,0, No,
amouyal:92:attachment,amouyal,NPZ,gp,simple,Yes,,,,0,184,set_33,GP_prob,simple_question,prob,not annotated upstream,the bread,,True,attachment,amouyal:92,rev,False,rev_base,4a3eb1670751707b072459d36770af4997821121b32b1501cca8b8e5c5037bf7,228,1.4450415619648993e-07,0.9998525977134705,1.4450415619648993e-07,0, No,22b229dac9ecc8a3182be9659f03b6c628709057d26988df3e9b01c3ecd60a8a
amouyal:93,amouyal,NPZ,gp,lingering,No,,,,0,185,set_33,GP_prob,GP_question,prob,not annotated upstream,the bread,,True,event,amouyal:93,rev,False,rev_base,2187ea9ac32f89c931a9aace388a3603815a585517a164eab6644e2a2153f0f5,216,0.004737874027341604,0.9999200701713562,0.9952621259726584,1, No,
amouyal:93:attachment,amouyal,NPZ,gp,lingering,No,,,,0,185,set_33,GP_prob,GP_question,prob,not annotated upstream,the bread,,True,attachment,amouyal:93,rev,False,rev_base,a0340550a6d54d5272bd07710e8b54a19f19c8ab51b7dd7755b970026dde47ed,231,1.654699008213356e-05,0.9999104142189026,0.9999834530099179,1, No,929d238bb75b61083736aa7697276b01873404113c843f23e39b791fe633eacd
amouyal:94,amouyal,NPZ,non_gp,simple,Yes,,,,0,188,set_33,nonGP_prob,simple_question,prob,not annotated upstream,the bread,,True,event,amouyal:94,rev,False,rev_base,0bca98a37f2487831a2c745590960cc73383a37ea624999230853d0e58ac4e4c,218,0.9999809861183167,0.9998181462287903,0.9999809861183167,1, Yes,
amouyal:94:attachment,amouyal,NPZ,non_gp,simple,Yes,,,,0,188,set_33,nonGP_prob,simple_question,prob,not annotated upstream,the bread,,True,attachment,amouyal:94,rev,False,rev_base,e98a401e3b377249dfaff098ac4f11c05e6a897792580f38e3b38354d7c792da,228,0.3402533531188965,0.9947628974914551,0.3402533531188965,0, No,22b229dac9ecc8a3182be9659f03b6c628709057d26988df3e9b01c3ecd60a8a
amouyal:95,amouyal,NPZ,non_gp,lingering,No,,,,0,189,set_33,nonGP_prob,GP_question,prob,not annotated upstream,the bread,,True,event,amouyal:95,rev,False,rev_base,6952b4b6451c6dc1cf4867e506824da9d7e5903801329ea7a739f8dc40c8874e,216,0.9918727874755859,0.9995662569999695,0.008127212524414062,0, Yes,
amouyal:95:attachment,amouyal,NPZ,non_gp,lingering,No,,,,0,189,set_33,nonGP_prob,GP_question,prob,not annotated upstream,the bread,,True,attachment,amouyal:95,rev,False,rev_base,6a6fc3c75606fd5772b4526de33c06ee90be59f6a6ed74eef756338551d7e107,231,0.13648398220539093,0.9987154006958008,0.8635160177946091,1, No,929d238bb75b61083736aa7697276b01873404113c843f23e39b791fe633eacd
amouyal:96,amouyal,NPZ,gp,simple,Yes,,,,0,192,set_34,GP_prob,simple_question,prob,not annotated upstream,the team,,True,event,amouyal:96,rev,False,rev_base,54321a05d3976ddce41e0470f532569241958623bac6f07f15eebe9e586634b1,217,0.9983214735984802,0.9997039437294006,0.9983214735984802,1, Yes,
amouyal:96:attachment,amouyal,NPZ,gp,simple,Yes,,,,0,192,set_34,GP_prob,simple_question,prob,not annotated upstream,the team,,True,attachment,amouyal:96,rev,False,rev_base,e935c788128ec79b92ed492bcbf864e178bbbe303567ff8271904d5001ab6476,228,6.7800128817907535e-06,0.9995982050895691,6.7800128817907535e-06,0, No,595f45192859bc2cc7d019465135e21f4800d01bec7981bb1f9386606d6453c6
amouyal:97,amouyal,NPZ,gp,lingering,No,,,,0,193,set_34,GP_prob,GP_question,prob,not annotated upstream,the team,,True,event,amouyal:97,rev,False,rev_base,e73d0c3525c9cd8f6ea2030661d4a37a3a6d70ac08fdc6eb3816ca919149bc28,217,0.0005635953275486827,0.9999586939811707,0.9994364046724513,1, No,
amouyal:97:attachment,amouyal,NPZ,gp,lingering,No,,,,0,193,set_34,GP_prob,GP_question,prob,not annotated upstream,the team,,True,attachment,amouyal:97,rev,False,rev_base,7106f0d99d7468f3e0626323f6310ffa822dfc6c23045dedc21e41768acee43e,231,0.0001275230897590518,0.9997974634170532,0.999872476910241,1, No,a6b4237997fa5f77db32ebd4c8d8af5d4585ba4195df7132e7af527e6eb6e4a7
amouyal:98,amouyal,NPZ,non_gp,simple,Yes,,,,0,196,set_34,nonGP_prob,simple_question,prob,not annotated upstream,the team,,True,event,amouyal:98,rev,False,rev_base,d464e95ad3596b69a0f57dc3d69b27b360eb81ce3036e1fb4ffe457c70626704,217,0.9999973773956299,0.9996033906936646,0.9999973773956299,1, Yes,
amouyal:98:attachment,amouyal,NPZ,non_gp,simple,Yes,,,,0,196,set_34,nonGP_prob,simple_question,prob,not annotated upstream,the team,,True,attachment,amouyal:98,rev,False,rev_base,7ddd4be9b9ad1d49af73d8be77869598fe74c5ea289edcb74d3b51c2562ab45f,228,0.9998234510421753,0.9942358732223511,0.9998234510421753,1, Yes,595f45192859bc2cc7d019465135e21f4800d01bec7981bb1f9386606d6453c6
amouyal:99,amouyal,NPZ,non_gp,lingering,No,,,,0,197,set_34,nonGP_prob,GP_question,prob,not annotated upstream,the team,,True,event,amouyal:99,rev,False,rev_base,c17fe2e4cf72576527c3866fcf3a70340f444987882aaf81b770fd6ec6f0ea81,217,0.9951010346412659,0.9998784065246582,0.004898965358734131,0, Yes,
amouyal:99:attachment,amouyal,NPZ,non_gp,lingering,No,,,,0,197,set_34,nonGP_prob,GP_question,prob,not annotated upstream,the team,,True,attachment,amouyal:99,rev,False,rev_base,bc6c245ddea0fe9e0f5c0fb0531fd491de532de237889264fd3a49d6ff770fee,231,0.08504083752632141,0.9988267421722412,0.9149591624736786,1, No,a6b4237997fa5f77db32ebd4c8d8af5d4585ba4195df7132e7af527e6eb6e4a7
amouyal:100,amouyal,NPZ,gp,simple,Yes,,,,0,200,set_35,GP_prob,simple_question,prob,not annotated upstream,the floor,,True,event,amouyal:100,rev,False,rev_base,54369c40e9583f1a411ba5ee93a449e6c83265be6926c3218501b2d0fa83dad9,219,0.055556364357471466,0.998245358467102,0.055556364357471466,0, No,
amouyal:100:attachment,amouyal,NPZ,gp,simple,Yes,,,,0,200,set_35,GP_prob,simple_question,prob,not annotated upstream,the floor,,True,attachment,amouyal:100,rev,False,rev_base,0288fde2090fd19e3027f69715b7b8534888d10db422ae4e649132849d719e7b,230,1.6142219010362169e-06,0.9996176958084106,1.6142219010362169e-06,0, No,22d0123a529ca150cef241482911e7ed8133487253480f560f145e81b1cbc05e
amouyal:101,amouyal,NPZ,gp,lingering,No,,,,0,201,set_35,GP_prob,GP_question,prob,not annotated upstream,the floor,,True,event,amouyal:101,rev,False,rev_base,dd104fec245de8a9a3ffd22c037869cc435bc92bc3af61bbd62775039ea5457b,219,0.012162300758063793,0.9995490312576294,0.9878376992419362,1, No,
amouyal:101:attachment,amouyal,NPZ,gp,lingering,No,,,,0,201,set_35,GP_prob,GP_question,prob,not annotated upstream,the floor,,True,attachment,amouyal:101,rev,False,rev_base,962436a55b0da7ff5ecff6954c4ebabe1f3bf420159778688ab3788796c2816c,233,2.705993756535463e-05,0.9998024702072144,0.9999729400624346,1, No,f38375793d9666f0c5f3b9a69cefa85088fa93199230d185d4d380fca6a26713
amouyal:102,amouyal,NPZ,non_gp,simple,Yes,,,,0,204,set_35,nonGP_prob,simple_question,prob,not annotated upstream,the floor,,True,event,amouyal:102,rev,False,rev_base,146277ffe12c70cb9f34a69909eb2e312cd7f24a530240f4893a9d3f3c91cad1,219,0.9999208450317383,0.9996716976165771,0.9999208450317383,1, Yes,
amouyal:102:attachment,amouyal,NPZ,non_gp,simple,Yes,,,,0,204,set_35,nonGP_prob,simple_question,prob,not annotated upstream,the floor,,True,attachment,amouyal:102,rev,False,rev_base,5af6181c18f3dd9520aa4f02f74a5a7377716997b02284316b17cd12a63349ce,230,0.13715170323848724,0.997046709060669,0.13715170323848724,0, No,22d0123a529ca150cef241482911e7ed8133487253480f560f145e81b1cbc05e
amouyal:103,amouyal,NPZ,non_gp,lingering,No,,,,0,205,set_35,nonGP_prob,GP_question,prob,not annotated upstream,the floor,,True,event,amouyal:103,rev,False,rev_base,3de10df07e9f0859d1269fea048481292cb8e5717ee7b851d36fc9a4a0e27af7,219,0.9215590357780457,0.9994306564331055,0.07844096422195435,0, Yes,
amouyal:103:attachment,amouyal,NPZ,non_gp,lingering,No,,,,0,205,set_35,nonGP_prob,GP_question,prob,not annotated upstream,the floor,,True,attachment,amouyal:103,rev,False,rev_base,7ad8b9938a348534d71f0129612b413771e64059ebde5c50c7fda9a32cc8df0b,233,0.08913105726242065,0.9991593360900879,0.9108689427375793,1, No,f38375793d9666f0c5f3b9a69cefa85088fa93199230d185d4d380fca6a26713
amouyal:104,amouyal,NPZ,gp,simple,Yes,,,,0,208,set_36,GP_prob,simple_question,prob,not annotated upstream,the meal,,True,event,amouyal:104,rev,False,rev_base,eec9c23f0a8769067b71eb11316b499f53ea11339e222e2af705d0fa158cbb52,217,0.5643653273582458,0.9998591542243958,0.5643653273582458,1, Yes,
amouyal:104:attachment,amouyal,NPZ,gp,simple,Yes,,,,0,208,set_36,GP_prob,simple_question,prob,not annotated upstream,the meal,,True,attachment,amouyal:104,rev,False,rev_base,f3a955f05d78bc9a92d8778e17f8196a98b6df95f74d43bdfbeeda6558f984bc,228,2.502745928723016e-06,0.9997131824493408,2.502745928723016e-06,0, No,6de689134b17e49f3f08b2362248de0e3f3331335492369e82786a3907120648
amouyal:105,amouyal,NPZ,gp,lingering,No,,,,0,209,set_36,GP_prob,GP_question,prob,not annotated upstream,the meal,,True,event,amouyal:105,rev,False,rev_base,88bc716311ead8e9532a40a7c8302e2b0283b5b7d896991bd0bafb4537f0eca8,217,0.006824260577559471,0.9998849630355835,0.9931757394224405,1, No,
amouyal:105:attachment,amouyal,NPZ,gp,lingering,No,,,,0,209,set_36,GP_prob,GP_question,prob,not annotated upstream,the meal,,True,attachment,amouyal:105,rev,False,rev_base,d578cfdb66dcff6eeb519d79263a882ea02fd0fd8720eef9114cc83524c41aa2,231,0.00010584726260276511,0.9998072385787964,0.9998941527373972,1, No,3fe9e15306287f6d097ff7e908881bb8d0b92f68b0c0f885e8d2795c4b065235
amouyal:106,amouyal,NPZ,non_gp,simple,Yes,,,,0,212,set_36,nonGP_prob,simple_question,prob,not annotated upstream,the meal,,True,event,amouyal:106,rev,False,rev_base,7fe2a2a3e225af0004f8bbddb4323121cd65664d4bfff3d8b852d081f21aff68,217,0.9999931454658508,0.9998036623001099,0.9999931454658508,1, Yes,
amouyal:106:attachment,amouyal,NPZ,non_gp,simple,Yes,,,,0,212,set_36,nonGP_prob,simple_question,prob,not annotated upstream,the meal,,True,attachment,amouyal:106,rev,False,rev_base,36f52e04970a856f74516075c46440770f355846b38c7aa4dc4ddc3a8f4369ef,228,0.717475414276123,0.9924758672714233,0.717475414276123,1, Yes,6de689134b17e49f3f08b2362248de0e3f3331335492369e82786a3907120648
amouyal:107,amouyal,NPZ,non_gp,lingering,No,,,,0,213,set_36,nonGP_prob,GP_question,prob,not annotated upstream,the meal,,True,event,amouyal:107,rev,False,rev_base,c7595d59746c59278d0661fb68dd875d24fc9777fd59c16915745e2e64bec8bc,217,0.9943556189537048,0.9998182654380798,0.005644381046295166,0, Yes,
amouyal:107:attachment,amouyal,NPZ,non_gp,lingering,No,,,,0,213,set_36,nonGP_prob,GP_question,prob,not annotated upstream,the meal,,True,attachment,amouyal:107,rev,False,rev_base,e797b840d620241bfb1b0edeb25e05e4625b8e0f6a9e2c576d6f365f49565d1e,231,0.12112842500209808,0.9987716674804688,0.8788715749979019,1, No,3fe9e15306287f6d097ff7e908881bb8d0b92f68b0c0f885e8d2795c4b065235
amouyal:108,amouyal,NPZ,gp,simple,Yes,,,,0,216,set_37,GP_prob,simple_question,prob,not annotated upstream,the homework,,True,event,amouyal:108,rev,False,rev_base,d3bb55616624edc0b6df576751680a2aa225d79cd4060599b16b26d86ee0fb98,219,0.00021726755949202925,0.9998470544815063,0.00021726755949202925,0, No,
amouyal:108:attachment,amouyal,NPZ,gp,simple,Yes,,,,0,216,set_37,GP_prob,simple_question,prob,not annotated upstream,the homework,,True,attachment,amouyal:108,rev,False,rev_base,a9c52f5a1b3114caa2150241bace49fdc87fb9ab1945fa810631d20f37001270,229,9.630878849975488e-08,0.9997888207435608,9.630878849975488e-08,0, No,6b874eb8d99879e5d4438cdb2bf79a93547d740a4d460d6912ad3f211e59186d
amouyal:109,amouyal,NPZ,gp,lingering,No,,,,0,217,set_37,GP_prob,GP_question,prob,not annotated upstream,the homework,,True,event,amouyal:109,rev,False,rev_base,540f10b765fa245215239b1fc570f20895a92acf71cc1bf6f3e6b9579bbebe6a,218,2.9464894396369345e-05,0.9999344348907471,0.9999705351056036,1, No,
amouyal:109:attachment,amouyal,NPZ,gp,lingering,No,,,,0,217,set_37,GP_prob,GP_question,prob,not annotated upstream,the homework,,True,attachment,amouyal:109,rev,False,rev_base,fc6931d3db7da55942116378d5f599e126b3eed59498d35a35d2355b2d9295e7,232,4.639655344362836e-06,0.9998721480369568,0.9999953603446556,1, No,a07e60c4993b989fa40d3f4b5d703c9b974501a66855f3aaa221b18398b7d5c4
amouyal:110,amouyal,NPZ,non_gp,simple,Yes,,,,0,220,set_37,nonGP_prob,simple_question,prob,not annotated upstream,the homework,,True,event,amouyal:110,rev,False,rev_base,32b2036587617f4d6de7c81b37e9279ddba6432dabf9f92bbd4b2b01dade7fdf,219,0.09693452715873718,0.9997588992118835,0.09693452715873718,0, No,
amouyal:110:attachment,amouyal,NPZ,non_gp,simple,Yes,,,,0,220,set_37,nonGP_prob,simple_question,prob,not annotated upstream,the homework,,True,attachment,amouyal:110,rev,False,rev_base,1e9a9998441a3848a574f643f5960b4a3bd72c4d28798f7dde21075e4784c24b,229,0.10682791471481323,0.9973662495613098,0.10682791471481323,0, No,6b874eb8d99879e5d4438cdb2bf79a93547d740a4d460d6912ad3f211e59186d
amouyal:111,amouyal,NPZ,non_gp,lingering,No,,,,0,221,set_37,nonGP_prob,GP_question,prob,not annotated upstream,the homework,,True,event,amouyal:111,rev,False,rev_base,742b1ea757c23e205e02250069c08ff0213530db19f56c23f7d5015d1f70a7dc,218,0.024647962301969528,0.9998610615730286,0.9753520376980305,1, No,
amouyal:111:attachment,amouyal,NPZ,non_gp,lingering,No,,,,0,221,set_37,nonGP_prob,GP_question,prob,not annotated upstream,the homework,,True,attachment,amouyal:111,rev,False,rev_base,2c76f03ab77a829cd56590d6e1276160d34bac17f569b958f8fc21bf06711674,232,0.0019233276834711432,0.9996870756149292,0.9980766723165289,1, No,a07e60c4993b989fa40d3f4b5d703c9b974501a66855f3aaa221b18398b7d5c4
amouyal:112,amouyal,NPZ,gp,simple,Yes,,,,0,224,set_38,GP_prob,simple_question,prob,not annotated upstream,the sweater,,True,event,amouyal:112,rev,False,rev_base,f62a0a30397e1a954a4074a6915ad44479a4e20d234f141b5572d7c938d07035,222,0.022176653146743774,0.999563455581665,0.022176653146743774,0, No,
amouyal:112:attachment,amouyal,NPZ,gp,simple,Yes,,,,0,224,set_38,GP_prob,simple_question,prob,not annotated upstream,the sweater,,True,attachment,amouyal:112,rev,False,rev_base,891428aa3c9e72becedaeb2f685a91e2c8f75a10bc111bb401ec5e685c5cad91,231,1.4234061040951929e-07,0.9999112486839294,1.4234061040951929e-07,0, No,4b2abe82c105d2af6923c377b4a6a7ccf0f9e8b04e2dc80da79d7b82eaf4efa8
amouyal:113,amouyal,NPZ,gp,lingering,No,,,,0,225,set_38,GP_prob,GP_question,prob,not annotated upstream,the sweater,,True,event,amouyal:113,rev,False,rev_base,202d78abefa9b9eaa19bea3b03775d81274f1460ce9a04f521367a8f6a449f2a,220,0.09284272789955139,0.9996628165245056,0.9071572721004486,1, No,
amouyal:113:attachment,amouyal,NPZ,gp,lingering,No,,,,0,225,set_38,GP_prob,GP_question,prob,not annotated upstream,the sweater,,True,attachment,amouyal:113,rev,False,rev_base,f3034623c12f896abe1d4d5a2f9485f80ee29ef1d70438d7057ea8b7cfec9e0c,234,3.1065304938238114e-05,0.999758243560791,0.9999689346950618,1, No,c6e9ecfa650fa9f2df468b6cd7525723121e73cfdabfa098a08fa178119cb0b1
amouyal:114,amouyal,NPZ,non_gp,simple,Yes,,,,0,228,set_38,nonGP_prob,simple_question,prob,not annotated upstream,the sweater,,True,event,amouyal:114,rev,False,rev_base,25872314e224004f7a38991bea226d1e33b2ae1836ddf245d66940e62acc0d48,222,0.9991812109947205,0.9997963905334473,0.9991812109947205,1, Yes,
amouyal:114:attachment,amouyal,NPZ,non_gp,simple,Yes,,,,0,228,set_38,nonGP_prob,simple_question,prob,not annotated upstream,the sweater,,True,attachment,amouyal:114,rev,False,rev_base,7f9acea3cc618d027d42f00cab56fec0e432e10a6e90f06aeab65b8baa6e325f,231,0.0033310074359178543,0.9996228218078613,0.0033310074359178543,0, No,4b2abe82c105d2af6923c377b4a6a7ccf0f9e8b04e2dc80da79d7b82eaf4efa8
amouyal:115,amouyal,NPZ,non_gp,lingering,No,,,,0,229,set_38,nonGP_prob,GP_question,prob,not annotated upstream,the sweater,,True,event,amouyal:115,rev,False,rev_base,e293b297693c9f7baec3bfe7511c3c7982669ecdc0f5ec199fa2b0fbb6cf99d8,220,2.645946324264514e-07,0.999965488910675,0.9999997354053676,1, No,
amouyal:115:attachment,amouyal,NPZ,non_gp,lingering,No,,,,0,229,set_38,nonGP_prob,GP_question,prob,not annotated upstream,the sweater,,True,attachment,amouyal:115,rev,False,rev_base,1bba9cfc694c69c890bf147360e39f0b623fdd926f68566b616c452395607577,234,0.0016707800095900893,0.9997048377990723,0.9983292199904099,1, No,c6e9ecfa650fa9f2df468b6cd7525723121e73cfdabfa098a08fa178119cb0b1
amouyal:116,amouyal,NPZ,gp,simple,Yes,,,,0,232,set_39,GP_prob,simple_question,prob,not annotated upstream,the comet,,True,event,amouyal:116,rev,False,rev_base,9bf652c75690ec1ddc50f479130694a0daab3bd40fc5da079c3acd1e6176aaa1,220,0.3222365081310272,0.9989805221557617,0.3222365081310272,0, No,
amouyal:116:attachment,amouyal,NPZ,gp,simple,Yes,,,,0,232,set_39,GP_prob,simple_question,prob,not annotated upstream,the comet,,True,attachment,amouyal:116,rev,False,rev_base,44347ae93a807affded873f0b375f55d84b356313ad0d0c5cc6635ceb32d9289,230,3.696273154218943e-07,0.999902069568634,3.696273154218943e-07,0, No,09235ed18927156ad80a366bb7de5bb409be002c759663927611819a459cfca5
amouyal:117,amouyal,NPZ,gp,lingering,No,,,,0,233,set_39,GP_prob,GP_question,prob,not annotated upstream,the comet,,True,event,amouyal:117,rev,False,rev_base,cd581323d88c5edc59e6ec7dbd54bbe99201f175bcd200dd211bf7c8894181a3,220,0.028299877420067787,0.9997938275337219,0.9717001225799322,1, No,
amouyal:117:attachment,amouyal,NPZ,gp,lingering,No,,,,0,233,set_39,GP_prob,GP_question,prob,not annotated upstream,the comet,,True,attachment,amouyal:117,rev,False,rev_base,042653d8ebd98b7d0167ad831c107a5f7dce2284c4aecb5be6248de889079200,233,6.690428108413471e-06,0.9999020099639893,0.9999933095718916,1, No,891e3e87635cc338b51c74eae9cf94754bb67ab0994c7658d6bfbffd4dd7d97a
amouyal:118,amouyal,NPZ,non_gp,simple,Yes,,,,0,236,set_39,nonGP_prob,simple_question,prob,not annotated upstream,the comet,,True,event,amouyal:118,rev,False,rev_base,f77a7b055608e1b433d4cfa61fc87cd64c5be168984ec1f8e1565f6d2875d520,220,0.9999046325683594,0.9997196197509766,0.9999046325683594,1, Yes,
amouyal:118:attachment,amouyal,NPZ,non_gp,simple,Yes,,,,0,236,set_39,nonGP_prob,simple_question,prob,not annotated upstream,the comet,,True,attachment,amouyal:118,rev,False,rev_base,8a0b7082fda63057b835dff47ce096490259443167f6efeb55e2fa0a79048dee,230,0.9974852800369263,0.9967333078384399,0.9974852800369263,1, Yes,09235ed18927156ad80a366bb7de5bb409be002c759663927611819a459cfca5
amouyal:119,amouyal,NPZ,non_gp,lingering,No,,,,0,237,set_39,nonGP_prob,GP_question,prob,not annotated upstream,the comet,,True,event,amouyal:119,rev,False,rev_base,001f0a212e3303ec53a410ef48f11a87b9c95984da953672708a0ccf65f6c1fd,220,0.9988595843315125,0.9998496174812317,0.0011404156684875488,0, Yes,
amouyal:119:attachment,amouyal,NPZ,non_gp,lingering,No,,,,0,237,set_39,nonGP_prob,GP_question,prob,not annotated upstream,the comet,,True,attachment,amouyal:119,rev,False,rev_base,15acbef6de9d17cc3441634506b9ffb0166ec1e424c94e184c94f0db6fa2caa6,233,0.028054526075720787,0.9992093443870544,0.9719454739242792,1, No,891e3e87635cc338b51c74eae9cf94754bb67ab0994c7658d6bfbffd4dd7d97a
amouyal:120,amouyal,NPZ,gp,simple,Yes,,,,0,240,set_40,GP_prob,simple_question,prob,not annotated upstream,the game,,True,event,amouyal:120,rev,False,rev_base,15c1843ad93988474daebbb68371b53540448179856c2f3761aed624d149427b,217,0.08737142384052277,0.9995540976524353,0.08737142384052277,0, No,
amouyal:120:attachment,amouyal,NPZ,gp,simple,Yes,,,,0,240,set_40,GP_prob,simple_question,prob,not annotated upstream,the game,,True,attachment,amouyal:120,rev,False,rev_base,f9017b532d760f841fe4eaf35b45cdc5d065c7ba09945add1229d5bfb31f8855,228,8.90354783678049e-07,0.999823272228241,8.90354783678049e-07,0, No,8a380af56eeb5918b1c9944d769db9d624fe59e5ff74995c7d9ffce4429791c9
amouyal:121,amouyal,NPZ,gp,lingering,No,,,,0,241,set_40,GP_prob,GP_question,prob,not annotated upstream,the game,,True,event,amouyal:121,rev,False,rev_base,6420e2a87094c31df0f2272eac5886f656e466fa45e7b47eced41e507786c615,217,0.0007417380111292005,0.9999423027038574,0.9992582619888708,1, No,
amouyal:121:attachment,amouyal,NPZ,gp,lingering,No,,,,0,241,set_40,GP_prob,GP_question,prob,not annotated upstream,the game,,True,attachment,amouyal:121,rev,False,rev_base,09a28fb1c5a82c67f5314e11e0ea4c356e623905b39b57b543fb7234df3f6c7a,231,2.0593664885382168e-05,0.9998432993888855,0.9999794063351146,1, No,b5a288cbb579cf5227c98d6a5b33fbb456ec91cbbe694eaed61346efbf6dae12
amouyal:122,amouyal,NPZ,non_gp,simple,Yes,,,,0,244,set_40,nonGP_prob,simple_question,prob,not annotated upstream,the game,,True,event,amouyal:122,rev,False,rev_base,80ace20807dbe1459002479bcda2106ff6e35bfb050968f473fc36c263bb03c1,217,0.9964395761489868,0.9996441602706909,0.9964395761489868,1, Yes,
amouyal:122:attachment,amouyal,NPZ,non_gp,simple,Yes,,,,0,244,set_40,nonGP_prob,simple_question,prob,not annotated upstream,the game,,True,attachment,amouyal:122,rev,False,rev_base,a912959ce87e20b23d3352aea70cfab1d0858cf0d848810aa43f7f6587e94e95,228,0.11109975725412369,0.9978023171424866,0.11109975725412369,0, No,8a380af56eeb5918b1c9944d769db9d624fe59e5ff74995c7d9ffce4429791c9
amouyal:123,amouyal,NPZ,non_gp,lingering,No,,,,0,245,set_40,nonGP_prob,GP_question,prob,not annotated upstream,the game,,True,event,amouyal:123,rev,False,rev_base,a9df317f7f94841306081d9d35f2f8919ff3c1c5c2be3dc3972f94443dbc9bd2,217,0.4183257520198822,0.9996789693832397,0.5816742479801178,1, No,
amouyal:123:attachment,amouyal,NPZ,non_gp,lingering,No,,,,0,245,set_40,nonGP_prob,GP_question,prob,not annotated upstream,the game,,True,attachment,amouyal:123,rev,False,rev_base,323bc4ab7a24e231970d16b2ab327f8500f02d3e168c51cc3c80eeb2f66636d7,231,0.007902583107352257,0.999632716178894,0.9920974168926477,1, No,b5a288cbb579cf5227c98d6a5b33fbb456ec91cbbe694eaed61346efbf6dae12
amouyal:124,amouyal,NPZ,gp,simple,Yes,,,,0,248,set_41,GP_prob,simple_question,prob,not annotated upstream,the students,,True,event,amouyal:124,rev,False,rev_base,dfc84b1f99505174dfa954e9c958b2bfe18e7bf9bf98626482f2e9f370df5fac,219,0.9975464940071106,0.9998252391815186,0.9975464940071106,1, Yes,
amouyal:124:attachment,amouyal,NPZ,gp,simple,Yes,,,,0,248,set_41,GP_prob,simple_question,prob,not annotated upstream,the students,,True,attachment,amouyal:124,rev,False,rev_base,25eba594d3fca93d03cc48f037bc77182cf0682cbe1e43bc64ee7d7f1ccc4f92,229,1.507738829786831e-06,0.999744713306427,1.507738829786831e-06,0, No,87ec7b6e980ac4bcbbc8d3330f183ffb2917c239380753d53acaad240d5c2c02
amouyal:125,amouyal,NPZ,gp,lingering,No,,,,0,249,set_41,GP_prob,GP_question,prob,not annotated upstream,the students,,True,event,amouyal:125,rev,False,rev_base,9a58cb041752317fe58d601938e4987eff672b4fa665316725d52f804f2cc456,218,0.0028064618818461895,0.9997637867927551,0.9971935381181538,1, No,
amouyal:125:attachment,amouyal,NPZ,gp,lingering,No,,,,0,249,set_41,GP_prob,GP_question,prob,not annotated upstream,the students,,True,attachment,amouyal:125,rev,False,rev_base,9cc3b10fe2831c91807954ca5778e3882c15d0d101afb0fcef3106f91ac7f4e6,232,4.273345257388428e-05,0.9998135566711426,0.9999572665474261,1, No,1826aef1a6dbabe1b3f3865576043f577af2be7b8649edfba1bfa7649ee1c7b5
amouyal:126,amouyal,NPZ,non_gp,simple,Yes,,,,0,252,set_41,nonGP_prob,simple_question,prob,not annotated upstream,the students,,True,event,amouyal:126,rev,False,rev_base,eb21f49542ff60d1fdbbc455cfa86844273aa618f4798baf780e6190118fef5f,219,0.9999984502792358,0.9996645450592041,0.9999984502792358,1, Yes,
amouyal:126:attachment,amouyal,NPZ,non_gp,simple,Yes,,,,0,252,set_41,nonGP_prob,simple_question,prob,not annotated upstream,the students,,True,attachment,amouyal:126,rev,False,rev_base,d4c8ae0040cab3d9a043a99faae6ee3c79f6c7b6c7da1e3352a3c5a1b5ef29c5,229,0.9998366832733154,0.9933249354362488,0.9998366832733154,1, Yes,87ec7b6e980ac4bcbbc8d3330f183ffb2917c239380753d53acaad240d5c2c02
amouyal:127,amouyal,NPZ,non_gp,lingering,No,,,,0,253,set_41,nonGP_prob,GP_question,prob,not annotated upstream,the students,,True,event,amouyal:127,rev,False,rev_base,bfacfc8bbf221d1ed6a7e4f121d9f309155920bc5a390a397f22a687cb3a2abd,218,0.9997551441192627,0.9997484087944031,0.0002448558807373047,0, Yes,
amouyal:127:attachment,amouyal,NPZ,non_gp,lingering,No,,,,0,253,set_41,nonGP_prob,GP_question,prob,not annotated upstream,the students,,True,attachment,amouyal:127,rev,False,rev_base,0c98f160340d31b6ef3fb30c36524cc2ee994e91cab405343f14fb1d8cd2ce95,232,0.029219292104244232,0.9986761808395386,0.9707807078957558,1, No,1826aef1a6dbabe1b3f3865576043f577af2be7b8649edfba1bfa7649ee1c7b5
amouyal:128,amouyal,NPZ,gp,simple,Yes,,,,0,256,set_42,GP_prob,simple_question,prob,not annotated upstream,the melody,,True,event,amouyal:128,rev,False,rev_base,f53699cbacb16c1ab637ce4447082f35e8a9c1ca504e704ab9a84f962eb99df4,220,0.9998218417167664,0.9998903274536133,0.9998218417167664,1, Yes,
amouyal:128:attachment,amouyal,NPZ,gp,simple,Yes,,,,0,256,set_42,GP_prob,simple_question,prob,not annotated upstream,the melody,,True,attachment,amouyal:128,rev,False,rev_base,87a70bb89eac1e8929e32bce1514ec52020a20360446accc18dcc3a67d7ad805,230,1.6922373106353916e-05,0.9998852610588074,1.6922373106353916e-05,0, No,a99d1ffb2ee1f8aee77808783ef9db8d862cdb8dc69834d806afe1de61a89f8b
amouyal:129,amouyal,NPZ,gp,lingering,No,,,,0,257,set_42,GP_prob,GP_question,prob,not annotated upstream,the melody,,True,event,amouyal:129,rev,False,rev_base,8de9f74b875079652cff73afc807b61764ffc4832aff5fd3d00d2b99b1969abd,220,0.9903584718704224,0.9996899366378784,0.009641528129577637,0, Yes,
amouyal:129:attachment,amouyal,NPZ,gp,lingering,No,,,,0,257,set_42,GP_prob,GP_question,prob,not annotated upstream,the melody,,True,attachment,amouyal:129,rev,False,rev_base,93564c61898a340848c9cace1aabce94d43c45b95eedb9e0c885fc9157897fb1,233,0.011627191677689552,0.999603271484375,0.9883728083223104,1, No,6e863362a154a40c9c4ab9dbdf09f2ad0f4b550128aa89f34e6d936c5132f1c3
amouyal:130,amouyal,NPZ,non_gp,simple,Yes,,,,0,260,set_42,nonGP_prob,simple_question,prob,not annotated upstream,the melody,,True,event,amouyal:130,rev,False,rev_base,11a6cd243d9f10fb261800e5ecfe61a288b097affa5170973e29aab8819d8808,220,0.9999919533729553,0.9996617436408997,0.9999919533729553,1, Yes,
amouyal:130:attachment,amouyal,NPZ,non_gp,simple,Yes,,,,0,260,set_42,nonGP_prob,simple_question,prob,not annotated upstream,the melody,,True,attachment,amouyal:130,rev,False,rev_base,eadbac4ae53a7480e33481a74891670b8ccaa5e05dd136861809505ea14022ca,230,0.9815425872802734,0.9970566034317017,0.9815425872802734,1, Yes,a99d1ffb2ee1f8aee77808783ef9db8d862cdb8dc69834d806afe1de61a89f8b
amouyal:131,amouyal,NPZ,non_gp,lingering,No,,,,0,261,set_42,nonGP_prob,GP_question,prob,not annotated upstream,the melody,,True,event,amouyal:131,rev,False,rev_base,8848c64437dfcbdae05d1891a9a686b1599ca512b1982c0ff8948e7441544dee,220,0.9965694546699524,0.9996637105941772,0.0034305453300476074,0, Yes,
amouyal:131:attachment,amouyal,NPZ,non_gp,lingering,No,,,,0,261,set_42,nonGP_prob,GP_question,prob,not annotated upstream,the melody,,True,attachment,amouyal:131,rev,False,rev_base,6921073b4531a3ea70ee7c85526f71bde68b5bea8aa8a7454830b427f0e720cd,233,0.1258339285850525,0.9988431334495544,0.8741660714149475,1, No,6e863362a154a40c9c4ab9dbdf09f2ad0f4b550128aa89f34e6d936c5132f1c3
amouyal:132,amouyal,NPZ,gp,simple,Yes,,,,0,264,set_43,GP_prob,simple_question,prob,not annotated upstream,the bar,,True,event,amouyal:132,rev,False,rev_base,66013616a3c4dd958621bc09b65220ff585478634a8f50ecb14d6b8f2643a187,218,0.9779561161994934,0.9997276663780212,0.9779561161994934,1, Yes,
amouyal:132:attachment,amouyal,NPZ,gp,simple,Yes,,,,0,264,set_43,GP_prob,simple_question,prob,not annotated upstream,the bar,,True,attachment,amouyal:132,rev,False,rev_base,53bdb4c24784f4484607eb31274968c1a9ad82ed4c9ed9884a605ddee71df31d,229,3.085581738559995e-06,0.9999280571937561,3.085581738559995e-06,0, No,beb70cb41dce4faa587dd4e472baf56e64c6fc76b100ebac253dc418e9e46c3b
amouyal:133,amouyal,NPZ,gp,lingering,No,,,,0,265,set_43,GP_prob,GP_question,prob,not annotated upstream,the bar,,True,event,amouyal:133,rev,False,rev_base,ac47ab042a49ddf2b04ecc6a076f6a7d268920c0a4a7dcc32aae2bfc3e7d748e,218,0.0012672132579609752,0.9998577237129211,0.998732786742039,1, No,
amouyal:133:attachment,amouyal,NPZ,gp,lingering,No,,,,0,265,set_43,GP_prob,GP_question,prob,not annotated upstream,the bar,,True,attachment,amouyal:133,rev,False,rev_base,3661724193e70b9bca1cdab1be0163aae1be318fa4bfd6c747d74df24345a19e,232,0.00048103288281708956,0.9999114871025085,0.9995189671171829,1, No,ac2e58dca58019595e3155452ba1d26143c891499abbfef8aeaa36aa9c8f714a
amouyal:134,amouyal,NPZ,non_gp,simple,Yes,,,,0,268,set_43,nonGP_prob,simple_question,prob,not annotated upstream,the bar,,True,event,amouyal:134,rev,False,rev_base,d3e14c0d8750f9bd2e256b9a3e63fd0da7853388013865fb270aba313c4af0ff,218,0.9997168183326721,0.9996244311332703,0.9997168183326721,1, Yes,
amouyal:134:attachment,amouyal,NPZ,non_gp,simple,Yes,,,,0,268,set_43,nonGP_prob,simple_question,prob,not annotated upstream,the bar,,True,attachment,amouyal:134,rev,False,rev_base,c6ddde2e472d1c2464b32abc8b29131d2fab63539d72ff6b6a09323a148fd075,229,0.9087467789649963,0.9960111975669861,0.9087467789649963,1, Yes,beb70cb41dce4faa587dd4e472baf56e64c6fc76b100ebac253dc418e9e46c3b
amouyal:135,amouyal,NPZ,non_gp,lingering,No,,,,0,269,set_43,nonGP_prob,GP_question,prob,not annotated upstream,the bar,,True,event,amouyal:135,rev,False,rev_base,4cc229ed7f845db57f3c9e0bdf26ab16a3c5bfc47a93045317299dd2a47ff69a,218,0.9999408721923828,0.9997228384017944,5.91278076171875e-05,0, Yes,
amouyal:135:attachment,amouyal,NPZ,non_gp,lingering,No,,,,0,269,set_43,nonGP_prob,GP_question,prob,not annotated upstream,the bar,,True,attachment,amouyal:135,rev,False,rev_base,cd41134134079f822c607d7e452e6db1519df01ef4f8f0dc701af0447efd9254,232,0.004368252120912075,0.9998092651367188,0.9956317478790879,1, No,ac2e58dca58019595e3155452ba1d26143c891499abbfef8aeaa36aa9c8f714a
amouyal:136,amouyal,NPZ,gp,simple,Yes,,,,0,272,set_44,GP_prob,simple_question,prob,not annotated upstream,the tomatoes,,True,event,amouyal:136,rev,False,rev_base,63877b8225edceae823905c6deb4872fff9f9eea57cc1e1c229eb7eb14426d3c,221,0.0005141900037415326,0.9999321103096008,0.0005141900037415326,0, No,
amouyal:136:attachment,amouyal,NPZ,gp,simple,Yes,,,,0,272,set_44,GP_prob,simple_question,prob,not annotated upstream,the tomatoes,,True,attachment,amouyal:136,rev,False,rev_base,76876f62a034fa3f69f55c7780ff022e6c2a4007ec236e9b64b73e9be96b1390,231,1.1455820470018807e-07,0.9996185898780823,1.1455820470018807e-07,0, No,bdd85f8913be275ace992a77d350e0f6d34be80da5125c6b737d4f0c369ce3cd
amouyal:137,amouyal,NPZ,gp,lingering,No,,,,0,273,set_44,GP_prob,GP_question,prob,not annotated upstream,the tomatoes,,True,event,amouyal:137,rev,False,rev_base,887057566398743e4e3f58bab077ec389288c9fcc179fedce0a7d133f7afedde,221,2.975652705572429e-06,0.9999446272850037,0.9999970243472944,1, No,
amouyal:137:attachment,amouyal,NPZ,gp,lingering,No,,,,0,273,set_44,GP_prob,GP_question,prob,not annotated upstream,the tomatoes,,True,attachment,amouyal:137,rev,False,rev_base,22926ba25ad1b52655e360333e5bd69a934f9e394a8580dcf3b7512c632db754,234,1.301061956837657e-06,0.9996591210365295,0.9999986989380432,1, No,6443a115d275bee15929d14fa928376e39fbdf1c50c7b6d2406df8d455e6687f
amouyal:138,amouyal,NPZ,non_gp,simple,Yes,,,,0,276,set_44,nonGP_prob,simple_question,prob,not annotated upstream,the tomatoes,,True,event,amouyal:138,rev,False,rev_base,acf95200a397fdadb5b3fcafaaf7ebe1bf3b71d446155790ce5b0b08e92592ea,221,0.7607322931289673,0.9992245435714722,0.7607322931289673,1, Yes,
amouyal:138:attachment,amouyal,NPZ,non_gp,simple,Yes,,,,0,276,set_44,nonGP_prob,simple_question,prob,not annotated upstream,the tomatoes,,True,attachment,amouyal:138,rev,False,rev_base,88da010c8be9c9dfd650f1f0ed901682576415b2410fd17ed4c8a08e9798d302,231,0.06602758914232254,0.9970523118972778,0.06602758914232254,0, No,bdd85f8913be275ace992a77d350e0f6d34be80da5125c6b737d4f0c369ce3cd
amouyal:139,amouyal,NPZ,non_gp,lingering,No,,,,0,277,set_44,nonGP_prob,GP_question,prob,not annotated upstream,the tomatoes,,True,event,amouyal:139,rev,False,rev_base,0410bba0c4449d350bae91c07407b74f497638d195e1760ef5325c790832e2d0,221,0.00085080461576581,0.9999530911445618,0.9991491953842342,1, No,
amouyal:139:attachment,amouyal,NPZ,non_gp,lingering,No,,,,0,277,set_44,nonGP_prob,GP_question,prob,not annotated upstream,the tomatoes,,True,attachment,amouyal:139,rev,False,rev_base,45db1ff66fc6c7c5c3d5cbf4f1c8eb9c174c92d6794dffa6a764378b8866e2f5,234,0.005877240560948849,0.9992194771766663,0.9941227594390512,1, No,6443a115d275bee15929d14fa928376e39fbdf1c50c7b6d2406df8d455e6687f
amouyal:140,amouyal,NPZ,gp,simple,Yes,,,,0,280,set_45,GP_prob,simple_question,prob,not annotated upstream,the cart,,True,event,amouyal:140,rev,False,rev_base,f28630cfe5ee703dae22afe8e6dbf602d2ea2f48b61330df7d23af5ff9cf4e04,215,0.0466076098382473,0.9993677139282227,0.0466076098382473,0, No,
amouyal:140:attachment,amouyal,NPZ,gp,simple,Yes,,,,0,280,set_45,GP_prob,simple_question,prob,not annotated upstream,the cart,,True,attachment,amouyal:140,rev,False,rev_base,e1676215f6624b735cca94702d0d6da0d9ec0245f3fd314ae8d31bd71afb3529,227,1.2393396673360257e-06,0.999826967716217,1.2393396673360257e-06,0, No,14ae2c4358dfa085dcd1365b00345d3ab72ecf1d12a98048e90fc006d3259441
amouyal:141,amouyal,NPZ,gp,lingering,No,,,,0,281,set_45,GP_prob,GP_question,prob,not annotated upstream,the cart,,True,event,amouyal:141,rev,False,rev_base,41b4bf83256817f75dcfa1557d7bda9c718396c7e325d3aebb6950d75c9db70e,216,0.0932559072971344,0.9997634887695312,0.9067440927028656,1, No,
amouyal:141:attachment,amouyal,NPZ,gp,lingering,No,,,,0,281,set_45,GP_prob,GP_question,prob,not annotated upstream,the cart,,True,attachment,amouyal:141,rev,False,rev_base,9cd56a07ed65909c819eaa30f4f384742abd428010b59d955e1de3a651694b4b,230,2.3358275939244777e-05,0.9998690485954285,0.9999766417240608,1, No,3ef76ca49cbe90d15463e82a1ce39815492c26650450845581aeb985bc5e3db2
amouyal:142,amouyal,NPZ,non_gp,simple,Yes,,,,0,284,set_45,nonGP_prob,simple_question,prob,not annotated upstream,the cart,,True,event,amouyal:142,rev,False,rev_base,f6d95cd6325e6908c0ee37a5a9f28e215177b29ae45d02e27711d0b80e228ea8,215,0.9994669556617737,0.9994847178459167,0.9994669556617737,1, Yes,
amouyal:142:attachment,amouyal,NPZ,non_gp,simple,Yes,,,,0,284,set_45,nonGP_prob,simple_question,prob,not annotated upstream,the cart,,True,attachment,amouyal:142,rev,False,rev_base,c30cc3ee6e6c1823ceaee9d66fa7b03bf3ff5c068894c5271f55235459c7d68c,227,0.9726888537406921,0.9934277534484863,0.9726888537406921,1, Yes,14ae2c4358dfa085dcd1365b00345d3ab72ecf1d12a98048e90fc006d3259441
amouyal:143,amouyal,NPZ,non_gp,lingering,No,,,,0,285,set_45,nonGP_prob,GP_question,prob,not annotated upstream,the cart,,True,event,amouyal:143,rev,False,rev_base,fa68e2ca741b0f4fdb08b4d290c623b345c2923785cff7cd76ac98241ee3e750,216,0.9992881417274475,0.9997479915618896,0.0007118582725524902,0, Yes,
amouyal:143:attachment,amouyal,NPZ,non_gp,lingering,No,,,,0,285,set_45,nonGP_prob,GP_question,prob,not annotated upstream,the cart,,True,attachment,amouyal:143,rev,False,rev_base,a879a3eb63d7f7e656093462c250a1db8f08a6164ecd580d1701907ce9c16278,230,0.042441412806510925,0.9991437196731567,0.9575585871934891,1, No,3ef76ca49cbe90d15463e82a1ce39815492c26650450845581aeb985bc5e3db2
amouyal:192,amouyal,NPZ,gp,simple,Yes,,,,0,336,set_hyp5_1,GP_reflexive,simple_question,reflexive,not annotated upstream,the child,,True,event,amouyal:192,rev,False,rev_base,8ec508081791ff6c5ca8f6b680fd754c68dc94d1e82bc1a358476bd9652dfabb,219,0.8275724053382874,0.9994938373565674,0.8275724053382874,1, Yes,
amouyal:192:attachment,amouyal,NPZ,gp,simple,Yes,,,,0,336,set_hyp5_1,GP_reflexive,simple_question,reflexive,not annotated upstream,the child,,True,attachment,amouyal:192,rev,False,rev_base,188459ed40a2a30c1285ee5a70d60e84665e265c2267ca596ed20c53d051a55f,229,0.0003407742187846452,0.9996345639228821,0.0003407742187846452,0, No,9d461520b0e6e5235378c995590a8a735e34c9a35b844a2b80f57ad9af0aebcd
amouyal:193,amouyal,NPZ,gp,lingering,No,,,,0,337,set_hyp5_1,GP_reflexive,GP_question,reflexive,not annotated upstream,the child,,True,event,amouyal:193,rev,False,rev_base,122022e91b3f3adbca2b2e2faa928752cf7c4bc63f7549daa88d98ab774653e2,218,0.002390642650425434,0.9999076128005981,0.9976093573495746,1, No,
amouyal:193:attachment,amouyal,NPZ,gp,lingering,No,,,,0,337,set_hyp5_1,GP_reflexive,GP_question,reflexive,not annotated upstream,the child,,True,attachment,amouyal:193,rev,False,rev_base,ddfe23fda59bca9219cf5fcefdf13fac0b9838bb667d09befbedd4427fd59934,232,0.007996263913810253,0.9996801018714905,0.9920037360861897,1, No,a1937d8ce2d8e86c561f9d1da583ef2960db1a63a0926a297d8d302f5d1d5c0c
amouyal:144,amouyal,NPZ,non_gp,simple,Yes,,,,0,288,set_hyp5_1,nonGP_reflexive,simple_question,reflexive,not annotated upstream,the child,,True,event,amouyal:144,rev,False,rev_base,1dc779bc4711a3ac1aa4fb9d9da7a78e5f218fd0507b8f6feafed16a4676e1fc,219,0.9987049698829651,0.9993711113929749,0.9987049698829651,1, Yes,
amouyal:144:attachment,amouyal,NPZ,non_gp,simple,Yes,,,,0,288,set_hyp5_1,nonGP_reflexive,simple_question,reflexive,not annotated upstream,the child,,True,attachment,amouyal:144,rev,False,rev_base,dc4266f1d42d9df030deebbd084cd90ab1a43a180cb9663e7cf5d77d9f4053fe,229,0.01724819652736187,0.9991352558135986,0.01724819652736187,0, No,9d461520b0e6e5235378c995590a8a735e34c9a35b844a2b80f57ad9af0aebcd
amouyal:145,amouyal,NPZ,non_gp,lingering,No,,,,0,289,set_hyp5_1,nonGP_reflexive,GP_question,reflexive,not annotated upstream,the child,,True,event,amouyal:145,rev,False,rev_base,93217af2631105c0d17718850e8a55f464688528b0eb89e2bf94a7ffac33312d,218,0.9996444582939148,0.9996713995933533,0.0003555417060852051,0, Yes,
amouyal:145:attachment,amouyal,NPZ,non_gp,lingering,No,,,,0,289,set_hyp5_1,nonGP_reflexive,GP_question,reflexive,not annotated upstream,the child,,True,attachment,amouyal:145,rev,False,rev_base,a051127003ca3473c18a6b465470e54873f696f8cecbd8e92e5c7a511d927a46,232,0.00010606875730445608,0.9998635053634644,0.9998939312426955,1, No,a1937d8ce2d8e86c561f9d1da583ef2960db1a63a0926a297d8d302f5d1d5c0c
amouyal:194,amouyal,NPZ,gp,simple,Yes,,,,0,338,set_hyp5_2,GP_reflexive,simple_question,reflexive,not annotated upstream,the baboons,,True,event,amouyal:194,rev,False,rev_base,98e404ebae8ae05c2ade5711cecc01da4c5920d68cf3b3cfcdd216bf5e575754,223,0.9943299889564514,0.9998542666435242,0.9943299889564514,1, Yes,
amouyal:194:attachment,amouyal,NPZ,gp,simple,Yes,,,,0,338,set_hyp5_2,GP_reflexive,simple_question,reflexive,not annotated upstream,the baboons,,True,attachment,amouyal:194,rev,False,rev_base,b545e8ba552ce102939d62cf0ef6d7a93167dd65f14932980d63bc4224d41912,233,9.173926810035482e-05,0.9998547434806824,9.173926810035482e-05,0, No,703e3255dc15e54e7cedee7271212b3569b6facc624545f10974dfc6eacb9967
amouyal:195,amouyal,NPZ,gp,lingering,No,,,,0,339,set_hyp5_2,GP_reflexive,GP_question,reflexive,not annotated upstream,the baboons,,True,event,amouyal:195,rev,False,rev_base,58206636cb7074a262b7c888aa0d5d6f7bcefd44081da8c8d1d5bb2f74e10926,223,2.643589596118545e-07,0.9999921917915344,0.9999997356410404,1, No,
amouyal:195:attachment,amouyal,NPZ,gp,lingering,No,,,,0,339,set_hyp5_2,GP_reflexive,GP_question,reflexive,not annotated upstream,the baboons,,True,attachment,amouyal:195,rev,False,rev_base,83bcf2d4b6a4cc8991688a260224be3ebccab301356370a1c3125af49d7d4d25,236,0.0008892721962183714,0.9996296763420105,0.9991107278037816,1, No,90d7e33449e752713a4b5ff0ffaf9e3a10bb78d1498a9398895344986ca7a998
amouyal:146,amouyal,NPZ,non_gp,simple,Yes,,,,0,290,set_hyp5_2,nonGP_reflexive,simple_question,reflexive,not annotated upstream,the baboons,,True,event,amouyal:146,rev,False,rev_base,84a4d8acc4d8b7e172fdeb75d2faeca373d32e7d4b15eb406c4cb39f7441eed8,223,0.9999356269836426,0.9997501373291016,0.9999356269836426,1, Yes,
amouyal:146:attachment,amouyal,NPZ,non_gp,simple,Yes,,,,0,290,set_hyp5_2,nonGP_reflexive,simple_question,reflexive,not annotated upstream,the baboons,,True,attachment,amouyal:146,rev,False,rev_base,5e8728ca20dfa52128e74ef86cc728e41744574dc7a0fc66768d54bb1af1320f,233,0.9938042759895325,0.9960635304450989,0.9938042759895325,1, Yes,703e3255dc15e54e7cedee7271212b3569b6facc624545f10974dfc6eacb9967
amouyal:147,amouyal,NPZ,non_gp,lingering,No,,,,0,291,set_hyp5_2,nonGP_reflexive,GP_question,reflexive,not annotated upstream,the baboons,,True,event,amouyal:147,rev,False,rev_base,88f3cf8f1fc0c51e97cec552c2edd17b9ae9786b139428c2b980803134184383,223,5.064447750058321e-10,0.9999932646751404,0.9999999994935552,1, No,
amouyal:147:attachment,amouyal,NPZ,non_gp,lingering,No,,,,0,291,set_hyp5_2,nonGP_reflexive,GP_question,reflexive,not annotated upstream,the baboons,,True,attachment,amouyal:147,rev,False,rev_base,40c878496bab16d9a29242e55ed5399e8499f19eacad2df17794fb0044a90c04,236,0.01608295924961567,0.9988211989402771,0.9839170407503843,1, No,90d7e33449e752713a4b5ff0ffaf9e3a10bb78d1498a9398895344986ca7a998
amouyal:196,amouyal,NPZ,gp,simple,Yes,,,,0,340,set_hyp5_3,GP_reflexive,simple_question,reflexive,not annotated upstream,the car,,True,event,amouyal:196,rev,False,rev_base,1a29f40fd98e1cd68b9005860edb001d4c3bbfd4ec7e167a8970c171ecc4d8ff,219,0.35945698618888855,0.9993396997451782,0.35945698618888855,0, No,
amouyal:196:attachment,amouyal,NPZ,gp,simple,Yes,,,,0,340,set_hyp5_3,GP_reflexive,simple_question,reflexive,not annotated upstream,the car,,True,attachment,amouyal:196,rev,False,rev_base,c8d4def9adf571079de12ff71a0a4f01e85e44cf42ae5e1c47d7ffa34be50591,229,5.85170437261695e-06,0.9998641014099121,5.85170437261695e-06,0, No,0bc3634d0abe369ea7f8f0e83498be9d519fddcf3ef37468e561e3f43e49a094
amouyal:197,amouyal,NPZ,gp,lingering,No,,,,0,341,set_hyp5_3,GP_reflexive,GP_question,reflexive,not annotated upstream,the car,,True,event,amouyal:197,rev,False,rev_base,4ed30b29fc04a433f40b09dcc75fa44cd4553fb7025b8d992cf04de707d9224e,218,0.04065433517098427,0.9998071789741516,0.9593456648290157,1, No,
amouyal:197:attachment,amouyal,NPZ,gp,lingering,No,,,,0,341,set_hyp5_3,GP_reflexive,GP_question,reflexive,not annotated upstream,the car,,True,attachment,amouyal:197,rev,False,rev_base,d2608114db6048e871c1084b61efed7b6aa9a2fc91b02a094a43e487f91b175b,232,0.00028565613320097327,0.9998593330383301,0.999714343866799,1, No,d93f30491c8cdce435202a3acc3d9e580f78bb9ea529922e3949dfd8c1601465
amouyal:148,amouyal,NPZ,non_gp,simple,Yes,,,,0,292,set_hyp5_3,nonGP_reflexive,simple_question,reflexive,not annotated upstream,the car,,True,event,amouyal:148,rev,False,rev_base,11fefb3fe198a867f9a7b302f9c2f543ac2d8713b3fb287abde346978694c083,219,0.9999810457229614,0.999725341796875,0.9999810457229614,1, Yes,
amouyal:148:attachment,amouyal,NPZ,non_gp,simple,Yes,,,,0,292,set_hyp5_3,nonGP_reflexive,simple_question,reflexive,not annotated upstream,the car,,True,attachment,amouyal:148,rev,False,rev_base,ac8132d76397a5eb2a33f7b7668a5a719b104da7a90d8cc81351fafc253a8c6c,229,0.9846771359443665,0.9957934021949768,0.9846771359443665,1, Yes,0bc3634d0abe369ea7f8f0e83498be9d519fddcf3ef37468e561e3f43e49a094
amouyal:149,amouyal,NPZ,non_gp,lingering,No,,,,0,293,set_hyp5_3,nonGP_reflexive,GP_question,reflexive,not annotated upstream,the car,,True,event,amouyal:149,rev,False,rev_base,0ce26e8bbc150212beaa3a99d42aae7971f86e7845650025f7672fd04b25b301,218,4.169048770563677e-05,0.9999766945838928,0.9999583095122944,1, No,
amouyal:149:attachment,amouyal,NPZ,non_gp,lingering,No,,,,0,293,set_hyp5_3,nonGP_reflexive,GP_question,reflexive,not annotated upstream,the car,,True,attachment,amouyal:149,rev,False,rev_base,24f901f08e4365790764a273bf735a07b1cad7dcfb1b01fd534ea598dab15c59,232,0.025112833827733994,0.9994880557060242,0.974887166172266,1, No,d93f30491c8cdce435202a3acc3d9e580f78bb9ea529922e3949dfd8c1601465
amouyal:198,amouyal,NPZ,gp,simple,Yes,,,,0,342,set_hyp5_4,GP_reflexive,simple_question,reflexive,not annotated upstream,the neighbor,,True,event,amouyal:198,rev,False,rev_base,ca1cb76e2484a2c087b1c0142fe1511a2c95958c7be8a312f21d195e45165720,216,0.43609094619750977,0.9996806383132935,0.43609094619750977,0, No,
amouyal:198:attachment,amouyal,NPZ,gp,simple,Yes,,,,0,342,set_hyp5_4,GP_reflexive,simple_question,reflexive,not annotated upstream,the neighbor,,True,attachment,amouyal:198,rev,False,rev_base,eb25928a4032fccd41fc5d1f9facc1d45ba7dc2dd0bc3ef0ff30c20af60bab4d,228,1.701923793007154e-05,0.999820351600647,1.701923793007154e-05,0, No,2faf3dbb4ac761964cd2dc192e720abae9d420aab75396d412cf93786d613740
amouyal:199,amouyal,NPZ,gp,lingering,No,,,,0,343,set_hyp5_4,GP_reflexive,GP_question,reflexive,not annotated upstream,the neighbor,,True,event,amouyal:199,rev,False,rev_base,60d89beb6bd03877a2b9579b08013cb9c3c3033778dd156ab3003558af4f9053,217,0.01611138880252838,0.9998999238014221,0.9838886111974716,1, No,
amouyal:199:attachment,amouyal,NPZ,gp,lingering,No,,,,0,343,set_hyp5_4,GP_reflexive,GP_question,reflexive,not annotated upstream,the neighbor,,True,attachment,amouyal:199,rev,False,rev_base,364454b083797905bf1c887c1b5ced136e0ea022333cf52c8a964c161788b60d,231,0.0013772364472970366,0.9998323917388916,0.998622763552703,1, No,f0c318e970aaef1c89ca64cea26bc914c2572d323fa91e4a3fc89bdf94f8a697
amouyal:150,amouyal,NPZ,non_gp,simple,Yes,,,,0,294,set_hyp5_4,nonGP_reflexive,simple_question,reflexive,not annotated upstream,the neighbor,,True,event,amouyal:150,rev,False,rev_base,5629963e7549221d62f44809f225efa4ba9830cac8b8af26cb3369b70ec689ea,216,0.9985829591751099,0.9996349811553955,0.9985829591751099,1, Yes,
amouyal:150:attachment,amouyal,NPZ,non_gp,simple,Yes,,,,0,294,set_hyp5_4,nonGP_reflexive,simple_question,reflexive,not annotated upstream,the neighbor,,True,attachment,amouyal:150,rev,False,rev_base,c23e9073b585ea0aa19abc6a11eeee1b10f56c884d9d80abb0161d28623823d8,228,0.0006462180754169822,0.9995395541191101,0.0006462180754169822,0, No,2faf3dbb4ac761964cd2dc192e720abae9d420aab75396d412cf93786d613740
amouyal:151,amouyal,NPZ,non_gp,lingering,No,,,,0,295,set_hyp5_4,nonGP_reflexive,GP_question,reflexive,not annotated upstream,the neighbor,,True,event,amouyal:151,rev,False,rev_base,7301ef7ddddf36db6050da02da058b08e5efd194315df5f191a67a4132923b8f,217,0.21004140377044678,0.999565064907074,0.7899585962295532,1, No,
amouyal:151:attachment,amouyal,NPZ,non_gp,lingering,No,,,,0,295,set_hyp5_4,nonGP_reflexive,GP_question,reflexive,not annotated upstream,the neighbor,,True,attachment,amouyal:151,rev,False,rev_base,62f6f7fb5de00e77201b907a6bfd751a084dffbaca39c88e67886fcc05e48439,231,2.7341473469277844e-05,0.99986732006073,0.9999726585265307,1, No,f0c318e970aaef1c89ca64cea26bc914c2572d323fa91e4a3fc89bdf94f8a697
amouyal:200,amouyal,NPZ,gp,simple,Yes,,,,0,344,set_hyp5_5,GP_reflexive,simple_question,reflexive,not annotated upstream,the jewelry,,True,event,amouyal:200,rev,False,rev_base,07e52cc5e8ae206361130ad8d0eea12447cd02b4a501848b4ceb5e08a5ebba75,216,0.9051176309585571,0.9996916651725769,0.9051176309585571,1, Yes,
amouyal:200:attachment,amouyal,NPZ,gp,simple,Yes,,,,0,344,set_hyp5_5,GP_reflexive,simple_question,reflexive,not annotated upstream,the jewelry,,True,attachment,amouyal:200,rev,False,rev_base,91262392f16fb0cb4c19f5a623120f7fa63388fa7c2ef945e9624070ba62b87a,228,4.766411336731835e-07,0.999804675579071,4.766411336731835e-07,0, No,312025083e6166c97e6601ac6077597b3ca26d71c67c99f54425893605d01f45
amouyal:201,amouyal,NPZ,gp,lingering,No,,,,0,345,set_hyp5_5,GP_reflexive,GP_question,reflexive,not annotated upstream,the jewelry,,True,event,amouyal:201,rev,False,rev_base,94bf629f8e832988b74ab2787c4d554db20d8e263c958a3a7de9e30d0e6ae3cd,217,0.0016380384331569076,0.9999249577522278,0.9983619615668431,1, No,
amouyal:201:attachment,amouyal,NPZ,gp,lingering,No,,,,0,345,set_hyp5_5,GP_reflexive,GP_question,reflexive,not annotated upstream,the jewelry,,True,attachment,amouyal:201,rev,False,rev_base,ef2041620f04c199ead53dce2e9e72f3454f87b747bc7a360744c1ca81068037,231,0.00024433471844531596,0.9998596906661987,0.9997556652815547,1, No,93e2213b07cf031ab19742f25b623d273853a384890d057d107f04b0c974ee76
amouyal:152,amouyal,NPZ,non_gp,simple,Yes,,,,0,296,set_hyp5_5,nonGP_reflexive,simple_question,reflexive,not annotated upstream,the jewelry,,True,event,amouyal:152,rev,False,rev_base,9f32ff86b2a75c4dc3f5c1c164bec1b7cf7273cdd18271b4316cac476ccde949,216,0.9999953508377075,0.999751091003418,0.9999953508377075,1, Yes,
amouyal:152:attachment,amouyal,NPZ,non_gp,simple,Yes,,,,0,296,set_hyp5_5,nonGP_reflexive,simple_question,reflexive,not annotated upstream,the jewelry,,True,attachment,amouyal:152,rev,False,rev_base,e4df44c9e0eafc61fb3a122d2c70da1b3af458a26bf08923b6ca0a8d1807d1da,228,0.7927253842353821,0.9930887222290039,0.7927253842353821,1, Yes,312025083e6166c97e6601ac6077597b3ca26d71c67c99f54425893605d01f45
amouyal:153,amouyal,NPZ,non_gp,lingering,No,,,,0,297,set_hyp5_5,nonGP_reflexive,GP_question,reflexive,not annotated upstream,the jewelry,,True,event,amouyal:153,rev,False,rev_base,9ab20114693f282720f71e6bd0ca79a7d67c48fce6659d18cbeaa71456f45beb,217,0.5407642722129822,0.9996209144592285,0.4592357277870178,0, Yes,
amouyal:153:attachment,amouyal,NPZ,non_gp,lingering,No,,,,0,297,set_hyp5_5,nonGP_reflexive,GP_question,reflexive,not annotated upstream,the jewelry,,True,attachment,amouyal:153,rev,False,rev_base,4455329a7b1bc495b9454e165c42d43b93c009cf92045a64c8afb3a7a32b5b27,231,0.08757571876049042,0.9991635084152222,0.9124242812395096,1, No,93e2213b07cf031ab19742f25b623d273853a384890d057d107f04b0c974ee76
amouyal:202,amouyal,NPZ,gp,simple,Yes,,,,0,346,set_hyp5_6,GP_reflexive,simple_question,reflexive,not annotated upstream,the baby,,True,event,amouyal:202,rev,False,rev_base,a766e8e0e835e59a8998940f1a3ef931ad14451f53d7feaeaeb9436f2b5c48f3,220,0.9949490427970886,0.9994810223579407,0.9949490427970886,1, Yes,
amouyal:202:attachment,amouyal,NPZ,gp,simple,Yes,,,,0,346,set_hyp5_6,GP_reflexive,simple_question,reflexive,not annotated upstream,the baby,,True,attachment,amouyal:202,rev,False,rev_base,4c5a4ae47a5e3ca863ab8c80237f1acdac5e1af0968fd37e334e4333c36a48ba,229,3.0232336939661764e-05,0.9996405243873596,3.0232336939661764e-05,0, No,1a94d18c384c103f827805dbcae6b58f38660ca932988b00417a63a8fb833ad3
amouyal:203,amouyal,NPZ,gp,lingering,No,,,,0,347,set_hyp5_6,GP_reflexive,GP_question,reflexive,not annotated upstream,the baby,,True,event,amouyal:203,rev,False,rev_base,3a8098b98b17080a2123be1bdee4323429bda77e1a01978dcf632c627835f9a7,217,0.9903932809829712,0.9992687106132507,0.009606719017028809,0, Yes,
amouyal:203:attachment,amouyal,NPZ,gp,lingering,No,,,,0,347,set_hyp5_6,GP_reflexive,GP_question,reflexive,not annotated upstream,the baby,,True,attachment,amouyal:203,rev,False,rev_base,9484823cb6d78d7ad279285abe1a8cb36df31729ccee98b308c3e9b41d7f5f2d,232,0.0016667935997247696,0.9996626973152161,0.9983332064002752,1, No,8d6284ae12ba71491537de771ef739468ba76bd72040675b00c3cc694048b3d4
amouyal:154,amouyal,NPZ,non_gp,simple,Yes,,,,0,298,set_hyp5_6,nonGP_reflexive,simple_question,reflexive,not annotated upstream,the baby,,True,event,amouyal:154,rev,False,rev_base,d3f6feca493b40952f2a9ad85cd2dd8a522b115d1b2608f1e2ca9b7a4a560b86,220,0.9998724460601807,0.9997414350509644,0.9998724460601807,1, Yes,
amouyal:154:attachment,amouyal,NPZ,non_gp,simple,Yes,,,,0,298,set_hyp5_6,nonGP_reflexive,simple_question,reflexive,not annotated upstream,the baby,,True,attachment,amouyal:154,rev,False,rev_base,f859bd144f0aab64df50f76f00d55aa108606d0ba2e7db64f0eae47bb161ce0f,229,0.9924697279930115,0.9944620728492737,0.9924697279930115,1, Yes,1a94d18c384c103f827805dbcae6b58f38660ca932988b00417a63a8fb833ad3
amouyal:155,amouyal,NPZ,non_gp,lingering,No,,,,0,299,set_hyp5_6,nonGP_reflexive,GP_question,reflexive,not annotated upstream,the baby,,True,event,amouyal:155,rev,False,rev_base,0499aa98aa9f90058fe344086f90c5f0dc3dcbf94390d32199f103dc3fe9b716,217,0.0024566238280385733,0.9998491406440735,0.9975433761719614,1, No,
amouyal:155:attachment,amouyal,NPZ,non_gp,lingering,No,,,,0,299,set_hyp5_6,nonGP_reflexive,GP_question,reflexive,not annotated upstream,the baby,,True,attachment,amouyal:155,rev,False,rev_base,3275b9fe569a698509f460c9cb551bcf30fe6ea60ee1326ab0b674ae1aa5edea,232,0.023388883098959923,0.998907744884491,0.9766111169010401,1, No,8d6284ae12ba71491537de771ef739468ba76bd72040675b00c3cc694048b3d4
amouyal:204,amouyal,NPZ,gp,simple,Yes,,,,0,348,set_hyp5_7,GP_reflexive,simple_question,reflexive,not annotated upstream,the dog,,True,event,amouyal:204,rev,False,rev_base,553cbb81245ced8e26b9678598902347d81017b7e22b58232c5ac57308011389,216,0.6165649890899658,0.9991986155509949,0.6165649890899658,1, Yes,
amouyal:204:attachment,amouyal,NPZ,gp,simple,Yes,,,,0,348,set_hyp5_7,GP_reflexive,simple_question,reflexive,not annotated upstream,the dog,,True,attachment,amouyal:204,rev,False,rev_base,eadad305b4b9ca435f210ac8b50c52ef588e9313e4455ba1b3d2e5201fe58c4b,228,8.730154945624236e-07,0.9998767375946045,8.730154945624236e-07,0, No,569c848c9106db4be58942a3f7449615861d703b63c040ecd54b180f9f6dced7
amouyal:205,amouyal,NPZ,gp,lingering,No,,,,0,349,set_hyp5_7,GP_reflexive,GP_question,reflexive,not annotated upstream,the dog,,True,event,amouyal:205,rev,False,rev_base,4ad140d53938eb52e385cac4aeb978e8e5e54094a499de53739c553813fcf7f7,217,0.013522309251129627,0.9998965859413147,0.9864776907488704,1, No,
amouyal:205:attachment,amouyal,NPZ,gp,lingering,No,,,,0,349,set_hyp5_7,GP_reflexive,GP_question,reflexive,not annotated upstream,the dog,,True,attachment,amouyal:205,rev,False,rev_base,56d457eb7a482cfc18e9ededb50ed3d050f35c87744f1fd0965ead97a759dbae,231,1.1903261111001484e-05,0.9998985528945923,0.999988096738889,1, No,c7c0720618c619f1c5a4312bf7a8ba621df2a4379443d1dd2c7a5604cd4f0dc4
amouyal:156,amouyal,NPZ,non_gp,simple,Yes,,,,0,300,set_hyp5_7,nonGP_reflexive,simple_question,reflexive,not annotated upstream,the dog,,True,event,amouyal:156,rev,False,rev_base,40feedcb3763c4f0a66d3c856b94f66a7e30a6f20ae1bd76a64c0425fdaaa134,216,0.9999154806137085,0.9997440576553345,0.9999154806137085,1, Yes,
amouyal:156:attachment,amouyal,NPZ,non_gp,simple,Yes,,,,0,300,set_hyp5_7,nonGP_reflexive,simple_question,reflexive,not annotated upstream,the dog,,True,attachment,amouyal:156,rev,False,rev_base,9b202ac038a81d7eee22337172845cf9cf9f334786dd5666225fcdf926bd4c9d,228,0.9996985197067261,0.9965240359306335,0.9996985197067261,1, Yes,569c848c9106db4be58942a3f7449615861d703b63c040ecd54b180f9f6dced7
amouyal:157,amouyal,NPZ,non_gp,lingering,No,,,,0,301,set_hyp5_7,nonGP_reflexive,GP_question,reflexive,not annotated upstream,the dog,,True,event,amouyal:157,rev,False,rev_base,2aefadbbf0bc5533992179c73a4184b42c793b088aa8ed286cd48bf630672c5d,217,0.0013749602949246764,0.9998926520347595,0.9986250397050753,1, No,
amouyal:157:attachment,amouyal,NPZ,non_gp,lingering,No,,,,0,301,set_hyp5_7,nonGP_reflexive,GP_question,reflexive,not annotated upstream,the dog,,True,attachment,amouyal:157,rev,False,rev_base,b3b083c52d709eb083cdad7d3f5462e8bd1d0ce5327a83b860bab8a07c2be10e,231,0.009966262616217136,0.9994422793388367,0.9900337373837829,1, No,c7c0720618c619f1c5a4312bf7a8ba621df2a4379443d1dd2c7a5604cd4f0dc4
amouyal:206,amouyal,NPZ,gp,simple,Yes,,,,0,350,set_hyp5_8,GP_reflexive,simple_question,reflexive,not annotated upstream,the horse,,True,event,amouyal:206,rev,False,rev_base,be8ddc2d70649025fe79a60411a927b5b7517030990032104194259b3a1b9ec4,221,0.9986342191696167,0.9998034238815308,0.9986342191696167,1, Yes,
amouyal:206:attachment,amouyal,NPZ,gp,simple,Yes,,,,0,350,set_hyp5_8,GP_reflexive,simple_question,reflexive,not annotated upstream,the horse,,True,attachment,amouyal:206,rev,False,rev_base,d04bc7e7e646f8ba1069baf658a62543047482718f62338a558d66b18b6b0261,231,0.0037291282787919044,0.9994721412658691,0.0037291282787919044,0, No,8c6af6d5f483fb559cc3d89a17cebf5ce9f0cef453ff7f4961aec5a45f44afcc
amouyal:207,amouyal,NPZ,gp,lingering,No,,,,0,351,set_hyp5_8,GP_reflexive,GP_question,reflexive,not annotated upstream,the horse,,True,event,amouyal:207,rev,False,rev_base,bafef51725087a314d5e9653183cb703476aede64058fb69b373f08384848319,222,0.0010194197529926896,0.9999362826347351,0.9989805802470073,1, No,
amouyal:207:attachment,amouyal,NPZ,gp,lingering,No,,,,0,351,set_hyp5_8,GP_reflexive,GP_question,reflexive,not annotated upstream,the horse,,True,attachment,amouyal:207,rev,False,rev_base,3606ee5a01427e921ae68934748b30b9b5c6149142ab56320241fda28ebcd66a,234,0.005488624796271324,0.9997316002845764,0.9945113752037287,1, No,9a755ac496f13ae5f2c388965641bf2dfa1cd2c83cc4f318324219cedf67eb8f
amouyal:158,amouyal,NPZ,non_gp,simple,Yes,,,,0,302,set_hyp5_8,nonGP_reflexive,simple_question,reflexive,not annotated upstream,the horse,,True,event,amouyal:158,rev,False,rev_base,054bfba390c832472e9578ea794e50fdd0d0f6754c90da71e4c17773ce4cf819,221,0.9997426271438599,0.9996277689933777,0.9997426271438599,1, Yes,
amouyal:158:attachment,amouyal,NPZ,non_gp,simple,Yes,,,,0,302,set_hyp5_8,nonGP_reflexive,simple_question,reflexive,not annotated upstream,the horse,,True,attachment,amouyal:158,rev,False,rev_base,ef13bef4ee9cbf58a0d83945a6c8ca65065d62a1b900cfcef2cf2400773d160b,231,0.9991676807403564,0.9973677396774292,0.9991676807403564,1, Yes,8c6af6d5f483fb559cc3d89a17cebf5ce9f0cef453ff7f4961aec5a45f44afcc
amouyal:159,amouyal,NPZ,non_gp,lingering,No,,,,0,303,set_hyp5_8,nonGP_reflexive,GP_question,reflexive,not annotated upstream,the horse,,True,event,amouyal:159,rev,False,rev_base,fdd0cb2bcf74e4303486588128c29fdf9a6f94ed9ba7ac1e49a5cfe2e29fe967,222,0.00013819198647979647,0.9999741911888123,0.9998618080135202,1, No,
amouyal:159:attachment,amouyal,NPZ,non_gp,lingering,No,,,,0,303,set_hyp5_8,nonGP_reflexive,GP_question,reflexive,not annotated upstream,the horse,,True,attachment,amouyal:159,rev,False,rev_base,2bdf8bbc2706398cfab90487ac7675a801af29e944b531d7c2ac443a8f7faa2b,234,0.03541999310255051,0.9992484450340271,0.9645800068974495,1, No,9a755ac496f13ae5f2c388965641bf2dfa1cd2c83cc4f318324219cedf67eb8f
amouyal:208,amouyal,NPZ,gp,simple,Yes,,,,0,352,set_hyp5_9,GP_reflexive,simple_question,reflexive,not annotated upstream,the baby,,True,event,amouyal:208,rev,False,rev_base,32ef83e07f6111e837a74e23e3b3e30fc4ae1c107a16716da6e8cc1e6f3d3ad8,216,0.9962311387062073,0.9997159242630005,0.9962311387062073,1, Yes,
amouyal:208:attachment,amouyal,NPZ,gp,simple,Yes,,,,0,352,set_hyp5_9,GP_reflexive,simple_question,reflexive,not annotated upstream,the baby,,True,attachment,amouyal:208,rev,False,rev_base,4090590697b1451dff15f348ddc52970d2e509f435c3ab275ca1d49f6bee03ba,228,0.0015779162058606744,0.9995170831680298,0.0015779162058606744,0, No,1a94d18c384c103f827805dbcae6b58f38660ca932988b00417a63a8fb833ad3
amouyal:209,amouyal,NPZ,gp,lingering,No,,,,0,353,set_hyp5_9,GP_reflexive,GP_question,reflexive,not annotated upstream,the baby,,True,event,amouyal:209,rev,False,rev_base,7bd11190e8a36ff39f4b93b4d5c119311fd92e9b9668526527936e75affd7273,218,0.9934458136558533,0.9996434450149536,0.0065541863441467285,0, Yes,
amouyal:209:attachment,amouyal,NPZ,gp,lingering,No,,,,0,353,set_hyp5_9,GP_reflexive,GP_question,reflexive,not annotated upstream,the baby,,True,attachment,amouyal:209,rev,False,rev_base,603d1617e6449799b462bd28bffcfe10caf4bbfb18971daaf240af1d4fa70eb3,231,0.00854548905044794,0.9996902942657471,0.9914545109495521,1, No,8d6284ae12ba71491537de771ef739468ba76bd72040675b00c3cc694048b3d4
amouyal:160,amouyal,NPZ,non_gp,simple,Yes,,,,0,304,set_hyp5_9,nonGP_reflexive,simple_question,reflexive,not annotated upstream,the baby,,True,event,amouyal:160,rev,False,rev_base,16e493a3cd0dc5063fe36a4e86c2909b03df7b577289161c2f4a1ff7978600c1,216,0.9997968673706055,0.9997304081916809,0.9997968673706055,1, Yes,
amouyal:160:attachment,amouyal,NPZ,non_gp,simple,Yes,,,,0,304,set_hyp5_9,nonGP_reflexive,simple_question,reflexive,not annotated upstream,the baby,,True,attachment,amouyal:160,rev,False,rev_base,6d73aa2f341801f51b95eba99251e427edad7632c1b9a828f6c3ed06e9269183,228,0.9991414546966553,0.9958372116088867,0.9991414546966553,1, Yes,1a94d18c384c103f827805dbcae6b58f38660ca932988b00417a63a8fb833ad3
amouyal:161,amouyal,NPZ,non_gp,lingering,No,,,,0,305,set_hyp5_9,nonGP_reflexive,GP_question,reflexive,not annotated upstream,the baby,,True,event,amouyal:161,rev,False,rev_base,730a527cc9e999ca7cbb81b3711cc02b22e0ceaa9213276e69ba77c959044500,218,0.9361987709999084,0.9995667338371277,0.06380122900009155,0, Yes,
amouyal:161:attachment,amouyal,NPZ,non_gp,lingering,No,,,,0,305,set_hyp5_9,nonGP_reflexive,GP_question,reflexive,not annotated upstream,the baby,,True,attachment,amouyal:161,rev,False,rev_base,a30dde79824fc2acdc3f652a1bcbe1eeaa8bd27f988c7a8daa7805e28abd4c9c,231,0.015284154564142227,0.9991728067398071,0.9847158454358578,1, No,8d6284ae12ba71491537de771ef739468ba76bd72040675b00c3cc694048b3d4
amouyal:210,amouyal,NPZ,gp,simple,Yes,,,,0,354,set_hyp5_10,GP_reflexive,simple_question,reflexive,not annotated upstream,the patient,,True,event,amouyal:210,rev,False,rev_base,96d99c34d0f15669530c660a38a0152270ade95303e3d1a7e47f9ad21e385024,215,0.9945720434188843,0.9998459815979004,0.9945720434188843,1, Yes,
amouyal:210:attachment,amouyal,NPZ,gp,simple,Yes,,,,0,354,set_hyp5_10,GP_reflexive,simple_question,reflexive,not annotated upstream,the patient,,True,attachment,amouyal:210,rev,False,rev_base,97bef5815f2784a1a6cd5a9ce395f7a292d5a82f5f7365383334d74f8568e386,227,0.00019368535140529275,0.9995226860046387,0.00019368535140529275,0, No,1ba0e8de1798adf61209aff0ba3b8ea6b2ff7fddbef8986e3d92428369936c72
amouyal:211,amouyal,NPZ,gp,lingering,No,,,,0,355,set_hyp5_10,GP_reflexive,GP_question,reflexive,not annotated upstream,the patient,,True,event,amouyal:211,rev,False,rev_base,ee035dfdddf0146e89e3a91b109a00915faa2b10f13a9acec1fa4bd06c1125c3,216,0.003497140482068062,0.9999628067016602,0.9965028595179319,1, No,
amouyal:211:attachment,amouyal,NPZ,gp,lingering,No,,,,0,355,set_hyp5_10,GP_reflexive,GP_question,reflexive,not annotated upstream,the patient,,True,attachment,amouyal:211,rev,False,rev_base,5fc873d630ddef2076c31aa1a8086976ac7f5d1d19089aff4014667da07dfcb1,230,0.0019017633749172091,0.9992765188217163,0.9980982366250828,1, No,a2a20a3ce4ad5a6949895d320bcd499f86e2882d6bd52f69fbd05c92dcd1e387
amouyal:162,amouyal,NPZ,non_gp,simple,Yes,,,,0,306,set_hyp5_10,nonGP_reflexive,simple_question,reflexive,not annotated upstream,the patient,,True,event,amouyal:162,rev,False,rev_base,30251149810cd3586b78b6256df096542c304eacf5abd30af5189cde1c35a2fa,215,0.9999814629554749,0.9997662901878357,0.9999814629554749,1, Yes,
amouyal:162:attachment,amouyal,NPZ,non_gp,simple,Yes,,,,0,306,set_hyp5_10,nonGP_reflexive,simple_question,reflexive,not annotated upstream,the patient,,True,attachment,amouyal:162,rev,False,rev_base,0568482619c8a9f343d1cae1db667d140b178b0c9539e04268a7afb0a0fcfb2e,227,0.9978876113891602,0.9939664602279663,0.9978876113891602,1, Yes,1ba0e8de1798adf61209aff0ba3b8ea6b2ff7fddbef8986e3d92428369936c72
amouyal:163,amouyal,NPZ,non_gp,lingering,No,,,,0,307,set_hyp5_10,nonGP_reflexive,GP_question,reflexive,not annotated upstream,the patient,,True,event,amouyal:163,rev,False,rev_base,146f5762a5a86c6de86f3dad0dee93fdbe06aadb195353fdc767d4390962935b,216,0.9631612300872803,0.99970942735672,0.03683876991271973,0, Yes,
amouyal:163:attachment,amouyal,NPZ,non_gp,lingering,No,,,,0,307,set_hyp5_10,nonGP_reflexive,GP_question,reflexive,not annotated upstream,the patient,,True,attachment,amouyal:163,rev,False,rev_base,0d432cc8d568eab9bc46bb3c6adb7e1942871a4477bfb76f11187bc33dac7229,230,0.024583619087934494,0.9981029033660889,0.9754163809120655,1, No,a2a20a3ce4ad5a6949895d320bcd499f86e2882d6bd52f69fbd05c92dcd1e387
amouyal:212,amouyal,NPZ,gp,simple,Yes,,,,0,356,set_hyp5_11,GP_reflexive,simple_question,reflexive,not annotated upstream,the cat,,True,event,amouyal:212,rev,False,rev_base,1f0a3c97f0102ab5021238d9cced9b9bbf348dc1a7f0040bdfb8fddac19dce1b,219,0.4190623462200165,0.9993658661842346,0.4190623462200165,0, No,
amouyal:212:attachment,amouyal,NPZ,gp,simple,Yes,,,,0,356,set_hyp5_11,GP_reflexive,simple_question,reflexive,not annotated upstream,the cat,,True,attachment,amouyal:212,rev,False,rev_base,e9aa9b1a6546d24223a96d9603507e35f52c131b22752fb8ac8cea49317dce4f,229,4.964575964550022e-06,0.9997815489768982,4.964575964550022e-06,0, No,3fd462885638291a64331a0fe01386d515be067f5b1a3138b1cd17f38bbaacd5
amouyal:213,amouyal,NPZ,gp,lingering,No,,,,0,357,set_hyp5_11,GP_reflexive,GP_question,reflexive,not annotated upstream,the cat,,True,event,amouyal:213,rev,False,rev_base,d5cdfd70b15eb7892e4733dca0b816d4f4c559c8f365af4260816a0db86b6dca,218,0.012031661346554756,0.9997981190681458,0.9879683386534452,1, No,
amouyal:213:attachment,amouyal,NPZ,gp,lingering,No,,,,0,357,set_hyp5_11,GP_reflexive,GP_question,reflexive,not annotated upstream,the cat,,True,attachment,amouyal:213,rev,False,rev_base,9ef9ec6806881e8b6490b3282a8f56560aceba995d2a72b1f80e03e7111eff96,232,5.402621172834188e-05,0.9997803568840027,0.9999459737882717,1, No,9804eb14a34437f601ca64f2a87977a719f50a059ccb9ffbbd129e63b908d0f8
amouyal:164,amouyal,NPZ,non_gp,simple,Yes,,,,0,308,set_hyp5_11,nonGP_reflexive,simple_question,reflexive,not annotated upstream,the cat,,True,event,amouyal:164,rev,False,rev_base,645779ab97551e6d4dddf1641ead88a3f4c07d302bde4eeac0162be029f3a7ea,219,0.9999407529830933,0.9996645450592041,0.9999407529830933,1, Yes,
amouyal:164:attachment,amouyal,NPZ,non_gp,simple,Yes,,,,0,308,set_hyp5_11,nonGP_reflexive,simple_question,reflexive,not annotated upstream,the cat,,True,attachment,amouyal:164,rev,False,rev_base,5dabf97893215fda0607d9bcda914640fb793fe91752f5898217731f498f82e2,229,0.9948737621307373,0.996091365814209,0.9948737621307373,1, Yes,3fd462885638291a64331a0fe01386d515be067f5b1a3138b1cd17f38bbaacd5
amouyal:165,amouyal,NPZ,non_gp,lingering,No,,,,0,309,set_hyp5_11,nonGP_reflexive,GP_question,reflexive,not annotated upstream,the cat,,True,event,amouyal:165,rev,False,rev_base,c82e6b3768366638d607eaafe63cf923aa6b461aa105d7ebf62704d99ecce694,218,4.382465874641639e-07,0.9999879002571106,0.9999995617534125,1, No,
amouyal:165:attachment,amouyal,NPZ,non_gp,lingering,No,,,,0,309,set_hyp5_11,nonGP_reflexive,GP_question,reflexive,not annotated upstream,the cat,,True,attachment,amouyal:165,rev,False,rev_base,33a4c0e00417e11346ce70fa4be61bf26a5b3b821e8911fcb88aa161b55e8a3b,232,0.0004923873348161578,0.9996780157089233,0.9995076126651838,1, No,9804eb14a34437f601ca64f2a87977a719f50a059ccb9ffbbd129e63b908d0f8
amouyal:214,amouyal,NPZ,gp,simple,Yes,,,,0,358,set_hyp5_12,GP_reflexive,simple_question,reflexive,not annotated upstream,the children,,True,event,amouyal:214,rev,False,rev_base,60a2476a7fbce26eaad73f1627d519fa6cee671c6575b55cc4a85707977ac308,221,0.998818039894104,0.9998095035552979,0.998818039894104,1, Yes,
amouyal:214:attachment,amouyal,NPZ,gp,simple,Yes,,,,0,358,set_hyp5_12,GP_reflexive,simple_question,reflexive,not annotated upstream,the children,,True,attachment,amouyal:214,rev,False,rev_base,679fc9d5e4048f83c42fc2a9dbb18b0273519467351ecc78c903c52b2e82fee1,231,9.841033897828311e-05,0.9997059106826782,9.841033897828311e-05,0, No,c79abff6bf24fdf18fdf13678dd88400e48d3683d1615933a0116be2e9041710
amouyal:215,amouyal,NPZ,gp,lingering,No,,,,0,359,set_hyp5_12,GP_reflexive,GP_question,reflexive,not annotated upstream,the children,,True,event,amouyal:215,rev,False,rev_base,5188a54d33a3159cafc2343d5c9f5092aa84e52bf4c049c346d7c7671269b6a9,221,0.050339411944150925,0.9998796582221985,0.9496605880558491,1, No,
amouyal:215:attachment,amouyal,NPZ,gp,lingering,No,,,,0,359,set_hyp5_12,GP_reflexive,GP_question,reflexive,not annotated upstream,the children,,True,attachment,amouyal:215,rev,False,rev_base,760f771b93599a7d72ed4d7759debcd5f2cf5c2b3eaa684d4148a8b1e12fadd6,234,0.0023622242733836174,0.9996993541717529,0.9976377757266164,1, No,2d3bb4e208cd68665a0e5f89a2bd84935735d0a2a13642db957ec20020775b1f
amouyal:166,amouyal,NPZ,non_gp,simple,Yes,,,,0,310,set_hyp5_12,nonGP_reflexive,simple_question,reflexive,not annotated upstream,the children,,True,event,amouyal:166,rev,False,rev_base,72d18df1504fe5ed4ede9e50cbc639c2545d537930355cdd928cb0e670fb5651,221,0.9999799728393555,0.9996135234832764,0.9999799728393555,1, Yes,
amouyal:166:attachment,amouyal,NPZ,non_gp,simple,Yes,,,,0,310,set_hyp5_12,nonGP_reflexive,simple_question,reflexive,not annotated upstream,the children,,True,attachment,amouyal:166,rev,False,rev_base,910cb690f86eb00ecd03335540213408a4501b3a3973a9a6f8931e6b55344cd3,231,0.9995694756507874,0.9962676763534546,0.9995694756507874,1, Yes,c79abff6bf24fdf18fdf13678dd88400e48d3683d1615933a0116be2e9041710
amouyal:167,amouyal,NPZ,non_gp,lingering,No,,,,0,311,set_hyp5_12,nonGP_reflexive,GP_question,reflexive,not annotated upstream,the children,,True,event,amouyal:167,rev,False,rev_base,7f5660077923494a1be95f236824d425bbb284628ef1a6a37a589e35e6cff505,221,0.12459971755743027,0.9999164938926697,0.8754002824425697,1, No,
amouyal:167:attachment,amouyal,NPZ,non_gp,lingering,No,,,,0,311,set_hyp5_12,nonGP_reflexive,GP_question,reflexive,not annotated upstream,the children,,True,attachment,amouyal:167,rev,False,rev_base,b205acd43cedf1734b8d772a40027541f6db1e57cecf91cd8c2e945cf049787f,234,0.0011765387607738376,0.9995737671852112,0.9988234612392262,1, No,2d3bb4e208cd68665a0e5f89a2bd84935735d0a2a13642db957ec20020775b1f
amouyal:216,amouyal,NPZ,gp,simple,Yes,,,,0,360,set_hyp5_13,GP_reflexive,simple_question,reflexive,not annotated upstream,the painting,,True,event,amouyal:216,rev,False,rev_base,7a951416975fbf1cf241a66735514edc995d65ad2d6d4d21aaa5258b65d6fe87,221,0.00011404189717723057,0.9992656111717224,0.00011404189717723057,0, No,
amouyal:216:attachment,amouyal,NPZ,gp,simple,Yes,,,,0,360,set_hyp5_13,GP_reflexive,simple_question,reflexive,not annotated upstream,the painting,,True,attachment,amouyal:216,rev,False,rev_base,d42b4f4d66a05f8aa5602c8c6836727ff6660e8c3406cb7aaca13564894a7446,230,5.954124389973003e-06,0.9998297691345215,5.954124389973003e-06,0, No,bc53f0ad336a07433f846c050e7e157da93eae01e1211c7866f31a8b9229a4bd
amouyal:217,amouyal,NPZ,gp,lingering,No,,,,0,361,set_hyp5_13,GP_reflexive,GP_question,reflexive,not annotated upstream,the painting,,True,event,amouyal:217,rev,False,rev_base,8504f4339fac46d81955192f2b5913bd7ad567d67e80928ea9e3792302177d3e,219,0.00017648925131652504,0.999833881855011,0.9998235107486835,1, No,
amouyal:217:attachment,amouyal,NPZ,gp,lingering,No,,,,0,361,set_hyp5_13,GP_reflexive,GP_question,reflexive,not annotated upstream,the painting,,True,attachment,amouyal:217,rev,False,rev_base,5ef6c173ff4fc93e4e2b43949d540dab7e0d9957194fedcf397ce8fe8f6d0b49,233,8.028482989175245e-05,0.9998334646224976,0.9999197151701082,1, No,735f5e1e1f36342670947b025b0d78d30e7e9ee0a15bcdc867b8d7ad989ff125
amouyal:168,amouyal,NPZ,non_gp,simple,Yes,,,,0,312,set_hyp5_13,nonGP_reflexive,simple_question,reflexive,not annotated upstream,the painting,,True,event,amouyal:168,rev,False,rev_base,4fbbd0c994246a4994e0286f12082dd64ff1822a4adfefee9518800004be89ce,221,0.9999891519546509,0.9997327923774719,0.9999891519546509,1, Yes,
amouyal:168:attachment,amouyal,NPZ,non_gp,simple,Yes,,,,0,312,set_hyp5_13,nonGP_reflexive,simple_question,reflexive,not annotated upstream,the painting,,True,attachment,amouyal:168,rev,False,rev_base,56caa7351167665dc4c98fe5b0688d9e22a54b8ddd38387fca078930cefeb357,230,0.9812944531440735,0.9974825382232666,0.9812944531440735,1, Yes,bc53f0ad336a07433f846c050e7e157da93eae01e1211c7866f31a8b9229a4bd
amouyal:169,amouyal,NPZ,non_gp,lingering,No,,,,0,313,set_hyp5_13,nonGP_reflexive,GP_question,reflexive,not annotated upstream,the painting,,True,event,amouyal:169,rev,False,rev_base,4a048fe6c3487fa7b40ed4e03dca152707044b19f4511ed531f6b09a06aee7b6,219,0.810123085975647,0.999160647392273,0.18987691402435303,0, Yes,
amouyal:169:attachment,amouyal,NPZ,non_gp,lingering,No,,,,0,313,set_hyp5_13,nonGP_reflexive,GP_question,reflexive,not annotated upstream,the painting,,True,attachment,amouyal:169,rev,False,rev_base,025fa929138135bc02d52b3feb9f93452078717321cad467bcd07574343430a3,233,0.1571965217590332,0.9988661408424377,0.8428034782409668,1, No,735f5e1e1f36342670947b025b0d78d30e7e9ee0a15bcdc867b8d7ad989ff125
amouyal:218,amouyal,NPZ,gp,simple,Yes,,,,0,362,set_hyp5_14,GP_reflexive,simple_question,reflexive,not annotated upstream,the tomatoes,Released simple question uses singular tomato; both sentences use plural tomatoes.,False,event,amouyal:218,rev,False,rev_base,43daa0060c1a59eff50848dd038820acfc9a183e3efc982bce7378f380afd534,217,0.15945258736610413,0.999483585357666,0.15945258736610413,0, No,
amouyal:218:attachment,amouyal,NPZ,gp,simple,Yes,,,,0,362,set_hyp5_14,GP_reflexive,simple_question,reflexive,not annotated upstream,the tomatoes,Released simple question uses singular tomato; both sentences use plural tomatoes.,False,attachment,amouyal:218,rev,False,rev_base,dcd6863ddedc7cdf64a4a4172db449f8a92651beadaa3ebbcf6f72de86a83b94,228,4.540125701169018e-06,0.9997926950454712,4.540125701169018e-06,0, No,bdd85f8913be275ace992a77d350e0f6d34be80da5125c6b737d4f0c369ce3cd
amouyal:219,amouyal,NPZ,gp,lingering,No,,,,0,363,set_hyp5_14,GP_reflexive,GP_question,reflexive,not annotated upstream,the tomatoes,Released simple question uses singular tomato; both sentences use plural tomatoes.,False,event,amouyal:219,rev,False,rev_base,557f9cb5fe3d065d75a142dbb30f3fb65bd82c5ecb19ce03e0cdd25c8f76abea,217,5.419520675786771e-05,0.9997732043266296,0.9999458047932421,1, No,
amouyal:219:attachment,amouyal,NPZ,gp,lingering,No,,,,0,363,set_hyp5_14,GP_reflexive,GP_question,reflexive,not annotated upstream,the tomatoes,Released simple question uses singular tomato; both sentences use plural tomatoes.,False,attachment,amouyal:219,rev,False,rev_base,909b20b46a91a1d5331cb7b82f9dc9dcf0776f4af8d150c43e4945bf931c610e,231,0.003784241620451212,0.9996565580368042,0.9962157583795488,1, No,6443a115d275bee15929d14fa928376e39fbdf1c50c7b6d2406df8d455e6687f
amouyal:170,amouyal,NPZ,non_gp,simple,Yes,,,,0,314,set_hyp5_14,nonGP_reflexive,simple_question,reflexive,not annotated upstream,the tomatoes,Released simple question uses singular tomato; both sentences use plural tomatoes.,False,event,amouyal:170,rev,False,rev_base,4412b95a73aee649553c5d334b5e19523ddee6b6a78b0cc0fdf6ddcd171c0d36,217,0.9762533903121948,0.9990016222000122,0.9762533903121948,1, Yes,
amouyal:170:attachment,amouyal,NPZ,non_gp,simple,Yes,,,,0,314,set_hyp5_14,nonGP_reflexive,simple_question,reflexive,not annotated upstream,the tomatoes,Released simple question uses singular tomato; both sentences use plural tomatoes.,False,attachment,amouyal:170,rev,False,rev_base,45a0a42376862e63c3ca61c5288b3644f65f6326f9b9f46604e94c86ea9b7f89,228,0.9621387124061584,0.9917424917221069,0.9621387124061584,1, Yes,bdd85f8913be275ace992a77d350e0f6d34be80da5125c6b737d4f0c369ce3cd
amouyal:171,amouyal,NPZ,non_gp,lingering,No,,,,0,315,set_hyp5_14,nonGP_reflexive,GP_question,reflexive,not annotated upstream,the tomatoes,Released simple question uses singular tomato; both sentences use plural tomatoes.,False,event,amouyal:171,rev,False,rev_base,495933694f322ca20c7bdf8ae5ef842680cb4a651ccc28d17b51b47a8f3cee9b,217,5.0214432121720165e-05,0.9999096393585205,0.9999497855678783,1, No,
amouyal:171:attachment,amouyal,NPZ,non_gp,lingering,No,,,,0,315,set_hyp5_14,nonGP_reflexive,GP_question,reflexive,not annotated upstream,the tomatoes,Released simple question uses singular tomato; both sentences use plural tomatoes.,False,attachment,amouyal:171,rev,False,rev_base,214c13f394d0ad6c31850f4febe436046717c38851a0ba6942165570e6ccdee2,231,0.08131779730319977,0.9986968636512756,0.9186822026968002,1, No,6443a115d275bee15929d14fa928376e39fbdf1c50c7b6d2406df8d455e6687f
amouyal:220,amouyal,NPZ,gp,simple,Yes,,,,0,364,set_hyp5_15,GP_reflexive,simple_question,reflexive,not annotated upstream,the ball,,True,event,amouyal:220,rev,False,rev_base,88bc21c6c4bbd2cd74e17ccb683c347baf07562691ca01ebb5802d9d956ab0d5,221,0.031466636806726456,0.9995707869529724,0.031466636806726456,0, No,
amouyal:220:attachment,amouyal,NPZ,gp,simple,Yes,,,,0,364,set_hyp5_15,GP_reflexive,simple_question,reflexive,not annotated upstream,the ball,,True,attachment,amouyal:220,rev,False,rev_base,2cf21056952d8d3cb5596e1a348c7100b0a107749a3f7803c2f63f03f5498352,230,2.3161896933743265e-07,0.9999062418937683,2.3161896933743265e-07,0, No,46924e96d6dba33440b1e9a6ae3aa52d2fd4feb27153ffc5d91186042bc1821a
amouyal:221,amouyal,NPZ,gp,lingering,No,,,,0,365,set_hyp5_15,GP_reflexive,GP_question,reflexive,not annotated upstream,the ball,,True,event,amouyal:221,rev,False,rev_base,b3216653ed69d2c557bf1353a556678781e6b8a6588e1799a84d17f7f2f0a5ff,219,0.1925833523273468,0.9996335506439209,0.8074166476726532,1, No,
amouyal:221:attachment,amouyal,NPZ,gp,lingering,No,,,,0,365,set_hyp5_15,GP_reflexive,GP_question,reflexive,not annotated upstream,the ball,,True,attachment,amouyal:221,rev,False,rev_base,c55f4125dcb7cde827cbd06282b147c1de99b28a7cbf38e1f78a89f6931ae868,233,7.072281277942238e-06,0.9999070763587952,0.9999929277187221,1, No,361686e936a4dbe9b8774d2d7808e7eb82caff05dda7418bc69494a150d6c5ce
amouyal:172,amouyal,NPZ,non_gp,simple,Yes,,,,0,316,set_hyp5_15,nonGP_reflexive,simple_question,reflexive,not annotated upstream,the ball,,True,event,amouyal:172,rev,False,rev_base,a4abe21ad75ad07a0ff7aa01b2a6c55c1d78d23281d8af734c5ae8dae8413352,221,0.999997079372406,0.9997195601463318,0.999997079372406,1, Yes,
amouyal:172:attachment,amouyal,NPZ,non_gp,simple,Yes,,,,0,316,set_hyp5_15,nonGP_reflexive,simple_question,reflexive,not annotated upstream,the ball,,True,attachment,amouyal:172,rev,False,rev_base,a6c5873b1aedd18066e593e2b5174353763b8607703b6139942aba5a1dd9a242,230,0.9829652905464172,0.9975898861885071,0.9829652905464172,1, Yes,46924e96d6dba33440b1e9a6ae3aa52d2fd4feb27153ffc5d91186042bc1821a
amouyal:173,amouyal,NPZ,non_gp,lingering,No,,,,0,317,set_hyp5_15,nonGP_reflexive,GP_question,reflexive,not annotated upstream,the ball,,True,event,amouyal:173,rev,False,rev_base,0630936ebbe53b73e53ea88376f0c62eb35398d1fe245a413f5e64a99b391a3c,219,0.6164323091506958,0.999514102935791,0.3835676908493042,0, Yes,
amouyal:173:attachment,amouyal,NPZ,non_gp,lingering,No,,,,0,317,set_hyp5_15,nonGP_reflexive,GP_question,reflexive,not annotated upstream,the ball,,True,attachment,amouyal:173,rev,False,rev_base,5ae67a53880170acc2521d0441ab4d496c727b635dd1c2cccfcf4ede77145473,233,0.08782940357923508,0.9981390833854675,0.9121705964207649,1, No,361686e936a4dbe9b8774d2d7808e7eb82caff05dda7418bc69494a150d6c5ce
amouyal:222,amouyal,NPZ,gp,simple,Yes,,,,0,366,set_hyp5_16,GP_reflexive,simple_question,reflexive,not annotated upstream,the wheel,,True,event,amouyal:222,rev,False,rev_base,b3ce1698da9384aa50ab9860e1d0d421e6557788257202c52e38a82c8c8c4b3a,217,0.44448211789131165,0.9992594718933105,0.44448211789131165,0, No,
amouyal:222:attachment,amouyal,NPZ,gp,simple,Yes,,,,0,366,set_hyp5_16,GP_reflexive,simple_question,reflexive,not annotated upstream,the wheel,,True,attachment,amouyal:222,rev,False,rev_base,6b5f03c0f84091c2093eacb2ac70b64c8ab3acf2044604f044c1fe349994f645,228,7.631795284623877e-08,0.9997963905334473,7.631795284623877e-08,0, No,9c790ce4ab9d640ef73a1723fa8749c3be543b94c43d086c7a13c20ece30116f
amouyal:223,amouyal,NPZ,gp,lingering,No,,,,0,367,set_hyp5_16,GP_reflexive,GP_question,reflexive,not annotated upstream,the wheel,,True,event,amouyal:223,rev,False,rev_base,7155168fd9a470efcb31abaeba02583700ba84fa0acadf29ee8cfda484376f7a,217,0.07582972943782806,0.9995359778404236,0.9241702705621719,1, No,
amouyal:223:attachment,amouyal,NPZ,gp,lingering,No,,,,0,367,set_hyp5_16,GP_reflexive,GP_question,reflexive,not annotated upstream,the wheel,,True,attachment,amouyal:223,rev,False,rev_base,1781d4bcae155b79ca85779efcd2bac862022484687705d55654609815953dd4,231,9.901863450068049e-06,0.9999189376831055,0.9999900981365499,1, No,22d51f3693e3b7f42694b4d45993a15cba5d5ea28db840adc667b0cf4e1f15ef
amouyal:174,amouyal,NPZ,non_gp,simple,Yes,,,,0,318,set_hyp5_16,nonGP_reflexive,simple_question,reflexive,not annotated upstream,the wheel,,True,event,amouyal:174,rev,False,rev_base,739bfeda9583af79410f9b6ae076ad9222b069ed0993faf13af2e150999b3b2e,217,0.9999851584434509,0.9998471140861511,0.9999851584434509,1, Yes,
amouyal:174:attachment,amouyal,NPZ,non_gp,simple,Yes,,,,0,318,set_hyp5_16,nonGP_reflexive,simple_question,reflexive,not annotated upstream,the wheel,,True,attachment,amouyal:174,rev,False,rev_base,ed782a0560c225314311ef27f950a78f980bc2e79e1467d674cd1eebb5bb2221,228,0.14111021161079407,0.9969851970672607,0.14111021161079407,0, No,9c790ce4ab9d640ef73a1723fa8749c3be543b94c43d086c7a13c20ece30116f
amouyal:175,amouyal,NPZ,non_gp,lingering,No,,,,0,319,set_hyp5_16,nonGP_reflexive,GP_question,reflexive,not annotated upstream,the wheel,,True,event,amouyal:175,rev,False,rev_base,99474fa3fc5e49cc12623a6a9d6ceab3bbd64bf756696f59e23eef3da993cf70,217,0.7487986087799072,0.9992812871932983,0.2512013912200928,0, Yes,
amouyal:175:attachment,amouyal,NPZ,non_gp,lingering,No,,,,0,319,set_hyp5_16,nonGP_reflexive,GP_question,reflexive,not annotated upstream,the wheel,,True,attachment,amouyal:175,rev,False,rev_base,f6b31d175328e91a4076724ee22ad2b49b55f7b8ea0f0d9e7ac54c92a8f20eef,231,0.017653027549386024,0.9995985627174377,0.982346972450614,1, No,22d51f3693e3b7f42694b4d45993a15cba5d5ea28db840adc667b0cf4e1f15ef
amouyal:224,amouyal,NPZ,gp,simple,Yes,,,,0,368,set_hyp5_17,GP_reflexive,simple_question,reflexive,not annotated upstream,the river,,True,event,amouyal:224,rev,False,rev_base,0bd1e16d352be91c808fa4c478f5c02bf1ecfb48569cb0e5362b1adf786e4943,217,0.9996765851974487,0.9997989535331726,0.9996765851974487,1, Yes,
amouyal:224:attachment,amouyal,NPZ,gp,simple,Yes,,,,0,368,set_hyp5_17,GP_reflexive,simple_question,reflexive,not annotated upstream,the river,,True,attachment,amouyal:224,rev,False,rev_base,52f8bb181b199e4b29b4b6761aaf6888021004317191b52b3bc0f3a29de522c8,229,0.0055490643717348576,0.9995627403259277,0.0055490643717348576,0, No,78f8d03c768f7f680251f8b6343667db4a8b49ab9ca57335aafedab1837777f3
amouyal:225,amouyal,NPZ,gp,lingering,No,,,,0,369,set_hyp5_17,GP_reflexive,GP_question,reflexive,not annotated upstream,the river,,True,event,amouyal:225,rev,False,rev_base,3135a07af93012bc371ae9c812ea2792e4fc3fba2bcac37e77ecd07e075d67c1,219,2.322960934719731e-09,0.9999619126319885,0.9999999976770391,1, No,
amouyal:225:attachment,amouyal,NPZ,gp,lingering,No,,,,0,369,set_hyp5_17,GP_reflexive,GP_question,reflexive,not annotated upstream,the river,,True,attachment,amouyal:225,rev,False,rev_base,f4b1a8ac7e3e7b04ef236180e00b3efde4210ffae04d645a3078e12ab0689315,232,0.0015427375910803676,0.9998064637184143,0.9984572624089196,1, No,cd23d1dcaa4f27c70ac2c33262b0d248c72e0da90250a5fee631929045839f35
amouyal:176,amouyal,NPZ,non_gp,simple,Yes,,,,0,320,set_hyp5_17,nonGP_reflexive,simple_question,reflexive,not annotated upstream,the river,,True,event,amouyal:176,rev,False,rev_base,53f3411d5692a16725e67c2c60240b8786c056e1cc03da53318e2570f364b336,217,0.9999769330024719,0.9996224641799927,0.9999769330024719,1, Yes,
amouyal:176:attachment,amouyal,NPZ,non_gp,simple,Yes,,,,0,320,set_hyp5_17,nonGP_reflexive,simple_question,reflexive,not annotated upstream,the river,,True,attachment,amouyal:176,rev,False,rev_base,f8d9eecaf3fbd8ee53fa4016fb288598e9fed7f05417159666c249a63d1757f6,229,0.9984697103500366,0.997635543346405,0.9984697103500366,1, Yes,78f8d03c768f7f680251f8b6343667db4a8b49ab9ca57335aafedab1837777f3
amouyal:177,amouyal,NPZ,non_gp,lingering,No,,,,0,321,set_hyp5_17,nonGP_reflexive,GP_question,reflexive,not annotated upstream,the river,,True,event,amouyal:177,rev,False,rev_base,5fbd83d351f4c030a3c13c14a013bca226256dbaf7777bd10a1e85ba9b820a2b,219,2.6482564408070175e-07,0.9999431371688843,0.9999997351743559,1, No,
amouyal:177:attachment,amouyal,NPZ,non_gp,lingering,No,,,,0,321,set_hyp5_17,nonGP_reflexive,GP_question,reflexive,not annotated upstream,the river,,True,attachment,amouyal:177,rev,False,rev_base,44bed223d8df97d41e73582033364ce8ca5f3dd1059e98f39849aa581cd510a1,232,0.01945456676185131,0.9995108246803284,0.9805454332381487,1, No,cd23d1dcaa4f27c70ac2c33262b0d248c72e0da90250a5fee631929045839f35
amouyal:226,amouyal,NPZ,gp,simple,Yes,,,,0,370,set_hyp5_18,GP_reflexive,simple_question,reflexive,not annotated upstream,the bat,Released simple question asks floor; both sentences state road.,False,event,amouyal:226,rev,False,rev_base,278e9517e8fc065e3c389ddd55021e17ef7701fdfa911f31966c987183a17afa,219,2.5581114115880155e-08,0.9999676942825317,2.5581114115880155e-08,0, No,
amouyal:226:attachment,amouyal,NPZ,gp,simple,Yes,,,,0,370,set_hyp5_18,GP_reflexive,simple_question,reflexive,not annotated upstream,the bat,Released simple question asks floor; both sentences state road.,False,attachment,amouyal:226,rev,False,rev_base,c63e90253ed3f0f16d08995d8a9f878145c1be1336c97bcdc5f37d3c2b1f81a0,229,4.636493031284772e-06,0.9995779395103455,4.636493031284772e-06,0, No,33c15410c3d998697bcb68ef8b3e9419b9233d122de0e69521c3f7c8833e095e
amouyal:227,amouyal,NPZ,gp,lingering,No,,,,0,371,set_hyp5_18,GP_reflexive,GP_question,reflexive,not annotated upstream,the bat,Released simple question asks floor; both sentences state road.,False,event,amouyal:227,rev,False,rev_base,89d8a11231791fa33163c341ab7d8ef775439c4445992bc2cc1dfd25a2f7413b,219,0.33300817012786865,0.999230146408081,0.6669918298721313,1, No,
amouyal:227:attachment,amouyal,NPZ,gp,lingering,No,,,,0,371,set_hyp5_18,GP_reflexive,GP_question,reflexive,not annotated upstream,the bat,Released simple question asks floor; both sentences state road.,False,attachment,amouyal:227,rev,False,rev_base,0da44067affe8e8e2758edebf4483a700b0f1388104a156b797a850bd106fe12,232,0.0017915312200784683,0.9994754791259766,0.9982084687799215,1, No,a2c6111b9f4cdcca8798ea0b06259ee4f76009d058e1e956a04dfc5220a8d326
amouyal:178,amouyal,NPZ,non_gp,simple,Yes,,,,0,322,set_hyp5_18,nonGP_reflexive,simple_question,reflexive,not annotated upstream,the bat,Released simple question asks floor; both sentences state road.,False,event,amouyal:178,rev,False,rev_base,dd422f5d88ca569753c7f348d02fdf26281439f64141153b25b84039c8b86e30,220,1.1003551492194674e-07,0.9998896718025208,1.1003551492194674e-07,0, No,
amouyal:178:attachment,amouyal,NPZ,non_gp,simple,Yes,,,,0,322,set_hyp5_18,nonGP_reflexive,simple_question,reflexive,not annotated upstream,the bat,Released simple question asks floor; both sentences state road.,False,attachment,amouyal:178,rev,False,rev_base,0455af855ea61c6dc7f187ce9780d857c199a39b6004e951ccc15ef24a4dd300,230,0.9447535872459412,0.9927067756652832,0.9447535872459412,1, Yes,33c15410c3d998697bcb68ef8b3e9419b9233d122de0e69521c3f7c8833e095e
amouyal:179,amouyal,NPZ,non_gp,lingering,No,,,,0,323,set_hyp5_18,nonGP_reflexive,GP_question,reflexive,not annotated upstream,the bat,Released simple question asks floor; both sentences state road.,False,event,amouyal:179,rev,False,rev_base,fa93779cf725f2076a03d52e2a2c12170f96ef0b236d57f490a87d886b857fee,220,0.9951606392860413,0.9997594356536865,0.00483936071395874,0, Yes,
amouyal:179:attachment,amouyal,NPZ,non_gp,lingering,No,,,,0,323,set_hyp5_18,nonGP_reflexive,GP_question,reflexive,not annotated upstream,the bat,Released simple question asks floor; both sentences state road.,False,attachment,amouyal:179,rev,False,rev_base,ecc9f5a6326982ed66929a4b8d1dda8632a71be3d6d53923eef9868b905260e8,233,0.002035022946074605,0.9995394349098206,0.9979649770539254,1, No,a2c6111b9f4cdcca8798ea0b06259ee4f76009d058e1e956a04dfc5220a8d326
amouyal:228,amouyal,NPZ,gp,simple,Yes,,,,0,372,set_hyp5_19,GP_reflexive,simple_question,reflexive,not annotated upstream,the athletes,,True,event,amouyal:228,rev,False,rev_base,eedb0d9b3a9ef39c786c7d534a892ec1de930f38c72a48a6837163de7c96dc2a,216,0.9952701926231384,0.9997318983078003,0.9952701926231384,1, Yes,
amouyal:228:attachment,amouyal,NPZ,gp,simple,Yes,,,,0,372,set_hyp5_19,GP_reflexive,simple_question,reflexive,not annotated upstream,the athletes,,True,attachment,amouyal:228,rev,False,rev_base,8ca4b0a0c65aa6b70f81b97d1dec8d52290fd46fc63b5ce9391ae8d5f4e4b07c,227,0.0005575272371061146,0.9993880987167358,0.0005575272371061146,0, No,58b78711943b276c6a3fde18a94fbf07e00beac6c833eafac85ff41af12a4761
amouyal:229,amouyal,NPZ,gp,lingering,No,,,,0,373,set_hyp5_19,GP_reflexive,GP_question,reflexive,not annotated upstream,the athletes,,True,event,amouyal:229,rev,False,rev_base,2fb8559e15632b5363b51be76a6cf07488ab3635073fd71d71c1f4545311c54b,215,0.12691208720207214,0.9997360706329346,0.8730879127979279,1, No,
amouyal:229:attachment,amouyal,NPZ,gp,lingering,No,,,,0,373,set_hyp5_19,GP_reflexive,GP_question,reflexive,not annotated upstream,the athletes,,True,attachment,amouyal:229,rev,False,rev_base,c34d7b8fde9bca268c92394138022967a128a3c19f1ffe0be0d40059a037d5b0,230,0.00033315137261524796,0.9997278451919556,0.9996668486273848,1, No,5171ca34d0f915850efec5e61f8ff021adc36f3c2d8698911fb18cada65c4e13
amouyal:180,amouyal,NPZ,non_gp,simple,Yes,,,,0,324,set_hyp5_19,nonGP_reflexive,simple_question,reflexive,not annotated upstream,the athletes,,True,event,amouyal:180,rev,False,rev_base,678fc204ea3d3f051367d7db9e8f124b3887ee3dd489be73b677f983b0c7f7d0,216,0.9999880194664001,0.9994102716445923,0.9999880194664001,1, Yes,
amouyal:180:attachment,amouyal,NPZ,non_gp,simple,Yes,,,,0,324,set_hyp5_19,nonGP_reflexive,simple_question,reflexive,not annotated upstream,the athletes,,True,attachment,amouyal:180,rev,False,rev_base,d378f86a0247c04e569df7bd52961bdc1d8d4152c89b732c1c3d15b803f17009,227,0.9985520839691162,0.9932375550270081,0.9985520839691162,1, Yes,58b78711943b276c6a3fde18a94fbf07e00beac6c833eafac85ff41af12a4761
amouyal:181,amouyal,NPZ,non_gp,lingering,No,,,,0,325,set_hyp5_19,nonGP_reflexive,GP_question,reflexive,not annotated upstream,the athletes,,True,event,amouyal:181,rev,False,rev_base,cc54a10174a7e94c805bf8c2ded2e61d7daf002c1e6f5a4f6d19d07aa9203755,215,0.7060161232948303,0.9994597434997559,0.2939838767051697,0, Yes,
amouyal:181:attachment,amouyal,NPZ,non_gp,lingering,No,,,,0,325,set_hyp5_19,nonGP_reflexive,GP_question,reflexive,not annotated upstream,the athletes,,True,attachment,amouyal:181,rev,False,rev_base,31f8656d7d2fd85ba8dbc4c332947e766b25906af5d134fdebcb2bab87e179b3,230,0.024412676692008972,0.9986687898635864,0.975587323307991,1, No,5171ca34d0f915850efec5e61f8ff021adc36f3c2d8698911fb18cada65c4e13
amouyal:230,amouyal,NPZ,gp,simple,Yes,,,,0,374,set_hyp5_20,GP_reflexive,simple_question,reflexive,not annotated upstream,the bone,,True,event,amouyal:230,rev,False,rev_base,02af13fdbd10965714f66b2251849653e202a7c10787a9f7f95b446154bd5a5a,215,0.9228082299232483,0.9988112449645996,0.9228082299232483,1, Yes,
amouyal:230:attachment,amouyal,NPZ,gp,simple,Yes,,,,0,374,set_hyp5_20,GP_reflexive,simple_question,reflexive,not annotated upstream,the bone,,True,attachment,amouyal:230,rev,False,rev_base,f81d6044d04fae9e9b1a499f35e0b2708e0e2d44b1ee5c2d6cc393340443fcd9,227,1.60602339747129e-05,0.9996808767318726,1.60602339747129e-05,0, No,13965524575c1c7aaa99c16c44f5e63a3c96d4fc20c9e1083317ec5b645f453e
amouyal:231,amouyal,NPZ,gp,lingering,No,,,,0,375,set_hyp5_20,GP_reflexive,GP_question,reflexive,not annotated upstream,the bone,,True,event,amouyal:231,rev,False,rev_base,827fea44a8526fadea631aecbdb5fcfb2eb0a42fd6e27613436ea26ae71f125d,216,1.5767123841214925e-05,0.9999233484268188,0.9999842328761588,1, No,
amouyal:231:attachment,amouyal,NPZ,gp,lingering,No,,,,0,375,set_hyp5_20,GP_reflexive,GP_question,reflexive,not annotated upstream,the bone,,True,attachment,amouyal:231,rev,False,rev_base,12e69f62b6c7eabbae86b5e1c3364d1c10fc83f0a0e146e97b761c74b2a81ee4,230,0.0005407953285612166,0.9998061060905457,0.9994592046714388,1, No,02acaf5ec5f830a1804082f1c8ca566d02cdecfcf75b76f97cb57a94431bfca4
amouyal:182,amouyal,NPZ,non_gp,simple,Yes,,,,0,326,set_hyp5_20,nonGP_reflexive,simple_question,reflexive,not annotated upstream,the bone,,True,event,amouyal:182,rev,False,rev_base,53691c31c5bd2ac7cf1a2a6b3bc898e82e9058be2cb317a3d2d7a29279c630e4,215,0.9202587008476257,0.9984051585197449,0.9202587008476257,1, Yes,
amouyal:182:attachment,amouyal,NPZ,non_gp,simple,Yes,,,,0,326,set_hyp5_20,nonGP_reflexive,simple_question,reflexive,not annotated upstream,the bone,,True,attachment,amouyal:182,rev,False,rev_base,0d49fff89a146e7b4ff2b9e520da7c5ee54b288741005b885e12f13ad043430c,227,0.05650155246257782,0.9978930950164795,0.05650155246257782,0, No,13965524575c1c7aaa99c16c44f5e63a3c96d4fc20c9e1083317ec5b645f453e
amouyal:183,amouyal,NPZ,non_gp,lingering,No,,,,0,327,set_hyp5_20,nonGP_reflexive,GP_question,reflexive,not annotated upstream,the bone,,True,event,amouyal:183,rev,False,rev_base,882f463d047f75e32bbc6d0539050155872eb4422d52fc16da5514ed842842dc,216,0.003666316159069538,0.9997446537017822,0.9963336838409305,1, No,
amouyal:183:attachment,amouyal,NPZ,non_gp,lingering,No,,,,0,327,set_hyp5_20,nonGP_reflexive,GP_question,reflexive,not annotated upstream,the bone,,True,attachment,amouyal:183,rev,False,rev_base,7aa9bbff1bc8e87b5a6e69d1fb7cbb63ec2e33b3238755e29dff193158461073,230,0.005616354756057262,0.9996004700660706,0.9943836452439427,1, No,02acaf5ec5f830a1804082f1c8ca566d02cdecfcf75b76f97cb57a94431bfca4
amouyal:232,amouyal,NPZ,gp,simple,Yes,,,,0,376,set_hyp5_21,GP_reflexive,simple_question,reflexive,not annotated upstream,the valley,,True,event,amouyal:232,rev,False,rev_base,ca9bf1f85f0996956975200bcfba54cd5510078f86582bd08dd27fe7491c8fe6,219,0.9805933237075806,0.9997033476829529,0.9805933237075806,1, Yes,
amouyal:232:attachment,amouyal,NPZ,gp,simple,Yes,,,,0,376,set_hyp5_21,GP_reflexive,simple_question,reflexive,not annotated upstream,the valley,,True,attachment,amouyal:232,rev,False,rev_base,f03b81bd08cc0d462aeb4bf1fa41663d1138ea6cb7a1c14cb69bcb470668c439,229,1.045686258294154e-05,0.9997310638427734,1.045686258294154e-05,0, No,30793d2505b9c59738b50e8935314a6b49a010f7db2c5f6a000afbc536fe55e8
amouyal:233,amouyal,NPZ,gp,lingering,No,,,,0,377,set_hyp5_21,GP_reflexive,GP_question,reflexive,not annotated upstream,the valley,,True,event,amouyal:233,rev,False,rev_base,95be16492703af5ffeb5a07d4c9b48551b36ed65a3a0258fac56814003f9debd,218,0.001338917762041092,0.999963641166687,0.9986610822379589,1, No,
amouyal:233:attachment,amouyal,NPZ,gp,lingering,No,,,,0,377,set_hyp5_21,GP_reflexive,GP_question,reflexive,not annotated upstream,the valley,,True,attachment,amouyal:233,rev,False,rev_base,1b44a5c3a367b9e8e16b9eb8645e474bb342ca6a5ae609b9d5f9fb9147a08fd6,232,0.0001705338800093159,0.9998503923416138,0.9998294661199907,1, No,44097cc22d61cbd736c3a01218013ec32ff2d81c150bf49c526386dab4368047
amouyal:184,amouyal,NPZ,non_gp,simple,Yes,,,,0,328,set_hyp5_21,nonGP_reflexive,simple_question,reflexive,not annotated upstream,the valley,,True,event,amouyal:184,rev,False,rev_base,af7fffbfd82d6bb55c4590d42431c50d6c8391626963943d17e0fbca8b5533f2,219,0.998388946056366,0.9996575117111206,0.998388946056366,1, Yes,
amouyal:184:attachment,amouyal,NPZ,non_gp,simple,Yes,,,,0,328,set_hyp5_21,nonGP_reflexive,simple_question,reflexive,not annotated upstream,the valley,,True,attachment,amouyal:184,rev,False,rev_base,473abbadaf2c78d3163161ad6d914d3e82cbabbaeb606a85cf6e01b0772d5a35,229,0.5649796724319458,0.9959537982940674,0.5649796724319458,1, Yes,30793d2505b9c59738b50e8935314a6b49a010f7db2c5f6a000afbc536fe55e8
amouyal:185,amouyal,NPZ,non_gp,lingering,No,,,,0,329,set_hyp5_21,nonGP_reflexive,GP_question,reflexive,not annotated upstream,the valley,,True,event,amouyal:185,rev,False,rev_base,2df4295b7a71deb15de06629836ad9d01ebc39ad65ceab1d0d53950122803ed7,218,0.9899794459342957,0.9998862743377686,0.010020554065704346,0, Yes,
amouyal:185:attachment,amouyal,NPZ,non_gp,lingering,No,,,,0,329,set_hyp5_21,nonGP_reflexive,GP_question,reflexive,not annotated upstream,the valley,,True,attachment,amouyal:185,rev,False,rev_base,2bf2c8d001665ee9b46a963e256eb2edceb89877e82b0cfa6d2cef5afe20ea79,232,0.0024072646629065275,0.9998186826705933,0.9975927353370935,1, No,44097cc22d61cbd736c3a01218013ec32ff2d81c150bf49c526386dab4368047
amouyal:234,amouyal,NPZ,gp,simple,Yes,,,,0,378,set_hyp5_22,GP_reflexive,simple_question,reflexive,not annotated upstream,the window,,True,event,amouyal:234,rev,False,rev_base,5878f0ae2e4aae43b60e0a9bb56079044cbc0fbada39d387596e11144b03fe75,219,0.3048572838306427,0.9974391460418701,0.3048572838306427,0, No,
amouyal:234:attachment,amouyal,NPZ,gp,simple,Yes,,,,0,378,set_hyp5_22,GP_reflexive,simple_question,reflexive,not annotated upstream,the window,,True,attachment,amouyal:234,rev,False,rev_base,4df07536e3dcf434ca5423f26f6f1627535719583467cfd5e3d82ea98498fd70,229,1.5090690794750117e-06,0.9997640252113342,1.5090690794750117e-06,0, No,f703869918b936486cc9b7db460159dc7d3936a73b0fb8a200eafef2e40b2722
amouyal:235,amouyal,NPZ,gp,lingering,No,,,,0,379,set_hyp5_22,GP_reflexive,GP_question,reflexive,not annotated upstream,the window,,True,event,amouyal:235,rev,False,rev_base,8f3c5de54cd8d27d017a7bd6207f70b1bbbbff04757cbb979a2ef05237093a38,218,2.008267074415926e-05,0.9998436570167542,0.9999799173292558,1, No,
amouyal:235:attachment,amouyal,NPZ,gp,lingering,No,,,,0,379,set_hyp5_22,GP_reflexive,GP_question,reflexive,not annotated upstream,the window,,True,attachment,amouyal:235,rev,False,rev_base,3b7034a3018c1cb1743a999c43f9e1f18369dc8b2bda6079c0967a42af8b4f1c,232,0.00011742743663489819,0.9997739195823669,0.9998825725633651,1, No,5744f7790b28481e3ecfc0a02975f5d7b50479666a47436516adec6fd813c3dd
amouyal:186,amouyal,NPZ,non_gp,simple,Yes,,,,0,330,set_hyp5_22,nonGP_reflexive,simple_question,reflexive,not annotated upstream,the window,,True,event,amouyal:186,rev,False,rev_base,49d58fc5c11b08131768b26b970a4871e4d28c51c198129c2cf599d1f16e7989,219,0.9998066425323486,0.999584972858429,0.9998066425323486,1, Yes,
amouyal:186:attachment,amouyal,NPZ,non_gp,simple,Yes,,,,0,330,set_hyp5_22,nonGP_reflexive,simple_question,reflexive,not annotated upstream,the window,,True,attachment,amouyal:186,rev,False,rev_base,036ad9c9dae7ed10ce33eb0b416a3d7ff22945d4213b452ad9784ab68e13eaf4,229,0.07957816869020462,0.9973538517951965,0.07957816869020462,0, No,f703869918b936486cc9b7db460159dc7d3936a73b0fb8a200eafef2e40b2722
amouyal:187,amouyal,NPZ,non_gp,lingering,No,,,,0,331,set_hyp5_22,nonGP_reflexive,GP_question,reflexive,not annotated upstream,the window,,True,event,amouyal:187,rev,False,rev_base,d97c73ce2bb44ca85af11178b75fd446f785dbee181150e24337d9a89ded9c55,218,1.8712781866270234e-06,0.9998743534088135,0.9999981287218134,1, No,
amouyal:187:attachment,amouyal,NPZ,non_gp,lingering,No,,,,0,331,set_hyp5_22,nonGP_reflexive,GP_question,reflexive,not annotated upstream,the window,,True,attachment,amouyal:187,rev,False,rev_base,22fd73dc72bfa64b60ce8f180d2a2cbec05d723965dcca8e85767f01cc55607c,232,0.0021977690048515797,0.9994891285896301,0.9978022309951484,1, No,5744f7790b28481e3ecfc0a02975f5d7b50479666a47436516adec6fd813c3dd
amouyal:236,amouyal,NPZ,gp,simple,Yes,,,,0,380,set_hyp5_23,GP_reflexive,simple_question,reflexive,not annotated upstream,the fire,,True,event,amouyal:236,rev,False,rev_base,47258952c9647930077e43b7853ea0f1c02b4d10fd4e1c3d7f76119cf8e04985,217,0.9910018444061279,0.9997665286064148,0.9910018444061279,1, Yes,
amouyal:236:attachment,amouyal,NPZ,gp,simple,Yes,,,,0,380,set_hyp5_23,GP_reflexive,simple_question,reflexive,not annotated upstream,the fire,,True,attachment,amouyal:236,rev,False,rev_base,6b47af9635e748841df7f198a4ea78a9efc96e4304054f8e7e087574d33bcf66,228,1.5309416994568892e-05,0.9997756481170654,1.5309416994568892e-05,0, No,ceaedb99a72aa1739592cb3b2d37643f9e0a85fef9cce1c6349c277d53275e7b
amouyal:237,amouyal,NPZ,gp,lingering,No,,,,0,381,set_hyp5_23,GP_reflexive,GP_question,reflexive,not annotated upstream,the fire,,True,event,amouyal:237,rev,False,rev_base,92fb2baf318dca1b79d7573eb1576724669eb0fce3436596aa1809686d39b1be,217,0.0002207947545684874,0.9999602437019348,0.9997792052454315,1, No,
amouyal:237:attachment,amouyal,NPZ,gp,lingering,No,,,,0,381,set_hyp5_23,GP_reflexive,GP_question,reflexive,not annotated upstream,the fire,,True,attachment,amouyal:237,rev,False,rev_base,03f51aaaf62d4ad251cd59e637d747ab8508e7a5f23aec3ac60c1fc7ad205a32,231,0.000279603322269395,0.9997324347496033,0.9997203966777306,1, No,59aff42f205a3f8f4728df16c7b818eeea0a688d013242238cc71985cfe20f59
amouyal:188,amouyal,NPZ,non_gp,simple,Yes,,,,0,332,set_hyp5_23,nonGP_reflexive,simple_question,reflexive,not annotated upstream,the fire,,True,event,amouyal:188,rev,False,rev_base,e52d9018c8ee30bf842f5aa984101fd5433bf7369992e3ab4f102d635c0a46a4,217,0.9999974370002747,0.9995324015617371,0.9999974370002747,1, Yes,
amouyal:188:attachment,amouyal,NPZ,non_gp,simple,Yes,,,,0,332,set_hyp5_23,nonGP_reflexive,simple_question,reflexive,not annotated upstream,the fire,,True,attachment,amouyal:188,rev,False,rev_base,8c22b0c44f778ac7a51f69cc4a2ba642be400e5fbd5409f469d39bb15271df06,228,0.17146368324756622,0.9974997639656067,0.17146368324756622,0, No,ceaedb99a72aa1739592cb3b2d37643f9e0a85fef9cce1c6349c277d53275e7b
amouyal:189,amouyal,NPZ,non_gp,lingering,No,,,,0,333,set_hyp5_23,nonGP_reflexive,GP_question,reflexive,not annotated upstream,the fire,,True,event,amouyal:189,rev,False,rev_base,431d56d3cec423903600fbc75af35a495936462cf50f69c0c6be8e45ae93eb12,217,0.01170665305107832,0.999923586845398,0.9882933469489217,1, No,
amouyal:189:attachment,amouyal,NPZ,non_gp,lingering,No,,,,0,333,set_hyp5_23,nonGP_reflexive,GP_question,reflexive,not annotated upstream,the fire,,True,attachment,amouyal:189,rev,False,rev_base,ee3763e19ff9dfa54d1162b3b1b1ca4af1f5e09bbae0bbda7a096ef1e189e2cc,231,0.00946853682398796,0.9996488094329834,0.990531463176012,1, No,59aff42f205a3f8f4728df16c7b818eeea0a688d013242238cc71985cfe20f59
amouyal:238,amouyal,NPZ,gp,simple,Yes,,,,0,382,set_hyp5_24,GP_reflexive,simple_question,reflexive,not annotated upstream,the boat,,True,event,amouyal:238,rev,False,rev_base,532da9230af3b0991a8539d625929dee6a64e168ef56e7642099af77184a2fed,220,0.9989888668060303,0.9993105530738831,0.9989888668060303,1, Yes,
amouyal:238:attachment,amouyal,NPZ,gp,simple,Yes,,,,0,382,set_hyp5_24,GP_reflexive,simple_question,reflexive,not annotated upstream,the boat,,True,attachment,amouyal:238,rev,False,rev_base,0bb4fcb738b7877556633b5dcc38460ab776749e7ba378bcc1f59488ead343df,230,0.00011603873281273991,0.9997391700744629,0.00011603873281273991,0, No,1a77569de042743064e29e02f0ff6179cc42cdc9980bb8ff24c0601fe3ba0cf9
amouyal:239,amouyal,NPZ,gp,lingering,No,,,,0,383,set_hyp5_24,GP_reflexive,GP_question,reflexive,not annotated upstream,the boat,,True,event,amouyal:239,rev,False,rev_base,b460fde813f388749b2ba592673d38bd14bb56a27550deacd9d3ce43b012cc59,219,0.09124583750963211,0.9996562600135803,0.9087541624903679,1, No,
amouyal:239:attachment,amouyal,NPZ,gp,lingering,No,,,,0,383,set_hyp5_24,GP_reflexive,GP_question,reflexive,not annotated upstream,the boat,,True,attachment,amouyal:239,rev,False,rev_base,684aa42bf2f6101b07a452708f7454d0becf9eabd1ffa07b75467a28fd55b9e4,233,0.00028377858689054847,0.9998878240585327,0.9997162214131095,1, No,638c3cf6ca1541fb1669402670718fee65c25de80731a0be4ce348f0aaf02818
amouyal:190,amouyal,NPZ,non_gp,simple,Yes,,,,0,334,set_hyp5_24,nonGP_reflexive,simple_question,reflexive,not annotated upstream,the boat,,True,event,amouyal:190,rev,False,rev_base,8ef3f18459951ab5cff9bac38b450a3c79bd06c23e6bd0a99f31a1f3881d5bcb,220,0.9999980330467224,0.9997656941413879,0.9999980330467224,1, Yes,
amouyal:190:attachment,amouyal,NPZ,non_gp,simple,Yes,,,,0,334,set_hyp5_24,nonGP_reflexive,simple_question,reflexive,not annotated upstream,the boat,,True,attachment,amouyal:190,rev,False,rev_base,d3df5e41385e64fa4fabcb66fe756b5a16bc0a40d7133b9530b2a1c7abbdf822,230,0.9937259554862976,0.9969692230224609,0.9937259554862976,1, Yes,1a77569de042743064e29e02f0ff6179cc42cdc9980bb8ff24c0601fe3ba0cf9
amouyal:191,amouyal,NPZ,non_gp,lingering,No,,,,0,335,set_hyp5_24,nonGP_reflexive,GP_question,reflexive,not annotated upstream,the boat,,True,event,amouyal:191,rev,False,rev_base,2340722f85d24d4b962d1770d82aecdd062d1e235c0c5b9936564fa115dab72c,219,0.9561343789100647,0.9997484683990479,0.0438656210899353,0, Yes,
amouyal:191:attachment,amouyal,NPZ,non_gp,lingering,No,,,,0,335,set_hyp5_24,nonGP_reflexive,GP_question,reflexive,not annotated upstream,the boat,,True,attachment,amouyal:191,rev,False,rev_base,8ac2503f6859e563105da8b3423c88ff123bf840387f9091bf025710b2667225,233,0.012204655446112156,0.9995675086975098,0.9877953445538878,1, No,638c3cf6ca1541fb1669402670718fee65c25de80731a0be4ce348f0aaf02818
amouyal:240,amouyal,NPZ,gp,simple,Yes,,,,0,384,set_1,GP_prob,simple_question,prob,not annotated upstream,the deer,,True,event,amouyal:240,rev,False,rev_base,e7299c53191770e8fb305713a54160241f38b7485f8407d3ee867106f072f686,219,0.9289065003395081,0.9992693066596985,0.9289065003395081,1, Yes,
amouyal:240:attachment,amouyal,NPZ,gp,simple,Yes,,,,0,384,set_1,GP_prob,simple_question,prob,not annotated upstream,the deer,,True,attachment,amouyal:240,rev,False,rev_base,5b8234e8f908e3e2a935f98fb56d5aa582884b1ebbe1b20c7aa5363e9af0ad42,229,2.3197756036097417e-06,0.9997554421424866,2.3197756036097417e-06,0, No,89ffc6e966e35d5edba5415ee2d80dc3667894c02f259298bebedf6481ccdb31
amouyal:241,amouyal,NPZ,gp,lingering,No,,,,0,385,set_1,GP_prob,GP_question,prob,not annotated upstream,the deer,,True,event,amouyal:241,rev,False,rev_base,bd3e25813625ad0ec883bbe43c9fa5a48f9c984ca3f256d011e03b69b8bb8a8b,218,0.00020572890935000032,0.9999661445617676,0.99979427109065,1, No,
amouyal:241:attachment,amouyal,NPZ,gp,lingering,No,,,,0,385,set_1,GP_prob,GP_question,prob,not annotated upstream,the deer,,True,attachment,amouyal:241,rev,False,rev_base,1752665c8fe026e604e0583981ae645f2adab1c8d54484891dbb54d2b208c0c4,232,4.971332600689493e-05,0.9998014569282532,0.9999502866739931,1, No,4574fa8051e48c262541384223a86d294396cab014211f7b200b436e2883b0e4
amouyal:242,amouyal,NPZ,non_gp,simple,Yes,,,,0,388,set_1,nonGP_prob,simple_question,prob,not annotated upstream,the deer,,True,event,amouyal:242,rev,False,rev_base,073418addcddc3d645a2754947d82b289a0c266c85033221d977d73e3557826e,219,0.9997502565383911,0.9998026490211487,0.9997502565383911,1, Yes,
amouyal:242:attachment,amouyal,NPZ,non_gp,simple,Yes,,,,0,388,set_1,nonGP_prob,simple_question,prob,not annotated upstream,the deer,,True,attachment,amouyal:242,rev,False,rev_base,f1b810f6d9db48b3eb7a843dd834e621d8706145bfad0e179c14044d31e77699,229,0.9966406226158142,0.9954769611358643,0.9966406226158142,1, Yes,89ffc6e966e35d5edba5415ee2d80dc3667894c02f259298bebedf6481ccdb31
amouyal:243,amouyal,NPZ,non_gp,lingering,No,,,,0,389,set_1,nonGP_prob,GP_question,prob,not annotated upstream,the deer,,True,event,amouyal:243,rev,False,rev_base,478fc30012c3d47698feaa36b4698b6daab1fd6e69b1790da30b9105c18c1339,218,0.924626350402832,0.9998541474342346,0.07537364959716797,0, Yes,
amouyal:243:attachment,amouyal,NPZ,non_gp,lingering,No,,,,0,389,set_1,nonGP_prob,GP_question,prob,not annotated upstream,the deer,,True,attachment,amouyal:243,rev,False,rev_base,5991392a3d8e6413e6ed7dc95678f8963c94fc861c997fac104a8b546e250035,232,0.009924535639584064,0.9992403984069824,0.9900754643604159,1, No,4574fa8051e48c262541384223a86d294396cab014211f7b200b436e2883b0e4
amouyal:244,amouyal,NPZ,gp,simple,Yes,,,,0,392,set_2,GP_prob,simple_question,prob,not annotated upstream,the boat,,True,event,amouyal:244,rev,False,rev_base,c84a9fb1cd10a9ee33904d720827978dea0656d4a7e8e89c7e4930b5c996b522,220,0.9998948574066162,0.9997922778129578,0.9998948574066162,1, Yes,
amouyal:244:attachment,amouyal,NPZ,gp,simple,Yes,,,,0,392,set_2,GP_prob,simple_question,prob,not annotated upstream,the boat,,True,attachment,amouyal:244,rev,False,rev_base,7a8575442e40403c1e0d5b50ccd7ec8d0830bbb62cca58889cd64aa055829e34,230,5.920358034927631e-06,0.9998789429664612,5.920358034927631e-06,0, No,1a77569de042743064e29e02f0ff6179cc42cdc9980bb8ff24c0601fe3ba0cf9
amouyal:245,amouyal,NPZ,gp,lingering,No,,,,0,393,set_2,GP_prob,GP_question,prob,not annotated upstream,the boat,,True,event,amouyal:245,rev,False,rev_base,4b26662e5f064ab74f677d893ef94974467b783194ffec954510cdd6daccb878,220,0.9961564540863037,0.9997888207435608,0.003843545913696289,0, Yes,
amouyal:245:attachment,amouyal,NPZ,gp,lingering,No,,,,0,393,set_2,GP_prob,GP_question,prob,not annotated upstream,the boat,,True,attachment,amouyal:245,rev,False,rev_base,c8736389dd99d737be1f10c1200ee05ff6d3366f089d35dbb8a188783d915675,233,0.00018731405725702643,0.999862551689148,0.999812685942743,1, No,638c3cf6ca1541fb1669402670718fee65c25de80731a0be4ce348f0aaf02818
amouyal:246,amouyal,NPZ,non_gp,simple,Yes,,,,0,396,set_2,nonGP_prob,simple_question,prob,not annotated upstream,the boat,,True,event,amouyal:246,rev,False,rev_base,ff4372b587fedd7431efe0934f5acb164095a1ed07a3fde66805323ae6f33666,220,0.9999682307243347,0.9998013973236084,0.9999682307243347,1, Yes,
amouyal:246:attachment,amouyal,NPZ,non_gp,simple,Yes,,,,0,396,set_2,nonGP_prob,simple_question,prob,not annotated upstream,the boat,,True,attachment,amouyal:246,rev,False,rev_base,a21aaf4d843c2dc160437bbd1525f9cb90110bd30ae38e5b7d3dd81713e944f4,230,0.9975621104240417,0.9975930452346802,0.9975621104240417,1, Yes,1a77569de042743064e29e02f0ff6179cc42cdc9980bb8ff24c0601fe3ba0cf9
amouyal:247,amouyal,NPZ,non_gp,lingering,No,,,,0,397,set_2,nonGP_prob,GP_question,prob,not annotated upstream,the boat,,True,event,amouyal:247,rev,False,rev_base,f8a0fe5c8cbb9254abab6f4473df4476add7db7c2e8f65a2fb02be8a4da6b00d,220,0.9969230890274048,0.9997456073760986,0.003076910972595215,0, Yes,
amouyal:247:attachment,amouyal,NPZ,non_gp,lingering,No,,,,0,397,set_2,nonGP_prob,GP_question,prob,not annotated upstream,the boat,,True,attachment,amouyal:247,rev,False,rev_base,4372e5d7ffbd389741aa918f73652fdf99f9b898266865158d6a0d503a487fba,233,0.020789962261915207,0.9993749260902405,0.9792100377380848,1, No,638c3cf6ca1541fb1669402670718fee65c25de80731a0be4ce348f0aaf02818
amouyal:248,amouyal,NPZ,gp,simple,Yes,,,,0,400,set_3,GP_prob,simple_question,prob,not annotated upstream,the symphony,,True,event,amouyal:248,rev,False,rev_base,52d8c6bb9dd4c48792721e125ce4cd3e22f977f57c6fbf907b99f9ac154d995d,221,0.32300621271133423,0.9996896982192993,0.32300621271133423,0, No,
amouyal:248:attachment,amouyal,NPZ,gp,simple,Yes,,,,0,400,set_3,GP_prob,simple_question,prob,not annotated upstream,the symphony,,True,attachment,amouyal:248,rev,False,rev_base,12492cfd604bafb5b7e5b03988d54fc5fe931a1a872fe58ce95409e9766bd0d2,231,6.27108374828822e-06,0.9998902082443237,6.27108374828822e-06,0, No,42f7a909d4d0b8e35b2ec907df63ba88c1ef293725dd6f2fa9d83ae9f275d62f
amouyal:249,amouyal,NPZ,gp,lingering,No,,,,0,401,set_3,GP_prob,GP_question,prob,not annotated upstream,the symphony,,True,event,amouyal:249,rev,False,rev_base,fd23aba6745964229053d83eb58b6cd56ac8096bb848340a48967365b598a4f8,220,0.003878150600939989,0.9999533295631409,0.99612184939906,1, No,
amouyal:249:attachment,amouyal,NPZ,gp,lingering,No,,,,0,401,set_3,GP_prob,GP_question,prob,not annotated upstream,the symphony,,True,attachment,amouyal:249,rev,False,rev_base,fdf747b889ddc2d01b51b1d9dd7de82de45076731770032e9340f2873c942d39,234,0.00034074383438564837,0.9997949004173279,0.9996592561656144,1, No,f73f1295b4a97bab65cd14a438320c05fa846242153d1cb05d8dcb2faf631c63
amouyal:250,amouyal,NPZ,non_gp,simple,Yes,,,,0,404,set_3,nonGP_prob,simple_question,prob,not annotated upstream,the symphony,,True,event,amouyal:250,rev,False,rev_base,cea0111e8ab06f7590dfb0d30ec8ba63c22d9b4d731eb72aff291532d90e7046,221,0.9977350234985352,0.9997413158416748,0.9977350234985352,1, Yes,
amouyal:250:attachment,amouyal,NPZ,non_gp,simple,Yes,,,,0,404,set_3,nonGP_prob,simple_question,prob,not annotated upstream,the symphony,,True,attachment,amouyal:250,rev,False,rev_base,5692932aca90d830e41e8da4f1105f103eeebfdf7ef30f78bf82972d419aa011,231,0.842085599899292,0.9951348900794983,0.842085599899292,1, Yes,42f7a909d4d0b8e35b2ec907df63ba88c1ef293725dd6f2fa9d83ae9f275d62f
amouyal:251,amouyal,NPZ,non_gp,lingering,No,,,,0,405,set_3,nonGP_prob,GP_question,prob,not annotated upstream,the symphony,,True,event,amouyal:251,rev,False,rev_base,73d76d050e331d8431bba9df6204bcad82e4a7de05222bfddd221d13f966050b,220,0.0003272603207733482,0.9999809265136719,0.9996727396792267,1, No,
amouyal:251:attachment,amouyal,NPZ,non_gp,lingering,No,,,,0,405,set_3,nonGP_prob,GP_question,prob,not annotated upstream,the symphony,,True,attachment,amouyal:251,rev,False,rev_base,a198ccf58a7e361507244ffa04d2aaa0a5cac385fec44df69598fa79e553cbe2,234,0.005698814056813717,0.9996465444564819,0.9943011859431863,1, No,f73f1295b4a97bab65cd14a438320c05fa846242153d1cb05d8dcb2faf631c63
amouyal:252,amouyal,NPZ,gp,simple,Yes,,,,0,408,set_4,GP_prob,simple_question,prob,not annotated upstream,the dress,,True,event,amouyal:252,rev,False,rev_base,d4b10af162def164428cadd17f4cc138bd89fc3214f0580e71a28461fdfe5cc5,216,0.8151229023933411,0.9993703961372375,0.8151229023933411,1, Yes,
amouyal:252:attachment,amouyal,NPZ,gp,simple,Yes,,,,0,408,set_4,GP_prob,simple_question,prob,not annotated upstream,the dress,,True,attachment,amouyal:252,rev,False,rev_base,8ed65e3a3f87e0028838ec067a478025e130084e569e1b88bd39e61590da5f27,228,7.307972396120022e-07,0.9996241331100464,7.307972396120022e-07,0, No,35fdb476be51ea1359d18c02aaad39d2a78df86a1605967d6af13732ef982000
amouyal:253,amouyal,NPZ,gp,lingering,No,,,,0,409,set_4,GP_prob,GP_question,prob,not annotated upstream,the dress,,True,event,amouyal:253,rev,False,rev_base,0f11bac0b942eeb5b198956c340c70445207e63925956213cbebfd1a25cf7f04,218,0.028752334415912628,0.9996707439422607,0.9712476655840874,1, No,
amouyal:253:attachment,amouyal,NPZ,gp,lingering,No,,,,0,409,set_4,GP_prob,GP_question,prob,not annotated upstream,the dress,,True,attachment,amouyal:253,rev,False,rev_base,8952b417b0aa0374deb6546f5d5dd6964c5d68dc0d5e1fc9372f65e6595e8b75,231,3.634190943557769e-05,0.9998160600662231,0.9999636580905644,1, No,03e4078dee41a17f0976c42c9b53817a3ff434f90fac912fce8d0a34cdc0d4e9
amouyal:254,amouyal,NPZ,non_gp,simple,Yes,,,,0,412,set_4,nonGP_prob,simple_question,prob,not annotated upstream,the dress,,True,event,amouyal:254,rev,False,rev_base,7b886fdf04617b1b644045ca988097f6c4c08abcefe13e91c8d30e9c746fe040,216,0.9947871565818787,0.9997516870498657,0.9947871565818787,1, Yes,
amouyal:254:attachment,amouyal,NPZ,non_gp,simple,Yes,,,,0,412,set_4,nonGP_prob,simple_question,prob,not annotated upstream,the dress,,True,attachment,amouyal:254,rev,False,rev_base,df5066b9d1ccbb4a8dfd915c4713f1fa6c05ec752571e140f9ff3221511d3af9,228,0.027246667072176933,0.9986593723297119,0.027246667072176933,0, No,35fdb476be51ea1359d18c02aaad39d2a78df86a1605967d6af13732ef982000
amouyal:255,amouyal,NPZ,non_gp,lingering,No,,,,0,413,set_4,nonGP_prob,GP_question,prob,not annotated upstream,the dress,,True,event,amouyal:255,rev,False,rev_base,11b6001dc630cc821424be835cefd0891654f4b40bc404f10f763ad7695eef74,218,0.06741084903478622,0.9995673298835754,0.9325891509652138,1, No,
amouyal:255:attachment,amouyal,NPZ,non_gp,lingering,No,,,,0,413,set_4,nonGP_prob,GP_question,prob,not annotated upstream,the dress,,True,attachment,amouyal:255,rev,False,rev_base,4f4843dd524d0b768f5aac24b9532e9737f8e120ac027162834756e9336f0d05,231,0.02602365054190159,0.9994680881500244,0.9739763494580984,1, No,03e4078dee41a17f0976c42c9b53817a3ff434f90fac912fce8d0a34cdc0d4e9
amouyal:256,amouyal,NPZ,gp,simple,Yes,,,,0,416,set_5,GP_prob,simple_question,prob,not annotated upstream,the letter,,True,event,amouyal:256,rev,False,rev_base,1e0ea44a64eddf0c23a5a78102c85f44a53c62dc5ad2119fabdab5da747ea79a,218,0.1707526594400406,0.9997155666351318,0.1707526594400406,0, No,
amouyal:256:attachment,amouyal,NPZ,gp,simple,Yes,,,,0,416,set_5,GP_prob,simple_question,prob,not annotated upstream,the letter,,True,attachment,amouyal:256,rev,False,rev_base,0789e33a7823290ea2d0cd35584036abb3ab5179aaf6f899ff9e9d6d96833fa5,228,5.544070518226363e-07,0.999799370765686,5.544070518226363e-07,0, No,26aaab70c1d6a5d87a9094fdec76a8f2bb723b61a1885acbef154b97a937206c
amouyal:257,amouyal,NPZ,gp,lingering,No,,,,0,417,set_5,GP_prob,GP_question,prob,not annotated upstream,the letter,,True,event,amouyal:257,rev,False,rev_base,38d473ea9c1f9b75f3b509c343b9d283b46248e4e2d28b08d7ec3b9361ee0ff4,216,3.4562930295578553e-07,0.9999775290489197,0.999999654370697,1, No,
amouyal:257:attachment,amouyal,NPZ,gp,lingering,No,,,,0,417,set_5,GP_prob,GP_question,prob,not annotated upstream,the letter,,True,attachment,amouyal:257,rev,False,rev_base,4bc723c8902ce4d8d6823c1e52e0eab41cf6ec7e3d4e73841d7919c76f39f50c,231,6.558488530572504e-05,0.9999068379402161,0.9999344151146943,1, No,81d2119266c12ef868ef263c241ee449f8cf55d04b6903da2d23e1262aaffe6c
amouyal:258,amouyal,NPZ,non_gp,simple,Yes,,,,0,420,set_5,nonGP_prob,simple_question,prob,not annotated upstream,the letter,,True,event,amouyal:258,rev,False,rev_base,976537cfc285dee799f5a366762b4294f845dc875bb83009b3c998068916e208,218,0.9842438697814941,0.999735414981842,0.9842438697814941,1, Yes,
amouyal:258:attachment,amouyal,NPZ,non_gp,simple,Yes,,,,0,420,set_5,nonGP_prob,simple_question,prob,not annotated upstream,the letter,,True,attachment,amouyal:258,rev,False,rev_base,db8457dfb30c2d66cfaebc13cdfaf6c3e0ef6a3444355427c65b74f082e02eaa,228,0.021312979981303215,0.9987773895263672,0.021312979981303215,0, No,26aaab70c1d6a5d87a9094fdec76a8f2bb723b61a1885acbef154b97a937206c
amouyal:259,amouyal,NPZ,non_gp,lingering,No,,,,0,421,set_5,nonGP_prob,GP_question,prob,not annotated upstream,the letter,,True,event,amouyal:259,rev,False,rev_base,97d3fe00f4cda063505811680181fa9ae25e6cd6f1233d6f65d311a0879badfe,216,0.013382567092776299,0.9998942613601685,0.9866174329072237,1, No,
amouyal:259:attachment,amouyal,NPZ,non_gp,lingering,No,,,,0,421,set_5,nonGP_prob,GP_question,prob,not annotated upstream,the letter,,True,attachment,amouyal:259,rev,False,rev_base,af1764baaa7e8848e8dfc7f81c15c87b712557cb9529712459bbe78b2191c5ac,231,0.022359885275363922,0.9995622038841248,0.9776401147246361,1, No,81d2119266c12ef868ef263c241ee449f8cf55d04b6903da2d23e1262aaffe6c
amouyal:260,amouyal,NPZ,gp,simple,Yes,,,,0,424,set_6,GP_prob,simple_question,prob,not annotated upstream,the tractor,,True,event,amouyal:260,rev,False,rev_base,0480bd9bde89a07519f28c1976038fc546aada19204bda9de164cee9971991ff,218,0.28806284070014954,0.9995229840278625,0.28806284070014954,0, No,
amouyal:260:attachment,amouyal,NPZ,gp,simple,Yes,,,,0,424,set_6,GP_prob,simple_question,prob,not annotated upstream,the tractor,,True,attachment,amouyal:260,rev,False,rev_base,a12433bd60367775dfffcbeaf327bdbeee6410095715bdba15da6854887bb6fc,229,3.160141432090313e-06,0.9997531771659851,3.160141432090313e-06,0, No,7760cae073bc147613bd2b2f072e2a0139f31b9afe66bb2f5cb46a7cab67722f
amouyal:261,amouyal,NPZ,gp,lingering,No,,,,0,425,set_6,GP_prob,GP_question,prob,not annotated upstream,the tractor,,True,event,amouyal:261,rev,False,rev_base,48f11a92c0fe29554f827919ffaff1b548799a86a47a12f53243e1e54ae9ecb9,218,0.0036645703949034214,0.9999340772628784,0.9963354296050966,1, No,
amouyal:261:attachment,amouyal,NPZ,gp,lingering,No,,,,0,425,set_6,GP_prob,GP_question,prob,not annotated upstream,the tractor,,True,attachment,amouyal:261,rev,False,rev_base,71e1d5d05c990657b665777e356ba87686f66d8b3e06d26ac4224ffb818c3fe8,232,8.232321124523878e-05,0.9997095465660095,0.9999176767887548,1, No,02fc525db84c11bbfed8b527b57d2d5c3f594aa26d4dc3aad94c32a341d01445
amouyal:262,amouyal,NPZ,non_gp,simple,Yes,,,,0,428,set_6,nonGP_prob,simple_question,prob,not annotated upstream,the tractor,,True,event,amouyal:262,rev,False,rev_base,a6c1ee7f028056443941e8689b73278faee0201e1502fb5efb454816404b13fa,218,0.9999690651893616,0.9998403191566467,0.9999690651893616,1, Yes,
amouyal:262:attachment,amouyal,NPZ,non_gp,simple,Yes,,,,0,428,set_6,nonGP_prob,simple_question,prob,not annotated upstream,the tractor,,True,attachment,amouyal:262,rev,False,rev_base,2e5f41afb0c96840781a4887c48adef41869bb05134e48ca499c5cf1384fa7e9,229,0.9963898658752441,0.99696284532547,0.9963898658752441,1, Yes,7760cae073bc147613bd2b2f072e2a0139f31b9afe66bb2f5cb46a7cab67722f
amouyal:263,amouyal,NPZ,non_gp,lingering,No,,,,0,429,set_6,nonGP_prob,GP_question,prob,not annotated upstream,the tractor,,True,event,amouyal:263,rev,False,rev_base,ad6945ffe17aa8f3a093a45cdc3bc14b8525697bb0eaa55e879689b391c64ba4,218,0.9984526038169861,0.9996698498725891,0.001547396183013916,0, Yes,
amouyal:263:attachment,amouyal,NPZ,non_gp,lingering,No,,,,0,429,set_6,nonGP_prob,GP_question,prob,not annotated upstream,the tractor,,True,attachment,amouyal:263,rev,False,rev_base,eaafca328ea9c862dfe738ad104846037d75a012c9213efd9f3bb1140eb1e368,232,0.03900564834475517,0.9992108345031738,0.9609943516552448,1, No,02fc525db84c11bbfed8b527b57d2d5c3f594aa26d4dc3aad94c32a341d01445
amouyal:264,amouyal,NPZ,gp,simple,Yes,,,,0,432,set_7,GP_prob,simple_question,prob,not annotated upstream,the contract,,True,event,amouyal:264,rev,False,rev_base,af825c2be3ccc83cd22f4de0ee6d72cec2eb6be97e87bab2ae21c0fb3eeb5c69,223,0.12703248858451843,0.9987200498580933,0.12703248858451843,0, No,
amouyal:264:attachment,amouyal,NPZ,gp,simple,Yes,,,,0,432,set_7,GP_prob,simple_question,prob,not annotated upstream,the contract,,True,attachment,amouyal:264,rev,False,rev_base,10fe7ab260a97021d6491ac581bacb80345cdc3bce398a05db221110ae300b04,231,2.1657306206179783e-06,0.9998866319656372,2.1657306206179783e-06,0, No,505455a156176e941f5a44d7c776be8eedcdfb1ca384638cf597e708dc95f9e3
amouyal:265,amouyal,NPZ,gp,lingering,No,,,,0,433,set_7,GP_prob,GP_question,prob,not annotated upstream,the contract,,True,event,amouyal:265,rev,False,rev_base,c7a11cba170d159e647249119046a060df60bf4eaad613916227af3204cacd36,220,0.004295269027352333,0.9998384714126587,0.9957047309726477,1, No,
amouyal:265:attachment,amouyal,NPZ,gp,lingering,No,,,,0,433,set_7,GP_prob,GP_question,prob,not annotated upstream,the contract,,True,attachment,amouyal:265,rev,False,rev_base,2e73df20c7ba1b675f522c49d57d09e9a8d2db3026bdbdd6e6d7ab05e070c6d9,234,0.00010089590796269476,0.9998983144760132,0.9998991040920373,1, No,e6b25d5fd7d3b9263ac5a5648f1814403fc2ef4dbb45ead85fa73afd4662f472
amouyal:266,amouyal,NPZ,non_gp,simple,Yes,,,,0,436,set_7,nonGP_prob,simple_question,prob,not annotated upstream,the contract,,True,event,amouyal:266,rev,False,rev_base,ea182c31e0e4f08c9d24c48df84dc4b53be74a4fe3fc563c5cef8f44f0e2405c,223,0.9987971186637878,0.9996680021286011,0.9987971186637878,1, Yes,
amouyal:266:attachment,amouyal,NPZ,non_gp,simple,Yes,,,,0,436,set_7,nonGP_prob,simple_question,prob,not annotated upstream,the contract,,True,attachment,amouyal:266,rev,False,rev_base,1b837d3fffacfc15df88ab166b347669c500d709a40c3c341afd72cdbc10a6cd,231,0.9257376194000244,0.9964727759361267,0.9257376194000244,1, Yes,505455a156176e941f5a44d7c776be8eedcdfb1ca384638cf597e708dc95f9e3
amouyal:267,amouyal,NPZ,non_gp,lingering,No,,,,0,437,set_7,nonGP_prob,GP_question,prob,not annotated upstream,the contract,,True,event,amouyal:267,rev,False,rev_base,f6e95021174ed99e19ed00167b05b90b487e1b5fbd0452843f4e9d4d0c1e58a9,220,0.7135189771652222,0.9995333552360535,0.28648102283477783,0, Yes,
amouyal:267:attachment,amouyal,NPZ,non_gp,lingering,No,,,,0,437,set_7,nonGP_prob,GP_question,prob,not annotated upstream,the contract,,True,attachment,amouyal:267,rev,False,rev_base,0fadb013b7901228021e509da9f4b60fd59536663e51811d8d508ce7c95fe981,234,0.01902817003428936,0.9995063543319702,0.9809718299657106,1, No,e6b25d5fd7d3b9263ac5a5648f1814403fc2ef4dbb45ead85fa73afd4662f472
amouyal:268,amouyal,NPZ,gp,simple,Yes,,,,0,440,set_8,GP_prob,simple_question,prob,not annotated upstream,the balls,,True,event,amouyal:268,rev,False,rev_base,80471602d5db121564fe0bf7e025649842c7c1f83f7f1df9931847d54447b5b9,220,0.9694837927818298,0.9995021224021912,0.9694837927818298,1, Yes,
amouyal:268:attachment,amouyal,NPZ,gp,simple,Yes,,,,0,440,set_8,GP_prob,simple_question,prob,not annotated upstream,the balls,,True,attachment,amouyal:268,rev,False,rev_base,280e0b63313f006f8d59fc4b72b0bae397c23402591b3e54835f2adb60f70fb5,230,4.1977963860517775e-07,0.9998607039451599,4.1977963860517775e-07,0, No,f1344e08468d2c2f7166ea9c093cb3bff09086270356827f88b73c88acf36c83
amouyal:269,amouyal,NPZ,gp,lingering,No,,,,0,441,set_8,GP_prob,GP_question,prob,not annotated upstream,the balls,,True,event,amouyal:269,rev,False,rev_base,ea6e41188b6619dff789539b47632e39d8ef1119a3429aa0fc125ed61409ac14,220,0.0003517686855047941,0.9999680519104004,0.9996482313144952,1, No,
amouyal:269:attachment,amouyal,NPZ,gp,lingering,No,,,,0,441,set_8,GP_prob,GP_question,prob,not annotated upstream,the balls,,True,attachment,amouyal:269,rev,False,rev_base,b6c717b74517e8dada3a50c38bac2d54d7105f1d87259313f5aa3ce0d0718453,233,4.5192304241936654e-05,0.9998753666877747,0.9999548076957581,1, No,b7ff1d654d8ba03c2319d0ab767b1753fbf9ed291b203394fa4763fe841ae179
amouyal:270,amouyal,NPZ,non_gp,simple,Yes,,,,0,444,set_8,nonGP_prob,simple_question,prob,not annotated upstream,the balls,,True,event,amouyal:270,rev,False,rev_base,bf5eab9ea8b15bcb36585d8de0638c6b66db66d4988e35519dfc81870bcefa20,220,0.999995231628418,0.9996055364608765,0.999995231628418,1, Yes,
amouyal:270:attachment,amouyal,NPZ,non_gp,simple,Yes,,,,0,444,set_8,nonGP_prob,simple_question,prob,not annotated upstream,the balls,,True,attachment,amouyal:270,rev,False,rev_base,62c6e505472252bcbfa4f4d1fc0b3c9948c1da42edcbf3530d73fff4c8ec16cd,230,0.9133464097976685,0.994482696056366,0.9133464097976685,1, Yes,f1344e08468d2c2f7166ea9c093cb3bff09086270356827f88b73c88acf36c83
amouyal:271,amouyal,NPZ,non_gp,lingering,No,,,,0,445,set_8,nonGP_prob,GP_question,prob,not annotated upstream,the balls,,True,event,amouyal:271,rev,False,rev_base,2cbed9c88750b38b53cc43cc2e9c55806d89a47e4257278cd10ef32b890c2274,220,0.2553347051143646,0.9996735453605652,0.7446652948856354,1, No,
amouyal:271:attachment,amouyal,NPZ,non_gp,lingering,No,,,,0,445,set_8,nonGP_prob,GP_question,prob,not annotated upstream,the balls,,True,attachment,amouyal:271,rev,False,rev_base,3240b162df8f9983b3172f2b12edb7060499dc33ac7c6ee887911b71b36f4320,233,0.021554045379161835,0.9994167685508728,0.9784459546208382,1, No,b7ff1d654d8ba03c2319d0ab767b1753fbf9ed291b203394fa4763fe841ae179
amouyal:272,amouyal,NPZ,gp,simple,Yes,,,,0,448,set_9,GP_prob,simple_question,prob,not annotated upstream,the rug,,True,event,amouyal:272,rev,False,rev_base,cbfebb0022af306f01dced11585dd80c6925c221967266533cde8102c4ce9711,217,0.3248460292816162,0.999436616897583,0.3248460292816162,0, No,
amouyal:272:attachment,amouyal,NPZ,gp,simple,Yes,,,,0,448,set_9,GP_prob,simple_question,prob,not annotated upstream,the rug,,True,attachment,amouyal:272,rev,False,rev_base,783457af6493f8443693a87915f3e45919d8b416fd45ca13490a1ec15acb3afd,228,2.4233681870100554e-06,0.9996424913406372,2.4233681870100554e-06,0, No,33234bd13c0e0fcaf51d439b92e26ee8d65ad5f6d3044684cd1d3ae9210ca094
amouyal:273,amouyal,NPZ,gp,lingering,No,,,,0,449,set_9,GP_prob,GP_question,prob,not annotated upstream,the rug,,True,event,amouyal:273,rev,False,rev_base,49ccbf8f00567daaf072eb49836b74254d475b93d45f04b92ccb295a361fbb07,216,0.01332364697009325,0.9993175864219666,0.9866763530299067,1, No,
amouyal:273:attachment,amouyal,NPZ,gp,lingering,No,,,,0,449,set_9,GP_prob,GP_question,prob,not annotated upstream,the rug,,True,attachment,amouyal:273,rev,False,rev_base,27c78a57a6cf77bada509dd02775fa729a47b51e52f56ec9226dc2be2410e58e,231,9.483112080488354e-05,0.9998541474342346,0.9999051688791951,1, No,a6eae1aed558785c12b3156c8a6d31556fd6336ed04d744d98b3b72711e24fd2
amouyal:274,amouyal,NPZ,non_gp,simple,Yes,,,,0,452,set_9,nonGP_prob,simple_question,prob,not annotated upstream,the rug,,True,event,amouyal:274,rev,False,rev_base,44d8c7edced65c35914f4ecbb042760d6e7301ea1c407797c6833a1eb7ab62d8,217,0.9925220608711243,0.999378502368927,0.9925220608711243,1, Yes,
amouyal:274:attachment,amouyal,NPZ,non_gp,simple,Yes,,,,0,452,set_9,nonGP_prob,simple_question,prob,not annotated upstream,the rug,,True,attachment,amouyal:274,rev,False,rev_base,8e330fe5142ba4d3ec8567f9c2a80e90947e022bd5d34ce6f62422ef97a9c3ec,228,0.2711610198020935,0.994411826133728,0.2711610198020935,0, No,33234bd13c0e0fcaf51d439b92e26ee8d65ad5f6d3044684cd1d3ae9210ca094
amouyal:275,amouyal,NPZ,non_gp,lingering,No,,,,0,453,set_9,nonGP_prob,GP_question,prob,not annotated upstream,the rug,,True,event,amouyal:275,rev,False,rev_base,6cc53a1afa0e2c19f86b7e5c698c3f2bb1a609839fd463321fc08e863dad5573,216,0.6031118631362915,0.9927302598953247,0.3968881368637085,0, Yes,
amouyal:275:attachment,amouyal,NPZ,non_gp,lingering,No,,,,0,453,set_9,nonGP_prob,GP_question,prob,not annotated upstream,the rug,,True,attachment,amouyal:275,rev,False,rev_base,a6b0aad0a7bd38bf7377449984246d97e1094e9dc15f26ca536dea8afb9b05b1,231,0.14932669699192047,0.9984501600265503,0.8506733030080795,1, No,a6eae1aed558785c12b3156c8a6d31556fd6336ed04d744d98b3b72711e24fd2
amouyal:0,amouyal,NPZ,gp,simple,Yes,,,,0,0,set_10,GP_prob,simple_question,prob,not annotated upstream,the memo,,True,event,amouyal:0,rev,True,rev_repair,e475fa2b08c0f4d4d884df847c4e6b9f8439499895476a3d35994846a9ec7b6d,229,0.003001362318173051,0.9999233484268188,0.003001362318173051,0, No,
amouyal:0:attachment,amouyal,NPZ,gp,simple,Yes,,,,0,0,set_10,GP_prob,simple_question,prob,not annotated upstream,the memo,,True,attachment,amouyal:0,rev,True,rev_repair,b561a819da64111c259509c60dff63ff5b637d3c45a0ef749542aa18902f71a3,241,4.282122745280503e-08,0.999987781047821,4.282122745280503e-08,0, No,24e6f0849c9d2225f56da479e2b7f2b44fc064d67aac6d3868fbaa824f796ae3
amouyal:1,amouyal,NPZ,gp,lingering,No,,,,0,1,set_10,GP_prob,GP_question,prob,not annotated upstream,the memo,,True,event,amouyal:1,rev,True,rev_repair,7bf25fed97cea8056262059d540f861f1053a175932ce9023714adbc85a3ad23,230,0.04286862909793854,0.9998436570167542,0.9571313709020615,1, No,
amouyal:1:attachment,amouyal,NPZ,gp,lingering,No,,,,0,1,set_10,GP_prob,GP_question,prob,not annotated upstream,the memo,,True,attachment,amouyal:1,rev,True,rev_repair,04b17e982c0b4652a8b33df77d7683d8f8aafe77e573fae2e8c6b488247c0bc4,244,1.8945712554341299e-06,0.999968409538269,0.9999981054287446,1, No,edad6ac7eec615b0ce5b9ce35dcb5fc9cd83498b48956357134a4e69d72e54de
amouyal:2,amouyal,NPZ,non_gp,simple,Yes,,,,0,4,set_10,nonGP_prob,simple_question,prob,not annotated upstream,the memo,,True,event,amouyal:2,rev,True,rev_repair,a6dfa39ce70a2426ac5bb14e04228dbf1a3e0b652efca499e4fbbc3f507d1a94,229,0.5371013879776001,0.9996731281280518,0.5371013879776001,1, Yes,
amouyal:2:attachment,amouyal,NPZ,non_gp,simple,Yes,,,,0,4,set_10,nonGP_prob,simple_question,prob,not annotated upstream,the memo,,True,attachment,amouyal:2,rev,True,rev_repair,ac64b8b2a68349302e07c785bf1a8ed7e4abe02cf3f69342555de7bd1beff792,241,0.6371088027954102,0.9985212087631226,0.6371088027954102,1, Yes,24e6f0849c9d2225f56da479e2b7f2b44fc064d67aac6d3868fbaa824f796ae3
amouyal:3,amouyal,NPZ,non_gp,lingering,No,,,,0,5,set_10,nonGP_prob,GP_question,prob,not annotated upstream,the memo,,True,event,amouyal:3,rev,True,rev_repair,4f371ea6122ce73655f00abae5dde1fb2f66f75fd217fd8f3ac9d36cbc11fa09,230,0.0008480625692754984,0.9997175335884094,0.9991519374307245,1, No,
amouyal:3:attachment,amouyal,NPZ,non_gp,lingering,No,,,,0,5,set_10,nonGP_prob,GP_question,prob,not annotated upstream,the memo,,True,attachment,amouyal:3,rev,True,rev_repair,3e8ee79ae531de2bab6360c93110321cf1d1528fa631729d03d6ce1b8dcbc67f,244,0.016186853870749474,0.9998472929000854,0.9838131461292505,1, No,edad6ac7eec615b0ce5b9ce35dcb5fc9cd83498b48956357134a4e69d72e54de
amouyal:4,amouyal,NPZ,gp,simple,Yes,,,,0,8,set_11,GP_prob,simple_question,prob,not annotated upstream,the canoe,,True,event,amouyal:4,rev,True,rev_repair,856fd0da0ebb14e22f213f80153437c95afa84a37a7f30456a5a57d553f763bb,233,0.7257311344146729,0.9997743368148804,0.7257311344146729,1, Yes,
amouyal:4:attachment,amouyal,NPZ,gp,simple,Yes,,,,0,8,set_11,GP_prob,simple_question,prob,not annotated upstream,the canoe,,True,attachment,amouyal:4,rev,True,rev_repair,15a11a2d460239c49268015378004b65827b57973c25768d8c94b23f62c3c4d6,243,2.896843795952009e-07,0.9999868869781494,2.896843795952009e-07,0, No,89743ecf107d6926c4df3b21e6e01638b21cf2ad9688e140971bc7786c90a425
amouyal:5,amouyal,NPZ,gp,lingering,No,,,,0,9,set_11,GP_prob,GP_question,prob,not annotated upstream,the canoe,,True,event,amouyal:5,rev,True,rev_repair,cdb58bb256be0551bd40b80478fec2ac861afb6816fa3fccf8076d68d9ca44e7,232,0.9900468587875366,0.9998909831047058,0.009953141212463379,0, Yes,
amouyal:5:attachment,amouyal,NPZ,gp,lingering,No,,,,0,9,set_11,GP_prob,GP_question,prob,not annotated upstream,the canoe,,True,attachment,amouyal:5,rev,True,rev_repair,246373c555d5267dfefb760b4ccdc0ba3ffe2c489f9a0fa52c4f3e8104e6a966,246,2.0497289369814098e-05,0.999954879283905,0.9999795027106302,1, No,c50c402bbef2ce84176202995f57bf2c1fcb40030f5c39f00a274f1dcddbb723
amouyal:6,amouyal,NPZ,non_gp,simple,Yes,,,,0,12,set_11,nonGP_prob,simple_question,prob,not annotated upstream,the canoe,,True,event,amouyal:6,rev,True,rev_repair,c2fdd65a0c0c12f155442375f7ad5d9063d21a7e7b4d672e64c1126ca2a660e9,233,0.9996194839477539,0.9998674392700195,0.9996194839477539,1, Yes,
amouyal:6:attachment,amouyal,NPZ,non_gp,simple,Yes,,,,0,12,set_11,nonGP_prob,simple_question,prob,not annotated upstream,the canoe,,True,attachment,amouyal:6,rev,True,rev_repair,8239b5c5958bd83f412eeb171fe34a1745e40f03296c79601bfa8aad39a195b1,243,0.6031356453895569,0.9988524913787842,0.6031356453895569,1, Yes,89743ecf107d6926c4df3b21e6e01638b21cf2ad9688e140971bc7786c90a425
amouyal:7,amouyal,NPZ,non_gp,lingering,No,,,,0,13,set_11,nonGP_prob,GP_question,prob,not annotated upstream,the canoe,,True,event,amouyal:7,rev,True,rev_repair,1f49cb259343b15aad9f7758778b9241ee0730748129d1cadcb1ad78a01e05ea,232,0.9731506705284119,0.9998505115509033,0.026849329471588135,0, Yes,
amouyal:7:attachment,amouyal,NPZ,non_gp,lingering,No,,,,0,13,set_11,nonGP_prob,GP_question,prob,not annotated upstream,the canoe,,True,attachment,amouyal:7,rev,True,rev_repair,db520d0c38bf6797874efc5b5e88f8d699938c6d8c7750c503fb210eb558a95d,246,0.02005036361515522,0.9997791051864624,0.9799496363848448,1, No,c50c402bbef2ce84176202995f57bf2c1fcb40030f5c39f00a274f1dcddbb723
amouyal:8,amouyal,NPZ,gp,simple,Yes,,,,0,16,set_12,GP_prob,simple_question,prob,not annotated upstream,the horse,,True,event,amouyal:8,rev,True,rev_repair,fa17b286002bf3b694f5b0e84407ebe2fa037d8d2d69482997854e36f894c9d1,233,0.4170500934123993,0.9996975660324097,0.4170500934123993,0, No,
amouyal:8:attachment,amouyal,NPZ,gp,simple,Yes,,,,0,16,set_12,GP_prob,simple_question,prob,not annotated upstream,the horse,,True,attachment,amouyal:8,rev,True,rev_repair,d1540c66c469c7915c0783395e506ebfe192b6d7ec802b57c724b2fd7eb32aa1,243,5.161304272860434e-08,0.9999849796295166,5.161304272860434e-08,0, No,8c6af6d5f483fb559cc3d89a17cebf5ce9f0cef453ff7f4961aec5a45f44afcc
amouyal:9,amouyal,NPZ,gp,lingering,No,,,,0,17,set_12,GP_prob,GP_question,prob,not annotated upstream,the horse,,True,event,amouyal:9,rev,True,rev_repair,2d72044d32786bbb54f93d21e8c767d798b0c7435c43967175f60d4c35750e95,232,0.7857598066329956,0.9998728632926941,0.2142401933670044,0, Yes,
amouyal:9:attachment,amouyal,NPZ,gp,lingering,No,,,,0,17,set_12,GP_prob,GP_question,prob,not annotated upstream,the horse,,True,attachment,amouyal:9,rev,True,rev_repair,71f16851bde6f1d100fea7a12bbb34193bb8da7865bb645b746887bca35eaf55,246,1.024467223942338e-06,0.9999748468399048,0.9999989755327761,1, No,9a755ac496f13ae5f2c388965641bf2dfa1cd2c83cc4f318324219cedf67eb8f
amouyal:10,amouyal,NPZ,non_gp,simple,Yes,,,,0,20,set_12,nonGP_prob,simple_question,prob,not annotated upstream,the horse,,True,event,amouyal:10,rev,True,rev_repair,81c571ff96680da84278ff7fcdefe06132e7c037ee8fa2dfe7b8ffcecc0e3d37,233,0.9999129176139832,0.9999136328697205,0.9999129176139832,1, Yes,
amouyal:10:attachment,amouyal,NPZ,non_gp,simple,Yes,,,,0,20,set_12,nonGP_prob,simple_question,prob,not annotated upstream,the horse,,True,attachment,amouyal:10,rev,True,rev_repair,f0ca3dc74ed82cfe120d634e43c96109bcf6221b62a961800382d87b50eef24c,243,0.9974174499511719,0.9987429976463318,0.9974174499511719,1, Yes,8c6af6d5f483fb559cc3d89a17cebf5ce9f0cef453ff7f4961aec5a45f44afcc
amouyal:11,amouyal,NPZ,non_gp,lingering,No,,,,0,21,set_12,nonGP_prob,GP_question,prob,not annotated upstream,the horse,,True,event,amouyal:11,rev,True,rev_repair,72822a5288d73ead31b1eaa737eb6aa37b5561d4bc2aee7ed2b82ed033ca4093,232,0.999859631061554,0.9998180270195007,0.00014036893844604492,0, Yes,
amouyal:11:attachment,amouyal,NPZ,non_gp,lingering,No,,,,0,21,set_12,nonGP_prob,GP_question,prob,not annotated upstream,the horse,,True,attachment,amouyal:11,rev,True,rev_repair,b8e1db2b1176c2e5d2022f146af2add5ee3153ae1c00696df4eb72c3d20f68a4,246,0.002375140553340316,0.9998652338981628,0.9976248594466597,1, No,9a755ac496f13ae5f2c388965641bf2dfa1cd2c83cc4f318324219cedf67eb8f
amouyal:12,amouyal,NPZ,gp,simple,Yes,,,,0,24,set_13,GP_prob,simple_question,prob,not annotated upstream,the hot dog,,True,event,amouyal:12,rev,True,rev_repair,15e00cd95632c514809c55f36aa436a4ded189b34702367cb0f91df008de9aaa,231,0.1258998066186905,0.9998022317886353,0.1258998066186905,0, No,
amouyal:12:attachment,amouyal,NPZ,gp,simple,Yes,,,,0,24,set_13,GP_prob,simple_question,prob,not annotated upstream,the hot dog,,True,attachment,amouyal:12,rev,True,rev_repair,9541b6740c94dfd6ab47cad59cc834f3ec32189c3787c31dc2d9a8cc87d7065e,242,2.3698845552644343e-08,0.9999784231185913,2.3698845552644343e-08,0, No,53b3e88efb9da4586c81a9053c259f86a71547191f2203d6591dd04727428e56
amouyal:13,amouyal,NPZ,gp,lingering,No,,,,0,25,set_13,GP_prob,GP_question,prob,not annotated upstream,the hot dog,,True,event,amouyal:13,rev,True,rev_repair,5f9c151b562481fa8c9094e3f35e2487108fd6433d8aed94a3316206629d4770,230,1.461987540096743e-05,0.9999781847000122,0.999985380124599,1, No,
amouyal:13:attachment,amouyal,NPZ,gp,lingering,No,,,,0,25,set_13,GP_prob,GP_question,prob,not annotated upstream,the hot dog,,True,attachment,amouyal:13,rev,True,rev_repair,063b4da8a56517aff63145a0da3e0f0a76344a6d07a8bc59797fc3683049fdd0,245,1.7266220311284997e-05,0.9999675154685974,0.9999827337796887,1, No,2c22c048d096ea85d217ee0a0ee6d813aaf83740ddca3eed48b937549ec303a0
amouyal:14,amouyal,NPZ,non_gp,simple,Yes,,,,0,28,set_13,nonGP_prob,simple_question,prob,not annotated upstream,the hot dog,,True,event,amouyal:14,rev,True,rev_repair,d65d3df0e0196de780911028fc651b8b80a96035cd5b12411c2814b5cf147a34,231,0.9982144236564636,0.9998645186424255,0.9982144236564636,1, Yes,
amouyal:14:attachment,amouyal,NPZ,non_gp,simple,Yes,,,,0,28,set_13,nonGP_prob,simple_question,prob,not annotated upstream,the hot dog,,True,attachment,amouyal:14,rev,True,rev_repair,0ee1255ea774dfbb03409d75a4bd581db981b4fd11070a8eaeccd8c50956a7c5,242,0.018132347613573074,0.9997374415397644,0.018132347613573074,0, No,53b3e88efb9da4586c81a9053c259f86a71547191f2203d6591dd04727428e56
amouyal:15,amouyal,NPZ,non_gp,lingering,No,,,,0,29,set_13,nonGP_prob,GP_question,prob,not annotated upstream,the hot dog,,True,event,amouyal:15,rev,True,rev_repair,5fc4e2a762a70a42caf22f01b9e34a08aa27f3405a24f11d0a9263cd2a99d5eb,230,0.006595207843929529,0.9998354315757751,0.9934047921560705,1, No,
amouyal:15:attachment,amouyal,NPZ,non_gp,lingering,No,,,,0,29,set_13,nonGP_prob,GP_question,prob,not annotated upstream,the hot dog,,True,attachment,amouyal:15,rev,True,rev_repair,f3e465a3704a0797247ddb065ad6d7751fc478241339d0f64d7cd2d281df4c91,245,0.008892010897397995,0.9998865127563477,0.991107989102602,1, No,2c22c048d096ea85d217ee0a0ee6d813aaf83740ddca3eed48b937549ec303a0
amouyal:16,amouyal,NPZ,gp,simple,Yes,,,,0,32,set_14,GP_prob,simple_question,prob,not annotated upstream,the building,,True,event,amouyal:16,rev,True,rev_repair,8b1a5b0fc19ce3c29bf235af131132abdbca65906e4dd28466c12a685ef62b1f,232,1.448526109015802e-05,0.9999091625213623,1.448526109015802e-05,0, No,
amouyal:16:attachment,amouyal,NPZ,gp,simple,Yes,,,,0,32,set_14,GP_prob,simple_question,prob,not annotated upstream,the building,,True,attachment,amouyal:16,rev,True,rev_repair,776979391a028aebc31698b2b2b7788acdd1cb3b07b6d08260bd5293a89a3e8c,242,6.284630416075743e-08,0.9999735951423645,6.284630416075743e-08,0, No,cd46c165e6dfa4b7197a18ca412f4c5af8081538ee194d010c3a3a0318cabbc9
amouyal:17,amouyal,NPZ,gp,lingering,No,,,,0,33,set_14,GP_prob,GP_question,prob,not annotated upstream,the building,,True,event,amouyal:17,rev,True,rev_repair,4c9151d395cedad2bc4dc757536ac59b7f83f64941ac7910899c3a2137f468ca,231,0.001824082457460463,0.9998928308486938,0.9981759175425395,1, No,
amouyal:17:attachment,amouyal,NPZ,gp,lingering,No,,,,0,33,set_14,GP_prob,GP_question,prob,not annotated upstream,the building,,True,attachment,amouyal:17,rev,True,rev_repair,d77216c59ba2a6871dd720ef1a3e48175d184bb9486c4b5f3a7aaec699fa97dd,245,7.910947715572547e-06,0.9999051094055176,0.9999920890522844,1, No,155d28aa2aad60e181c3b6ffd1709943c1e9f1d65cb7605cdd33a947cd8f1980
amouyal:18,amouyal,NPZ,non_gp,simple,Yes,,,,0,36,set_14,nonGP_prob,simple_question,prob,not annotated upstream,the building,,True,event,amouyal:18,rev,True,rev_repair,6dc0ed5d238d30b01ca9494bd75e6cbc08c5a1a94acb0fdf25d60baf678e7a48,232,0.021619001403450966,0.9998515844345093,0.021619001403450966,0, No,
amouyal:18:attachment,amouyal,NPZ,non_gp,simple,Yes,,,,0,36,set_14,nonGP_prob,simple_question,prob,not annotated upstream,the building,,True,attachment,amouyal:18,rev,True,rev_repair,1aa1c53ea978d46694579ddcc6b9967f07d2e3c0595a16e05d13408315a3a007,242,0.00015027054178062826,0.9999563097953796,0.00015027054178062826,0, No,cd46c165e6dfa4b7197a18ca412f4c5af8081538ee194d010c3a3a0318cabbc9
amouyal:19,amouyal,NPZ,non_gp,lingering,No,,,,0,37,set_14,nonGP_prob,GP_question,prob,not annotated upstream,the building,,True,event,amouyal:19,rev,True,rev_repair,bc7289954a6cdcfd0bd9affc7dc2bff70c746d08aee46241c4f144999144773f,231,8.487289449021773e-08,0.9999172687530518,0.9999999151271055,1, No,
amouyal:19:attachment,amouyal,NPZ,non_gp,lingering,No,,,,0,37,set_14,nonGP_prob,GP_question,prob,not annotated upstream,the building,,True,attachment,amouyal:19,rev,True,rev_repair,948083efe794a4c3f3755b9a17391e72a81f158a5a457c47e885ff03c332d47f,245,0.00037191345472820103,0.9999417066574097,0.9996280865452718,1, No,155d28aa2aad60e181c3b6ffd1709943c1e9f1d65cb7605cdd33a947cd8f1980
amouyal:20,amouyal,NPZ,gp,simple,Yes,,,,0,40,set_15,GP_prob,simple_question,prob,not annotated upstream,the soup,,True,event,amouyal:20,rev,True,rev_repair,25819c4b054d6fece19bee52555e52b3010e1966d760b241577d4052ab909cff,228,0.9968110918998718,0.9998809099197388,0.9968110918998718,1, Yes,
amouyal:20:attachment,amouyal,NPZ,gp,simple,Yes,,,,0,40,set_15,GP_prob,simple_question,prob,not annotated upstream,the soup,,True,attachment,amouyal:20,rev,True,rev_repair,21c4fe83ce5f07720ad1696c07e791955f00a1c4fe9b24d2e6156ce015edcf37,240,3.011912212969037e-07,0.9999797940254211,3.011912212969037e-07,0, No,0ec75e2a2f8c6ee42d0a8fc4d4c8ef0fed7ee776be041976d7721a1050e8c32d
amouyal:21,amouyal,NPZ,gp,lingering,No,,,,0,41,set_15,GP_prob,GP_question,prob,not annotated upstream,the soup,,True,event,amouyal:21,rev,True,rev_repair,bc2ebc5135037a3ec3a48ce02e8fecbdfc6134c3fd4a4de978bce02e3bbfd6bd,229,0.9976090788841248,0.9998267889022827,0.002390921115875244,0, Yes,
amouyal:21:attachment,amouyal,NPZ,gp,lingering,No,,,,0,41,set_15,GP_prob,GP_question,prob,not annotated upstream,the soup,,True,attachment,amouyal:21,rev,True,rev_repair,3dd5f2ecaee4502d3a1ce1520121ee0ea95820640c4b861927d276777027d30c,243,0.00025370452203787863,0.9999641180038452,0.9997462954779621,1, No,002944262eef12a6efcd26ef5fd5c23d583910a1d8fec61a30bbe3cf347620ff
amouyal:22,amouyal,NPZ,non_gp,simple,Yes,,,,0,44,set_15,nonGP_prob,simple_question,prob,not annotated upstream,the soup,,True,event,amouyal:22,rev,True,rev_repair,457b2471d74c803130bac2ffdb2c51c5eef017a29b2e47f22bc5f3e0ef82729d,228,0.9998363256454468,0.9998826384544373,0.9998363256454468,1, Yes,
amouyal:22:attachment,amouyal,NPZ,non_gp,simple,Yes,,,,0,44,set_15,nonGP_prob,simple_question,prob,not annotated upstream,the soup,,True,attachment,amouyal:22,rev,True,rev_repair,f462be8b62533b8bb4a12d139cda84a1a34212cf95f47fdf886673bde5b64f72,240,0.6077294945716858,0.9984486699104309,0.6077294945716858,1, Yes,0ec75e2a2f8c6ee42d0a8fc4d4c8ef0fed7ee776be041976d7721a1050e8c32d
amouyal:23,amouyal,NPZ,non_gp,lingering,No,,,,0,45,set_15,nonGP_prob,GP_question,prob,not annotated upstream,the soup,,True,event,amouyal:23,rev,True,rev_repair,90048d0721008744548f281cba4c34fe899facb03a7e80d25394387330b9e404,229,0.9988328218460083,0.9998259544372559,0.0011671781539916992,0, Yes,
amouyal:23:attachment,amouyal,NPZ,non_gp,lingering,No,,,,0,45,set_15,nonGP_prob,GP_question,prob,not annotated upstream,the soup,,True,attachment,amouyal:23,rev,True,rev_repair,797b18ba361ef0f7dd6748e4edfe3fac11cb97cde864de3446ebd2ad464490c8,243,0.09104815125465393,0.99969881772995,0.9089518487453461,1, No,002944262eef12a6efcd26ef5fd5c23d583910a1d8fec61a30bbe3cf347620ff
amouyal:24,amouyal,NPZ,gp,simple,Yes,,,,0,48,set_16,GP_prob,simple_question,prob,not annotated upstream,the tunnel,,True,event,amouyal:24,rev,True,rev_repair,b31a683a9f2c4169b61c1c69c51ef35bdcd18131beb7324ad778150e31f811ab,232,0.31570619344711304,0.9997081756591797,0.31570619344711304,0, No,
amouyal:24:attachment,amouyal,NPZ,gp,simple,Yes,,,,0,48,set_16,GP_prob,simple_question,prob,not annotated upstream,the tunnel,,True,attachment,amouyal:24,rev,True,rev_repair,961f8467dab5be2231ae020bf2607ccdf494eb27b4d9009234e438c35f4c0bbd,242,1.7239941030311456e-08,0.9999821186065674,1.7239941030311456e-08,0, No,d86ecd7dac837ec2a11109bbfe503c25cd60ce37dc34bfe377c178ff53597eac
amouyal:25,amouyal,NPZ,gp,lingering,No,,,,0,49,set_16,GP_prob,GP_question,prob,not annotated upstream,the tunnel,,True,event,amouyal:25,rev,True,rev_repair,efae8eeb15c70005abc5067d9faa221cecc0614daf40df5671862055bba8e105,231,0.014984802342951298,0.9999601244926453,0.9850151976570487,1, No,
amouyal:25:attachment,amouyal,NPZ,gp,lingering,No,,,,0,49,set_16,GP_prob,GP_question,prob,not annotated upstream,the tunnel,,True,attachment,amouyal:25,rev,True,rev_repair,8704b6f406b006aaa331c1f5f017c579fe4602c17f9a73f2b2014538dac65008,245,2.3741974928270793e-06,0.9999631643295288,0.9999976258025072,1, No,5e953ffb2edcc8a9474f31c6faadd5d701197624a7ef70beeedf7d8ea3e27686
amouyal:26,amouyal,NPZ,non_gp,simple,Yes,,,,0,52,set_16,nonGP_prob,simple_question,prob,not annotated upstream,the tunnel,,True,event,amouyal:26,rev,True,rev_repair,62e1e24413e23cf1c9ae8bd119dd25032b24088302b9206ab5351ac7fb302df5,232,0.9999514222145081,0.9998735785484314,0.9999514222145081,1, Yes,
amouyal:26:attachment,amouyal,NPZ,non_gp,simple,Yes,,,,0,52,set_16,nonGP_prob,simple_question,prob,not annotated upstream,the tunnel,,True,attachment,amouyal:26,rev,True,rev_repair,73f24360cb66a73a3b117d3f7815178eab5d2e07ea4c3f278b2c2175721e4376,242,0.25957000255584717,0.9989429712295532,0.25957000255584717,0, No,d86ecd7dac837ec2a11109bbfe503c25cd60ce37dc34bfe377c178ff53597eac
amouyal:27,amouyal,NPZ,non_gp,lingering,No,,,,0,53,set_16,nonGP_prob,GP_question,prob,not annotated upstream,the tunnel,,True,event,amouyal:27,rev,True,rev_repair,28519880bc56190105fd953e042fefb0724098b8876b90f58b454afae08da97e,231,0.9997650384902954,0.9998305439949036,0.00023496150970458984,0, Yes,
amouyal:27:attachment,amouyal,NPZ,non_gp,lingering,No,,,,0,53,set_16,nonGP_prob,GP_question,prob,not annotated upstream,the tunnel,,True,attachment,amouyal:27,rev,True,rev_repair,ac24d70e372ea76504221072e676084fb2f31690f529edf5352997dfd5ae3a68,245,0.009911032393574715,0.9998889565467834,0.9900889676064253,1, No,5e953ffb2edcc8a9474f31c6faadd5d701197624a7ef70beeedf7d8ea3e27686
amouyal:28,amouyal,NPZ,gp,simple,Yes,,,,0,56,set_17,GP_prob,simple_question,prob,not annotated upstream,the water,,True,event,amouyal:28,rev,True,rev_repair,5e9c08a7c6c11d655ded210de2081843cf5ad1d3d900795a9c7ae49e2e91edf6,232,0.9897463321685791,0.9998113512992859,0.9897463321685791,1, Yes,
amouyal:28:attachment,amouyal,NPZ,gp,simple,Yes,,,,0,56,set_17,GP_prob,simple_question,prob,not annotated upstream,the water,,True,attachment,amouyal:28,rev,True,rev_repair,e0e0d8acf6bd393aa42b399dae35ff9ecddb7bd587a481ed2da37086eb0df69e,242,6.114112238719827e-08,0.9999755620956421,6.114112238719827e-08,0, No,183375dafed23a2cebb46f014846ca65fa12f8421e2ab37e87a0001861ed6881
amouyal:29,amouyal,NPZ,gp,lingering,No,,,,0,57,set_17,GP_prob,GP_question,prob,not annotated upstream,the water,,True,event,amouyal:29,rev,True,rev_repair,17f00ffc9138d355344723573bcd8c99b907af7e51452cc3293d4649146d131e,231,0.4856368601322174,0.9997958540916443,0.5143631398677826,1, No,
amouyal:29:attachment,amouyal,NPZ,gp,lingering,No,,,,0,57,set_17,GP_prob,GP_question,prob,not annotated upstream,the water,,True,attachment,amouyal:29,rev,True,rev_repair,e65a34a112e59648a8c1cb08f29916781e574d6c0618442f892e0945aae7ebdf,245,7.874366565374658e-05,0.999936044216156,0.9999212563343463,1, No,c75a784b86cc6698bdb495d1d8e50554adc80d394a3056e714b75294367a0810
amouyal:30,amouyal,NPZ,non_gp,simple,Yes,,,,0,60,set_17,nonGP_prob,simple_question,prob,not annotated upstream,the water,,True,event,amouyal:30,rev,True,rev_repair,974b084b7701d97aa8f3bca2d33d56cbd2be8c6abdbf44688a05b83f0a32c393,232,0.9999663829803467,0.9998852610588074,0.9999663829803467,1, Yes,
amouyal:30:attachment,amouyal,NPZ,non_gp,simple,Yes,,,,0,60,set_17,nonGP_prob,simple_question,prob,not annotated upstream,the water,,True,attachment,amouyal:30,rev,True,rev_repair,52260dc16c30edf9ae4d3e54c95113f37826226e30e784216ec9e38dbf9182c0,242,0.060147300362586975,0.9993501901626587,0.060147300362586975,0, No,183375dafed23a2cebb46f014846ca65fa12f8421e2ab37e87a0001861ed6881
amouyal:31,amouyal,NPZ,non_gp,lingering,No,,,,0,61,set_17,nonGP_prob,GP_question,prob,not annotated upstream,the water,,True,event,amouyal:31,rev,True,rev_repair,ac952b9f64148f83f7561aebfacf1e68a3ac6225681698599d42b34c0e1ce12e,231,8.251167855632957e-06,0.9999695420265198,0.9999917488321444,1, No,
amouyal:31:attachment,amouyal,NPZ,non_gp,lingering,No,,,,0,61,set_17,nonGP_prob,GP_question,prob,not annotated upstream,the water,,True,attachment,amouyal:31,rev,True,rev_repair,c16b3b88cfba9c490e45a2b34c94a3dc4a653fe620b698a3931531fe8c686669,245,0.002594568068161607,0.9998648762702942,0.9974054319318384,1, No,c75a784b86cc6698bdb495d1d8e50554adc80d394a3056e714b75294367a0810
amouyal:32,amouyal,NPZ,gp,simple,Yes,,,,0,64,set_18,GP_prob,simple_question,prob,not annotated upstream,the frog,,True,event,amouyal:32,rev,True,rev_repair,d630b66b62ac87ad67b1a50610821f3bdc3fff53fba93ee4f59da7f81be5a29e,228,0.0458989143371582,0.9999260902404785,0.0458989143371582,0, No,
amouyal:32:attachment,amouyal,NPZ,gp,simple,Yes,,,,0,64,set_18,GP_prob,simple_question,prob,not annotated upstream,the frog,,True,attachment,amouyal:32,rev,True,rev_repair,485281087a827942240ce9de7c99a3e9361bd1efc2c746e0ac24956c1b205031,240,3.3935787513428295e-08,0.9999842047691345,3.3935787513428295e-08,0, No,efda55021619097884d4cd79d1bce3b44f02286b8b69353e15c610b235cc7762
amouyal:33,amouyal,NPZ,gp,lingering,No,,,,0,65,set_18,GP_prob,GP_question,prob,not annotated upstream,the frog,,True,event,amouyal:33,rev,True,rev_repair,c7bfb8d099ac05f4af37038efbbcd5435b439eee48e5d6172b79adec8768822a,229,1.0966004083456937e-05,0.9999957084655762,0.9999890339959165,1, No,
amouyal:33:attachment,amouyal,NPZ,gp,lingering,No,,,,0,65,set_18,GP_prob,GP_question,prob,not annotated upstream,the frog,,True,attachment,amouyal:33,rev,True,rev_repair,dc06e6d57f919876f372a01c52f5a0b79129c2ef262298f4b59bcc0b01bb303d,243,3.8447078054559825e-07,0.9999798536300659,0.9999996155292195,1, No,1e532a0a54c40328f06185927b3333cfb76b0fbe99c6c31ddcfe0a13d45e5941
amouyal:34,amouyal,NPZ,non_gp,simple,Yes,,,,0,68,set_18,nonGP_prob,simple_question,prob,not annotated upstream,the frog,,True,event,amouyal:34,rev,True,rev_repair,026d3f7cf93db343bf29e7b9c47f10b5e5fbc8176b804c110cd833ac3ebd79dc,228,0.9940579533576965,0.9997349381446838,0.9940579533576965,1, Yes,
amouyal:34:attachment,amouyal,NPZ,non_gp,simple,Yes,,,,0,68,set_18,nonGP_prob,simple_question,prob,not annotated upstream,the frog,,True,attachment,amouyal:34,rev,True,rev_repair,27e6249eb0a56a193be304bf76cd85ac6b7501458738aca653d7bc1287559ff6,240,0.919878363609314,0.9978218078613281,0.919878363609314,1, Yes,efda55021619097884d4cd79d1bce3b44f02286b8b69353e15c610b235cc7762
amouyal:35,amouyal,NPZ,non_gp,lingering,No,,,,0,69,set_18,nonGP_prob,GP_question,prob,not annotated upstream,the frog,,True,event,amouyal:35,rev,True,rev_repair,3674ae54b36937ed275e069712509798b65dafd8ff740f51b50513f3e20fdda0,229,0.2881665825843811,0.9998489618301392,0.7118334174156189,1, No,
amouyal:35:attachment,amouyal,NPZ,non_gp,lingering,No,,,,0,69,set_18,nonGP_prob,GP_question,prob,not annotated upstream,the frog,,True,attachment,amouyal:35,rev,True,rev_repair,584577594d43cd6c564ffbb7c590a3c8a7d2b9bcbb767ed26abc3be4ade5b247,243,0.0017303724307566881,0.9999085664749146,0.9982696275692433,1, No,1e532a0a54c40328f06185927b3333cfb76b0fbe99c6c31ddcfe0a13d45e5941
amouyal:36,amouyal,NPZ,gp,simple,Yes,,,,0,72,set_19,GP_prob,simple_question,prob,not annotated upstream,the baboon,,True,event,amouyal:36,rev,True,rev_repair,0f2db7ae977177559515aa799bb32d420d8f06cb597535281261d90774981242,232,0.9585276246070862,0.9998984336853027,0.9585276246070862,1, Yes,
amouyal:36:attachment,amouyal,NPZ,gp,simple,Yes,,,,0,72,set_19,GP_prob,simple_question,prob,not annotated upstream,the baboon,,True,attachment,amouyal:36,rev,True,rev_repair,10d19b324c3f235d3c3d355b4e08280a89b5e985835c96ec198d05bd5fc7c370,243,8.179118253792694e-07,0.9999667406082153,8.179118253792694e-07,0, No,5ea8147baf8b7656fe949bc2e9f4a2ea39a5a8232caa13f14df8c2b88270a475
amouyal:37,amouyal,NPZ,gp,lingering,No,,,,0,73,set_19,GP_prob,GP_question,prob,not annotated upstream,the baboon,,True,event,amouyal:37,rev,True,rev_repair,8f2a98c15b041c94511cd11f70023c7f2bfc230d7a3acf945287cd3f5de0554b,232,0.004546542186290026,0.9999920129776001,0.99545345781371,1, No,
amouyal:37:attachment,amouyal,NPZ,gp,lingering,No,,,,0,73,set_19,GP_prob,GP_question,prob,not annotated upstream,the baboon,,True,attachment,amouyal:37,rev,True,rev_repair,5b2032e57a2501c31d509668ecb1d2426a4206fa296fee5fde5846dee3264992,246,7.237462705234066e-05,0.9999464154243469,0.9999276253729477,1, No,148f5e3d3f654dd65fa4f94df923039cb1abd230616e0bdd1c05343519054b36
amouyal:38,amouyal,NPZ,non_gp,simple,Yes,,,,0,76,set_19,nonGP_prob,simple_question,prob,not annotated upstream,the baboon,,True,event,amouyal:38,rev,True,rev_repair,7384449f2c898bab6d89e7cf87cd33ad7397ea9e54e07f7e80134d952d223d32,232,0.9999444484710693,0.999821662902832,0.9999444484710693,1, Yes,
amouyal:38:attachment,amouyal,NPZ,non_gp,simple,Yes,,,,0,76,set_19,nonGP_prob,simple_question,prob,not annotated upstream,the baboon,,True,attachment,amouyal:38,rev,True,rev_repair,6d432de01ca5f81505a494ab3a9b1fa5c9e2a3a97b694bfea43e1742e634b899,243,0.9660879969596863,0.9970864653587341,0.9660879969596863,1, Yes,5ea8147baf8b7656fe949bc2e9f4a2ea39a5a8232caa13f14df8c2b88270a475
amouyal:39,amouyal,NPZ,non_gp,lingering,No,,,,0,77,set_19,nonGP_prob,GP_question,prob,not annotated upstream,the baboon,,True,event,amouyal:39,rev,True,rev_repair,892615184a6d55281249abbbd14d238d6efac5e77cbede030560b4d72e51df11,232,0.9994911551475525,0.9998130202293396,0.0005088448524475098,0, Yes,
amouyal:39:attachment,amouyal,NPZ,non_gp,lingering,No,,,,0,77,set_19,nonGP_prob,GP_question,prob,not annotated upstream,the baboon,,True,attachment,amouyal:39,rev,True,rev_repair,a8ea14f7e67d4687d28d5a342863ca3b0b6eaba8edc230bbdd7cbd7bd83c5084,246,0.004164326936006546,0.9997705221176147,0.9958356730639935,1, No,148f5e3d3f654dd65fa4f94df923039cb1abd230616e0bdd1c05343519054b36
amouyal:40,amouyal,NPZ,gp,simple,Yes,,,,0,80,set_20,GP_prob,simple_question,prob,not annotated upstream,the picture,,True,event,amouyal:40,rev,True,rev_repair,f0e129289a6fda44fffa1b64279d20aac1fa793323038ee26bd11cc5f3439e48,229,0.13266858458518982,0.9998663067817688,0.13266858458518982,0, No,
amouyal:40:attachment,amouyal,NPZ,gp,simple,Yes,,,,0,80,set_20,GP_prob,simple_question,prob,not annotated upstream,the picture,,True,attachment,amouyal:40,rev,True,rev_repair,21f7e235ab005ee98745f161e18db73dab71a4e2473fa7851416f23cb31ceb08,241,1.5845438383621513e-07,0.9999634623527527,1.5845438383621513e-07,0, No,3ccbdfcd12fa9143f37f0eac3c3189a0f0e220ff27dd3339beb1e849b5d55be8
amouyal:41,amouyal,NPZ,gp,lingering,No,,,,0,81,set_20,GP_prob,GP_question,prob,not annotated upstream,the picture,,True,event,amouyal:41,rev,True,rev_repair,3b71747baadcccb026bf1effbf6b9dc3ac70ab1f22d844671b14d2782acf3a9d,230,0.0005266358493827283,0.9999653697013855,0.9994733641506173,1, No,
amouyal:41:attachment,amouyal,NPZ,gp,lingering,No,,,,0,81,set_20,GP_prob,GP_question,prob,not annotated upstream,the picture,,True,attachment,amouyal:41,rev,True,rev_repair,bf9f2d872a4cb1dd8e09f02845b3be84ce3ab4166b5ecc4df8c9a2467dbd8a6a,244,2.3696817152085714e-05,0.9999262094497681,0.9999763031828479,1, No,441172e030bd6d0f6c4642102cb83ed887fb7f119c1bf0d5448394bcb8fa9283
amouyal:42,amouyal,NPZ,non_gp,simple,Yes,,,,0,84,set_20,nonGP_prob,simple_question,prob,not annotated upstream,the picture,,True,event,amouyal:42,rev,True,rev_repair,94a3616a0f0eb64e00b723cc9f21c2b12317cf9e600eb3abf2bee0637f5b3e95,229,0.9998248219490051,0.9997200965881348,0.9998248219490051,1, Yes,
amouyal:42:attachment,amouyal,NPZ,non_gp,simple,Yes,,,,0,84,set_20,nonGP_prob,simple_question,prob,not annotated upstream,the picture,,True,attachment,amouyal:42,rev,True,rev_repair,928168f30b510b301f7e2e360635936f2db5b2f8cc3b6db477007d4c53ea9a80,241,0.5487048625946045,0.9984619617462158,0.5487048625946045,1, Yes,3ccbdfcd12fa9143f37f0eac3c3189a0f0e220ff27dd3339beb1e849b5d55be8
amouyal:43,amouyal,NPZ,non_gp,lingering,No,,,,0,85,set_20,nonGP_prob,GP_question,prob,not annotated upstream,the picture,,True,event,amouyal:43,rev,True,rev_repair,f91bb010d09c7b4bc8e3186d0a0129e5795f1d39b69302c181ecb047891f2429,230,1.764579428709112e-05,0.9999659657478333,0.9999823542057129,1, No,
amouyal:43:attachment,amouyal,NPZ,non_gp,lingering,No,,,,0,85,set_20,nonGP_prob,GP_question,prob,not annotated upstream,the picture,,True,attachment,amouyal:43,rev,True,rev_repair,5790e0e4181c67dd44275e023694786774f3d7085a9bb8c2c569d6dd4aa030ce,244,0.1590581238269806,0.9996017813682556,0.8409418761730194,1, No,441172e030bd6d0f6c4642102cb83ed887fb7f119c1bf0d5448394bcb8fa9283
amouyal:44,amouyal,NPZ,gp,simple,Yes,,,,0,88,set_21,GP_prob,simple_question,prob,not annotated upstream,the children,,True,event,amouyal:44,rev,True,rev_repair,51dead7a6c0f4ffdf143060f7886c5f6686960fab80697639f044d470261ecb4,230,0.014720076695084572,0.9998742938041687,0.014720076695084572,0, No,
amouyal:44:attachment,amouyal,NPZ,gp,simple,Yes,,,,0,88,set_21,GP_prob,simple_question,prob,not annotated upstream,the children,,True,attachment,amouyal:44,rev,True,rev_repair,558bb7aaff0659e8c609baf305ade6a46c48bc921361972b9e77be7ca1b8526f,241,6.222001758260376e-08,0.9999260306358337,6.222001758260376e-08,0, No,c79abff6bf24fdf18fdf13678dd88400e48d3683d1615933a0116be2e9041710
amouyal:45,amouyal,NPZ,gp,lingering,No,,,,0,89,set_21,GP_prob,GP_question,prob,not annotated upstream,the children,,True,event,amouyal:45,rev,True,rev_repair,f19535628dbb053c89f30e4d21ac249a2a3ac3b9ced7a60fe9b8d96ac0632f01,230,0.000783868134021759,0.999954104423523,0.9992161318659782,1, No,
amouyal:45:attachment,amouyal,NPZ,gp,lingering,No,,,,0,89,set_21,GP_prob,GP_question,prob,not annotated upstream,the children,,True,attachment,amouyal:45,rev,True,rev_repair,397d7e9a4e9126e42c9e2fea689175c4c6ea7ed9b8b4ff6ce2399cf76e9c48b1,244,1.4602517239836743e-06,0.9999150037765503,0.999998539748276,1, No,2d3bb4e208cd68665a0e5f89a2bd84935735d0a2a13642db957ec20020775b1f
amouyal:46,amouyal,NPZ,non_gp,simple,Yes,,,,0,92,set_21,nonGP_prob,simple_question,prob,not annotated upstream,the children,,True,event,amouyal:46,rev,True,rev_repair,074c41888edefee34b64f1d2e93a50b831209b3ec0a046632d3079f009890999,230,0.9999563097953796,0.9997016787528992,0.9999563097953796,1, Yes,
amouyal:46:attachment,amouyal,NPZ,non_gp,simple,Yes,,,,0,92,set_21,nonGP_prob,simple_question,prob,not annotated upstream,the children,,True,attachment,amouyal:46,rev,True,rev_repair,59dc53528bbded5fd5e73241cd03ed700dfed8509e67de092124d7fe8e1356e7,241,0.9969383478164673,0.9974771738052368,0.9969383478164673,1, Yes,c79abff6bf24fdf18fdf13678dd88400e48d3683d1615933a0116be2e9041710
amouyal:47,amouyal,NPZ,non_gp,lingering,No,,,,0,93,set_21,nonGP_prob,GP_question,prob,not annotated upstream,the children,,True,event,amouyal:47,rev,True,rev_repair,d5e94814e0e46ab9c7504d416d941bad32babe0229fe6266b8e31072c5e3188b,230,0.9802810549736023,0.9996575713157654,0.019718945026397705,0, Yes,
amouyal:47:attachment,amouyal,NPZ,non_gp,lingering,No,,,,0,93,set_21,nonGP_prob,GP_question,prob,not annotated upstream,the children,,True,attachment,amouyal:47,rev,True,rev_repair,693225cd104c0b1e0a2ca1a2c56d5590770167ce389f559241cc73919a3a51fa,244,0.02470313012599945,0.9995434284210205,0.9752968698740005,1, No,2d3bb4e208cd68665a0e5f89a2bd84935735d0a2a13642db957ec20020775b1f
amouyal:48,amouyal,NPZ,gp,simple,Yes,,,,0,96,set_22,GP_prob,simple_question,prob,not annotated upstream,the challenger,,True,event,amouyal:48,rev,True,rev_repair,c0c94fd2f3f7f65fcb080b3319daf7d9c436d136898952015ed5084f870108b4,230,0.9941644072532654,0.9997107982635498,0.9941644072532654,1, Yes,
amouyal:48:attachment,amouyal,NPZ,gp,simple,Yes,,,,0,96,set_22,GP_prob,simple_question,prob,not annotated upstream,the challenger,,True,attachment,amouyal:48,rev,True,rev_repair,3d634ee8a16f97dde950cd047b69e3aa7fa64461d556b7b64d26a296e213d63e,241,4.009017357020639e-05,0.999962568283081,4.009017357020639e-05,0, No,7851dbb383f1f2799fc7d6840131ede690e84321801b9d37fbd559810e65607f
amouyal:49,amouyal,NPZ,gp,lingering,No,,,,0,97,set_22,GP_prob,GP_question,prob,not annotated upstream,the challenger,,True,event,amouyal:49,rev,True,rev_repair,050aec072a5ef672505fab3ca27f9ba1cfe1a0fc4827c1f4382bbc097f630281,230,0.35038474202156067,0.9998441934585571,0.6496152579784393,1, No,
amouyal:49:attachment,amouyal,NPZ,gp,lingering,No,,,,0,97,set_22,GP_prob,GP_question,prob,not annotated upstream,the challenger,,True,attachment,amouyal:49,rev,True,rev_repair,64bc9c5e191f0dd49a5e5427b395ff437736bc8013f3b1f4f68c5acc783a97d2,244,0.0015168206300586462,0.999921977519989,0.9984831793699414,1, No,8f367e01a67c064d6442e23808a8ea685902508ec5c7b7a1caa9b99d78dbab0b
amouyal:50,amouyal,NPZ,non_gp,simple,Yes,,,,0,100,set_22,nonGP_prob,simple_question,prob,not annotated upstream,the challenger,,True,event,amouyal:50,rev,True,rev_repair,f7f95e8971ec87d476d932a6ffbe709f73441f02830691c19511f55caeb9675f,230,0.999496340751648,0.9995719790458679,0.999496340751648,1, Yes,
amouyal:50:attachment,amouyal,NPZ,non_gp,simple,Yes,,,,0,100,set_22,nonGP_prob,simple_question,prob,not annotated upstream,the challenger,,True,attachment,amouyal:50,rev,True,rev_repair,f9145638a0651ab9b70ef87476f375f3ad6ad11eb6846e5ea63fdb3ef62a971f,241,0.09844442456960678,0.9987345337867737,0.09844442456960678,0, No,7851dbb383f1f2799fc7d6840131ede690e84321801b9d37fbd559810e65607f
amouyal:51,amouyal,NPZ,non_gp,lingering,No,,,,0,101,set_22,nonGP_prob,GP_question,prob,not annotated upstream,the challenger,,True,event,amouyal:51,rev,True,rev_repair,fd1b27111e07a560e5e8101f53d6ca4c9913d8fb8853badfb9eb7830a9c7c452,230,0.10224336385726929,0.9999117851257324,0.8977566361427307,1, No,
amouyal:51:attachment,amouyal,NPZ,non_gp,lingering,No,,,,0,101,set_22,nonGP_prob,GP_question,prob,not annotated upstream,the challenger,,True,attachment,amouyal:51,rev,True,rev_repair,8b6d9e5f7f7c549686c31b1ffe243dc3addeeae1cbea584b751c222944a6eec7,244,0.0002211312239523977,0.9999362230300903,0.9997788687760476,1, No,8f367e01a67c064d6442e23808a8ea685902508ec5c7b7a1caa9b99d78dbab0b
amouyal:52,amouyal,NPZ,gp,simple,Yes,,,,0,104,set_23,GP_prob,simple_question,prob,not annotated upstream,the violin,,True,event,amouyal:52,rev,True,rev_repair,49a118c345634e7c36a6083223d2e487a5589c1805bc00c060dc5e3a37cc00e6,231,0.2590826153755188,0.9995952844619751,0.2590826153755188,0, No,
amouyal:52:attachment,amouyal,NPZ,gp,simple,Yes,,,,0,104,set_23,GP_prob,simple_question,prob,not annotated upstream,the violin,,True,attachment,amouyal:52,rev,True,rev_repair,f732ce71eaa6944b591c14d842643c5ff79e8efdf5fcac83cdb8685c0cdb0be1,241,3.460319817349955e-07,0.9999749064445496,3.460319817349955e-07,0, No,bea1a6488520da71d80935e6fbbcf0d48b60464bc9ddd0c3300d1677439f4ccf
amouyal:53,amouyal,NPZ,gp,lingering,No,,,,0,105,set_23,GP_prob,GP_question,prob,not annotated upstream,the violin,,True,event,amouyal:53,rev,True,rev_repair,c36f3c86e2409a0af4822d935757ae1286b17e84dd359950af55970839cadd7f,229,0.04319261759519577,0.9997930526733398,0.9568073824048042,1, No,
amouyal:53:attachment,amouyal,NPZ,gp,lingering,No,,,,0,105,set_23,GP_prob,GP_question,prob,not annotated upstream,the violin,,True,attachment,amouyal:53,rev,True,rev_repair,350393e072c81981652498701f1033a8d6de4a965d3e07efeb86e89e84d3594d,244,0.0003706423449330032,0.9999580979347229,0.999629357655067,1, No,3abfaefc8ffb6f88d3638629053b544c54add1abf9a414375a86d8aef84beb0b
amouyal:54,amouyal,NPZ,non_gp,simple,Yes,,,,0,108,set_23,nonGP_prob,simple_question,prob,not annotated upstream,the violin,,True,event,amouyal:54,rev,True,rev_repair,b822363806fc3e20b81be21e89c6f57e8d91df6ba4e7397e68e0f8dbc45b4639,232,0.9995975494384766,0.9998504519462585,0.9995975494384766,1, Yes,
amouyal:54:attachment,amouyal,NPZ,non_gp,simple,Yes,,,,0,108,set_23,nonGP_prob,simple_question,prob,not annotated upstream,the violin,,True,attachment,amouyal:54,rev,True,rev_repair,f056aa69e1a0f2597ef9bad6028fafb3569fd59d54913eddded451a3a6767f38,242,0.7626346349716187,0.9988014698028564,0.7626346349716187,1, Yes,bea1a6488520da71d80935e6fbbcf0d48b60464bc9ddd0c3300d1677439f4ccf
amouyal:55,amouyal,NPZ,non_gp,lingering,No,,,,0,109,set_23,nonGP_prob,GP_question,prob,not annotated upstream,the violin,,True,event,amouyal:55,rev,True,rev_repair,c3552abe100486763bd29e1dc40df7ee7137663277094d63dfc83a7e54dd0c7b,230,0.9922539591789246,0.9996365308761597,0.0077460408210754395,0, Yes,
amouyal:55:attachment,amouyal,NPZ,non_gp,lingering,No,,,,0,109,set_23,nonGP_prob,GP_question,prob,not annotated upstream,the violin,,True,attachment,amouyal:55,rev,True,rev_repair,59865d823b5687b98ca034348193594472ed92bf7a7d53119c5230956f8395cb,245,0.031150193884968758,0.9997923970222473,0.9688498061150312,1, No,3abfaefc8ffb6f88d3638629053b544c54add1abf9a414375a86d8aef84beb0b
amouyal:56,amouyal,NPZ,gp,simple,Yes,,,,0,112,set_24,GP_prob,simple_question,prob,not annotated upstream,the rainbow,,True,event,amouyal:56,rev,True,rev_repair,5275cae5f3e9adab43e8ab3105bfd030d8e4b9dc15d2bad281ce0f97b11fa8a9,230,0.8728048801422119,0.9995155930519104,0.8728048801422119,1, Yes,
amouyal:56:attachment,amouyal,NPZ,gp,simple,Yes,,,,0,112,set_24,GP_prob,simple_question,prob,not annotated upstream,the rainbow,,True,attachment,amouyal:56,rev,True,rev_repair,ad23e770182741a565f10db9088670f0806248f23c12033539fe52e2d7f95113,241,7.865051543376467e-08,0.9999726414680481,7.865051543376467e-08,0, No,c1d1ec40286f9dc09ff4dcd806f07a79e097e938d8c120063e781141af03165a
amouyal:57,amouyal,NPZ,gp,lingering,No,,,,0,113,set_24,GP_prob,GP_question,prob,not annotated upstream,the rainbow,,True,event,amouyal:57,rev,True,rev_repair,5efde96bbf52a76ea31660d14c30c0a110a079fc87f6aac36aa6b064f810bbab,230,1.6643552669393102e-07,0.9999834299087524,0.9999998335644733,1, No,
amouyal:57:attachment,amouyal,NPZ,gp,lingering,No,,,,0,113,set_24,GP_prob,GP_question,prob,not annotated upstream,the rainbow,,True,attachment,amouyal:57,rev,True,rev_repair,e4f406898d8c3a629d8ecf2cc1aac13c96491ebdc5a1b1e33abefe0ecec0508b,244,9.718205546960235e-06,0.9999701976776123,0.999990281794453,1, No,59a22c5d86ac5e64722c1df102105aee6a42ba436ec7d0cb81272a8d5f55b01b
amouyal:58,amouyal,NPZ,non_gp,simple,Yes,,,,0,116,set_24,nonGP_prob,simple_question,prob,not annotated upstream,the rainbow,,True,event,amouyal:58,rev,True,rev_repair,d28703cf94efff8d21853aac7f1521f0645f2267687fd122b846ae34dbc64573,230,0.9981282949447632,0.9996994733810425,0.9981282949447632,1, Yes,
amouyal:58:attachment,amouyal,NPZ,non_gp,simple,Yes,,,,0,116,set_24,nonGP_prob,simple_question,prob,not annotated upstream,the rainbow,,True,attachment,amouyal:58,rev,True,rev_repair,2c15d0b66f45874eae9e69d370c2538a7d32a744bead8f6f747c56934716bdd2,241,0.012372502125799656,0.9997621178627014,0.012372502125799656,0, No,c1d1ec40286f9dc09ff4dcd806f07a79e097e938d8c120063e781141af03165a
amouyal:59,amouyal,NPZ,non_gp,lingering,No,,,,0,117,set_24,nonGP_prob,GP_question,prob,not annotated upstream,the rainbow,,True,event,amouyal:59,rev,True,rev_repair,873f00c67f4819f6c953e9bb56c31ac1ca886690811dc3bf9d186ce00d6dbde5,230,2.9360645026343946e-09,0.9999861717224121,0.9999999970639355,1, No,
amouyal:59:attachment,amouyal,NPZ,non_gp,lingering,No,,,,0,117,set_24,nonGP_prob,GP_question,prob,not annotated upstream,the rainbow,,True,attachment,amouyal:59,rev,True,rev_repair,021a7af4c5af38752bf3b323cd342297bf0357af5725cb1d2ae66a9db8516664,244,0.0010726067703217268,0.9999544024467468,0.9989273932296783,1, No,59a22c5d86ac5e64722c1df102105aee6a42ba436ec7d0cb81272a8d5f55b01b
amouyal:60,amouyal,NPZ,gp,simple,Yes,,,,0,120,set_25,GP_prob,simple_question,prob,not annotated upstream,the van,,True,event,amouyal:60,rev,True,rev_repair,c5ebc3c338ed5b70e030d72e09fb604bea360683dc597aae5c17a0837c7fd597,230,0.9964728355407715,0.9999266862869263,0.9964728355407715,1, Yes,
amouyal:60:attachment,amouyal,NPZ,gp,simple,Yes,,,,0,120,set_25,GP_prob,simple_question,prob,not annotated upstream,the van,,True,attachment,amouyal:60,rev,True,rev_repair,8d83e5f8ada27adbc6faea5459c1c32f3a7ac55950d6e1dbfc37903c57e80fc6,241,2.8863152692792937e-05,0.9999473094940186,2.8863152692792937e-05,0, No,f93b1741f480c25336727fa530cd617157eda19db1a3822020c8fe6919a4169b
amouyal:61,amouyal,NPZ,gp,lingering,No,,,,0,121,set_25,GP_prob,GP_question,prob,not annotated upstream,the van,,True,event,amouyal:61,rev,True,rev_repair,c3c77e7bf0296dbe66a07d0e27724e431107b77863683f09e089dc163d583923,230,0.4632762670516968,0.99970543384552,0.5367237329483032,1, No,
amouyal:61:attachment,amouyal,NPZ,gp,lingering,No,,,,0,121,set_25,GP_prob,GP_question,prob,not annotated upstream,the van,,True,attachment,amouyal:61,rev,True,rev_repair,5082ff0fe3e743127ea0b102fe1bcfdd10b6dea2b4686a459fcda8ccf9fa6b22,244,0.0012951240641996264,0.9999399185180664,0.9987048759358004,1, No,de7e8f39adea3de250e903fb3e590f3f68ea1089b09a4825893a95faa319da40
amouyal:62,amouyal,NPZ,non_gp,simple,Yes,,,,0,124,set_25,nonGP_prob,simple_question,prob,not annotated upstream,the van,,True,event,amouyal:62,rev,True,rev_repair,cd4340c4a4dc4f0b5cb6cabc62382cd26313849ad4da21d47d6cf85fa0d1cd96,230,0.9988802075386047,0.9998928308486938,0.9988802075386047,1, Yes,
amouyal:62:attachment,amouyal,NPZ,non_gp,simple,Yes,,,,0,124,set_25,nonGP_prob,simple_question,prob,not annotated upstream,the van,,True,attachment,amouyal:62,rev,True,rev_repair,db92a4c3377f7866bb65add2b6d6a1c67e823333118288956ead6f8c16ab115f,241,0.40143612027168274,0.9988293647766113,0.40143612027168274,0, No,f93b1741f480c25336727fa530cd617157eda19db1a3822020c8fe6919a4169b
amouyal:63,amouyal,NPZ,non_gp,lingering,No,,,,0,125,set_25,nonGP_prob,GP_question,prob,not annotated upstream,the van,,True,event,amouyal:63,rev,True,rev_repair,dd19211932e6e550b716349c9e3d7cf61b282f24ee5a3ed3ad2f15942c129cc9,230,0.9882416725158691,0.9997401237487793,0.01175832748413086,0, Yes,
amouyal:63:attachment,amouyal,NPZ,non_gp,lingering,No,,,,0,125,set_25,nonGP_prob,GP_question,prob,not annotated upstream,the van,,True,attachment,amouyal:63,rev,True,rev_repair,ab2f1078bc64fa3cea8599c52175699588c128b06a19cb849576f52cb58d9da3,244,0.04700079560279846,0.9997783899307251,0.9529992043972015,1, No,de7e8f39adea3de250e903fb3e590f3f68ea1089b09a4825893a95faa319da40
amouyal:64,amouyal,NPZ,gp,simple,Yes,,,,0,128,set_26,GP_prob,simple_question,prob,not annotated upstream,the dog,,True,event,amouyal:64,rev,True,rev_repair,ba4149c4ce25bd66b98e551e3b290e05eadced995529615809f751a9ed1b5993,231,0.8576191663742065,0.9996946454048157,0.8576191663742065,1, Yes,
amouyal:64:attachment,amouyal,NPZ,gp,simple,Yes,,,,0,128,set_26,GP_prob,simple_question,prob,not annotated upstream,the dog,,True,attachment,amouyal:64,rev,True,rev_repair,3eecd9477b6a56dffbc293a25cb3df9ba3ec598343cb2958e15bd3c3f8cda74b,241,1.1357818721080548e-06,0.9999470114707947,1.1357818721080548e-06,0, No,569c848c9106db4be58942a3f7449615861d703b63c040ecd54b180f9f6dced7
amouyal:65,amouyal,NPZ,gp,lingering,No,,,,0,129,set_26,GP_prob,GP_question,prob,not annotated upstream,the dog,,True,event,amouyal:65,rev,True,rev_repair,9da101692fe1b0e83d0fe789dd3b9bc2fadf5adc51de0e4a63c4c39b23f5fe3a,229,7.927445153654844e-07,0.9999683499336243,0.9999992072554846,1, No,
amouyal:65:attachment,amouyal,NPZ,gp,lingering,No,,,,0,129,set_26,GP_prob,GP_question,prob,not annotated upstream,the dog,,True,attachment,amouyal:65,rev,True,rev_repair,c1000f40f0387c6bb10f0dcbb7490a710e3778bd751061e333c16f2a8b6e1689,244,0.00014518239186145365,0.9999344348907471,0.9998548176081385,1, No,c7c0720618c619f1c5a4312bf7a8ba621df2a4379443d1dd2c7a5604cd4f0dc4
amouyal:66,amouyal,NPZ,non_gp,simple,Yes,,,,0,132,set_26,nonGP_prob,simple_question,prob,not annotated upstream,the dog,,True,event,amouyal:66,rev,True,rev_repair,f3bda04b89bc92f6f4795ba6a426849e3208b89710c8053f94f45ee81274e2eb,231,0.999674379825592,0.9997506737709045,0.999674379825592,1, Yes,
amouyal:66:attachment,amouyal,NPZ,non_gp,simple,Yes,,,,0,132,set_26,nonGP_prob,simple_question,prob,not annotated upstream,the dog,,True,attachment,amouyal:66,rev,True,rev_repair,c27f0c2ca39362405f301981d097a86bffe0e7b07220ce11abfe2ccf9c14c7f7,241,0.9922218918800354,0.9981087446212769,0.9922218918800354,1, Yes,569c848c9106db4be58942a3f7449615861d703b63c040ecd54b180f9f6dced7
amouyal:67,amouyal,NPZ,non_gp,lingering,No,,,,0,133,set_26,nonGP_prob,GP_question,prob,not annotated upstream,the dog,,True,event,amouyal:67,rev,True,rev_repair,8de42a613469ab4544da659aca45dd4e38806197d4facc48489f04bef20cac6c,229,0.8119137287139893,0.9996902942657471,0.18808627128601074,0, Yes,
amouyal:67:attachment,amouyal,NPZ,non_gp,lingering,No,,,,0,133,set_26,nonGP_prob,GP_question,prob,not annotated upstream,the dog,,True,attachment,amouyal:67,rev,True,rev_repair,d9a0f93f508f42d6c92871502fb4714ba4ca48aca9d6d50abf25ff682cdf5f5f,244,0.007900496944785118,0.9998113512992859,0.9920995030552149,1, No,c7c0720618c619f1c5a4312bf7a8ba621df2a4379443d1dd2c7a5604cd4f0dc4
amouyal:68,amouyal,NPZ,gp,simple,Yes,,,,0,136,set_27,GP_prob,simple_question,prob,not annotated upstream,the pipe,,True,event,amouyal:68,rev,True,rev_repair,2c362c47dd9cf1cdf2363a6b347c24ad5e67ef286bb74956fe35cc212b2d7c52,229,0.9781738519668579,0.9997708797454834,0.9781738519668579,1, Yes,
amouyal:68:attachment,amouyal,NPZ,gp,simple,Yes,,,,0,136,set_27,GP_prob,simple_question,prob,not annotated upstream,the pipe,,True,attachment,amouyal:68,rev,True,rev_repair,9ebd2b754c657f69b41595021accdb58a77f7c8cd2790c8e783789f73d6ccc83,241,1.823937765266237e-07,0.9999908804893494,1.823937765266237e-07,0, No,3112300644488fd2e6b1656428178e4d2e916ae1f241c381a07772dabc3ab949
amouyal:69,amouyal,NPZ,gp,lingering,No,,,,0,137,set_27,GP_prob,GP_question,prob,not annotated upstream,the pipe,,True,event,amouyal:69,rev,True,rev_repair,778d371f35eb8475ae95d50fae9029925706129eae50c127afa769bb3a85742a,230,0.855966329574585,0.9991607666015625,0.14403367042541504,0, Yes,
amouyal:69:attachment,amouyal,NPZ,gp,lingering,No,,,,0,137,set_27,GP_prob,GP_question,prob,not annotated upstream,the pipe,,True,attachment,amouyal:69,rev,True,rev_repair,8ee414edb70f26604a545a383a08e657a1650a44e622eb28103b0536a306c753,244,0.0032298793084919453,0.9999420046806335,0.996770120691508,1, No,21fc219220c3ebef1aca87d2a18752ee930ddbc9b5c320fcd01344cc47b71b15
amouyal:70,amouyal,NPZ,non_gp,simple,Yes,,,,0,140,set_27,nonGP_prob,simple_question,prob,not annotated upstream,the pipe,,True,event,amouyal:70,rev,True,rev_repair,4bf2ea1329eff7f6b782f28fb44c0294c0d67637726da89ce0fa8d13d1c08fb2,229,0.9982292056083679,0.9997983574867249,0.9982292056083679,1, Yes,
amouyal:70:attachment,amouyal,NPZ,non_gp,simple,Yes,,,,0,140,set_27,nonGP_prob,simple_question,prob,not annotated upstream,the pipe,,True,attachment,amouyal:70,rev,True,rev_repair,e0b4cb09c7e6a8381fba391688a2b8c99292cbf4fca628bade5580ab4a0192d0,241,0.5851967930793762,0.9983922243118286,0.5851967930793762,1, Yes,3112300644488fd2e6b1656428178e4d2e916ae1f241c381a07772dabc3ab949
amouyal:71,amouyal,NPZ,non_gp,lingering,No,,,,0,141,set_27,nonGP_prob,GP_question,prob,not annotated upstream,the pipe,,True,event,amouyal:71,rev,True,rev_repair,6fede5caa6873d4fb938db692e6e3e1850a0f7cb172647b47dac395ed4108952,230,0.9468158483505249,0.9994707107543945,0.0531841516494751,0, Yes,
amouyal:71:attachment,amouyal,NPZ,non_gp,lingering,No,,,,0,141,set_27,nonGP_prob,GP_question,prob,not annotated upstream,the pipe,,True,attachment,amouyal:71,rev,True,rev_repair,a3d384acc0607bfce2d19507cf39c0f9860bb8d4404c327508f43b2c98a0198f,244,0.0004710538487415761,0.9999436140060425,0.9995289461512584,1, No,21fc219220c3ebef1aca87d2a18752ee930ddbc9b5c320fcd01344cc47b71b15
amouyal:72,amouyal,NPZ,gp,simple,Yes,,,,0,144,set_28,GP_prob,simple_question,prob,not annotated upstream,the dancer,,True,event,amouyal:72,rev,True,rev_repair,29d653442ed3e35181ddefc013aa7d9d0a4e426d9c4aa60eebe78cfca95c0e21,230,0.039876870810985565,0.9997511506080627,0.039876870810985565,0, No,
amouyal:72:attachment,amouyal,NPZ,gp,simple,Yes,,,,0,144,set_28,GP_prob,simple_question,prob,not annotated upstream,the dancer,,True,attachment,amouyal:72,rev,True,rev_repair,96e6ab7f069f6e7bbe25244e31a27d39d1ef0869279718520b680a904402e035,241,9.194509402732365e-07,0.9999295473098755,9.194509402732365e-07,0, No,3d89a24ab8fe8348e8431fa2066f8b5bc0d948c9e19b0495316e270873406d96
amouyal:73,amouyal,NPZ,gp,lingering,No,,,,0,145,set_28,GP_prob,GP_question,prob,not annotated upstream,the dancer,,True,event,amouyal:73,rev,True,rev_repair,1e67ca2732d112c73cef1c69f77fafbfc72f90293acbfa4a0d6e2edaed113223,230,9.884697647066787e-06,0.9999781847000122,0.9999901153023529,1, No,
amouyal:73:attachment,amouyal,NPZ,gp,lingering,No,,,,0,145,set_28,GP_prob,GP_question,prob,not annotated upstream,the dancer,,True,attachment,amouyal:73,rev,True,rev_repair,e41ca6a0b9ebe53863ae88fdb0652201938f1c7426617dc625a7ab62fa004873,244,1.1704279131663498e-05,0.9999493360519409,0.9999882957208683,1, No,c6cbaa178ae4c6c3a19f756fd7bcfa760b94db5dd685d05f494a82ffe1ee8f15
amouyal:74,amouyal,NPZ,non_gp,simple,Yes,,,,0,148,set_28,nonGP_prob,simple_question,prob,not annotated upstream,the dancer,,True,event,amouyal:74,rev,True,rev_repair,cdec2d0c239c9d96cbce310301d2e23c58c629f24a853f93827a5c2a1ce05998,230,0.9853016138076782,0.9997887015342712,0.9853016138076782,1, Yes,
amouyal:74:attachment,amouyal,NPZ,non_gp,simple,Yes,,,,0,148,set_28,nonGP_prob,simple_question,prob,not annotated upstream,the dancer,,True,attachment,amouyal:74,rev,True,rev_repair,5f0dbcc6e84161a148cd9e34581126716b6e8c83b10a48ab0b5e70553a02ba76,241,0.9990816712379456,0.9978424310684204,0.9990816712379456,1, Yes,3d89a24ab8fe8348e8431fa2066f8b5bc0d948c9e19b0495316e270873406d96
amouyal:75,amouyal,NPZ,non_gp,lingering,No,,,,0,149,set_28,nonGP_prob,GP_question,prob,not annotated upstream,the dancer,,True,event,amouyal:75,rev,True,rev_repair,ff4b8b355ebbd969845df046551962c965a94023cbd222d2069ee490180e1a67,230,0.9998605251312256,0.9998915195465088,0.00013947486877441406,0, Yes,
amouyal:75:attachment,amouyal,NPZ,non_gp,lingering,No,,,,0,149,set_28,nonGP_prob,GP_question,prob,not annotated upstream,the dancer,,True,attachment,amouyal:75,rev,True,rev_repair,8c92fb0fbe393908f0d2db3c7097c66e5478af70b1d277994bb0053820105c43,244,0.011889228597283363,0.9997825026512146,0.9881107714027166,1, No,c6cbaa178ae4c6c3a19f756fd7bcfa760b94db5dd685d05f494a82ffe1ee8f15
amouyal:76,amouyal,NPZ,gp,simple,Yes,,,,0,152,set_29,GP_prob,simple_question,prob,not annotated upstream,the opponent,,True,event,amouyal:76,rev,True,rev_repair,9080715ed90513e61669855ed4ba073ad0c25b3d883216b4ba5e6e8a9cc80eef,229,0.6748668551445007,0.999918520450592,0.6748668551445007,1, Yes,
amouyal:76:attachment,amouyal,NPZ,gp,simple,Yes,,,,0,152,set_29,GP_prob,simple_question,prob,not annotated upstream,the opponent,,True,attachment,amouyal:76,rev,True,rev_repair,4dfc530eca874bd28e4fdeeccb65b2d10419e0d79bd2f4f113fa8408e7cc03a7,241,5.876723108144688e-09,0.9999933838844299,5.876723108144688e-09,0, No,debc57787e129658b8442c2136d87166eba83c4451f37dcf8bebc5aca594a803
amouyal:77,amouyal,NPZ,gp,lingering,No,,,,0,153,set_29,GP_prob,GP_question,prob,not annotated upstream,the opponent,,True,event,amouyal:77,rev,True,rev_repair,f58be7daa62471dba4bbdb10452dc7412081c6fed1352cdaad99eb30c6d89c00,231,0.005397881381213665,0.999981701374054,0.9946021186187863,1, No,
amouyal:77:attachment,amouyal,NPZ,gp,lingering,No,,,,0,153,set_29,GP_prob,GP_question,prob,not annotated upstream,the opponent,,True,attachment,amouyal:77,rev,True,rev_repair,0be86aa18deaf2ac43f736ca5bc0c8051ba54d1f76f82f8b8e98cc8a2896add7,244,9.29464804357849e-05,0.9999799728393555,0.9999070535195642,1, No,303a41ab2e9cfe7baea104af739a035489b3f5a7c08404577451b0ebb8726dee
amouyal:78,amouyal,NPZ,non_gp,simple,Yes,,,,0,156,set_29,nonGP_prob,simple_question,prob,not annotated upstream,the opponent,,True,event,amouyal:78,rev,True,rev_repair,b6a06474354e02f69356e1ef236a635f17d55c0e4f2d98393e9bb1413cf1a66f,229,0.9995892643928528,0.9999026656150818,0.9995892643928528,1, Yes,
amouyal:78:attachment,amouyal,NPZ,non_gp,simple,Yes,,,,0,156,set_29,nonGP_prob,simple_question,prob,not annotated upstream,the opponent,,True,attachment,amouyal:78,rev,True,rev_repair,ed9048a0710147cb3c59b543408794becacb7273c35c4830132bbf39f56813c3,241,0.0012200081255286932,0.9998829960823059,0.0012200081255286932,0, No,debc57787e129658b8442c2136d87166eba83c4451f37dcf8bebc5aca594a803
amouyal:79,amouyal,NPZ,non_gp,lingering,No,,,,0,157,set_29,nonGP_prob,GP_question,prob,not annotated upstream,the opponent,,True,event,amouyal:79,rev,True,rev_repair,4a8be6bc06cdd62070324b93f5baee268294496e7e033a95d32acd83bacc7ee0,231,0.006049919407814741,0.9999310374259949,0.9939500805921853,1, No,
amouyal:79:attachment,amouyal,NPZ,non_gp,lingering,No,,,,0,157,set_29,nonGP_prob,GP_question,prob,not annotated upstream,the opponent,,True,attachment,amouyal:79,rev,True,rev_repair,1b0dd0109fd0b1c6387561968032f754c6a4c92383481f6c6b9e487a711b373a,244,0.0003800133417826146,0.9999249577522278,0.9996199866582174,1, No,303a41ab2e9cfe7baea104af739a035489b3f5a7c08404577451b0ebb8726dee
amouyal:80,amouyal,NPZ,gp,simple,Yes,,,,0,160,set_30,GP_prob,simple_question,prob,not annotated upstream,the enemy,,True,event,amouyal:80,rev,True,rev_repair,f548d86bc677edddee2bff3c020270de55d9a88096ed1ca74e1830f0f4dffae9,226,0.9995276927947998,0.9999220967292786,0.9995276927947998,1, Yes,
amouyal:80:attachment,amouyal,NPZ,gp,simple,Yes,,,,0,160,set_30,GP_prob,simple_question,prob,not annotated upstream,the enemy,,True,attachment,amouyal:80,rev,True,rev_repair,a02cb0f9a2573836cbeab7de62fee3e25efc0740b631a67453637ddadf830e88,239,6.427836751754512e-08,0.9999822378158569,6.427836751754512e-08,0, No,5e4bfe8eb190c287fbef90389674b62a5d37c52bce925fd516b60e73ac8db887
amouyal:81,amouyal,NPZ,gp,lingering,No,,,,0,161,set_30,GP_prob,GP_question,prob,not annotated upstream,the enemy,,True,event,amouyal:81,rev,True,rev_repair,edd9fb970500648f1e8488bc2a3ccedc3a4f149c0078438009af5cc36b0087f1,228,0.0006842499715276062,0.9999741911888123,0.9993157500284724,1, No,
amouyal:81:attachment,amouyal,NPZ,gp,lingering,No,,,,0,161,set_30,GP_prob,GP_question,prob,not annotated upstream,the enemy,,True,attachment,amouyal:81,rev,True,rev_repair,d1356a298ed430fe7727222e35abe4cab895dac94d5560bde89ba2f0054bec07,242,2.0853178284596652e-05,0.9999740719795227,0.9999791468217154,1, No,34becabc57f53458768c586c60f70a1bd93b4f9372db7fe757ca321a98508f61
amouyal:82,amouyal,NPZ,non_gp,simple,Yes,,,,0,164,set_30,nonGP_prob,simple_question,prob,not annotated upstream,the enemy,,True,event,amouyal:82,rev,True,rev_repair,bed4207100e846182f4711e4f30074323406166849f26e356b8af2551cf0849c,226,0.9999843835830688,0.9996976852416992,0.9999843835830688,1, Yes,
amouyal:82:attachment,amouyal,NPZ,non_gp,simple,Yes,,,,0,164,set_30,nonGP_prob,simple_question,prob,not annotated upstream,the enemy,,True,attachment,amouyal:82,rev,True,rev_repair,6081a304956a92cf37c561deac657c05fac63e6fc97c759f19ee39ea70d85fc7,239,0.9870802164077759,0.9984955787658691,0.9870802164077759,1, Yes,5e4bfe8eb190c287fbef90389674b62a5d37c52bce925fd516b60e73ac8db887
amouyal:83,amouyal,NPZ,non_gp,lingering,No,,,,0,165,set_30,nonGP_prob,GP_question,prob,not annotated upstream,the enemy,,True,event,amouyal:83,rev,True,rev_repair,f2296fe8e11750c08d858bbd7c1dcbab2c8d1915d5eb9cf4e981f5047b198453,228,0.9972317218780518,0.9998148679733276,0.002768278121948242,0, Yes,
amouyal:83:attachment,amouyal,NPZ,non_gp,lingering,No,,,,0,165,set_30,nonGP_prob,GP_question,prob,not annotated upstream,the enemy,,True,attachment,amouyal:83,rev,True,rev_repair,5c93b250279fa3949c420f1adfb982cbad060a9d6529941473e96d5ee828799d,242,0.004746039863675833,0.9998794198036194,0.9952539601363242,1, No,34becabc57f53458768c586c60f70a1bd93b4f9372db7fe757ca321a98508f61
amouyal:84,amouyal,NPZ,gp,simple,Yes,,,,0,168,set_31,GP_prob,simple_question,prob,not annotated upstream,the steak,,True,event,amouyal:84,rev,True,rev_repair,0a845d499a3cb94658a15e6bcecce012e9254fca4ebb78ffcbc99a844485382c,232,0.29848212003707886,0.9998092651367188,0.29848212003707886,0, No,
amouyal:84:attachment,amouyal,NPZ,gp,simple,Yes,,,,0,168,set_31,GP_prob,simple_question,prob,not annotated upstream,the steak,,True,attachment,amouyal:84,rev,True,rev_repair,108af51af515b2751bfd69e7699d0e52ef1461de9240e83be445ed21c505f445,242,6.216824743887628e-08,0.9999738931655884,6.216824743887628e-08,0, No,10c61f0dee3601a63ec8e54f3d14022ec36584c32d7e98b85327abb5bc07084e
amouyal:85,amouyal,NPZ,gp,lingering,No,,,,0,169,set_31,GP_prob,GP_question,prob,not annotated upstream,the steak,,True,event,amouyal:85,rev,True,rev_repair,aa139fc912338a7e455df1998ca1d9457b4db5221105fac7cb12285cdcffe590,230,2.0101178961340338e-05,0.9999907612800598,0.9999798988210387,1, No,
amouyal:85:attachment,amouyal,NPZ,gp,lingering,No,,,,0,169,set_31,GP_prob,GP_question,prob,not annotated upstream,the steak,,True,attachment,amouyal:85,rev,True,rev_repair,2424ce2add31f6a8b85b20de775908b2664cf0f11ec4a92516bd2fe147d80ecb,245,2.242550181108527e-05,0.9999570250511169,0.9999775744981889,1, No,d5a170025db7e715a63345b9ed6455c7001a55cd848a0978e903d8fd979a9599
amouyal:86,amouyal,NPZ,non_gp,simple,Yes,,,,0,172,set_31,nonGP_prob,simple_question,prob,not annotated upstream,the steak,,True,event,amouyal:86,rev,True,rev_repair,dd378f2d90495463a3ca287fadef0caaf793bf7d7e343c0ea4fdbd1711dce839,232,0.999404788017273,0.9999001622200012,0.999404788017273,1, Yes,
amouyal:86:attachment,amouyal,NPZ,non_gp,simple,Yes,,,,0,172,set_31,nonGP_prob,simple_question,prob,not annotated upstream,the steak,,True,attachment,amouyal:86,rev,True,rev_repair,32f06c6d4884b24670759179d3abf892c8670dacac8f922f9a265cdac360a85a,242,0.002101865829899907,0.9998966455459595,0.002101865829899907,0, No,10c61f0dee3601a63ec8e54f3d14022ec36584c32d7e98b85327abb5bc07084e
amouyal:87,amouyal,NPZ,non_gp,lingering,No,,,,0,173,set_31,nonGP_prob,GP_question,prob,not annotated upstream,the steak,,True,event,amouyal:87,rev,True,rev_repair,eb1d41dc9e8b47ada601936a45b77cc0f2c9a4d66b004e0509a2ab01c4ab0e29,230,0.9583045244216919,0.9999018311500549,0.041695475578308105,0, Yes,
amouyal:87:attachment,amouyal,NPZ,non_gp,lingering,No,,,,0,173,set_31,nonGP_prob,GP_question,prob,not annotated upstream,the steak,,True,attachment,amouyal:87,rev,True,rev_repair,952299d3a1846e9da532dc55987532183c0bdc1e9aa503cbb956956f1a8b5a26,245,0.0173849705606699,0.9998247623443604,0.9826150294393301,1, No,d5a170025db7e715a63345b9ed6455c7001a55cd848a0978e903d8fd979a9599
amouyal:88,amouyal,NPZ,gp,simple,Yes,,,,0,176,set_32,GP_prob,simple_question,prob,not annotated upstream,the turkey,,True,event,amouyal:88,rev,True,rev_repair,807a69e851b88f37e50dc6d8382e62e86452957ef9664c1577896209354a5f3f,231,0.5449934005737305,0.9992398023605347,0.5449934005737305,1, Yes,
amouyal:88:attachment,amouyal,NPZ,gp,simple,Yes,,,,0,176,set_32,GP_prob,simple_question,prob,not annotated upstream,the turkey,,True,attachment,amouyal:88,rev,True,rev_repair,98463356c6f44657f3a18917ed943e532a4880a9ee320109f0478265865c29a2,241,5.29643727986695e-07,0.999955952167511,5.29643727986695e-07,0, No,97c2e53a2068e89663e2969255c629ebfe0239cc68aba6a14696373bb4da1ad1
amouyal:89,amouyal,NPZ,gp,lingering,No,,,,0,177,set_32,GP_prob,GP_question,prob,not annotated upstream,the turkey,,True,event,amouyal:89,rev,True,rev_repair,cab6803497401afba37f11b24c52870cd77c1dc1f7ef83525b651e0ce931d35a,229,3.3527089726703707e-07,0.9999724626541138,0.9999996647291027,1, No,
amouyal:89:attachment,amouyal,NPZ,gp,lingering,No,,,,0,177,set_32,GP_prob,GP_question,prob,not annotated upstream,the turkey,,True,attachment,amouyal:89,rev,True,rev_repair,f33c5e65729ce063242e567db2abbcbe2efa0b91c664997443f2b7b687d20724,244,0.00012247487029526383,0.9999417066574097,0.9998775251297047,1, No,33da65c0d6dd1f408a48fab7b4b693d2c1e6046948fc4102bb6e181d2dfcb708
amouyal:90,amouyal,NPZ,non_gp,simple,Yes,,,,0,180,set_32,nonGP_prob,simple_question,prob,not annotated upstream,the turkey,,True,event,amouyal:90,rev,True,rev_repair,f1b4c85c814cb48b1b52eba1e316a4eedea2b78a611c0ebef9d885fb75499b8d,231,0.9994608759880066,0.9998029470443726,0.9994608759880066,1, Yes,
amouyal:90:attachment,amouyal,NPZ,non_gp,simple,Yes,,,,0,180,set_32,nonGP_prob,simple_question,prob,not annotated upstream,the turkey,,True,attachment,amouyal:90,rev,True,rev_repair,9b9ba6bbb59023efe1c728d4028816057c5e136db2240644aa5855902dcc99c8,241,0.8397833704948425,0.9967697858810425,0.8397833704948425,1, Yes,97c2e53a2068e89663e2969255c629ebfe0239cc68aba6a14696373bb4da1ad1
amouyal:91,amouyal,NPZ,non_gp,lingering,No,,,,0,181,set_32,nonGP_prob,GP_question,prob,not annotated upstream,the turkey,,True,event,amouyal:91,rev,True,rev_repair,20cdd5eea344791940e0f04f4904b32bc1e29c878e73f5748c5a406371ae819e,229,0.4910491704940796,0.999671459197998,0.5089508295059204,1, No,
amouyal:91:attachment,amouyal,NPZ,non_gp,lingering,No,,,,0,181,set_32,nonGP_prob,GP_question,prob,not annotated upstream,the turkey,,True,attachment,amouyal:91,rev,True,rev_repair,f4bb613afd2109003da1655ba16efe25c873e2165fb1392d949d7727a482c3fd,244,0.015993334352970123,0.9998059868812561,0.9840066656470299,1, No,33da65c0d6dd1f408a48fab7b4b693d2c1e6046948fc4102bb6e181d2dfcb708
amouyal:92,amouyal,NPZ,gp,simple,Yes,,,,0,184,set_33,GP_prob,simple_question,prob,not annotated upstream,the bread,,True,event,amouyal:92,rev,True,rev_repair,3b4565f2a623b9c079fed2e132a93dc4ab22f42f6311b16f7605a560ea59aa19,231,0.0006043595494702458,0.9999828338623047,0.0006043595494702458,0, No,
amouyal:92:attachment,amouyal,NPZ,gp,simple,Yes,,,,0,184,set_33,GP_prob,simple_question,prob,not annotated upstream,the bread,,True,attachment,amouyal:92,rev,True,rev_repair,d8290517b11c82ed3575610b51e57e45f6fbba943df3caa72fd37969f7306051,241,2.487102612747094e-08,0.9999806880950928,2.487102612747094e-08,0, No,22b229dac9ecc8a3182be9659f03b6c628709057d26988df3e9b01c3ecd60a8a
amouyal:93,amouyal,NPZ,gp,lingering,No,,,,0,185,set_33,GP_prob,GP_question,prob,not annotated upstream,the bread,,True,event,amouyal:93,rev,True,rev_repair,40309f0523cf8bb52ebdef367162a7124af79ff72d6b5dea2f056d1710650cdc,229,7.236700184876099e-05,0.9999851584434509,0.9999276329981512,1, No,
amouyal:93:attachment,amouyal,NPZ,gp,lingering,No,,,,0,185,set_33,GP_prob,GP_question,prob,not annotated upstream,the bread,,True,attachment,amouyal:93,rev,True,rev_repair,6d959f9b7b7d2d0d85734ad5a00aaced9cc800183be5eac0847a71f9a4b1ec30,244,3.5503835533745587e-06,0.999974250793457,0.9999964496164466,1, No,929d238bb75b61083736aa7697276b01873404113c843f23e39b791fe633eacd
amouyal:94,amouyal,NPZ,non_gp,simple,Yes,,,,0,188,set_33,nonGP_prob,simple_question,prob,not annotated upstream,the bread,,True,event,amouyal:94,rev,True,rev_repair,ad9be6a764b67c48da3a3c2caf95396309e1eb2a212a615123cb423f243bb426,231,0.999939501285553,0.9999160170555115,0.999939501285553,1, Yes,
amouyal:94:attachment,amouyal,NPZ,non_gp,simple,Yes,,,,0,188,set_33,nonGP_prob,simple_question,prob,not annotated upstream,the bread,,True,attachment,amouyal:94,rev,True,rev_repair,a5b3fd64c526ef658efc348c71eea1cdea83c4f0b49c31eb09d52acea0aa60b8,241,0.08582005649805069,0.9991886615753174,0.08582005649805069,0, No,22b229dac9ecc8a3182be9659f03b6c628709057d26988df3e9b01c3ecd60a8a
amouyal:95,amouyal,NPZ,non_gp,lingering,No,,,,0,189,set_33,nonGP_prob,GP_question,prob,not annotated upstream,the bread,,True,event,amouyal:95,rev,True,rev_repair,14b89d401b4f631c9a1f37db17cde8a420c53d49858f627b1b92f5b4447ae318,229,0.967896580696106,0.999632716178894,0.03210341930389404,0, Yes,
amouyal:95:attachment,amouyal,NPZ,non_gp,lingering,No,,,,0,189,set_33,nonGP_prob,GP_question,prob,not annotated upstream,the bread,,True,attachment,amouyal:95,rev,True,rev_repair,b89517ff1ed86f6c561efd69ab8071655a158dd7f2ade860b575612137205d67,244,0.056350331753492355,0.999663770198822,0.9436496682465076,1, No,929d238bb75b61083736aa7697276b01873404113c843f23e39b791fe633eacd
amouyal:96,amouyal,NPZ,gp,simple,Yes,,,,0,192,set_34,GP_prob,simple_question,prob,not annotated upstream,the team,,True,event,amouyal:96,rev,True,rev_repair,798276afbb7ce5d5e4a41a98854a7d61aff2523ff2325742b3014ed372dd02c0,230,0.9819259643554688,0.9998191595077515,0.9819259643554688,1, Yes,
amouyal:96:attachment,amouyal,NPZ,gp,simple,Yes,,,,0,192,set_34,GP_prob,simple_question,prob,not annotated upstream,the team,,True,attachment,amouyal:96,rev,True,rev_repair,1a55723d017446d80a512c353be0f20843af8a41d9a330e89119a96a33cc01f2,241,9.100917850446422e-07,0.9999200701713562,9.100917850446422e-07,0, No,595f45192859bc2cc7d019465135e21f4800d01bec7981bb1f9386606d6453c6
amouyal:97,amouyal,NPZ,gp,lingering,No,,,,0,193,set_34,GP_prob,GP_question,prob,not annotated upstream,the team,,True,event,amouyal:97,rev,True,rev_repair,60fafd1509befe84baada1a07b30ee07fc42d82fa66c291e51f83a8d05702c23,230,1.8358260831519146e-06,0.9999850392341614,0.9999981641739168,1, No,
amouyal:97:attachment,amouyal,NPZ,gp,lingering,No,,,,0,193,set_34,GP_prob,GP_question,prob,not annotated upstream,the team,,True,attachment,amouyal:97,rev,True,rev_repair,6b31a5257f66b6b399f0fd90ce0467c295d1388743806b9d9dca19d8448eec8f,244,4.416181764099747e-05,0.9999354481697083,0.999955838182359,1, No,a6b4237997fa5f77db32ebd4c8d8af5d4585ba4195df7132e7af527e6eb6e4a7
amouyal:98,amouyal,NPZ,non_gp,simple,Yes,,,,0,196,set_34,nonGP_prob,simple_question,prob,not annotated upstream,the team,,True,event,amouyal:98,rev,True,rev_repair,b97b40211661e4159a6e7ce01517cff74b2d639e474046880384d5ee4314f8df,230,0.9999878406524658,0.9998162984848022,0.9999878406524658,1, Yes,
amouyal:98:attachment,amouyal,NPZ,non_gp,simple,Yes,,,,0,196,set_34,nonGP_prob,simple_question,prob,not annotated upstream,the team,,True,attachment,amouyal:98,rev,True,rev_repair,5f086aa9491e42973183e62cc5d2c565a3aa10546397beccdee2e17feed39a08,241,0.9995175004005432,0.9980231523513794,0.9995175004005432,1, Yes,595f45192859bc2cc7d019465135e21f4800d01bec7981bb1f9386606d6453c6
amouyal:99,amouyal,NPZ,non_gp,lingering,No,,,,0,197,set_34,nonGP_prob,GP_question,prob,not annotated upstream,the team,,True,event,amouyal:99,rev,True,rev_repair,2f2b7ab8aa12b6bb3af7896096883c432a1bbb6175c46a6ed5df7f381a62b615,230,0.9523797035217285,0.9999182224273682,0.047620296478271484,0, Yes,
amouyal:99:attachment,amouyal,NPZ,non_gp,lingering,No,,,,0,197,set_34,nonGP_prob,GP_question,prob,not annotated upstream,the team,,True,attachment,amouyal:99,rev,True,rev_repair,8b4ef1b7113d58b0b6959537aa767b7e4d42fea1a2855899ed0f7901ffdffd8a,244,0.02609705924987793,0.9997851252555847,0.9739029407501221,1, No,a6b4237997fa5f77db32ebd4c8d8af5d4585ba4195df7132e7af527e6eb6e4a7
amouyal:100,amouyal,NPZ,gp,simple,Yes,,,,0,200,set_35,GP_prob,simple_question,prob,not annotated upstream,the floor,,True,event,amouyal:100,rev,True,rev_repair,8cbea9c21099b331f840256ccc34a68a1f17ec0f07fe5c079b11061938ad63b3,232,0.001477820915170014,0.9998040199279785,0.001477820915170014,0, No,
amouyal:100:attachment,amouyal,NPZ,gp,simple,Yes,,,,0,200,set_35,GP_prob,simple_question,prob,not annotated upstream,the floor,,True,attachment,amouyal:100,rev,True,rev_repair,dceca1fe75b3c1a740df77b71444ebee5e2c69c4a487e423ac4e3c5e307061dd,243,3.466262512574758e-07,0.9999229311943054,3.466262512574758e-07,0, No,22d0123a529ca150cef241482911e7ed8133487253480f560f145e81b1cbc05e
amouyal:101,amouyal,NPZ,gp,lingering,No,,,,0,201,set_35,GP_prob,GP_question,prob,not annotated upstream,the floor,,True,event,amouyal:101,rev,True,rev_repair,0d53c1efcfc5c31699821b8fd2aba5170e4eee9f33994cc4749d814a71134857,232,0.00032285365159623325,0.9999042749404907,0.9996771463484038,1, No,
amouyal:101:attachment,amouyal,NPZ,gp,lingering,No,,,,0,201,set_35,GP_prob,GP_question,prob,not annotated upstream,the floor,,True,attachment,amouyal:101,rev,True,rev_repair,26214844bef51b44facc309880c6ecee5c3cd4bcafcb53bd64c6fa531005eabc,246,4.758453087561065e-06,0.9999315738677979,0.9999952415469124,1, No,f38375793d9666f0c5f3b9a69cefa85088fa93199230d185d4d380fca6a26713
amouyal:102,amouyal,NPZ,non_gp,simple,Yes,,,,0,204,set_35,nonGP_prob,simple_question,prob,not annotated upstream,the floor,,True,event,amouyal:102,rev,True,rev_repair,9afd10e0dcd4374b9567539a238d8e748e8ef7cb301831f3bf685cdda8a5729d,232,0.9993188381195068,0.9997710585594177,0.9993188381195068,1, Yes,
amouyal:102:attachment,amouyal,NPZ,non_gp,simple,Yes,,,,0,204,set_35,nonGP_prob,simple_question,prob,not annotated upstream,the floor,,True,attachment,amouyal:102,rev,True,rev_repair,7cb4b74822b233ea64e023cf290d98d83e13f205c615fa3b6cf02e3286b98420,243,0.018362849950790405,0.9995977282524109,0.018362849950790405,0, No,22d0123a529ca150cef241482911e7ed8133487253480f560f145e81b1cbc05e
amouyal:103,amouyal,NPZ,non_gp,lingering,No,,,,0,205,set_35,nonGP_prob,GP_question,prob,not annotated upstream,the floor,,True,event,amouyal:103,rev,True,rev_repair,9a741734425709af290915e1423336f8e37ef9ce35a52637012cd92bb125119a,232,0.5226258039474487,0.9995678663253784,0.47737419605255127,0, Yes,
amouyal:103:attachment,amouyal,NPZ,non_gp,lingering,No,,,,0,205,set_35,nonGP_prob,GP_question,prob,not annotated upstream,the floor,,True,attachment,amouyal:103,rev,True,rev_repair,86d4f081ee1171e3e7fe0d8a1fc8124ed6c7de13b828c71f8d25124b651af47d,246,0.02968018129467964,0.9997161030769348,0.9703198187053204,1, No,f38375793d9666f0c5f3b9a69cefa85088fa93199230d185d4d380fca6a26713
amouyal:104,amouyal,NPZ,gp,simple,Yes,,,,0,208,set_36,GP_prob,simple_question,prob,not annotated upstream,the meal,,True,event,amouyal:104,rev,True,rev_repair,204f2c5e87d850747e77b906f6edaca2ae4edb33d24c8acbc32ef4901beb0b07,230,0.029762957245111465,0.9999815225601196,0.029762957245111465,0, No,
amouyal:104:attachment,amouyal,NPZ,gp,simple,Yes,,,,0,208,set_36,GP_prob,simple_question,prob,not annotated upstream,the meal,,True,attachment,amouyal:104,rev,True,rev_repair,9b6845ee5633aec2a8bd596ef6ccc28000a6a611fc178b3aca9064bf422af8b6,241,4.224755514314893e-07,0.9999650120735168,4.224755514314893e-07,0, No,6de689134b17e49f3f08b2362248de0e3f3331335492369e82786a3907120648
amouyal:105,amouyal,NPZ,gp,lingering,No,,,,0,209,set_36,GP_prob,GP_question,prob,not annotated upstream,the meal,,True,event,amouyal:105,rev,True,rev_repair,eeea2fe9ff23772edf193d27d0a54c15a0e026ed3aa0bc381be72eac9db09f29,230,4.282029112800956e-05,0.9999712705612183,0.999957179708872,1, No,
amouyal:105:attachment,amouyal,NPZ,gp,lingering,No,,,,0,209,set_36,GP_prob,GP_question,prob,not annotated upstream,the meal,,True,attachment,amouyal:105,rev,True,rev_repair,da6b4295827e2057915aea5731901fdb0381365775c76ca188a7d6ed1cd3db0d,244,3.5833163565257564e-05,0.9999511241912842,0.9999641668364347,1, No,3fe9e15306287f6d097ff7e908881bb8d0b92f68b0c0f885e8d2795c4b065235
amouyal:106,amouyal,NPZ,non_gp,simple,Yes,,,,0,212,set_36,nonGP_prob,simple_question,prob,not annotated upstream,the meal,,True,event,amouyal:106,rev,True,rev_repair,ab3dbb20ddbe1e60975027b643e6ff82d0198c4dada105cd9aa6e4512d2b4938,230,0.9999755620956421,0.9998891353607178,0.9999755620956421,1, Yes,
amouyal:106:attachment,amouyal,NPZ,non_gp,simple,Yes,,,,0,212,set_36,nonGP_prob,simple_question,prob,not annotated upstream,the meal,,True,attachment,amouyal:106,rev,True,rev_repair,92b9040a2a311f2923e71086e64c69bd22f7d336782f70e8085bea4b31c21057,241,0.3097896873950958,0.9987071752548218,0.3097896873950958,0, No,6de689134b17e49f3f08b2362248de0e3f3331335492369e82786a3907120648
amouyal:107,amouyal,NPZ,non_gp,lingering,No,,,,0,213,set_36,nonGP_prob,GP_question,prob,not annotated upstream,the meal,,True,event,amouyal:107,rev,True,rev_repair,19a9f435d8f63b417c4e2ff03cc48aa264de33c46b2e548aa25401f10e4a26dc,230,0.8303312659263611,0.9997642040252686,0.16966873407363892,0, Yes,
amouyal:107:attachment,amouyal,NPZ,non_gp,lingering,No,,,,0,213,set_36,nonGP_prob,GP_question,prob,not annotated upstream,the meal,,True,attachment,amouyal:107,rev,True,rev_repair,0ca24fe408de0c32c66268d071ba0047dd526df748b174cca8375bdd5cc50e51,244,0.039692752063274384,0.9997471570968628,0.9603072479367256,1, No,3fe9e15306287f6d097ff7e908881bb8d0b92f68b0c0f885e8d2795c4b065235
amouyal:108,amouyal,NPZ,gp,simple,Yes,,,,0,216,set_37,GP_prob,simple_question,prob,not annotated upstream,the homework,,True,event,amouyal:108,rev,True,rev_repair,f08a23fe117e3e606f117698b28a9eb7a49c7f1b62ab13e5cd9e26e1c2b9ffb5,232,1.6185487766051665e-05,0.9999647736549377,1.6185487766051665e-05,0, No,
amouyal:108:attachment,amouyal,NPZ,gp,simple,Yes,,,,0,216,set_37,GP_prob,simple_question,prob,not annotated upstream,the homework,,True,attachment,amouyal:108,rev,True,rev_repair,0a1384f99ba2619bb849a40480534633672c3238f7ff990436545ec98390f71e,242,1.7799198559487195e-08,0.9999668002128601,1.7799198559487195e-08,0, No,6b874eb8d99879e5d4438cdb2bf79a93547d740a4d460d6912ad3f211e59186d
amouyal:109,amouyal,NPZ,gp,lingering,No,,,,0,217,set_37,GP_prob,GP_question,prob,not annotated upstream,the homework,,True,event,amouyal:109,rev,True,rev_repair,416cb98db374ac21bc52dac09fcebee4bb81b3aa7bea83a600b15b060afd941f,231,1.2695464874923346e-06,0.9999796748161316,0.9999987304535125,1, No,
amouyal:109:attachment,amouyal,NPZ,gp,lingering,No,,,,0,217,set_37,GP_prob,GP_question,prob,not annotated upstream,the homework,,True,attachment,amouyal:109,rev,True,rev_repair,ca6064d67436f877d40ef34a84bf7ba0ebb9125856ccca1b8db4c9576c7bf61d,245,1.3257242699182825e-06,0.9999560117721558,0.9999986742757301,1, No,a07e60c4993b989fa40d3f4b5d703c9b974501a66855f3aaa221b18398b7d5c4
amouyal:110,amouyal,NPZ,non_gp,simple,Yes,,,,0,220,set_37,nonGP_prob,simple_question,prob,not annotated upstream,the homework,,True,event,amouyal:110,rev,True,rev_repair,107c3f88ba9a3f6fd9eb73644a3bc76dc223ab201eae14e2a3d2725f7259c9cc,232,0.0074224770069122314,0.9999656081199646,0.0074224770069122314,0, No,
amouyal:110:attachment,amouyal,NPZ,non_gp,simple,Yes,,,,0,220,set_37,nonGP_prob,simple_question,prob,not annotated upstream,the homework,,True,attachment,amouyal:110,rev,True,rev_repair,60b9e3764d9aee0be8286d39d5551109fd9293e4a015381dec3453fa5374dc1c,242,0.017451701685786247,0.9996806383132935,0.017451701685786247,0, No,6b874eb8d99879e5d4438cdb2bf79a93547d740a4d460d6912ad3f211e59186d
amouyal:111,amouyal,NPZ,non_gp,lingering,No,,,,0,221,set_37,nonGP_prob,GP_question,prob,not annotated upstream,the homework,,True,event,amouyal:111,rev,True,rev_repair,1d5ada4052c4f6971b9f66987c8629672b5b11937489b94b4aaad45a3469d3b7,231,0.002747153164818883,0.9999588131904602,0.9972528468351811,1, No,
amouyal:111:attachment,amouyal,NPZ,non_gp,lingering,No,,,,0,221,set_37,nonGP_prob,GP_question,prob,not annotated upstream,the homework,,True,attachment,amouyal:111,rev,True,rev_repair,9f69446f392669b04c2203a12d1d8b798dd7d35f1aee657a28a49fe6cbf238c4,245,0.0006959626916795969,0.9999039173126221,0.9993040373083204,1, No,a07e60c4993b989fa40d3f4b5d703c9b974501a66855f3aaa221b18398b7d5c4
amouyal:112,amouyal,NPZ,gp,simple,Yes,,,,0,224,set_38,GP_prob,simple_question,prob,not annotated upstream,the sweater,,True,event,amouyal:112,rev,True,rev_repair,dd0dc236bde01ec95558d4529e750b7d913baee3e7817e944e6db4ca0072ebba,235,0.000325370259815827,0.9999493360519409,0.000325370259815827,0, No,
amouyal:112:attachment,amouyal,NPZ,gp,simple,Yes,,,,0,224,set_38,GP_prob,simple_question,prob,not annotated upstream,the sweater,,True,attachment,amouyal:112,rev,True,rev_repair,f76d93b09a1509807398f4b4dd254218c03bd5326e46c8ffa6889682eaa94d46,244,1.4794869329648463e-08,0.9999831318855286,1.4794869329648463e-08,0, No,4b2abe82c105d2af6923c377b4a6a7ccf0f9e8b04e2dc80da79d7b82eaf4efa8
amouyal:113,amouyal,NPZ,gp,lingering,No,,,,0,225,set_38,GP_prob,GP_question,prob,not annotated upstream,the sweater,,True,event,amouyal:113,rev,True,rev_repair,49ea97faa00e65715e0d8cbf74e2b74ea7ef4fba8d6b684338bfda86344f4ff9,233,0.0015942215686663985,0.9999756813049316,0.9984057784313336,1, No,
amouyal:113:attachment,amouyal,NPZ,gp,lingering,No,,,,0,225,set_38,GP_prob,GP_question,prob,not annotated upstream,the sweater,,True,attachment,amouyal:113,rev,True,rev_repair,2fe24eb45a8547a7e6711e8f6c8f9d08c1c3743c60af2929ab836d6b72d17566,247,3.5278535506222397e-06,0.9999449253082275,0.9999964721464494,1, No,c6e9ecfa650fa9f2df468b6cd7525723121e73cfdabfa098a08fa178119cb0b1
amouyal:114,amouyal,NPZ,non_gp,simple,Yes,,,,0,228,set_38,nonGP_prob,simple_question,prob,not annotated upstream,the sweater,,True,event,amouyal:114,rev,True,rev_repair,352fcb888264c37909ea37e44200ffa9fd6f8969204533e2ae3bde2fe220b3c6,235,0.9956311583518982,0.9998296499252319,0.9956311583518982,1, Yes,
amouyal:114:attachment,amouyal,NPZ,non_gp,simple,Yes,,,,0,228,set_38,nonGP_prob,simple_question,prob,not annotated upstream,the sweater,,True,attachment,amouyal:114,rev,True,rev_repair,8be6e5268e394a21873ab56dc6ade36f6cdd3a487c5448b0b0b57886dc328fc8,244,0.00040785089368000627,0.9999108910560608,0.00040785089368000627,0, No,4b2abe82c105d2af6923c377b4a6a7ccf0f9e8b04e2dc80da79d7b82eaf4efa8
amouyal:115,amouyal,NPZ,non_gp,lingering,No,,,,0,229,set_38,nonGP_prob,GP_question,prob,not annotated upstream,the sweater,,True,event,amouyal:115,rev,True,rev_repair,74dfab5e6b3b3b08fcbd54c7d0c9a5bed3b8546bcdb1d6ee52be2d1b84a936b2,233,2.1531905147753605e-09,0.9999895095825195,0.9999999978468095,1, No,
amouyal:115:attachment,amouyal,NPZ,non_gp,lingering,No,,,,0,229,set_38,nonGP_prob,GP_question,prob,not annotated upstream,the sweater,,True,attachment,amouyal:115,rev,True,rev_repair,0082f3ce55a6484d8268b9db8cff5e3e07602adb4f121d8d4c3e36cd9ddbb63a,247,0.00047826601075939834,0.9999056458473206,0.9995217339892406,1, No,c6e9ecfa650fa9f2df468b6cd7525723121e73cfdabfa098a08fa178119cb0b1
amouyal:116,amouyal,NPZ,gp,simple,Yes,,,,0,232,set_39,GP_prob,simple_question,prob,not annotated upstream,the comet,,True,event,amouyal:116,rev,True,rev_repair,e2f664ad56689eda28ded298598e6e4da67d86dd0b51c059abd53f29ffcad29f,233,0.005116246175020933,0.9999384880065918,0.005116246175020933,0, No,
amouyal:116:attachment,amouyal,NPZ,gp,simple,Yes,,,,0,232,set_39,GP_prob,simple_question,prob,not annotated upstream,the comet,,True,attachment,amouyal:116,rev,True,rev_repair,122b238b8c8689b5c483440a30541ff38d7fa1a720706e6d96db0669fa74a530,243,6.035278943272715e-08,0.9999825358390808,6.035278943272715e-08,0, No,09235ed18927156ad80a366bb7de5bb409be002c759663927611819a459cfca5
amouyal:117,amouyal,NPZ,gp,lingering,No,,,,0,233,set_39,GP_prob,GP_question,prob,not annotated upstream,the comet,,True,event,amouyal:117,rev,True,rev_repair,17f9ad9db54470ea5fc1ed070c44bf205b51f8ffb6b0fb072a9237ed31af2f4a,233,2.560459506639745e-05,0.9999834895133972,0.9999743954049336,1, No,
amouyal:117:attachment,amouyal,NPZ,gp,lingering,No,,,,0,233,set_39,GP_prob,GP_question,prob,not annotated upstream,the comet,,True,attachment,amouyal:117,rev,True,rev_repair,247c2625fc3bd9e639279c2e08234794ac0bc1a7e7f86588f0176cdf0a283a9c,246,1.189969907500199e-06,0.9999696016311646,0.9999988100300925,1, No,891e3e87635cc338b51c74eae9cf94754bb67ab0994c7658d6bfbffd4dd7d97a
amouyal:118,amouyal,NPZ,non_gp,simple,Yes,,,,0,236,set_39,nonGP_prob,simple_question,prob,not annotated upstream,the comet,,True,event,amouyal:118,rev,True,rev_repair,49abe7eadd6e55afc4dd0ea9f18ba9c5b2de777c70cc64347b148cc28298729f,233,0.9992785453796387,0.9999136924743652,0.9992785453796387,1, Yes,
amouyal:118:attachment,amouyal,NPZ,non_gp,simple,Yes,,,,0,236,set_39,nonGP_prob,simple_question,prob,not annotated upstream,the comet,,True,attachment,amouyal:118,rev,True,rev_repair,8af4d9f90cd08850c0ff7bbd6ea8382e712fc2bdf36567e361a81eeaf949dbd9,243,0.9952859282493591,0.9987767338752747,0.9952859282493591,1, Yes,09235ed18927156ad80a366bb7de5bb409be002c759663927611819a459cfca5
amouyal:119,amouyal,NPZ,non_gp,lingering,No,,,,0,237,set_39,nonGP_prob,GP_question,prob,not annotated upstream,the comet,,True,event,amouyal:119,rev,True,rev_repair,52c7eea12f37f65b422b10759349c1f8cc2232928ab853cd37d47d4762b6380c,233,0.9933274984359741,0.9999012351036072,0.006672501564025879,0, Yes,
amouyal:119:attachment,amouyal,NPZ,non_gp,lingering,No,,,,0,237,set_39,nonGP_prob,GP_question,prob,not annotated upstream,the comet,,True,attachment,amouyal:119,rev,True,rev_repair,7a429d32cb0f2ee94d00a43f9684fba825a13b0e9f8911da3ea563d354ce78d9,246,0.015084322541952133,0.9998064637184143,0.9849156774580479,1, No,891e3e87635cc338b51c74eae9cf94754bb67ab0994c7658d6bfbffd4dd7d97a
amouyal:120,amouyal,NPZ,gp,simple,Yes,,,,0,240,set_40,GP_prob,simple_question,prob,not annotated upstream,the game,,True,event,amouyal:120,rev,True,rev_repair,fb6cce6fac79d30ab4840b1b17d0913d1eb936c2ec3fc9b0747be7617f4c9df5,230,0.0030666012316942215,0.9999361634254456,0.0030666012316942215,0, No,
amouyal:120:attachment,amouyal,NPZ,gp,simple,Yes,,,,0,240,set_40,GP_prob,simple_question,prob,not annotated upstream,the game,,True,attachment,amouyal:120,rev,True,rev_repair,14180effa8b91d1f484c4340666562c2a5ddf0b28c6be094eb0c2572e225f5dd,241,1.60940359705819e-07,0.9999749064445496,1.60940359705819e-07,0, No,8a380af56eeb5918b1c9944d769db9d624fe59e5ff74995c7d9ffce4429791c9
amouyal:121,amouyal,NPZ,gp,lingering,No,,,,0,241,set_40,GP_prob,GP_question,prob,not annotated upstream,the game,,True,event,amouyal:121,rev,True,rev_repair,e0ca2574e0103d8c7928791bdefbda45e1ba0f295a7b9b80003f2d281dece7c3,230,4.02914747610339e-06,0.9999794960021973,0.9999959708525239,1, No,
amouyal:121:attachment,amouyal,NPZ,gp,lingering,No,,,,0,241,set_40,GP_prob,GP_question,prob,not annotated upstream,the game,,True,attachment,amouyal:121,rev,True,rev_repair,3418cfac4bda41d12141c75e4206da41a573074af1addd9f439f91ab7082b684,244,8.287041964649688e-06,0.9999493360519409,0.9999917129580354,1, No,b5a288cbb579cf5227c98d6a5b33fbb456ec91cbbe694eaed61346efbf6dae12
amouyal:122,amouyal,NPZ,non_gp,simple,Yes,,,,0,244,set_40,nonGP_prob,simple_question,prob,not annotated upstream,the game,,True,event,amouyal:122,rev,True,rev_repair,284981bffd592ad937e308dec0d1cab2e64d4e48a3ead12e6159c1de5e02d7f7,230,0.9914771914482117,0.999757707118988,0.9914771914482117,1, Yes,
amouyal:122:attachment,amouyal,NPZ,non_gp,simple,Yes,,,,0,244,set_40,nonGP_prob,simple_question,prob,not annotated upstream,the game,,True,attachment,amouyal:122,rev,True,rev_repair,4f3db080da9c575867b99036412831ace5ebc3efe348a563014c126627a71307,241,0.029160505160689354,0.9997499585151672,0.029160505160689354,0, No,8a380af56eeb5918b1c9944d769db9d624fe59e5ff74995c7d9ffce4429791c9
amouyal:123,amouyal,NPZ,non_gp,lingering,No,,,,0,245,set_40,nonGP_prob,GP_question,prob,not annotated upstream,the game,,True,event,amouyal:123,rev,True,rev_repair,6937dbba0925122402bee6a18fc8ad5033ecaba12904537e859b7d5f314dba97,230,0.03746455907821655,0.9999412298202515,0.9625354409217834,1, No,
amouyal:123:attachment,amouyal,NPZ,non_gp,lingering,No,,,,0,245,set_40,nonGP_prob,GP_question,prob,not annotated upstream,the game,,True,attachment,amouyal:123,rev,True,rev_repair,a8854f802826bac94acbdef92363c2b153f58b71547cc0f2c57926019da6d20a,244,0.0030616670846939087,0.9999129772186279,0.9969383329153061,1, No,b5a288cbb579cf5227c98d6a5b33fbb456ec91cbbe694eaed61346efbf6dae12
amouyal:124,amouyal,NPZ,gp,simple,Yes,,,,0,248,set_41,GP_prob,simple_question,prob,not annotated upstream,the students,,True,event,amouyal:124,rev,True,rev_repair,a7cab06f643cb78c4a83772b785be61d3f9edd74676937ff2514f7033b75c97f,232,0.9665359854698181,0.9998961687088013,0.9665359854698181,1, Yes,
amouyal:124:attachment,amouyal,NPZ,gp,simple,Yes,,,,0,248,set_41,GP_prob,simple_question,prob,not annotated upstream,the students,,True,attachment,amouyal:124,rev,True,rev_repair,bd05988df62ee09bcc3fcc8ae18b8e7e2ce51fee1fc421a912a1a150747f22c7,242,3.948925666463765e-07,0.9999344944953918,3.948925666463765e-07,0, No,87ec7b6e980ac4bcbbc8d3330f183ffb2917c239380753d53acaad240d5c2c02
amouyal:125,amouyal,NPZ,gp,lingering,No,,,,0,249,set_41,GP_prob,GP_question,prob,not annotated upstream,the students,,True,event,amouyal:125,rev,True,rev_repair,a5fd61b30d98f0884fac9b864632e56ea8023e1fb89d98945abd3b0660ed4ef2,231,1.0116725206898991e-05,0.9999696612358093,0.9999898832747931,1, No,
amouyal:125:attachment,amouyal,NPZ,gp,lingering,No,,,,0,249,set_41,GP_prob,GP_question,prob,not annotated upstream,the students,,True,attachment,amouyal:125,rev,True,rev_repair,51ce08f4594834916202fbc0ff21cae572f834ef39ebe1207b1c74cd33753f66,245,1.8026921679847874e-05,0.9999324083328247,0.9999819730783202,1, No,1826aef1a6dbabe1b3f3865576043f577af2be7b8649edfba1bfa7649ee1c7b5
amouyal:126,amouyal,NPZ,non_gp,simple,Yes,,,,0,252,set_41,nonGP_prob,simple_question,prob,not annotated upstream,the students,,True,event,amouyal:126,rev,True,rev_repair,a4a2164de68df865dd30be89b4a15e38f94637da007857b8b8857cbd84b8d36d,232,0.9999953508377075,0.999836266040802,0.9999953508377075,1, Yes,
amouyal:126:attachment,amouyal,NPZ,non_gp,simple,Yes,,,,0,252,set_41,nonGP_prob,simple_question,prob,not annotated upstream,the students,,True,attachment,amouyal:126,rev,True,rev_repair,cf3c33306cf74260991a49565ae132f89c2d19161028da9c413d5485ee2335c4,242,0.9995607733726501,0.9969648122787476,0.9995607733726501,1, Yes,87ec7b6e980ac4bcbbc8d3330f183ffb2917c239380753d53acaad240d5c2c02
amouyal:127,amouyal,NPZ,non_gp,lingering,No,,,,0,253,set_41,nonGP_prob,GP_question,prob,not annotated upstream,the students,,True,event,amouyal:127,rev,True,rev_repair,f5cbb59b87718c548b364d76cfe56f484d805dd16fa655934e214e69ee75fab2,231,0.9981764554977417,0.9995837211608887,0.0018235445022583008,0, Yes,
amouyal:127:attachment,amouyal,NPZ,non_gp,lingering,No,,,,0,253,set_41,nonGP_prob,GP_question,prob,not annotated upstream,the students,,True,attachment,amouyal:127,rev,True,rev_repair,1863fdca72e885e816afb8cb2c1d0fc806a0233130cd89f66e16c445384afddd,245,0.010940038599073887,0.9996827840805054,0.9890599614009261,1, No,1826aef1a6dbabe1b3f3865576043f577af2be7b8649edfba1bfa7649ee1c7b5
amouyal:128,amouyal,NPZ,gp,simple,Yes,,,,0,256,set_42,GP_prob,simple_question,prob,not annotated upstream,the melody,,True,event,amouyal:128,rev,True,rev_repair,9417ca2c07c79d99ff87bb9c383980fe76b6bb1c5059adc114078abdf75fb606,233,0.9969896674156189,0.9999527931213379,0.9969896674156189,1, Yes,
amouyal:128:attachment,amouyal,NPZ,gp,simple,Yes,,,,0,256,set_42,GP_prob,simple_question,prob,not annotated upstream,the melody,,True,attachment,amouyal:128,rev,True,rev_repair,174cdb1970f23de3887e819e125ca08c9d48fd38652128f6cb00918538774740,243,1.357010546598758e-06,0.9999865293502808,1.357010546598758e-06,0, No,a99d1ffb2ee1f8aee77808783ef9db8d862cdb8dc69834d806afe1de61a89f8b
amouyal:129,amouyal,NPZ,gp,lingering,No,,,,0,257,set_42,GP_prob,GP_question,prob,not annotated upstream,the melody,,True,event,amouyal:129,rev,True,rev_repair,462feb9c6b4e674f0831e506417185460b915fc9e89196b4ed47c48d65c7841e,233,0.8582670092582703,0.9997479319572449,0.14173299074172974,0, Yes,
amouyal:129:attachment,amouyal,NPZ,gp,lingering,No,,,,0,257,set_42,GP_prob,GP_question,prob,not annotated upstream,the melody,,True,attachment,amouyal:129,rev,True,rev_repair,0fca7843beaf2937eeb0993e427235b3b1f4faa7ca8d6ec1bd742240c11fa556,246,0.005280870478600264,0.9998860955238342,0.9947191295213997,1, No,6e863362a154a40c9c4ab9dbdf09f2ad0f4b550128aa89f34e6d936c5132f1c3
amouyal:130,amouyal,NPZ,non_gp,simple,Yes,,,,0,260,set_42,nonGP_prob,simple_question,prob,not annotated upstream,the melody,,True,event,amouyal:130,rev,True,rev_repair,af964bc5894e13ae0af169b59d713a19950bdf0db175ba5f6d9273a60aa6821d,233,0.9999756813049316,0.9998437762260437,0.9999756813049316,1, Yes,
amouyal:130:attachment,amouyal,NPZ,non_gp,simple,Yes,,,,0,260,set_42,nonGP_prob,simple_question,prob,not annotated upstream,the melody,,True,attachment,amouyal:130,rev,True,rev_repair,6690678a5d76d422b7080359278eef4f98b14e00793dceee5ade062c8ea7b746,243,0.9229809045791626,0.9987743496894836,0.9229809045791626,1, Yes,a99d1ffb2ee1f8aee77808783ef9db8d862cdb8dc69834d806afe1de61a89f8b
amouyal:131,amouyal,NPZ,non_gp,lingering,No,,,,0,261,set_42,nonGP_prob,GP_question,prob,not annotated upstream,the melody,,True,event,amouyal:131,rev,True,rev_repair,963b14626e6753f02bc25b1eb9f928f81d43614951b543fe48e13fcb694298ae,233,0.9848201870918274,0.9997683167457581,0.015179812908172607,0, Yes,
amouyal:131:attachment,amouyal,NPZ,non_gp,lingering,No,,,,0,261,set_42,nonGP_prob,GP_question,prob,not annotated upstream,the melody,,True,attachment,amouyal:131,rev,True,rev_repair,7ecd6769ffec4f0d4feb691784a07834e934280fa1a6d66992b9bbc362e652f7,246,0.062137968838214874,0.9996921420097351,0.9378620311617851,1, No,6e863362a154a40c9c4ab9dbdf09f2ad0f4b550128aa89f34e6d936c5132f1c3
amouyal:132,amouyal,NPZ,gp,simple,Yes,,,,0,264,set_43,GP_prob,simple_question,prob,not annotated upstream,the bar,,True,event,amouyal:132,rev,True,rev_repair,41e36b9ec450907e50fea02f7ed60c244ca206acabbd84f06ba05fd002468616,231,0.8258202075958252,0.9998459815979004,0.8258202075958252,1, Yes,
amouyal:132:attachment,amouyal,NPZ,gp,simple,Yes,,,,0,264,set_43,GP_prob,simple_question,prob,not annotated upstream,the bar,,True,attachment,amouyal:132,rev,True,rev_repair,b8fed91662e78a827bb5f697ba39604174367ce18e133e2244c67ab8d59bff47,242,3.6213987186783925e-07,0.9999932050704956,3.6213987186783925e-07,0, No,beb70cb41dce4faa587dd4e472baf56e64c6fc76b100ebac253dc418e9e46c3b
amouyal:133,amouyal,NPZ,gp,lingering,No,,,,0,265,set_43,GP_prob,GP_question,prob,not annotated upstream,the bar,,True,event,amouyal:133,rev,True,rev_repair,e065a20271a26b57933b1876583d2b11cb07d5f9b6f5b7529522f64b55727704,231,4.006026301794918e-06,0.9999787211418152,0.9999959939736982,1, No,
amouyal:133:attachment,amouyal,NPZ,gp,lingering,No,,,,0,265,set_43,GP_prob,GP_question,prob,not annotated upstream,the bar,,True,attachment,amouyal:133,rev,True,rev_repair,735691b02ffd18214cf4f7298b7dd4b5a95caefa497d243d5d452af3a7bb3c66,245,0.00012476132542360574,0.9999780058860779,0.9998752386745764,1, No,ac2e58dca58019595e3155452ba1d26143c891499abbfef8aeaa36aa9c8f714a
amouyal:134,amouyal,NPZ,non_gp,simple,Yes,,,,0,268,set_43,nonGP_prob,simple_question,prob,not annotated upstream,the bar,,True,event,amouyal:134,rev,True,rev_repair,52e4a91d2d0d153ab81cd197e81981fd073db7f528d411dc89993e59d7182296,231,0.9990540146827698,0.9997790455818176,0.9990540146827698,1, Yes,
amouyal:134:attachment,amouyal,NPZ,non_gp,simple,Yes,,,,0,268,set_43,nonGP_prob,simple_question,prob,not annotated upstream,the bar,,True,attachment,amouyal:134,rev,True,rev_repair,cc3d8a07b70ef730e1a62528344bc366959e5469cf821650266e98b0ebe92a00,242,0.5826871395111084,0.9989726543426514,0.5826871395111084,1, Yes,beb70cb41dce4faa587dd4e472baf56e64c6fc76b100ebac253dc418e9e46c3b
amouyal:135,amouyal,NPZ,non_gp,lingering,No,,,,0,269,set_43,nonGP_prob,GP_question,prob,not annotated upstream,the bar,,True,event,amouyal:135,rev,True,rev_repair,3ad0aa3f504500b587a78f40d928282a0204af660fa16ad5473dc76aceaed7f0,231,0.9997954964637756,0.999856173992157,0.00020450353622436523,0, Yes,
amouyal:135:attachment,amouyal,NPZ,non_gp,lingering,No,,,,0,269,set_43,nonGP_prob,GP_question,prob,not annotated upstream,the bar,,True,attachment,amouyal:135,rev,True,rev_repair,5fb277bdc28124d6fc7e6a5d7cd16bed4dcb55e6ff2e93a8a255b09f89ac267a,245,0.0006452368106693029,0.9999611973762512,0.9993547631893307,1, No,ac2e58dca58019595e3155452ba1d26143c891499abbfef8aeaa36aa9c8f714a
amouyal:136,amouyal,NPZ,gp,simple,Yes,,,,0,272,set_44,GP_prob,simple_question,prob,not annotated upstream,the tomatoes,,True,event,amouyal:136,rev,True,rev_repair,ac623c7c8c4e0f6b5586448cca2fe029db16223bf46e82a0c0654aa8f9685f46,234,1.2554337445180863e-05,0.999987006187439,1.2554337445180863e-05,0, No,
amouyal:136:attachment,amouyal,NPZ,gp,simple,Yes,,,,0,272,set_44,GP_prob,simple_question,prob,not annotated upstream,the tomatoes,,True,attachment,amouyal:136,rev,True,rev_repair,dfe1ec18d026dfa08c1643d7183563566b5e88629e18e7c2cb2781215befa094,244,2.3592326314769707e-08,0.9998843669891357,2.3592326314769707e-08,0, No,bdd85f8913be275ace992a77d350e0f6d34be80da5125c6b737d4f0c369ce3cd
amouyal:137,amouyal,NPZ,gp,lingering,No,,,,0,273,set_44,GP_prob,GP_question,prob,not annotated upstream,the tomatoes,,True,event,amouyal:137,rev,True,rev_repair,0029750ff4927c4392ecbc4e5147165d9ece4eebccd1e12e984678c7097e404f,234,5.780550438316823e-08,0.9999869465827942,0.9999999421944956,1, No,
amouyal:137:attachment,amouyal,NPZ,gp,lingering,No,,,,0,273,set_44,GP_prob,GP_question,prob,not annotated upstream,the tomatoes,,True,attachment,amouyal:137,rev,True,rev_repair,18d89fe4bd013b25c049ca8fbeb18fa8fc3a8b133462504317b2dc4ca79afece,247,2.458435233165801e-07,0.999895453453064,0.9999997541564767,1, No,6443a115d275bee15929d14fa928376e39fbdf1c50c7b6d2406df8d455e6687f
amouyal:138,amouyal,NPZ,non_gp,simple,Yes,,,,0,276,set_44,nonGP_prob,simple_question,prob,not annotated upstream,the tomatoes,,True,event,amouyal:138,rev,True,rev_repair,3065d25b472f82f4557dde9a425a5f4eb18e38ac07d7bfcc0b884dc56ecdca70,234,0.3678722083568573,0.9996594190597534,0.3678722083568573,0, No,
amouyal:138:attachment,amouyal,NPZ,non_gp,simple,Yes,,,,0,276,set_44,nonGP_prob,simple_question,prob,not annotated upstream,the tomatoes,,True,attachment,amouyal:138,rev,True,rev_repair,474b91ab9fb7eac5bc40bf7689907c8190c650dbf1ae1921213d44392f423764,244,0.0031353847589343786,0.9994611144065857,0.0031353847589343786,0, No,bdd85f8913be275ace992a77d350e0f6d34be80da5125c6b737d4f0c369ce3cd
amouyal:139,amouyal,NPZ,non_gp,lingering,No,,,,0,277,set_44,nonGP_prob,GP_question,prob,not annotated upstream,the tomatoes,,True,event,amouyal:139,rev,True,rev_repair,de0ba4f55ea90b6e5172a9f03baaae80af4d4c9caafbc115b99b0e57a81c72a5,234,1.5884217646089382e-05,0.9999880194664001,0.9999841157823539,1, No,
amouyal:139:attachment,amouyal,NPZ,non_gp,lingering,No,,,,0,277,set_44,nonGP_prob,GP_question,prob,not annotated upstream,the tomatoes,,True,attachment,amouyal:139,rev,True,rev_repair,391ca24a591611b38d95ce4ccb18f2fcf8da6063d0bfc21bcaada5e1242c013b,247,0.0009939218871295452,0.9997590780258179,0.9990060781128705,1, No,6443a115d275bee15929d14fa928376e39fbdf1c50c7b6d2406df8d455e6687f
amouyal:140,amouyal,NPZ,gp,simple,Yes,,,,0,280,set_45,GP_prob,simple_question,prob,not annotated upstream,the cart,,True,event,amouyal:140,rev,True,rev_repair,67f6f6c745fbb45c7f829615db3c8f8a0a1fb0aea898f02f88cb9595a6aea0a1,228,0.0018438727129250765,0.9998874068260193,0.0018438727129250765,0, No,
amouyal:140:attachment,amouyal,NPZ,gp,simple,Yes,,,,0,280,set_45,GP_prob,simple_question,prob,not annotated upstream,the cart,,True,attachment,amouyal:140,rev,True,rev_repair,27bf56f22a5b4ca86eda802b761ddfdc8d24ae7c3f7f66da80a0a4b06f0300a5,240,2.4371121298827347e-07,0.9999632239341736,2.4371121298827347e-07,0, No,14ae2c4358dfa085dcd1365b00345d3ab72ecf1d12a98048e90fc006d3259441
amouyal:141,amouyal,NPZ,gp,lingering,No,,,,0,281,set_45,GP_prob,GP_question,prob,not annotated upstream,the cart,,True,event,amouyal:141,rev,True,rev_repair,a9b9ba83d794c78942d1c8ff676e8b95d9a917f28db5fa9a7f729bb1a8d2c8e1,229,0.010173682123422623,0.9999447464942932,0.9898263178765774,1, No,
amouyal:141:attachment,amouyal,NPZ,gp,lingering,No,,,,0,281,set_45,GP_prob,GP_question,prob,not annotated upstream,the cart,,True,attachment,amouyal:141,rev,True,rev_repair,842bc0b44e66e61fafbbf7e2eda7467770841b97a4424c5a05215c73d556c863,243,6.1670430113736074e-06,0.9999595880508423,0.9999938329569886,1, No,3ef76ca49cbe90d15463e82a1ce39815492c26650450845581aeb985bc5e3db2
amouyal:142,amouyal,NPZ,non_gp,simple,Yes,,,,0,284,set_45,nonGP_prob,simple_question,prob,not annotated upstream,the cart,,True,event,amouyal:142,rev,True,rev_repair,8740188ba7558ed1754446ccabbf364065e9d7a4643add889c6fab0a99d5d273,228,0.9962897896766663,0.9995594024658203,0.9962897896766663,1, Yes,
amouyal:142:attachment,amouyal,NPZ,non_gp,simple,Yes,,,,0,284,set_45,nonGP_prob,simple_question,prob,not annotated upstream,the cart,,True,attachment,amouyal:142,rev,True,rev_repair,89dfd5aafcd68e45366b4828a8552a89fbfc0de4252bfb09ae380e502064a8df,240,0.7799085974693298,0.9976705312728882,0.7799085974693298,1, Yes,14ae2c4358dfa085dcd1365b00345d3ab72ecf1d12a98048e90fc006d3259441
amouyal:143,amouyal,NPZ,non_gp,lingering,No,,,,0,285,set_45,nonGP_prob,GP_question,prob,not annotated upstream,the cart,,True,event,amouyal:143,rev,True,rev_repair,b99b2eef604343da8912a4ebf623ef8e99c67a4e093fda9c399b8214199fcbbf,229,0.9983111619949341,0.9998401403427124,0.001688838005065918,0, Yes,
amouyal:143:attachment,amouyal,NPZ,non_gp,lingering,No,,,,0,285,set_45,nonGP_prob,GP_question,prob,not annotated upstream,the cart,,True,attachment,amouyal:143,rev,True,rev_repair,fb8226913116ea24e89afbcce6341c6b1b1c0da656d265333910c66e138b5a6a,243,0.009369613602757454,0.9998716711997986,0.9906303863972425,1, No,3ef76ca49cbe90d15463e82a1ce39815492c26650450845581aeb985bc5e3db2
amouyal:192,amouyal,NPZ,gp,simple,Yes,,,,0,336,set_hyp5_1,GP_reflexive,simple_question,reflexive,not annotated upstream,the child,,True,event,amouyal:192,rev,True,rev_repair,5ed8901f50a5c745d25468aaf61a6fa14303419e979d8c6fd6c3c094e0164216,232,0.16695824265480042,0.9998699426651001,0.16695824265480042,0, No,
amouyal:192:attachment,amouyal,NPZ,gp,simple,Yes,,,,0,336,set_hyp5_1,GP_reflexive,simple_question,reflexive,not annotated upstream,the child,,True,attachment,amouyal:192,rev,True,rev_repair,4593f7a1e15ac5a856f115c657e00b4a6ff40c251c9908a23a94a635a2227a34,242,1.4656825442216359e-05,0.9999538660049438,1.4656825442216359e-05,0, No,9d461520b0e6e5235378c995590a8a735e34c9a35b844a2b80f57ad9af0aebcd
amouyal:193,amouyal,NPZ,gp,lingering,No,,,,0,337,set_hyp5_1,GP_reflexive,GP_question,reflexive,not annotated upstream,the child,,True,event,amouyal:193,rev,True,rev_repair,b12704270fde72017d0524666e6eb308f422d270224d9abf132847c99af06966,231,2.3156366296461783e-05,0.9999802112579346,0.9999768436337035,1, No,
amouyal:193:attachment,amouyal,NPZ,gp,lingering,No,,,,0,337,set_hyp5_1,GP_reflexive,GP_question,reflexive,not annotated upstream,the child,,True,attachment,amouyal:193,rev,True,rev_repair,ee3bb960bd492f7ecc03476cde1c22dd31ca94d14d8e10d851ca2c4a8e4884bb,245,0.0027599679306149483,0.9999186992645264,0.997240032069385,1, No,a1937d8ce2d8e86c561f9d1da583ef2960db1a63a0926a297d8d302f5d1d5c0c
amouyal:144,amouyal,NPZ,non_gp,simple,Yes,,,,0,288,set_hyp5_1,nonGP_reflexive,simple_question,reflexive,not annotated upstream,the child,,True,event,amouyal:144,rev,True,rev_repair,c221932c5ff4c527df8785f6be9f51c4bd7247d9fc50bbaf930d0673c33731bb,232,0.995255708694458,0.999671995639801,0.995255708694458,1, Yes,
amouyal:144:attachment,amouyal,NPZ,non_gp,simple,Yes,,,,0,288,set_hyp5_1,nonGP_reflexive,simple_question,reflexive,not annotated upstream,the child,,True,attachment,amouyal:144,rev,True,rev_repair,dfaffe7fddd1d7092b79f294fc6be78f5fd97df74c1fc83e65170e565041b28f,242,0.000940160418394953,0.9998779296875,0.000940160418394953,0, No,9d461520b0e6e5235378c995590a8a735e34c9a35b844a2b80f57ad9af0aebcd
amouyal:145,amouyal,NPZ,non_gp,lingering,No,,,,0,289,set_hyp5_1,nonGP_reflexive,GP_question,reflexive,not annotated upstream,the child,,True,event,amouyal:145,rev,True,rev_repair,f2cbebed0dc2ebd7b23b460a326162998e1e297120b5e8902ab12e9b44e3e660,231,0.9989062547683716,0.9997776746749878,0.001093745231628418,0, Yes,
amouyal:145:attachment,amouyal,NPZ,non_gp,lingering,No,,,,0,289,set_hyp5_1,nonGP_reflexive,GP_question,reflexive,not annotated upstream,the child,,True,attachment,amouyal:145,rev,True,rev_repair,16773c9704b69ef86bf9def6c6130fd610769f7569a1bb444ce010f4428f4255,245,2.269416108902078e-05,0.9999669194221497,0.999977305838911,1, No,a1937d8ce2d8e86c561f9d1da583ef2960db1a63a0926a297d8d302f5d1d5c0c
amouyal:194,amouyal,NPZ,gp,simple,Yes,,,,0,338,set_hyp5_2,GP_reflexive,simple_question,reflexive,not annotated upstream,the baboons,,True,event,amouyal:194,rev,True,rev_repair,e91ca2ded214c16dd522f2f3152b866966c6535c36286e8494c96dbac4ac3720,236,0.9611147046089172,0.9999354481697083,0.9611147046089172,1, Yes,
amouyal:194:attachment,amouyal,NPZ,gp,simple,Yes,,,,0,338,set_hyp5_2,GP_reflexive,simple_question,reflexive,not annotated upstream,the baboons,,True,attachment,amouyal:194,rev,True,rev_repair,56d3a6c6093f9df4d07e2b81eb67ec23dc37101f5965dcca2a95d639f92d465e,246,1.7728290913510136e-05,0.9999269843101501,1.7728290913510136e-05,0, No,703e3255dc15e54e7cedee7271212b3569b6facc624545f10974dfc6eacb9967
amouyal:195,amouyal,NPZ,gp,lingering,No,,,,0,339,set_hyp5_2,GP_reflexive,GP_question,reflexive,not annotated upstream,the baboons,,True,event,amouyal:195,rev,True,rev_repair,abf98af133cb357dcdd3c9ae8697c33c8c9fa318e9b70cfe6b8d41a4a16518ff,236,1.0572133390951421e-08,0.9999939799308777,0.9999999894278666,1, No,
amouyal:195:attachment,amouyal,NPZ,gp,lingering,No,,,,0,339,set_hyp5_2,GP_reflexive,GP_question,reflexive,not annotated upstream,the baboons,,True,attachment,amouyal:195,rev,True,rev_repair,10720cd4a449eb77c54a7890be20c469a1c5b17de18f32e558e493b56caaf715,249,0.00037895666901022196,0.9999074935913086,0.9996210433309898,1, No,90d7e33449e752713a4b5ff0ffaf9e3a10bb78d1498a9398895344986ca7a998
amouyal:146,amouyal,NPZ,non_gp,simple,Yes,,,,0,290,set_hyp5_2,nonGP_reflexive,simple_question,reflexive,not annotated upstream,the baboons,,True,event,amouyal:146,rev,True,rev_repair,90d016791da9a0232360f3fefd478bfb1885b2a8f5976e47a08b61cb771eebc2,236,0.9999178051948547,0.9998646378517151,0.9999178051948547,1, Yes,
amouyal:146:attachment,amouyal,NPZ,non_gp,simple,Yes,,,,0,290,set_hyp5_2,nonGP_reflexive,simple_question,reflexive,not annotated upstream,the baboons,,True,attachment,amouyal:146,rev,True,rev_repair,1cbface3ced70d71a9393bb991f18ab526525867104da59e422085dc097225e4,246,0.9859529137611389,0.9974302649497986,0.9859529137611389,1, Yes,703e3255dc15e54e7cedee7271212b3569b6facc624545f10974dfc6eacb9967
amouyal:147,amouyal,NPZ,non_gp,lingering,No,,,,0,291,set_hyp5_2,nonGP_reflexive,GP_question,reflexive,not annotated upstream,the baboons,,True,event,amouyal:147,rev,True,rev_repair,79c90a0731bad522f1ad18da8038c2c7f1239050332b6eb9170371516d84e4b9,236,1.4404771819798157e-10,0.9999932050704956,0.9999999998559523,1, No,
amouyal:147:attachment,amouyal,NPZ,non_gp,lingering,No,,,,0,291,set_hyp5_2,nonGP_reflexive,GP_question,reflexive,not annotated upstream,the baboons,,True,attachment,amouyal:147,rev,True,rev_repair,7a924d5a9a8d29417fd8e533df3069ace6ef63341361f96b628e3559dd96d30b,249,0.0054366448894143105,0.9997527599334717,0.9945633551105857,1, No,90d7e33449e752713a4b5ff0ffaf9e3a10bb78d1498a9398895344986ca7a998
amouyal:196,amouyal,NPZ,gp,simple,Yes,,,,0,340,set_hyp5_3,GP_reflexive,simple_question,reflexive,not annotated upstream,the car,,True,event,amouyal:196,rev,True,rev_repair,78c9ba43baa2a08190a74c15ab451f318062ef084ba89335552ba9aa174e7784,232,0.0072920601814985275,0.9999513030052185,0.0072920601814985275,0, No,
amouyal:196:attachment,amouyal,NPZ,gp,simple,Yes,,,,0,340,set_hyp5_3,GP_reflexive,simple_question,reflexive,not annotated upstream,the car,,True,attachment,amouyal:196,rev,True,rev_repair,1fb92dd414a519b4160f57eb7cffd119e1aed47a89416821da67a581bde540ef,242,6.647700274697854e-07,0.9999783039093018,6.647700274697854e-07,0, No,0bc3634d0abe369ea7f8f0e83498be9d519fddcf3ef37468e561e3f43e49a094
amouyal:197,amouyal,NPZ,gp,lingering,No,,,,0,341,set_hyp5_3,GP_reflexive,GP_question,reflexive,not annotated upstream,the car,,True,event,amouyal:197,rev,True,rev_repair,39126e62f589be62226d4d37d8e935cb038369b6785fac85a8bae796fc9117e1,231,0.0009188962867483497,0.9999660849571228,0.9990811037132517,1, No,
amouyal:197:attachment,amouyal,NPZ,gp,lingering,No,,,,0,341,set_hyp5_3,GP_reflexive,GP_question,reflexive,not annotated upstream,the car,,True,attachment,amouyal:197,rev,True,rev_repair,985a6fb2b66dd6c87e0c750dd4811ceef45227b956bd3353834b3a6edb534ed3,245,9.265760309062898e-05,0.9999544024467468,0.9999073423969094,1, No,d93f30491c8cdce435202a3acc3d9e580f78bb9ea529922e3949dfd8c1601465
amouyal:148,amouyal,NPZ,non_gp,simple,Yes,,,,0,292,set_hyp5_3,nonGP_reflexive,simple_question,reflexive,not annotated upstream,the car,,True,event,amouyal:148,rev,True,rev_repair,d54c079b02edd05b184a642b904dbdb0a9c48f077f9f7e11e79d67973e98c000,232,0.9999399781227112,0.999872088432312,0.9999399781227112,1, Yes,
amouyal:148:attachment,amouyal,NPZ,non_gp,simple,Yes,,,,0,292,set_hyp5_3,nonGP_reflexive,simple_question,reflexive,not annotated upstream,the car,,True,attachment,amouyal:148,rev,True,rev_repair,041fffd93003b776143d34e292d02daf76ca2d6d8ec59b416c0db428bccfd526,242,0.9377683401107788,0.9984327554702759,0.9377683401107788,1, Yes,0bc3634d0abe369ea7f8f0e83498be9d519fddcf3ef37468e561e3f43e49a094
amouyal:149,amouyal,NPZ,non_gp,lingering,No,,,,0,293,set_hyp5_3,nonGP_reflexive,GP_question,reflexive,not annotated upstream,the car,,True,event,amouyal:149,rev,True,rev_repair,8b6d8f8b7955754769cc837de78e981c35149c567894c24c5e8a522253dbead4,231,1.680324885455775e-06,0.9999889135360718,0.9999983196751145,1, No,
amouyal:149:attachment,amouyal,NPZ,non_gp,lingering,No,,,,0,293,set_hyp5_3,nonGP_reflexive,GP_question,reflexive,not annotated upstream,the car,,True,attachment,amouyal:149,rev,True,rev_repair,b70462dde8b453d56a0455a59ef40205e4a8ed0a491182e1393f837c630ede4f,245,0.008123790845274925,0.9998682737350464,0.9918762091547251,1, No,d93f30491c8cdce435202a3acc3d9e580f78bb9ea529922e3949dfd8c1601465
amouyal:198,amouyal,NPZ,gp,simple,Yes,,,,0,342,set_hyp5_4,GP_reflexive,simple_question,reflexive,not annotated upstream,the neighbor,,True,event,amouyal:198,rev,True,rev_repair,5fe4942b4887cb82d14eeae04207b2b11af5dda29c9809c6c89cbfd5c5b89467,229,0.06078401580452919,0.9999607801437378,0.06078401580452919,0, No,
amouyal:198:attachment,amouyal,NPZ,gp,simple,Yes,,,,0,342,set_hyp5_4,GP_reflexive,simple_question,reflexive,not annotated upstream,the neighbor,,True,attachment,amouyal:198,rev,True,rev_repair,7ac1fe11a0cb5b2a5717a68469277c1253ab79423c7a47884654320e76c891be,241,1.7739852182785398e-06,0.9999773502349854,1.7739852182785398e-06,0, No,2faf3dbb4ac761964cd2dc192e720abae9d420aab75396d412cf93786d613740
amouyal:199,amouyal,NPZ,gp,lingering,No,,,,0,343,set_hyp5_4,GP_reflexive,GP_question,reflexive,not annotated upstream,the neighbor,,True,event,amouyal:199,rev,True,rev_repair,9880bebe565dc2bebba5f3dc86a98155c13ca153c30b25435d81db605c4aa0ed,230,0.00014238186122383922,0.999984622001648,0.9998576181387762,1, No,
amouyal:199:attachment,amouyal,NPZ,gp,lingering,No,,,,0,343,set_hyp5_4,GP_reflexive,GP_question,reflexive,not annotated upstream,the neighbor,,True,attachment,amouyal:199,rev,True,rev_repair,6dc5c1879f4fb344ef1d1f9e76faf341d06808745991ef99c6759e244d26cd51,244,0.0005867168074473739,0.9999635815620422,0.9994132831925526,1, No,f0c318e970aaef1c89ca64cea26bc914c2572d323fa91e4a3fc89bdf94f8a697
amouyal:150,amouyal,NPZ,non_gp,simple,Yes,,,,0,294,set_hyp5_4,nonGP_reflexive,simple_question,reflexive,not annotated upstream,the neighbor,,True,event,amouyal:150,rev,True,rev_repair,e00b25ddc54a64b94c147e1e33095c2c8b188c30220efe925777fa3fe5a2524b,229,0.9889276623725891,0.9997811913490295,0.9889276623725891,1, Yes,
amouyal:150:attachment,amouyal,NPZ,non_gp,simple,Yes,,,,0,294,set_hyp5_4,nonGP_reflexive,simple_question,reflexive,not annotated upstream,the neighbor,,True,attachment,amouyal:150,rev,True,rev_repair,dcbfa5c65d0ca949868a5a1194721238debfebb14902ffd70262d554d15e7775,241,4.595530481310561e-05,0.9999242424964905,4.595530481310561e-05,0, No,2faf3dbb4ac761964cd2dc192e720abae9d420aab75396d412cf93786d613740
amouyal:151,amouyal,NPZ,non_gp,lingering,No,,,,0,295,set_hyp5_4,nonGP_reflexive,GP_question,reflexive,not annotated upstream,the neighbor,,True,event,amouyal:151,rev,True,rev_repair,413b99b3d786330a444fb5069cac328794f2a0941f5742d49f2c22c788bcb694,230,0.011745631694793701,0.9999415278434753,0.9882543683052063,1, No,
amouyal:151:attachment,amouyal,NPZ,non_gp,lingering,No,,,,0,295,set_hyp5_4,nonGP_reflexive,GP_question,reflexive,not annotated upstream,the neighbor,,True,attachment,amouyal:151,rev,True,rev_repair,482ee1993b9da353e26876dc4b0b508452ff23edfb351611ecf3e22b87786ac7,244,9.599298209650442e-06,0.9999676942825317,0.9999904007017903,1, No,f0c318e970aaef1c89ca64cea26bc914c2572d323fa91e4a3fc89bdf94f8a697
amouyal:200,amouyal,NPZ,gp,simple,Yes,,,,0,344,set_hyp5_5,GP_reflexive,simple_question,reflexive,not annotated upstream,the jewelry,,True,event,amouyal:200,rev,True,rev_repair,1769e568abf058d2b6f33e85da84f9f8b72fb2ed89773b3d3ec740cc606888c3,229,0.16571550071239471,0.9999166131019592,0.16571550071239471,0, No,
amouyal:200:attachment,amouyal,NPZ,gp,simple,Yes,,,,0,344,set_hyp5_5,GP_reflexive,simple_question,reflexive,not annotated upstream,the jewelry,,True,attachment,amouyal:200,rev,True,rev_repair,92f414c0a8826d175846a08b4ac0dba22e8a0e57838a4d2ceeaf3cdafb8ebdf4,241,4.6848153800738146e-08,0.9999770522117615,4.6848153800738146e-08,0, No,312025083e6166c97e6601ac6077597b3ca26d71c67c99f54425893605d01f45
amouyal:201,amouyal,NPZ,gp,lingering,No,,,,0,345,set_hyp5_5,GP_reflexive,GP_question,reflexive,not annotated upstream,the jewelry,,True,event,amouyal:201,rev,True,rev_repair,2b5cea8141cf223fcaf9055df93ad3f4aeb4825db0859e703878e2f3f0be74ad,230,7.326956620090641e-06,0.9999842643737793,0.9999926730433799,1, No,
amouyal:201:attachment,amouyal,NPZ,gp,lingering,No,,,,0,345,set_hyp5_5,GP_reflexive,GP_question,reflexive,not annotated upstream,the jewelry,,True,attachment,amouyal:201,rev,True,rev_repair,ac92d714440cffe60b85865c12b9246ba753430805202dfebc7423259584fa9e,244,2.7526359190233052e-05,0.9999691247940063,0.9999724736408098,1, No,93e2213b07cf031ab19742f25b623d273853a384890d057d107f04b0c974ee76
amouyal:152,amouyal,NPZ,non_gp,simple,Yes,,,,0,296,set_hyp5_5,nonGP_reflexive,simple_question,reflexive,not annotated upstream,the jewelry,,True,event,amouyal:152,rev,True,rev_repair,2d22566d8cae066fb7c906527828e7dd9bdb39cbc6ad9b4b1103055a87ab608c,229,0.9999691247940063,0.9998310804367065,0.9999691247940063,1, Yes,
amouyal:152:attachment,amouyal,NPZ,non_gp,simple,Yes,,,,0,296,set_hyp5_5,nonGP_reflexive,simple_question,reflexive,not annotated upstream,the jewelry,,True,attachment,amouyal:152,rev,True,rev_repair,a803a561b27d4421e9531f0c39ad9ea07eb21493a65d0db1b7613457f1fde20b,241,0.3932000398635864,0.9983153343200684,0.3932000398635864,0, No,312025083e6166c97e6601ac6077597b3ca26d71c67c99f54425893605d01f45
amouyal:153,amouyal,NPZ,non_gp,lingering,No,,,,0,297,set_hyp5_5,nonGP_reflexive,GP_question,reflexive,not annotated upstream,the jewelry,,True,event,amouyal:153,rev,True,rev_repair,2f3e2f774de88425b4467ef533a4b7980c03be3d90f3655699e3caad6a2f52ae,230,0.11885221302509308,0.9998510479927063,0.8811477869749069,1, No,
amouyal:153:attachment,amouyal,NPZ,non_gp,lingering,No,,,,0,297,set_hyp5_5,nonGP_reflexive,GP_question,reflexive,not annotated upstream,the jewelry,,True,attachment,amouyal:153,rev,True,rev_repair,f7398930a6813a3519ae863ad3cab129b06bd30a9fd2478c5ac7c849ce051d5a,244,0.03124414011836052,0.9998117089271545,0.9687558598816395,1, No,93e2213b07cf031ab19742f25b623d273853a384890d057d107f04b0c974ee76
amouyal:202,amouyal,NPZ,gp,simple,Yes,,,,0,346,set_hyp5_6,GP_reflexive,simple_question,reflexive,not annotated upstream,the baby,,True,event,amouyal:202,rev,True,rev_repair,ac1b77ac1cdc22299df41b88b3da4194e924307511c6ae84b7f4cdf1ab2f7704,233,0.9223727583885193,0.9997460842132568,0.9223727583885193,1, Yes,
amouyal:202:attachment,amouyal,NPZ,gp,simple,Yes,,,,0,346,set_hyp5_6,GP_reflexive,simple_question,reflexive,not annotated upstream,the baby,,True,attachment,amouyal:202,rev,True,rev_repair,c614e23b4c86164c17c4c228f4d8aa3446ea6e783ab2588219584cdb801343b8,242,1.3947459365226678e-06,0.9999657273292542,1.3947459365226678e-06,0, No,1a94d18c384c103f827805dbcae6b58f38660ca932988b00417a63a8fb833ad3
amouyal:203,amouyal,NPZ,gp,lingering,No,,,,0,347,set_hyp5_6,GP_reflexive,GP_question,reflexive,not annotated upstream,the baby,,True,event,amouyal:203,rev,True,rev_repair,5fd8db7b583ef7e7f32ee6924f61a9366d898c486dde3b2e019358dce437f91b,230,0.8405272960662842,0.9991567730903625,0.15947270393371582,0, Yes,
amouyal:203:attachment,amouyal,NPZ,gp,lingering,No,,,,0,347,set_hyp5_6,GP_reflexive,GP_question,reflexive,not annotated upstream,the baby,,True,attachment,amouyal:203,rev,True,rev_repair,57af00c27f891f4e9811b20d4e7c03e96b85a8c975e9095fc7bf2a5f725800d0,245,0.0002547462936490774,0.9999304413795471,0.9997452537063509,1, No,8d6284ae12ba71491537de771ef739468ba76bd72040675b00c3cc694048b3d4
amouyal:154,amouyal,NPZ,non_gp,simple,Yes,,,,0,298,set_hyp5_6,nonGP_reflexive,simple_question,reflexive,not annotated upstream,the baby,,True,event,amouyal:154,rev,True,rev_repair,974df2e52fa5a91dfce3f286e13d0859d2f3099d161feb6b1c40c87fb9e0083a,233,0.9993028044700623,0.9998499155044556,0.9993028044700623,1, Yes,
amouyal:154:attachment,amouyal,NPZ,non_gp,simple,Yes,,,,0,298,set_hyp5_6,nonGP_reflexive,simple_question,reflexive,not annotated upstream,the baby,,True,attachment,amouyal:154,rev,True,rev_repair,1df7d1516b558d6f21f21958a7c90e1d589f7947dd59d9c0f572a90d4f759e63,242,0.9529706835746765,0.9970628023147583,0.9529706835746765,1, Yes,1a94d18c384c103f827805dbcae6b58f38660ca932988b00417a63a8fb833ad3
amouyal:155,amouyal,NPZ,non_gp,lingering,No,,,,0,299,set_hyp5_6,nonGP_reflexive,GP_question,reflexive,not annotated upstream,the baby,,True,event,amouyal:155,rev,True,rev_repair,6be481d2332ed125380edd20ec46fa8f4e4f4aa991868edd39e9caaa437aba84,230,6.622356886509806e-05,0.9999493956565857,0.9999337764311349,1, No,
amouyal:155:attachment,amouyal,NPZ,non_gp,lingering,No,,,,0,299,set_hyp5_6,nonGP_reflexive,GP_question,reflexive,not annotated upstream,the baby,,True,attachment,amouyal:155,rev,True,rev_repair,340a71c77e5f73caa6dd8621685f5db24b9c3d11db1eee64e54ad08b567b3300,245,0.0077944668009877205,0.999749481678009,0.9922055331990123,1, No,8d6284ae12ba71491537de771ef739468ba76bd72040675b00c3cc694048b3d4
amouyal:204,amouyal,NPZ,gp,simple,Yes,,,,0,348,set_hyp5_7,GP_reflexive,simple_question,reflexive,not annotated upstream,the dog,,True,event,amouyal:204,rev,True,rev_repair,23d7937990f1e9edc9ee40746128798a164fd2dfabbbe0e0072a83c83f10ef5f,229,0.11091624945402145,0.9998233318328857,0.11091624945402145,0, No,
amouyal:204:attachment,amouyal,NPZ,gp,simple,Yes,,,,0,348,set_hyp5_7,GP_reflexive,simple_question,reflexive,not annotated upstream,the dog,,True,attachment,amouyal:204,rev,True,rev_repair,3f843ff205007a0784dc5e9829a3a843e1b80bc354b766c5ac3ae755cc120993,241,1.4117917146450054e-07,0.9999774098396301,1.4117917146450054e-07,0, No,569c848c9106db4be58942a3f7449615861d703b63c040ecd54b180f9f6dced7
amouyal:205,amouyal,NPZ,gp,lingering,No,,,,0,349,set_hyp5_7,GP_reflexive,GP_question,reflexive,not annotated upstream,the dog,,True,event,amouyal:205,rev,True,rev_repair,db064bb53007b69445df9bfc0bde907e72d403738dfac02464dd9970126b80e0,230,6.587917596334592e-05,0.999986469745636,0.9999341208240367,1, No,
amouyal:205:attachment,amouyal,NPZ,gp,lingering,No,,,,0,349,set_hyp5_7,GP_reflexive,GP_question,reflexive,not annotated upstream,the dog,,True,attachment,amouyal:205,rev,True,rev_repair,108e45b6a58eb00c9cbb171d5ce43dc4619d7468259123d4cdd2485a9467118b,244,3.4070210404024692e-06,0.9999709129333496,0.9999965929789596,1, No,c7c0720618c619f1c5a4312bf7a8ba621df2a4379443d1dd2c7a5604cd4f0dc4
amouyal:156,amouyal,NPZ,non_gp,simple,Yes,,,,0,300,set_hyp5_7,nonGP_reflexive,simple_question,reflexive,not annotated upstream,the dog,,True,event,amouyal:156,rev,True,rev_repair,bf0e9d58751b9b40a3dc12c7ed62031ef56f70ba8b1c873755b3661d36ecafcb,229,0.9998283982276917,0.9998487234115601,0.9998283982276917,1, Yes,
amouyal:156:attachment,amouyal,NPZ,non_gp,simple,Yes,,,,0,300,set_hyp5_7,nonGP_reflexive,simple_question,reflexive,not annotated upstream,the dog,,True,attachment,amouyal:156,rev,True,rev_repair,36d6a13e97f4d3de4a743df1109a5dac7acec03a09da43f431f5ef3d1d1d48d8,241,0.9982907176017761,0.9986696839332581,0.9982907176017761,1, Yes,569c848c9106db4be58942a3f7449615861d703b63c040ecd54b180f9f6dced7
amouyal:157,amouyal,NPZ,non_gp,lingering,No,,,,0,301,set_hyp5_7,nonGP_reflexive,GP_question,reflexive,not annotated upstream,the dog,,True,event,amouyal:157,rev,True,rev_repair,947106f38df11ed814cf38a1494001316952b89048abced0ab770ddab3543484,230,0.00010668318282114342,0.9999634027481079,0.9998933168171789,1, No,
amouyal:157:attachment,amouyal,NPZ,non_gp,lingering,No,,,,0,301,set_hyp5_7,nonGP_reflexive,GP_question,reflexive,not annotated upstream,the dog,,True,attachment,amouyal:157,rev,True,rev_repair,25a9c3c2943f9408bff0160d1835a914ec709761fbb046f12c78b4edbda06430,244,0.0011448131408542395,0.9998977780342102,0.9988551868591458,1, No,c7c0720618c619f1c5a4312bf7a8ba621df2a4379443d1dd2c7a5604cd4f0dc4
amouyal:206,amouyal,NPZ,gp,simple,Yes,,,,0,350,set_hyp5_8,GP_reflexive,simple_question,reflexive,not annotated upstream,the horse,,True,event,amouyal:206,rev,True,rev_repair,a988784ba1da59c94286394d8620a22dc77d9f1ec1cc915f01d027cfb4b12398,234,0.9936202168464661,0.9998722672462463,0.9936202168464661,1, Yes,
amouyal:206:attachment,amouyal,NPZ,gp,simple,Yes,,,,0,350,set_hyp5_8,GP_reflexive,simple_question,reflexive,not annotated upstream,the horse,,True,attachment,amouyal:206,rev,True,rev_repair,b1c16ca66b80eaf4ad0fc226a6c151c8d2b459b46f6cf1f1bbaf1d3dc9a71294,244,0.00046216146438382566,0.9998779892921448,0.00046216146438382566,0, No,8c6af6d5f483fb559cc3d89a17cebf5ce9f0cef453ff7f4961aec5a45f44afcc
amouyal:207,amouyal,NPZ,gp,lingering,No,,,,0,351,set_hyp5_8,GP_reflexive,GP_question,reflexive,not annotated upstream,the horse,,True,event,amouyal:207,rev,True,rev_repair,34946a343266d0ba35631ef16b0aa52c91bea94ceb4a38553c5072d7bde09964,235,3.707716678036377e-05,0.9999779462814331,0.9999629228332196,1, No,
amouyal:207:attachment,amouyal,NPZ,gp,lingering,No,,,,0,351,set_hyp5_8,GP_reflexive,GP_question,reflexive,not annotated upstream,the horse,,True,attachment,amouyal:207,rev,True,rev_repair,a59ae1e3fcf2a1e31f8e2ab06ebc0538528eca899ab4bc2bbb00789c9675b2c0,247,0.002426683669909835,0.999912440776825,0.9975733163300902,1, No,9a755ac496f13ae5f2c388965641bf2dfa1cd2c83cc4f318324219cedf67eb8f
amouyal:158,amouyal,NPZ,non_gp,simple,Yes,,,,0,302,set_hyp5_8,nonGP_reflexive,simple_question,reflexive,not annotated upstream,the horse,,True,event,amouyal:158,rev,True,rev_repair,b8c4bf4554a271b1bc94246508cc8ffac55c4ded1fc7c8a822bdfac5c144e17b,234,0.9996456503868103,0.9997632503509521,0.9996456503868103,1, Yes,
amouyal:158:attachment,amouyal,NPZ,non_gp,simple,Yes,,,,0,302,set_hyp5_8,nonGP_reflexive,simple_question,reflexive,not annotated upstream,the horse,,True,attachment,amouyal:158,rev,True,rev_repair,1cbce60992f78886d33d86b5556c6b8ffb54a3adf266462ab4aede25a0ca6037,244,0.9973480701446533,0.9987829327583313,0.9973480701446533,1, Yes,8c6af6d5f483fb559cc3d89a17cebf5ce9f0cef453ff7f4961aec5a45f44afcc
amouyal:159,amouyal,NPZ,non_gp,lingering,No,,,,0,303,set_hyp5_8,nonGP_reflexive,GP_question,reflexive,not annotated upstream,the horse,,True,event,amouyal:159,rev,True,rev_repair,00e2ebc3929dfde792d060a1873d418788144b81993d5e81763bdc1860f1fbe2,235,6.510447747132275e-06,0.9999863505363464,0.9999934895522529,1, No,
amouyal:159:attachment,amouyal,NPZ,non_gp,lingering,No,,,,0,303,set_hyp5_8,nonGP_reflexive,GP_question,reflexive,not annotated upstream,the horse,,True,attachment,amouyal:159,rev,True,rev_repair,187d7549213f4818aaadc539fa4d09d2232e80abdd202542e78c26570035d7d8,247,0.010973691008985043,0.9998178482055664,0.989026308991015,1, No,9a755ac496f13ae5f2c388965641bf2dfa1cd2c83cc4f318324219cedf67eb8f
amouyal:208,amouyal,NPZ,gp,simple,Yes,,,,0,352,set_hyp5_9,GP_reflexive,simple_question,reflexive,not annotated upstream,the baby,,True,event,amouyal:208,rev,True,rev_repair,9d00f8f51e8a91f1439a221abe8d6e5a7835b5336112441de593d035b46525d1,229,0.9863650798797607,0.9998418688774109,0.9863650798797607,1, Yes,
amouyal:208:attachment,amouyal,NPZ,gp,simple,Yes,,,,0,352,set_hyp5_9,GP_reflexive,simple_question,reflexive,not annotated upstream,the baby,,True,attachment,amouyal:208,rev,True,rev_repair,d2efd776ea2a914600d94680e94ee71f21f47944ef9d97a36c3d3be973383342,241,5.272000635159202e-05,0.9999599456787109,5.272000635159202e-05,0, No,1a94d18c384c103f827805dbcae6b58f38660ca932988b00417a63a8fb833ad3
amouyal:209,amouyal,NPZ,gp,lingering,No,,,,0,353,set_hyp5_9,GP_reflexive,GP_question,reflexive,not annotated upstream,the baby,,True,event,amouyal:209,rev,True,rev_repair,9c2a0d400f0578685e82a461f50e84dfb6f0c88f6c21106ef79de96401af426c,231,0.7473835349082947,0.9995076656341553,0.2526164650917053,0, Yes,
amouyal:209:attachment,amouyal,NPZ,gp,lingering,No,,,,0,353,set_hyp5_9,GP_reflexive,GP_question,reflexive,not annotated upstream,the baby,,True,attachment,amouyal:209,rev,True,rev_repair,86239a37b06db5ccbd627ca7fdbbda499770a480326ad9d8f87681f887e45aa2,244,0.0019061045022681355,0.9999476075172424,0.9980938954977319,1, No,8d6284ae12ba71491537de771ef739468ba76bd72040675b00c3cc694048b3d4
amouyal:160,amouyal,NPZ,non_gp,simple,Yes,,,,0,304,set_hyp5_9,nonGP_reflexive,simple_question,reflexive,not annotated upstream,the baby,,True,event,amouyal:160,rev,True,rev_repair,c8ddfda52946e754019229f5bf498991ac4e4d5bc0081811cede524d2ef68b9a,229,0.9996513724327087,0.9998090267181396,0.9996513724327087,1, Yes,
amouyal:160:attachment,amouyal,NPZ,non_gp,simple,Yes,,,,0,304,set_hyp5_9,nonGP_reflexive,simple_question,reflexive,not annotated upstream,the baby,,True,attachment,amouyal:160,rev,True,rev_repair,78efbc59c9e6e00e805968116fa2fd06f548a66956a737db42cf397d3dd8a1d4,241,0.994824230670929,0.9980950355529785,0.994824230670929,1, Yes,1a94d18c384c103f827805dbcae6b58f38660ca932988b00417a63a8fb833ad3
amouyal:161,amouyal,NPZ,non_gp,lingering,No,,,,0,305,set_hyp5_9,nonGP_reflexive,GP_question,reflexive,not annotated upstream,the baby,,True,event,amouyal:161,rev,True,rev_repair,2f63186d966fcbfb133d645b6dc3c640d97c0f287e7f94ac56c2af8b83863dce,231,0.4456963539123535,0.9995536804199219,0.5543036460876465,1, No,
amouyal:161:attachment,amouyal,NPZ,non_gp,lingering,No,,,,0,305,set_hyp5_9,nonGP_reflexive,GP_question,reflexive,not annotated upstream,the baby,,True,attachment,amouyal:161,rev,True,rev_repair,0f5ece825dcaf9fc49e4bc6978929aecb9bdfc0a3d33aead1faade3b591ca704,244,0.0042410180903971195,0.999846875667572,0.9957589819096029,1, No,8d6284ae12ba71491537de771ef739468ba76bd72040675b00c3cc694048b3d4
amouyal:210,amouyal,NPZ,gp,simple,Yes,,,,0,354,set_hyp5_10,GP_reflexive,simple_question,reflexive,not annotated upstream,the patient,,True,event,amouyal:210,rev,True,rev_repair,c8aa85ee090bfeba3bf8ccb62b0338e3e58d79ea822181a8cb4f8cc28e7bc696,228,0.9355849027633667,0.9999315738677979,0.9355849027633667,1, Yes,
amouyal:210:attachment,amouyal,NPZ,gp,simple,Yes,,,,0,354,set_hyp5_10,GP_reflexive,simple_question,reflexive,not annotated upstream,the patient,,True,attachment,amouyal:210,rev,True,rev_repair,1eea7bc8cd1e1a42fc55f856f69ae99955b94ccac551133ae3f7eaeb7783e2d3,240,3.464272595010698e-05,0.9998787045478821,3.464272595010698e-05,0, No,1ba0e8de1798adf61209aff0ba3b8ea6b2ff7fddbef8986e3d92428369936c72
amouyal:211,amouyal,NPZ,gp,lingering,No,,,,0,355,set_hyp5_10,GP_reflexive,GP_question,reflexive,not annotated upstream,the patient,,True,event,amouyal:211,rev,True,rev_repair,eef80be1a1f021d8d3f8051bab187473827be7d85f9376c8e98b23c8e71aea4e,229,0.00039851004839874804,0.9999899864196777,0.9996014899516013,1, No,
amouyal:211:attachment,amouyal,NPZ,gp,lingering,No,,,,0,355,set_hyp5_10,GP_reflexive,GP_question,reflexive,not annotated upstream,the patient,,True,attachment,amouyal:211,rev,True,rev_repair,e43c994d2846e46a549d8a6f6cb1e94841f0d6339958fcc74cec9d43e2b58852,243,0.0009818545076996088,0.9997032880783081,0.9990181454923004,1, No,a2a20a3ce4ad5a6949895d320bcd499f86e2882d6bd52f69fbd05c92dcd1e387
amouyal:162,amouyal,NPZ,non_gp,simple,Yes,,,,0,306,set_hyp5_10,nonGP_reflexive,simple_question,reflexive,not annotated upstream,the patient,,True,event,amouyal:162,rev,True,rev_repair,abb7d4f656c5102719e60adaabd593c5232b243db386881aff70c3a70b7156d6,228,0.9999408721923828,0.9998916387557983,0.9999408721923828,1, Yes,
amouyal:162:attachment,amouyal,NPZ,non_gp,simple,Yes,,,,0,306,set_hyp5_10,nonGP_reflexive,simple_question,reflexive,not annotated upstream,the patient,,True,attachment,amouyal:162,rev,True,rev_repair,f0bc6d62bb51771bee0bb7c93272c3649b8d3e872faa72caeec1db06f941efd3,240,0.9890832901000977,0.9970506429672241,0.9890832901000977,1, Yes,1ba0e8de1798adf61209aff0ba3b8ea6b2ff7fddbef8986e3d92428369936c72
amouyal:163,amouyal,NPZ,non_gp,lingering,No,,,,0,307,set_hyp5_10,nonGP_reflexive,GP_question,reflexive,not annotated upstream,the patient,,True,event,amouyal:163,rev,True,rev_repair,3db412b446fa9f6523a1c58390c4fad4a4dee625ee98266fe67885892123ecc5,229,0.9179357886314392,0.9998382329940796,0.08206421136856079,0, Yes,
amouyal:163:attachment,amouyal,NPZ,non_gp,lingering,No,,,,0,307,set_hyp5_10,nonGP_reflexive,GP_question,reflexive,not annotated upstream,the patient,,True,attachment,amouyal:163,rev,True,rev_repair,c50b3b2aada0bd16d5c4759b9e74965f5772d6285b70d0e6daf21c7fe0f81917,243,0.013170281425118446,0.9994506239891052,0.9868297185748816,1, No,a2a20a3ce4ad5a6949895d320bcd499f86e2882d6bd52f69fbd05c92dcd1e387
amouyal:212,amouyal,NPZ,gp,simple,Yes,,,,0,356,set_hyp5_11,GP_reflexive,simple_question,reflexive,not annotated upstream,the cat,,True,event,amouyal:212,rev,True,rev_repair,a84e95f61705d182a0f086347ebbfc17d597020ee79930e0a7a2db971fd13328,232,0.006167764775454998,0.9999607801437378,0.006167764775454998,0, No,
amouyal:212:attachment,amouyal,NPZ,gp,simple,Yes,,,,0,356,set_hyp5_11,GP_reflexive,simple_question,reflexive,not annotated upstream,the cat,,True,attachment,amouyal:212,rev,True,rev_repair,6cafa947e2f7e07cca0afc83941d4861a3be133a35a86af9da3490a04b2b58ec,242,6.584058382941294e-07,0.9999540448188782,6.584058382941294e-07,0, No,3fd462885638291a64331a0fe01386d515be067f5b1a3138b1cd17f38bbaacd5
amouyal:213,amouyal,NPZ,gp,lingering,No,,,,0,357,set_hyp5_11,GP_reflexive,GP_question,reflexive,not annotated upstream,the cat,,True,event,amouyal:213,rev,True,rev_repair,c6df33fdbb99757fd1bb7812fb6c498c241f5c3d6cb79dc2018ad3672d5cbee6,231,0.0003081488248426467,0.9999651312828064,0.9996918511751574,1, No,
amouyal:213:attachment,amouyal,NPZ,gp,lingering,No,,,,0,357,set_hyp5_11,GP_reflexive,GP_question,reflexive,not annotated upstream,the cat,,True,attachment,amouyal:213,rev,True,rev_repair,81ccb4f08ceec52e521cc1306ed90413643dc82dbc148f2f6aaf5956bb2047b6,245,1.9073908333666623e-05,0.999935507774353,0.9999809260916663,1, No,9804eb14a34437f601ca64f2a87977a719f50a059ccb9ffbbd129e63b908d0f8
amouyal:164,amouyal,NPZ,non_gp,simple,Yes,,,,0,308,set_hyp5_11,nonGP_reflexive,simple_question,reflexive,not annotated upstream,the cat,,True,event,amouyal:164,rev,True,rev_repair,b84b28831bd95d144451978a4b60442ef4923075e407c02f0fa2ed17284bea65,232,0.9998890161514282,0.9998396635055542,0.9998890161514282,1, Yes,
amouyal:164:attachment,amouyal,NPZ,non_gp,simple,Yes,,,,0,308,set_hyp5_11,nonGP_reflexive,simple_question,reflexive,not annotated upstream,the cat,,True,attachment,amouyal:164,rev,True,rev_repair,e4eea1b640aad7c1b07e74a8b69e70ff4ff962035e89119b43c0fc95e85b0c40,242,0.9766322374343872,0.9978905916213989,0.9766322374343872,1, Yes,3fd462885638291a64331a0fe01386d515be067f5b1a3138b1cd17f38bbaacd5
amouyal:165,amouyal,NPZ,non_gp,lingering,No,,,,0,309,set_hyp5_11,nonGP_reflexive,GP_question,reflexive,not annotated upstream,the cat,,True,event,amouyal:165,rev,True,rev_repair,dc571231161a40ecf9cd80ea7fd02f16934d0c4e464d57c0758ac6ddd9c4f6ca,231,5.3782454045858685e-09,0.9999951720237732,0.9999999946217546,1, No,
amouyal:165:attachment,amouyal,NPZ,non_gp,lingering,No,,,,0,309,set_hyp5_11,nonGP_reflexive,GP_question,reflexive,not annotated upstream,the cat,,True,attachment,amouyal:165,rev,True,rev_repair,9e8664e19040d0cbdfb7972e23c5b6b0ba0f1e53848ca42e4b607d913182c0a7,245,0.00010325981565983966,0.9999163746833801,0.9998967401843402,1, No,9804eb14a34437f601ca64f2a87977a719f50a059ccb9ffbbd129e63b908d0f8
amouyal:214,amouyal,NPZ,gp,simple,Yes,,,,0,358,set_hyp5_12,GP_reflexive,simple_question,reflexive,not annotated upstream,the children,,True,event,amouyal:214,rev,True,rev_repair,2fe414a9c52f7b36150f687b70c1e17f8c3ddd18da9eed247469ba8772a20a14,234,0.9886059761047363,0.9998842477798462,0.9886059761047363,1, Yes,
amouyal:214:attachment,amouyal,NPZ,gp,simple,Yes,,,,0,358,set_hyp5_12,GP_reflexive,simple_question,reflexive,not annotated upstream,the children,,True,attachment,amouyal:214,rev,True,rev_repair,a39830c6fe65a254e858824fd3cf7ef2be6079b83d5615f65f12e876a3e7aff2,244,1.1798523701145314e-05,0.9998997449874878,1.1798523701145314e-05,0, No,c79abff6bf24fdf18fdf13678dd88400e48d3683d1615933a0116be2e9041710
amouyal:215,amouyal,NPZ,gp,lingering,No,,,,0,359,set_hyp5_12,GP_reflexive,GP_question,reflexive,not annotated upstream,the children,,True,event,amouyal:215,rev,True,rev_repair,e317a33051d4c800fa0dc5d08dcc825c5e311646d0f33bfdd0e1ca1ac211d714,234,0.0003103409253526479,0.9999831914901733,0.9996896590746474,1, No,
amouyal:215:attachment,amouyal,NPZ,gp,lingering,No,,,,0,359,set_hyp5_12,GP_reflexive,GP_question,reflexive,not annotated upstream,the children,,True,attachment,amouyal:215,rev,True,rev_repair,23243558be4abdba3592fce1314f1f760d59b3ee234b9883fcfc8e84e86fbcaa,247,0.0007641094271093607,0.999893307685852,0.9992358905728906,1, No,2d3bb4e208cd68665a0e5f89a2bd84935735d0a2a13642db957ec20020775b1f
amouyal:166,amouyal,NPZ,non_gp,simple,Yes,,,,0,310,set_hyp5_12,nonGP_reflexive,simple_question,reflexive,not annotated upstream,the children,,True,event,amouyal:166,rev,True,rev_repair,450260ea2dce1cdc08c830b85174b08a852d3820d4138bf946cb7336270583a8,234,0.9999498128890991,0.9997667670249939,0.9999498128890991,1, Yes,
amouyal:166:attachment,amouyal,NPZ,non_gp,simple,Yes,,,,0,310,set_hyp5_12,nonGP_reflexive,simple_question,reflexive,not annotated upstream,the children,,True,attachment,amouyal:166,rev,True,rev_repair,819c5848b21dc726279b9237c1a90ddaa1725d4456ece0ae32d75f1108c948f2,244,0.9984902739524841,0.9981338977813721,0.9984902739524841,1, Yes,c79abff6bf24fdf18fdf13678dd88400e48d3683d1615933a0116be2e9041710
amouyal:167,amouyal,NPZ,non_gp,lingering,No,,,,0,311,set_hyp5_12,nonGP_reflexive,GP_question,reflexive,not annotated upstream,the children,,True,event,amouyal:167,rev,True,rev_repair,c214a6911dfdc9a1e9f797a4020ca7e3f3cdf6a906e0d43466ebe1e669501015,234,0.003029238898307085,0.9999874830245972,0.9969707611016929,1, No,
amouyal:167:attachment,amouyal,NPZ,non_gp,lingering,No,,,,0,311,set_hyp5_12,nonGP_reflexive,GP_question,reflexive,not annotated upstream,the children,,True,attachment,amouyal:167,rev,True,rev_repair,f210a539aed96066604a3402f5dc41354a812c7aea74217494dfb54b1045a2f2,247,0.0003503731277305633,0.999882698059082,0.9996496268722694,1, No,2d3bb4e208cd68665a0e5f89a2bd84935735d0a2a13642db957ec20020775b1f
amouyal:216,amouyal,NPZ,gp,simple,Yes,,,,0,360,set_hyp5_13,GP_reflexive,simple_question,reflexive,not annotated upstream,the painting,,True,event,amouyal:216,rev,True,rev_repair,43a4ed49ddcea99261a46f260b095be8e3407df8972d7960f3d00019ffe7d933,234,6.7628739088831935e-06,0.9997827410697937,6.7628739088831935e-06,0, No,
amouyal:216:attachment,amouyal,NPZ,gp,simple,Yes,,,,0,360,set_hyp5_13,GP_reflexive,simple_question,reflexive,not annotated upstream,the painting,,True,attachment,amouyal:216,rev,True,rev_repair,72410bcc32f721203e75d82b299133cf860d29bd28846e7aadbf7ad975f73096,243,9.287448961003975e-07,0.9999629855155945,9.287448961003975e-07,0, No,bc53f0ad336a07433f846c050e7e157da93eae01e1211c7866f31a8b9229a4bd
amouyal:217,amouyal,NPZ,gp,lingering,No,,,,0,361,set_hyp5_13,GP_reflexive,GP_question,reflexive,not annotated upstream,the painting,,True,event,amouyal:217,rev,True,rev_repair,5a477ae3f62f14e3878a39ecae3e28ce268b14183f92aeb96719e70c7e510894,232,3.4262907320226077e-06,0.9999784827232361,0.999996573709268,1, No,
amouyal:217:attachment,amouyal,NPZ,gp,lingering,No,,,,0,361,set_hyp5_13,GP_reflexive,GP_question,reflexive,not annotated upstream,the painting,,True,attachment,amouyal:217,rev,True,rev_repair,ae749f0c9ffb9cdd74ec3f2d3b59a212b87da4cdbbb665575cd121770123e2e3,246,2.667347689566668e-05,0.9999367594718933,0.9999733265231043,1, No,735f5e1e1f36342670947b025b0d78d30e7e9ee0a15bcdc867b8d7ad989ff125
amouyal:168,amouyal,NPZ,non_gp,simple,Yes,,,,0,312,set_hyp5_13,nonGP_reflexive,simple_question,reflexive,not annotated upstream,the painting,,True,event,amouyal:168,rev,True,rev_repair,d9923b502852e7fb688246751c3d6eaec13214c71471f9e84a88a56c71262d49,234,0.9999802708625793,0.999817967414856,0.9999802708625793,1, Yes,
amouyal:168:attachment,amouyal,NPZ,non_gp,simple,Yes,,,,0,312,set_hyp5_13,nonGP_reflexive,simple_question,reflexive,not annotated upstream,the painting,,True,attachment,amouyal:168,rev,True,rev_repair,9501bfea7eeb24a513db1e801adcddf29127e5c63d0998e9208592702e5492c2,243,0.9162481427192688,0.9990135431289673,0.9162481427192688,1, Yes,bc53f0ad336a07433f846c050e7e157da93eae01e1211c7866f31a8b9229a4bd
amouyal:169,amouyal,NPZ,non_gp,lingering,No,,,,0,313,set_hyp5_13,nonGP_reflexive,GP_question,reflexive,not annotated upstream,the painting,,True,event,amouyal:169,rev,True,rev_repair,e67ff8d0972fd42ad57a448b7447df59e6422a0dc49a62b059f5681cce25c728,232,0.47495317459106445,0.9996232390403748,0.5250468254089355,1, No,
amouyal:169:attachment,amouyal,NPZ,non_gp,lingering,No,,,,0,313,set_hyp5_13,nonGP_reflexive,GP_question,reflexive,not annotated upstream,the painting,,True,attachment,amouyal:169,rev,True,rev_repair,10e4b7dc42c6fe1108cd510bd39e47a1905e730d91ed96199b3360957d08c62f,246,0.03358307480812073,0.999754011631012,0.9664169251918793,1, No,735f5e1e1f36342670947b025b0d78d30e7e9ee0a15bcdc867b8d7ad989ff125
amouyal:218,amouyal,NPZ,gp,simple,Yes,,,,0,362,set_hyp5_14,GP_reflexive,simple_question,reflexive,not annotated upstream,the tomatoes,Released simple question uses singular tomato; both sentences use plural tomatoes.,False,event,amouyal:218,rev,True,rev_repair,33e71e645302a178a130d826cce73720db2941a0699a05a93c4eed9e3e643b73,230,0.017452169209718704,0.9999281764030457,0.017452169209718704,0, No,
amouyal:218:attachment,amouyal,NPZ,gp,simple,Yes,,,,0,362,set_hyp5_14,GP_reflexive,simple_question,reflexive,not annotated upstream,the tomatoes,Released simple question uses singular tomato; both sentences use plural tomatoes.,False,attachment,amouyal:218,rev,True,rev_repair,f2c76bfa2a37aa42f8de34bdb67234065d6a04698e091ccdc09d2a09c137a03d,241,4.807987465937913e-07,0.9999771118164062,4.807987465937913e-07,0, No,bdd85f8913be275ace992a77d350e0f6d34be80da5125c6b737d4f0c369ce3cd
amouyal:219,amouyal,NPZ,gp,lingering,No,,,,0,363,set_hyp5_14,GP_reflexive,GP_question,reflexive,not annotated upstream,the tomatoes,Released simple question uses singular tomato; both sentences use plural tomatoes.,False,event,amouyal:219,rev,True,rev_repair,fd226e620a6d2710efe20edecf296f0e9568a98fd803cd606b8da3fa04e19666,230,3.048596681765048e-06,0.9999337196350098,0.9999969514033182,1, No,
amouyal:219:attachment,amouyal,NPZ,gp,lingering,No,,,,0,363,set_hyp5_14,GP_reflexive,GP_question,reflexive,not annotated upstream,the tomatoes,Released simple question uses singular tomato; both sentences use plural tomatoes.,False,attachment,amouyal:219,rev,True,rev_repair,e09f25740d6ef0cc2d27bfd7898757dc9c58ac3fdc26eb2466d7ed7fcfe127b3,244,0.001522455015219748,0.9999229311943054,0.9984775449847803,1, No,6443a115d275bee15929d14fa928376e39fbdf1c50c7b6d2406df8d455e6687f
amouyal:170,amouyal,NPZ,non_gp,simple,Yes,,,,0,314,set_hyp5_14,nonGP_reflexive,simple_question,reflexive,not annotated upstream,the tomatoes,Released simple question uses singular tomato; both sentences use plural tomatoes.,False,event,amouyal:170,rev,True,rev_repair,76803bae161ce0a565211c9135cad5978cfcd3d35204ce295ed9e9612f786880,230,0.9519187211990356,0.9995191693305969,0.9519187211990356,1, Yes,
amouyal:170:attachment,amouyal,NPZ,non_gp,simple,Yes,,,,0,314,set_hyp5_14,nonGP_reflexive,simple_question,reflexive,not annotated upstream,the tomatoes,Released simple question uses singular tomato; both sentences use plural tomatoes.,False,attachment,amouyal:170,rev,True,rev_repair,359a867ff3a57a87540d827bc4b5be95e1b0d91fe5e911e832294987b4cdfdff,241,0.6689415574073792,0.9970200061798096,0.6689415574073792,1, Yes,bdd85f8913be275ace992a77d350e0f6d34be80da5125c6b737d4f0c369ce3cd
amouyal:171,amouyal,NPZ,non_gp,lingering,No,,,,0,315,set_hyp5_14,nonGP_reflexive,GP_question,reflexive,not annotated upstream,the tomatoes,Released simple question uses singular tomato; both sentences use plural tomatoes.,False,event,amouyal:171,rev,True,rev_repair,4ea6d8e8ebca9d4a10170ddf9490052968356a630490568a9d40229473c306e1,230,2.415758899587672e-06,0.9999520182609558,0.9999975842411004,1, No,
amouyal:171:attachment,amouyal,NPZ,non_gp,lingering,No,,,,0,315,set_hyp5_14,nonGP_reflexive,GP_question,reflexive,not annotated upstream,the tomatoes,Released simple question uses singular tomato; both sentences use plural tomatoes.,False,attachment,amouyal:171,rev,True,rev_repair,606efc39e55abe1a5f033cd8768dc5652ab54a0f173a3569258cbdb8cea41a4d,244,0.017993677407503128,0.9997607469558716,0.9820063225924969,1, No,6443a115d275bee15929d14fa928376e39fbdf1c50c7b6d2406df8d455e6687f
amouyal:220,amouyal,NPZ,gp,simple,Yes,,,,0,364,set_hyp5_15,GP_reflexive,simple_question,reflexive,not annotated upstream,the ball,,True,event,amouyal:220,rev,True,rev_repair,544e8fb4b1e255a76ca94c4a4d47b12ae9e956ec87f99da6f980db3d58d6e35b,234,0.00047590170288458467,0.9999663233757019,0.00047590170288458467,0, No,
amouyal:220:attachment,amouyal,NPZ,gp,simple,Yes,,,,0,364,set_hyp5_15,GP_reflexive,simple_question,reflexive,not annotated upstream,the ball,,True,attachment,amouyal:220,rev,True,rev_repair,2aade475122179c4f084764e341023545995999981a9d080d63b06412c65cf62,243,2.983567171099821e-08,0.999981164932251,2.983567171099821e-08,0, No,46924e96d6dba33440b1e9a6ae3aa52d2fd4feb27153ffc5d91186042bc1821a
amouyal:221,amouyal,NPZ,gp,lingering,No,,,,0,365,set_hyp5_15,GP_reflexive,GP_question,reflexive,not annotated upstream,the ball,,True,event,amouyal:221,rev,True,rev_repair,87723e4d92714bc9caddca7d791b1e8031606ab11d96ad20e96bf9f1c47eea47,232,0.005122726317495108,0.9999551177024841,0.9948772736825049,1, No,
amouyal:221:attachment,amouyal,NPZ,gp,lingering,No,,,,0,365,set_hyp5_15,GP_reflexive,GP_question,reflexive,not annotated upstream,the ball,,True,attachment,amouyal:221,rev,True,rev_repair,4b0ca395d4c1f27a15075fa40673f33581e0eb0ac1c46a98ad715cd205b91661,246,1.5179730326053686e-06,0.9999694228172302,0.9999984820269674,1, No,361686e936a4dbe9b8774d2d7808e7eb82caff05dda7418bc69494a150d6c5ce
amouyal:172,amouyal,NPZ,non_gp,simple,Yes,,,,0,316,set_hyp5_15,nonGP_reflexive,simple_question,reflexive,not annotated upstream,the ball,,True,event,amouyal:172,rev,True,rev_repair,aff03c41b1c2d1992bfe812acfdad7767d90c791d1bf5ffe188990430297f9ae,234,0.9999929070472717,0.9998371005058289,0.9999929070472717,1, Yes,
amouyal:172:attachment,amouyal,NPZ,non_gp,simple,Yes,,,,0,316,set_hyp5_15,nonGP_reflexive,simple_question,reflexive,not annotated upstream,the ball,,True,attachment,amouyal:172,rev,True,rev_repair,06e6f6877b084d3fe63f54ff9d7692cd8cdb0e8d827131cdef1f2e552f5ac48d,243,0.9282549023628235,0.9988305568695068,0.9282549023628235,1, Yes,46924e96d6dba33440b1e9a6ae3aa52d2fd4feb27153ffc5d91186042bc1821a
amouyal:173,amouyal,NPZ,non_gp,lingering,No,,,,0,317,set_hyp5_15,nonGP_reflexive,GP_question,reflexive,not annotated upstream,the ball,,True,event,amouyal:173,rev,True,rev_repair,f21068e9fe3b369d070af35a7e817e719d64de97d5b510bceea3555784dbe2da,232,0.026459423825144768,0.9998612403869629,0.9735405761748552,1, No,
amouyal:173:attachment,amouyal,NPZ,non_gp,lingering,No,,,,0,317,set_hyp5_15,nonGP_reflexive,GP_question,reflexive,not annotated upstream,the ball,,True,attachment,amouyal:173,rev,True,rev_repair,986d8493346ce939eb1329317e9dfc4cbf50d56bc54188276a8ba5a8f41ab4c9,246,0.023295944556593895,0.9996467232704163,0.9767040554434061,1, No,361686e936a4dbe9b8774d2d7808e7eb82caff05dda7418bc69494a150d6c5ce
amouyal:222,amouyal,NPZ,gp,simple,Yes,,,,0,366,set_hyp5_16,GP_reflexive,simple_question,reflexive,not annotated upstream,the wheel,,True,event,amouyal:222,rev,True,rev_repair,c65fd7b6d046185d2ea589ad9c4fa1c934dbee81c7ffc638bc3d91a99e624e4e,230,0.04041266813874245,0.9998186826705933,0.04041266813874245,0, No,
amouyal:222:attachment,amouyal,NPZ,gp,simple,Yes,,,,0,366,set_hyp5_16,GP_reflexive,simple_question,reflexive,not annotated upstream,the wheel,,True,attachment,amouyal:222,rev,True,rev_repair,419fd3b63c33b7389a783d1db6de8655bca260c6f71857f9639193870bd750ac,241,2.1868045152473314e-08,0.9999815225601196,2.1868045152473314e-08,0, No,9c790ce4ab9d640ef73a1723fa8749c3be543b94c43d086c7a13c20ece30116f
amouyal:223,amouyal,NPZ,gp,lingering,No,,,,0,367,set_hyp5_16,GP_reflexive,GP_question,reflexive,not annotated upstream,the wheel,,True,event,amouyal:223,rev,True,rev_repair,27af657874188a6d13cf52854d69601cf0673d3d2f952b006fcc85e37ef6d5f5,230,0.001193622942082584,0.9999221563339233,0.9988063770579174,1, No,
amouyal:223:attachment,amouyal,NPZ,gp,lingering,No,,,,0,367,set_hyp5_16,GP_reflexive,GP_question,reflexive,not annotated upstream,the wheel,,True,attachment,amouyal:223,rev,True,rev_repair,26d95352168815eb01ca72edc48e7523f9ab2fdf7d07f2fd569a437a1c4676a5,244,2.275025053677382e-06,0.9999808669090271,0.9999977249749463,1, No,22d51f3693e3b7f42694b4d45993a15cba5d5ea28db840adc667b0cf4e1f15ef
amouyal:174,amouyal,NPZ,non_gp,simple,Yes,,,,0,318,set_hyp5_16,nonGP_reflexive,simple_question,reflexive,not annotated upstream,the wheel,,True,event,amouyal:174,rev,True,rev_repair,01930e34558922fb411789f1ef3120f86962fbde85c666c0552b58ccd8369792,230,0.9997789263725281,0.9998813271522522,0.9997789263725281,1, Yes,
amouyal:174:attachment,amouyal,NPZ,non_gp,simple,Yes,,,,0,318,set_hyp5_16,nonGP_reflexive,simple_question,reflexive,not annotated upstream,the wheel,,True,attachment,amouyal:174,rev,True,rev_repair,4f7fdd8501e55da6ad9a9b867400b58e6ec4e0376e6b89845217a2753df8e7c7,241,0.013054420240223408,0.9998071789741516,0.013054420240223408,0, No,9c790ce4ab9d640ef73a1723fa8749c3be543b94c43d086c7a13c20ece30116f
amouyal:175,amouyal,NPZ,non_gp,lingering,No,,,,0,319,set_hyp5_16,nonGP_reflexive,GP_question,reflexive,not annotated upstream,the wheel,,True,event,amouyal:175,rev,True,rev_repair,d940b9a31032afffa1086b54c3bc5386728a46df6bd3ba9c7b4702a416246c8f,230,0.21724949777126312,0.9995084404945374,0.7827505022287369,1, No,
amouyal:175:attachment,amouyal,NPZ,non_gp,lingering,No,,,,0,319,set_hyp5_16,nonGP_reflexive,GP_question,reflexive,not annotated upstream,the wheel,,True,attachment,amouyal:175,rev,True,rev_repair,b6f29651d198f52d8c7439a92786c2969b37dab9acd27f3c13748c676e9658c4,244,0.004019360523670912,0.9999271631240845,0.9959806394763291,1, No,22d51f3693e3b7f42694b4d45993a15cba5d5ea28db840adc667b0cf4e1f15ef
amouyal:224,amouyal,NPZ,gp,simple,Yes,,,,0,368,set_hyp5_17,GP_reflexive,simple_question,reflexive,not annotated upstream,the river,,True,event,amouyal:224,rev,True,rev_repair,01891edd581034b9386e6abe4781c605c0dc1723c7d7a1af200472ec931e869f,230,0.9988236427307129,0.9999174475669861,0.9988236427307129,1, Yes,
amouyal:224:attachment,amouyal,NPZ,gp,simple,Yes,,,,0,368,set_hyp5_17,GP_reflexive,simple_question,reflexive,not annotated upstream,the river,,True,attachment,amouyal:224,rev,True,rev_repair,38d3843800225a1b4daa73e45b989cacd79c54f2f656fcf0a5fe812ae61a0a05,242,0.0003600635682232678,0.9999555349349976,0.0003600635682232678,0, No,78f8d03c768f7f680251f8b6343667db4a8b49ab9ca57335aafedab1837777f3
amouyal:225,amouyal,NPZ,gp,lingering,No,,,,0,369,set_hyp5_17,GP_reflexive,GP_question,reflexive,not annotated upstream,the river,,True,event,amouyal:225,rev,True,rev_repair,c3ece1efc2ccc97602c22b2b22b0cd35458d41632a849d8c56a8ba82aec2def2,232,3.488402899876064e-10,0.999992311000824,0.9999999996511597,1, No,
amouyal:225:attachment,amouyal,NPZ,gp,lingering,No,,,,0,369,set_hyp5_17,GP_reflexive,GP_question,reflexive,not annotated upstream,the river,,True,attachment,amouyal:225,rev,True,rev_repair,4e880ece926615c766c871d9e99c7ffaf770477a6820081de4fc065f4aec3089,245,0.0009017778211273253,0.9999435544013977,0.9990982221788727,1, No,cd23d1dcaa4f27c70ac2c33262b0d248c72e0da90250a5fee631929045839f35
amouyal:176,amouyal,NPZ,non_gp,simple,Yes,,,,0,320,set_hyp5_17,nonGP_reflexive,simple_question,reflexive,not annotated upstream,the river,,True,event,amouyal:176,rev,True,rev_repair,66cf6448d2ce397475ecaa171c4bb18b4c21831eabd08c823bd3890aa50055bb,230,0.9998746514320374,0.9998130798339844,0.9998746514320374,1, Yes,
amouyal:176:attachment,amouyal,NPZ,non_gp,simple,Yes,,,,0,320,set_hyp5_17,nonGP_reflexive,simple_question,reflexive,not annotated upstream,the river,,True,attachment,amouyal:176,rev,True,rev_repair,c0c255a6ad161ce005c6b1f19802be5d2b5a83db969e96cac36e2cbee3a6faf6,242,0.9954277873039246,0.999130368232727,0.9954277873039246,1, Yes,78f8d03c768f7f680251f8b6343667db4a8b49ab9ca57335aafedab1837777f3
amouyal:177,amouyal,NPZ,non_gp,lingering,No,,,,0,321,set_hyp5_17,nonGP_reflexive,GP_question,reflexive,not annotated upstream,the river,,True,event,amouyal:177,rev,True,rev_repair,38811ce4e289c03195458bd361a60a8065c052e7163dd8870588cc12dbb03284,232,4.8552514897437504e-08,0.9999890923500061,0.9999999514474851,1, No,
amouyal:177:attachment,amouyal,NPZ,non_gp,lingering,No,,,,0,321,set_hyp5_17,nonGP_reflexive,GP_question,reflexive,not annotated upstream,the river,,True,attachment,amouyal:177,rev,True,rev_repair,3fb39956ba7ffff5e79d41c06ad9dbbead1857e35521daa029d5c7f0c7405429,245,0.008694876916706562,0.9999008178710938,0.9913051230832934,1, No,cd23d1dcaa4f27c70ac2c33262b0d248c72e0da90250a5fee631929045839f35
amouyal:226,amouyal,NPZ,gp,simple,Yes,,,,0,370,set_hyp5_18,GP_reflexive,simple_question,reflexive,not annotated upstream,the bat,Released simple question asks floor; both sentences state road.,False,event,amouyal:226,rev,True,rev_repair,05e96256ca60d9d44d595e81a5451cb9bb55660aa2d90206be61156587c33707,232,3.3056178239121436e-08,0.9999945759773254,3.3056178239121436e-08,0, No,
amouyal:226:attachment,amouyal,NPZ,gp,simple,Yes,,,,0,370,set_hyp5_18,GP_reflexive,simple_question,reflexive,not annotated upstream,the bat,Released simple question asks floor; both sentences state road.,False,attachment,amouyal:226,rev,True,rev_repair,a5b83254cd4c379e226032e2d3848f9215afb9e95a53ad709ac1102d0803c4cc,242,1.8201963030151092e-06,0.9999305605888367,1.8201963030151092e-06,0, No,33c15410c3d998697bcb68ef8b3e9419b9233d122de0e69521c3f7c8833e095e
amouyal:227,amouyal,NPZ,gp,lingering,No,,,,0,371,set_hyp5_18,GP_reflexive,GP_question,reflexive,not annotated upstream,the bat,Released simple question asks floor; both sentences state road.,False,event,amouyal:227,rev,True,rev_repair,e0d8b0e4898b1c87996e7550490d45aca9ede3a81d7aaf0a52380d98fa583f72,232,0.036127883940935135,0.9999018907546997,0.9638721160590649,1, No,
amouyal:227:attachment,amouyal,NPZ,gp,lingering,No,,,,0,371,set_hyp5_18,GP_reflexive,GP_question,reflexive,not annotated upstream,the bat,Released simple question asks floor; both sentences state road.,False,attachment,amouyal:227,rev,True,rev_repair,a15343d7f50a343ab1931c25fb8f2fa278b66514fefd279c6889a061911cc0c4,245,0.0011245220666751266,0.9998320937156677,0.9988754779333249,1, No,a2c6111b9f4cdcca8798ea0b06259ee4f76009d058e1e956a04dfc5220a8d326
amouyal:178,amouyal,NPZ,non_gp,simple,Yes,,,,0,322,set_hyp5_18,nonGP_reflexive,simple_question,reflexive,not annotated upstream,the bat,Released simple question asks floor; both sentences state road.,False,event,amouyal:178,rev,True,rev_repair,621f17239c10417894d833c5d2030280b17acffcf1a07519c769e46ede82a2f9,233,7.2775967474569825e-09,0.9999693036079407,7.2775967474569825e-09,0, No,
amouyal:178:attachment,amouyal,NPZ,non_gp,simple,Yes,,,,0,322,set_hyp5_18,nonGP_reflexive,simple_question,reflexive,not annotated upstream,the bat,Released simple question asks floor; both sentences state road.,False,attachment,amouyal:178,rev,True,rev_repair,23d7002479ff9a1fa79c3c46850663a69bde03ff4875e6d258b9b2569ced5fdb,243,0.7910950779914856,0.9958072900772095,0.7910950779914856,1, Yes,33c15410c3d998697bcb68ef8b3e9419b9233d122de0e69521c3f7c8833e095e
amouyal:179,amouyal,NPZ,non_gp,lingering,No,,,,0,323,set_hyp5_18,nonGP_reflexive,GP_question,reflexive,not annotated upstream,the bat,Released simple question asks floor; both sentences state road.,False,event,amouyal:179,rev,True,rev_repair,d616bf3a87cbfb411a081dfd83ab22a1a3d5fc10b4c7838d325b7db413181fa2,233,0.9526033997535706,0.9998006224632263,0.04739660024642944,0, Yes,
amouyal:179:attachment,amouyal,NPZ,non_gp,lingering,No,,,,0,323,set_hyp5_18,nonGP_reflexive,GP_question,reflexive,not annotated upstream,the bat,Released simple question asks floor; both sentences state road.,False,attachment,amouyal:179,rev,True,rev_repair,22cd87c719ae2c31700bd3de7fe7d141da5930f9edbfb4efd85cc5dca5d7c31a,246,0.0005429978482425213,0.999875009059906,0.9994570021517575,1, No,a2c6111b9f4cdcca8798ea0b06259ee4f76009d058e1e956a04dfc5220a8d326
amouyal:228,amouyal,NPZ,gp,simple,Yes,,,,0,372,set_hyp5_19,GP_reflexive,simple_question,reflexive,not annotated upstream,the athletes,,True,event,amouyal:228,rev,True,rev_repair,6ef4b7bdd52235d728e116cc6c41b5c631648ebb40f6a656c34ea4e844dcc1ff,229,0.9566736817359924,0.9998725652694702,0.9566736817359924,1, Yes,
amouyal:228:attachment,amouyal,NPZ,gp,simple,Yes,,,,0,372,set_hyp5_19,GP_reflexive,simple_question,reflexive,not annotated upstream,the athletes,,True,attachment,amouyal:228,rev,True,rev_repair,90e0842f555c9ca38d37c8cc0ccefedc117187b42d2dd6f81d0528cefc61f16f,240,2.433504232612904e-05,0.9999298453330994,2.433504232612904e-05,0, No,58b78711943b276c6a3fde18a94fbf07e00beac6c833eafac85ff41af12a4761
amouyal:229,amouyal,NPZ,gp,lingering,No,,,,0,373,set_hyp5_19,GP_reflexive,GP_question,reflexive,not annotated upstream,the athletes,,True,event,amouyal:229,rev,True,rev_repair,6efebb48cb276d7c3821b239dda5cfb687f7f9d2edf5681a84824f8fc9bef149,228,8.734383300179616e-05,0.9999806880950928,0.9999126561669982,1, No,
amouyal:229:attachment,amouyal,NPZ,gp,lingering,No,,,,0,373,set_hyp5_19,GP_reflexive,GP_question,reflexive,not annotated upstream,the athletes,,True,attachment,amouyal:229,rev,True,rev_repair,8f6b48a6151c34aa0ff3891b09cf213348ae131d88cbe3078b6347746c7c258a,243,8.828705904306844e-05,0.9999465346336365,0.9999117129409569,1, No,5171ca34d0f915850efec5e61f8ff021adc36f3c2d8698911fb18cada65c4e13
amouyal:180,amouyal,NPZ,non_gp,simple,Yes,,,,0,324,set_hyp5_19,nonGP_reflexive,simple_question,reflexive,not annotated upstream,the athletes,,True,event,amouyal:180,rev,True,rev_repair,91d2b27851c3d792418f592aa75ce13f69669afaec211f9d29906e1d7a13906b,229,0.999963641166687,0.9997502565383911,0.999963641166687,1, Yes,
amouyal:180:attachment,amouyal,NPZ,non_gp,simple,Yes,,,,0,324,set_hyp5_19,nonGP_reflexive,simple_question,reflexive,not annotated upstream,the athletes,,True,attachment,amouyal:180,rev,True,rev_repair,05c8a5510903dddd23396fab4851ec7477fbeec612f757e15041d7bacfef959f,240,0.9930588006973267,0.9974939227104187,0.9930588006973267,1, Yes,58b78711943b276c6a3fde18a94fbf07e00beac6c833eafac85ff41af12a4761
amouyal:181,amouyal,NPZ,non_gp,lingering,No,,,,0,325,set_hyp5_19,nonGP_reflexive,GP_question,reflexive,not annotated upstream,the athletes,,True,event,amouyal:181,rev,True,rev_repair,95111e931e45c4cbc73f69a7b9c53d5025ddd305cdeafef4a44be5724a8bce88,228,0.15558454394340515,0.9998016953468323,0.8444154560565948,1, No,
amouyal:181:attachment,amouyal,NPZ,non_gp,lingering,No,,,,0,325,set_hyp5_19,nonGP_reflexive,GP_question,reflexive,not annotated upstream,the athletes,,True,attachment,amouyal:181,rev,True,rev_repair,04376b39f272ab4a74b6ffd22efc15e20c3a3a935891d7dae9de699534b21ddd,243,0.006990126334130764,0.9997726678848267,0.9930098736658692,1, No,5171ca34d0f915850efec5e61f8ff021adc36f3c2d8698911fb18cada65c4e13
amouyal:230,amouyal,NPZ,gp,simple,Yes,,,,0,374,set_hyp5_20,GP_reflexive,simple_question,reflexive,not annotated upstream,the bone,,True,event,amouyal:230,rev,True,rev_repair,cf4cedf5196897bbe5841ebca46b7e1f45be4e153921ce634d4d5ea00390ba40,228,0.444254994392395,0.9994198083877563,0.444254994392395,0, No,
amouyal:230:attachment,amouyal,NPZ,gp,simple,Yes,,,,0,374,set_hyp5_20,GP_reflexive,simple_question,reflexive,not annotated upstream,the bone,,True,attachment,amouyal:230,rev,True,rev_repair,0fb8f076dd04531b61703edaaab454857db105ea14dd98d1c970e58a5a774333,240,3.2427597034256905e-06,0.999950647354126,3.2427597034256905e-06,0, No,13965524575c1c7aaa99c16c44f5e63a3c96d4fc20c9e1083317ec5b645f453e
amouyal:231,amouyal,NPZ,gp,lingering,No,,,,0,375,set_hyp5_20,GP_reflexive,GP_question,reflexive,not annotated upstream,the bone,,True,event,amouyal:231,rev,True,rev_repair,5fea62f040df8f6e652448c396f9cff9f5d609424f052f55ad185cf6c9d0ceb6,229,2.1559617380262353e-06,0.9999723434448242,0.999997844038262,1, No,
amouyal:231:attachment,amouyal,NPZ,gp,lingering,No,,,,0,375,set_hyp5_20,GP_reflexive,GP_question,reflexive,not annotated upstream,the bone,,True,attachment,amouyal:231,rev,True,rev_repair,89acd25ccbedfffb95e3d352cc599f77717afa7d2dcf9ab8f9f03cbd56fa7ec7,243,0.00030101140146143734,0.9999569058418274,0.9996989885985386,1, No,02acaf5ec5f830a1804082f1c8ca566d02cdecfcf75b76f97cb57a94431bfca4
amouyal:182,amouyal,NPZ,non_gp,simple,Yes,,,,0,326,set_hyp5_20,nonGP_reflexive,simple_question,reflexive,not annotated upstream,the bone,,True,event,amouyal:182,rev,True,rev_repair,1ccfa83a52f8bf07229184fa8cf45e88ef0e16b74a5d9c5734d62b97c6cdc21f,228,0.3558613359928131,0.9989396333694458,0.3558613359928131,0, No,
amouyal:182:attachment,amouyal,NPZ,non_gp,simple,Yes,,,,0,326,set_hyp5_20,nonGP_reflexive,simple_question,reflexive,not annotated upstream,the bone,,True,attachment,amouyal:182,rev,True,rev_repair,04027924b0b87ee69d767712d4ef79c7d2dcf089e76df38eadfa3e54e53638f7,240,0.008608619682490826,0.999767005443573,0.008608619682490826,0, No,13965524575c1c7aaa99c16c44f5e63a3c96d4fc20c9e1083317ec5b645f453e
amouyal:183,amouyal,NPZ,non_gp,lingering,No,,,,0,327,set_hyp5_20,nonGP_reflexive,GP_question,reflexive,not annotated upstream,the bone,,True,event,amouyal:183,rev,True,rev_repair,cecb28f987ce6c1f362583aae4dca238f19b825c14157fa1a743b61e8f6e7233,229,7.296360126929358e-05,0.9999292492866516,0.9999270363987307,1, No,
amouyal:183:attachment,amouyal,NPZ,non_gp,lingering,No,,,,0,327,set_hyp5_20,nonGP_reflexive,GP_question,reflexive,not annotated upstream,the bone,,True,attachment,amouyal:183,rev,True,rev_repair,960cd1e6788297bdf8fa6e9837ffe5789286c845b59b0f7a2c2619c11b2f9e8f,243,0.0027838426176458597,0.9999117255210876,0.9972161573823541,1, No,02acaf5ec5f830a1804082f1c8ca566d02cdecfcf75b76f97cb57a94431bfca4
amouyal:232,amouyal,NPZ,gp,simple,Yes,,,,0,376,set_hyp5_21,GP_reflexive,simple_question,reflexive,not annotated upstream,the valley,,True,event,amouyal:232,rev,True,rev_repair,e4ff58e01c98b29c6adade3e43f8c4d71f06dfd7ad30f9748ea2f26c84d6aa3b,232,0.8361062407493591,0.9997355937957764,0.8361062407493591,1, Yes,
amouyal:232:attachment,amouyal,NPZ,gp,simple,Yes,,,,0,376,set_hyp5_21,GP_reflexive,simple_question,reflexive,not annotated upstream,the valley,,True,attachment,amouyal:232,rev,True,rev_repair,69002be22bf7518bdda6fa75cd20f5228d189685df61bc4e9a831f6055311cfc,242,1.0238923096039798e-06,0.9999646544456482,1.0238923096039798e-06,0, No,30793d2505b9c59738b50e8935314a6b49a010f7db2c5f6a000afbc536fe55e8
amouyal:233,amouyal,NPZ,gp,lingering,No,,,,0,377,set_hyp5_21,GP_reflexive,GP_question,reflexive,not annotated upstream,the valley,,True,event,amouyal:233,rev,True,rev_repair,5643fd698a18d54c8da68eda62bc3dca8db5b9bd902cbe6a7ebd6aa006d23a96,231,2.0051169485668652e-05,0.9999918341636658,0.9999799488305143,1, No,
amouyal:233:attachment,amouyal,NPZ,gp,lingering,No,,,,0,377,set_hyp5_21,GP_reflexive,GP_question,reflexive,not annotated upstream,the valley,,True,attachment,amouyal:233,rev,True,rev_repair,e446af61651368f3cf869884aa87c236506eeedcbd7aec247e3cd9cd25de98ad,245,7.272935181390494e-05,0.9999551177024841,0.9999272706481861,1, No,44097cc22d61cbd736c3a01218013ec32ff2d81c150bf49c526386dab4368047
amouyal:184,amouyal,NPZ,non_gp,simple,Yes,,,,0,328,set_hyp5_21,nonGP_reflexive,simple_question,reflexive,not annotated upstream,the valley,,True,event,amouyal:184,rev,True,rev_repair,05f82b02e260b9aadb783b7ae1a49971376c639216bfd6a5a9e108ee7d4e44e6,232,0.996744692325592,0.9997553825378418,0.996744692325592,1, Yes,
amouyal:184:attachment,amouyal,NPZ,non_gp,simple,Yes,,,,0,328,set_hyp5_21,nonGP_reflexive,simple_question,reflexive,not annotated upstream,the valley,,True,attachment,amouyal:184,rev,True,rev_repair,20cf31d29f13d78ae808d1ec08998bcb9b97b449d5d7363627e45bc59ac3d26c,242,0.18700958788394928,0.9991409778594971,0.18700958788394928,0, No,30793d2505b9c59738b50e8935314a6b49a010f7db2c5f6a000afbc536fe55e8
amouyal:185,amouyal,NPZ,non_gp,lingering,No,,,,0,329,set_hyp5_21,nonGP_reflexive,GP_question,reflexive,not annotated upstream,the valley,,True,event,amouyal:185,rev,True,rev_repair,a4c73bf3603d154ce05483af9ea8034a99d69697f52beebab5f6c015c1a331d1,231,0.9548507332801819,0.9999383687973022,0.045149266719818115,0, Yes,
amouyal:185:attachment,amouyal,NPZ,non_gp,lingering,No,,,,0,329,set_hyp5_21,nonGP_reflexive,GP_question,reflexive,not annotated upstream,the valley,,True,attachment,amouyal:185,rev,True,rev_repair,af40c31cdf375924bb8067098ca05519ea336386e87e684494d666e05935f4e6,245,0.0008118125842884183,0.9999573230743408,0.9991881874157116,1, No,44097cc22d61cbd736c3a01218013ec32ff2d81c150bf49c526386dab4368047
amouyal:234,amouyal,NPZ,gp,simple,Yes,,,,0,378,set_hyp5_22,GP_reflexive,simple_question,reflexive,not annotated upstream,the window,,True,event,amouyal:234,rev,True,rev_repair,189a39463c08c832a2d3040d2a9b70a13d803513c74fae9419f259ceb57278e2,232,0.029490893706679344,0.9997027516365051,0.029490893706679344,0, No,
amouyal:234:attachment,amouyal,NPZ,gp,simple,Yes,,,,0,378,set_hyp5_22,GP_reflexive,simple_question,reflexive,not annotated upstream,the window,,True,attachment,amouyal:234,rev,True,rev_repair,a73e139d31bedcae1254e9173cae492b2a136c3ff3561d63971106504e1f3b1a,242,3.5223453664912086e-07,0.9999622106552124,3.5223453664912086e-07,0, No,f703869918b936486cc9b7db460159dc7d3936a73b0fb8a200eafef2e40b2722
amouyal:235,amouyal,NPZ,gp,lingering,No,,,,0,379,set_hyp5_22,GP_reflexive,GP_question,reflexive,not annotated upstream,the window,,True,event,amouyal:235,rev,True,rev_repair,175d5e17c60aa4162f35e1fb2300386b7c5783173a3288fbd15133fad09e99f1,231,7.154665695452422e-07,0.9999614357948303,0.9999992845334305,1, No,
amouyal:235:attachment,amouyal,NPZ,gp,lingering,No,,,,0,379,set_hyp5_22,GP_reflexive,GP_question,reflexive,not annotated upstream,the window,,True,attachment,amouyal:235,rev,True,rev_repair,8280362ad40b751c122ad200f935b2d5bb145bdebcbab027c054c0cd27c797dd,245,4.753700704895891e-05,0.999923825263977,0.999952462992951,1, No,5744f7790b28481e3ecfc0a02975f5d7b50479666a47436516adec6fd813c3dd
amouyal:186,amouyal,NPZ,non_gp,simple,Yes,,,,0,330,set_hyp5_22,nonGP_reflexive,simple_question,reflexive,not annotated upstream,the window,,True,event,amouyal:186,rev,True,rev_repair,b153925f32f73de67438d097c387c23e55af6abdc62c1fa1c79659448f2571fe,232,0.9996760487556458,0.9998570680618286,0.9996760487556458,1, Yes,
amouyal:186:attachment,amouyal,NPZ,non_gp,simple,Yes,,,,0,330,set_hyp5_22,nonGP_reflexive,simple_question,reflexive,not annotated upstream,the window,,True,attachment,amouyal:186,rev,True,rev_repair,603382e117c69995653962fda166f2c103ac3677d0753275a9b6daf8cc79ab86,242,0.021219149231910706,0.9995959401130676,0.021219149231910706,0, No,f703869918b936486cc9b7db460159dc7d3936a73b0fb8a200eafef2e40b2722
amouyal:187,amouyal,NPZ,non_gp,lingering,No,,,,0,331,set_hyp5_22,nonGP_reflexive,GP_question,reflexive,not annotated upstream,the window,,True,event,amouyal:187,rev,True,rev_repair,55dd7ea6425a707117419e48ffba933e26af0d37cf981c7c30672e457fdb44ac,231,3.7854139378623586e-08,0.999967634677887,0.9999999621458606,1, No,
amouyal:187:attachment,amouyal,NPZ,non_gp,lingering,No,,,,0,331,set_hyp5_22,nonGP_reflexive,GP_question,reflexive,not annotated upstream,the window,,True,attachment,amouyal:187,rev,True,rev_repair,0ae753a686d128ef244b1d278cee2ff2a8a2b55882637660f647321e31bb46bb,245,0.0009395349188707769,0.9998652935028076,0.9990604650811292,1, No,5744f7790b28481e3ecfc0a02975f5d7b50479666a47436516adec6fd813c3dd
amouyal:236,amouyal,NPZ,gp,simple,Yes,,,,0,380,set_hyp5_23,GP_reflexive,simple_question,reflexive,not annotated upstream,the fire,,True,event,amouyal:236,rev,True,rev_repair,0b5ed993403614c1aeabab810ced69fa6c5a718d907b591f4316af191af393db,230,0.7561730742454529,0.9998027682304382,0.7561730742454529,1, Yes,
amouyal:236:attachment,amouyal,NPZ,gp,simple,Yes,,,,0,380,set_hyp5_23,GP_reflexive,simple_question,reflexive,not annotated upstream,the fire,,True,attachment,amouyal:236,rev,True,rev_repair,c6712dd612ebdc226d737b415e3e5afbe4cf9c12507a2482557e4010b6fd51ef,241,3.2579494018136756e-06,0.9999604225158691,3.2579494018136756e-06,0, No,ceaedb99a72aa1739592cb3b2d37643f9e0a85fef9cce1c6349c277d53275e7b
amouyal:237,amouyal,NPZ,gp,lingering,No,,,,0,381,set_hyp5_23,GP_reflexive,GP_question,reflexive,not annotated upstream,the fire,,True,event,amouyal:237,rev,True,rev_repair,b5df7d4d065210fcc18368bf14104401f6a1f9580a42f53d87902aa7a08788f9,230,2.79296705230081e-06,0.9999886155128479,0.9999972070329477,1, No,
amouyal:237:attachment,amouyal,NPZ,gp,lingering,No,,,,0,381,set_hyp5_23,GP_reflexive,GP_question,reflexive,not annotated upstream,the fire,,True,attachment,amouyal:237,rev,True,rev_repair,d6bf703a84a75f4a274ca6f8c759cc1547a0a1c77b99ce1289db5f9fb5975370,244,0.00013716064859181643,0.999916136264801,0.9998628393514082,1, No,59aff42f205a3f8f4728df16c7b818eeea0a688d013242238cc71985cfe20f59
amouyal:188,amouyal,NPZ,non_gp,simple,Yes,,,,0,332,set_hyp5_23,nonGP_reflexive,simple_question,reflexive,not annotated upstream,the fire,,True,event,amouyal:188,rev,True,rev_repair,c0c522d6bc7ad775fb18ea8d5ee40ebf7cc1c363eca73ee019044f1ba594b3b2,230,0.9999790191650391,0.9997668266296387,0.9999790191650391,1, Yes,
amouyal:188:attachment,amouyal,NPZ,non_gp,simple,Yes,,,,0,332,set_hyp5_23,nonGP_reflexive,simple_question,reflexive,not annotated upstream,the fire,,True,attachment,amouyal:188,rev,True,rev_repair,bd554addd266a2249f027de2f5425f26cc2f39f86a3e3b3dca7e22946ae2b6b0,241,0.017654215916991234,0.9997999668121338,0.017654215916991234,0, No,ceaedb99a72aa1739592cb3b2d37643f9e0a85fef9cce1c6349c277d53275e7b
amouyal:189,amouyal,NPZ,non_gp,lingering,No,,,,0,333,set_hyp5_23,nonGP_reflexive,GP_question,reflexive,not annotated upstream,the fire,,True,event,amouyal:189,rev,True,rev_repair,50c8869a649582e1ec0196d28a5c0fc3fed76188c44b40cdf2bdcd62dda77a2b,230,0.0017092123162001371,0.9999797344207764,0.9982907876837999,1, No,
amouyal:189:attachment,amouyal,NPZ,non_gp,lingering,No,,,,0,333,set_hyp5_23,nonGP_reflexive,GP_question,reflexive,not annotated upstream,the fire,,True,attachment,amouyal:189,rev,True,rev_repair,1bf975f99daa9565cbc621ba8d3b873b7341dc41a9ec81090c7eb6cea3e79f19,244,0.0033160699531435966,0.9999194741249084,0.9966839300468564,1, No,59aff42f205a3f8f4728df16c7b818eeea0a688d013242238cc71985cfe20f59
amouyal:238,amouyal,NPZ,gp,simple,Yes,,,,0,382,set_hyp5_24,GP_reflexive,simple_question,reflexive,not annotated upstream,the boat,,True,event,amouyal:238,rev,True,rev_repair,aa1607fe64fe9d8fc75079d53f67234ca6abbe77f6013f624495f80a080ee2d1,233,0.9936333298683167,0.9996271133422852,0.9936333298683167,1, Yes,
amouyal:238:attachment,amouyal,NPZ,gp,simple,Yes,,,,0,382,set_hyp5_24,GP_reflexive,simple_question,reflexive,not annotated upstream,the boat,,True,attachment,amouyal:238,rev,True,rev_repair,3ff1671a124e5b37f1b954095875c89ce3d995c3d6a9571b401c4db33a31c83e,243,1.2192383110232186e-05,0.9999526143074036,1.2192383110232186e-05,0, No,1a77569de042743064e29e02f0ff6179cc42cdc9980bb8ff24c0601fe3ba0cf9
amouyal:239,amouyal,NPZ,gp,lingering,No,,,,0,383,set_hyp5_24,GP_reflexive,GP_question,reflexive,not annotated upstream,the boat,,True,event,amouyal:239,rev,True,rev_repair,7966aa29574103559f9b1bd6324099fd13d660565c742c30360e849c12522272,232,0.004594952333718538,0.9999537467956543,0.9954050476662815,1, No,
amouyal:239:attachment,amouyal,NPZ,gp,lingering,No,,,,0,383,set_hyp5_24,GP_reflexive,GP_question,reflexive,not annotated upstream,the boat,,True,attachment,amouyal:239,rev,True,rev_repair,64a0fde74c9f23b59f0b7a32a1b1597ccc11921fcfe37e50d00b7fba2a079c1e,246,7.845289655961096e-05,0.9999608397483826,0.9999215471034404,1, No,638c3cf6ca1541fb1669402670718fee65c25de80731a0be4ce348f0aaf02818
amouyal:190,amouyal,NPZ,non_gp,simple,Yes,,,,0,334,set_hyp5_24,nonGP_reflexive,simple_question,reflexive,not annotated upstream,the boat,,True,event,amouyal:190,rev,True,rev_repair,6f38a46dd1a45833355f9f2db3728427b15244094fee57822e9feddad7514116,233,0.9999927282333374,0.9998990893363953,0.9999927282333374,1, Yes,
amouyal:190:attachment,amouyal,NPZ,non_gp,simple,Yes,,,,0,334,set_hyp5_24,nonGP_reflexive,simple_question,reflexive,not annotated upstream,the boat,,True,attachment,amouyal:190,rev,True,rev_repair,8d982df24f9c737dddf37e7ccc3097f3021b03cbb7ba3df59040c22b1b6af491,243,0.9818015098571777,0.998626708984375,0.9818015098571777,1, Yes,1a77569de042743064e29e02f0ff6179cc42cdc9980bb8ff24c0601fe3ba0cf9
amouyal:191,amouyal,NPZ,non_gp,lingering,No,,,,0,335,set_hyp5_24,nonGP_reflexive,GP_question,reflexive,not annotated upstream,the boat,,True,event,amouyal:191,rev,True,rev_repair,d6dcf72f756f427383f7940dbdde6dea8809d338f15f8afa7eb77bc18fac81ca,232,0.6691604852676392,0.9998557567596436,0.33083951473236084,0, Yes,
amouyal:191:attachment,amouyal,NPZ,non_gp,lingering,No,,,,0,335,set_hyp5_24,nonGP_reflexive,GP_question,reflexive,not annotated upstream,the boat,,True,attachment,amouyal:191,rev,True,rev_repair,be9579665dee672d1975dac97c1c902ddfea5da1e393f3dff6384a6712c6d222,246,0.003242992330342531,0.9998924732208252,0.9967570076696575,1, No,638c3cf6ca1541fb1669402670718fee65c25de80731a0be4ce348f0aaf02818
amouyal:240,amouyal,NPZ,gp,simple,Yes,,,,0,384,set_1,GP_prob,simple_question,prob,not annotated upstream,the deer,,True,event,amouyal:240,rev,True,rev_repair,fdb18285569c4e7acc092f7460d354b86d149db935901f7a1de5c40e530880a9,232,0.12658224999904633,0.9997384548187256,0.12658224999904633,0, No,
amouyal:240:attachment,amouyal,NPZ,gp,simple,Yes,,,,0,384,set_1,GP_prob,simple_question,prob,not annotated upstream,the deer,,True,attachment,amouyal:240,rev,True,rev_repair,ae0e6a0ba6c260bf634e182bfe9455e3eb95b066f94c3cc48bdd7055f71f4361,242,3.438458691107371e-07,0.9999508261680603,3.438458691107371e-07,0, No,89ffc6e966e35d5edba5415ee2d80dc3667894c02f259298bebedf6481ccdb31
amouyal:241,amouyal,NPZ,gp,lingering,No,,,,0,385,set_1,GP_prob,GP_question,prob,not annotated upstream,the deer,,True,event,amouyal:241,rev,True,rev_repair,9c7a50f8a0e390092e9dd2b941320ae16b6b0c435981c905c8c6576321d1752a,231,9.99228859654977e-07,0.9999915957450867,0.9999990007711403,1, No,
amouyal:241:attachment,amouyal,NPZ,gp,lingering,No,,,,0,385,set_1,GP_prob,GP_question,prob,not annotated upstream,the deer,,True,attachment,amouyal:241,rev,True,rev_repair,172238e8419ffbbd0858b3ec296cce44d6f82b42e8dee1de46f5ba5803da7078,245,1.7109403415815905e-05,0.9999433159828186,0.9999828905965842,1, No,4574fa8051e48c262541384223a86d294396cab014211f7b200b436e2883b0e4
amouyal:242,amouyal,NPZ,non_gp,simple,Yes,,,,0,388,set_1,nonGP_prob,simple_question,prob,not annotated upstream,the deer,,True,event,amouyal:242,rev,True,rev_repair,d5a29476fd6169f5e8a8ddad047b275c63919bfc166b3b07f5e98ac474a358bd,232,0.9987034201622009,0.9998862147331238,0.9987034201622009,1, Yes,
amouyal:242:attachment,amouyal,NPZ,non_gp,simple,Yes,,,,0,388,set_1,nonGP_prob,simple_question,prob,not annotated upstream,the deer,,True,attachment,amouyal:242,rev,True,rev_repair,5bd93f7c8ed04c5e4aeda35bfdb07c4feb6d5c144c56889877109f8959bf547b,242,0.9872304797172546,0.9977146983146667,0.9872304797172546,1, Yes,89ffc6e966e35d5edba5415ee2d80dc3667894c02f259298bebedf6481ccdb31
amouyal:243,amouyal,NPZ,non_gp,lingering,No,,,,0,389,set_1,nonGP_prob,GP_question,prob,not annotated upstream,the deer,,True,event,amouyal:243,rev,True,rev_repair,6d7fa5abdd65afdb55c93bfe952af2903343b20bca87f281529d521f5ba7491a,231,0.6401827335357666,0.9998906254768372,0.3598172664642334,0, Yes,
amouyal:243:attachment,amouyal,NPZ,non_gp,lingering,No,,,,0,389,set_1,nonGP_prob,GP_question,prob,not annotated upstream,the deer,,True,attachment,amouyal:243,rev,True,rev_repair,546d02454628314fb4a85b29ac7aee9969ced83cc0cf884f7376d97d301e5fd4,245,0.002712714020162821,0.9998317360877991,0.9972872859798372,1, No,4574fa8051e48c262541384223a86d294396cab014211f7b200b436e2883b0e4
amouyal:244,amouyal,NPZ,gp,simple,Yes,,,,0,392,set_2,GP_prob,simple_question,prob,not annotated upstream,the boat,,True,event,amouyal:244,rev,True,rev_repair,a19dd20b72708aead24a70f7abdf2a9112379bc77f5244c0e4019b2f5b5cacc7,233,0.9993481636047363,0.9999288320541382,0.9993481636047363,1, Yes,
amouyal:244:attachment,amouyal,NPZ,gp,simple,Yes,,,,0,392,set_2,GP_prob,simple_question,prob,not annotated upstream,the boat,,True,attachment,amouyal:244,rev,True,rev_repair,a00e66a3ae852f7a0efbfa9eaa94ff478d89de776760fcec8878b863e66365e1,243,1.2137894600527943e-06,0.9999783039093018,1.2137894600527943e-06,0, No,1a77569de042743064e29e02f0ff6179cc42cdc9980bb8ff24c0601fe3ba0cf9
amouyal:245,amouyal,NPZ,gp,lingering,No,,,,0,393,set_2,GP_prob,GP_question,prob,not annotated upstream,the boat,,True,event,amouyal:245,rev,True,rev_repair,36d62d67a683d466125d7c690b4d5f95a774b40e749b486027a817e7ea2e8244,233,0.9575359225273132,0.9998118877410889,0.04246407747268677,0, Yes,
amouyal:245:attachment,amouyal,NPZ,gp,lingering,No,,,,0,393,set_2,GP_prob,GP_question,prob,not annotated upstream,the boat,,True,attachment,amouyal:245,rev,True,rev_repair,7762c2aabce0d2eec9b3d7d1e8b5f0d5be462c6da94a8de1138ba8ee48f7c679,246,6.861199653940275e-05,0.999953031539917,0.9999313880034606,1, No,638c3cf6ca1541fb1669402670718fee65c25de80731a0be4ce348f0aaf02818
amouyal:246,amouyal,NPZ,non_gp,simple,Yes,,,,0,396,set_2,nonGP_prob,simple_question,prob,not annotated upstream,the boat,,True,event,amouyal:246,rev,True,rev_repair,a24fc951a50fd1bd8a842f28cddf6d408fd73c21e1d99558b9603155666be1dc,233,0.9997888207435608,0.9998935461044312,0.9997888207435608,1, Yes,
amouyal:246:attachment,amouyal,NPZ,non_gp,simple,Yes,,,,0,396,set_2,nonGP_prob,simple_question,prob,not annotated upstream,the boat,,True,attachment,amouyal:246,rev,True,rev_repair,c7a76cc42744f2d765b36947401580d8688bc295fb6d202bc531117fc1d9762f,243,0.9853640198707581,0.9988978505134583,0.9853640198707581,1, Yes,1a77569de042743064e29e02f0ff6179cc42cdc9980bb8ff24c0601fe3ba0cf9
amouyal:247,amouyal,NPZ,non_gp,lingering,No,,,,0,397,set_2,nonGP_prob,GP_question,prob,not annotated upstream,the boat,,True,event,amouyal:247,rev,True,rev_repair,a69ccc3d65ee1c131348fdd79fc3fbc9c08c27e2dabe0f5290a5031e2e4b1bce,233,0.9949176907539368,0.9998710751533508,0.005082309246063232,0, Yes,
amouyal:247:attachment,amouyal,NPZ,non_gp,lingering,No,,,,0,397,set_2,nonGP_prob,GP_question,prob,not annotated upstream,the boat,,True,attachment,amouyal:247,rev,True,rev_repair,949d9cfc3a49deb3d2005881200bd194e96ec9aef418bf175d92875100d5b5b9,246,0.005365966819226742,0.9998668432235718,0.9946340331807733,1, No,638c3cf6ca1541fb1669402670718fee65c25de80731a0be4ce348f0aaf02818
amouyal:248,amouyal,NPZ,gp,simple,Yes,,,,0,400,set_3,GP_prob,simple_question,prob,not annotated upstream,the symphony,,True,event,amouyal:248,rev,True,rev_repair,7422ed7dce4fa215a1b00cc86654f61eb901c1e56243ca05188a9a1ddee5a30b,234,0.04633823409676552,0.9999480247497559,0.04633823409676552,0, No,
amouyal:248:attachment,amouyal,NPZ,gp,simple,Yes,,,,0,400,set_3,GP_prob,simple_question,prob,not annotated upstream,the symphony,,True,attachment,amouyal:248,rev,True,rev_repair,a4e2d6addf592083655ae143a5d9babfd112ee036e2aca02f2e7059d01be13da,244,1.013706764751987e-06,0.9999746680259705,1.013706764751987e-06,0, No,42f7a909d4d0b8e35b2ec907df63ba88c1ef293725dd6f2fa9d83ae9f275d62f
amouyal:249,amouyal,NPZ,gp,lingering,No,,,,0,401,set_3,GP_prob,GP_question,prob,not annotated upstream,the symphony,,True,event,amouyal:249,rev,True,rev_repair,9629c345ad26343e03bd0ce9f8026521625a573ffe03f257fa255d60a10e5ab6,233,9.424376185052097e-05,0.9999933838844299,0.9999057562381495,1, No,
amouyal:249:attachment,amouyal,NPZ,gp,lingering,No,,,,0,401,set_3,GP_prob,GP_question,prob,not annotated upstream,the symphony,,True,attachment,amouyal:249,rev,True,rev_repair,330fc24d4ac731929bfb63ab47f1ae056f39c8f6b397bda90e2e424663b56094,247,0.0002138394193025306,0.9999204277992249,0.9997861605806975,1, No,f73f1295b4a97bab65cd14a438320c05fa846242153d1cb05d8dcb2faf631c63
amouyal:250,amouyal,NPZ,non_gp,simple,Yes,,,,0,404,set_3,nonGP_prob,simple_question,prob,not annotated upstream,the symphony,,True,event,amouyal:250,rev,True,rev_repair,94e1c0339c9bf5e3f99374d9ca4c217c66bedf5299e6c7caa5ecf2a1ccc56478,234,0.990329921245575,0.9998641014099121,0.990329921245575,1, Yes,
amouyal:250:attachment,amouyal,NPZ,non_gp,simple,Yes,,,,0,404,set_3,nonGP_prob,simple_question,prob,not annotated upstream,the symphony,,True,attachment,amouyal:250,rev,True,rev_repair,9bfd5a09fca30c3a6444e4a09fb83384c30bf6c958d2049d8fddbf0094a7efc3,244,0.426527202129364,0.9981493949890137,0.426527202129364,0, No,42f7a909d4d0b8e35b2ec907df63ba88c1ef293725dd6f2fa9d83ae9f275d62f
amouyal:251,amouyal,NPZ,non_gp,lingering,No,,,,0,405,set_3,nonGP_prob,GP_question,prob,not annotated upstream,the symphony,,True,event,amouyal:251,rev,True,rev_repair,72ab03dc0d007b4c0c0d6c7eb8faa16777d37a1b281bf8d4c7d0bf437c64ec5f,233,5.498001428350108e-06,0.9999947547912598,0.9999945019985716,1, No,
amouyal:251:attachment,amouyal,NPZ,non_gp,lingering,No,,,,0,405,set_3,nonGP_prob,GP_question,prob,not annotated upstream,the symphony,,True,attachment,amouyal:251,rev,True,rev_repair,fb057bf8099a79ab69952a4de6b49966be10874c4add41d63676f0944ca4e5e7,247,0.002468818798661232,0.9999009966850281,0.9975311812013388,1, No,f73f1295b4a97bab65cd14a438320c05fa846242153d1cb05d8dcb2faf631c63
amouyal:252,amouyal,NPZ,gp,simple,Yes,,,,0,408,set_4,GP_prob,simple_question,prob,not annotated upstream,the dress,,True,event,amouyal:252,rev,True,rev_repair,1c87711129448e1101114e36ce192b0c192b4cb90559031d7830b5772ef9810a,229,0.35000407695770264,0.9997374415397644,0.35000407695770264,0, No,
amouyal:252:attachment,amouyal,NPZ,gp,simple,Yes,,,,0,408,set_4,GP_prob,simple_question,prob,not annotated upstream,the dress,,True,attachment,amouyal:252,rev,True,rev_repair,44cd01a975685ccd1801a5c761ba186c43697d6652ce73601c823b6110907101,241,1.3005426069412351e-07,0.9999441504478455,1.3005426069412351e-07,0, No,35fdb476be51ea1359d18c02aaad39d2a78df86a1605967d6af13732ef982000
amouyal:253,amouyal,NPZ,gp,lingering,No,,,,0,409,set_4,GP_prob,GP_question,prob,not annotated upstream,the dress,,True,event,amouyal:253,rev,True,rev_repair,3628d2f2169910bca22db3f9b81a886488d8de4dc58ab35a929babc0ae9c23da,231,0.001099960645660758,0.9999191761016846,0.9989000393543392,1, No,
amouyal:253:attachment,amouyal,NPZ,gp,lingering,No,,,,0,409,set_4,GP_prob,GP_question,prob,not annotated upstream,the dress,,True,attachment,amouyal:253,rev,True,rev_repair,441dc474224c0113852be43b3914ebfe65a109f316a07a0c76c047ff0c08c674,244,9.480876542511396e-06,0.9999409317970276,0.9999905191234575,1, No,03e4078dee41a17f0976c42c9b53817a3ff434f90fac912fce8d0a34cdc0d4e9
amouyal:254,amouyal,NPZ,non_gp,simple,Yes,,,,0,412,set_4,nonGP_prob,simple_question,prob,not annotated upstream,the dress,,True,event,amouyal:254,rev,True,rev_repair,09837b1d1a9ea3d020701e326a38c79811411e14180f11ff42d1e305ec33b326,229,0.9348853826522827,0.9997689723968506,0.9348853826522827,1, Yes,
amouyal:254:attachment,amouyal,NPZ,non_gp,simple,Yes,,,,0,412,set_4,nonGP_prob,simple_question,prob,not annotated upstream,the dress,,True,attachment,amouyal:254,rev,True,rev_repair,f64539a90bd466b42ddbea7fa1496f170087d25a80dfbe02d11b467bfc8d368b,241,0.003106925403699279,0.999862015247345,0.003106925403699279,0, No,35fdb476be51ea1359d18c02aaad39d2a78df86a1605967d6af13732ef982000
amouyal:255,amouyal,NPZ,non_gp,lingering,No,,,,0,413,set_4,nonGP_prob,GP_question,prob,not annotated upstream,the dress,,True,event,amouyal:255,rev,True,rev_repair,0f05749d5cb6146ea9ad5e93a4a2b12bbcc2d3e311af56f062dfc9790d8eb0d6,231,0.0033661078196018934,0.9998968839645386,0.9966338921803981,1, No,
amouyal:255:attachment,amouyal,NPZ,non_gp,lingering,No,,,,0,413,set_4,nonGP_prob,GP_question,prob,not annotated upstream,the dress,,True,attachment,amouyal:255,rev,True,rev_repair,1c5cf2ccbf79918223c45f20f8bea7c652ec65fb350a00b1d5aca1f49c80811a,244,0.007502918131649494,0.9998811483383179,0.9924970818683505,1, No,03e4078dee41a17f0976c42c9b53817a3ff434f90fac912fce8d0a34cdc0d4e9
amouyal:256,amouyal,NPZ,gp,simple,Yes,,,,0,416,set_5,GP_prob,simple_question,prob,not annotated upstream,the letter,,True,event,amouyal:256,rev,True,rev_repair,cc6b16b4497ce7e634405f66a9115bc3bb456c9310c188f0b29714c27a134801,231,0.01055921707302332,0.9999582767486572,0.01055921707302332,0, No,
amouyal:256:attachment,amouyal,NPZ,gp,simple,Yes,,,,0,416,set_5,GP_prob,simple_question,prob,not annotated upstream,the letter,,True,attachment,amouyal:256,rev,True,rev_repair,241c69d6e418423d0de4cae0a13bf7de0d9a3b262fe5e774aed7d98574877082,241,8.148829522269807e-08,0.9999727606773376,8.148829522269807e-08,0, No,26aaab70c1d6a5d87a9094fdec76a8f2bb723b61a1885acbef154b97a937206c
amouyal:257,amouyal,NPZ,gp,lingering,No,,,,0,417,set_5,GP_prob,GP_question,prob,not annotated upstream,the letter,,True,event,amouyal:257,rev,True,rev_repair,5fe7e6b3bfe9469f3c025c4391e3b303a34c81e9b7bcf6131b897e6cbc33020e,229,2.29110028726609e-08,0.9999931454658508,0.9999999770889971,1, No,
amouyal:257:attachment,amouyal,NPZ,gp,lingering,No,,,,0,417,set_5,GP_prob,GP_question,prob,not annotated upstream,the letter,,True,attachment,amouyal:257,rev,True,rev_repair,214ca221e0643195efc9bbb0696e773db2711d6dc8fb56a44a892689f6142443,244,1.6004505596356466e-05,0.9999727606773376,0.9999839954944036,1, No,81d2119266c12ef868ef263c241ee449f8cf55d04b6903da2d23e1262aaffe6c
amouyal:258,amouyal,NPZ,non_gp,simple,Yes,,,,0,420,set_5,nonGP_prob,simple_question,prob,not annotated upstream,the letter,,True,event,amouyal:258,rev,True,rev_repair,2d95734304a4cf29c6bbdded4405a8043c47854a9ced0c72f3e9cc057e00d3a6,231,0.953275203704834,0.9998290538787842,0.953275203704834,1, Yes,
amouyal:258:attachment,amouyal,NPZ,non_gp,simple,Yes,,,,0,420,set_5,nonGP_prob,simple_question,prob,not annotated upstream,the letter,,True,attachment,amouyal:258,rev,True,rev_repair,002a04c45cbdd6dd775d44b3aa53bab9b571c385f21a8c96c32f074dc8cb3178,241,0.0018287594430148602,0.9998787045478821,0.0018287594430148602,0, No,26aaab70c1d6a5d87a9094fdec76a8f2bb723b61a1885acbef154b97a937206c
amouyal:259,amouyal,NPZ,non_gp,lingering,No,,,,0,421,set_5,nonGP_prob,GP_question,prob,not annotated upstream,the letter,,True,event,amouyal:259,rev,True,rev_repair,64628ad2ae9a3ce03dd21773b0bdd9c3705f24c10cc49bfc8e6fe403a23963f1,229,0.00082369614392519,0.9999550580978394,0.9991763038560748,1, No,
amouyal:259:attachment,amouyal,NPZ,non_gp,lingering,No,,,,0,421,set_5,nonGP_prob,GP_question,prob,not annotated upstream,the letter,,True,attachment,amouyal:259,rev,True,rev_repair,6ea07bfa452c54ace20ac737460d82a506771d4425897764f44872e52389a104,244,0.0077044046483933926,0.9998930096626282,0.9922955953516066,1, No,81d2119266c12ef868ef263c241ee449f8cf55d04b6903da2d23e1262aaffe6c
amouyal:260,amouyal,NPZ,gp,simple,Yes,,,,0,424,set_6,GP_prob,simple_question,prob,not annotated upstream,the tractor,,True,event,amouyal:260,rev,True,rev_repair,da6892691868c6f6d23dea660575c35e6b3b504cac42680a8b1bd780e7ca80e7,231,0.013808189891278744,0.9999359250068665,0.013808189891278744,0, No,
amouyal:260:attachment,amouyal,NPZ,gp,simple,Yes,,,,0,424,set_6,GP_prob,simple_question,prob,not annotated upstream,the tractor,,True,attachment,amouyal:260,rev,True,rev_repair,fd7a13589db6dce167f04d1b7dde747939123d620f92d841d3b476a2c079a742,242,4.396572137466137e-07,0.9999500513076782,4.396572137466137e-07,0, No,7760cae073bc147613bd2b2f072e2a0139f31b9afe66bb2f5cb46a7cab67722f
amouyal:261,amouyal,NPZ,gp,lingering,No,,,,0,425,set_6,GP_prob,GP_question,prob,not annotated upstream,the tractor,,True,event,amouyal:261,rev,True,rev_repair,9aee8fc74ea77c6e2c5d60c9a533d500405d9381f5f40688f6090936921afb4f,231,6.767053855583072e-05,0.999986469745636,0.9999323294614442,1, No,
amouyal:261:attachment,amouyal,NPZ,gp,lingering,No,,,,0,425,set_6,GP_prob,GP_question,prob,not annotated upstream,the tractor,,True,attachment,amouyal:261,rev,True,rev_repair,cbad889a726e6d8d40b3574f98e916cc88bb8b9b9abeb54f4eab431f7ae8e438,245,1.7572096112417057e-05,0.9999191164970398,0.9999824279038876,1, No,02fc525db84c11bbfed8b527b57d2d5c3f594aa26d4dc3aad94c32a341d01445
amouyal:262,amouyal,NPZ,non_gp,simple,Yes,,,,0,428,set_6,nonGP_prob,simple_question,prob,not annotated upstream,the tractor,,True,event,amouyal:262,rev,True,rev_repair,fe509197a420a5860fa2cdb48a087809fa91216875b119421528cb4e9d5d727a,231,0.9999286532402039,0.9999276995658875,0.9999286532402039,1, Yes,
amouyal:262:attachment,amouyal,NPZ,non_gp,simple,Yes,,,,0,428,set_6,nonGP_prob,simple_question,prob,not annotated upstream,the tractor,,True,attachment,amouyal:262,rev,True,rev_repair,d7ec72e9a2d9dac24a7a793b5a09b1675ece582a35a0a1b5c3d1a6bf828d7e23,242,0.981776773929596,0.9988852739334106,0.981776773929596,1, Yes,7760cae073bc147613bd2b2f072e2a0139f31b9afe66bb2f5cb46a7cab67722f
amouyal:263,amouyal,NPZ,non_gp,lingering,No,,,,0,429,set_6,nonGP_prob,GP_question,prob,not annotated upstream,the tractor,,True,event,amouyal:263,rev,True,rev_repair,28faae77b23f8f2a1f14e8fd3141e1f359775d6fd6d39ba98a82b61a45c24ee0,231,0.9895984530448914,0.9998324513435364,0.010401546955108643,0, Yes,
amouyal:263:attachment,amouyal,NPZ,non_gp,lingering,No,,,,0,429,set_6,nonGP_prob,GP_question,prob,not annotated upstream,the tractor,,True,attachment,amouyal:263,rev,True,rev_repair,be075990e3dc6a46df209e1668ad1d42c7cffe02e2584aa7edcfa866d2769651,245,0.009751222096383572,0.9998737573623657,0.9902487779036164,1, No,02fc525db84c11bbfed8b527b57d2d5c3f594aa26d4dc3aad94c32a341d01445
amouyal:264,amouyal,NPZ,gp,simple,Yes,,,,0,432,set_7,GP_prob,simple_question,prob,not annotated upstream,the contract,,True,event,amouyal:264,rev,True,rev_repair,f3ac7a5390a430233c0c895364228f200b75faea8eb5d02941436ef8306c6c18,236,0.008228658698499203,0.9996809959411621,0.008228658698499203,0, No,
amouyal:264:attachment,amouyal,NPZ,gp,simple,Yes,,,,0,432,set_7,GP_prob,simple_question,prob,not annotated upstream,the contract,,True,attachment,amouyal:264,rev,True,rev_repair,29136f71a7670f999836b45e9282af333a6c32d7a1a49bc7b88289777c99084e,244,6.495211550827662e-07,0.9999682307243347,6.495211550827662e-07,0, No,505455a156176e941f5a44d7c776be8eedcdfb1ca384638cf597e708dc95f9e3
amouyal:265,amouyal,NPZ,gp,lingering,No,,,,0,433,set_7,GP_prob,GP_question,prob,not annotated upstream,the contract,,True,event,amouyal:265,rev,True,rev_repair,755800f4cbc7f209a7e66b3873893506a70acc8c0ed24cab2f374dfa6f9c8c13,233,4.707769039669074e-05,0.9999803900718689,0.9999529223096033,1, No,
amouyal:265:attachment,amouyal,NPZ,gp,lingering,No,,,,0,433,set_7,GP_prob,GP_question,prob,not annotated upstream,the contract,,True,attachment,amouyal:265,rev,True,rev_repair,e1d8278b658ddb35ca8f57613c83183b30d2f4ad0df48cb5fa3c1dfd5d495b60,247,3.27422094414942e-05,0.9999617338180542,0.9999672577905585,1, No,e6b25d5fd7d3b9263ac5a5648f1814403fc2ef4dbb45ead85fa73afd4662f472
amouyal:266,amouyal,NPZ,non_gp,simple,Yes,,,,0,436,set_7,nonGP_prob,simple_question,prob,not annotated upstream,the contract,,True,event,amouyal:266,rev,True,rev_repair,d6fb2de98e65604630f7b01e37358446ecfdae13d5975c06e0d68e5e32372469,236,0.9972354173660278,0.9997447729110718,0.9972354173660278,1, Yes,
amouyal:266:attachment,amouyal,NPZ,non_gp,simple,Yes,,,,0,436,set_7,nonGP_prob,simple_question,prob,not annotated upstream,the contract,,True,attachment,amouyal:266,rev,True,rev_repair,d580dc054527cc75d9ea9e01eaf5abf3d0ad49c474651f828a90127eea5febd8,244,0.8075319528579712,0.9983565807342529,0.8075319528579712,1, Yes,505455a156176e941f5a44d7c776be8eedcdfb1ca384638cf597e708dc95f9e3
amouyal:267,amouyal,NPZ,non_gp,lingering,No,,,,0,437,set_7,nonGP_prob,GP_question,prob,not annotated upstream,the contract,,True,event,amouyal:267,rev,True,rev_repair,d4c2aaad34399d0ab031e74ddadaca6fad6faf71d3c398dd30d6a1e8f86683c4,233,0.049460407346487045,0.9998413920402527,0.950539592653513,1, No,
amouyal:267:attachment,amouyal,NPZ,non_gp,lingering,No,,,,0,437,set_7,nonGP_prob,GP_question,prob,not annotated upstream,the contract,,True,attachment,amouyal:267,rev,True,rev_repair,23f92fabfc7c06b5a43b2fdd41db4a865dc1b6406bec358bbec1aab1916a2c22,247,0.004652873147279024,0.9998665452003479,0.995347126852721,1, No,e6b25d5fd7d3b9263ac5a5648f1814403fc2ef4dbb45ead85fa73afd4662f472
amouyal:268,amouyal,NPZ,gp,simple,Yes,,,,0,440,set_8,GP_prob,simple_question,prob,not annotated upstream,the balls,,True,event,amouyal:268,rev,True,rev_repair,d969d2601b6e0c010fc8042f1c93f5fea4acf903a874bf033504731b61dd525b,233,0.39342737197875977,0.999781608581543,0.39342737197875977,0, No,
amouyal:268:attachment,amouyal,NPZ,gp,simple,Yes,,,,0,440,set_8,GP_prob,simple_question,prob,not annotated upstream,the balls,,True,attachment,amouyal:268,rev,True,rev_repair,88b8f1cfd4f2f25b33d78380fd543435a19745fc3982dc24f9a89f3fe264e153,243,4.586617663449033e-08,0.9999659061431885,4.586617663449033e-08,0, No,f1344e08468d2c2f7166ea9c093cb3bff09086270356827f88b73c88acf36c83
amouyal:269,amouyal,NPZ,gp,lingering,No,,,,0,441,set_8,GP_prob,GP_question,prob,not annotated upstream,the balls,,True,event,amouyal:269,rev,True,rev_repair,0a4c5ccf9355708a4444d47464c375536dbef4a25340c92a172f0d32166d1dda,233,5.200713076192187e-06,0.9999923706054688,0.9999947992869238,1, No,
amouyal:269:attachment,amouyal,NPZ,gp,lingering,No,,,,0,441,set_8,GP_prob,GP_question,prob,not annotated upstream,the balls,,True,attachment,amouyal:269,rev,True,rev_repair,14b327f2ef35c6488937a47ebd9da8e593aef02fff0786f669f380b3279ab7e0,246,8.089414222922642e-06,0.9999498128890991,0.9999919105857771,1, No,b7ff1d654d8ba03c2319d0ab767b1753fbf9ed291b203394fa4763fe841ae179
amouyal:270,amouyal,NPZ,non_gp,simple,Yes,,,,0,444,set_8,nonGP_prob,simple_question,prob,not annotated upstream,the balls,,True,event,amouyal:270,rev,True,rev_repair,f4c48347a66a112cf48cbc0851a28f2fc7b25b20ddccc275801c8600baa06330,233,0.9999871850013733,0.9998307824134827,0.9999871850013733,1, Yes,
amouyal:270:attachment,amouyal,NPZ,non_gp,simple,Yes,,,,0,444,set_8,nonGP_prob,simple_question,prob,not annotated upstream,the balls,,True,attachment,amouyal:270,rev,True,rev_repair,7917b994a26ae4b116834bc20ba3c3d257ee4b446036fa615bc62ef4b52e6e25,243,0.6482292413711548,0.9978618621826172,0.6482292413711548,1, Yes,f1344e08468d2c2f7166ea9c093cb3bff09086270356827f88b73c88acf36c83
amouyal:271,amouyal,NPZ,non_gp,lingering,No,,,,0,445,set_8,nonGP_prob,GP_question,prob,not annotated upstream,the balls,,True,event,amouyal:271,rev,True,rev_repair,cb5145feac182bc68a150617256dc0652291bc373e7be4a21095ee529e4dfac5,233,0.030549820512533188,0.9999171495437622,0.9694501794874668,1, No,
amouyal:271:attachment,amouyal,NPZ,non_gp,lingering,No,,,,0,445,set_8,nonGP_prob,GP_question,prob,not annotated upstream,the balls,,True,attachment,amouyal:271,rev,True,rev_repair,cc7257bef868d84bbfb3c1c5b8d3d6ab76f3ed67491b60a6f44e961283f19f82,246,0.005918651819229126,0.9998418092727661,0.9940813481807709,1, No,b7ff1d654d8ba03c2319d0ab767b1753fbf9ed291b203394fa4763fe841ae179
amouyal:272,amouyal,NPZ,gp,simple,Yes,,,,0,448,set_9,GP_prob,simple_question,prob,not annotated upstream,the rug,,True,event,amouyal:272,rev,True,rev_repair,3f418b57643b9a5ae7c2a8a14765ad8be28cf38f8b06816e24ebf231774b8033,230,0.03870777040719986,0.9999141097068787,0.03870777040719986,0, No,
amouyal:272:attachment,amouyal,NPZ,gp,simple,Yes,,,,0,448,set_9,GP_prob,simple_question,prob,not annotated upstream,the rug,,True,attachment,amouyal:272,rev,True,rev_repair,5133e8ca3b7fe9adba4ebf51bf3b7fb072b66cdcc1fa940dacbc2775a53b209a,241,3.6115693546889815e-07,0.9999653100967407,3.6115693546889815e-07,0, No,33234bd13c0e0fcaf51d439b92e26ee8d65ad5f6d3044684cd1d3ae9210ca094
amouyal:273,amouyal,NPZ,gp,lingering,No,,,,0,449,set_9,GP_prob,GP_question,prob,not annotated upstream,the rug,,True,event,amouyal:273,rev,True,rev_repair,a70ec1c80749e919f21641306dc1cfbe268fe01e3d0124990ab09380bdb3ef5a,229,0.00017948898312170058,0.9999151825904846,0.9998205110168783,1, No,
amouyal:273:attachment,amouyal,NPZ,gp,lingering,No,,,,0,449,set_9,GP_prob,GP_question,prob,not annotated upstream,the rug,,True,attachment,amouyal:273,rev,True,rev_repair,34579ec593425179939ace2753f4311b704ed1b1e022c801fcbd19f5ca873121,244,2.562070221756585e-05,0.999970555305481,0.9999743792977824,1, No,a6eae1aed558785c12b3156c8a6d31556fd6336ed04d744d98b3b72711e24fd2
amouyal:274,amouyal,NPZ,non_gp,simple,Yes,,,,0,452,set_9,nonGP_prob,simple_question,prob,not annotated upstream,the rug,,True,event,amouyal:274,rev,True,rev_repair,547fdf19e52a051e6529bdf78fa366190dbf29c20970e42df7e0af8aa45d1d72,230,0.991421103477478,0.999748706817627,0.991421103477478,1, Yes,
amouyal:274:attachment,amouyal,NPZ,non_gp,simple,Yes,,,,0,452,set_9,nonGP_prob,simple_question,prob,not annotated upstream,the rug,,True,attachment,amouyal:274,rev,True,rev_repair,19b4153c0e36b6b98fe2e4c7a7d2a84d7f4838c0987812e617425d87608eb07a,241,0.0389450304210186,0.9994640350341797,0.0389450304210186,0, No,33234bd13c0e0fcaf51d439b92e26ee8d65ad5f6d3044684cd1d3ae9210ca094
amouyal:275,amouyal,NPZ,non_gp,lingering,No,,,,0,453,set_9,nonGP_prob,GP_question,prob,not annotated upstream,the rug,,True,event,amouyal:275,rev,True,rev_repair,c0b64be847f198fdb291b92ec9f7f784b17535fae31b037ceec6ee362812765f,229,0.17842647433280945,0.9948738813400269,0.8215735256671906,1, No,
amouyal:275:attachment,amouyal,NPZ,non_gp,lingering,No,,,,0,453,set_9,nonGP_prob,GP_question,prob,not annotated upstream,the rug,,True,attachment,amouyal:275,rev,True,rev_repair,43c0fa967477cdad05f7f8692380d714a4be61fe153f3cc57af4bd30de1b2c85,244,0.057828743010759354,0.9996703267097473,0.9421712569892406,1, No,a6eae1aed558785c12b3156c8a6d31556fd6336ed04d744d98b3b72711e24fd2
