item_id,pair_id,condition,question_type,subtype,prompt_id,gold,p_yes,choice_mass,correct,greedy_token,prompt_sha256
amouyal:0,set_10,gp,simple,prob,neutral_reg_base_native,Yes,0.9999980926513672,1.0,1,Yes,c574c4d324b565353ae46e063108d58b18e4ddf028ca48b3ba2331a8b4796bbb
amouyal:1,set_10,gp,lingering,prob,neutral_reg_base_native,No,0.9999973773956299,1.0,0,Yes,c4a53a2217e314cc601e3f10243d350c53ac70dbdc282ed908393b318198aac2
amouyal:2,set_10,non_gp,simple,prob,neutral_reg_base_native,Yes,1.0,1.0,1,Yes,663ab8a1f37c5cdcdfc19f1b189f2272e426dba1415267a8e8d338926b5396b8
amouyal:3,set_10,non_gp,lingering,prob,neutral_reg_base_native,No,0.9999953508377075,1.0,0,Yes,8a0bc6d03aa98423510f2e4bd9ebf52ec1e9e41c68f51b1706f45dda6b2350e7
amouyal:4,set_11,gp,simple,prob,neutral_reg_base_native,Yes,1.0,1.0,1,Yes,afb5f745e7e38e7f2693b9c03fc2929fb57a53e6753eb2442d78fdb669fa6f8f
amouyal:5,set_11,gp,lingering,prob,neutral_reg_base_native,No,1.0,1.0,0,Yes,0b5f50f51b02f88f53f30cd83d3178dc46267ae10afac9539bfac70043d1fd0d
amouyal:6,set_11,non_gp,simple,prob,neutral_reg_base_native,Yes,1.0,1.0,1,Yes,a83e06983d9b4094bbda681135e8f9e47186765367300cc8e974c15b452c245e
amouyal:7,set_11,non_gp,lingering,prob,neutral_reg_base_native,No,0.9999997615814209,1.0,0,Yes,39ccd3081ec22d4e4b36ff0073c58d19bcdd38130def585fc72344510797e8c9
amouyal:8,set_12,gp,simple,prob,neutral_reg_base_native,Yes,0.0035842445213347673,1.0,0,No,bf7bb98f3d47e0cacc1644fbcfefcd1768d7eb95716bd2cfa88f0e2a09c3e094
amouyal:9,set_12,gp,lingering,prob,neutral_reg_base_native,No,1.0,1.0,0,Yes,c9357009671221a5683f99f5dee0409605cc196df99c3f480998612ff9d45b81
amouyal:10,set_12,non_gp,simple,prob,neutral_reg_base_native,Yes,1.0,1.0,1,Yes,c2134614d51624fb09e92518fc6f5decdf088d8fbcc92a7f85386dd73756244f
amouyal:11,set_12,non_gp,lingering,prob,neutral_reg_base_native,No,0.9999973773956299,1.0,0,Yes,cf6229f570013697e413f150a7c5f7638fa58b06846503daa528f269ba4285cc
amouyal:12,set_13,gp,simple,prob,neutral_reg_base_native,Yes,0.9999984502792358,1.0,1,Yes,f057ce10878644d30fb04783df7c2bed37640610e6cfe130ea47e811459988a7
amouyal:13,set_13,gp,lingering,prob,neutral_reg_base_native,No,0.9993837475776672,0.9999999403953552,0,Yes,1bf1510b7cfb6498696e601feb745c36d72036c148b3841018e4298f988d515b
amouyal:14,set_13,non_gp,simple,prob,neutral_reg_base_native,Yes,1.0,1.0,1,Yes,9aec6042057f37cbaae6096fd7d9a00a3f5ccc31a9ebacc86cdf98c1ad6328ea
amouyal:15,set_13,non_gp,lingering,prob,neutral_reg_base_native,No,0.9999991655349731,1.0,0,Yes,5efafd0adbef90a5332c06449c7f20c4a12a650a404146dde188d710cd3387fc
amouyal:16,set_14,gp,simple,prob,neutral_reg_base_native,Yes,0.9997590184211731,1.0,1,Yes,6ea221e71ac520298f01a5ffcba6179e23a2bf0c6170895fe5a5b3d1638a8920
amouyal:17,set_14,gp,lingering,prob,neutral_reg_base_native,No,0.9999998807907104,1.0,0,Yes,8ad2bace070b347515c29ba69e7a276312cea56768ff994edf93497821d37916
amouyal:18,set_14,non_gp,simple,prob,neutral_reg_base_native,Yes,0.999992847442627,1.0,1,Yes,91e2eabe6ee43f29cbe8928622328eba3507f6362e366c8b32a43106c293a4dd
amouyal:19,set_14,non_gp,lingering,prob,neutral_reg_base_native,No,0.7597814798355103,1.0,0,Yes,fe121b954b26fe978227533bde5a2b08105bc042ee1abbeae5a6eda5568b0a3d
amouyal:20,set_15,gp,simple,prob,neutral_reg_base_native,Yes,1.0,1.0,1,Yes,bb20be91e48b288aa2e8edc9036f38ed2b9f33eae965d628b40a4ccceee2111b
amouyal:21,set_15,gp,lingering,prob,neutral_reg_base_native,No,1.0,1.0,0,Yes,013bb54cfd7e33ef08310bab0d7299eed902dd007ed879fa210fb563317d13f3
amouyal:22,set_15,non_gp,simple,prob,neutral_reg_base_native,Yes,1.0,1.0,1,Yes,27603d266bcf2df048a7c5ba0ffe8a59cbc5727a6884703fb00d19641821a557
amouyal:23,set_15,non_gp,lingering,prob,neutral_reg_base_native,No,1.0,1.0,0,Yes,7df159c3e454c142de099fcab62f3abce91a8f1b36f3186425002cd1e79cfc8c
amouyal:24,set_16,gp,simple,prob,neutral_reg_base_native,Yes,1.0,1.0,1,Yes,b4268d4c02f1a5e231982be4ac74836b0a48f92a768fb55431e9f1aa25604eac
amouyal:25,set_16,gp,lingering,prob,neutral_reg_base_native,No,0.9999998807907104,1.0,0,Yes,bd949dd9bcda0d26d9210905612eb4ba34247b6f662f8224e424451084f75299
amouyal:26,set_16,non_gp,simple,prob,neutral_reg_base_native,Yes,1.0,1.0,1,Yes,6f69c01160ce5ae2def51fb36548de6624f99fbe3a20284131830cd26678015d
amouyal:27,set_16,non_gp,lingering,prob,neutral_reg_base_native,No,1.0,1.0,0,Yes,5fc888cc8835f0d8f611fee3ba09fd0a7eab26238da78297eb5002301293919b
amouyal:28,set_17,gp,simple,prob,neutral_reg_base_native,Yes,0.9999999403953552,0.9999999403953552,1,Yes,1d8fb6a0e4d5ed4a23be4c4308a16760ce2c4ae36fe371ea2095d863c5a1bc41
amouyal:29,set_17,gp,lingering,prob,neutral_reg_base_native,No,0.9999637007713318,0.9999999403953552,0,Yes,6c32c1fc8c9b105b3d9639b448b7560220d34044d85d2a8675b344b7b367e725
amouyal:30,set_17,non_gp,simple,prob,neutral_reg_base_native,Yes,1.0,1.0,1,Yes,5723f5943d07ac193abae8a1e3dec3750c10dc61e0b1867733e99cd01a05a6f3
amouyal:31,set_17,non_gp,lingering,prob,neutral_reg_base_native,No,1.4222986465028953e-05,1.0,1,No,5b3952290a4fb7eb7b6988864b402942b796ea6dcc77de1dc128d1801b45bf89
amouyal:32,set_18,gp,simple,prob,neutral_reg_base_native,Yes,1.0,1.0,1,Yes,6330b16fe8a3254f298ee73928cc25b44b02d01c646a2271ef61d40c36528821
amouyal:33,set_18,gp,lingering,prob,neutral_reg_base_native,No,0.9961887001991272,1.0000001192092896,0,Yes,8c008abb0144cd1c3da6ab0d7a5702092c070aeae04f55731ffd6ebbb504bcde
amouyal:34,set_18,non_gp,simple,prob,neutral_reg_base_native,Yes,1.0,1.0,1,Yes,75c03b3a3eab0e6d628bf2a448f7447f6de7fac25338e3cfabb83301d3708b25
amouyal:35,set_18,non_gp,lingering,prob,neutral_reg_base_native,No,7.910041510683641e-10,1.0,1,No,f88ae1880ccdb76ce2a2bc0160712d43086c13eee76af9bf98be86cf7b326755
amouyal:36,set_19,gp,simple,prob,neutral_reg_base_native,Yes,1.0,1.0,1,Yes,177b42302eed37e7389f82763e38225b603a22cf2798ff0e2e6a3118b9015409
amouyal:37,set_19,gp,lingering,prob,neutral_reg_base_native,No,0.9962329864501953,0.9999999403953552,0,Yes,8e36d65d2eb392d9d9164b58db677059442f25ccb84f841ef1850c582296035d
amouyal:38,set_19,non_gp,simple,prob,neutral_reg_base_native,Yes,1.0,1.0,1,Yes,17c70c1221d037635cc259e4cde4fe2f3879bafd86f7541ea3355ec226edc25c
amouyal:39,set_19,non_gp,lingering,prob,neutral_reg_base_native,No,0.9999991655349731,1.0,0,Yes,09e4188dd22832a5c2132f597f507d188ad5f10f98ea2c1b6c9ff44b032d9996
amouyal:40,set_20,gp,simple,prob,neutral_reg_base_native,Yes,0.9999997615814209,1.0,1,Yes,e2f4f0ee2e89aad0a30a3076ca6a8b881a37ad469e9ccd7242ffa6d23fb30a0e
amouyal:41,set_20,gp,lingering,prob,neutral_reg_base_native,No,0.9990219473838806,0.9999999403953552,0,Yes,e8c91cc031962d2c83300ea1d873c81651061b1c61d122cfd86ee2ec920db444
amouyal:42,set_20,non_gp,simple,prob,neutral_reg_base_native,Yes,1.0,1.0,1,Yes,e539d6ca15a6366f2615e17dac1d41c93ed9304e793580037c70ad8a54e755e2
amouyal:43,set_20,non_gp,lingering,prob,neutral_reg_base_native,No,1.456188147130888e-05,1.0,1,No,a4e90265778a5a9ee57c78454e6f18362d68d703c4d1e8d1c359f9d9ca1c6d65
amouyal:44,set_21,gp,simple,prob,neutral_reg_base_native,Yes,0.999967098236084,1.0,1,Yes,b7af6c0337c2fbcf00d2ade47d2fc8b83dfe2607989004d1736b74e8ceb2fc52
amouyal:45,set_21,gp,lingering,prob,neutral_reg_base_native,No,0.9990348815917969,1.0,0,Yes,ede1a52950663a8f47b4cb55903c13058a0c3a9a58963f713d48ab270f8a0214
amouyal:46,set_21,non_gp,simple,prob,neutral_reg_base_native,Yes,1.0,1.0,1,Yes,4c0e460084eb6f23a7b613bc6a9e46eba989756f7d9ff329e43e03c772677680
amouyal:47,set_21,non_gp,lingering,prob,neutral_reg_base_native,No,0.9958934783935547,1.0,0,Yes,2ef8a83bfc0c7aa5c97747e9c04a727a1b57771da55a7cfe27907261354e95a9
amouyal:48,set_22,gp,simple,prob,neutral_reg_base_native,Yes,1.0,1.0,1,Yes,8af35253798292a3847f32144422b35dc664daa1d99eebef907e031310efa99c
amouyal:49,set_22,gp,lingering,prob,neutral_reg_base_native,No,1.0,1.0,0,Yes,04c9e1d725a1e33b95d449631d5a600fc27d8b9d3fd18216dbe008e1fc1cad6e
amouyal:50,set_22,non_gp,simple,prob,neutral_reg_base_native,Yes,1.0,1.0,1,Yes,2c91995e4557151fec8936042b2e140534d4eb155903af00d9243d8e231df7d8
amouyal:51,set_22,non_gp,lingering,prob,neutral_reg_base_native,No,0.007822251878678799,1.0,1,No,8a5d7cd4480069bb776c595c48205f4b53415e87077757066c5150af78978ffd
amouyal:52,set_23,gp,simple,prob,neutral_reg_base_native,Yes,0.9999945759773254,0.9999999403953552,1,Yes,4285f7474423e0a38307eda7ca4c15cc7978713b2f6dad0cebf83eca341864ee
amouyal:53,set_23,gp,lingering,prob,neutral_reg_base_native,No,0.9999998807907104,1.0,0,Yes,282032bf3b880b1fadb79a37b34d9d4654a14b1950f51ccf907622a89a56825b
amouyal:54,set_23,non_gp,simple,prob,neutral_reg_base_native,Yes,1.0,1.0,1,Yes,65f1e06cfa64faf18f10c6520ca364d9978efc405610f09d2debdd711bd02c4f
amouyal:55,set_23,non_gp,lingering,prob,neutral_reg_base_native,No,1.0,1.0,0,Yes,0e4cc7c8311dd4445ee815b2c87fe58e8852c9c03d65a1b8fa555e6279df5c30
amouyal:56,set_24,gp,simple,prob,neutral_reg_base_native,Yes,0.9999892115592957,0.9999999403953552,1,Yes,9d102367398d9531ed184d4dc24728546fe2583d08059228b81dac3dba235822
amouyal:57,set_24,gp,lingering,prob,neutral_reg_base_native,No,0.9787105321884155,1.0,0,Yes,280771417b46ff8b0c6a1d5cfffeff72b87c4d7490b79e9b691ff615bf181db3
amouyal:58,set_24,non_gp,simple,prob,neutral_reg_base_native,Yes,1.0,1.0,1,Yes,dee553ad37b13a2baf83950783026d4f22e05e7f68954ad7792a6333cb6ae34d
amouyal:59,set_24,non_gp,lingering,prob,neutral_reg_base_native,No,1.4492572972812923e-06,1.0,1,No,1df062a4c69bd4888a09b53579f6168ec093519587a1143c5475a286c25daa4f
amouyal:60,set_25,gp,simple,prob,neutral_reg_base_native,Yes,1.0,1.0,1,Yes,ae326f30abcc8d557944f29015dc71172a054b4391a8609c525391a2b14c2d02
amouyal:61,set_25,gp,lingering,prob,neutral_reg_base_native,No,0.9999998807907104,1.0,0,Yes,fad540a7cf7cc4f4f74d6f1a16156f86737d032387c283c690319ede0590362f
amouyal:62,set_25,non_gp,simple,prob,neutral_reg_base_native,Yes,1.0,1.0,1,Yes,e788f587c9280aeb14485cfbd7921f62b048b98df25132c04df3c17462db82e8
amouyal:63,set_25,non_gp,lingering,prob,neutral_reg_base_native,No,0.9999986290931702,0.9999999403953552,0,Yes,6ca0cffed8f53b1c1e615cd0bd7d0f4c79106f9e2cf889d717b4073b06a124c7
amouyal:64,set_26,gp,simple,prob,neutral_reg_base_native,Yes,0.9999864101409912,1.0,1,Yes,7a85e3b698d1819456b4128762631c8023537fb462c3cb56f98256768d986f26
amouyal:65,set_26,gp,lingering,prob,neutral_reg_base_native,No,1.7514279534225352e-05,1.0,1,No,2137954a0ee2f948f95afb11517f519070b20cb2fbed199b6fc8a674357ffa9d
amouyal:66,set_26,non_gp,simple,prob,neutral_reg_base_native,Yes,1.0,1.0,1,Yes,705fb84ca3e1e86c51f4cce99d8ca2ec72600273b4cdee1f42a9873c6650c02d
amouyal:67,set_26,non_gp,lingering,prob,neutral_reg_base_native,No,1.063490615016427e-10,1.0,1,No,c1954330fa2a4a6877be2488be31559716e6f92438436759e215d576cff7187c
amouyal:68,set_27,gp,simple,prob,neutral_reg_base_native,Yes,1.0,1.0,1,Yes,a43b279b65a0aca37d0ce401d1ac7dc27da6a1f6ab411c1222fb23ff59b8c9ae
amouyal:69,set_27,gp,lingering,prob,neutral_reg_base_native,No,0.9999997615814209,1.0,0,Yes,5ccb6cc5f6495bb325d723e4d9eeab929b7c007a7da2bac16e20e8811d612342
amouyal:70,set_27,non_gp,simple,prob,neutral_reg_base_native,Yes,1.0,1.0,1,Yes,41432b1a0e19f1c553883429fb1f3a232ad4362c60405fb702549ebd754c1962
amouyal:71,set_27,non_gp,lingering,prob,neutral_reg_base_native,No,0.9997768998146057,1.0,0,Yes,d52fd174c6a21aa598be8ddc1ed3d775a1a6d8a8c35b4669c862967729196b04
amouyal:72,set_28,gp,simple,prob,neutral_reg_base_native,Yes,0.9999955892562866,1.0,1,Yes,a8e3c2d39ea0d11eff15770f356e3299fe932378b83eceb303e2f0056e591dd6
amouyal:73,set_28,gp,lingering,prob,neutral_reg_base_native,No,0.9813492298126221,0.9999999403953552,0,Yes,f3c2f43c041b46db7b866cf4da1d0db66470010ff5f5aee140d5021881f07649
amouyal:74,set_28,non_gp,simple,prob,neutral_reg_base_native,Yes,1.0,1.0,1,Yes,d8249346eaa52e7da6bf28c755521ee33d74efa6d23c2629d8ce7354d8a7f56b
amouyal:75,set_28,non_gp,lingering,prob,neutral_reg_base_native,No,0.9999741315841675,1.0,0,Yes,5b305e78592eda1958b6cde60b5cc6490e3596096f2b0865e19603c8a2003191
amouyal:76,set_29,gp,simple,prob,neutral_reg_base_native,Yes,1.0,1.0,1,Yes,3bd5a89b569cb5309aebf153edfdfca517d391d446ee96aef2617ee15a2f4fc0
amouyal:77,set_29,gp,lingering,prob,neutral_reg_base_native,No,0.999983549118042,1.0,0,Yes,66403e7b9cafc3eddb14555111bd1d799a0eed03ad467b8581fc88d50c2502c1
amouyal:78,set_29,non_gp,simple,prob,neutral_reg_base_native,Yes,1.0,1.0,1,Yes,3ae1727117997a1eb3f95a92f04d4a6e4cb3f24a72e50a83576125f1c98ea32b
amouyal:79,set_29,non_gp,lingering,prob,neutral_reg_base_native,No,0.9969971179962158,1.0,0,Yes,279408d10bb690b2c5c8fda1dd82e92e29769c3db9934633ae62543892d36d52
amouyal:80,set_30,gp,simple,prob,neutral_reg_base_native,Yes,1.0,1.0,1,Yes,dae0fde31429a338a9aaa3e07d12926dddf7106df0fd761d015cba35e32c2034
amouyal:81,set_30,gp,lingering,prob,neutral_reg_base_native,No,1.0,1.0,0,Yes,a4a09fff63a07584c55006068a9dfad2bbc9548bd20c7625f7f26da1ae66e782
amouyal:82,set_30,non_gp,simple,prob,neutral_reg_base_native,Yes,1.0,1.0,1,Yes,ac950b6e1c3ebfa34500d7a76860d79ddb994c20d926f7ede6469e46dc0df237
amouyal:83,set_30,non_gp,lingering,prob,neutral_reg_base_native,No,0.9999998807907104,1.0,0,Yes,80096019527757130400a3b23645f036c6074065c69bb1b638dc020a023266b9
amouyal:84,set_31,gp,simple,prob,neutral_reg_base_native,Yes,0.9999999403953552,0.9999999403953552,1,Yes,7a295b82cd4a00b2b8a719850251357b0442f8353492b9d95f696e91b308a79f
amouyal:85,set_31,gp,lingering,prob,neutral_reg_base_native,No,0.999995231628418,1.0,0,Yes,772af8d2dd5abfc24dfdf2e7e01d8fb5c9cc5c395cb2d9286e539a64bf89a633
amouyal:86,set_31,non_gp,simple,prob,neutral_reg_base_native,Yes,1.0,1.0,1,Yes,5228f6f276029c235f349aca875c10c3a950519c7a32c4abfb219af600c57c0a
amouyal:87,set_31,non_gp,lingering,prob,neutral_reg_base_native,No,0.9664050340652466,0.9999999403953552,0,Yes,867c9de840fc0675fcd501ae67447088d346be921669b5fb0f75169caa4599a3
amouyal:88,set_32,gp,simple,prob,neutral_reg_base_native,Yes,0.9993484616279602,1.0,1,Yes,5dabf0316cc86ccdbb1d2baf5eab0fb99cd54fa5092a988b623b4a99a17c654a
amouyal:89,set_32,gp,lingering,prob,neutral_reg_base_native,No,0.9976791739463806,1.0,0,Yes,df2f66917c89a2db36fc1fab4cd39fc1beeabb5156ce55c7f8755b60946f3a22
amouyal:90,set_32,non_gp,simple,prob,neutral_reg_base_native,Yes,1.0,1.0,1,Yes,522911601db66f7b5cdc93afcf1cb98b53ec96ebf67df87269c0f10dc0b8afad
amouyal:91,set_32,non_gp,lingering,prob,neutral_reg_base_native,No,1.3969099654786987e-08,1.0,1,No,caa81019a48b2d57ffeac3d7a52a5a2f27f72ed07431cd28512bb6b9b5e7ae28
amouyal:92,set_33,gp,simple,prob,neutral_reg_base_native,Yes,0.9999629259109497,1.0,1,Yes,ed33fec11c43e936a2521c0c0fc37183c3ffaaf779369f913e3b94fa4912477d
amouyal:93,set_33,gp,lingering,prob,neutral_reg_base_native,No,0.999995768070221,0.9999999403953552,0,Yes,d8a25e10b86fc4f465233184c8985dd923421ed214a9b7d67ed3847fe7dcc582
amouyal:94,set_33,non_gp,simple,prob,neutral_reg_base_native,Yes,1.0,1.0,1,Yes,7be29d026fb2e1146c1678b1eb5470ba58c87c031a9f7757e7c7225e85b37cad
amouyal:95,set_33,non_gp,lingering,prob,neutral_reg_base_native,No,0.9999999403953552,0.9999999403953552,0,Yes,f895723e66cfadef86c30b86228346fb1e9691d8cbd7127aec86860d464b8d09
amouyal:96,set_34,gp,simple,prob,neutral_reg_base_native,Yes,1.0,1.0,1,Yes,2cb0f5408a5e1bf32b0a26d19180c544206057332e2a0721241bc97d7fb56be2
amouyal:97,set_34,gp,lingering,prob,neutral_reg_base_native,No,0.9994864463806152,1.0,0,Yes,9c47a000a753b1d2a22753eedbb8555aa92fc051741218af2a86c75875027a77
amouyal:98,set_34,non_gp,simple,prob,neutral_reg_base_native,Yes,1.0,1.0,1,Yes,bc4c48d31a24637a397061a25a92159321bd0d4ad43c8da40746c3aee0b244fd
amouyal:99,set_34,non_gp,lingering,prob,neutral_reg_base_native,No,0.8683708906173706,1.0,0,Yes,933504ba3a729cba8959a569d1bf065b98cdec4d72161308fe5fb3713eff75b4
amouyal:100,set_35,gp,simple,prob,neutral_reg_base_native,Yes,0.9999950528144836,0.9999999403953552,1,Yes,3ab7b168a42d0ddef7e7880fe161d1b1501362d19cbb69a51138b0a5a2f66bed
amouyal:101,set_35,gp,lingering,prob,neutral_reg_base_native,No,0.9989572167396545,0.9999999403953552,0,Yes,6cbc2993a2f56c7a32cb805defdfe92bbc1854cc06b429535a64f7e590c1adae
amouyal:102,set_35,non_gp,simple,prob,neutral_reg_base_native,Yes,1.0,1.0,1,Yes,545bc9c38259880c1471c5f91f42db9774fb3885ab1fc63e77bb1556057a9bc4
amouyal:103,set_35,non_gp,lingering,prob,neutral_reg_base_native,No,1.0,1.0,0,Yes,8fe49135c9bf096ea921112c86235c5696fa6a726065ec64df72f2f0a6715408
amouyal:104,set_36,gp,simple,prob,neutral_reg_base_native,Yes,0.9999744892120361,1.0,1,Yes,3cfd07e2ffd50ae34450ca8f5623d221fa133c2a31ee3ad29439180727414c73
amouyal:105,set_36,gp,lingering,prob,neutral_reg_base_native,No,0.9999979734420776,1.0,0,Yes,fe68d65a7cc2443bd1c6c227b7f7c9b47dfb2e5ec298ec2edf3feb3e716c037e
amouyal:106,set_36,non_gp,simple,prob,neutral_reg_base_native,Yes,1.0,1.0,1,Yes,45bb4da3597440acc2ddd9e71fae8425df48f148d8d6c4a3a31db6e252016516
amouyal:107,set_36,non_gp,lingering,prob,neutral_reg_base_native,No,0.99998539686203,0.9999999403953552,0,Yes,5594680e53768ef3a35e0a90c9374e09e23d5010cd0efe00ee4cecec6fa951e8
amouyal:108,set_37,gp,simple,prob,neutral_reg_base_native,Yes,0.2945573031902313,0.9999999403953552,0,No,74f3d4d21b9c8c9ba5d5530f9683b68e311842b38d80c8838da5b0018083b30a
amouyal:109,set_37,gp,lingering,prob,neutral_reg_base_native,No,0.999992847442627,1.0,0,Yes,54262efd3aba8c31d4e30081dcb62922450b1eb62ad7b2242c33cf9de4827424
amouyal:110,set_37,non_gp,simple,prob,neutral_reg_base_native,Yes,0.9999999403953552,0.9999999403953552,1,Yes,98f2dd940f3d8128f2b7214e0e3ac52d3a753e585f2a1f23254cbad8d11fa1b8
amouyal:111,set_37,non_gp,lingering,prob,neutral_reg_base_native,No,0.004708633758127689,1.0,1,No,8e85f7b4a4458071b86e2c82c6f5c80c08a08ebbdf1a60db9af883ba1aaa3d89
amouyal:112,set_38,gp,simple,prob,neutral_reg_base_native,Yes,0.9990003705024719,1.0,1,Yes,ebff832567055472a1ed24bfa330772e9ef5ee9dc530fbe439777fb65e5da3f3
amouyal:113,set_38,gp,lingering,prob,neutral_reg_base_native,No,0.9999982118606567,1.0,0,Yes,88999cdacbf522d4c5da16b000f233b993729c20889acdc89578885590d9469e
amouyal:114,set_38,non_gp,simple,prob,neutral_reg_base_native,Yes,0.9999979734420776,1.0,1,Yes,85709380d039533d6ba8d47a09a042c2c1572f8e0321d6b3c331c6c85bb8c652
amouyal:115,set_38,non_gp,lingering,prob,neutral_reg_base_native,No,0.9971600770950317,1.0,0,Yes,d1bd48a1efbe80049c2def12e44f8f3f43a9f6f8bdb6bc926c4c28f81b5224d5
amouyal:116,set_39,gp,simple,prob,neutral_reg_base_native,Yes,0.9999736547470093,1.0,1,Yes,612c2f60c26c18185d7586c7ff2a8def917deddf15ab18bf826203eef56e3a28
amouyal:117,set_39,gp,lingering,prob,neutral_reg_base_native,No,1.0,1.0,0,Yes,ec505356bd35bc24812435eceb95a732655b1c230fd5422a933096a53e64b791
amouyal:118,set_39,non_gp,simple,prob,neutral_reg_base_native,Yes,1.0,1.0,1,Yes,cde3334a6040d474741a582b618b64e0cb0eb168809b4d9f9970425d37dc8476
amouyal:119,set_39,non_gp,lingering,prob,neutral_reg_base_native,No,0.9999995231628418,1.0,0,Yes,1681cd0aa389488dcee5f54744805f877ea380fdb8ffaf060887209fc78ee938
amouyal:120,set_40,gp,simple,prob,neutral_reg_base_native,Yes,0.5917960405349731,1.0,1,Yes,f8206c884de5d1321657847a7277d8051f68dc8d272a1c01fe9cd98fce963d79
amouyal:121,set_40,gp,lingering,prob,neutral_reg_base_native,No,0.9999262094497681,1.0,0,Yes,e1a356cc27185c1440de2c6e2f497881028cc02ed3b495199a4edc08ca8d5c05
amouyal:122,set_40,non_gp,simple,prob,neutral_reg_base_native,Yes,0.9999998807907104,1.0,1,Yes,7e87e99dd7bf25c123133e967bf7127ee368417e48848b2cedb9b5bd2fc8194e
amouyal:123,set_40,non_gp,lingering,prob,neutral_reg_base_native,No,0.05655546486377716,1.0,1,No,37e7a20e982d9ca80441689fa61f9ad7f8c71a3ec62b4538733c50a4f1db31d6
amouyal:124,set_41,gp,simple,prob,neutral_reg_base_native,Yes,0.9999907612800598,0.9999999403953552,1,Yes,cd3ae3aa8746746ee15ed5e886f676550959937144f29df3a88e8ec5346889b5
amouyal:125,set_41,gp,lingering,prob,neutral_reg_base_native,No,0.9894573092460632,1.0000001192092896,0,Yes,5d70b2cb73cf6761933d1399064772e9da6b58548d7d5eebed843b6364d2e6b2
amouyal:126,set_41,non_gp,simple,prob,neutral_reg_base_native,Yes,1.0,1.0,1,Yes,ca2f57ff2ba2c7d607001113b97d7878d239d219c8eb9b16a4bdb3115ba324a3
amouyal:127,set_41,non_gp,lingering,prob,neutral_reg_base_native,No,0.9999999403953552,0.9999999403953552,0,Yes,dd0d55ada71b69e7a469548f913cbebfe106b839b806dca7468e26470b9ba203
amouyal:128,set_42,gp,simple,prob,neutral_reg_base_native,Yes,1.0,1.0,1,Yes,f2b0db24bd97b3b921e86b1a8d9230491ff653004eb80573131390320742b0d3
amouyal:129,set_42,gp,lingering,prob,neutral_reg_base_native,No,1.0,1.0,0,Yes,32d139ada9fed128e923866ee6f81e22720f7c87c8655cc5fa7959a6a122b53e
amouyal:130,set_42,non_gp,simple,prob,neutral_reg_base_native,Yes,1.0,1.0,1,Yes,df45547f29f043d5da860ee8499b3427ef072db047b59d12c1c9e0082d50816d
amouyal:131,set_42,non_gp,lingering,prob,neutral_reg_base_native,No,0.9999960064888,0.9999999403953552,0,Yes,b6d89e3309328a1ead5ca3f30f0a0cc0ff9273d4ec4080928276b160af5e9caa
amouyal:132,set_43,gp,simple,prob,neutral_reg_base_native,Yes,1.0,1.0,1,Yes,dd4e4af98cbb431664e8cfef8bb317858628290d2126536c29c0723894967daf
amouyal:133,set_43,gp,lingering,prob,neutral_reg_base_native,No,1.0,1.0,0,Yes,7cd74a0da6acbd8a8313ad1bb1a6a92902a713221b5c4e1d6cf16668846cdaf5
amouyal:134,set_43,non_gp,simple,prob,neutral_reg_base_native,Yes,1.0,1.0,1,Yes,33f4d3845e70ac20a1747b98d91273fbebd40d6cf3c708e33f7dc16a481dad6a
amouyal:135,set_43,non_gp,lingering,prob,neutral_reg_base_native,No,1.0,1.0,0,Yes,8eb3a010885fec29c988ee00aed9ac2f9101fae938266fc220a9e5199750f909
amouyal:136,set_44,gp,simple,prob,neutral_reg_base_native,Yes,0.9999716281890869,1.0,1,Yes,518e042d21ea279146f777788ccda500c388df43267cb8d6a4c892682934bd2f
amouyal:137,set_44,gp,lingering,prob,neutral_reg_base_native,No,0.9999982714653015,0.9999999403953552,0,Yes,f596fcd37d4e2a2a96a377ff55e66888622873d955d27f2cb39f53ce1d2babe7
amouyal:138,set_44,non_gp,simple,prob,neutral_reg_base_native,Yes,0.999954342842102,1.0,1,Yes,279c18d19df8ac00316775f49a481ac15e0adb269c230d90747a4d6b87568ebf
amouyal:139,set_44,non_gp,lingering,prob,neutral_reg_base_native,No,0.9999275207519531,1.0,0,Yes,3d31a22cf114e55beaf9d73bc692001b957aae2c610a19ba6d2b27170eac7637
amouyal:140,set_45,gp,simple,prob,neutral_reg_base_native,Yes,0.999994158744812,1.0,1,Yes,b2e9695cf5fb28b938af5751a164a5d9c9a183138f6ab3901e26bc45d55fda4f
amouyal:141,set_45,gp,lingering,prob,neutral_reg_base_native,No,0.9999983310699463,1.0,0,Yes,f7f58fac5fabe954d05dfbc2ae8f64c8a4a4e5a1f2591bf55a59cdec69e6686c
amouyal:142,set_45,non_gp,simple,prob,neutral_reg_base_native,Yes,1.0,1.0,1,Yes,76558cb149d7c776498aea4846f6a81fa954132a30634ba05c161aff8a22f939
amouyal:143,set_45,non_gp,lingering,prob,neutral_reg_base_native,No,1.0,1.0,0,Yes,42bb938bb3df12ec0b77289cfd54b4e1c9c75e1abb2fd7adabf5adab9f1f349e
amouyal:144,set_hyp5_1,non_gp,simple,reflexive,neutral_reg_base_native,Yes,1.0,1.0,1,Yes,38db25e06a8721538a3eec4763fc13c13b137b562130353cbc46b7f17a8870eb
amouyal:145,set_hyp5_1,non_gp,lingering,reflexive,neutral_reg_base_native,No,0.025038031861186028,1.0,1,No,2e91b622d8cca6ea379f2bb6029ff33d0c3d52e6083cb9f5e8eba5e2c16fb06a
amouyal:146,set_hyp5_2,non_gp,simple,reflexive,neutral_reg_base_native,Yes,1.0,1.0,1,Yes,cae965b052f59d8f1bd18cd520b1f45719b52ba0271c3a19e712c75aaa6b027f
amouyal:147,set_hyp5_2,non_gp,lingering,reflexive,neutral_reg_base_native,No,2.7582638950640614e-10,1.0,1,No,782a2b290704b0c4a550c56b673521da8599b9be440bd07152c721f4eafe6020
amouyal:148,set_hyp5_3,non_gp,simple,reflexive,neutral_reg_base_native,Yes,1.0,1.0,1,Yes,d1a55934116efc61dbc0a375ce24d33c4178a0251e671018f4ac20dc449737d2
amouyal:149,set_hyp5_3,non_gp,lingering,reflexive,neutral_reg_base_native,No,3.4639725754459505e-08,1.0,1,No,f981f64506539dea6e279ab624699aed0d848f4761136c961cb564a262bccb87
amouyal:150,set_hyp5_4,non_gp,simple,reflexive,neutral_reg_base_native,Yes,1.0,1.0,1,Yes,0b26fc8836ff1f51632ce7cd636eabbc659dbe0bc94c820706ec075f002d13b2
amouyal:151,set_hyp5_4,non_gp,lingering,reflexive,neutral_reg_base_native,No,3.746558341344297e-10,1.0,1,No,2825d1eea5434266a52e8281461460017d1617b693473770fef7a90aadf84a1d
amouyal:152,set_hyp5_5,non_gp,simple,reflexive,neutral_reg_base_native,Yes,1.0,1.0,1,Yes,c83a765f5b0b500a86c5dc7082ffe1a460452e2328e95bd8446306c7543f8ec8
amouyal:153,set_hyp5_5,non_gp,lingering,reflexive,neutral_reg_base_native,No,2.538841636923195e-10,1.0,1,No,e56b3ef8e93582fb1518e7bf96d89a0a576cedaa9aaf869620055c7eeb74a7db
amouyal:154,set_hyp5_6,non_gp,simple,reflexive,neutral_reg_base_native,Yes,1.0,1.0,1,Yes,0169947d35f28bb288bf018dede8798ffb4083312173c1eecc5d5b1bc60b20ff
amouyal:155,set_hyp5_6,non_gp,lingering,reflexive,neutral_reg_base_native,No,7.013532012933865e-05,1.0,1,No,e6bb60685d00af1a7159b907ca444a5cfcd8cf743559cf43704c89d054eaeec5
amouyal:156,set_hyp5_7,non_gp,simple,reflexive,neutral_reg_base_native,Yes,1.0,1.0,1,Yes,9766dfe1cfa50ea0ba615862b6e3f618ec56aa57ec58b96180a987ff3440fd6f
amouyal:157,set_hyp5_7,non_gp,lingering,reflexive,neutral_reg_base_native,No,6.618567239408124e-12,1.0,1,No,6fc97216cad8d397d0fea98ffd1cf805c267f7dfa469f9c6a4371ad4716caa60
amouyal:158,set_hyp5_8,non_gp,simple,reflexive,neutral_reg_base_native,Yes,1.0,1.0,1,Yes,0c6315ef2e36a03581b56ac57a2d6f613f77b6faee988816ed9aa604fd8d834c
amouyal:159,set_hyp5_8,non_gp,lingering,reflexive,neutral_reg_base_native,No,1.101918445378658e-09,1.0,1,No,757afa458338f17c95fbd9fee0e565d61701f9eb7feee306c8b238aa7157fc78
amouyal:160,set_hyp5_9,non_gp,simple,reflexive,neutral_reg_base_native,Yes,1.0,1.0,1,Yes,82d153cd95bdf8e2889bbe899ac35de5f0ec16e35ab722b339d8be49ba1481f6
amouyal:161,set_hyp5_9,non_gp,lingering,reflexive,neutral_reg_base_native,No,0.8806536197662354,1.0,0,Yes,e045e67a009014e8c210d1504d6e91f493df04a55b9199ebf057f94b7c16318d
amouyal:162,set_hyp5_10,non_gp,simple,reflexive,neutral_reg_base_native,Yes,1.0,1.0,1,Yes,df44a257d4970ae4cf9d848675afb112c063730ae6a952d2f965f1eadc53d1ec
amouyal:163,set_hyp5_10,non_gp,lingering,reflexive,neutral_reg_base_native,No,0.9999432563781738,1.0,0,Yes,6e32f19e3da2f1caab70c78365afe07d63237eaae3cce163ff115405637a31cd
amouyal:164,set_hyp5_11,non_gp,simple,reflexive,neutral_reg_base_native,Yes,1.0,1.0,1,Yes,bb5553de1b2fcb9c8fb14e20f76a1cb52b1e3ab781f8b8c31a794229140583b4
amouyal:165,set_hyp5_11,non_gp,lingering,reflexive,neutral_reg_base_native,No,3.002516204414496e-12,1.0,1,No,43149948694b67ba82965c4f777f16260fcb6778424072ec6ff230832ee7a26a
amouyal:166,set_hyp5_12,non_gp,simple,reflexive,neutral_reg_base_native,Yes,1.0,1.0,1,Yes,d115f97bb410abbd5ef26e420b40e8f0879d8f8dec548c882119d48ccac9adb0
amouyal:167,set_hyp5_12,non_gp,lingering,reflexive,neutral_reg_base_native,No,4.0393460949417204e-05,1.0,1,No,adfa60e62d8a1969a86a2f9ec6cd4f01d0e42264dadd9dc06ca6ebcb0f4845dc
amouyal:168,set_hyp5_13,non_gp,simple,reflexive,neutral_reg_base_native,Yes,1.0,1.0,1,Yes,7e0f632ff3c747bc3aac23439e175ebcae960e6d67199ad8c2fb6e04a2312057
amouyal:169,set_hyp5_13,non_gp,lingering,reflexive,neutral_reg_base_native,No,4.626421912234946e-07,1.0,1,No,d081643df0b4bb88e6783cef7b335354ac6ce74dbc98f7894227be94fd378eaf
amouyal:170,set_hyp5_14,non_gp,simple,reflexive,neutral_reg_base_native,Yes,0.9988357424736023,1.0,1,Yes,1d80a771b261ce3750c02402f210880fadf4faaee797403115009604b08595a9
amouyal:171,set_hyp5_14,non_gp,lingering,reflexive,neutral_reg_base_native,No,0.002112130867317319,1.0,1,No,f9a0ff42ab58cee7c8747f8c2e836dceb30714afd7fd5565f962cbc6e6a3fd45
amouyal:172,set_hyp5_15,non_gp,simple,reflexive,neutral_reg_base_native,Yes,1.0,1.0,1,Yes,260923d8f0a8f8c08715eb097afd464b702adc611ee38dedd0d6330da019ea26
amouyal:173,set_hyp5_15,non_gp,lingering,reflexive,neutral_reg_base_native,No,3.1323190341936424e-05,1.0,1,No,9cc507bfd7c16c68bdb80eee1ce004d93c1214b42a5e5f26e8d0b325a9b36c8f
amouyal:174,set_hyp5_16,non_gp,simple,reflexive,neutral_reg_base_native,Yes,1.0,1.0,1,Yes,78b43cb196e5e09d3cbba4f9970c063f29b15b2a49ad94718970a658d0aad5d9
amouyal:175,set_hyp5_16,non_gp,lingering,reflexive,neutral_reg_base_native,No,0.9976443648338318,1.0,0,Yes,331572d3fff2db89125c9ba4553512869497406fb8c52d0531250f36c88e548f
amouyal:176,set_hyp5_17,non_gp,simple,reflexive,neutral_reg_base_native,Yes,1.0,1.0,1,Yes,eeac0721371af75984ac1f9d9a3aca9da22d7c8bbca4276298c3d7e73a76d4bb
amouyal:177,set_hyp5_17,non_gp,lingering,reflexive,neutral_reg_base_native,No,9.703645664771443e-10,1.0,1,No,438100af4b510656b47310ac857c1d2fc989851958f4f838412abd94dc43ecbd
amouyal:178,set_hyp5_18,non_gp,simple,reflexive,neutral_reg_base_native,Yes,0.0047126226127147675,0.9999999403953552,0,No,d5050212b53e8ac4a442ed31916e1273b6689153147f15d252e2abae1ca1e915
amouyal:179,set_hyp5_18,non_gp,lingering,reflexive,neutral_reg_base_native,No,0.0008145991596393287,1.0,1,No,6166b22074377e8461a729f528cb624b18c9df7fae671020c889d1536b5ebbfb
amouyal:180,set_hyp5_19,non_gp,simple,reflexive,neutral_reg_base_native,Yes,1.0,1.0,1,Yes,cacbf0249c11a458e1c7793e8f2c2879a5b546fdd535a934ec49094754066162
amouyal:181,set_hyp5_19,non_gp,lingering,reflexive,neutral_reg_base_native,No,6.357788739919101e-10,1.0,1,No,1da92c7faf082e6cabd69d61a1b4fe974a88cdca575517af2e727fb420f81b5b
amouyal:182,set_hyp5_20,non_gp,simple,reflexive,neutral_reg_base_native,Yes,1.0,1.0,1,Yes,64b5792b8570fbf0addf8c8af28674acaebb9198446f109e76f44828199309a4
amouyal:183,set_hyp5_20,non_gp,lingering,reflexive,neutral_reg_base_native,No,0.10134807229042053,1.0,1,No,6850d912f2f1591770943b30e23db6f3fca4be058a3d006d2b1ddb1b08126699
amouyal:184,set_hyp5_21,non_gp,simple,reflexive,neutral_reg_base_native,Yes,1.0,1.0,1,Yes,ef8fc3879a7c343dc448def1eeba7e795e289cf36398d140d13231063a65e875
amouyal:185,set_hyp5_21,non_gp,lingering,reflexive,neutral_reg_base_native,No,0.556536078453064,1.0,0,Yes,b8bd8e31e2838674c7ca3ecfa32724998c94a958628f6f8d0bbb643ba8d3066a
amouyal:186,set_hyp5_22,non_gp,simple,reflexive,neutral_reg_base_native,Yes,1.0,1.0,1,Yes,a81701fab0a97c470d4494491a919a99c0cb6a446478acce0cff95c55be15cf5
amouyal:187,set_hyp5_22,non_gp,lingering,reflexive,neutral_reg_base_native,No,1.161100193769471e-08,1.0,1,No,183a57e00dd173e87b729f5aeaf86fb90e07c03158f056853d962a7d379cb178
amouyal:188,set_hyp5_23,non_gp,simple,reflexive,neutral_reg_base_native,Yes,1.0,1.0,1,Yes,dedb4e8c815e76ac7f4a82d60005b97293f9ab2311c201bc707cba501865aa95
amouyal:189,set_hyp5_23,non_gp,lingering,reflexive,neutral_reg_base_native,No,0.9367971420288086,1.0,0,Yes,dbf913f004e7adac2eea06c0123bddf4d2a7a8bf0354df0f5add154872623955
amouyal:190,set_hyp5_24,non_gp,simple,reflexive,neutral_reg_base_native,Yes,1.0,1.0,1,Yes,761cfd3e1ba6a2aeb7fd178c946ca44e0b6e15bd874a404894b29e317b4fcb7b
amouyal:191,set_hyp5_24,non_gp,lingering,reflexive,neutral_reg_base_native,No,0.9692330360412598,1.0,0,Yes,62819fd25e8939d169e1fb4dc8f14ae9a16b76885fd3f5ca086da4ad8563622f
amouyal:192,set_hyp5_1,gp,simple,reflexive,neutral_reg_base_native,Yes,1.0,1.0,1,Yes,f188df9f1057d92d48be4ce629e9d258af1c9fd1baafee648dc246121fe28cba
amouyal:193,set_hyp5_1,gp,lingering,reflexive,neutral_reg_base_native,No,0.2313108891248703,1.0,1,No,20daf140b63aadd1bb556136ff0ae820ceee93e0c08cf1052837d3978cdc2ee4
amouyal:194,set_hyp5_2,gp,simple,reflexive,neutral_reg_base_native,Yes,1.0,1.0,1,Yes,d80c09e50fa2ae7f83ab8ec3229a163187b4e6aabd4cc67cdfc4c99ff1d79db5
amouyal:195,set_hyp5_2,gp,lingering,reflexive,neutral_reg_base_native,No,0.0007203929708339274,1.0000001192092896,1,No,afe9681537c3814ebeb08a676c6a8a9ea79f1319399db57391d89ae281cb320b
amouyal:196,set_hyp5_3,gp,simple,reflexive,neutral_reg_base_native,Yes,0.9999496936798096,1.0,1,Yes,a1c504deb5e1997895bbf4b690754c11991a58255176e1b94b4adf31dcb08fb5
amouyal:197,set_hyp5_3,gp,lingering,reflexive,neutral_reg_base_native,No,0.11123669147491455,1.0,1,No,a6f2015c4114f5f23f69cdf9d4bad05852b46946e20d5e55bcf28bc9130f0318
amouyal:198,set_hyp5_4,gp,simple,reflexive,neutral_reg_base_native,Yes,1.0,1.0,1,Yes,a2e25c9e046d29f81340e29c38f9c40782ef632f25faa7724105de89ea7f3cbf
amouyal:199,set_hyp5_4,gp,lingering,reflexive,neutral_reg_base_native,No,0.13472209870815277,1.0,1,No,ac9d23e3f0dd5acf3e207a84189c2aa7f4e5fe4f63beca4213f5269b8bba11c9
amouyal:200,set_hyp5_5,gp,simple,reflexive,neutral_reg_base_native,Yes,1.0,1.0,1,Yes,76fde0b7fed3c09f4c957ae156ac25346e7b05c20c0ac0b81f54c0c5f8071463
amouyal:201,set_hyp5_5,gp,lingering,reflexive,neutral_reg_base_native,No,0.9999997615814209,1.0,0,Yes,9398c8d46ebc2d6bdfee152242bdde97fbfe9d65a9c92eadff2663b1296f0220
amouyal:202,set_hyp5_6,gp,simple,reflexive,neutral_reg_base_native,Yes,0.9996979236602783,1.0000001192092896,1,Yes,0e3644b761603e3b9516c1ceecf1f436d19949f96335852bc4b0cf0330aa10d2
amouyal:203,set_hyp5_6,gp,lingering,reflexive,neutral_reg_base_native,No,0.6486297845840454,1.0,0,Yes,bedde0c07761bfd69fb08f93021b876d7bd70b8ce505e0983e17a9cbb18400d2
amouyal:204,set_hyp5_7,gp,simple,reflexive,neutral_reg_base_native,Yes,1.0,1.0,1,Yes,29cfb74561637f4f00958a2d7eaa698f7bf45ddfb4f84f69a0a3fb002f71ddb3
amouyal:205,set_hyp5_7,gp,lingering,reflexive,neutral_reg_base_native,No,0.00044865268864668906,1.0,1,No,7d90bc1a3f4f141975e5b70d7d4509a1a06794aae805264cfeeb1c65002722d4
amouyal:206,set_hyp5_8,gp,simple,reflexive,neutral_reg_base_native,Yes,0.9999999403953552,0.9999999403953552,1,Yes,b5c8ac2f67e6925b0bf4765a4326bca02216c8a2eb63cee07322797c35d2f89b
amouyal:207,set_hyp5_8,gp,lingering,reflexive,neutral_reg_base_native,No,0.011006235145032406,1.0,1,No,f48e637e0d09cb49edd1632cf9500a2aba8f1e53aba213baa009d223730efe66
amouyal:208,set_hyp5_9,gp,simple,reflexive,neutral_reg_base_native,Yes,1.0,1.0,1,Yes,6ca2d74bd9c86735bd89089c25759e8477dced61c55e28cc7b709d12364d74a5
amouyal:209,set_hyp5_9,gp,lingering,reflexive,neutral_reg_base_native,No,1.0,1.0,0,Yes,8fc0701ea374cd4636f0a03604a4ffd6d9623d252cb571bdc7be8d755e9f6968
amouyal:210,set_hyp5_10,gp,simple,reflexive,neutral_reg_base_native,Yes,1.0,1.0,1,Yes,c7c1afb705dd181811eacd6794e8a390225dba50cf7645c6ea44d3ab61095f08
amouyal:211,set_hyp5_10,gp,lingering,reflexive,neutral_reg_base_native,No,0.9997758865356445,0.9999999403953552,0,Yes,00ab242e29f42c2c9167b335083271e4a45aed9f68cb9adae0bc29a5184899b1
amouyal:212,set_hyp5_11,gp,simple,reflexive,neutral_reg_base_native,Yes,0.9999613165855408,0.9999999403953552,1,Yes,7b9786a43b517d6b3bc075f4cd9e0995fc992cfa9c31e20e486ec58ed66e4538
amouyal:213,set_hyp5_11,gp,lingering,reflexive,neutral_reg_base_native,No,0.2033606320619583,1.0,1,No,8c312a989e2ee85ebfad77f779e84880cfe4e601ba0ac92f331e59009eb31c44
amouyal:214,set_hyp5_12,gp,simple,reflexive,neutral_reg_base_native,Yes,1.0,1.0,1,Yes,72fa8cf62648c1c653fa0ca2732382d72544d56ce8bedc318104fd9812b37e88
amouyal:215,set_hyp5_12,gp,lingering,reflexive,neutral_reg_base_native,No,0.011683381162583828,1.0,1,No,95e18e2ed2509ff7988055d572f66373146b861846985e3db60d3f81356b6bf7
amouyal:216,set_hyp5_13,gp,simple,reflexive,neutral_reg_base_native,Yes,0.9999018907546997,1.0,1,Yes,0294812a47252acf81c7912da01774bece092c912d4fc13296590e92829d4db8
amouyal:217,set_hyp5_13,gp,lingering,reflexive,neutral_reg_base_native,No,0.9997736811637878,1.0,0,Yes,a420e74358a9379fa6e11deca1e4dbaa3798b5d83a400737ab7cc4669907e45e
amouyal:218,set_hyp5_14,gp,simple,reflexive,neutral_reg_base_native,Yes,0.8755007982254028,1.0,1,Yes,a78ba06c2d81307333b80a6ca152f5ae07726c8ab1a4985d9d05b834007261ec
amouyal:219,set_hyp5_14,gp,lingering,reflexive,neutral_reg_base_native,No,0.1860269010066986,1.0,1,No,07bf9250fd62c8505981fbf1f1d75db67725131e9e2a16046efff925ca4fc642
amouyal:220,set_hyp5_15,gp,simple,reflexive,neutral_reg_base_native,Yes,0.999995231628418,1.0,1,Yes,4172e45ab83306a9c6728b1d17fa26855360c7544b3142228951d7b0cee3263d
amouyal:221,set_hyp5_15,gp,lingering,reflexive,neutral_reg_base_native,No,0.99984210729599,0.9999999403953552,0,Yes,27bff35728b9cdc25134deea5bffabdaeeacd9abdddcc48b638023df469a82c0
amouyal:222,set_hyp5_16,gp,simple,reflexive,neutral_reg_base_native,Yes,1.0,1.0,1,Yes,852fb9d159027eee294f843f9fa0e59156062e3bb0c07631a420ce2cea0d7f95
amouyal:223,set_hyp5_16,gp,lingering,reflexive,neutral_reg_base_native,No,1.0,1.0,0,Yes,2a3c6b1f3024d0796fac47d7d086d26e5f3fdf7a4e0303e62049adcd03658940
amouyal:224,set_hyp5_17,gp,simple,reflexive,neutral_reg_base_native,Yes,1.0,1.0,1,Yes,a6e06a4caba82d4ff040a064c2d7278618963252542fe2aa170403902ccc6e6b
amouyal:225,set_hyp5_17,gp,lingering,reflexive,neutral_reg_base_native,No,4.280327175365528e-06,1.0,1,No,c9e70c6735199a93cd4d669278bfc73f5aeb27c043e7209905644b442926868e
amouyal:226,set_hyp5_18,gp,simple,reflexive,neutral_reg_base_native,Yes,0.02007238008081913,1.0,0,No,876a9d472a3543e9e163451b4ebd51beb3f2a063fe295905ed66a9f9fc93b526
amouyal:227,set_hyp5_18,gp,lingering,reflexive,neutral_reg_base_native,No,0.9999032020568848,1.0,0,Yes,9b881f0c652d3602edc97cf6d417cd3dfb35a5439ed4d399211565bd4d9e3002
amouyal:228,set_hyp5_19,gp,simple,reflexive,neutral_reg_base_native,Yes,1.0,1.0,1,Yes,2677627f5b0243d97c0e6b499151cc4c68364d8f4dfa9ba219ff9ca67c81d668
amouyal:229,set_hyp5_19,gp,lingering,reflexive,neutral_reg_base_native,No,0.9999589920043945,1.0,0,Yes,4def1dbe29c94f515dead3519505761bf0225438777859570a8380717f99d3ff
amouyal:230,set_hyp5_20,gp,simple,reflexive,neutral_reg_base_native,Yes,0.9999998807907104,1.0,1,Yes,d779eaad517552d031a25dc4e832c7491174f0c135b1d7ca1e140aaff46d78d9
amouyal:231,set_hyp5_20,gp,lingering,reflexive,neutral_reg_base_native,No,0.9999748468399048,1.0,0,Yes,b3d78b929bad86b8cb5c8dede2a6bb50e79feff7b3215b14ff786740e3288967
amouyal:232,set_hyp5_21,gp,simple,reflexive,neutral_reg_base_native,Yes,1.0,1.0,1,Yes,c92a166bf5f9805478a905b14258352e1376af50f8b99ee9b7c50c91dbe43c54
amouyal:233,set_hyp5_21,gp,lingering,reflexive,neutral_reg_base_native,No,0.9999709129333496,1.0,0,Yes,82c68795917decdef04c95f13de8e6342bd768fff977fcac8a7a5de9ac3224af
amouyal:234,set_hyp5_22,gp,simple,reflexive,neutral_reg_base_native,Yes,0.9999999403953552,0.9999999403953552,1,Yes,2aaf84ef878f15fc003b67c05a218e17f6644ea301c388c909bc1d67ac262716
amouyal:235,set_hyp5_22,gp,lingering,reflexive,neutral_reg_base_native,No,0.8139246106147766,1.0,0,Yes,49a8e7ea9b442d0af30da92aa0de48a557a1071252788ca12bf1993c71f9aa88
amouyal:236,set_hyp5_23,gp,simple,reflexive,neutral_reg_base_native,Yes,0.9999994039535522,1.0,1,Yes,22c131315e9643485c4fc743546d85668c23afd24e7bcc15e734bc49ae6295b1
amouyal:237,set_hyp5_23,gp,lingering,reflexive,neutral_reg_base_native,No,0.9999970197677612,1.0,0,Yes,c0ab1319e075f6b9598d4805ff4e04ad4c5be58236a5ceae6c407e404b6285c3
amouyal:238,set_hyp5_24,gp,simple,reflexive,neutral_reg_base_native,Yes,1.0,1.0,1,Yes,045dcf3a26a1de034d9ac40c0c03180515a6793be9011afa48f501e0e3b1f78f
amouyal:239,set_hyp5_24,gp,lingering,reflexive,neutral_reg_base_native,No,0.9999861121177673,0.9999999403953552,0,Yes,bf443ac8898831a07c980f313e186f2fcb0f7a484ea812919017933720ee57de
amouyal:240,set_1,gp,simple,prob,neutral_reg_base_native,Yes,0.9999999403953552,0.9999999403953552,1,Yes,0295cbd79cf4dc2ee887028dcb3185e82bab21e2e5226d779a49b02f2084834d
amouyal:241,set_1,gp,lingering,prob,neutral_reg_base_native,No,0.9760377407073975,1.0000001192092896,0,Yes,8958daf885a599bcef254f08f9007524ea711f7cbee839292e56a6b85484b34b
amouyal:242,set_1,non_gp,simple,prob,neutral_reg_base_native,Yes,1.0,1.0,1,Yes,19e6003c666aa417ce9533b5b23dae8761a199679536048df9ae9979188bda93
amouyal:243,set_1,non_gp,lingering,prob,neutral_reg_base_native,No,0.9803587198257446,1.0,0,Yes,694a275c3338cf45e68d3fc67bccfca05eba971e64817baac518b8f85de4e0ee
amouyal:244,set_2,gp,simple,prob,neutral_reg_base_native,Yes,1.0,1.0,1,Yes,3b5550b0dbf0b605bb59d789353d47bcbd533ce3dfa479692b8b6226ae6f20f3
amouyal:245,set_2,gp,lingering,prob,neutral_reg_base_native,No,1.0,1.0,0,Yes,05f36fe1eed502e5255e5e619c8a450aa32213c204c5de680152224376a27578
amouyal:246,set_2,non_gp,simple,prob,neutral_reg_base_native,Yes,1.0,1.0,1,Yes,f412ee490753bad832fa1309429e5f2f66b16024bd0a64373ded9868819a58c0
amouyal:247,set_2,non_gp,lingering,prob,neutral_reg_base_native,No,1.0,1.0,0,Yes,7410f674e124debec51436f8140724ff138448dffd61866748c30db5f7d11c27
amouyal:248,set_3,gp,simple,prob,neutral_reg_base_native,Yes,0.9510213136672974,1.0000001192092896,1,Yes,f7cd9e3550f584132d39ac6832789887d73f970d326be1fefa885a248372c2bd
amouyal:249,set_3,gp,lingering,prob,neutral_reg_base_native,No,0.9999823570251465,1.0,0,Yes,b3ecd2982edca27e7563ff6a7799b1f3baa639e20054428ff535f581451542ab
amouyal:250,set_3,non_gp,simple,prob,neutral_reg_base_native,Yes,1.0,1.0,1,Yes,eab02c83af54072fcf338757ef5db22410b2860bc8e5218bfd504908f542e094
amouyal:251,set_3,non_gp,lingering,prob,neutral_reg_base_native,No,0.8300819993019104,1.0,0,Yes,80993ed1c1d7a3877e80a616a45f20201c3ee980cf1f01ed86a10b6a015fff41
amouyal:252,set_4,gp,simple,prob,neutral_reg_base_native,Yes,0.9999997615814209,1.0,1,Yes,65e543bb83f2752ca730c388e3d594990b3108828b82d361aecdd048d63bf56f
amouyal:253,set_4,gp,lingering,prob,neutral_reg_base_native,No,0.9996182322502136,0.9999999403953552,0,Yes,5242a2e31918792d79fb9ff97e43fc97e64d81197633220b670496fb9e183be7
amouyal:254,set_4,non_gp,simple,prob,neutral_reg_base_native,Yes,1.0,1.0,1,Yes,e9f218dc6f41aa54b698aa13e7c179068938693d11f91e39c3acfe0e230a7aec
amouyal:255,set_4,non_gp,lingering,prob,neutral_reg_base_native,No,0.8786384463310242,1.0,0,Yes,65dc06fe5fe468913c7dd8f7921fd83ed796608bc21710f046a3b5037a31588a
amouyal:256,set_5,gp,simple,prob,neutral_reg_base_native,Yes,0.9998618364334106,1.0,1,Yes,565ac8b2c5cf30bf7e081480b4a0a177cda0c5839c98c75551aee73364448858
amouyal:257,set_5,gp,lingering,prob,neutral_reg_base_native,No,0.4591073989868164,1.0,1,No,f618f6ed3103f471f65f889a669104859eb3a99ea0d488cf92508b5162d495c7
amouyal:258,set_5,non_gp,simple,prob,neutral_reg_base_native,Yes,1.0,1.0,1,Yes,9d749e10bbc3709b9146d615aa88c34e9b131e35e0ea9a17292ed73fae3683b0
amouyal:259,set_5,non_gp,lingering,prob,neutral_reg_base_native,No,0.9816833734512329,1.0,0,Yes,b6b6a60071d31f17cc93ed5f55d7474b8706197e5eadcdf70c916d4c25df3d62
amouyal:260,set_6,gp,simple,prob,neutral_reg_base_native,Yes,0.9998313784599304,0.9999999403953552,1,Yes,b9f34d4fc28249014b79e36aeffa327dad58162664eeaa7459160f2600bc7ced
amouyal:261,set_6,gp,lingering,prob,neutral_reg_base_native,No,0.9999841451644897,1.0,0,Yes,448cebb9da734e295b6739ae04701112724c8fa5f3c93901e7b6ae6aad6caf22
amouyal:262,set_6,non_gp,simple,prob,neutral_reg_base_native,Yes,1.0,1.0,1,Yes,abc8b9a5fc379b435d2fa6c35d744704131dfd18ba0bf7facbf33f5de9e7b1c6
amouyal:263,set_6,non_gp,lingering,prob,neutral_reg_base_native,No,0.9881867170333862,0.9999999403953552,0,Yes,affcd8ae7d250507d9165429345829db17eb2dfc6f941dd46f044f2102c96a40
amouyal:264,set_7,gp,simple,prob,neutral_reg_base_native,Yes,0.7595251202583313,1.0,1,Yes,725ddce9d8009cac7667acf2bf7443f2aac259f3022426a9fe59649b37f99acb
amouyal:265,set_7,gp,lingering,prob,neutral_reg_base_native,No,1.0,1.0,0,Yes,0ee2d48a654451dde91d0fb2be86d52ca10e55b65b43345d7f8a6100a8ff129c
amouyal:266,set_7,non_gp,simple,prob,neutral_reg_base_native,Yes,0.9999945163726807,1.0,1,Yes,c26033e1c57843b775de97a01da02039452c49539a0d095c2972dd3a176ee70c
amouyal:267,set_7,non_gp,lingering,prob,neutral_reg_base_native,No,0.9999977350234985,1.0,0,Yes,444490cd853fb232250e2186a0344f0fece9ac71bce05d72b93e5f0f03597161
amouyal:268,set_8,gp,simple,prob,neutral_reg_base_native,Yes,0.9999983310699463,1.0,1,Yes,feee06f0e2a87f7434a53aa7c749cd8665f79325f6dd371fd60e6f486827940b
amouyal:269,set_8,gp,lingering,prob,neutral_reg_base_native,No,0.9989638328552246,1.0,0,Yes,5bb1848f1ce4429b57dbb001f17b05b680a337b50473351558e38dd0f950d231
amouyal:270,set_8,non_gp,simple,prob,neutral_reg_base_native,Yes,1.0,1.0,1,Yes,860a756165341e5ff8d4a036d1677b2978f43f0ec9727d559c6c3055013f6516
amouyal:271,set_8,non_gp,lingering,prob,neutral_reg_base_native,No,0.9922279715538025,1.0,0,Yes,e8f28f15e8b4ff1db0bc422dcae1b9eb2d8d64a9842e1894d46f6c373eb98747
amouyal:272,set_9,gp,simple,prob,neutral_reg_base_native,Yes,0.9999992251396179,0.9999999403953552,1,Yes,cd4d19751e8d636d6b14ee2a1ec1bee802f2bf15f546b78e4fd1f32dd07e4d0c
amouyal:273,set_9,gp,lingering,prob,neutral_reg_base_native,No,0.9999999403953552,0.9999999403953552,0,Yes,29a0e66b62bc6890429ea7796a7a151409eea1d7a4df3d0789daa08e8395f591
amouyal:274,set_9,non_gp,simple,prob,neutral_reg_base_native,Yes,1.0,1.0,1,Yes,bf4c9eaef62568d54b2c351edad9dfac351e22048845d9ace4b22c6c5c71669a
amouyal:275,set_9,non_gp,lingering,prob,neutral_reg_base_native,No,0.9999999403953552,0.9999999403953552,0,Yes,3718d526d3a3da7f937ff1fd2de009524c1599f919d0ff9e567f14243b8f546c
amouyal:0,set_10,gp,simple,prob,neutral_reg_base_prefill,Yes,0.9744061827659607,0.9609463214874268,1, Yes,f10a5b8413ee141defa815b12310da8ade9e8a280dde54c66559f8a645e5b6d8
amouyal:1,set_10,gp,lingering,prob,neutral_reg_base_prefill,No,0.9444229006767273,0.9207953214645386,0, Yes,28180027186477e1748b95cfbc4f6c5ae77622632924d60a1b5c74a8dea7f5be
amouyal:2,set_10,non_gp,simple,prob,neutral_reg_base_prefill,Yes,0.9979997277259827,0.9689632058143616,1, Yes,bd4e2a90b0eae1d0601bc5f116854d1c29f54f38f5a5592354502897f3937b6a
amouyal:3,set_10,non_gp,lingering,prob,neutral_reg_base_prefill,No,0.9115787744522095,0.8145473003387451,0, Yes,c5357f6f6b150a7e2d61d149b317647a1a8d300ae9d883b8572016e7d565af2f
amouyal:4,set_11,gp,simple,prob,neutral_reg_base_prefill,Yes,0.9962124824523926,0.9480367302894592,1, Yes,1ac28eface7974a8804c4fcecfff6cc9b73b29fae07af43330a035e8518b5129
amouyal:5,set_11,gp,lingering,prob,neutral_reg_base_prefill,No,0.9972807168960571,0.9475746154785156,0, Yes,19623808404f1ad873eb11ced0249518ab68ec080fa5c66f16badf90c02761fb
amouyal:6,set_11,non_gp,simple,prob,neutral_reg_base_prefill,Yes,0.9988126158714294,0.9553362727165222,1, Yes,ded82588b8bca015f40c80d2d163db034c44017a65b984bcc5fcb369a879ea93
amouyal:7,set_11,non_gp,lingering,prob,neutral_reg_base_prefill,No,0.9797067046165466,0.9066498875617981,0, Yes,0d9c172ff88555fa21eaaff39e217d36acfe958f4344e2d2eef32fe96ec01c2f
amouyal:8,set_12,gp,simple,prob,neutral_reg_base_prefill,Yes,0.007304914761334658,0.9743109345436096,0, No,79b0338daaf310e45d192f89e7f2e86fb5e73e247c0ab0a7a4e988235299b06c
amouyal:9,set_12,gp,lingering,prob,neutral_reg_base_prefill,No,0.9972347617149353,0.9734617471694946,0, Yes,4884064666560b3dff8b4c2f514ad7b47b8a9177ddb572a11dab15d9202c152c
amouyal:10,set_12,non_gp,simple,prob,neutral_reg_base_prefill,Yes,0.9997118711471558,0.9750474095344543,1, Yes,1603cacd32613da11e935c563787a10ea9e08db75addaa927413ca62155f8d32
amouyal:11,set_12,non_gp,lingering,prob,neutral_reg_base_prefill,No,0.9477912783622742,0.8607080578804016,0, Yes,5a34275a6a308406799335cbf84cdec9cb29c1a91907b9967c42aa4950bf93c4
amouyal:12,set_13,gp,simple,prob,neutral_reg_base_prefill,Yes,0.9793269634246826,0.9578870534896851,1, Yes,0bcde82086eb2e2baa7d444ebfccb94fe3f439dce8cb633eb78ca72e429aa21a
amouyal:13,set_13,gp,lingering,prob,neutral_reg_base_prefill,No,0.6256526708602905,0.869210958480835,0, Yes,fae65e0e2633f3535f431e6b391c3892b19aac92d2089a6db13215d053d39ecd
amouyal:14,set_13,non_gp,simple,prob,neutral_reg_base_prefill,Yes,0.9993768334388733,0.9738857746124268,1, Yes,1e6f2dee637bd77d4efbb4124e1717745a763cd168549b087fb175c03a4c597a
amouyal:15,set_13,non_gp,lingering,prob,neutral_reg_base_prefill,No,0.9754505157470703,0.9130663275718689,0, Yes,599fa9ed880bd31a4eb3c4d0947128170e1c3ab69f656b5279672721713bdd2e
amouyal:16,set_14,gp,simple,prob,neutral_reg_base_prefill,Yes,0.742755115032196,0.8602561950683594,1, Yes,108038afc884342f782b541ff5ee70df28c7ea9e34ca509797ce377bd223b812
amouyal:17,set_14,gp,lingering,prob,neutral_reg_base_prefill,No,0.9819251894950867,0.9507395029067993,0, Yes,373937d21f3fcb80ab8d556a2fe4b1d04fa007add95d63b77374ebeb12794525
amouyal:18,set_14,non_gp,simple,prob,neutral_reg_base_prefill,Yes,0.9745244383811951,0.932305634021759,1, Yes,cb9ea4a99a3428e335596245462277a34eaf2ad0c59d532f6cda8c74f1b988c8
amouyal:19,set_14,non_gp,lingering,prob,neutral_reg_base_prefill,No,0.15553423762321472,0.8785822987556458,1, No,6e958d2eb1e1e99c17cf840524d4903ff23953e6eeb49eded9355122e2b802a3
amouyal:20,set_15,gp,simple,prob,neutral_reg_base_prefill,Yes,0.9990865588188171,0.9802088141441345,1, Yes,25d1e39056710ab2c740178981513d5da532ff638538139d1e640c5e795c3066
amouyal:21,set_15,gp,lingering,prob,neutral_reg_base_prefill,No,0.9942469000816345,0.95945143699646,0, Yes,7aa818db41bf765ec4188b3125db5db7e972fc9e7e2b2b9df5dd6ca5b06eb93d
amouyal:22,set_15,non_gp,simple,prob,neutral_reg_base_prefill,Yes,0.9998691082000732,0.9771274328231812,1, Yes,d8b16a199ee0a2f6b4f38ab1ba28b3b3019d149139479d299d8296d903020f5f
amouyal:23,set_15,non_gp,lingering,prob,neutral_reg_base_prefill,No,0.9992424249649048,0.951537013053894,0, Yes,355da43387e641145190c85bfd42f858fe425a58fcd5f158f38622c8407b97b2
amouyal:24,set_16,gp,simple,prob,neutral_reg_base_prefill,Yes,0.9972361922264099,0.9354802370071411,1, Yes,7105032a64bf6620b2fcffc347aa691186507e2f786986cba51f78bf1501472c
amouyal:25,set_16,gp,lingering,prob,neutral_reg_base_prefill,No,0.988467812538147,0.9388877153396606,0, Yes,6eae5a388f407bc59bcd4a21dee7d4b0a428289a5ab525790294dc7a89a90088
amouyal:26,set_16,non_gp,simple,prob,neutral_reg_base_prefill,Yes,0.9995677471160889,0.957061767578125,1, Yes,df392a37003634cc0e6d0b9e024289acdf10c1c50498041f4bc23a1e0cb932e2
amouyal:27,set_16,non_gp,lingering,prob,neutral_reg_base_prefill,No,0.997830331325531,0.9328163862228394,0, Yes,d80d1dd915a3b7394ef80dcad836d55a8b79cf234d4c430e3793cf4eb8118715
amouyal:28,set_17,gp,simple,prob,neutral_reg_base_prefill,Yes,0.9935095310211182,0.9528162479400635,1, Yes,7b66a95d6c9ceec46f6f5a5ca10641d0a809ffc35acc4ab7abd50b797a1b8d94
amouyal:29,set_17,gp,lingering,prob,neutral_reg_base_prefill,No,0.9486526250839233,0.8727636337280273,0, Yes,ccf93d5f202ed228c335f78d468c8662bf04edf2d6ea6c7e874a80a2d0e27c1b
amouyal:30,set_17,non_gp,simple,prob,neutral_reg_base_prefill,Yes,0.9995962381362915,0.9662383794784546,1, Yes,5e003f9c5dfe619ca446421aa8a18221a725a06ab75625f7292b9be24f8516a6
amouyal:31,set_17,non_gp,lingering,prob,neutral_reg_base_prefill,No,0.00038042469532229006,0.974671483039856,1, No,271451ea9145144b87e5162cc56de02a1bf4887031d139f4b407a878b3e6154c
amouyal:32,set_18,gp,simple,prob,neutral_reg_base_prefill,Yes,0.9963586330413818,0.9758874773979187,1, Yes,30dcebdba2c9859a6e7964d390498431c566ed4e10fe3708dd00c660b3265ad9
amouyal:33,set_18,gp,lingering,prob,neutral_reg_base_prefill,No,0.6151269674301147,0.9190369844436646,0, Yes,d61c210d6f151299c8e65d26ef9c21c2f06af71dd50cc1e7404da3b04ac1066b
amouyal:34,set_18,non_gp,simple,prob,neutral_reg_base_prefill,Yes,0.9997032284736633,0.9782792329788208,1, Yes,5491342f8a5fad18ed99e59b9538ddc0b299d5432fdbb060c26ecd117f196b5f
amouyal:35,set_18,non_gp,lingering,prob,neutral_reg_base_prefill,No,2.7911030429095263e-06,0.9852979183197021,1, No,69da09b877e0d832e4df8daca4f5917f92fa2bb353803365bf9295100ecbbea5
amouyal:36,set_19,gp,simple,prob,neutral_reg_base_prefill,Yes,0.9983394742012024,0.9728353023529053,1, Yes,29f10ab6bc51680c1bb89c4b67a530e9e8457640fb5da6a07ff4e9ea21d7409f
amouyal:37,set_19,gp,lingering,prob,neutral_reg_base_prefill,No,0.604243278503418,0.9318909049034119,0, Yes,11a32fe710964cab4f928961c23d4d53ee3b113bedd3790677b6094c71e1e5a2
amouyal:38,set_19,non_gp,simple,prob,neutral_reg_base_prefill,Yes,0.9995826482772827,0.9760262966156006,1, Yes,31240b06e10d6707ca0c6103f38d578d076027740f80ad0b9985d147f235fff4
amouyal:39,set_19,non_gp,lingering,prob,neutral_reg_base_prefill,No,0.9796655178070068,0.9525781869888306,0, Yes,f29f61edd892de24c682dc8f2f375b3a366b255777a953a35e2631d0aa139e26
amouyal:40,set_20,gp,simple,prob,neutral_reg_base_prefill,Yes,0.9910717010498047,0.9571771025657654,1, Yes,3588e94e2afe598cf747ebaa80ecfedb8bf8fc4a66a6e3b21de70ec2150afbc2
amouyal:41,set_20,gp,lingering,prob,neutral_reg_base_prefill,No,0.7495423555374146,0.8891788721084595,0, Yes,7e17a6cbeb5ff71a6f0e433abc93a92109e8bf008106e91980a325f4139a4a8a
amouyal:42,set_20,non_gp,simple,prob,neutral_reg_base_prefill,Yes,0.9991990327835083,0.9626345634460449,1, Yes,d08a1caf548743cbcf9124a422242ba180975f3349cb92b15775f6255f428af0
amouyal:43,set_20,non_gp,lingering,prob,neutral_reg_base_prefill,No,0.0003669388242997229,0.9747901558876038,1, No,dd3307a4c85f1eb58e3a310d6fa273962fca026fe28bc136b06953838f54fa57
amouyal:44,set_21,gp,simple,prob,neutral_reg_base_prefill,Yes,0.8904767632484436,0.8734996318817139,1, Yes,0419a1aaebe4cb548a5d39aaf237beef6a269a61e56e4328e734eb1bde5a0d35
amouyal:45,set_21,gp,lingering,prob,neutral_reg_base_prefill,No,0.5853646397590637,0.9286527037620544,0, Yes,e2d6caac6ddb8a91ba70a8e7e55b79a49321393f65baaf5d905a708ae1e64769
amouyal:46,set_21,non_gp,simple,prob,neutral_reg_base_prefill,Yes,0.9997909665107727,0.9726213812828064,1, Yes,a9b3f50216623713915b746a5d49aa2b4346091a6ac52a7b590077474c522cf4
amouyal:47,set_21,non_gp,lingering,prob,neutral_reg_base_prefill,No,0.19093261659145355,0.9179489016532898,1, No,8a16bf6868e4481be0976ba7b10c6c03eb19b5a45157f5c4b0da7c3a08eb8adf
amouyal:48,set_22,gp,simple,prob,neutral_reg_base_prefill,Yes,0.9988712072372437,0.9695195555686951,1, Yes,ef3cc9c0e29f10bb862238d4b040584b8a1ffb0b3fde80c4c1612015babe94c8
amouyal:49,set_22,gp,lingering,prob,neutral_reg_base_prefill,No,0.9945201277732849,0.9616109132766724,0, Yes,9811f8305d6507f62ff0d1f752372b8d4fc47c92ebd26abe92a4e4e274a830fc
amouyal:50,set_22,non_gp,simple,prob,neutral_reg_base_prefill,Yes,0.9994136691093445,0.9771367907524109,1, Yes,d537aa73fdb30d4c07de3f799043847859da98b7a328ea8f98fb51953b7517ff
amouyal:51,set_22,non_gp,lingering,prob,neutral_reg_base_prefill,No,0.006357025355100632,0.9886685609817505,1, No,1cf8a073c6a8c9d884c7eb702b76f9f167d7ecc3d831aeeea282db1299a5a736
amouyal:52,set_23,gp,simple,prob,neutral_reg_base_prefill,Yes,0.9573538899421692,0.8922387957572937,1, Yes,280059c1341643255c7361d8b90b9486449504508110f35c303213a2c673bf00
amouyal:53,set_23,gp,lingering,prob,neutral_reg_base_prefill,No,0.9822370409965515,0.8943600654602051,0, Yes,bef380368c87a3b2a3144a70d195d63ead45a37b4c906a02db6cceaa676fa7e6
amouyal:54,set_23,non_gp,simple,prob,neutral_reg_base_prefill,Yes,0.9993706941604614,0.9615485668182373,1, Yes,48500533b1f39fd5fc1a050bfd333bd3ab675f17a020bdd5d9b776b97296d60a
amouyal:55,set_23,non_gp,lingering,prob,neutral_reg_base_prefill,No,0.9989046454429626,0.9597165584564209,0, Yes,f97f633c4fb7a2cd7242024815c16a499863e6c7c67ae45a76ed9b8cd4533dfe
amouyal:56,set_24,gp,simple,prob,neutral_reg_base_prefill,Yes,0.9617404341697693,0.9159307479858398,1, Yes,cb152b153cbcda72e1768af255a7306c7139ac21a903050bb356c5661e506b4e
amouyal:57,set_24,gp,lingering,prob,neutral_reg_base_prefill,No,0.27977386116981506,0.9048335552215576,1, No,e2d9c207fc04f9933ae042b52f273121b8789931bd9a4cf55b0a9c565009ec21
amouyal:58,set_24,non_gp,simple,prob,neutral_reg_base_prefill,Yes,0.9993873238563538,0.9611168503761292,1, Yes,f0899e40fd6b31bbac4b3fc4befb53ad370f8a6521fd22c3aea51ed5338ffacd
amouyal:59,set_24,non_gp,lingering,prob,neutral_reg_base_prefill,No,4.0118709875969216e-05,0.9772555828094482,1, No,a37a3f53c7f11074c609c908f280e90f65231c777e88ad5669385f9dd8c3649b
amouyal:60,set_25,gp,simple,prob,neutral_reg_base_prefill,Yes,0.9972611665725708,0.9260363578796387,1, Yes,b2cd63721824c83c094b7847a5248e9527b88e0c8d64cd521c00a48b13917a90
amouyal:61,set_25,gp,lingering,prob,neutral_reg_base_prefill,No,0.9917934536933899,0.9200994968414307,0, Yes,e2e41beefbae4027e0e47138ac83023fae55d353a74a951954a94502d1c48ddc
amouyal:62,set_25,non_gp,simple,prob,neutral_reg_base_prefill,Yes,0.9996311664581299,0.9609690308570862,1, Yes,791b29b9b915eec57f71437fb8dca0e373fc844609e6349c24555daa50942613
amouyal:63,set_25,non_gp,lingering,prob,neutral_reg_base_prefill,No,0.9739003777503967,0.9095741510391235,0, Yes,8c9c2e3cc8bf979140b25151ddb8b5ad3418ace7af6a37694d69217a4adf0b10
amouyal:64,set_26,gp,simple,prob,neutral_reg_base_prefill,Yes,0.9574840068817139,0.8873141407966614,1, Yes,17e3268d6984314b1f7b9ad1230f6254b04ec1d56c3dcb4a7545926379a17f9b
amouyal:65,set_26,gp,lingering,prob,neutral_reg_base_prefill,No,0.00034430844243615866,0.9802756905555725,1, No,fc5ac29d52781ca52541fcb9171ddf4c4293f588e6afafbe90e7b6a7e003f977
amouyal:66,set_26,non_gp,simple,prob,neutral_reg_base_prefill,Yes,0.9988261461257935,0.9586647152900696,1, Yes,7da2b284e86932cbe24042a5e2d2bc1a5f96e5060c4fc13aea71153061531457
amouyal:67,set_26,non_gp,lingering,prob,neutral_reg_base_prefill,No,9.263490596822521e-07,0.9893742203712463,1, No,03ea1a8b43633b3e55ebacacb5fe3207e3b35cceac5db1deee542715ff0de5bd
amouyal:68,set_27,gp,simple,prob,neutral_reg_base_prefill,Yes,0.9993454813957214,0.9716793894767761,1, Yes,24392a401495751abe5f8286fe8565a4ed51c16915f46bd32cd4482660340209
amouyal:69,set_27,gp,lingering,prob,neutral_reg_base_prefill,No,0.9892565011978149,0.9534327983856201,0, Yes,33ce9540e0badfa405e10e1367ed30ac2ce7e6b531347b05fcfb4781c0d164ad
amouyal:70,set_27,non_gp,simple,prob,neutral_reg_base_prefill,Yes,0.9996413588523865,0.9617785215377808,1, Yes,63e0835165ddff6bcf7bc867b90307e915baf5bdb7ed2ddab164ccd64974b05f
amouyal:71,set_27,non_gp,lingering,prob,neutral_reg_base_prefill,No,0.6221168041229248,0.7758979797363281,0, Yes,58e983dab1d1e1e095be89404f0006e503b34301c05e9b633b16d286ca2f3312
amouyal:72,set_28,gp,simple,prob,neutral_reg_base_prefill,Yes,0.9470971822738647,0.9102866053581238,1, Yes,9e1482f3d3ff3ba5d6215f5ab6bd193cb28de1de5fb1b7ad0e58297283bb7dfc
amouyal:73,set_28,gp,lingering,prob,neutral_reg_base_prefill,No,0.43674930930137634,0.8755543828010559,1, No,887f3b514e0b7f1a0db68a4a4b1b695ab9f410b511516dcf0a036d88830bbc5d
amouyal:74,set_28,non_gp,simple,prob,neutral_reg_base_prefill,Yes,0.999430239200592,0.9776116609573364,1, Yes,4fa45de3900843e1d16c66704d0a53351f8361b038e39f1d45f005a930c21a2f
amouyal:75,set_28,non_gp,lingering,prob,neutral_reg_base_prefill,No,0.9136906266212463,0.8879989385604858,0, Yes,d86d6d4775f8b7c0190e8925ca5865cb74a621ba0688b9ea5441d5707501d971
amouyal:76,set_29,gp,simple,prob,neutral_reg_base_prefill,Yes,0.9986963868141174,0.9678062200546265,1, Yes,06227538f00f001ef20ba2bac77659b819ac9414d8adf9558233773cd4490ef3
amouyal:77,set_29,gp,lingering,prob,neutral_reg_base_prefill,No,0.9614406228065491,0.9599601030349731,0, Yes,3fd9ab80cb4cfd74cf86a6e8c848b8c22604cc5dbfc74946cee6b35f03064313
amouyal:78,set_29,non_gp,simple,prob,neutral_reg_base_prefill,Yes,0.9996572732925415,0.9753619432449341,1, Yes,dc3965e8b0376f4381ee159a2452dce28d56726aab119c076ceac1e6b85274dd
amouyal:79,set_29,non_gp,lingering,prob,neutral_reg_base_prefill,No,0.6842214465141296,0.9173053503036499,0, Yes,0c0e6b92218a9920d9f75f7afe73f4a728abac269824dae0d016713fcb8c934e
amouyal:80,set_30,gp,simple,prob,neutral_reg_base_prefill,Yes,0.9991233348846436,0.9811971187591553,1, Yes,7037a0d38311280f100d61b1ccda9ee7373f88ea7962d4bde596d5d4790a3194
amouyal:81,set_30,gp,lingering,prob,neutral_reg_base_prefill,No,0.9966167211532593,0.9607368111610413,0, Yes,a01b54d30be80e35e89a60d61a0c742e5135e476733f8cfbea0e82f200e11ac8
amouyal:82,set_30,non_gp,simple,prob,neutral_reg_base_prefill,Yes,0.9997601509094238,0.9826657772064209,1, Yes,373a78c214e47d3b797ee864f29d8cc632c70f196c690d6a90c9d8e59e4de3a3
amouyal:83,set_30,non_gp,lingering,prob,neutral_reg_base_prefill,No,0.991974413394928,0.9232725501060486,0, Yes,4e52a9d7060b7c1d75c0cdea0012adc4819802c50501f6a4c0d2da0d330be2a4
amouyal:84,set_31,gp,simple,prob,neutral_reg_base_prefill,Yes,0.9932506680488586,0.9552784562110901,1, Yes,eb5dc17956a973ef548a0ee6528104e301e52ab4e55bd10a07d25666ec156018
amouyal:85,set_31,gp,lingering,prob,neutral_reg_base_prefill,No,0.938126802444458,0.9508228302001953,0, Yes,084298129cab8efbf515eb62fa030399254aa626a3eb5e7bfa417cf0b7ed47bc
amouyal:86,set_31,non_gp,simple,prob,neutral_reg_base_prefill,Yes,0.9991157054901123,0.9655871987342834,1, Yes,3eaba7ae949b3ce932f156c17446dc00dbf77e61b46b5eadf2bea47c575df23d
amouyal:87,set_31,non_gp,lingering,prob,neutral_reg_base_prefill,No,0.20639896392822266,0.9188587069511414,1, No,d5df789b842d328fd30c5a7cd31113147c656539587d72b831f3e54ab9251b25
amouyal:88,set_32,gp,simple,prob,neutral_reg_base_prefill,Yes,0.7990244626998901,0.8030668497085571,1, Yes,c4cb904d139fdd3ff0f580d56f43e63ddc743cb399bf87c4a8f8d5d900578152
amouyal:89,set_32,gp,lingering,prob,neutral_reg_base_prefill,No,0.47105666995048523,0.8697710037231445,1, No,07101b39ce28c270c41495a1ac98908c2154689e366a1bbabfe4f60f734ff667
amouyal:90,set_32,non_gp,simple,prob,neutral_reg_base_prefill,Yes,0.9989079236984253,0.967502236366272,1, Yes,0318682c200df6ceb883b268cd124bce46bf77c65784dd73cb3df1370851c839
amouyal:91,set_32,non_gp,lingering,prob,neutral_reg_base_prefill,No,9.424895324627869e-06,0.9849947690963745,1, No,66ec8081fc644363348d2e30e77d9a535ccb5f9b59477e619db62f219504476e
amouyal:92,set_33,gp,simple,prob,neutral_reg_base_prefill,Yes,0.9376407861709595,0.9217485189437866,1, Yes,8399f494c8b5ef81bdafb7d02b90bdd7efb4f6c242e1243b429e5eb058772efd
amouyal:93,set_33,gp,lingering,prob,neutral_reg_base_prefill,No,0.9463971257209778,0.9385545253753662,0, Yes,d59cb7b72c264b554fd11e6c19055455518d32cbd679a358fe5a1e69974ea188
amouyal:94,set_33,non_gp,simple,prob,neutral_reg_base_prefill,Yes,0.999039888381958,0.9743160605430603,1, Yes,26146a6af5254e081219dc72ba98603979f9911c5d9edcb7ce44873273748a84
amouyal:95,set_33,non_gp,lingering,prob,neutral_reg_base_prefill,No,0.9921815395355225,0.9308371543884277,0, Yes,694a0380c0a29a618c69cff20bb4dc0cba631fb5b34a46a205fbd1e3740f89f0
amouyal:96,set_34,gp,simple,prob,neutral_reg_base_prefill,Yes,0.9943903088569641,0.9464799761772156,1, Yes,fd6f83ee7aff6fc19439faf322d6fe5af9945c4300b5aa6552e6081c998bfed8
amouyal:97,set_34,gp,lingering,prob,neutral_reg_base_prefill,No,0.6654059886932373,0.8742939233779907,0, Yes,23f3bb69fd2807dd04d69a37f9c88b8dfc7bfbe7b87766fbfaf6e69e7ca27913
amouyal:98,set_34,non_gp,simple,prob,neutral_reg_base_prefill,Yes,0.9997171759605408,0.9682024121284485,1, Yes,54f64b7a995cc09085502f8b51966db7936a631d4332a812bfc499a26454e8c1
amouyal:99,set_34,non_gp,lingering,prob,neutral_reg_base_prefill,No,0.09187565743923187,0.9436690211296082,1, No,e381de1567a5cabdce137148720ddc7efcc32131b653d17f896e67b061f21228
amouyal:100,set_35,gp,simple,prob,neutral_reg_base_prefill,Yes,0.9451891183853149,0.8482470512390137,1, Yes,9d13fc6640345af5544ca04f5e3f73febd072eb18541516a0fcd7d90096f2b1f
amouyal:101,set_35,gp,lingering,prob,neutral_reg_base_prefill,No,0.616445779800415,0.8740590810775757,0, Yes,fdb8b59ccf90d79ff31dcb0f998d43c9c037106a20458ebb83994d8cb282e476
amouyal:102,set_35,non_gp,simple,prob,neutral_reg_base_prefill,Yes,0.9978694319725037,0.9226795434951782,1, Yes,111389f72a41cbb6907f36ea91d37e23d438128cddc20bdfadf3d6f5b591eb7d
amouyal:103,set_35,non_gp,lingering,prob,neutral_reg_base_prefill,No,0.9988266229629517,0.9571961760520935,0, Yes,9b8f3fd5dd9cc0f5d764d8c75fac4af7e7c8ccb5846fe6ae22f290009c5f082b
amouyal:104,set_36,gp,simple,prob,neutral_reg_base_prefill,Yes,0.9392938017845154,0.8925467729568481,1, Yes,38a6233797e7c0f3ed518cf919e0e9900412b4cefc1e681a9ffc68e64d8d4048
amouyal:105,set_36,gp,lingering,prob,neutral_reg_base_prefill,No,0.9638116955757141,0.9586694240570068,0, Yes,8b792c2a664c1d82a8232be591a629fca01d1415a7ad3267fcdf593dd85385a6
amouyal:106,set_36,non_gp,simple,prob,neutral_reg_base_prefill,Yes,0.9992769956588745,0.9689139127731323,1, Yes,2d5cdd1d0c1941268f405cd7176223eb9e1b5719c3b6c3ff296788748d5c4e2f
amouyal:107,set_36,non_gp,lingering,prob,neutral_reg_base_prefill,No,0.9460563063621521,0.8970345854759216,0, Yes,1682d5a22d1a0669266e773831849f85382c102752331f381674e313b8634a81
amouyal:108,set_37,gp,simple,prob,neutral_reg_base_prefill,Yes,0.03973713517189026,0.9413037300109863,0, No,b30c9a7e3f92f3492dc6c7029d6a5872be2f23d579d18800e0f3ff958c76359e
amouyal:109,set_37,gp,lingering,prob,neutral_reg_base_prefill,No,0.9093297123908997,0.9451892971992493,0, Yes,4662e8237a5590016e316feac9be50a1edcf61ea08f95a62c500cbdb88230e4e
amouyal:110,set_37,non_gp,simple,prob,neutral_reg_base_prefill,Yes,0.9931299090385437,0.9427106380462646,1, Yes,ece96d551da3604cfa7332df4b85dea301372e0fab2e048cf51577c7220d5aba
amouyal:111,set_37,non_gp,lingering,prob,neutral_reg_base_prefill,No,0.004087856505066156,0.9654219746589661,1, No,1d947bf1a37bd82f2cce71393594e19d3cfc634b0f94282958219794967b6626
amouyal:112,set_38,gp,simple,prob,neutral_reg_base_prefill,Yes,0.827746570110321,0.9570847749710083,1, Yes,2199feaea9a99cbe285bcd0dfdfd090e7b4eecf0e4b76c4c0e4c080b9b2016b7
amouyal:113,set_38,gp,lingering,prob,neutral_reg_base_prefill,No,0.9678611755371094,0.9199655055999756,0, Yes,dfe639663b2a503d7b5c1ab8de3c08d9abfc01eff723a09ebef0f9a7a7032c30
amouyal:114,set_38,non_gp,simple,prob,neutral_reg_base_prefill,Yes,0.9808913469314575,0.9615830779075623,1, Yes,8aa34850fbe5ad4d5a772e05713c074032e8f96bcf484cef80d21fa13b0bbf2d
amouyal:115,set_38,non_gp,lingering,prob,neutral_reg_base_prefill,No,0.591537594795227,0.8407622575759888,0, Yes,d40365f467428c247e5cfe645ac752077835ac90a9ca20cf30be8e30a7540c88
amouyal:116,set_39,gp,simple,prob,neutral_reg_base_prefill,Yes,0.8898741006851196,0.9161816835403442,1, Yes,d13043a403a64db0b45a696c764f3f58d56bd42245eccdb877490493c1bc7799
amouyal:117,set_39,gp,lingering,prob,neutral_reg_base_prefill,No,0.9855788946151733,0.9586642980575562,0, Yes,0dadfd1643ed9da068f46a8739bffaf83921da41f42cc91b3655565954f0894f
amouyal:118,set_39,non_gp,simple,prob,neutral_reg_base_prefill,Yes,0.9994817972183228,0.9828477501869202,1, Yes,4cf84ba00a545e507e298f8dd50f41af3278c4a0ba4a6ca0cf9a6c3cfd9f9896
amouyal:119,set_39,non_gp,lingering,prob,neutral_reg_base_prefill,No,0.9769015312194824,0.9344393610954285,0, Yes,e8356db1eea25426f706cdac21c345e1f45b874ae2fc4b42eaf8ae386eeeee70
amouyal:120,set_40,gp,simple,prob,neutral_reg_base_prefill,Yes,0.159434974193573,0.909218966960907,0, No,dc47edd8a4643cc38bb4b71bef49838d1d9e57db610c5607915c5aebe9a0949f
amouyal:121,set_40,gp,lingering,prob,neutral_reg_base_prefill,No,0.9159678816795349,0.8959926962852478,0, Yes,1deb62e9812437ae0f970efe6a4cf2b2bb2971f53b73fb86cbfbd4aeb88e5261
amouyal:122,set_40,non_gp,simple,prob,neutral_reg_base_prefill,Yes,0.9904857277870178,0.9433358907699585,1, Yes,b2be608db43a860d6512be399c87737d0da7f42c3a34c2c223a61801889dbd06
amouyal:123,set_40,non_gp,lingering,prob,neutral_reg_base_prefill,No,0.06340636312961578,0.9338707327842712,1, No,7576dfa414c237f683d14163ff75fb3dedb904fb47fa5e7f0b0ed5984c7fb865
amouyal:124,set_41,gp,simple,prob,neutral_reg_base_prefill,Yes,0.9492138624191284,0.8800434470176697,1, Yes,fe2913adcdcb15b1ca582f68a2a1b35947d977b6def69802b387e005c0ec64aa
amouyal:125,set_41,gp,lingering,prob,neutral_reg_base_prefill,No,0.5935859084129333,0.9408893585205078,0, Yes,a065150191f9a6d9f518c31526782949fb13c3aa879200ce1d274b870b20ce89
amouyal:126,set_41,non_gp,simple,prob,neutral_reg_base_prefill,Yes,0.9996550679206848,0.970167875289917,1, Yes,d4d7373a66ca10f954e57306eb2c26397cf6dc00cbd1f9dc76520747fb326110
amouyal:127,set_41,non_gp,lingering,prob,neutral_reg_base_prefill,No,0.9901052713394165,0.9591244459152222,0, Yes,cfe6a9232db835335e689b9640fc23e352e1e3541d1719466d3f6c259d11601a
amouyal:128,set_42,gp,simple,prob,neutral_reg_base_prefill,Yes,0.9982305765151978,0.9526225924491882,1, Yes,21e691b9e8dacafae330dcc7dd26ce62d0341ee785cbe8d87b48ac930341a367
amouyal:129,set_42,gp,lingering,prob,neutral_reg_base_prefill,No,0.998573899269104,0.9697038531303406,0, Yes,1658f2278fe33463fb73a0d9ee39d2e40519585c1f5b47d5ee88ce42a5b7f719
amouyal:130,set_42,non_gp,simple,prob,neutral_reg_base_prefill,Yes,0.9995953440666199,0.9602442383766174,1, Yes,42500f8789dd908ecafcdb1ff3a0e10b91b4cd9a110a08c8e67b7e15a049ef06
amouyal:131,set_42,non_gp,lingering,prob,neutral_reg_base_prefill,No,0.9034256935119629,0.9243993163108826,0, Yes,866bb7d2775c022c11d9a1f215e3997724d387ec5b8d511f5afd18c409b4e738
amouyal:132,set_43,gp,simple,prob,neutral_reg_base_prefill,Yes,0.9988117814064026,0.9775838255882263,1, Yes,47d51f26af4c17e3e60672fea18fb22b0a61b42abcb087af8a94f9e5d185c65d
amouyal:133,set_43,gp,lingering,prob,neutral_reg_base_prefill,No,0.9980027079582214,0.976132869720459,0, Yes,1fe5c0d263ed883c5c7a2dee3f83f43ec0ab791528573bf72614ce4b04bdb44e
amouyal:134,set_43,non_gp,simple,prob,neutral_reg_base_prefill,Yes,0.9997175931930542,0.9831290245056152,1, Yes,6a704638025ed9ed6b2044e2c1355b855846d4b3aee74cf93dcea157cd7f5be3
amouyal:135,set_43,non_gp,lingering,prob,neutral_reg_base_prefill,No,0.998835027217865,0.9500114321708679,0, Yes,40536111e53cac5cccedec146cb847a8e1d6c51178ea505bcdb49e4525dbdf91
amouyal:136,set_44,gp,simple,prob,neutral_reg_base_prefill,Yes,0.8310744762420654,0.912813663482666,1, Yes,b99599a8e5591317717ed4deb8fb8188dadb5cb78e503cec81d2a266d7cad774
amouyal:137,set_44,gp,lingering,prob,neutral_reg_base_prefill,No,0.9616755843162537,0.9531416893005371,0, Yes,5637cad5c3052484547e6b48ae5754ced58a1f32003599cd5de98d73d44d4799
amouyal:138,set_44,non_gp,simple,prob,neutral_reg_base_prefill,Yes,0.9094334244728088,0.9302608966827393,1, Yes,0da49185074e32c5af5c973017ee702d1412ce76ee5991017f72b7e4543b8283
amouyal:139,set_44,non_gp,lingering,prob,neutral_reg_base_prefill,No,0.8795751333236694,0.8993391394615173,0, Yes,aad0af86b9fd17d8f125caf5bab981718a6ae20f7acdf52ae35326ba0b7004b0
amouyal:140,set_45,gp,simple,prob,neutral_reg_base_prefill,Yes,0.9321181774139404,0.8839671015739441,1, Yes,ce9ed250d991f12c0d19eee463d6e2dc64a376fb349f3a334bbbe80c3b75dc39
amouyal:141,set_45,gp,lingering,prob,neutral_reg_base_prefill,No,0.9541282653808594,0.9124351143836975,0, Yes,00cb0ce28347eb354eff75f7d38ca3c30049cce10ddb7b9c6bfffbd29184a957
amouyal:142,set_45,non_gp,simple,prob,neutral_reg_base_prefill,Yes,0.9993806481361389,0.9702396988868713,1, Yes,2abbd9fef6f8bbb9e954570d5bd48237bd6936d8806194025e22f88022147553
amouyal:143,set_45,non_gp,lingering,prob,neutral_reg_base_prefill,No,0.9974928498268127,0.9453713297843933,0, Yes,88ed16498987ff2d787a37fcb1e88b9f87f11dc93d28c581bde1cfa3bb2e79fb
amouyal:144,set_hyp5_1,non_gp,simple,reflexive,neutral_reg_base_prefill,Yes,0.9994702935218811,0.9720399379730225,1, Yes,5b480564e46ad69febfa76c853a5b0380735d449bfa9f89f5be3157ff08f5edd
amouyal:145,set_hyp5_1,non_gp,lingering,reflexive,neutral_reg_base_prefill,No,0.018201058730483055,0.930190920829773,1, No,d70727777b7f2935656b160a00d2de2de349a35a377dca0c433b47716d82ba1a
amouyal:146,set_hyp5_2,non_gp,simple,reflexive,neutral_reg_base_prefill,Yes,0.9997588396072388,0.9746409058570862,1, Yes,0c7357b9016dcc2cbdfe50f8d3a506546f2a85a36ceb6d259f027a9973917c94
amouyal:147,set_hyp5_2,non_gp,lingering,reflexive,neutral_reg_base_prefill,No,7.513119726354489e-07,0.9949877262115479,1, No,103e628a464709b036eeb02c19822db428c20850aab27d90672bceaf7b7c3d0e
amouyal:148,set_hyp5_3,non_gp,simple,reflexive,neutral_reg_base_prefill,Yes,0.9990777373313904,0.9740497469902039,1, Yes,09581c6c2040e1931d66862e6e73412a3cd428a8debffee2e1c7acb28855a044
amouyal:149,set_hyp5_3,non_gp,lingering,reflexive,neutral_reg_base_prefill,No,1.2734245501633268e-05,0.9930352568626404,1, No,df80068510c1ef2976ddb44c5c218acad599d7ef5d64623fac9ff5be8541f25a
amouyal:150,set_hyp5_4,non_gp,simple,reflexive,neutral_reg_base_prefill,Yes,0.9995108842849731,0.964339017868042,1, Yes,5ea30c2ba5eb588b8f61e04bb145581348a6a674f2ccea899b968da413d8d704
amouyal:151,set_hyp5_4,non_gp,lingering,reflexive,neutral_reg_base_prefill,No,9.57512270360894e-07,0.9862391948699951,1, No,22e733b0d2106a5edb8da73c35f2e1ec030333f1b3b457e3df469afdc3b0dbf7
amouyal:152,set_hyp5_5,non_gp,simple,reflexive,neutral_reg_base_prefill,Yes,0.9998014569282532,0.9692839980125427,1, Yes,0de44df240d6502fa0e637ed1a09957c5873ab2641e294d321b52a073b86f302
amouyal:153,set_hyp5_5,non_gp,lingering,reflexive,neutral_reg_base_prefill,No,1.1502019106046646e-06,0.9910369515419006,1, No,f0ca052fa359c4584a8fe9d18c1f8223f0289f8e34d44062427a4919fb10157c
amouyal:154,set_hyp5_6,non_gp,simple,reflexive,neutral_reg_base_prefill,Yes,0.999542772769928,0.9677575826644897,1, Yes,37ada050a6da2b7596a2d5c52faf07dc64f947265892d5f20cd1452bbdfbc5f0
amouyal:155,set_hyp5_6,non_gp,lingering,reflexive,neutral_reg_base_prefill,No,0.000562571978662163,0.9506359100341797,1, No,92eb15236cff12df6af3a411649923f071956ae74b6b3c2a2f4a4f7137aa8ed0
amouyal:156,set_hyp5_7,non_gp,simple,reflexive,neutral_reg_base_prefill,Yes,0.9996850490570068,0.9728954434394836,1, Yes,693f10cf1eda27f5bc323e8b9b34a833111504d5d44ad85db8d080e97ca3f38c
amouyal:157,set_hyp5_7,non_gp,lingering,reflexive,neutral_reg_base_prefill,No,1.1230088858837917e-07,0.9832807183265686,1, No,7bc2ef5f1a4a4434517d5ff62097ceb750d9ed3cd07fcd1986a792b9fc797fa6
amouyal:158,set_hyp5_8,non_gp,simple,reflexive,neutral_reg_base_prefill,Yes,0.9986270070075989,0.9586406946182251,1, Yes,e19145fa31dc73d5f30201774bc8cfa70f682d8ffbb2d07e8c0a137b885220c2
amouyal:159,set_hyp5_8,non_gp,lingering,reflexive,neutral_reg_base_prefill,No,4.310446456656791e-06,0.9962198138237,1, No,ac0bf00cc323e07278d05c3df03b62d123a48651ea7bd7b7733a6688fcb5b1f8
amouyal:160,set_hyp5_9,non_gp,simple,reflexive,neutral_reg_base_prefill,Yes,0.9996863603591919,0.9697030782699585,1, Yes,45b5248974657169d933b3f7122969395f68b83ddcbae29999c5ddb6c2d24048
amouyal:161,set_hyp5_9,non_gp,lingering,reflexive,neutral_reg_base_prefill,No,0.0762602835893631,0.902690589427948,1, No,63de4c53bc3acd2871d443a6ab724fceaaa80b2d38ca684c6b193ecdc7c32b31
amouyal:162,set_hyp5_10,non_gp,simple,reflexive,neutral_reg_base_prefill,Yes,0.9997802376747131,0.9833633303642273,1, Yes,20775afd50dfe09db710a687c628cc99c477b4044aa0b9250d77523363228506
amouyal:163,set_hyp5_10,non_gp,lingering,reflexive,neutral_reg_base_prefill,No,0.7956622242927551,0.8287749290466309,0, Yes,62f507aede6ac47e96a39a4a92425b6433d49af246d9e2d84da06f52ddd476e6
amouyal:164,set_hyp5_11,non_gp,simple,reflexive,neutral_reg_base_prefill,Yes,0.999447226524353,0.9692623019218445,1, Yes,a6c7c912d578adbc83b620bb82d9aaf1803da02bf576968e07dd250cb1a5109b
amouyal:165,set_hyp5_11,non_gp,lingering,reflexive,neutral_reg_base_prefill,No,5.7796945895915997e-08,0.9910333752632141,1, No,694ae683a393057127a41b7f732f6e4c967499a0a24e2e0ae0abf062b46289a2
amouyal:166,set_hyp5_12,non_gp,simple,reflexive,neutral_reg_base_prefill,Yes,0.999755859375,0.9772714376449585,1, Yes,db44866dc11dea96dd728a4726e249363d6db7f609798d4865fa86944872fc95
amouyal:167,set_hyp5_12,non_gp,lingering,reflexive,neutral_reg_base_prefill,No,0.0009315810166299343,0.9912144541740417,1, No,12c5008d33ffe28ef65cb7c0fcf3473891939de9a54cc0483fb1478a7bd31e76
amouyal:168,set_hyp5_13,non_gp,simple,reflexive,neutral_reg_base_prefill,Yes,0.9991747140884399,0.9747185707092285,1, Yes,0bcefd4e88cf99ee92e179dd023288f264e0180a1ad6a02e26f3c73012ce2218
amouyal:169,set_hyp5_13,non_gp,lingering,reflexive,neutral_reg_base_prefill,No,4.846798037760891e-05,0.9818721413612366,1, No,61cd7ea03bc121a5f6986e27173bd8fb6d3fef2949feae69dbbceae528635104
amouyal:170,set_hyp5_14,non_gp,simple,reflexive,neutral_reg_base_prefill,Yes,0.8731695413589478,0.8868362903594971,1, Yes,7ec18ce1eed6c39899f72898cc02f01c6960d2d0f4a0a7e0755a1aa8b90de313
amouyal:171,set_hyp5_14,non_gp,lingering,reflexive,neutral_reg_base_prefill,No,0.004083511885255575,0.9376105666160583,1, No,883a9558839d38d14f354f83e130d15fe0db13fadadf55a100411c7a95eb5cdb
amouyal:172,set_hyp5_15,non_gp,simple,reflexive,neutral_reg_base_prefill,Yes,0.9995700120925903,0.9675886034965515,1, Yes,da21d58c2bc26904d1791f17adcedcd97733a8df02d1cfa5145223dcb4e00081
amouyal:173,set_hyp5_15,non_gp,lingering,reflexive,neutral_reg_base_prefill,No,0.00017524335999041796,0.9819840788841248,1, No,707f5e1dc5c38d3dd1a51072467180828822a3e2d3736a12b0787c88a5faaec9
amouyal:174,set_hyp5_16,non_gp,simple,reflexive,neutral_reg_base_prefill,Yes,0.9994474053382874,0.9627515077590942,1, Yes,18faa2b6c14c98c459e2a3de1ba7af93d55c9f27da6516c18837830d84d1e408
amouyal:175,set_hyp5_16,non_gp,lingering,reflexive,neutral_reg_base_prefill,No,0.5515629649162292,0.8301745653152466,0, Yes,91d2943866de523c35c09d6107c94db5eb3c4783a4788ab3a2145e13a0dec8cc
amouyal:176,set_hyp5_17,non_gp,simple,reflexive,neutral_reg_base_prefill,Yes,0.9995071887969971,0.9759153127670288,1, Yes,9998f50a363d5f971c543088751d268f50a5db7e05959786ca756d1e8aa3f22d
amouyal:177,set_hyp5_17,non_gp,lingering,reflexive,neutral_reg_base_prefill,No,7.112222419891623e-07,0.9952855706214905,1, No,c064b453096f6393e3bf7b42663d1dd9c639f1bf935f485c05b2b919b3e9396a
amouyal:178,set_hyp5_18,non_gp,simple,reflexive,neutral_reg_base_prefill,Yes,0.012544073164463043,0.9862099885940552,0, No,9028bea4f566cdd33c78731d222486ae2c401c4ad26f48314eb6b7c9a904efb4
amouyal:179,set_hyp5_18,non_gp,lingering,reflexive,neutral_reg_base_prefill,No,0.0014910288155078888,0.9936072826385498,1, No,593169de1631932cfc221b20f84beb88cdea66f91acb533056c6989d74931da6
amouyal:180,set_hyp5_19,non_gp,simple,reflexive,neutral_reg_base_prefill,Yes,0.9995453357696533,0.9708288908004761,1, Yes,ee6f6e13fc87d6cc51e5eeba2b6381403b865efbb5f3b226f26656c9810833d8
amouyal:181,set_hyp5_19,non_gp,lingering,reflexive,neutral_reg_base_prefill,No,2.0596203285094816e-06,0.9941086173057556,1, No,4183c8888499c58bf342264ddec2fd8b7f9c947bc9bb41482eb7aaaaf752562f
amouyal:182,set_hyp5_20,non_gp,simple,reflexive,neutral_reg_base_prefill,Yes,0.9965065121650696,0.9610179662704468,1, Yes,30a9b9a4bbbff484c6a26c6aee0c78ebe2edd6ee5eae253d468923db84176a2a
amouyal:183,set_hyp5_20,non_gp,lingering,reflexive,neutral_reg_base_prefill,No,0.0351681262254715,0.9016546607017517,1, No,af3480c6cf4fb50bbb3eba8cd41f23494146ea083de7501d37f59b83e7016976
amouyal:184,set_hyp5_21,non_gp,simple,reflexive,neutral_reg_base_prefill,Yes,0.9984336495399475,0.9574938416481018,1, Yes,8400a8969be440164df05e9bb4591aab40ab9539134736e60741c69f9d544087
amouyal:185,set_hyp5_21,non_gp,lingering,reflexive,neutral_reg_base_prefill,No,0.10426141321659088,0.9393473267555237,1, No,be1d4c834c3484bb71eff7b82928c6bf42726cbb150948a5c910bbe8bf329d79
amouyal:186,set_hyp5_22,non_gp,simple,reflexive,neutral_reg_base_prefill,Yes,0.9996493458747864,0.9659736156463623,1, Yes,4e5c22e209448df358c145848901ccc1e8be4e8eeac60023ff02eacb670ef214
amouyal:187,set_hyp5_22,non_gp,lingering,reflexive,neutral_reg_base_prefill,No,1.3209451935836114e-05,0.9885748028755188,1, No,48524e4d4ec97d74cd8ddc489140fc069d7b11810f949036a060f07664c1d003
amouyal:188,set_hyp5_23,non_gp,simple,reflexive,neutral_reg_base_prefill,Yes,0.9994341135025024,0.9797797203063965,1, Yes,77a7874a2134a4c2b3275ae0a11c78255e37965f4937a6ba6596230cfacadace
amouyal:189,set_hyp5_23,non_gp,lingering,reflexive,neutral_reg_base_prefill,No,0.30613574385643005,0.9308975338935852,1, No,f0b157e095e20a60b1148aaedfc3a165c7e05da7b52b36a9ccca89cd23c8bba8
amouyal:190,set_hyp5_24,non_gp,simple,reflexive,neutral_reg_base_prefill,Yes,0.9995723962783813,0.9666056036949158,1, Yes,e23e74c43e8f42e0302c44c52c6c8b939a91bbff66c0391a4ec809f19b5743b5
amouyal:191,set_hyp5_24,non_gp,lingering,reflexive,neutral_reg_base_prefill,No,0.29824119806289673,0.960034966468811,1, No,f5cda0eb4313eb2f1f0955bbee62c562a24db99d1e580828925cf58009e48072
amouyal:192,set_hyp5_1,gp,simple,reflexive,neutral_reg_base_prefill,Yes,0.9978646636009216,0.968500554561615,1, Yes,c08777bc093d0e14392992fbf2af2d963ceff9a844ae05bb72b034e80f8b843f
amouyal:193,set_hyp5_1,gp,lingering,reflexive,neutral_reg_base_prefill,No,0.11101614683866501,0.9351201057434082,1, No,ff1dca0cdcf911ee2c0ef83497102ff4ae5f63dc0636144dbd6a2290975596e1
amouyal:194,set_hyp5_2,gp,simple,reflexive,neutral_reg_base_prefill,Yes,0.9982625842094421,0.9627765417098999,1, Yes,4af52191ced7c5f7bf9eab114a765ae1795579892ee6d1724f3ba9cadd9263ce
amouyal:195,set_hyp5_2,gp,lingering,reflexive,neutral_reg_base_prefill,No,0.0009361603297293186,0.975082516670227,1, No,20cae6a0369d1fc99c6357b2b4e4a820807ae2acf346d343783e69553ea2cc73
amouyal:196,set_hyp5_3,gp,simple,reflexive,neutral_reg_base_prefill,Yes,0.9147202372550964,0.9002997875213623,1, Yes,9c0ef7934711efc6bc4efc3c2fde37ad22115ebcff203703f49e9586b8e13bb9
amouyal:197,set_hyp5_3,gp,lingering,reflexive,neutral_reg_base_prefill,No,0.04115689918398857,0.9560726881027222,1, No,41f919f30ac1c75d3efaaa9b5e0c0d2d36a09be7a3cb24779cc95db172baac1f
amouyal:198,set_hyp5_4,gp,simple,reflexive,neutral_reg_base_prefill,Yes,0.9988939166069031,0.9618666768074036,1, Yes,6eff58546e95d76bec5d0abb068797728addb5815eef2881e2d5a7d19878c07c
amouyal:199,set_hyp5_4,gp,lingering,reflexive,neutral_reg_base_prefill,No,0.07197842001914978,0.9606984257698059,1, No,a1d306fc94bf21aa04130b4322a2ab64b01047b4cfe832241e3af134390e45d3
amouyal:200,set_hyp5_5,gp,simple,reflexive,neutral_reg_base_prefill,Yes,0.9877145290374756,0.9097468256950378,1, Yes,87e02b70293615199a1d2c0fffa618dad4c926e6d9052d0cebea5af64b89495a
amouyal:201,set_hyp5_5,gp,lingering,reflexive,neutral_reg_base_prefill,No,0.9854024052619934,0.9445309042930603,0, Yes,98719389aaa251f3ac0cbd1d76acdf8ce1cfde7809a80134d8310393a7fc7281
amouyal:202,set_hyp5_6,gp,simple,reflexive,neutral_reg_base_prefill,Yes,0.8300601840019226,0.8967013955116272,1, Yes,72075f2a277c2e45b5777d4b15455946c4274ee58cf591b24673f36d4a5d50cf
amouyal:203,set_hyp5_6,gp,lingering,reflexive,neutral_reg_base_prefill,No,0.14097371697425842,0.8180145621299744,1, No,9f9e8165bf9a945137b77277f78158c7e5adaa1e97415ae5325c31c00a535d88
amouyal:204,set_hyp5_7,gp,simple,reflexive,neutral_reg_base_prefill,Yes,0.9944361448287964,0.9561069011688232,1, Yes,63d071ede0e5fd838de6b5d6510b614e573e5da152f06b282a52b4cb9691fdd4
amouyal:205,set_hyp5_7,gp,lingering,reflexive,neutral_reg_base_prefill,No,0.0020491324830800295,0.9605295658111572,1, No,aee9195435ca54db7a6046dddbf6e429f3410790aa8ebed38cd5c0bb3e5adcbe
amouyal:206,set_hyp5_8,gp,simple,reflexive,neutral_reg_base_prefill,Yes,0.9925603270530701,0.9343382120132446,1, Yes,c8e9f738dfbe76c56f85436b4325e764479c20cc4801eb268a4be104baaeacb3
amouyal:207,set_hyp5_8,gp,lingering,reflexive,neutral_reg_base_prefill,No,0.01429776381701231,0.9810640811920166,1, No,beb00ad7309b83516e59aa759c5b3d9e971676211096113783fd461a74105913
amouyal:208,set_hyp5_9,gp,simple,reflexive,neutral_reg_base_prefill,Yes,0.9996039271354675,0.970839262008667,1, Yes,d62e35d6da9e674185e5736b2b6ddbd4c97745d85908454ef768a7a06f3e6b0c
amouyal:209,set_hyp5_9,gp,lingering,reflexive,neutral_reg_base_prefill,No,0.9988158941268921,0.9652277231216431,0, Yes,43fba8a0465309c83ea0ed38a187c931424a68a6791b7178d1ccfc056ca3423b
amouyal:210,set_hyp5_10,gp,simple,reflexive,neutral_reg_base_prefill,Yes,0.9968469738960266,0.9723829627037048,1, Yes,de31789de67ac92ab710a2f161ac8a5542789d8bb12e29d71e7e0122e13547ec
amouyal:211,set_hyp5_10,gp,lingering,reflexive,neutral_reg_base_prefill,No,0.845363438129425,0.9305611848831177,0, Yes,dca5ec0e0f61d3553454cf1ba07d08ac6de0327e7cff8732fbcf421349fca81b
amouyal:212,set_hyp5_11,gp,simple,reflexive,neutral_reg_base_prefill,Yes,0.9200007319450378,0.9023733735084534,1, Yes,da01ff274b95011aeb8319f65c9cae8b6a8c67305aca973f94941bb7ba33f9c7
amouyal:213,set_hyp5_11,gp,lingering,reflexive,neutral_reg_base_prefill,No,0.053333789110183716,0.9526973962783813,1, No,06c377ecb6b410a70260906a55cb555be5bfda8dad3d78ce3f646bd9f9bb7512
amouyal:214,set_hyp5_12,gp,simple,reflexive,neutral_reg_base_prefill,Yes,0.9987046718597412,0.9696027040481567,1, Yes,18c6cb8d6d3bc2ae74802595ab62907687119b29c6e051f7c0a433d8d3ce9d75
amouyal:215,set_hyp5_12,gp,lingering,reflexive,neutral_reg_base_prefill,No,0.014286438934504986,0.9885843396186829,1, No,e7815b1734edaeea69a4ced1b365b0c0e76724b52c43a4438cea02cf3aa22ee0
amouyal:216,set_hyp5_13,gp,simple,reflexive,neutral_reg_base_prefill,Yes,0.7728264331817627,0.8819716572761536,1, Yes,660a12803ecba55b166a2d37d68a09edd5ebd7cc2d1194c57a00223166231958
amouyal:217,set_hyp5_13,gp,lingering,reflexive,neutral_reg_base_prefill,No,0.6149187684059143,0.8110229969024658,0, Yes,1ed0ee0e22937056c1d853b8e6de924f60b7b6902445b10069bf536a9074a94d
amouyal:218,set_hyp5_14,gp,simple,reflexive,neutral_reg_base_prefill,Yes,0.27637779712677,0.8751077651977539,0, No,cfde836305a5ff275b3068559701711e73c304e50f32acc571c7bfd738dbae38
amouyal:219,set_hyp5_14,gp,lingering,reflexive,neutral_reg_base_prefill,No,0.057131800800561905,0.8829053044319153,1, No,813d13faf22bb435d86bebd6473f39789791289dfacc9ad071372b0b96a2abf3
amouyal:220,set_hyp5_15,gp,simple,reflexive,neutral_reg_base_prefill,Yes,0.9587768316268921,0.9350287318229675,1, Yes,042a3843bee2d321683018dfb592191e2a2ae94665811d1358b2e3b75c126953
amouyal:221,set_hyp5_15,gp,lingering,reflexive,neutral_reg_base_prefill,No,0.8228704929351807,0.860731840133667,0, Yes,4bb75038c3f2b0705e5850c09fcfa3ff9ee85d46f84808ef9e8433503c2c7ca6
amouyal:222,set_hyp5_16,gp,simple,reflexive,neutral_reg_base_prefill,Yes,0.9969932436943054,0.9402190446853638,1, Yes,dd2639e8587fde4081e1cd4bdeadce300116cfc071e17d4f2e950e5cab7b7728
amouyal:223,set_hyp5_16,gp,lingering,reflexive,neutral_reg_base_prefill,No,0.9953160881996155,0.9522256255149841,0, Yes,8d17010011b6602800026c9f5d74da9e7682da2cb0c13dfedbceb1442b948eea
amouyal:224,set_hyp5_17,gp,simple,reflexive,neutral_reg_base_prefill,Yes,0.9991227388381958,0.9745354056358337,1, Yes,792a086b1db4d0dbdc99358afc25f9e55c1df7d94ad8c254906442fe9ba0ef1d
amouyal:225,set_hyp5_17,gp,lingering,reflexive,neutral_reg_base_prefill,No,0.0001694795791991055,0.9942442178726196,1, No,5e22e9990aca9313be099202ebc8b3388983baddb6f9ab6455376325daa1fe6d
amouyal:226,set_hyp5_18,gp,simple,reflexive,neutral_reg_base_prefill,Yes,0.02015020325779915,0.9893074035644531,0, No,2e5dce9f90c10585604b6a764f9334cec60fec7f035c29e547899c29bb0ce705
amouyal:227,set_hyp5_18,gp,lingering,reflexive,neutral_reg_base_prefill,No,0.8585889935493469,0.9749932289123535,0, Yes,cab021ccf33aaf22503de0a9f1caa9cb5cdb18e07643198b554bc0af3ae2c815
amouyal:228,set_hyp5_19,gp,simple,reflexive,neutral_reg_base_prefill,Yes,0.9953451156616211,0.9246389269828796,1, Yes,8d289ac9d9dee412e9262fd80a0db97a632402529db13d41d800bc7a2c5e7b87
amouyal:229,set_hyp5_19,gp,lingering,reflexive,neutral_reg_base_prefill,No,0.8891531825065613,0.9459059834480286,0, Yes,0c48d71276f586fec1a1950ad5df893da67e633802b867fa540bce7f438c959d
amouyal:230,set_hyp5_20,gp,simple,reflexive,neutral_reg_base_prefill,Yes,0.9914895296096802,0.9631305932998657,1, Yes,78128165b93c65ddcda469005408e2fe5edc3f669f8346bf6ad04083c6a9cf1a
amouyal:231,set_hyp5_20,gp,lingering,reflexive,neutral_reg_base_prefill,No,0.9231613874435425,0.9206103086471558,0, Yes,6e7f5e8aeac4dd68df71be5ebe981db6dcc6c59df7b42f22363926e8b94ced95
amouyal:232,set_hyp5_21,gp,simple,reflexive,neutral_reg_base_prefill,Yes,0.9945294857025146,0.9613454937934875,1, Yes,4d7aeca654f76cbe8be3c676661f4d7550d72e7aa936f65022fe6d6368c4082b
amouyal:233,set_hyp5_21,gp,lingering,reflexive,neutral_reg_base_prefill,No,0.9539986848831177,0.9463841319084167,0, Yes,62bd6e95f91cb174be8d6a2c0e9bc4525272675debb7abaa0d4a87592fac4e2e
amouyal:234,set_hyp5_22,gp,simple,reflexive,neutral_reg_base_prefill,Yes,0.9920556545257568,0.9465808272361755,1, Yes,3de60343fa490f65b7442f861df405f8eac8c6322e7cd93aee52483c6f738278
amouyal:235,set_hyp5_22,gp,lingering,reflexive,neutral_reg_base_prefill,No,0.17535066604614258,0.9059247374534607,1, No,d3eda6c3b51dc5b4f8da3fb525843b17939d09a4a8fa315c7b2555e150a8f513
amouyal:236,set_hyp5_23,gp,simple,reflexive,neutral_reg_base_prefill,Yes,0.9785476326942444,0.9415836930274963,1, Yes,f91398f7ee9cd16a17ba934cafe411d4b04984a0efd681f125f24083f14056f0
amouyal:237,set_hyp5_23,gp,lingering,reflexive,neutral_reg_base_prefill,No,0.9572040438652039,0.9617370963096619,0, Yes,cd87742471734adfadf5693405ccf61af8bdc73e875510dd8bd8a98f6215facc
amouyal:238,set_hyp5_24,gp,simple,reflexive,neutral_reg_base_prefill,Yes,0.9983117580413818,0.9706291556358337,1, Yes,2f2195afdc67ef01ad57c3a8a584d219efa020690cfd72a5c0a4a7b2856cd164
amouyal:239,set_hyp5_24,gp,lingering,reflexive,neutral_reg_base_prefill,No,0.9606866240501404,0.9727633595466614,0, Yes,42326ca79be680bd243dcc4ed8c1167390ee8cfe7cdd0d9a49393d2a2f101361
amouyal:240,set_1,gp,simple,prob,neutral_reg_base_prefill,Yes,0.9919265508651733,0.9547290205955505,1, Yes,d27b2d978e890df7779f77dfb4707a952221ba049b2fe7d14a1de5f40940d730
amouyal:241,set_1,gp,lingering,prob,neutral_reg_base_prefill,No,0.34919077157974243,0.893100380897522,1, No,55e779a7d797afead1271ed587f8c41f54790dc7db45c35a00f9d912a777d20b
amouyal:242,set_1,non_gp,simple,prob,neutral_reg_base_prefill,Yes,0.9995147585868835,0.9731155633926392,1, Yes,78998f15eaaca401cfe7373c35e07388b35b64c66fecd5cc2d9403ec22c34291
amouyal:243,set_1,non_gp,lingering,prob,neutral_reg_base_prefill,No,0.18474125862121582,0.8968537449836731,1, No,f2caefae9b2fc032166eb112406ff2f9232600a7a6c03fd948d51c2b27872558
amouyal:244,set_2,gp,simple,prob,neutral_reg_base_prefill,Yes,0.9970384836196899,0.9445652961730957,1, Yes,d309f8307b97df9cde10fe3c888e3f323e61b3b69b8256b689d4fe5a541cc29e
amouyal:245,set_2,gp,lingering,prob,neutral_reg_base_prefill,No,0.9958912134170532,0.9497082829475403,0, Yes,7ebb56b66cf7c9e0611962ad23f39707b0f8dbba29c36889c27a0bd53e147510
amouyal:246,set_2,non_gp,simple,prob,neutral_reg_base_prefill,Yes,0.9996016621589661,0.965751051902771,1, Yes,863c62ea12ba780421883691a9a54467e9f425794a251fdf93fad098cec2a743
amouyal:247,set_2,non_gp,lingering,prob,neutral_reg_base_prefill,No,0.9961369633674622,0.938328206539154,0, Yes,b1d15f648685b40444deef45910e2d96fa6662f4e8a6bdce6aa703895ca1e274
amouyal:248,set_3,gp,simple,prob,neutral_reg_base_prefill,Yes,0.2897856533527374,0.9469277858734131,0, No,b4ecf971dd72167a05bcfd660a211f573c1f505c0002c4acfc2a3c535d274f00
amouyal:249,set_3,gp,lingering,prob,neutral_reg_base_prefill,No,0.8866581320762634,0.8963103294372559,0, Yes,80083be632c1a6ec05e33eb5d59406312b875bf8bac773c233fffe0f3d4702ab
amouyal:250,set_3,non_gp,simple,prob,neutral_reg_base_prefill,Yes,0.9929447174072266,0.9654183387756348,1, Yes,fcd3c7677bad784533da94f050a99059ee85a1aade87968731a029b420b9dc4a
amouyal:251,set_3,non_gp,lingering,prob,neutral_reg_base_prefill,No,0.1157558262348175,0.9402656555175781,1, No,926f19e507b7549e5c7ed7ca0a51fdfeca32e52b4c950f8ba87fdb7c1c977653
amouyal:252,set_4,gp,simple,prob,neutral_reg_base_prefill,Yes,0.9722064733505249,0.9284057021141052,1, Yes,647b2eb49737c543d931ecb335493c086367f1febbf281a17e68931d9c0c47dd
amouyal:253,set_4,gp,lingering,prob,neutral_reg_base_prefill,No,0.7893774509429932,0.8485621809959412,0, Yes,01087162245455cf8484e48109c6e6c363ee617f64a52995f73b5e4fc17bea00
amouyal:254,set_4,non_gp,simple,prob,neutral_reg_base_prefill,Yes,0.9992101788520813,0.9749467372894287,1, Yes,659bb6cb6224e0cc3cee218c8e3402c2731aac5c7777f8898a18210cb7a49e67
amouyal:255,set_4,non_gp,lingering,prob,neutral_reg_base_prefill,No,0.2286819964647293,0.7544476985931396,1, No,8598932fde5ee2fd99882cb49158f6fddceef2cbca8a2707d439bb2ba9fb014a
amouyal:256,set_5,gp,simple,prob,neutral_reg_base_prefill,Yes,0.867373526096344,0.8949121832847595,1, Yes,c935496ddddd7f0e613d24a90b6ed0502cf8b9976a42e6d665d35e42f38c1d10
amouyal:257,set_5,gp,lingering,prob,neutral_reg_base_prefill,No,0.07178086042404175,0.9181761145591736,1, No,8bc90390f927e93fe306f07de83b82e7787139772825dfaf57bfaea61d8668a2
amouyal:258,set_5,non_gp,simple,prob,neutral_reg_base_prefill,Yes,0.9989433288574219,0.9620873928070068,1, Yes,950029699803363f624734205da5eff6bf62ecbba42997d3390c4eafc70648a5
amouyal:259,set_5,non_gp,lingering,prob,neutral_reg_base_prefill,No,0.16293440759181976,0.8154690861701965,1, No,2439d32a087470fba7237c70e868059714347e93803c5510f4fdd02820145d77
amouyal:260,set_6,gp,simple,prob,neutral_reg_base_prefill,Yes,0.8070544600486755,0.9251461029052734,1, Yes,d1a7a90aa3572c28b97d779e28eb4f2e5af4eac709743dfbaaf5de99ddc3304b
amouyal:261,set_6,gp,lingering,prob,neutral_reg_base_prefill,No,0.9079954028129578,0.945273756980896,0, Yes,fcfa26f1aa214f023e9d3e7f47aee2f1ee52bcfe588bd5e01656bd1f2fdb420b
amouyal:262,set_6,non_gp,simple,prob,neutral_reg_base_prefill,Yes,0.9993914365768433,0.9765247702598572,1, Yes,a4884fae1c5f8198426a0044fa11c3e4043459517759a25375f3dab958d5fb8e
amouyal:263,set_6,non_gp,lingering,prob,neutral_reg_base_prefill,No,0.2775019705295563,0.9090490341186523,1, No,89bdca6e224dfc156f1285c7c05c054f86803c707bf6890a7d7afa61ec44c7c8
amouyal:264,set_7,gp,simple,prob,neutral_reg_base_prefill,Yes,0.18297679722309113,0.9066908359527588,0, No,18304d1c925d252edba09fdf7897e34b6e21e7316c41367d75d91be06dd540e1
amouyal:265,set_7,gp,lingering,prob,neutral_reg_base_prefill,No,0.9827573299407959,0.9528006315231323,0, Yes,7d00a5e1cf03364994b8cbc78a484ebf4e1770e330bf4172aed74e64f056120f
amouyal:266,set_7,non_gp,simple,prob,neutral_reg_base_prefill,Yes,0.9723140597343445,0.9365980625152588,1, Yes,6e3cb770dcd8cb0912a9a8d82c174e0cc8967b026058f9e68e48109d5679b6de
amouyal:267,set_7,non_gp,lingering,prob,neutral_reg_base_prefill,No,0.9534516930580139,0.8971686363220215,0, Yes,b65b9e22ee1d1f34f4969feb8e667f8cc3ca486c0fef4928c27a87ab1e4e03ea
amouyal:268,set_8,gp,simple,prob,neutral_reg_base_prefill,Yes,0.9707952737808228,0.9536715149879456,1, Yes,7ad27ee721e8896518cd6cc179b86323459d8630e20dcab1fe6042eb5de02106
amouyal:269,set_8,gp,lingering,prob,neutral_reg_base_prefill,No,0.5410541296005249,0.9546265602111816,0, Yes,e0b64846d2c35d3fff83861c7b9aa76231549a88ed6c31cbbffd35ffa33690ba
amouyal:270,set_8,non_gp,simple,prob,neutral_reg_base_prefill,Yes,0.9994797706604004,0.9760602712631226,1, Yes,df0938330cb453fb5daa73e8e1ee8fba540f9944e67981a8d63571cdb55afa54
amouyal:271,set_8,non_gp,lingering,prob,neutral_reg_base_prefill,No,0.3167392611503601,0.9409756064414978,1, No,e3c8441f716d7a53fd057f6a855bca95264258121907a24137ae926839a56056
amouyal:272,set_9,gp,simple,prob,neutral_reg_base_prefill,Yes,0.9851559996604919,0.9356810450553894,1, Yes,d22ebe25a68d3ca84e2d388455016f18723104f1ed97a556bbcc295186553d2b
amouyal:273,set_9,gp,lingering,prob,neutral_reg_base_prefill,No,0.9922966957092285,0.9495030045509338,0, Yes,329657d9eee8505976d3d9b12cc06024bc25ca77835796cedc13cca56dd52f9c
amouyal:274,set_9,non_gp,simple,prob,neutral_reg_base_prefill,Yes,0.9988253712654114,0.9499561786651611,1, Yes,302cbaef9ebf57a9f94ebd1821a23eef4c728d1523c334b070cbee7b69aae6d7
amouyal:275,set_9,non_gp,lingering,prob,neutral_reg_base_prefill,No,0.9929506182670593,0.8657324314117432,0, Yes,66d1267c73c8b41762a59aafed26c67cc335f8f240ce4c6143516720ff1298b3
amouyal:0,set_10,gp,simple,prob,neutral_reg_repair_native,Yes,0.9999732971191406,1.0,1,Yes,30fcdfa367424c06958a15984955a42cf1b3200db03b3af32d434861f76e98f6
amouyal:1,set_10,gp,lingering,prob,neutral_reg_repair_native,No,0.9999701976776123,1.0,0,Yes,97688dc0e210e6cab829eb5742645609b606c7096da30124b5f70535a0911c8f
amouyal:2,set_10,non_gp,simple,prob,neutral_reg_repair_native,Yes,1.0,1.0,1,Yes,d222ed163cb6742399cdcb9ab15f139cb3df349b0f4fb12e48e3ae051ee69e71
amouyal:3,set_10,non_gp,lingering,prob,neutral_reg_repair_native,No,0.9999716877937317,0.9999999403953552,0,Yes,1e98fde15cd15269acdc16ad9210280805eb4b6573a28b8c483c2c21df5d0752
amouyal:4,set_11,gp,simple,prob,neutral_reg_repair_native,Yes,0.9999996423721313,1.0,1,Yes,63427e8722203bffe0f982e044b71a469d76ab5f58fac1253c28aaefeb61f02d
amouyal:5,set_11,gp,lingering,prob,neutral_reg_repair_native,No,0.9999998211860657,0.9999999403953552,0,Yes,6e06eaee3778f736af0ca46fc385e2601c09f258bdc4404022805777f794718c
amouyal:6,set_11,non_gp,simple,prob,neutral_reg_repair_native,Yes,1.0,1.0,1,Yes,8f41e18df2f1aa5970b8a11fa3cc7e3d393d892734a6c05f5d4b9ea253afe6c6
amouyal:7,set_11,non_gp,lingering,prob,neutral_reg_repair_native,No,0.9999978542327881,1.0,0,Yes,94ce4ca2901b17a1003907bd5e35ac1ab93aa224cf551ea11fa0df517944fe9b
amouyal:8,set_12,gp,simple,prob,neutral_reg_repair_native,Yes,0.00012096620775992051,0.9999999403953552,0,No,94ccc2437e4c45f64e5551b04262c802718cdaec46d483c98aa81aa904a4851c
amouyal:9,set_12,gp,lingering,prob,neutral_reg_repair_native,No,1.0,1.0,0,Yes,c89019523afe1ba37e0b37b447f3c024946b96dddc6215ff7600310461a03afc
amouyal:10,set_12,non_gp,simple,prob,neutral_reg_repair_native,Yes,1.0,1.0,1,Yes,57ae996c9228acb2a611c548fbff292ea01839a499a994accab223aa80f4baa5
amouyal:11,set_12,non_gp,lingering,prob,neutral_reg_repair_native,No,0.999985933303833,1.0,0,Yes,84755a312ff7fa1937e3063508ef0a277a05c1eaad4a4e65da9fed72a2e9c77d
amouyal:12,set_13,gp,simple,prob,neutral_reg_repair_native,Yes,0.9999091625213623,1.0,1,Yes,47d1fb66f9affc3366072e89941e77d1e2ca66ec56b1f3d06ff34e59cfa4fd68
amouyal:13,set_13,gp,lingering,prob,neutral_reg_repair_native,No,0.9948912858963013,1.0,0,Yes,2e493ca36801b672173ec6274492914f387f6c30ac68108ef422df2d0480e934
amouyal:14,set_13,non_gp,simple,prob,neutral_reg_repair_native,Yes,1.0,1.0,1,Yes,84475272b2a0803675176270c563d2969727815c0ee0bd452c7855ee2389337f
amouyal:15,set_13,non_gp,lingering,prob,neutral_reg_repair_native,No,0.9999951124191284,1.0,0,Yes,85a2d4114b6c17bdeb07bb46fe8061dbe773cd784246e037e2754d5edb13401a
amouyal:16,set_14,gp,simple,prob,neutral_reg_repair_native,Yes,0.9965986609458923,1.0,1,Yes,69a23433d639d25c68320007b5e5ab8d5e2de050c5d6f831409fc1af1f98a20e
amouyal:17,set_14,gp,lingering,prob,neutral_reg_repair_native,No,0.9999979734420776,1.0,0,Yes,9213b4ed3b0acd9704f5f654ae3e02864bb590078a1df949966b826c20316b13
amouyal:18,set_14,non_gp,simple,prob,neutral_reg_repair_native,Yes,0.9999276399612427,1.0,1,Yes,8012bddc7268af40165c2f825751037209d9bde6ceeb3615646b2ea47f17ef81
amouyal:19,set_14,non_gp,lingering,prob,neutral_reg_repair_native,No,0.39639031887054443,1.0,1,No,d35fb995b6daf52ca53d76c2c4092cd39a38835c78f6f7c2876c0c527fc21c15
amouyal:20,set_15,gp,simple,prob,neutral_reg_repair_native,Yes,1.0,1.0,1,Yes,b6d809c433cc65b589410b0c4e9abaa407d05d19643d67d603a8444a86bb41bc
amouyal:21,set_15,gp,lingering,prob,neutral_reg_repair_native,No,0.9999997615814209,1.0,0,Yes,1268eeee78477168ac6fb0612bda411b51541d0f17cd12f6ae9835a46152961e
amouyal:22,set_15,non_gp,simple,prob,neutral_reg_repair_native,Yes,1.0,1.0,1,Yes,4f472c5fcf5c7ef52c089c3a01113ed9f00c2c9e3432e9810f6a4900e5200fb0
amouyal:23,set_15,non_gp,lingering,prob,neutral_reg_repair_native,No,1.0,1.0,0,Yes,5d05e8c8d5461d8e83ec7c9937b6daf0d9d76a14ba5a92b766c60d2d2f2ae766
amouyal:24,set_16,gp,simple,prob,neutral_reg_repair_native,Yes,0.9999994039535522,1.0,1,Yes,19df7b9faf729d28cd6bd25860281657ee7d3244e897ee51b2358a3f59c58168
amouyal:25,set_16,gp,lingering,prob,neutral_reg_repair_native,No,0.9999924898147583,1.0,0,Yes,264f0c7cc79b90ec8e52863314efe8b93f2e6320d0ed0f99e02cb8fc4225e011
amouyal:26,set_16,non_gp,simple,prob,neutral_reg_repair_native,Yes,1.0,1.0,1,Yes,549fa61eaa96baaeb6483d95980ccd33d1677f5bd79393837023361744f52def
amouyal:27,set_16,non_gp,lingering,prob,neutral_reg_repair_native,No,1.0,1.0,0,Yes,5b654fb7aeb7f40e3dc8019fdd25cc804398acd3178bf19e5868d4667012f803
amouyal:28,set_17,gp,simple,prob,neutral_reg_repair_native,Yes,0.9999994039535522,1.0,1,Yes,af37e0644820463f9ea7d408059e606c5c27d3cc807093ac073fe37f55923e2b
amouyal:29,set_17,gp,lingering,prob,neutral_reg_repair_native,No,0.9990056157112122,1.0,0,Yes,66935409fb5923bcbacab6d6d4ecf619d3075dc04f61f4aa4c018ce5efa21677
amouyal:30,set_17,non_gp,simple,prob,neutral_reg_repair_native,Yes,1.0,1.0,1,Yes,9ed996ecbe82c0cf277b34ffac9bba9acd1fb99621cdf24f41556637930d2e71
amouyal:31,set_17,non_gp,lingering,prob,neutral_reg_repair_native,No,3.8014450183254667e-06,1.0,1,No,3f10ab297e703ce80700db92c33ed87b1478d0dda3d9f6cee2ba3937b8017b43
amouyal:32,set_18,gp,simple,prob,neutral_reg_repair_native,Yes,0.9999997615814209,1.0,1,Yes,a83140aaff46cc0edbf6fd3d216b2eb9c16b8312b909b4cf3794b73d32b67341
amouyal:33,set_18,gp,lingering,prob,neutral_reg_repair_native,No,0.8628178238868713,1.0,0,Yes,6a75931d878a99405944c71da3e186b62b9eb49da5e8158e4583e3d80d29b828
amouyal:34,set_18,non_gp,simple,prob,neutral_reg_repair_native,Yes,1.0,1.0,1,Yes,8e7f8ae793aea15ffcb6d69c176ff09663e229b99a00c8e937f0df7e4424c8b2
amouyal:35,set_18,non_gp,lingering,prob,neutral_reg_repair_native,No,3.4645524227272517e-09,1.0,1,No,aeb45cb9c4f52fdb251815a23000234ab5fa4112486fcc392bf2a75d225b9aaf
amouyal:36,set_19,gp,simple,prob,neutral_reg_repair_native,Yes,1.0,1.0,1,Yes,0080c8f8a804b8c24e9a771676ac4be3ac161cccf7ebc020dd5e357132516288
amouyal:37,set_19,gp,lingering,prob,neutral_reg_repair_native,No,0.11588017642498016,0.9999999403953552,1,No,e4efd6acc98292b8822c8f9a998be50b49e75042000728d41ca6db60b29e75c5
amouyal:38,set_19,non_gp,simple,prob,neutral_reg_repair_native,Yes,1.0,1.0,1,Yes,4dfd93551146d3e5d9541d5abc0886eeeee266349bd437c93211894ee5bcfe29
amouyal:39,set_19,non_gp,lingering,prob,neutral_reg_repair_native,No,0.9999983310699463,1.0,0,Yes,61fa50260d077b8af0583c0f17a29789def36efebc2e3995e66ad9c36af8246f
amouyal:40,set_20,gp,simple,prob,neutral_reg_repair_native,Yes,0.9999967813491821,1.0,1,Yes,f0a85bdbac5c6df0d2eb03b681b7cd38efd645e0071688827b43de1d5fb6ae56
amouyal:41,set_20,gp,lingering,prob,neutral_reg_repair_native,No,0.9749817848205566,1.0,0,Yes,10b8fb6d0fba199d59294398b11cba9c53680c12af052345ccca436943195e56
amouyal:42,set_20,non_gp,simple,prob,neutral_reg_repair_native,Yes,1.0,1.0,1,Yes,fcc65766b4a2676b84dbdcba4b72177c8dd56d23c24e0e9231856b72f13cae2c
amouyal:43,set_20,non_gp,lingering,prob,neutral_reg_repair_native,No,1.3838823178957682e-05,1.0,1,No,742fe95d5d701ef7b638bc93a9cd14c962c4e46579e6379d888414848abaf508
amouyal:44,set_21,gp,simple,prob,neutral_reg_repair_native,Yes,0.9986938834190369,1.0,1,Yes,0458d2d4b2867f36a1dca3f1051cf47270ed3e54e5ede1f9a5a43ccba069fa43
amouyal:45,set_21,gp,lingering,prob,neutral_reg_repair_native,No,0.958830714225769,0.9999999403953552,0,Yes,27510dd86f505fce12e1123e66b5f2fb3901313ef9b21ec2c13dbb2db53e1e54
amouyal:46,set_21,non_gp,simple,prob,neutral_reg_repair_native,Yes,1.0,1.0,1,Yes,0bc30b0753e032b96fe2acdd0ab913f88039a7d28fa8bf2f34cc0ed1ddf0ee0f
amouyal:47,set_21,non_gp,lingering,prob,neutral_reg_repair_native,No,0.9065032601356506,1.0,0,Yes,1eeb9c4a757626c93cc8003c78e41eff08de1a2a25a7fb654a1295c4cbf1d51b
amouyal:48,set_22,gp,simple,prob,neutral_reg_repair_native,Yes,1.0,1.0,1,Yes,270f59483e0fa64c67b2e82ee398b1a7889896f4d5528c8c174dd61ce193114c
amouyal:49,set_22,gp,lingering,prob,neutral_reg_repair_native,No,0.9999997019767761,0.9999999403953552,0,Yes,c84b9589b4794dd99b1395cad668c6e022be1ce5810a9b65595aca22ef588ac9
amouyal:50,set_22,non_gp,simple,prob,neutral_reg_repair_native,Yes,1.0,1.0,1,Yes,3230a944f43f7c4320c8e0b00d248017831768aa64bdc5a5e44e883f6fb603d4
amouyal:51,set_22,non_gp,lingering,prob,neutral_reg_repair_native,No,0.006466078571975231,1.0,1,No,175f3a1393318d10de33e2cdc62e518cfe6d40990ed41176a6bf246a94863663
amouyal:52,set_23,gp,simple,prob,neutral_reg_repair_native,Yes,0.9998860955238342,0.9999999403953552,1,Yes,776cb939151a6fca926a23a64608c1c65fd2300e625739ad6fa85ee6f35fa036
amouyal:53,set_23,gp,lingering,prob,neutral_reg_repair_native,No,0.9999967813491821,1.0,0,Yes,2a2f03ac9a48c6934d52d1a6608c31ad82a6695b9720dd5ab09f1d5788716129
amouyal:54,set_23,non_gp,simple,prob,neutral_reg_repair_native,Yes,1.0,1.0,1,Yes,e23cdaa05fa2968b5537c7ee34c4d6a873ab803f621ed9d83d3939e9f956b0fe
amouyal:55,set_23,non_gp,lingering,prob,neutral_reg_repair_native,No,1.0,1.0,0,Yes,3f0852461b540668e72fb53c6a597664df693eb23a63d2d51b9a854582bf2a43
amouyal:56,set_24,gp,simple,prob,neutral_reg_repair_native,Yes,0.9997416138648987,1.0,1,Yes,f6490a647b915d124b5849e94c68aba5c62c2e766044e516a936e224dc9d8b09
amouyal:57,set_24,gp,lingering,prob,neutral_reg_repair_native,No,0.8508471250534058,1.0,0,Yes,2541431cf07c63d8c2e7f453a3731ca5b36a183e8e9c1ce8660e191f66a6b6e6
amouyal:58,set_24,non_gp,simple,prob,neutral_reg_repair_native,Yes,1.0,1.0,1,Yes,9320b651057757098aa162560cd920e087bdcaa5eb5df7202f427fe92db09e6d
amouyal:59,set_24,non_gp,lingering,prob,neutral_reg_repair_native,No,2.448042323521804e-06,0.9999999403953552,1,No,b45de18db5b9a8958f09e7f48cc54e52b0c13578f98b3ae4635f6a84fceb13f4
amouyal:60,set_25,gp,simple,prob,neutral_reg_repair_native,Yes,0.9999999403953552,0.9999999403953552,1,Yes,169c32b2e0e74ac4ca3d6f13352eda4e45de73266462e79562b55f36ac31d64f
amouyal:61,set_25,gp,lingering,prob,neutral_reg_repair_native,No,0.9999988079071045,1.0,0,Yes,2fd200bbb84d4dc994af02d34bb14bf34edf2448349eebcadfb71cd8e66763aa
amouyal:62,set_25,non_gp,simple,prob,neutral_reg_repair_native,Yes,1.0,1.0,1,Yes,9ccfc10c912f65a196e0a299a6c736f4a4cbc21182e91f2d5df3380e995101e7
amouyal:63,set_25,non_gp,lingering,prob,neutral_reg_repair_native,No,0.9999874830245972,1.0,0,Yes,a6786b40696627bffcf97edb2c5c519915b6562c7664b6be8c13d7e9aa341fea
amouyal:64,set_26,gp,simple,prob,neutral_reg_repair_native,Yes,0.9999294877052307,0.9999999403953552,1,Yes,68a86920dc214f3a6c6998b505ae5d8e3069c0ea6730018a0b037e9a10ab181a
amouyal:65,set_26,gp,lingering,prob,neutral_reg_repair_native,No,9.48175602388801e-06,0.9999999403953552,1,No,2b20467a90f1a8a77d58392956f6a3ab8ae7d8bc043fedf0cfdfb03897e1030a
amouyal:66,set_26,non_gp,simple,prob,neutral_reg_repair_native,Yes,1.0,1.0,1,Yes,565e1511b19f82b1f86bfb91b8e5c029802e9d0212bfba634d62ded07d055eb2
amouyal:67,set_26,non_gp,lingering,prob,neutral_reg_repair_native,No,1.6372248001772505e-10,1.0,1,No,f17580e098b0715115b94935e2eebd72cc7a373a19d294ea4adfc6b777365914
amouyal:68,set_27,gp,simple,prob,neutral_reg_repair_native,Yes,1.0,1.0,1,Yes,2dabc982d36a302214dda3d2e1f99c36e8c19b04876d7636db9b08a7d6764c4a
amouyal:69,set_27,gp,lingering,prob,neutral_reg_repair_native,No,0.9999978542327881,1.0,0,Yes,590da29cac9874d0c56da459ebcf374a09a39205f27be9f240adaac94421fd09
amouyal:70,set_27,non_gp,simple,prob,neutral_reg_repair_native,Yes,1.0,1.0,1,Yes,e900abb6f3bec05c022a18c44d905c85b1c5fa6aa82b63146743c476dd2b4d7c
amouyal:71,set_27,non_gp,lingering,prob,neutral_reg_repair_native,No,0.9990778565406799,0.9999999403953552,0,Yes,6beb6c091338b3dc0d4d9e8162f70fe3b3b70a4d252d77a5d75c2e6ab6b477e0
amouyal:72,set_28,gp,simple,prob,neutral_reg_repair_native,Yes,0.9999788999557495,1.0,1,Yes,4c56f9d92cc283a51ad77a62094b1a4cf831e28f70030e419c8a3cc02c1b3fc7
amouyal:73,set_28,gp,lingering,prob,neutral_reg_repair_native,No,0.9105948209762573,1.0,0,Yes,76d1c15c06282988a91a001d3bd628c4ad90a7bffe43af658cbfff65c24d9fe8
amouyal:74,set_28,non_gp,simple,prob,neutral_reg_repair_native,Yes,1.0,1.0,1,Yes,95efff624c477c355a2bb7734734edbf3469a8cfe2f223b4cee1a8d722fc6250
amouyal:75,set_28,non_gp,lingering,prob,neutral_reg_repair_native,No,0.9999738931655884,1.0,0,Yes,87371efa8b8f7588bfb8427bc03b3ad33661f584ea7804c6882934645fb05cd9
amouyal:76,set_29,gp,simple,prob,neutral_reg_repair_native,Yes,1.0,1.0,1,Yes,e748084646a0a6658ad6951f25be0e7b46f9a812fe9041937968e1cdce4394cc
amouyal:77,set_29,gp,lingering,prob,neutral_reg_repair_native,No,0.9994333386421204,1.0,0,Yes,a1e9f183369b5c97c4639c33e8666b2b87b69a7a865d3a1656f9eefc00392530
amouyal:78,set_29,non_gp,simple,prob,neutral_reg_repair_native,Yes,1.0,1.0,1,Yes,7573fa8a65e3da0c23ebf681acc05d43b1967c51742bf4709ab57c287b848b94
amouyal:79,set_29,non_gp,lingering,prob,neutral_reg_repair_native,No,0.9935325384140015,1.0,0,Yes,7a2a276d96783a76f439e784d4d79424f635a9f69a9f6451ee20ca04efdb04cb
amouyal:80,set_30,gp,simple,prob,neutral_reg_repair_native,Yes,1.0,1.0,1,Yes,cfcac8534bf1eb3d0fd0d3b29b06e8e4df6efa9a1d158adfe24cca93ed300fe6
amouyal:81,set_30,gp,lingering,prob,neutral_reg_repair_native,No,1.0,1.0,0,Yes,233fe6940bbc5227c38079edcc1f97112c7f7f96206d6c7cc87183bd86181924
amouyal:82,set_30,non_gp,simple,prob,neutral_reg_repair_native,Yes,1.0,1.0,1,Yes,2457dec9fd317254b6c9124ebe2097c5ee2003e82b4433b64efec4671727a9e2
amouyal:83,set_30,non_gp,lingering,prob,neutral_reg_repair_native,No,0.9999997019767761,0.9999999403953552,0,Yes,b50218b79a54e06e78427aed61643b9a4d71717a2a9e6f29240c22bb73eb447e
amouyal:84,set_31,gp,simple,prob,neutral_reg_repair_native,Yes,0.9999985694885254,1.0,1,Yes,5976eabba079190752c59b0c959b76acbde764cf38a6852350ec620c2dd8e2f7
amouyal:85,set_31,gp,lingering,prob,neutral_reg_repair_native,No,0.9997497200965881,1.0,0,Yes,c5f179d4edbc59b193d90e35d21c8b8a22bd81c0ee03ec41a2c5abee1acb5091
amouyal:86,set_31,non_gp,simple,prob,neutral_reg_repair_native,Yes,1.0,1.0,1,Yes,07cd59c8881e627a6d7a240332f4cb868f64e2a8b6814ca18c8b562cb20b3668
amouyal:87,set_31,non_gp,lingering,prob,neutral_reg_repair_native,No,0.8369755744934082,1.0,0,Yes,0427148e10dab1da03578f953004ae6a8aa82625a74eb94f9478bfc65538adce
amouyal:88,set_32,gp,simple,prob,neutral_reg_repair_native,Yes,0.991936206817627,1.0,1,Yes,a2324a5f16334fe7aad86e30ab7733c3ea6c6ed93c6b88096747e17af7a92ec9
amouyal:89,set_32,gp,lingering,prob,neutral_reg_repair_native,No,0.9896112680435181,1.0,0,Yes,2a0ccffe52b31c0bddec2ba7a9d1c79a86e0ceb639099b50959c3bff9fa86180
amouyal:90,set_32,non_gp,simple,prob,neutral_reg_repair_native,Yes,1.0,1.0,1,Yes,7bb75e9a3bba0be6f43e7c07c84120ae88e842ff7a7fde240a831a54ca7551eb
amouyal:91,set_32,non_gp,lingering,prob,neutral_reg_repair_native,No,3.8034578153656184e-08,1.0,1,No,99e92106880a6b457a7c606413f700be5fa4daf1b3df431fcfc64ae281cebf79
amouyal:92,set_33,gp,simple,prob,neutral_reg_repair_native,Yes,0.9997987151145935,1.0,1,Yes,a2fbaec652b1b92d6c26148f63ad33680995d1e07d23cd40fec67e20823fd681
amouyal:93,set_33,gp,lingering,prob,neutral_reg_repair_native,No,0.9999805688858032,1.0,0,Yes,e4e96d90dced09f1e5f6c2dba297157a28e48a1108aec03eb7b11a5db7eef754
amouyal:94,set_33,non_gp,simple,prob,neutral_reg_repair_native,Yes,1.0,1.0,1,Yes,3ef9c854d7ac812c0f31b11c5789c8325745c82eb839630c7ebadd747d6f7e83
amouyal:95,set_33,non_gp,lingering,prob,neutral_reg_repair_native,No,0.9999998211860657,0.9999999403953552,0,Yes,679c8e0aacf4b18e053961c66ca9a0925dfc90485a5046c022bdc99d8de9a990
amouyal:96,set_34,gp,simple,prob,neutral_reg_repair_native,Yes,0.9999999403953552,0.9999999403953552,1,Yes,f2cb1949d33a8022c2572a46966cd384225061f399ae18e33e9b333841297839
amouyal:97,set_34,gp,lingering,prob,neutral_reg_repair_native,No,0.9922018647193909,0.9999999403953552,0,Yes,d7c6baf2de8003aaea97119026921c2359d1fc984d544bc663dcf9831a2dfa58
amouyal:98,set_34,non_gp,simple,prob,neutral_reg_repair_native,Yes,1.0,1.0,1,Yes,d58ff180e06e6153495ae212f6df4e78e32076377a5107d7620ed5311ab5ee68
amouyal:99,set_34,non_gp,lingering,prob,neutral_reg_repair_native,No,0.32263103127479553,1.0,1,No,49a3ee9f46ad50bcf53f6bf9fe2787be54bb9f65fe8c4767116cdb6152912b47
amouyal:100,set_35,gp,simple,prob,neutral_reg_repair_native,Yes,0.99990314245224,0.9999999403953552,1,Yes,746f1712d66b7019a9bcd54bb90b22fb26d843fb3c4ba9ce0f78abb9e0ab54d4
amouyal:101,set_35,gp,lingering,prob,neutral_reg_repair_native,No,0.9986242055892944,1.0,0,Yes,1a667898673ad7ca4bb12021018c63934d2f32cd3e0ce0093df5253c4ac29193
amouyal:102,set_35,non_gp,simple,prob,neutral_reg_repair_native,Yes,0.9999998807907104,1.0,1,Yes,cd72ca18f631120b1b2a40b74aae642764732675921a8b48b2b6bf771c4d80ba
amouyal:103,set_35,non_gp,lingering,prob,neutral_reg_repair_native,No,1.0,1.0,0,Yes,aff31a6ce19b222bb94916f7662c88d10c34061c19975c889d271ccb8df0c068
amouyal:104,set_36,gp,simple,prob,neutral_reg_repair_native,Yes,0.9997808337211609,1.0,1,Yes,84b985a1efbce91a8dba3df8b29a519327dac3982b30ccdf040f5de4570590b2
amouyal:105,set_36,gp,lingering,prob,neutral_reg_repair_native,No,0.999985933303833,1.0,0,Yes,648219cf548494face5a5bcfa7705692df24988cc076872b287530c68d27ebb4
amouyal:106,set_36,non_gp,simple,prob,neutral_reg_repair_native,Yes,1.0,1.0,1,Yes,46d3f79dc731369155e335d4fe6791f8406aa32d952df13b485f1c6a497cfe77
amouyal:107,set_36,non_gp,lingering,prob,neutral_reg_repair_native,No,0.9999431371688843,1.0,0,Yes,ca30214f4fcc7e1cc2df2f1f36ea2460426712ea34a79e359ca98d9a886ebae6
amouyal:108,set_37,gp,simple,prob,neutral_reg_repair_native,Yes,0.0028712840285152197,1.0000001192092896,0,No,2140b15b866dbaa3867d95cb690e5f45803e345b5815887629f86b7283209e14
amouyal:109,set_37,gp,lingering,prob,neutral_reg_repair_native,No,0.999964714050293,1.0,0,Yes,f1f2be70635f857eab24f5ddce1696fa64d2c56730e6fdf93d032cf0a643d180
amouyal:110,set_37,non_gp,simple,prob,neutral_reg_repair_native,Yes,0.999998927116394,1.0,1,Yes,63c3095b7e31aa9753bf5da6e05bf573e745d9b6cb1afe1ec60ab58c4c54415b
amouyal:111,set_37,non_gp,lingering,prob,neutral_reg_repair_native,No,0.011099888943135738,0.9999999403953552,1,No,2e763b429c4eb33084697ae5647e8a8ff83b3a6388785d64ca096ee0852726f4
amouyal:112,set_38,gp,simple,prob,neutral_reg_repair_native,Yes,0.9680835008621216,1.0000001192092896,1,Yes,0aa8b8da4c7220c5736be26ec645d4cbe6b89d105a5dc8b51b371d15689679f6
amouyal:113,set_38,gp,lingering,prob,neutral_reg_repair_native,No,0.9999492764472961,0.9999999403953552,0,Yes,7b0b83d9ab36de34ec83bbf5bfd0dce7395a3320d94a1be7e51784095f1e06e5
amouyal:114,set_38,non_gp,simple,prob,neutral_reg_repair_native,Yes,0.9999364018440247,0.9999999403953552,1,Yes,c628a986c0a0a9850c5f386056dfbab23afb373fad458b38526c3ff6407542c3
amouyal:115,set_38,non_gp,lingering,prob,neutral_reg_repair_native,No,0.9933276772499084,0.9999999403953552,0,Yes,41b3c6c8f176fa3592c17654a317dcf61383233a91df1d19e655993faa4f1e3b
amouyal:116,set_39,gp,simple,prob,neutral_reg_repair_native,Yes,0.9991661310195923,1.0,1,Yes,ad2efab7270f5247d2362d0460f3fafb6acf2079fa8995c2936ae911d203ef3c
amouyal:117,set_39,gp,lingering,prob,neutral_reg_repair_native,No,0.9999986886978149,1.0,0,Yes,8fde0ea87abd7dfe397283b6f5a5db96a754c929e26c9fd45b47ff4d40194523
amouyal:118,set_39,non_gp,simple,prob,neutral_reg_repair_native,Yes,1.0,1.0,1,Yes,da553e6ae4cef689ad4e67e15ec125156dce6d744133fa12e611d60ce2a74937
amouyal:119,set_39,non_gp,lingering,prob,neutral_reg_repair_native,No,0.9999986886978149,1.0,0,Yes,d963d0e482b49daee8a8255d6a59561f40460a8494b2053c6c8f1bb24f963058
amouyal:120,set_40,gp,simple,prob,neutral_reg_repair_native,Yes,0.18336960673332214,1.0,0,No,6c33d9a85fcbb687e0a6c9ce96cf0e17899fb53ed338ba5c7e0e61d8558c2432
amouyal:121,set_40,gp,lingering,prob,neutral_reg_repair_native,No,0.9997498989105225,0.9999999403953552,0,Yes,ad5925c76ebd64f50b562d5adf9f3039970bf1f3ba81279074a5f8892189442e
amouyal:122,set_40,non_gp,simple,prob,neutral_reg_repair_native,Yes,0.9999966621398926,1.0,1,Yes,8edeb45cc0a7789a184a468ceadb6e02f345fde7bc10f3bebeeee86635d219cb
amouyal:123,set_40,non_gp,lingering,prob,neutral_reg_repair_native,No,0.06097540259361267,0.9999999403953552,1,No,7c249d795cc51b2291a014a3b6cbfb5727182c7509a31dc8e976591e8b9f1c08
amouyal:124,set_41,gp,simple,prob,neutral_reg_repair_native,Yes,0.9999096393585205,1.0,1,Yes,329c7dacb64924f834b715d9bfdc994383df5e211719492a86dc18dfe9acb700
amouyal:125,set_41,gp,lingering,prob,neutral_reg_repair_native,No,0.8907175064086914,1.0,0,Yes,4484bcf5bad1e1ffad688643f7f47bf53c96ca766f3d866de01fadec15038d7b
amouyal:126,set_41,non_gp,simple,prob,neutral_reg_repair_native,Yes,1.0,1.0,1,Yes,b2bf1763eedfd54ed157fe4edc307c7c7f6288dfc727ceadd62152209a205e15
amouyal:127,set_41,non_gp,lingering,prob,neutral_reg_repair_native,No,0.9999998807907104,1.0,0,Yes,f9f95fc11903ad19ddd9f109db01cbf1d9b33065f3699daa9dcaab3ef4837dbe
amouyal:128,set_42,gp,simple,prob,neutral_reg_repair_native,Yes,1.0,1.0,1,Yes,3f2d5bbb47d32f7e17469065e9ea41088dfd1e7939a1565ac3e6059969966523
amouyal:129,set_42,gp,lingering,prob,neutral_reg_repair_native,No,1.0,1.0,0,Yes,ddec496b4c8e29a3bd0a5529bd7f66a54cc1b3c891a47e00eb4559f7563b7dd8
amouyal:130,set_42,non_gp,simple,prob,neutral_reg_repair_native,Yes,1.0,1.0,1,Yes,9cc3689b1499372d6e1e9bc1d60ed061d215cc08f4866e78f890bcf1d01b1cda
amouyal:131,set_42,non_gp,lingering,prob,neutral_reg_repair_native,No,0.9999896287918091,1.0,0,Yes,5e017ec0e85ba9076822370a0ed041f460e1677eb815caa17604281ee121b392
amouyal:132,set_43,gp,simple,prob,neutral_reg_repair_native,Yes,1.0,1.0,1,Yes,8cd9e93d12303e80ad90f6c3b443a5a4a9cbb83c9de4c22188d0b99516976a1a
amouyal:133,set_43,gp,lingering,prob,neutral_reg_repair_native,No,0.9999998807907104,1.0,0,Yes,98523a487f7fe722a022dcdb3044b0badb3c9ae4ea7c3b34f89035ea11bbdc17
amouyal:134,set_43,non_gp,simple,prob,neutral_reg_repair_native,Yes,1.0,1.0,1,Yes,12f3b4fb9a6030af7754d7e4b850b11f45f8e3ecf0bba1bfa5aa8265e2c66b08
amouyal:135,set_43,non_gp,lingering,prob,neutral_reg_repair_native,No,1.0,1.0,0,Yes,a51cbf1674a415742c9eb74d91a7c62a68ed5d600c65259cf8055d6424d51957
amouyal:136,set_44,gp,simple,prob,neutral_reg_repair_native,Yes,0.999923050403595,0.9999999403953552,1,Yes,82405080698f6b50525cc4494988953f6df29124cc086d3cf4bfbd58c279210a
amouyal:137,set_44,gp,lingering,prob,neutral_reg_repair_native,No,0.999958872795105,1.0,0,Yes,e8a850659a96d0c405346a775132971078b3fab9729d33a4c5efd44c5935e55e
amouyal:138,set_44,non_gp,simple,prob,neutral_reg_repair_native,Yes,0.9997987151145935,1.0,1,Yes,7e2502657cf2aa4751b5140a3873687ecc3a708688f7457caac07a4c38ac7543
amouyal:139,set_44,non_gp,lingering,prob,neutral_reg_repair_native,No,0.9989198446273804,1.0,0,Yes,d52bb53772dd8a1b5eb512dba34529a196e39cd8a9625f55579706d0570676c1
amouyal:140,set_45,gp,simple,prob,neutral_reg_repair_native,Yes,0.9998995065689087,1.0,1,Yes,5918b7debfd2a42af303a78a5fc07865ec76ae7539f2a2010ced31d78a238627
amouyal:141,set_45,gp,lingering,prob,neutral_reg_repair_native,No,0.9999759793281555,0.9999999403953552,0,Yes,53ec666a4456dbe2e0d81330cbf95ffd5d9b1191a664aae81888ae077ef00f4f
amouyal:142,set_45,non_gp,simple,prob,neutral_reg_repair_native,Yes,1.0,1.0,1,Yes,224af28548112c3aefe8cab7a768c2b7e9bb9698109a79d07470257a68efa70c
amouyal:143,set_45,non_gp,lingering,prob,neutral_reg_repair_native,No,1.0,1.0,0,Yes,d5f6cc0305a6a3f6ae4ca546d50c1d65e797336f63d945ffd2f13e14804fd991
amouyal:144,set_hyp5_1,non_gp,simple,reflexive,neutral_reg_repair_native,Yes,1.0,1.0,1,Yes,be85cb303ac313172f426753e9c2789db453689f62c45b9434574c3a86c436c3
amouyal:145,set_hyp5_1,non_gp,lingering,reflexive,neutral_reg_repair_native,No,0.00499357283115387,1.0,1,No,5fd13c13d5779961c7e6ee220405fb6c232025ef879a84352545a115acb99b66
amouyal:146,set_hyp5_2,non_gp,simple,reflexive,neutral_reg_repair_native,Yes,1.0,1.0,1,Yes,69d78eb3324859a332cf09c1435cb3647b52ca1f7f10aa489ea83354b646952b
amouyal:147,set_hyp5_2,non_gp,lingering,reflexive,neutral_reg_repair_native,No,8.855950001107615e-11,1.0,1,No,89f90d8fdbe06a62c3d39a741f5c9b4486b81e40764ea3e025ae12c18c863d00
amouyal:148,set_hyp5_3,non_gp,simple,reflexive,neutral_reg_repair_native,Yes,1.0,1.0,1,Yes,a78dc80a248f0e062683fb057f057da354eb12295238e83546da3c23f56b4e97
amouyal:149,set_hyp5_3,non_gp,lingering,reflexive,neutral_reg_repair_native,No,5.213843934370743e-08,1.0,1,No,5c1b400e463a19213614626ff6fb7fb582571eafd8f85a48de16bd5044117af8
amouyal:150,set_hyp5_4,non_gp,simple,reflexive,neutral_reg_repair_native,Yes,1.0,1.0,1,Yes,4461c7d2bd42753c760da8cddf07c736554a99c9b3f461dfbb166aaa5a9c44c1
amouyal:151,set_hyp5_4,non_gp,lingering,reflexive,neutral_reg_repair_native,No,7.407334190467907e-10,1.0,1,No,cd0622b6e837681a8d00e9470fc1df6436a558f365b5805816cb35a983723375
amouyal:152,set_hyp5_5,non_gp,simple,reflexive,neutral_reg_repair_native,Yes,1.0,1.0,1,Yes,cfe8c4120abf945f7200e0f5cf64493b5a5f2a42faa66e22ab8f942b08fdb184
amouyal:153,set_hyp5_5,non_gp,lingering,reflexive,neutral_reg_repair_native,No,2.708889501601419e-10,1.0,1,No,ea0d9b2d1c0033fa545817de747882c6e0df5134bd2a515c35a08c46a5c28f62
amouyal:154,set_hyp5_6,non_gp,simple,reflexive,neutral_reg_repair_native,Yes,1.0,1.0,1,Yes,1111f4beebfdd38b4a441759bb30bc52efb6484cf45f6174faa059e770e0f378
amouyal:155,set_hyp5_6,non_gp,lingering,reflexive,neutral_reg_repair_native,No,0.00020035781199112535,1.0,1,No,8ea67c284281dadce886290a382d6345d1dd5ada133283222925b8b9c6f6ad4a
amouyal:156,set_hyp5_7,non_gp,simple,reflexive,neutral_reg_repair_native,Yes,1.0,1.0,1,Yes,81770ce31b4973cb20c3b746e3025be864be3f56d0dd571bbe1703ecb760ec88
amouyal:157,set_hyp5_7,non_gp,lingering,reflexive,neutral_reg_repair_native,No,1.3673152887694329e-11,1.0,1,No,7980593e2ad7562ad017a21f8503a2617ae0a85b21a2818cabc9c33885762429
amouyal:158,set_hyp5_8,non_gp,simple,reflexive,neutral_reg_repair_native,Yes,1.0,1.0,1,Yes,79cb36761f528626fadfda1c9d2692c5bb6e7dda4fa56eced4e93fc8c2ee87ba
amouyal:159,set_hyp5_8,non_gp,lingering,reflexive,neutral_reg_repair_native,No,5.133964919856737e-10,1.0,1,No,fcf7d3ca2a3dba625ab2104d56e78c8da43d94a86b286cc56853c296e8e3392f
amouyal:160,set_hyp5_9,non_gp,simple,reflexive,neutral_reg_repair_native,Yes,1.0,1.0,1,Yes,fc625b2e97c1473143fdb42a4972b18e074b530b2e582b512e039cefc0d262b6
amouyal:161,set_hyp5_9,non_gp,lingering,reflexive,neutral_reg_repair_native,No,0.11295317113399506,1.0,1,No,5a3cfa922a73e60090b10802cfffc0fb23797a1c0c4af1876397fc5f0fbc0c5f
amouyal:162,set_hyp5_10,non_gp,simple,reflexive,neutral_reg_repair_native,Yes,1.0,1.0,1,Yes,d142d42b6014d4ceb7489f62b85e0681252128b6a8b2d500096a7fa267f245e2
amouyal:163,set_hyp5_10,non_gp,lingering,reflexive,neutral_reg_repair_native,No,0.9991083145141602,0.9999999403953552,0,Yes,5e80e2649258c37af6369f9fe2dafd472ce0bc4a967ea55cb399ef3d6d1b1e6d
amouyal:164,set_hyp5_11,non_gp,simple,reflexive,neutral_reg_repair_native,Yes,1.0,1.0,1,Yes,15dc1496aa472c4239f8089ba360c4943c802e39fea878b1ef425b3d055e1e44
amouyal:165,set_hyp5_11,non_gp,lingering,reflexive,neutral_reg_repair_native,No,1.1357212913176706e-11,1.0,1,No,74e6523c397aa077e33029cb3cfd0af0e034aa95b6be3213060d72e666dc1d39
amouyal:166,set_hyp5_12,non_gp,simple,reflexive,neutral_reg_repair_native,Yes,1.0,1.0,1,Yes,a48c2391db2cd9b9a6d5c757bac6a928b9a8d77bf46d315dbd977edc54c58bca
amouyal:167,set_hyp5_12,non_gp,lingering,reflexive,neutral_reg_repair_native,No,2.464555473125074e-05,0.9999999403953552,1,No,3c6dc421a7f9349286b440b52c87ba3435d5e6f81ec6ec38264004dd38d215f7
amouyal:168,set_hyp5_13,non_gp,simple,reflexive,neutral_reg_repair_native,Yes,1.0,1.0,1,Yes,0d5098d8e26bb2391323bb6b95299f669386ced095096cd591906f498d83c469
amouyal:169,set_hyp5_13,non_gp,lingering,reflexive,neutral_reg_repair_native,No,1.2412772321113152e-07,1.0,1,No,a306901690cfc3138f78d785eb99314874e23dc68e0ab342403343e029cffa27
amouyal:170,set_hyp5_14,non_gp,simple,reflexive,neutral_reg_repair_native,Yes,0.9913523197174072,1.0,1,Yes,059b2f587278ff77a0269af9393e085f60ac510fdd46b2be13fea1bfef96189d
amouyal:171,set_hyp5_14,non_gp,lingering,reflexive,neutral_reg_repair_native,No,0.0019409077940508723,1.0,1,No,90bd7c72a3887fe1a7184d008c2dc5821252d4b1ec2d7ff244e632abd1a220ce
amouyal:172,set_hyp5_15,non_gp,simple,reflexive,neutral_reg_repair_native,Yes,1.0,1.0,1,Yes,ee2683b20530627e6ebf4baf5dbc5d4737fb8054853b3989079d2169e6acf278
amouyal:173,set_hyp5_15,non_gp,lingering,reflexive,neutral_reg_repair_native,No,1.920990143844392e-05,1.0,1,No,7d5da07dc75426bc67fb799ec0dac8554361b1c2bef496caff42e4c24f1b1095
amouyal:174,set_hyp5_16,non_gp,simple,reflexive,neutral_reg_repair_native,Yes,1.0,1.0,1,Yes,1b8170dd4799f3599c7bd0eba595e5d881d455f14df66f16c1c5df6580f2038f
amouyal:175,set_hyp5_16,non_gp,lingering,reflexive,neutral_reg_repair_native,No,0.9852663278579712,1.0,0,Yes,3cf8ae56de16842768ebcd654fea81145d212c783c823b5b9d83a222b535bda2
amouyal:176,set_hyp5_17,non_gp,simple,reflexive,neutral_reg_repair_native,Yes,1.0,1.0,1,Yes,f33582868ca3779e7df7455791c4970f3e527a5bdbf4c651b9879ca575ee4e73
amouyal:177,set_hyp5_17,non_gp,lingering,reflexive,neutral_reg_repair_native,No,1.7867550494710116e-10,1.0,1,No,c3f549c2804c2c0310d4ae644fe03d7da3e3b996fc14ca2dd8b3f3134f56a749
amouyal:178,set_hyp5_18,non_gp,simple,reflexive,neutral_reg_repair_native,Yes,0.018069138750433922,1.0,0,No,353d189f79cb4e6df78d4a62fa8974521ff2bad522932099eb5f5126346e2d14
amouyal:179,set_hyp5_18,non_gp,lingering,reflexive,neutral_reg_repair_native,No,0.00020536492229439318,1.0,1,No,55297b5bf0a2ab49a4af4264542d9ad1fd6e59f8eea356f319958008484924a5
amouyal:180,set_hyp5_19,non_gp,simple,reflexive,neutral_reg_repair_native,Yes,1.0,1.0,1,Yes,b10d4929d1e188d839aa1b09609eda7d3d668a8d695c678e0740229125d5afa5
amouyal:181,set_hyp5_19,non_gp,lingering,reflexive,neutral_reg_repair_native,No,1.3140580845671934e-09,1.0,1,No,f082349d224d0911144e0f43093bbcc4276883b0f9a7a55f9accc432751e7dc1
amouyal:182,set_hyp5_20,non_gp,simple,reflexive,neutral_reg_repair_native,Yes,0.9999997019767761,0.9999999403953552,1,Yes,5138039088cc8f3d7811ba72fa9376a8db9e353e6c4a83ca31f47b8c35dc4699
amouyal:183,set_hyp5_20,non_gp,lingering,reflexive,neutral_reg_repair_native,No,0.033443570137023926,1.0,1,No,42f9e58e48acf7caf9d31e43ca34fb38b772507084f13cd51ba343d8bb2ad6dc
amouyal:184,set_hyp5_21,non_gp,simple,reflexive,neutral_reg_repair_native,Yes,1.0,1.0,1,Yes,61da7edf8cea5416092053f9b6efdbfbe1e21295641677e90f9db5665074873c
amouyal:185,set_hyp5_21,non_gp,lingering,reflexive,neutral_reg_repair_native,No,0.05733802914619446,0.9999999403953552,1,No,da4820f96a5b28671847f83c4c4afee113987a9731a029f8199d61531026e9b2
amouyal:186,set_hyp5_22,non_gp,simple,reflexive,neutral_reg_repair_native,Yes,1.0,1.0,1,Yes,3cfae738b8cef98698dc2047e812c73d1a79675cbd64a3ddc063252fcb00271f
amouyal:187,set_hyp5_22,non_gp,lingering,reflexive,neutral_reg_repair_native,No,9.8860573061188e-09,1.0,1,No,0af6bdc872c3fac3de0db0e24dd8144d290e871178deaa0252a2490aaacdc38d
amouyal:188,set_hyp5_23,non_gp,simple,reflexive,neutral_reg_repair_native,Yes,1.0,1.0,1,Yes,ccc4891ad2e3f358499235dcf3b771b28cc477d338ca2c4c4e542819f5237c0c
amouyal:189,set_hyp5_23,non_gp,lingering,reflexive,neutral_reg_repair_native,No,0.8649596571922302,1.0,0,Yes,bb931f381802fbcd690ca931e4769609d5c1cb919ae1cef9fa5a6c847dc4cf7d
amouyal:190,set_hyp5_24,non_gp,simple,reflexive,neutral_reg_repair_native,Yes,1.0,1.0,1,Yes,9cf9a3f40afc46ca75bef60ec6841dc00aef8a069ed6df9113b2a90fc2df329e
amouyal:191,set_hyp5_24,non_gp,lingering,reflexive,neutral_reg_repair_native,No,0.8132644891738892,0.9999999403953552,0,Yes,8be400eb12fde8e130d628652d57a60859a4076283c3f3ad5de930de8eb154d5
amouyal:192,set_hyp5_1,gp,simple,reflexive,neutral_reg_repair_native,Yes,0.9999998807907104,1.0,1,Yes,b85876d08651b519f5eb1d411a1dd49f3de785d5abea2989705b29535ad89506
amouyal:193,set_hyp5_1,gp,lingering,reflexive,neutral_reg_repair_native,No,0.6806787848472595,1.0,0,Yes,67f57ff45d0e6e47dadc1e28c791c29003813463ec488f2e16a0f7008c16302a
amouyal:194,set_hyp5_2,gp,simple,reflexive,neutral_reg_repair_native,Yes,1.0,1.0,1,Yes,3cb8cea936f3f9a685fa9d2bb16e416ba30a8f97e2271cc69baafab07d14a9da
amouyal:195,set_hyp5_2,gp,lingering,reflexive,neutral_reg_repair_native,No,0.0002074194053420797,1.0,1,No,ca9fd38397363282c08a817cccbc615db360c10cc9c188ac7571e83cf7dc42e8
amouyal:196,set_hyp5_3,gp,simple,reflexive,neutral_reg_repair_native,Yes,0.9994921684265137,1.0,1,Yes,0be18ef6fde1fb589eaeb44ddb2b1dbe392a8177036b4bb7144eeeea217d6da1
amouyal:197,set_hyp5_3,gp,lingering,reflexive,neutral_reg_repair_native,No,0.026504158973693848,1.0,1,No,f15de07a62b3ac93d9d14b5c45566b6de9ec265a8138e2859b9a755ce16e14f2
amouyal:198,set_hyp5_4,gp,simple,reflexive,neutral_reg_repair_native,Yes,1.0,1.0,1,Yes,da1bf8ee3ea4d29f9517080c85fc6c47fd31b360b1cb96987290dc8abdf1903d
amouyal:199,set_hyp5_4,gp,lingering,reflexive,neutral_reg_repair_native,No,0.0216909721493721,1.0000001192092896,1,No,1524e776dd6f1d720b2008c128f2d6283b114131a7a22b2c6d5e975b9983f0fe
amouyal:200,set_hyp5_5,gp,simple,reflexive,neutral_reg_repair_native,Yes,0.9999880194664001,0.9999999403953552,1,Yes,66e96346f994a6078fcda0b44f7187b073713d6aa7b293539fea6f3c57d9d207
amouyal:201,set_hyp5_5,gp,lingering,reflexive,neutral_reg_repair_native,No,0.999993622303009,0.9999999403953552,0,Yes,06c1e5bd788ecc9056e08aa3a0fbd4012e2335751c1f1a674ffccc9bbee1b143
amouyal:202,set_hyp5_6,gp,simple,reflexive,neutral_reg_repair_native,Yes,0.9921016097068787,1.0,1,Yes,e094980e4891d1f3bf2f5a27a7c8db80542af65c572e6ab0dd9cf056513ddeff
amouyal:203,set_hyp5_6,gp,lingering,reflexive,neutral_reg_repair_native,No,0.052143871784210205,1.0,1,No,010dca266aa5666bd489fc5e7aba400868856c0de8e89c5fe33bfdb00d221caf
amouyal:204,set_hyp5_7,gp,simple,reflexive,neutral_reg_repair_native,Yes,0.9999999403953552,0.9999999403953552,1,Yes,c923fa829c64cdbb8bcc77cfb11629cb24a416389a0a07e2c46775fb149360d1
amouyal:205,set_hyp5_7,gp,lingering,reflexive,neutral_reg_repair_native,No,0.00015161970804911107,1.0,1,No,e55c34b17cf62d2b836125a8b1958af58571f6bf2b789e96d61d57b15c38783c
amouyal:206,set_hyp5_8,gp,simple,reflexive,neutral_reg_repair_native,Yes,0.9999992847442627,1.0,1,Yes,01f6b0c91c49cbcf32d0b8d35f84fe34b96301866202a06317fb3ef21ac2126d
amouyal:207,set_hyp5_8,gp,lingering,reflexive,neutral_reg_repair_native,No,0.0013348209904506803,1.0,1,No,b17364d0828adc374416248ff721aec6db8b4bc224dae12f916de6d78b890d52
amouyal:208,set_hyp5_9,gp,simple,reflexive,neutral_reg_repair_native,Yes,1.0,1.0,1,Yes,51308b672ff738b79ef2cc53106967769e1fa78191c9630829bfc22924f31ad1
amouyal:209,set_hyp5_9,gp,lingering,reflexive,neutral_reg_repair_native,No,1.0,1.0,0,Yes,cf841475b58c8f2b72d9472f1fff98c8a73f714546122b44cf5df2ccdca575d8
amouyal:210,set_hyp5_10,gp,simple,reflexive,neutral_reg_repair_native,Yes,1.0,1.0,1,Yes,54cdb6a2aa72824a39c90bcc5b0f5a373300e54e8c2ec6d225fe030c48f25d9d
amouyal:211,set_hyp5_10,gp,lingering,reflexive,neutral_reg_repair_native,No,0.9884527325630188,1.0,0,Yes,35b68c17db8365d029221d12b52c413ed212d7f7517c4b551af172d398227f27
amouyal:212,set_hyp5_11,gp,simple,reflexive,neutral_reg_repair_native,Yes,0.9997691512107849,1.0,1,Yes,78f79fcc36d3392b667c189d96f05174df288e89ad9a66c4baafd627fbf3e241
amouyal:213,set_hyp5_11,gp,lingering,reflexive,neutral_reg_repair_native,No,0.1426573395729065,1.0,1,No,95b6e420bb71cbdb310e27b7c711a5c9018d0bde228cb856bdacfa891fdc3046
amouyal:214,set_hyp5_12,gp,simple,reflexive,neutral_reg_repair_native,Yes,1.0,1.0,1,Yes,0380efddc2372a4b7e9d2b46b0542fa55369c977e37e27dbcb9597cd60521b69
amouyal:215,set_hyp5_12,gp,lingering,reflexive,neutral_reg_repair_native,No,0.0009684556280262768,1.0,1,No,e0e07911be5ae77eea47f4fdd1ed29ec004ddf43c958c508130ed1108e44417d
amouyal:216,set_hyp5_13,gp,simple,reflexive,neutral_reg_repair_native,Yes,0.9966537356376648,0.9999999403953552,1,Yes,86a9b23291e2cc5688c66250bec83f28b91f52471fc46d61f447dca9e70dea51
amouyal:217,set_hyp5_13,gp,lingering,reflexive,neutral_reg_repair_native,No,0.98117995262146,1.0,0,Yes,dd088b9718b326185fd33731780b5953319549aaf977825a3fed2b8fa1db8081
amouyal:218,set_hyp5_14,gp,simple,reflexive,neutral_reg_repair_native,Yes,0.5890664458274841,1.0,1,Yes,99da0d59aab080c9d809b1e3c4868abcac375f89d0fd95aa5d77dd3c158efe29
amouyal:219,set_hyp5_14,gp,lingering,reflexive,neutral_reg_repair_native,No,0.18850423395633698,1.0,1,No,67806c89ec67fe6ae378d5104e894799bc12abb1c70568dde4d8ea230bdc0a33
amouyal:220,set_hyp5_15,gp,simple,reflexive,neutral_reg_repair_native,Yes,0.9998776912689209,1.0,1,Yes,79796b6b24a944557c1ceb56ae04d62aa851e74d0eae7ec5c5415e8d0dec1302
amouyal:221,set_hyp5_15,gp,lingering,reflexive,neutral_reg_repair_native,No,0.9969439506530762,0.9999999403953552,0,Yes,d7a70bc441e1b73391f6880280a43574543f8d0c3cbadad51bce80cabb6763f3
amouyal:222,set_hyp5_16,gp,simple,reflexive,neutral_reg_repair_native,Yes,0.9999997615814209,1.0,1,Yes,9b83a92bea10c156a45f9fba094ddaac49ce4d0e0728b51c0e0c5d12fc6fb54e
amouyal:223,set_hyp5_16,gp,lingering,reflexive,neutral_reg_repair_native,No,0.9999994039535522,1.0,0,Yes,57f64b8adbb85a11cdcb1a64c747e484f05417696b6edf4943d20865a572ee4b
amouyal:224,set_hyp5_17,gp,simple,reflexive,neutral_reg_repair_native,Yes,1.0,1.0,1,Yes,d7c44fe6078f281739bf341dd29f3d1dccac520d43cf9660499d3ffd15130f97
amouyal:225,set_hyp5_17,gp,lingering,reflexive,neutral_reg_repair_native,No,3.176344876010262e-07,0.9999999403953552,1,No,e5f5c938448f94705ae488ea0c98418731bea7e533679d3293aabde2eeebfac7
amouyal:226,set_hyp5_18,gp,simple,reflexive,neutral_reg_repair_native,Yes,0.03484481945633888,1.0000001192092896,0,No,ae7725dffb628e80bcef00d13d734caa2f553ca76cd31942e703bf02a9f74e65
amouyal:227,set_hyp5_18,gp,lingering,reflexive,neutral_reg_repair_native,No,0.9987905621528625,1.0,0,Yes,f634d8f8d3c938cf78e5a23a16a11289a2b019dcdf1338340d0c5dbf4e240758
amouyal:228,set_hyp5_19,gp,simple,reflexive,neutral_reg_repair_native,Yes,0.9999999403953552,0.9999999403953552,1,Yes,cc2b881e6f46dade9241869b68c44cdf70f1de0569f5785491e5da8639fb46df
amouyal:229,set_hyp5_19,gp,lingering,reflexive,neutral_reg_repair_native,No,0.9997845888137817,0.9999999403953552,0,Yes,32ed2edd37f1233cc99437a7e002007900878a73bb123b6f429502eb5484a7f5
amouyal:230,set_hyp5_20,gp,simple,reflexive,neutral_reg_repair_native,Yes,0.9999988079071045,1.0,1,Yes,764cabd5781a8edad0f27a1c0bbc91c382fa6bebc5f60fdd5d31f3168163570d
amouyal:231,set_hyp5_20,gp,lingering,reflexive,neutral_reg_repair_native,No,0.9998509883880615,1.0,0,Yes,137b6c020ababd57d9440340e7c439414211e3c94c5f06180368c11bebc14655
amouyal:232,set_hyp5_21,gp,simple,reflexive,neutral_reg_repair_native,Yes,0.9999972581863403,1.0,1,Yes,ce2b7d22b400637759f074c525de3c28e3c97fb7aa52309d192be3f3f9f4c656
amouyal:233,set_hyp5_21,gp,lingering,reflexive,neutral_reg_repair_native,No,0.999121367931366,1.0,0,Yes,3d6afd763bd689407e8595663e8579c72ca8b3f9ce8c593ca08f2d6a2ee5ea68
amouyal:234,set_hyp5_22,gp,simple,reflexive,neutral_reg_repair_native,Yes,0.9999977350234985,1.0,1,Yes,96da474e8e7d1ee9995514f54ef976522902e21d83da3f57a8721603aecda04a
amouyal:235,set_hyp5_22,gp,lingering,reflexive,neutral_reg_repair_native,No,0.47699740529060364,1.0,1,No,22d70f1b17ba4cd613d7f6636b8a5aa1364bdc27f29065bed9819d0762354192
amouyal:236,set_hyp5_23,gp,simple,reflexive,neutral_reg_repair_native,Yes,0.9999938607215881,0.9999999403953552,1,Yes,12e4af89400534db57360cd92de663a03c1e4c2ff94917c5205237112122edf9
amouyal:237,set_hyp5_23,gp,lingering,reflexive,neutral_reg_repair_native,No,0.9999802112579346,1.0,0,Yes,96da536e0e169a8430a2d865a7c63d7639e1d4b37921ffdf85d45b68737641c4
amouyal:238,set_hyp5_24,gp,simple,reflexive,neutral_reg_repair_native,Yes,1.0,1.0,1,Yes,70f1678a8acd9243fd6825e452deead9a47e69a1218c2c4c1fb9854bb2f4d8cc
amouyal:239,set_hyp5_24,gp,lingering,reflexive,neutral_reg_repair_native,No,0.9992724061012268,1.0,0,Yes,ddada2d4cebaa1916180fadf7f5b593768a8e44363dabd2f31301c69f7bf7cde
amouyal:240,set_1,gp,simple,prob,neutral_reg_repair_native,Yes,0.9999996423721313,1.0,1,Yes,2eb4bd80ad0d3d3cb6b6c88c5f05637fce70f2b1c2c6e9dd10fb1b4eef6ebdf9
amouyal:241,set_1,gp,lingering,prob,neutral_reg_repair_native,No,0.8954530954360962,1.0,0,Yes,90ad61acd5d4ac55c496fb3fddf8e1969c464bcb6e0688ce404152abc5e7b0ef
amouyal:242,set_1,non_gp,simple,prob,neutral_reg_repair_native,Yes,1.0,1.0,1,Yes,cd88373b64f863c9cdb6ab2d8cd590ae952a55c213f5f71be96e51a0745aef44
amouyal:243,set_1,non_gp,lingering,prob,neutral_reg_repair_native,No,0.7928579449653625,1.0,0,Yes,51b4d9e66f0b3721e1441e408f3d0e0992fed4dbe805d386da95fd2e25b40f58
amouyal:244,set_2,gp,simple,prob,neutral_reg_repair_native,Yes,0.9999996423721313,1.0,1,Yes,a565867ec3f5a987214af4ef60e777c6fca2c8486bb2757346abd0a2d96af249
amouyal:245,set_2,gp,lingering,prob,neutral_reg_repair_native,No,0.9999998211860657,0.9999999403953552,0,Yes,8eeb263166b4a7ab85b6c9f9e8c3cdd095f602509bea108bd9b729054405f0a8
amouyal:246,set_2,non_gp,simple,prob,neutral_reg_repair_native,Yes,1.0,1.0,1,Yes,2b4ef4b86f6f7b15154fe578009b633495c55b11bea5c46557f685de34edeea3
amouyal:247,set_2,non_gp,lingering,prob,neutral_reg_repair_native,No,0.9999999403953552,0.9999999403953552,0,Yes,d135f8f07abd159ceffcff77f22577b4467ee75acc1732af4d9556bf93dd9b77
amouyal:248,set_3,gp,simple,prob,neutral_reg_repair_native,Yes,0.5995061993598938,0.9999999403953552,1,Yes,ef9a2641606880b8f084f7f7b3369f8dcd8b2c1d38eebebdbedde34b0be05b16
amouyal:249,set_3,gp,lingering,prob,neutral_reg_repair_native,No,0.9995908141136169,1.0,0,Yes,824a6c9b54a1e5162892fc1d5e4db1ae7126835b67bc70597ac571023f35dfb1
amouyal:250,set_3,non_gp,simple,prob,neutral_reg_repair_native,Yes,0.9999995231628418,1.0,1,Yes,f776b699da687e63ea85c1186aefc393c3a8001d0e314e60d3c2f0713cfb5c53
amouyal:251,set_3,non_gp,lingering,prob,neutral_reg_repair_native,No,0.8107892274856567,1.0,0,Yes,90f2fdb39d4cb208dbaf517e70f1a79b6a7e029c79589ac9f5f1fa1b0607be0f
amouyal:252,set_4,gp,simple,prob,neutral_reg_repair_native,Yes,0.999993085861206,1.0,1,Yes,ac8be1cc2a5575b8852e828898750aec19f30642a9690e65231712e7b4acabbf
amouyal:253,set_4,gp,lingering,prob,neutral_reg_repair_native,No,0.995947539806366,1.0,0,Yes,9974ed4d2682b1a1d66deee5e71ce6b0ea8bec2f35177c9d0c7a07eec925e520
amouyal:254,set_4,non_gp,simple,prob,neutral_reg_repair_native,Yes,1.0,1.0,1,Yes,1a804d83ca8bee7d16c8ed61e8b1c21fbce174df72b583484b41358191926243
amouyal:255,set_4,non_gp,lingering,prob,neutral_reg_repair_native,No,0.18884876370429993,0.9999999403953552,1,No,44a7b12245ebf6ac396ccf36710e3cc65eeea7595d2bba0f19362d810e33c7b9
amouyal:256,set_5,gp,simple,prob,neutral_reg_repair_native,Yes,0.9984777569770813,1.0,1,Yes,ff6707b172576a268e46069cc84128b4fb569b88480e06382123a35a66923645
amouyal:257,set_5,gp,lingering,prob,neutral_reg_repair_native,No,0.14697697758674622,1.0,1,No,a4b5ace068f32223bda1be8423b982f5d31fecc9054bd2c9d1f905c806f89c76
amouyal:258,set_5,non_gp,simple,prob,neutral_reg_repair_native,Yes,1.0,1.0,1,Yes,47ad619ed743685f092ec72aa4540704ed0cac5200bfc32541db05206aac9146
amouyal:259,set_5,non_gp,lingering,prob,neutral_reg_repair_native,No,0.9325112104415894,1.0,0,Yes,5fe09b81442621d9156493de7ef5235a23927406394f0e5e69813d5d994a09a0
amouyal:260,set_6,gp,simple,prob,neutral_reg_repair_native,Yes,0.9991104602813721,0.9999999403953552,1,Yes,b1abdb0704d802c7d936d1c1707b6c48522380a23ecb03be8fdfc0e426c33251
amouyal:261,set_6,gp,lingering,prob,neutral_reg_repair_native,No,0.9998840689659119,0.9999999403953552,0,Yes,6ce946b1cc05f8e93e60bf3f6da7da5202907096ed1e0d7bc6cea0254a4c2b8b
amouyal:262,set_6,non_gp,simple,prob,neutral_reg_repair_native,Yes,1.0,1.0,1,Yes,69cd0cf0056ddf99849095b9cd95e9bb5ef22f116bc23bcf5e50e69453307ef3
amouyal:263,set_6,non_gp,lingering,prob,neutral_reg_repair_native,No,0.9963817000389099,0.9999999403953552,0,Yes,921facd2079d6db7fa9a5e8cd3831dbdb14fdc99d39998227678589fabdf5c8b
amouyal:264,set_7,gp,simple,prob,neutral_reg_repair_native,Yes,0.7905208468437195,1.0,1,Yes,c89200b73c21e474665bf4573299e8e9575a489ee17cb6f9f064a00fa273c303
amouyal:265,set_7,gp,lingering,prob,neutral_reg_repair_native,No,0.9999988079071045,1.0,0,Yes,c99e8ca5ea9d3ba946ea22cfcbfc20b05d39d2ae28ca4ccba6c56f0318339846
amouyal:266,set_7,non_gp,simple,prob,neutral_reg_repair_native,Yes,0.9999920129776001,1.0,1,Yes,4c1f44e8bf9fb726d7a946bcbd0ad43e0ca865ed4c313a824668a30c0bcd9e18
amouyal:267,set_7,non_gp,lingering,prob,neutral_reg_repair_native,No,0.9999487400054932,1.0,0,Yes,0771c75a5d0e0bc7b1fc8e1867c30a9eb6f210b6ab1031d8a582a00bc8fd72a9
amouyal:268,set_8,gp,simple,prob,neutral_reg_repair_native,Yes,0.9998650550842285,1.0,1,Yes,345a83e9f1fd653a2553f6c4e221d9ee8f98acc90860c379e901fa85e0b10dd1
amouyal:269,set_8,gp,lingering,prob,neutral_reg_repair_native,No,0.9723986387252808,1.0,0,Yes,7a41a408cde11203e90b69054246629c41f9809d374005ac8c1877e011a01c64
amouyal:270,set_8,non_gp,simple,prob,neutral_reg_repair_native,Yes,1.0,1.0,1,Yes,2423277c69970259c63ee8b161f52da4ac9af3465157b89968852f74103e3b41
amouyal:271,set_8,non_gp,lingering,prob,neutral_reg_repair_native,No,0.9914901852607727,1.0,0,Yes,c5d81a02bbdd7fea670037088e84cef3858968bf926a006a001235a6d0cc993c
amouyal:272,set_9,gp,simple,prob,neutral_reg_repair_native,Yes,0.9999862909317017,1.0,1,Yes,92e1b64adf69ac4b90f635291ea39b56299fb8e1dee50591dfcf8786a7cea73a
amouyal:273,set_9,gp,lingering,prob,neutral_reg_repair_native,No,0.9999992847442627,1.0,0,Yes,e24e406b467c202e837dc0271231bd7aaf879b6acc6839b256c2410665d615dc
amouyal:274,set_9,non_gp,simple,prob,neutral_reg_repair_native,Yes,1.0,1.0,1,Yes,d4c9c352577f96d1177170f32c654453c9c47170a1c31ad27383c735f77f42e7
amouyal:275,set_9,non_gp,lingering,prob,neutral_reg_repair_native,No,0.9999998807907104,1.0,0,Yes,b69c867ea584db6a1405f81f25075a2abf67d6fe734b4faad01540022cfb2d3f
amouyal:0,set_10,gp,simple,prob,neutral_reg_repair_prefill,Yes,0.9302343130111694,0.9430353045463562,1, Yes,bffebbb04bd9e64b7ac064ac8fc6db80048bf683aa47454c660d3f7909f0e02d
amouyal:1,set_10,gp,lingering,prob,neutral_reg_repair_prefill,No,0.8790861964225769,0.8874132037162781,0, Yes,500dc67e6200c3a5e2d82e37b2977aacfc1a2c19fb525531f1f4c2bc62770484
amouyal:2,set_10,non_gp,simple,prob,neutral_reg_repair_prefill,Yes,0.9970613121986389,0.9532716870307922,1, Yes,b857112559f90babff32daa3f0e491196ec15de22835f84843a85e8402c4a8f0
amouyal:3,set_10,non_gp,lingering,prob,neutral_reg_repair_prefill,No,0.7891325354576111,0.7324281930923462,0, Yes,69ec8c1df7d39888f68dfbd1c7ccf1d2412d3fa4b58390ddb1996b8af1371d06
amouyal:4,set_11,gp,simple,prob,neutral_reg_repair_prefill,Yes,0.9903514981269836,0.9353675842285156,1, Yes,e2eaa31bcc81d0cd654c53afa13e83805d1ec47f2e42a3515568897b11311e31
amouyal:5,set_11,gp,lingering,prob,neutral_reg_repair_prefill,No,0.9923808574676514,0.9366492033004761,0, Yes,53e09c723e8b4e989c196797265311fa78f25b5b8ed442dcbb0c6fbd4c784b5a
amouyal:6,set_11,non_gp,simple,prob,neutral_reg_repair_prefill,Yes,0.9978589415550232,0.9491342306137085,1, Yes,0c0eec50aa2426bb9ada70b4420af882156478dbfb51e966c4123e1380e94d74
amouyal:7,set_11,non_gp,lingering,prob,neutral_reg_repair_prefill,No,0.9504727721214294,0.8472527265548706,0, Yes,2f92c45960b4882a0833ed90f9481329e9ce744da2cc5d439557efcbcb03baf0
amouyal:8,set_12,gp,simple,prob,neutral_reg_repair_prefill,Yes,0.0003364784934092313,0.9863254427909851,0, No,74ca81d8075bbafd20a92ecb4e7e4e4a96140a5584f40027461f3dce19be3f21
amouyal:9,set_12,gp,lingering,prob,neutral_reg_repair_prefill,No,0.9955700039863586,0.9727966785430908,0, Yes,9df7de4cc4b3d112afb93176ecd96884f872a31d37eca4090f3a69bd67ebe60a
amouyal:10,set_12,non_gp,simple,prob,neutral_reg_repair_prefill,Yes,0.9997210502624512,0.9691174626350403,1, Yes,2e332ea75183463e0a30aa92c823c74952b64961b9d6b8e690e39dd152c0192b
amouyal:11,set_12,non_gp,lingering,prob,neutral_reg_repair_prefill,No,0.8913396000862122,0.7832564115524292,0, Yes,5fb4843a831b25d24e551dce0839edcdfeb54b42945c743d3c74c18dc906b16d
amouyal:12,set_13,gp,simple,prob,neutral_reg_repair_prefill,Yes,0.9255278706550598,0.9409688115119934,1, Yes,33e282927c5542da11c872ac0a84b1fae298425e774248da107b37d240015581
amouyal:13,set_13,gp,lingering,prob,neutral_reg_repair_prefill,No,0.36509275436401367,0.8821662664413452,1, No,cd01fbb3ba7499dc5a933f3ea1f07c7f9682148fb5c2be51b6bec3e6df584321
amouyal:14,set_13,non_gp,simple,prob,neutral_reg_repair_prefill,Yes,0.9987316131591797,0.9670618176460266,1, Yes,a91c4669140da7113fc2cc635e696a06737d58ab538ac2377ad0799a0cfd7648
amouyal:15,set_13,non_gp,lingering,prob,neutral_reg_repair_prefill,No,0.9506931304931641,0.8805216550827026,0, Yes,1b11104e197e4c9ec4c9ddf464242b9644eb08dc97153085bd6d70034afff9a3
amouyal:16,set_14,gp,simple,prob,neutral_reg_repair_prefill,Yes,0.530464231967926,0.8945907354354858,1, Yes,5ef057bd902672e24c1cc3f852fe955337f58ffae128f158ea9e5e23d4e6c0e8
amouyal:17,set_14,gp,lingering,prob,neutral_reg_repair_prefill,No,0.9607487916946411,0.9499664902687073,0, Yes,b5a1b8da6196b073b99ce26e185384fc4dfe9b548cabb6212ec5e84aff226d4b
amouyal:18,set_14,non_gp,simple,prob,neutral_reg_repair_prefill,Yes,0.9617182016372681,0.9391099810600281,1, Yes,3690aeec8561c9e6ce78b9f31fd5d106c883d0bd743d94c456eeaadadfb73266
amouyal:19,set_14,non_gp,lingering,prob,neutral_reg_repair_prefill,No,0.09466926753520966,0.9034744501113892,1, No,465f356cd7d2f5eae48b1baf70ff661966778b0ac019f13a59ffd56f553985c6
amouyal:20,set_15,gp,simple,prob,neutral_reg_repair_prefill,Yes,0.9972655177116394,0.9583566784858704,1, Yes,59331b656c6e3d48d0f6652e9c7682370bf241101dc2c78c25e31e9d948bdb36
amouyal:21,set_15,gp,lingering,prob,neutral_reg_repair_prefill,No,0.9900301098823547,0.9391114711761475,0, Yes,4008080d3ae46a89b7629c4b28537281d7209949bb9fe11994b77a3f7e0b6ee0
amouyal:22,set_15,non_gp,simple,prob,neutral_reg_repair_prefill,Yes,0.999826192855835,0.9598209857940674,1, Yes,4e5127e45c41b9e0e31bc340c2f63f15d309adace08646fdc931c32f146c8e89
amouyal:23,set_15,non_gp,lingering,prob,neutral_reg_repair_prefill,No,0.9991099834442139,0.9143613576889038,0, Yes,1e76fc5e7236543c1f193751bd3afed6c2ee20f4e9d84ab11771c6de1b90d37e
amouyal:24,set_16,gp,simple,prob,neutral_reg_repair_prefill,Yes,0.9906774759292603,0.9225306510925293,1, Yes,31b2d718d88c9e711f63d2ee1e2145e2bca8d225ab786446e03d5227f6ea2618
amouyal:25,set_16,gp,lingering,prob,neutral_reg_repair_prefill,No,0.9624135494232178,0.923586368560791,0, Yes,7b9f0882c40c9fe93041ef2cb40849a44294b3bf2cb89bba47f04caa7e37635e
amouyal:26,set_16,non_gp,simple,prob,neutral_reg_repair_prefill,Yes,0.9995248913764954,0.955052375793457,1, Yes,6208cd9571b1b9d0491f1c9273354a2b636bff301b0e4781268f11f8a202d382
amouyal:27,set_16,non_gp,lingering,prob,neutral_reg_repair_prefill,No,0.9974440932273865,0.9076728224754333,0, Yes,2bf371f48295426abe29d479d477d58e618a7260f99ef2cac97ee92a75fa55eb
amouyal:28,set_17,gp,simple,prob,neutral_reg_repair_prefill,Yes,0.9899738430976868,0.9427803754806519,1, Yes,d0fb3998f05f64c1549322e4b0a978b8756328d703be9e4ca2fcba2053f8a731
amouyal:29,set_17,gp,lingering,prob,neutral_reg_repair_prefill,No,0.8280124068260193,0.8010025024414062,0, Yes,671d1bd103a7108ffe9b70da7256e7df81aae52f30d70bbda5d65cf39ecd1cc3
amouyal:30,set_17,non_gp,simple,prob,neutral_reg_repair_prefill,Yes,0.99935382604599,0.9586569666862488,1, Yes,e674c78cb4a1365e8f8200ae12a39272b6840d8d8d32b645cdf2478c322de454
amouyal:31,set_17,non_gp,lingering,prob,neutral_reg_repair_prefill,No,4.005435039289296e-05,0.977853000164032,1, No,28166ba19d17b9b070da6d50bf992926fe14d98f1991f7f3a40bc690f32e417d
amouyal:32,set_18,gp,simple,prob,neutral_reg_repair_prefill,Yes,0.9877399206161499,0.9473413825035095,1, Yes,cb94a0b0103f9648eef95dc850a4edd6eeaec9c27c103edd17b4291eee4f9fda
amouyal:33,set_18,gp,lingering,prob,neutral_reg_repair_prefill,No,0.13674002885818481,0.9322482347488403,1, No,6a05614b28162c9b6a4aa96c71794984137e8860273fd95d0039ebb52aa52679
amouyal:34,set_18,non_gp,simple,prob,neutral_reg_repair_prefill,Yes,0.9991975426673889,0.9537028074264526,1, Yes,dc4f2dd1e8887f2e8d88e8640c7e618b1120628ccfdf1262fb230362b09c3edf
amouyal:35,set_18,non_gp,lingering,prob,neutral_reg_repair_prefill,No,9.165333381133678e-07,0.9871887564659119,1, No,006f1f8219757991a1ac9b2317dedb147333532ec22875179ba7b67e412e039c
amouyal:36,set_19,gp,simple,prob,neutral_reg_repair_prefill,Yes,0.9963631629943848,0.9660058617591858,1, Yes,e6f19023734c41d824f11f07f78966807e04d5068e09da09b0a7ace8b6690b90
amouyal:37,set_19,gp,lingering,prob,neutral_reg_repair_prefill,No,0.018630225211381912,0.9773149490356445,1, No,07dff2249b3ac81d44a9805596debe5157c91b8184a6421946a1323672dc31bc
amouyal:38,set_19,non_gp,simple,prob,neutral_reg_repair_prefill,Yes,0.9995120763778687,0.974058985710144,1, Yes,0bddc176e791524ec83ae2c8f4607cb14026f37904f0b9b0adbd68d82f4f4d0c
amouyal:39,set_19,non_gp,lingering,prob,neutral_reg_repair_prefill,No,0.9715392589569092,0.9584866762161255,0, Yes,4422708a947e7b17b9932c65c67ab582e893ddc67819f185262956f2a00b522e
amouyal:40,set_20,gp,simple,prob,neutral_reg_repair_prefill,Yes,0.9780320525169373,0.9226589798927307,1, Yes,37f422e44426e0c3c2493da31a4bce78785f1cc2ee3758f202bd9cc8c806f087
amouyal:41,set_20,gp,lingering,prob,neutral_reg_repair_prefill,No,0.37194252014160156,0.8828948140144348,1, No,e394d342e2c4638c9e6b03eee357d6acc3b97796d667c18442e68b73775e01e8
amouyal:42,set_20,non_gp,simple,prob,neutral_reg_repair_prefill,Yes,0.998715877532959,0.936562716960907,1, Yes,8cb31df8cd1bcb5e2791ea0dc6d0cc7188b9f7d95ac33a46fdae50ba382cfaf7
amouyal:43,set_20,non_gp,lingering,prob,neutral_reg_repair_prefill,No,8.645035995868966e-05,0.9775277972221375,1, No,a92d247f0fc8c36ff4fede2e39b12c5cd3b023e9f3d0617d136929e0b7c222e7
amouyal:44,set_21,gp,simple,prob,neutral_reg_repair_prefill,Yes,0.6300590634346008,0.8392611742019653,1, Yes,284130640a912e9433c21017f2c77611a145635b9bcd65602087352de1ca301f
amouyal:45,set_21,gp,lingering,prob,neutral_reg_repair_prefill,No,0.19089972972869873,0.9398579001426697,1, No,ebf6e6ff70425b5a582c4b76e174034cbb4baa5038a4cd5c2e6c08216df8d763
amouyal:46,set_21,non_gp,simple,prob,neutral_reg_repair_prefill,Yes,0.9997450709342957,0.9664875268936157,1, Yes,6df401893130f170c10c586dd9e7a1f83cf309989c6430e7dc2657081709dd54
amouyal:47,set_21,non_gp,lingering,prob,neutral_reg_repair_prefill,No,0.02354874461889267,0.9469519853591919,1, No,f8c5e482370b90637cd71986f41360f269df4ca60e4b35283004713f2910f7db
amouyal:48,set_22,gp,simple,prob,neutral_reg_repair_prefill,Yes,0.9985482096672058,0.9545683860778809,1, Yes,070ec903ee715afa883eae74e9d5348de89c97bf9dc3d95a5b652fabe1c2ac0c
amouyal:49,set_22,gp,lingering,prob,neutral_reg_repair_prefill,No,0.9910974502563477,0.9499173164367676,0, Yes,3c4ab91c2ea89fd08d61e40559f40fe88c150a7c60f154d29e1d22344e6c3e06
amouyal:50,set_22,non_gp,simple,prob,neutral_reg_repair_prefill,Yes,0.9992251396179199,0.9668818712234497,1, Yes,7b237668081c1da3ad6aa5d1d697d28aa5c8b1d45868c9d750b50910d818cfbb
amouyal:51,set_22,non_gp,lingering,prob,neutral_reg_repair_prefill,No,0.001580545911565423,0.9907326698303223,1, No,3c886b8b45c84423a7b3bcdfb07a1d151726a995d94ecc8029e32aea48885a68
amouyal:52,set_23,gp,simple,prob,neutral_reg_repair_prefill,Yes,0.8647017478942871,0.836749792098999,1, Yes,26ded2ceb44e5326c1973eaec233879aa76812314613ce9b8e61ff3b7b5dd13c
amouyal:53,set_23,gp,lingering,prob,neutral_reg_repair_prefill,No,0.9485700726509094,0.8431654572486877,0, Yes,9ed65de68d4096271dd011cc3416edc37a18ad443f830a17d5ced113a66ea176
amouyal:54,set_23,non_gp,simple,prob,neutral_reg_repair_prefill,Yes,0.9990571141242981,0.9626927375793457,1, Yes,c68a92f368809fcce57fb16b1f307c52904347ff400a691135de565f6480ef83
amouyal:55,set_23,non_gp,lingering,prob,neutral_reg_repair_prefill,No,0.9987891316413879,0.9405194520950317,0, Yes,88e2003bfdcb2520faa332488e55f12b582456475f81853fb9d5d8d69f923d81
amouyal:56,set_24,gp,simple,prob,neutral_reg_repair_prefill,Yes,0.8298339247703552,0.8699684143066406,1, Yes,675a72f42f36aabc54cdf88b937d3ce24466a7a22ed2589c4f99f8e59c2887fc
amouyal:57,set_24,gp,lingering,prob,neutral_reg_repair_prefill,No,0.09066122770309448,0.9342884421348572,1, No,1c8252e316c54f48c3de1c8e456455458c2a693719d982e0cc731d239e146c71
amouyal:58,set_24,non_gp,simple,prob,neutral_reg_repair_prefill,Yes,0.9989334344863892,0.9559670686721802,1, Yes,b396010f4daa00665b3527ef0b9a5a0fbbd7373dadd54d211f21456748d1805e
amouyal:59,set_24,non_gp,lingering,prob,neutral_reg_repair_prefill,No,6.926272817509016e-06,0.9838729500770569,1, No,691dcc25f6cb419a0acb3b77b880d83b211e4ae6b1959b3666478c65bdc7edb1
amouyal:60,set_25,gp,simple,prob,neutral_reg_repair_prefill,Yes,0.9948174357414246,0.9073936939239502,1, Yes,e50fe4fba15fc9b25ae27776227bc8253a9258e7c4c53397db074335c9f81b5f
amouyal:61,set_25,gp,lingering,prob,neutral_reg_repair_prefill,No,0.9821546673774719,0.9056187272071838,0, Yes,98f8e17b67e7a07da0228b2d2607b80bf99fd61c1f5d6c5494f992ca4e4b756a
amouyal:62,set_25,non_gp,simple,prob,neutral_reg_repair_prefill,Yes,0.9992250800132751,0.9479212164878845,1, Yes,e639ddef7f8fa15663e3bbf33ec06c516c2fbfafa29250383dd424a52234869c
amouyal:63,set_25,non_gp,lingering,prob,neutral_reg_repair_prefill,No,0.9447975158691406,0.8599228262901306,0, Yes,de4b6c8837600b6f36fe4a39af48d1b47c3e3134e862d18a02ad9a09f8c54058
amouyal:64,set_26,gp,simple,prob,neutral_reg_repair_prefill,Yes,0.9295141100883484,0.8577105402946472,1, Yes,d91ce400565afe5414c617cd10d0d1cddcf9679bce401887ea57d6fb047b5a6a
amouyal:65,set_26,gp,lingering,prob,neutral_reg_repair_prefill,No,3.1793715606909245e-05,0.9869504570960999,1, No,a2dc5c1550ddfab8ef19317eb082f9f0fbc3e1a3b3843c7e6d85b1ef1006104b
amouyal:66,set_26,non_gp,simple,prob,neutral_reg_repair_prefill,Yes,0.9985353946685791,0.9509081244468689,1, Yes,745a6f9f117ab637cf2ae29b7a3077f3eb9e752d73da0b23971cf553a62c6aa2
amouyal:67,set_26,non_gp,lingering,prob,neutral_reg_repair_prefill,No,7.778053401352736e-08,0.9952812194824219,1, No,1c5fda5d2b8322fcab314dcca9e28d6af8d14dee01cf634ce0220d08dbed63f4
amouyal:68,set_27,gp,simple,prob,neutral_reg_repair_prefill,Yes,0.9983190894126892,0.9458377957344055,1, Yes,865810d6f16cc6ad267534f4ab6f4b712de6cd776f31c8d27fa3acfa4e9cb45c
amouyal:69,set_27,gp,lingering,prob,neutral_reg_repair_prefill,No,0.9717923998832703,0.9193639755249023,0, Yes,bff5792d3ce172bc0be93a3d8aac3e69150d5655cf7e3f95c8d7a61a797a2126
amouyal:70,set_27,non_gp,simple,prob,neutral_reg_repair_prefill,Yes,0.999378502368927,0.947932243347168,1, Yes,3dff242cfe559035c4db27c844d43f5b18de427fe9c511a0bf19caa3464e69bb
amouyal:71,set_27,non_gp,lingering,prob,neutral_reg_repair_prefill,No,0.3378642797470093,0.698665201663971,1, No,593839a24d1feaa8460a69d4d91e5111f29bf52f89b6ca6c5e592b302f953571
amouyal:72,set_28,gp,simple,prob,neutral_reg_repair_prefill,Yes,0.920340359210968,0.8825843334197998,1, Yes,809aecabe63ee8a545e1f33a28785f12be048bcf07be2daa6d375c1fd9db9e6b
amouyal:73,set_28,gp,lingering,prob,neutral_reg_repair_prefill,No,0.1993645280599594,0.8868752121925354,1, No,0992ddede463f952dd6df6b4d9c08afbfb6154386b1cfe6ac284ec0a9ec8d32a
amouyal:74,set_28,non_gp,simple,prob,neutral_reg_repair_prefill,Yes,0.9992900490760803,0.9683923125267029,1, Yes,b0910d565a21ef5b8189154145e8bd792bec65e59e7faba60d4a081b0325b292
amouyal:75,set_28,non_gp,lingering,prob,neutral_reg_repair_prefill,No,0.9197846055030823,0.8418022990226746,0, Yes,41b780a4f6bef300a613905a4aca0841d749fb3c1d4f56dfa961c468e7190206
amouyal:76,set_29,gp,simple,prob,neutral_reg_repair_prefill,Yes,0.9970446228981018,0.9311282634735107,1, Yes,0f2287c77b8de4fefce2356986747a953e9af0b884bf19d7a2d162fb80cc86e8
amouyal:77,set_29,gp,lingering,prob,neutral_reg_repair_prefill,No,0.7616699934005737,0.9156041145324707,0, Yes,b53652bdbd02f1ef21271c7c6f2b1dce8127616e767a898ea217437dfbbd1427
amouyal:78,set_29,non_gp,simple,prob,neutral_reg_repair_prefill,Yes,0.9995284080505371,0.9505407810211182,1, Yes,747cc31b60b75629683b13a018c41e39696a573a637b3dd04c141079114e4fa2
amouyal:79,set_29,non_gp,lingering,prob,neutral_reg_repair_prefill,No,0.43408599495887756,0.853854775428772,1, No,c00d859e6c16a69196d77249a8731d6c02f5c998d2fa236d585083e9fd99a96d
amouyal:80,set_30,gp,simple,prob,neutral_reg_repair_prefill,Yes,0.9986370801925659,0.9683263897895813,1, Yes,98f9282d6a552bab32ce14cb140024c1b73d3159da8a84e720ffcbcec932485d
amouyal:81,set_30,gp,lingering,prob,neutral_reg_repair_prefill,No,0.9928838014602661,0.9454083442687988,0, Yes,b5a4ca3df2fdeb603b59258bcb0bfca71536bc9dce2252f2e21c3be0bc000f2f
amouyal:82,set_30,non_gp,simple,prob,neutral_reg_repair_prefill,Yes,0.9997556805610657,0.9731051921844482,1, Yes,ae7da8c857bec8fb15eb3035b8ee2268d255bce16fc97e33c6666f9cbd7fd7c7
amouyal:83,set_30,non_gp,lingering,prob,neutral_reg_repair_prefill,No,0.9868634343147278,0.8905340433120728,0, Yes,c061a7bc40766b1ecddf416bf2dae535d827cf6d1b259ef837a3b5f9f8613a7a
amouyal:84,set_31,gp,simple,prob,neutral_reg_repair_prefill,Yes,0.9818471670150757,0.9247511625289917,1, Yes,7cba26cede6a0e0ba60f7b95bfc60d42b724bc700d1d30a064f1b84d8515de08
amouyal:85,set_31,gp,lingering,prob,neutral_reg_repair_prefill,No,0.6969578862190247,0.8988357782363892,0, Yes,baf356a62ba472aa6805474a5274a20b7fba7478bc7a44ed109c64bcfb64e7f1
amouyal:86,set_31,non_gp,simple,prob,neutral_reg_repair_prefill,Yes,0.9982296228408813,0.9561102986335754,1, Yes,e5f667f53f79d5fe4e32f78fe5407eabf38215eb80b584e4f52bfdaf069d279a
amouyal:87,set_31,non_gp,lingering,prob,neutral_reg_repair_prefill,No,0.04186731204390526,0.9382553100585938,1, No,938086c99e40e5eed731ef94ec7ac9ea5accf9bfd98e79f78a646453b14c45fd
amouyal:88,set_32,gp,simple,prob,neutral_reg_repair_prefill,Yes,0.5210052132606506,0.8021655678749084,1, Yes,cf9f986e0dcbc5e0457a29cfc14b42411c15b6839ecad51ff718ebb12d50236f
amouyal:89,set_32,gp,lingering,prob,neutral_reg_repair_prefill,No,0.20344889163970947,0.8647092580795288,1, No,a6ad82941f9a73374a3c86cf1325eab9b53bea1f563e625dd1b0efa048a9bc56
amouyal:90,set_32,non_gp,simple,prob,neutral_reg_repair_prefill,Yes,0.9983320832252502,0.9609505534172058,1, Yes,f408d5e036fe4c70dbe399f79251c6b9f1f31eee80c87e56ed93cfe17b9d1c5f
amouyal:91,set_32,non_gp,lingering,prob,neutral_reg_repair_prefill,No,1.276744455935841e-06,0.9911895394325256,1, No,70e369dbec49eb560a1ae644fb18c9a4b0888e09cc2918a3cebcfb62bf865543
amouyal:92,set_33,gp,simple,prob,neutral_reg_repair_prefill,Yes,0.8487717509269714,0.9099732637405396,1, Yes,d729232ee8d8707d0aafd31f4585c2a9aab99389b21c0463d3aa3c5c0551fd5b
amouyal:93,set_33,gp,lingering,prob,neutral_reg_repair_prefill,No,0.8789684772491455,0.9181926250457764,0, Yes,1298558ecf64650cd2b46f22890b715fa067a237ab294f3f5eccecf22a1afda3
amouyal:94,set_33,non_gp,simple,prob,neutral_reg_repair_prefill,Yes,0.9982172846794128,0.9660016298294067,1, Yes,5c9ca772eab587101eec173c1b38eb47a0f97e5724270215c796d46b6ccfca7e
amouyal:95,set_33,non_gp,lingering,prob,neutral_reg_repair_prefill,No,0.9884037375450134,0.8896691799163818,0, Yes,81e1c165c5bfc24bbe041d316f8e9c0da5cced827c4c572c5c6ab13ef2c52f21
amouyal:96,set_34,gp,simple,prob,neutral_reg_repair_prefill,Yes,0.991517961025238,0.9329138398170471,1, Yes,21622c73f04fdb24223870ee0fe4334aea951cb15ffa3be83bc4d1714f5cbb25
amouyal:97,set_34,gp,lingering,prob,neutral_reg_repair_prefill,No,0.2775799632072449,0.8918344974517822,1, No,d46c06084fc6b7fa9ce77480b1ee68024c1061b8bdc4174c64fdf872d64ba2f9
amouyal:98,set_34,non_gp,simple,prob,neutral_reg_repair_prefill,Yes,0.9997644424438477,0.9638270735740662,1, Yes,3c3335e629fd295eb145e90acfb770738332f9d69701d7b7471a12605318fa59
amouyal:99,set_34,non_gp,lingering,prob,neutral_reg_repair_prefill,No,0.010870318859815598,0.9625878930091858,1, No,16c494c9d6d17e861c01e0d1fdc5770c084589bab5cb7bc226c885f3457a85c8
amouyal:100,set_35,gp,simple,prob,neutral_reg_repair_prefill,Yes,0.8769088983535767,0.829914927482605,1, Yes,39e2411d2d7c438f1718895194e3af25ace382914a5e25b339e3a865daaaf4de
amouyal:101,set_35,gp,lingering,prob,neutral_reg_repair_prefill,No,0.6229753494262695,0.8884544372558594,0, Yes,23457e090d7f32ac093bebbb3df933dee3046800fa82eda805e2a2b416351ba5
amouyal:102,set_35,non_gp,simple,prob,neutral_reg_repair_prefill,Yes,0.9937916994094849,0.8939974904060364,1, Yes,341426325a41f0fbf586fe55763a48132f99dddae0ca7e83199cfa21758abe2d
amouyal:103,set_35,non_gp,lingering,prob,neutral_reg_repair_prefill,No,0.9985878467559814,0.9606593251228333,0, Yes,95ebdd32aca6e10274dcbf6705cb922dd7ce6885960bb060ff5671ed4f5c9bd9
amouyal:104,set_36,gp,simple,prob,neutral_reg_repair_prefill,Yes,0.8471537828445435,0.8604785203933716,1, Yes,e7fbddac4cc1328e606071af88e635ed09e8e8a4f85a9b1d1e2d93e7df508dac
amouyal:105,set_36,gp,lingering,prob,neutral_reg_repair_prefill,No,0.9195194244384766,0.9511219263076782,0, Yes,6914a740fdf8003084c23bbfa98ec42c2f11336681aeb59544ac1aee44b3242f
amouyal:106,set_36,non_gp,simple,prob,neutral_reg_repair_prefill,Yes,0.9987863898277283,0.9501271843910217,1, Yes,76fcc15bb4a27e8d3dbd627e71ed860feb9ce7866c8b88032a2b2b8af5dd0b2b
amouyal:107,set_36,non_gp,lingering,prob,neutral_reg_repair_prefill,No,0.87050861120224,0.8149635195732117,0, Yes,d160424e617b55cce2e355d222d0ce37c68ef5d3f43d27f4a9864d51fb37835e
amouyal:108,set_37,gp,simple,prob,neutral_reg_repair_prefill,Yes,0.0026426075492054224,0.9786307215690613,0, No,c28131147af529208923205f2b3e43640ebf376c087dfbf9b106b15035d9145e
amouyal:109,set_37,gp,lingering,prob,neutral_reg_repair_prefill,No,0.8595960736274719,0.9403256177902222,0, Yes,b9b246a976b2cf3d6c44ef05fd214c70ea550bd099ae3e5cc859f82c26d820f1
amouyal:110,set_37,non_gp,simple,prob,neutral_reg_repair_prefill,Yes,0.9872684478759766,0.9360812902450562,1, Yes,1451d1c199cece0bb0b299ca279460481aa7c10ec7fdde3c8c19764456841e3e
amouyal:111,set_37,non_gp,lingering,prob,neutral_reg_repair_prefill,No,0.0017360299825668335,0.9617368578910828,1, No,9d94db1ff1915f2af3f00bfaab300dfca125554d12d3cad2c4743c3b5426bd11
amouyal:112,set_38,gp,simple,prob,neutral_reg_repair_prefill,Yes,0.5995993614196777,0.9249246120452881,1, Yes,bb4f841ecf2bf9ae8a04b0a6969c5cac5dab39f2ea5eacad113a152737b5e45f
amouyal:113,set_38,gp,lingering,prob,neutral_reg_repair_prefill,No,0.9309694170951843,0.8871737122535706,0, Yes,8ecd39f001e7b67f999975359e17b32a17241a9a37d1ca2c81830765cb2b7f66
amouyal:114,set_38,non_gp,simple,prob,neutral_reg_repair_prefill,Yes,0.9293984770774841,0.9245873689651489,1, Yes,d834adbd4e9a075571f27d733104e766b23ce9f8225cb5a0a7dcc58314ad88db
amouyal:115,set_38,non_gp,lingering,prob,neutral_reg_repair_prefill,No,0.4286920130252838,0.7917503118515015,1, No,5c499f2bbeeab52dc9592a1e61898b3a512bd60c7fe8d20e593b8fb1cfd522c5
amouyal:116,set_39,gp,simple,prob,neutral_reg_repair_prefill,Yes,0.6320694088935852,0.9082474708557129,1, Yes,deb119af969f7f28b1714f778957e8c6cacd1b6731d35d5e8e004fa6c7f7c3ac
amouyal:117,set_39,gp,lingering,prob,neutral_reg_repair_prefill,No,0.957291305065155,0.9594343900680542,0, Yes,bad8fcd5c7d392da0705723ff26f9a0051e88d35fc7b7590a8b6d4ce40b9cb44
amouyal:118,set_39,non_gp,simple,prob,neutral_reg_repair_prefill,Yes,0.9993056654930115,0.987604022026062,1, Yes,e1a716d38537770fdd48ec460e5d9cd991c926034fc5f4dd699c6353386ac621
amouyal:119,set_39,non_gp,lingering,prob,neutral_reg_repair_prefill,No,0.9625044465065002,0.9290117025375366,0, Yes,ef25d58cb50758216e5abf31ea032aafea7a6a7b46171b1a3a58f2569416238d
amouyal:120,set_40,gp,simple,prob,neutral_reg_repair_prefill,Yes,0.06489775329828262,0.9602300524711609,0, No,6366e608d7a0449ddbfe3f9c6e81ec4e3f28330776a84557966289b01fcb1ccf
amouyal:121,set_40,gp,lingering,prob,neutral_reg_repair_prefill,No,0.8726847171783447,0.9150556921958923,0, Yes,49d4f80fa83ca2907e9fecc31a4c184f4adc9a7907353e9491fde082e458c430
amouyal:122,set_40,non_gp,simple,prob,neutral_reg_repair_prefill,Yes,0.9750582575798035,0.9481735825538635,1, Yes,fff865b435881825df9dc821824da8e2a78322a822cbccacc3b1c78a691bb7ab
amouyal:123,set_40,non_gp,lingering,prob,neutral_reg_repair_prefill,No,0.03524700924754143,0.9397169351577759,1, No,dc7bd8ce045f13eff774df9f26ab674e942b568a50acae78b21719ca2f616a9c
amouyal:124,set_41,gp,simple,prob,neutral_reg_repair_prefill,Yes,0.9056552648544312,0.871338963508606,1, Yes,669402ce8429f06ec50ddddd91d49759a7798b19178cc8fd63a41deefaa3fb1f
amouyal:125,set_41,gp,lingering,prob,neutral_reg_repair_prefill,No,0.28416934609413147,0.9556411504745483,1, No,20692df6701f6b7e540c03243e3de44c2c1d8aec3983c6e685f9ac3df527b184
amouyal:126,set_41,non_gp,simple,prob,neutral_reg_repair_prefill,Yes,0.9996446967124939,0.9733521342277527,1, Yes,4af547559bbfc05c39b52672a50560c0bda71d1174716e3c382b21a8bf564052
amouyal:127,set_41,non_gp,lingering,prob,neutral_reg_repair_prefill,No,0.987494707107544,0.959216833114624,0, Yes,d5982fb1a0ff63c9f1a626743ba01692d03326d82203fe60e88c258198f71867
amouyal:128,set_42,gp,simple,prob,neutral_reg_repair_prefill,Yes,0.9960975646972656,0.955503523349762,1, Yes,6a85d8c9569d9271149a8f6f46fe2d041d5d51c9478ad480a808d4e494d7bc45
amouyal:129,set_42,gp,lingering,prob,neutral_reg_repair_prefill,No,0.9980344176292419,0.9784010648727417,0, Yes,c764678006cad6fbfe06f224868d4f33822b9e625f087e163af9eb6927182244
amouyal:130,set_42,non_gp,simple,prob,neutral_reg_repair_prefill,Yes,0.9995734691619873,0.9710319638252258,1, Yes,b6198da1710b5461f2fe96878ec31817650384fbf584c99ab77fb0ea6989f4dd
amouyal:131,set_42,non_gp,lingering,prob,neutral_reg_repair_prefill,No,0.8616212606430054,0.925719678401947,0, Yes,fe306d65e29fa52f07ba35c8b570d78c64b524d7a576effeec733955c0c425a7
amouyal:132,set_43,gp,simple,prob,neutral_reg_repair_prefill,Yes,0.9960535764694214,0.9666784405708313,1, Yes,7a67865d31abeb9854345d72b2a595b473088b2f98391a1b844ffbaee5e651ab
amouyal:133,set_43,gp,lingering,prob,neutral_reg_repair_prefill,No,0.9951015710830688,0.9702595472335815,0, Yes,9b37808e41ad2594db30dfecfe8b2321a4a07ec6b4da89397375ea72165f6858
amouyal:134,set_43,non_gp,simple,prob,neutral_reg_repair_prefill,Yes,0.9996604919433594,0.9791523218154907,1, Yes,a27c2ba1fda85bccd3b43862b109c0a27d099c0a2339218b6121a7a3ec2f3b99
amouyal:135,set_43,non_gp,lingering,prob,neutral_reg_repair_prefill,No,0.9990916848182678,0.9464385509490967,0, Yes,b914de26bbcbdf847e502d77a89bb4308180332b604c974ea88a473d9140a33d
amouyal:136,set_44,gp,simple,prob,neutral_reg_repair_prefill,Yes,0.7966946363449097,0.8989807367324829,1, Yes,fa3705c47d49f8f98f56b380742b1e90dc0a21b5fc34a889d73335087b107a92
amouyal:137,set_44,gp,lingering,prob,neutral_reg_repair_prefill,No,0.8981954455375671,0.9387949109077454,0, Yes,61d6a179279902470b9b254893910edbd83b3ae7472be937852f9c4ccd25acb0
amouyal:138,set_44,non_gp,simple,prob,neutral_reg_repair_prefill,Yes,0.8379767537117004,0.9162092208862305,1, Yes,313beb443509e3b7027cdf39aa9264c73fd9dbfcbc1c33ba37525f819abf0b93
amouyal:139,set_44,non_gp,lingering,prob,neutral_reg_repair_prefill,No,0.6676607131958008,0.8413522243499756,0, Yes,39037deac7c7b6751c92e1acda8244acd669b06f4a75ebb0baa8476ba6d32bd6
amouyal:140,set_45,gp,simple,prob,neutral_reg_repair_prefill,Yes,0.7736513614654541,0.8163099884986877,1, Yes,4b97b2891f09fc19fe6b975a633a4e18946182fbd76c1c53b9b3b116757ed67d
amouyal:141,set_45,gp,lingering,prob,neutral_reg_repair_prefill,No,0.8785215020179749,0.8907728791236877,0, Yes,8393613b6efa6c8720b96b59ebe2849d43de23f5f0ae039efbe70b61ce4e7155
amouyal:142,set_45,non_gp,simple,prob,neutral_reg_repair_prefill,Yes,0.9986307621002197,0.9512707591056824,1, Yes,9745e89950527d279ce28aef4dc332fa61fcd396248006a35c8ff618c1d51d4a
amouyal:143,set_45,non_gp,lingering,prob,neutral_reg_repair_prefill,No,0.9971544146537781,0.9264369010925293,0, Yes,a26dc9695230e2358826b2aa3defd6a92aa2b306fea407b310cae4f14de18471
amouyal:144,set_hyp5_1,non_gp,simple,reflexive,neutral_reg_repair_prefill,Yes,0.9989648461341858,0.9739511013031006,1, Yes,86b30f6d21ccbbc41cf12cc78a322ccc5743b3104f41cb0268df12410d32d59d
amouyal:145,set_hyp5_1,non_gp,lingering,reflexive,neutral_reg_repair_prefill,No,0.002518202643841505,0.9563029408454895,1, No,a1df4be1c318f17e10a9e923ceb87d70ae8f4f0f83d7f846bff8213be16e7f44
amouyal:146,set_hyp5_2,non_gp,simple,reflexive,neutral_reg_repair_prefill,Yes,0.9997822642326355,0.9626166820526123,1, Yes,40183613947e0db2b2233e875716a1e049012ab6a4c8f1de3ab80878a5c7c995
amouyal:147,set_hyp5_2,non_gp,lingering,reflexive,neutral_reg_repair_prefill,No,1.4512865220694948e-07,0.9960002303123474,1, No,5cdeef347e426d0b17de3e0ec940338d8a2213157e9662f63e1fbec21f7008dc
amouyal:148,set_hyp5_3,non_gp,simple,reflexive,neutral_reg_repair_prefill,Yes,0.9982508420944214,0.9742568731307983,1, Yes,b903b70f8d4d1121f7a6046ac1687dd5aefc146d48e092f8936141e1f77b07ef
amouyal:149,set_hyp5_3,non_gp,lingering,reflexive,neutral_reg_repair_prefill,No,2.153323748643743e-06,0.9951885342597961,1, No,50ac69d6d445e2f7ba7e0b0add7f11df1cd1c6b7da7f99d4ae05cd37dc89b03e
amouyal:150,set_hyp5_4,non_gp,simple,reflexive,neutral_reg_repair_prefill,Yes,0.9991374611854553,0.9356867074966431,1, Yes,9a451aa79ef455556f9558e83365f84b973cc295fa982504b8327971662e0b8a
amouyal:151,set_hyp5_4,non_gp,lingering,reflexive,neutral_reg_repair_prefill,No,3.8362517784662487e-07,0.9905108213424683,1, No,9f8d1351673cc9318244a259b550672117b5fee92bdb0f30487aa4c1798b222c
amouyal:152,set_hyp5_5,non_gp,simple,reflexive,neutral_reg_repair_prefill,Yes,0.9997450113296509,0.959746778011322,1, Yes,7c03a973f1854014ea5cb3ff9fa5328da19e403a7445b77821d6f3482f4cf10a
amouyal:153,set_hyp5_5,non_gp,lingering,reflexive,neutral_reg_repair_prefill,No,1.2616409605925583e-07,0.9951673746109009,1, No,dd1a0b30b04f99bff44f54e25a0be65ad461c909dd54f53eb051877b14383af6
amouyal:154,set_hyp5_6,non_gp,simple,reflexive,neutral_reg_repair_prefill,Yes,0.9992650151252747,0.9598127007484436,1, Yes,a1ba1af465807455b32b5d456ca426653dc2dcfaa876720b84b1b8a891a8c62a
amouyal:155,set_hyp5_6,non_gp,lingering,reflexive,neutral_reg_repair_prefill,No,0.00016740610590204597,0.9521797895431519,1, No,4fd803ac041fd8e4da5c62dd742da1e788329a678bdb33bb16909d1e1c666062
amouyal:156,set_hyp5_7,non_gp,simple,reflexive,neutral_reg_repair_prefill,Yes,0.9996636509895325,0.9577398896217346,1, Yes,c03f684c0b2dd137db4772ef21524b436c98de43da1d12fa9ba19cc1cc7ee023
amouyal:157,set_hyp5_7,non_gp,lingering,reflexive,neutral_reg_repair_prefill,No,2.866554993374848e-08,0.9892611503601074,1, No,af903dbb52feab5ae6f5858b56561250924bc91fd4210fabcff049d0d303d880
amouyal:158,set_hyp5_8,non_gp,simple,reflexive,neutral_reg_repair_prefill,Yes,0.9981678128242493,0.9534048438072205,1, Yes,34da26fb578347c82411e673b83c683eeaf798e266ac1143baed9531ee070c48
amouyal:159,set_hyp5_8,non_gp,lingering,reflexive,neutral_reg_repair_prefill,No,5.159031388757285e-07,0.9975666403770447,1, No,7d178ef28a1c5e325546409b8dc77b287f8f1f401af2a996eb8866c6f66bdbb0
amouyal:160,set_hyp5_9,non_gp,simple,reflexive,neutral_reg_repair_prefill,Yes,0.9996126890182495,0.9568579196929932,1, Yes,bb347e5cf25e05a5e5f2136fa2cd0b276804123c818cadc7049d0173c3f8c525
amouyal:161,set_hyp5_9,non_gp,lingering,reflexive,neutral_reg_repair_prefill,No,0.004087714944034815,0.9506436586380005,1, No,8d7835992ad99db875ce24266ea75f06c76849146aae99e9aee0e9321568af53
amouyal:162,set_hyp5_10,non_gp,simple,reflexive,neutral_reg_repair_prefill,Yes,0.999728262424469,0.9680755734443665,1, Yes,380eb28b5fa26533bbc6de539bdb8e865a2866c328e3ec4f1340910629ba5167
amouyal:163,set_hyp5_10,non_gp,lingering,reflexive,neutral_reg_repair_prefill,No,0.34631603956222534,0.7583513855934143,1, No,00f7780dd29fce758fe58c1ba9164b072143d5e0824308e10362add753ecaeb6
amouyal:164,set_hyp5_11,non_gp,simple,reflexive,neutral_reg_repair_prefill,Yes,0.9991969466209412,0.9737818241119385,1, Yes,96716bbc0e369fd0aa0bd222a2683297a86ade54b955fa122fea410ff9b62a7e
amouyal:165,set_hyp5_11,non_gp,lingering,reflexive,neutral_reg_repair_prefill,No,2.0207341577815896e-08,0.994481086730957,1, No,a2c8a6b5acab46b6f673dd77117144d1e04e4a586d3874a1309ad25a9062ef1b
amouyal:166,set_hyp5_12,non_gp,simple,reflexive,neutral_reg_repair_prefill,Yes,0.9997361898422241,0.9760817885398865,1, Yes,bc51b360a5056829189a7cf165770fa4ee14fd5fc877e5baff35e59d3cb91a40
amouyal:167,set_hyp5_12,non_gp,lingering,reflexive,neutral_reg_repair_prefill,No,7.835034921299666e-05,0.9940353035926819,1, No,859690f1ba0377611e95bbc8a6ae7252565a8b05154907d620b618f3271b6ad6
amouyal:168,set_hyp5_13,non_gp,simple,reflexive,neutral_reg_repair_prefill,Yes,0.9990882277488708,0.9799045920372009,1, Yes,c83d698c1eedb22f14a31397e6ebd6b566573af494ceeb9dd25c76f3e2c23963
amouyal:169,set_hyp5_13,non_gp,lingering,reflexive,neutral_reg_repair_prefill,No,6.066034529794706e-06,0.9899729490280151,1, No,237a84dbf51a8a10b905ce750e502d293120fe94187ebcf1242c0640c0d38ec1
amouyal:170,set_hyp5_14,non_gp,simple,reflexive,neutral_reg_repair_prefill,Yes,0.5714064836502075,0.888472318649292,1, Yes,bf9fecbbbd0c253eaa6a5f97a5e63d8135f668ba2647b9a5883bff4f8309aa20
amouyal:171,set_hyp5_14,non_gp,lingering,reflexive,neutral_reg_repair_prefill,No,0.0012264715041965246,0.9522243142127991,1, No,fce71ef27a6b1a5aae628c96737c966993ad47b8eb7a03f50a230b5d877679d6
amouyal:172,set_hyp5_15,non_gp,simple,reflexive,neutral_reg_repair_prefill,Yes,0.9992985725402832,0.9707385301589966,1, Yes,88b88ff118178ef6331012ad3ad411432e3eacd2f1ee949ea4a8c1f5e2dc8e42
amouyal:173,set_hyp5_15,non_gp,lingering,reflexive,neutral_reg_repair_prefill,No,2.0400548237375915e-05,0.9859655499458313,1, No,9c04e99765f6d16151d9b153da82f84c9149aab8ab59e7d479057d5c024d4962
amouyal:174,set_hyp5_16,non_gp,simple,reflexive,neutral_reg_repair_prefill,Yes,0.9991283416748047,0.9447641372680664,1, Yes,b880a1e214d649ab6202f34c2badb231a4a83cf43aff8144e3694772659fa632
amouyal:175,set_hyp5_16,non_gp,lingering,reflexive,neutral_reg_repair_prefill,No,0.19698017835617065,0.7914443612098694,1, No,9856c87a7d21751dded0f013b52817f6a5d57ca2b9c959eb09b25e6112403349
amouyal:176,set_hyp5_17,non_gp,simple,reflexive,neutral_reg_repair_prefill,Yes,0.999338686466217,0.9724018573760986,1, Yes,41182e4299d963fe0278f4be97c94c1ac9e4886691b753c54d36879b05abfaeb
amouyal:177,set_hyp5_17,non_gp,lingering,reflexive,neutral_reg_repair_prefill,No,1.2526392367817607e-07,0.9978331327438354,1, No,99780cf8756355d87a81c25485f456ff01bde2e032408026f7b02604ae2b0b65
amouyal:178,set_hyp5_18,non_gp,simple,reflexive,neutral_reg_repair_prefill,Yes,0.005342141259461641,0.990318238735199,0, No,47dd61727def412ee4e59493c00988af9d1b590dffab036ceda4775fa737d861
amouyal:179,set_hyp5_18,non_gp,lingering,reflexive,neutral_reg_repair_prefill,No,0.00011047511361539364,0.9954709410667419,1, No,02ec2fd507771a67305b3ff4f8d48b6ec9d842cf935749fa9e26323659451d89
amouyal:180,set_hyp5_19,non_gp,simple,reflexive,neutral_reg_repair_prefill,Yes,0.9994121193885803,0.967829167842865,1, Yes,6eb3e6b2e40862379915d22d6b3041754d8cc22233380862069d8c3e96cececd
amouyal:181,set_hyp5_19,non_gp,lingering,reflexive,neutral_reg_repair_prefill,No,2.0039033188368194e-07,0.997616171836853,1, No,a896844c3d3d34c20b2b7ec559b8256ce8f41d7a9f6b12a52ede4955d2c71fd5
amouyal:182,set_hyp5_20,non_gp,simple,reflexive,neutral_reg_repair_prefill,Yes,0.9899197816848755,0.932374119758606,1, Yes,7a4083c70fc3d0395fc7e6aec3409e373e245b2af6f58990264dada8b0fd2959
amouyal:183,set_hyp5_20,non_gp,lingering,reflexive,neutral_reg_repair_prefill,No,0.00596429081633687,0.9469786286354065,1, No,c1f709424c53918598a390fd6718c71ff14fdf79e62b62ca835480f646ff7586
amouyal:184,set_hyp5_21,non_gp,simple,reflexive,neutral_reg_repair_prefill,Yes,0.9971820712089539,0.9549524188041687,1, Yes,a459e0737673f869cf65b8a1917fb3a59933658f26375ca965147d0d7ea72433
amouyal:185,set_hyp5_21,non_gp,lingering,reflexive,neutral_reg_repair_prefill,No,0.014531472697854042,0.9636985659599304,1, No,523f364c052f36d40be2078ecff633d8535b6d423969ab42ea7b66f1cd526e00
amouyal:186,set_hyp5_22,non_gp,simple,reflexive,neutral_reg_repair_prefill,Yes,0.9993003606796265,0.9674673676490784,1, Yes,8fe9e3666dea7dabf3d9a61f4532251cb944d11061acab048b2afbef4f8b8209
amouyal:187,set_hyp5_22,non_gp,lingering,reflexive,neutral_reg_repair_prefill,No,2.5887106858135667e-06,0.9938356876373291,1, No,07cc193082e3865a9acb7377df5befb7951ebc8fee6c964dfa250e103eed62fc
amouyal:188,set_hyp5_23,non_gp,simple,reflexive,neutral_reg_repair_prefill,Yes,0.9989601373672485,0.9761549830436707,1, Yes,fe9bd9a39fe463208711dae56d971a85a5d70896b282c7bb4eb1df8513a113e5
amouyal:189,set_hyp5_23,non_gp,lingering,reflexive,neutral_reg_repair_prefill,No,0.1729830950498581,0.9395704865455627,1, No,a8048a5db6e93706c38730b05e0c703cf9fcc3eeaf6bec59e582fdde5ce5d84b
amouyal:190,set_hyp5_24,non_gp,simple,reflexive,neutral_reg_repair_prefill,Yes,0.9993144869804382,0.9596045613288879,1, Yes,c35ecad800990bff96f98568747e0b90c7d8092b73cecdc23e050997bd8d9a20
amouyal:191,set_hyp5_24,non_gp,lingering,reflexive,neutral_reg_repair_prefill,No,0.060267042368650436,0.9751911163330078,1, No,08b736d16021cde24cd5b8f5eb5239b270c13418845424f0be5336e31701b617
amouyal:192,set_hyp5_1,gp,simple,reflexive,neutral_reg_repair_prefill,Yes,0.995945394039154,0.9661685824394226,1, Yes,353251025d2166ed72733f072de6898fe3b474a11347e3b0b1e8c2409932ceda
amouyal:193,set_hyp5_1,gp,lingering,reflexive,neutral_reg_repair_prefill,No,0.13057313859462738,0.928312361240387,1, No,e05c1e5e1f1ebb50b72a3b6fefb5f56eff463e52f1d2197666a9007dc2ef9d5b
amouyal:194,set_hyp5_2,gp,simple,reflexive,neutral_reg_repair_prefill,Yes,0.9977444410324097,0.9406546950340271,1, Yes,42459b97760aa33f5a5e436950b48a1713ba1c16eb0fce51828dbd1f81205dc3
amouyal:195,set_hyp5_2,gp,lingering,reflexive,neutral_reg_repair_prefill,No,8.716366573935375e-05,0.9760433435440063,1, No,b1c1614b9c7d3bc58bd0313fa669d6c8803f03c71e7bde20108a81ecd062e18d
amouyal:196,set_hyp5_3,gp,simple,reflexive,neutral_reg_repair_prefill,Yes,0.8108490705490112,0.9095485210418701,1, Yes,6245edcdf3862e52fff26da3275f366817c1c863c4863f507151d153e69ab5b2
amouyal:197,set_hyp5_3,gp,lingering,reflexive,neutral_reg_repair_prefill,No,0.0068754046224057674,0.9778829216957092,1, No,7b15c65c701c5a9bd7e25f7e7f09c532c46a6d03b78945541b27da085e68f4a7
amouyal:198,set_hyp5_4,gp,simple,reflexive,neutral_reg_repair_prefill,Yes,0.9982518553733826,0.9271186590194702,1, Yes,d1221705c0377232e3fdbf56f5a0ac41bc2bdf359533a93b102118f45ec3545d
amouyal:199,set_hyp5_4,gp,lingering,reflexive,neutral_reg_repair_prefill,No,0.01496853493154049,0.9626089334487915,1, No,f10b959d9c5809f3d36b17099fe69e7a948334422d9bcb2703b69740c1d25c70
amouyal:200,set_hyp5_5,gp,simple,reflexive,neutral_reg_repair_prefill,Yes,0.9191580414772034,0.8089226484298706,1, Yes,1626d6026859fd7df35fb0e12a0a2d49099e3999ab490f12ceced323bf91d2ef
amouyal:201,set_hyp5_5,gp,lingering,reflexive,neutral_reg_repair_prefill,No,0.9548352956771851,0.9318487048149109,0, Yes,62a835b1d21b5d4c197cb62724830f957aab1700aabb5c28f8b8b8590448620a
amouyal:202,set_hyp5_6,gp,simple,reflexive,neutral_reg_repair_prefill,Yes,0.5774121284484863,0.8676098585128784,1, Yes,dafbe88e9f33a2cfa175c8dbe1778a5616878a7bd15ae5bfca7176de992a9080
amouyal:203,set_hyp5_6,gp,lingering,reflexive,neutral_reg_repair_prefill,No,0.012907600030303001,0.9273219704627991,1, No,e30c618d34779adba937b7f664a2cc26fd3a852a743caf2e51dfc6c50169364f
amouyal:204,set_hyp5_7,gp,simple,reflexive,neutral_reg_repair_prefill,Yes,0.9906014800071716,0.9299848079681396,1, Yes,080ca6a544877ee81862333d4ff2fce5be0049bc6b82b1b6c4fb942a2aae7b96
amouyal:205,set_hyp5_7,gp,lingering,reflexive,neutral_reg_repair_prefill,No,0.00038311074604280293,0.9734429717063904,1, No,f2b7428c1c94cdb63e450bce60bae9d5475e6c8ffcda85d3039711785b44907a
amouyal:206,set_hyp5_8,gp,simple,reflexive,neutral_reg_repair_prefill,Yes,0.985975444316864,0.9097096920013428,1, Yes,faa3b446b50bcc082a0f0ee580977ab6bc19a25ff145742cc8fa0a0fc94b08c0
amouyal:207,set_hyp5_8,gp,lingering,reflexive,neutral_reg_repair_prefill,No,0.0017488125013187528,0.9860358238220215,1, No,1a10b553666b4c0977fda256b3983a258b32194aac60d22e6c9d99e8a8bc5db6
amouyal:208,set_hyp5_9,gp,simple,reflexive,neutral_reg_repair_prefill,Yes,0.9994286894798279,0.9576201438903809,1, Yes,dedcfb1cef222c372b2bda159d47e74a2ef16dcc121bc91621c4e285662a4cdc
amouyal:209,set_hyp5_9,gp,lingering,reflexive,neutral_reg_repair_prefill,No,0.9982864260673523,0.9637811183929443,0, Yes,1e9ede8a802c1e745d58b16d7caea1d749b98ae954ceeb2550e8a32037e5c29e
amouyal:210,set_hyp5_10,gp,simple,reflexive,neutral_reg_repair_prefill,Yes,0.9941281676292419,0.9407873153686523,1, Yes,3def75f6cf59ef7c11e8d9c6301563cb12f1fb205fd7f5d1f1e373d933915a32
amouyal:211,set_hyp5_10,gp,lingering,reflexive,neutral_reg_repair_prefill,No,0.4126829206943512,0.8680086731910706,1, No,40a9a0b9e9f68f790bcb57d6afb647b34147966918694cbe9915e4f0b396d12c
amouyal:212,set_hyp5_11,gp,simple,reflexive,neutral_reg_repair_prefill,Yes,0.8822264075279236,0.9115698337554932,1, Yes,fd4e03280ca7c354e94e7edf2f8adf8b63c06f1bc230f8f6e5ae0c947d6cd087
amouyal:213,set_hyp5_11,gp,lingering,reflexive,neutral_reg_repair_prefill,No,0.025425657629966736,0.9631884098052979,1, No,5f753a9f2d70434f9b86bcfe75337095947cf295be5dc98d62802a8128d79096
amouyal:214,set_hyp5_12,gp,simple,reflexive,neutral_reg_repair_prefill,Yes,0.9979667663574219,0.9575610160827637,1, Yes,06814471f627f30952f7d860702d1c43d2b9081be0d317fcf87472b49a02ac44
amouyal:215,set_hyp5_12,gp,lingering,reflexive,neutral_reg_repair_prefill,No,0.0008248790982179344,0.9937509298324585,1, No,592e206e65f4ebe18852f7e0ce9cdda81e7a90428c378108308b4b2b7f6be103
amouyal:216,set_hyp5_13,gp,simple,reflexive,neutral_reg_repair_prefill,Yes,0.45073655247688293,0.8925153017044067,0, No,96ed8656801ff4400b9dd00ef03592bf0fd372962538af2cb0f10f93ee9d8254
amouyal:217,set_hyp5_13,gp,lingering,reflexive,neutral_reg_repair_prefill,No,0.2676170766353607,0.8725913166999817,1, No,f1c0ff623a6dcde0a32073828de9585305bd157beaee53dd1a95c4d35cdc1c0a
amouyal:218,set_hyp5_14,gp,simple,reflexive,neutral_reg_repair_prefill,Yes,0.0938771665096283,0.9241925477981567,0, No,a0d736833433dace99e7b3c697bde91c4571396848f27a7cec3a38704917ceb5
amouyal:219,set_hyp5_14,gp,lingering,reflexive,neutral_reg_repair_prefill,No,0.016328180208802223,0.9137908220291138,1, No,0cf99d9ba2e5c32fa814d847b66a846b90fd6fd01a0decc3ce30f045ce326a40
amouyal:220,set_hyp5_15,gp,simple,reflexive,neutral_reg_repair_prefill,Yes,0.8400015830993652,0.8950002789497375,1, Yes,96d2e9a0a75580c1ef6dad6cc00fbf49dc3cade8f6f71db0b3ba165db48bb7e8
amouyal:221,set_hyp5_15,gp,lingering,reflexive,neutral_reg_repair_prefill,No,0.6148605346679688,0.8554012179374695,0, Yes,e660b3ea836c966d2ebd0501678973d5ec8ce056a31f65c075351b562de3c43d
amouyal:222,set_hyp5_16,gp,simple,reflexive,neutral_reg_repair_prefill,Yes,0.993026852607727,0.8953505754470825,1, Yes,0d6085e84e514f21a01a465dfa72d035ae9e36d381132fd0e62a99ef099b6360
amouyal:223,set_hyp5_16,gp,lingering,reflexive,neutral_reg_repair_prefill,No,0.9861818552017212,0.9265256524085999,0, Yes,c80fd36c3bf6b50aa86d3e14de4264f86b085a669ed268e9fafea45c9e9b3033
amouyal:224,set_hyp5_17,gp,simple,reflexive,neutral_reg_repair_prefill,Yes,0.9983795881271362,0.9681006073951721,1, Yes,5aaa1017f28d9f78864e27714ee706f91cdfdb7fe883bd94e0a7273424625334
amouyal:225,set_hyp5_17,gp,lingering,reflexive,neutral_reg_repair_prefill,No,1.581350625201594e-05,0.9970386624336243,1, No,95dd9a938f478a07ef0f57c293e04687207fe55199840ac1e4b97be14e58acbb
amouyal:226,set_hyp5_18,gp,simple,reflexive,neutral_reg_repair_prefill,Yes,0.013150046579539776,0.9892854690551758,0, No,4535b8a61aed174b0b46130d009d828449ac695906fe793562c75a6f9c67e367
amouyal:227,set_hyp5_18,gp,lingering,reflexive,neutral_reg_repair_prefill,No,0.6019120812416077,0.966312050819397,0, Yes,e7054d4060a7c6e6355f3ea83315aac6f2f091b35c80723d68dce003102e5edb
amouyal:228,set_hyp5_19,gp,simple,reflexive,neutral_reg_repair_prefill,Yes,0.9934032559394836,0.9050220251083374,1, Yes,5aac6423f9011d0811b0918ffe44d2206c51d82ba3c6d868929d0354c5980769
amouyal:229,set_hyp5_19,gp,lingering,reflexive,neutral_reg_repair_prefill,No,0.6754619479179382,0.9022318720817566,0, Yes,19e197daa05f0d89a947b42976139e9a7bf382fe9632607eec45ca75fc57879e
amouyal:230,set_hyp5_20,gp,simple,reflexive,neutral_reg_repair_prefill,Yes,0.9651823043823242,0.9284128546714783,1, Yes,4dd74a0563b8553e1151ee39e258c278b75c14f80b800975594f7a1e20d35efd
amouyal:231,set_hyp5_20,gp,lingering,reflexive,neutral_reg_repair_prefill,No,0.7584792375564575,0.8927637934684753,0, Yes,1a9b1f0834f6c0985d72644229d257593bf6037a1583c985b8b47577c1d8ed6f
amouyal:232,set_hyp5_21,gp,simple,reflexive,neutral_reg_repair_prefill,Yes,0.9759425520896912,0.9453555941581726,1, Yes,5f596b925f2e128c1e873b5760232c4a0aaff36f068b6d53e891ff694c019bbd
amouyal:233,set_hyp5_21,gp,lingering,reflexive,neutral_reg_repair_prefill,No,0.8119603991508484,0.9224382638931274,0, Yes,bb8c8aedb67142b0c3a7edcdf37b7032ddbf881c0e9e227c1bf9d9c20076ebb5
amouyal:234,set_hyp5_22,gp,simple,reflexive,neutral_reg_repair_prefill,Yes,0.9810521006584167,0.9393629431724548,1, Yes,abf21d592d36ee826f22a1d40b706ccad6c64b4cdecbaf9e7ad2bde8834c76e0
amouyal:235,set_hyp5_22,gp,lingering,reflexive,neutral_reg_repair_prefill,No,0.053303562104701996,0.95074462890625,1, No,205f3e3dd2e34429c8a25a5e1297c63c959ff980513cd9478e65f10b054e5765
amouyal:236,set_hyp5_23,gp,simple,reflexive,neutral_reg_repair_prefill,Yes,0.961439847946167,0.944526731967926,1, Yes,f96718a014b119d0fc922356a0cd2c1fef5aa30415bcd929cafcdf6b29b68e1a
amouyal:237,set_hyp5_23,gp,lingering,reflexive,neutral_reg_repair_prefill,No,0.914466381072998,0.9709842801094055,0, Yes,bda61a66464fdf113e91c005985c2ca069c73bd68d5af546890c309b667f516c
amouyal:238,set_hyp5_24,gp,simple,reflexive,neutral_reg_repair_prefill,Yes,0.9974707365036011,0.956366240978241,1, Yes,35d634e57b1613481ef0aed3649cb16281b3f7de244db4746e350b5ed991ec53
amouyal:239,set_hyp5_24,gp,lingering,reflexive,neutral_reg_repair_prefill,No,0.7074976563453674,0.9605110883712769,0, Yes,48b05d672749e6935eab34f35f929859997c68e91d527cad0abcf562531ad70e
amouyal:240,set_1,gp,simple,prob,neutral_reg_repair_prefill,Yes,0.9899321794509888,0.9534780979156494,1, Yes,dfe821606a8bccc8fa7ff483d7e90a6a08a61e73beeb398ce3de8ed2c3f658c0
amouyal:241,set_1,gp,lingering,prob,neutral_reg_repair_prefill,No,0.14822179079055786,0.9152231216430664,1, No,32ba9f3d8d4d9109e25b0e4ae97f547de963938561cc0b59a0dc25060eaef9ba
amouyal:242,set_1,non_gp,simple,prob,neutral_reg_repair_prefill,Yes,0.999380886554718,0.9752622246742249,1, Yes,f7181ceea1937436d2f0b40c90d524482d65fadcd7dab4f355c50ed5b042864f
amouyal:243,set_1,non_gp,lingering,prob,neutral_reg_repair_prefill,No,0.026560503989458084,0.9338735938072205,1, No,de03c3fab8d7aec767867b8aff30d8681275e5db3142e201f97042f8fbfae98d
amouyal:244,set_2,gp,simple,prob,neutral_reg_repair_prefill,Yes,0.9901958107948303,0.9114254713058472,1, Yes,07dbc1a799405c4c3c265cc6e30b3470fe19f74977ad802e857773560191eff9
amouyal:245,set_2,gp,lingering,prob,neutral_reg_repair_prefill,No,0.9921330213546753,0.9434481263160706,0, Yes,9edb420ed831177fba70ec3ee6c2125d09fc062350e10cd863f1e53303911126
amouyal:246,set_2,non_gp,simple,prob,neutral_reg_repair_prefill,Yes,0.9994105100631714,0.9692963361740112,1, Yes,785879169fce40ed2e566695eec7d0375cef630f2a619f60044751e020e42642
amouyal:247,set_2,non_gp,lingering,prob,neutral_reg_repair_prefill,No,0.9939972758293152,0.9515790939331055,0, Yes,d42da4e081e3ecd0a7cec35b995708deecea135461d67ebe02cb0d7d5d3098ee
amouyal:248,set_3,gp,simple,prob,neutral_reg_repair_prefill,Yes,0.0894574224948883,0.9624276757240295,0, No,ea05c30cf27f592faf9bbdea2de965c257c98b62731713914b2c6703bbe1bc00
amouyal:249,set_3,gp,lingering,prob,neutral_reg_repair_prefill,No,0.7178436517715454,0.885732889175415,0, Yes,6b0f5042bdde07ae6e9ca63ee58023a0274672fc3020d44f5ce308f6118cb7d8
amouyal:250,set_3,non_gp,simple,prob,neutral_reg_repair_prefill,Yes,0.9827849268913269,0.9441972374916077,1, Yes,fac8fc279fbe14692a9e82e29cc92e69b961718e51dbf018cd535adb0830858f
amouyal:251,set_3,non_gp,lingering,prob,neutral_reg_repair_prefill,No,0.044868770986795425,0.9481481909751892,1, No,f9dc6be43f72af63b486c5b1e6ccb398aef5b7c82d504ef301404beb086249ee
amouyal:252,set_4,gp,simple,prob,neutral_reg_repair_prefill,Yes,0.9393322467803955,0.8899784684181213,1, Yes,42f4d4a9a68981988c0bcb03b8a7bc56b41c76c5ef817fcf4b578f63da288692
amouyal:253,set_4,gp,lingering,prob,neutral_reg_repair_prefill,No,0.6014480590820312,0.8537129759788513,0, Yes,1460dfc23e7d9ae21e75e9c14fa416c6f563bc5292272ab33aa16b401692975f
amouyal:254,set_4,non_gp,simple,prob,neutral_reg_repair_prefill,Yes,0.9984866380691528,0.9580493569374084,1, Yes,403292148ea4c9d8562ce9b1e55862dcb2b304a046f40aaafd8bd59b288088d2
amouyal:255,set_4,non_gp,lingering,prob,neutral_reg_repair_prefill,No,0.034229204058647156,0.836544930934906,1, No,e6857a563e9c0714a9cf0262f0e5645221bf5c1864cb3713b0b4c0abdadb7583
amouyal:256,set_5,gp,simple,prob,neutral_reg_repair_prefill,Yes,0.6543733477592468,0.8642552495002747,1, Yes,6a05905f61b57d248d9d6df47c20b05157ede6e6b0bb09be5c773bd2b0ccc106
amouyal:257,set_5,gp,lingering,prob,neutral_reg_repair_prefill,No,0.015490247868001461,0.9453153014183044,1, No,6cf31b651ca270f5b0a91484baee0f0f99b3a22e44a7a7117411a840cb2cec58
amouyal:258,set_5,non_gp,simple,prob,neutral_reg_repair_prefill,Yes,0.9979227781295776,0.9563775658607483,1, Yes,272e4093b4e5a0d3c3063d2264fe4f16dc3a6d1309e874baa5755e9d61f8f285
amouyal:259,set_5,non_gp,lingering,prob,neutral_reg_repair_prefill,No,0.06146081164479256,0.8098834753036499,1, No,496db5187341b0cd673af1dc82749bce679920bb4f1d084786d791905177b6d8
amouyal:260,set_6,gp,simple,prob,neutral_reg_repair_prefill,Yes,0.6339179873466492,0.9134615063667297,1, Yes,053c32759248dca27a53911b4d89d2200937518b210d50266a1036c42c240248
amouyal:261,set_6,gp,lingering,prob,neutral_reg_repair_prefill,No,0.8291977047920227,0.9320127367973328,0, Yes,4e5587d1171c3516e5e6d2914e0c552f6d88cc3be05effa25622c217b90313ed
amouyal:262,set_6,non_gp,simple,prob,neutral_reg_repair_prefill,Yes,0.9991685152053833,0.9749813675880432,1, Yes,f6b7fb0eb7e94370096e94cb5eb005d4e7249b4a0586f706b53c978699abe067
amouyal:263,set_6,non_gp,lingering,prob,neutral_reg_repair_prefill,No,0.2991691827774048,0.8444434404373169,1, No,11cb60099b59aed9bf5c3b8a4534555a7c803d3cb40952df69d12cd3927e1cfb
amouyal:264,set_7,gp,simple,prob,neutral_reg_repair_prefill,Yes,0.1486881673336029,0.8730484247207642,0, No,4628bd608daccb5d4a5f3727aba9c746fdc43f057fc1eaf92acc8292686e11d1
amouyal:265,set_7,gp,lingering,prob,neutral_reg_repair_prefill,No,0.9678160548210144,0.9520208835601807,0, Yes,9835a00e8dff9c3b9290a2c302d72eec2ed843b0615901fa63572f72202da94e
amouyal:266,set_7,non_gp,simple,prob,neutral_reg_repair_prefill,Yes,0.9652847051620483,0.8794609904289246,1, Yes,1319f9b1bb0f02c53595ca8b18b2a05935f127e65b22bd113d4f03ccb9f24b76
amouyal:267,set_7,non_gp,lingering,prob,neutral_reg_repair_prefill,No,0.849948525428772,0.8476417064666748,0, Yes,dbfe6a889dfc387d6fa9f90073599b061dfc7c533b315a9389e0a0d4a3536b1f
amouyal:268,set_8,gp,simple,prob,neutral_reg_repair_prefill,Yes,0.8744953274726868,0.9096382856369019,1, Yes,fc5d40a2ea9aa73e9bbfe0e04320faed6c36c4762ba91b4e81f9ae54aecc3ae7
amouyal:269,set_8,gp,lingering,prob,neutral_reg_repair_prefill,No,0.22909800708293915,0.9590853452682495,1, No,c7e751c741c37c6c4e5252f96101250042669c133658aa89207808351b9d44e4
amouyal:270,set_8,non_gp,simple,prob,neutral_reg_repair_prefill,Yes,0.9991746544837952,0.9747708439826965,1, Yes,8a2b18f9308511530391bfe44e1d917710e7f80c1105c101d66ca526ddaf51f6
amouyal:271,set_8,non_gp,lingering,prob,neutral_reg_repair_prefill,No,0.16036751866340637,0.9310134053230286,1, No,47b762faae1f875c201ec3d8a4026fdc61b9dbd07752574d86a66ea170ac7b54
amouyal:272,set_9,gp,simple,prob,neutral_reg_repair_prefill,Yes,0.9397087693214417,0.8980826735496521,1, Yes,87ccee2f416665240444516939d9b5763bbd8549ba09981ea20889cdda4e10ac
amouyal:273,set_9,gp,lingering,prob,neutral_reg_repair_prefill,No,0.9780426621437073,0.9099278450012207,0, Yes,4f94715e890636808ced4373f5396fe511d3868307b4b59763bc843cfb3bd569
amouyal:274,set_9,non_gp,simple,prob,neutral_reg_repair_prefill,Yes,0.997641921043396,0.9294312596321106,1, Yes,5fb29db8873d0f789952d5eebaee58ad370e53c598b46368c5bc7e283ba0f3e0
amouyal:275,set_9,non_gp,lingering,prob,neutral_reg_repair_prefill,No,0.9909438490867615,0.8067470192909241,0, Yes,aabee9d7384275ae0717c195372dd7a09e70f455aaa23ba3fe20a406b810aec0
amouyal:0,set_10,gp,simple,prob,neutral_rev_base_native,Yes,0.4591187834739685,1.0,0,No,a794bbbda412a90ba5b560dde32ffc6e33ccf201cde58f28bca6e7ef2a44be5b
amouyal:1,set_10,gp,lingering,prob,neutral_rev_base_native,No,0.0028232841286808252,1.0,1,No,71563a2c9b0c9e967016c13ba78c36a0477a91a2e75c089e6e4290ac604c4703
amouyal:2,set_10,non_gp,simple,prob,neutral_rev_base_native,Yes,0.9998125433921814,1.0,1,Yes,9993901ecd250629d9c6388630458ce671e6d1c663ece457c0bf6c1a1a3eb8f5
amouyal:3,set_10,non_gp,lingering,prob,neutral_rev_base_native,No,8.592761150794104e-05,1.0,1,No,1f32b32ef5620e55bb825335cf148641c7d9c5cbe73dc1bca0693a98727f6cd0
amouyal:4,set_11,gp,simple,prob,neutral_rev_base_native,Yes,0.9999333620071411,1.0,1,Yes,46d79197701d01437498310f19ebff8519259c78b693d324d05286b3ba0a880c
amouyal:5,set_11,gp,lingering,prob,neutral_rev_base_native,No,0.9993135929107666,1.0,0,Yes,161926dbde803c606b18adf35dba7057eef6d85df56cdef7a9aebdad69536801
amouyal:6,set_11,non_gp,simple,prob,neutral_rev_base_native,Yes,1.0,1.0,1,Yes,75c234ed5fc558ff051b066d0c60eacbf0396ded9a9f376a87ca93aefc239216
amouyal:7,set_11,non_gp,lingering,prob,neutral_rev_base_native,No,0.9998745918273926,1.0,0,Yes,f70d1ab7d2f753e106929dc550edd13d0aa2d38b4f8c71556a93c7907991f0a4
amouyal:8,set_12,gp,simple,prob,neutral_rev_base_native,Yes,0.9999675154685974,0.9999999403953552,1,Yes,9e8e1afe1875d69e40465babf281b7a7609bed648925c34108fcbb06cebdf3cd
amouyal:9,set_12,gp,lingering,prob,neutral_rev_base_native,No,0.8621677160263062,1.0,0,Yes,563d795bf493611d1d3fd3669fef550c8f84612acfbeaa6a6ad426923715b760
amouyal:10,set_12,non_gp,simple,prob,neutral_rev_base_native,Yes,1.0,1.0,1,Yes,d9341a19c4be8202ab04ed6be7213bf2c4a714b000bfc89784d78f21ee1f6e0f
amouyal:11,set_12,non_gp,lingering,prob,neutral_rev_base_native,No,0.9999982118606567,1.0,0,Yes,aa135bdec4f8430ea647c737c33891e0ffc96090c9f98f7a6865994673cffbe3
amouyal:12,set_13,gp,simple,prob,neutral_rev_base_native,Yes,0.2535020411014557,1.0,0,No,74471dd56cbe7802d357d8cef54f5b0f4fb0e139590cbbfb2e2bd836061c07e2
amouyal:13,set_13,gp,lingering,prob,neutral_rev_base_native,No,0.0003420742286834866,0.9999999403953552,1,No,e7e54fd09d55ccb11e2d91bb98088b0e01fd59b3c06073b483aea24ddaa28948
amouyal:14,set_13,non_gp,simple,prob,neutral_rev_base_native,Yes,0.999998927116394,1.0,1,Yes,37fb5e7da95460da5adba4c90aed025869df142882284e10794630fd575a4628
amouyal:15,set_13,non_gp,lingering,prob,neutral_rev_base_native,No,0.20985402166843414,1.0,1,No,3f0643cb4b08a4686daf3d63cbae257bba52855883a0f7a2c94aee25805fe73f
amouyal:16,set_14,gp,simple,prob,neutral_rev_base_native,Yes,0.003355038119480014,0.9999999403953552,0,No,4cbfac9d9e499405f6d688a451e3332b64e84faa93eb31cb021337c44291a6b9
amouyal:17,set_14,gp,lingering,prob,neutral_rev_base_native,No,5.8158228057436645e-05,1.0,1,No,5b0445ed18014d68d8f6fb6983438787933df2ce958de16a20904adfb6ddbc90
amouyal:18,set_14,non_gp,simple,prob,neutral_rev_base_native,Yes,0.9861886501312256,0.9999999403953552,1,Yes,f95d54d36b27cfe8b1d04196f447967f64216f1c83e8e7c68aedbc0b8c09d12e
amouyal:19,set_14,non_gp,lingering,prob,neutral_rev_base_native,No,1.3921846402809024e-05,1.0,1,No,4335455a1fc4ff570f4c60eb2c313ab3982cbd7ea0befe2bfe9b57372e9b7041
amouyal:20,set_15,gp,simple,prob,neutral_rev_base_native,Yes,0.9999982118606567,1.0,1,Yes,4222b4b6647cada0da4a23bd2e80b70d98d370f49685e73aa0ca79976d00a265
amouyal:21,set_15,gp,lingering,prob,neutral_rev_base_native,No,0.9976335763931274,1.0,0,Yes,4067f8fda767dd34ea1899f842129a59677a8c508a46f32dc279516dd50dcf56
amouyal:22,set_15,non_gp,simple,prob,neutral_rev_base_native,Yes,1.0,1.0,1,Yes,d5b96b67d218eda060043c6bbdf11e382f8472c019b7d31de32c1dcbe3be0ede
amouyal:23,set_15,non_gp,lingering,prob,neutral_rev_base_native,No,0.999998927116394,1.0,0,Yes,6ca6f6f65b82f1e8428e5a346d94b70f78877404fb78073a5359910b8b49b75f
amouyal:24,set_16,gp,simple,prob,neutral_rev_base_native,Yes,0.9996699094772339,1.0,1,Yes,62a4d972452d022a9e73fbcca79decd2d402fdd9b639fe6503617667dc3f44ab
amouyal:25,set_16,gp,lingering,prob,neutral_rev_base_native,No,0.4411754310131073,1.0,1,No,c8b7a98ef119e9e2ef46a50bd21c16293f538346df12abee997b4c845c8a9d44
amouyal:26,set_16,non_gp,simple,prob,neutral_rev_base_native,Yes,1.0,1.0,1,Yes,256139e45395f2a78340ec96637de8223066e553020aee71452d97370c0b57ff
amouyal:27,set_16,non_gp,lingering,prob,neutral_rev_base_native,No,0.9999998807907104,1.0,0,Yes,36e6434ec555d7d7136612c24e6db47bf33da456b8e7101e5f1bc5d97546ec4f
amouyal:28,set_17,gp,simple,prob,neutral_rev_base_native,Yes,0.731604278087616,1.0,1,Yes,07b02d764976a171aa9ee1049f8a6292f8919e531e6d433630c133290c0c5033
amouyal:29,set_17,gp,lingering,prob,neutral_rev_base_native,No,0.8962215781211853,1.0,0,Yes,531de1f95dd5d6972362103933e6d47977e6a8c7c6946c394f94b250ab5d4292
amouyal:30,set_17,non_gp,simple,prob,neutral_rev_base_native,Yes,1.0,1.0,1,Yes,d4d4f4c7bafb9d3f66c191aafd7e3dae55fe6feb37d1030e2c243bee6de15a77
amouyal:31,set_17,non_gp,lingering,prob,neutral_rev_base_native,No,0.003076493041589856,1.0,1,No,653cd73d2b2fca1263ca119fdf7954dd60bcb9f74f7d418b2f747a293bbe8cdf
amouyal:32,set_18,gp,simple,prob,neutral_rev_base_native,Yes,0.9999488592147827,1.0,1,Yes,69f022b97027c0df9cd2263187572046862c626b9c0e22f6ebcbcd7ca970ac19
amouyal:33,set_18,gp,lingering,prob,neutral_rev_base_native,No,0.0017042105318978429,1.0,1,No,2a33e1efdbffb70443e7aaf76f27c4a054869de02b67c60e0e3e7f63b0e05a4d
amouyal:34,set_18,non_gp,simple,prob,neutral_rev_base_native,Yes,1.0,1.0,1,Yes,3fdcb271d41931556f4ce03d73e295fd885c5a6cddce2566ec49ebb3f6dd6bf4
amouyal:35,set_18,non_gp,lingering,prob,neutral_rev_base_native,No,0.9999439716339111,1.0,0,Yes,ebdee7aaff497cd1889dcce165f91df539b67d464cfe714ce0acc7762b0cef27
amouyal:36,set_19,gp,simple,prob,neutral_rev_base_native,Yes,0.9999998807907104,1.0,1,Yes,36282dbdc7a9f5634c0442b8e031fb784e752ae77909f021293bbd6fc107af57
amouyal:37,set_19,gp,lingering,prob,neutral_rev_base_native,No,0.0634535700082779,1.0,1,No,0c8fb2d7ac065d71c6bf5d681ff47979bda08969d06d5fafc69e901349e3bea1
amouyal:38,set_19,non_gp,simple,prob,neutral_rev_base_native,Yes,1.0,1.0,1,Yes,a0f87d0d8c317c3935402de1ab8fda6eb427d9c268bbb4d1afd0140393bd70b2
amouyal:39,set_19,non_gp,lingering,prob,neutral_rev_base_native,No,1.0,1.0,0,Yes,4635d13f8ae1eac26d9eb73a05e3ef5b2d82a0949d714fb634a90293f0b195e7
amouyal:40,set_20,gp,simple,prob,neutral_rev_base_native,Yes,0.05347820371389389,0.9999999403953552,0,No,5b0f07796c9d155e1ae0e396709bf3a7efc23cc809997f13bf99fc54a01ade44
amouyal:41,set_20,gp,lingering,prob,neutral_rev_base_native,No,0.001628018799237907,1.0,1,No,85b5961a3f5663456f024f4c5ca25bc100a7db6ceada4699ff9cb8121c665524
amouyal:42,set_20,non_gp,simple,prob,neutral_rev_base_native,Yes,0.9999999403953552,0.9999999403953552,1,Yes,fc730fe1a67ea8400fbdd1968b35765ae85ce1592a31677dd5365f9643472a03
amouyal:43,set_20,non_gp,lingering,prob,neutral_rev_base_native,No,0.002808096120133996,1.0000001192092896,1,No,39bef28397562124d4d19b8357ff034f6d3c054690357930afd179e5133390a7
amouyal:44,set_21,gp,simple,prob,neutral_rev_base_native,Yes,0.005425954703241587,0.9999999403953552,0,No,7056f8db993f2f076b43983bae246ff682633e959abfc7eca3efacc03ac75971
amouyal:45,set_21,gp,lingering,prob,neutral_rev_base_native,No,0.00029934768099337816,1.0,1,No,c5501d5f79fdd409747f560db5f2445e693836c854b1ee66351d76e27e589ece
amouyal:46,set_21,non_gp,simple,prob,neutral_rev_base_native,Yes,1.0,1.0,1,Yes,1accc19263aa2efa0c3dcd05eeee14e78faf7c66e54d05e96fdd7928d82285e7
amouyal:47,set_21,non_gp,lingering,prob,neutral_rev_base_native,No,0.9999271631240845,1.0,0,Yes,baf8a40fbb70d614808360bbdac451d0d7fef1a8e31997f4a550704343373023
amouyal:48,set_22,gp,simple,prob,neutral_rev_base_native,Yes,1.0,1.0,1,Yes,61bafa1b2c4e3001fc8d19a072d0a673f95f8f314aa8180f8f3cff1dc332de66
amouyal:49,set_22,gp,lingering,prob,neutral_rev_base_native,No,0.999946653842926,0.9999999403953552,0,Yes,868f3efaa55472a06d0b85076dcc27ab2cd801af96be887d90afa129d33822b1
amouyal:50,set_22,non_gp,simple,prob,neutral_rev_base_native,Yes,1.0,1.0,1,Yes,7dc6a6df66e30e7943b4bdfaf56dc4ba4dc6fb1b5ad8f8c62b625b40a072ea41
amouyal:51,set_22,non_gp,lingering,prob,neutral_rev_base_native,No,0.9880706667900085,0.9999999403953552,0,Yes,0af3c53257be3686a7d92ae58c1dc0b68bc1555fda4ef5fc79c97f47a08ce5b3
amouyal:52,set_23,gp,simple,prob,neutral_rev_base_native,Yes,0.5446358323097229,1.0,1,Yes,89783ce8b40fac412fb2a786c7d9cdeb2a8cc20d681cd401fae797957a3a5e22
amouyal:53,set_23,gp,lingering,prob,neutral_rev_base_native,No,0.012341214343905449,1.0,1,No,d8acc891c9b651a40b6055dfff045b7da8ce9a8043ad94d0218934957c753090
amouyal:54,set_23,non_gp,simple,prob,neutral_rev_base_native,Yes,1.0,1.0,1,Yes,9a66ba2d6eeeef960da9e841a1b968a10ec254b320fb064002951490157c86b9
amouyal:55,set_23,non_gp,lingering,prob,neutral_rev_base_native,No,0.9448809623718262,1.0,0,Yes,cdbf37365aa2388b0536b9b976eebbc02a32559903fee9284a21ba486c8e649a
amouyal:56,set_24,gp,simple,prob,neutral_rev_base_native,Yes,0.9977664351463318,0.9999999403953552,1,Yes,a37abf0b4b14e32b386322d5d6848dca357da6ed43e80fef5131dc2144ef1db6
amouyal:57,set_24,gp,lingering,prob,neutral_rev_base_native,No,1.7671654859441333e-05,1.0,1,No,c39b96b8452996c8c3601684eb7b5280446f0356ccde22558cc88050ed6ee13b
amouyal:58,set_24,non_gp,simple,prob,neutral_rev_base_native,Yes,0.9999998807907104,1.0,1,Yes,c3b9bcf45900c27e897ee45428fa1d8e5b314efb9255530756792c20f3f54881
amouyal:59,set_24,non_gp,lingering,prob,neutral_rev_base_native,No,4.1666348238322826e-07,1.0,1,No,f137b9fab44faf6720905b41a101fd6fe912d4f74c12bbed01c188d3d6d682c5
amouyal:60,set_25,gp,simple,prob,neutral_rev_base_native,Yes,0.9999997615814209,1.0,1,Yes,4971f57fb566354674894618d83d5ce863c5fc1f484de718efcfb57efc2b8cf6
amouyal:61,set_25,gp,lingering,prob,neutral_rev_base_native,No,0.7374234199523926,1.0,0,Yes,40ad221c5a36bb3d86504445154ae4154a725f688d359e45f7cddec85d798cfc
amouyal:62,set_25,non_gp,simple,prob,neutral_rev_base_native,Yes,0.9999995231628418,1.0,1,Yes,7029175d7f3a334a6d13ac0665b7088b6572be6a5d2d5d8a212efd9d1893810d
amouyal:63,set_25,non_gp,lingering,prob,neutral_rev_base_native,No,0.9825676083564758,1.0,0,Yes,39ed2feea6438219ff2f231a3bcf6e6b2c77116af0ebc6eb943ae66d1b35a433
amouyal:64,set_26,gp,simple,prob,neutral_rev_base_native,Yes,0.9999897480010986,1.0,1,Yes,041690c7144d4d815f55e08ab0cceb2b1a1f842410666633e817f99faeafedf3
amouyal:65,set_26,gp,lingering,prob,neutral_rev_base_native,No,5.872355541214347e-05,0.9999999403953552,1,No,f55850b2c339b6345ce82b490a652012047e665dc77b6493de31615cb2185360
amouyal:66,set_26,non_gp,simple,prob,neutral_rev_base_native,Yes,0.999970555305481,1.0,1,Yes,c99e418403cd64163bc0d41d8d9e8bd163b077fc95f13b0d8d8453cfdb0ae36a
amouyal:67,set_26,non_gp,lingering,prob,neutral_rev_base_native,No,0.9839926958084106,0.9999999403953552,0,Yes,29724d04f01a939fb1946623f480ec6ab2dd8bc1c661c4015b343ecd21f41a7c
amouyal:68,set_27,gp,simple,prob,neutral_rev_base_native,Yes,1.0,1.0,1,Yes,41c9ffcf7a68fd0c629afa21df0928d36f7ae5e74949e832b57f426d0624f905
amouyal:69,set_27,gp,lingering,prob,neutral_rev_base_native,No,0.9999631643295288,1.0,0,Yes,834ed358000feecc6dd8f03aae3717bf4954363c1e51c7219cec59a833202ec1
amouyal:70,set_27,non_gp,simple,prob,neutral_rev_base_native,Yes,1.0,1.0,1,Yes,80dff7921f189b58f86b6390e5d1b458a7ca958c94165af68118836058811ded
amouyal:71,set_27,non_gp,lingering,prob,neutral_rev_base_native,No,0.9999998807907104,1.0,0,Yes,9a6da1b818f43a65af45395a3639f5a301e69f13bde4d415aa7bdde6372ae7e0
amouyal:72,set_28,gp,simple,prob,neutral_rev_base_native,Yes,0.12975123524665833,1.0,0,No,882e5e9741de7e9c0d12b1fcd0f7fdbc3c7abac26472a0b440f1eb3202b39c62
amouyal:73,set_28,gp,lingering,prob,neutral_rev_base_native,No,0.00039727124385535717,1.0,1,No,bc45dd250f4059b73402a0970306af71474225afb4e86bbd002d8577d887f64e
amouyal:74,set_28,non_gp,simple,prob,neutral_rev_base_native,Yes,0.9999999403953552,0.9999999403953552,1,Yes,769b1ed9d5c72cc52f5f0b40c3dd608f4043fd366dee1e5a5a8ec2084f2627bb
amouyal:75,set_28,non_gp,lingering,prob,neutral_rev_base_native,No,0.9999895095825195,1.0,0,Yes,5539e3b0e94dc06f7347db0a813d9ec30ff85ccbca46d5c2be0d97c508e0696b
amouyal:76,set_29,gp,simple,prob,neutral_rev_base_native,Yes,0.9999999403953552,0.9999999403953552,1,Yes,9feca265c28e86708a2d6bd827c7e990237cc451cb9c9e1b6eb8c976c0a6e6ac
amouyal:77,set_29,gp,lingering,prob,neutral_rev_base_native,No,0.9925365447998047,1.0,0,Yes,cf3f07e604d7b073e736350c30ba55bfeca9d8f54f1cda11d3407f164e6d847b
amouyal:78,set_29,non_gp,simple,prob,neutral_rev_base_native,Yes,1.0,1.0,1,Yes,0f0471e1935fc30d836b75870409f652b6f81c9523d9fcc60c49ba63183caaa7
amouyal:79,set_29,non_gp,lingering,prob,neutral_rev_base_native,No,0.9999993443489075,0.9999999403953552,0,Yes,cdadf0595bac249040a4fd3eecf6bf5a99067ceac055973e7701981835393471
amouyal:80,set_30,gp,simple,prob,neutral_rev_base_native,Yes,1.0,1.0,1,Yes,471e79bdb811f7abc2ffaf09b2ad11a832b75fc4d34942176a4c474f08ff0c6c
amouyal:81,set_30,gp,lingering,prob,neutral_rev_base_native,No,0.9616576433181763,1.0,0,Yes,0846510442d6bd1e51cf1dfc2a06e4b7a717678ae86141992b561eea974932fb
amouyal:82,set_30,non_gp,simple,prob,neutral_rev_base_native,Yes,1.0,1.0,1,Yes,13e5e6482279452085f1cadad76baf2d5b7915501c053edf860ecfc8346e3f5e
amouyal:83,set_30,non_gp,lingering,prob,neutral_rev_base_native,No,1.0,1.0,0,Yes,5e9f005cd5da22ebcf67972dc4db263600c31d5f2e0f08b12df4345bb5b40c3c
amouyal:84,set_31,gp,simple,prob,neutral_rev_base_native,Yes,0.017735542729496956,1.0,0,No,c3d2eaf743a29c9d1109a2f516cfe292278fde538ac1de7afeb75da76c8353f3
amouyal:85,set_31,gp,lingering,prob,neutral_rev_base_native,No,0.001365105388686061,1.0,1,No,afe3fc0e3a56879f5c192352a0b97a53f71a0ce7a44bdbfcfd624d9b0166b986
amouyal:86,set_31,non_gp,simple,prob,neutral_rev_base_native,Yes,0.9999978542327881,1.0,1,Yes,9eaf2700c8c80090260adb92f102622d8c64c096e0230fd2dc41371aea81e4a3
amouyal:87,set_31,non_gp,lingering,prob,neutral_rev_base_native,No,0.9984347820281982,0.9999999403953552,0,Yes,65ce8ce4de154c3141fb5fdae721436b3ed183918d543522b8039c3daf700f99
amouyal:88,set_32,gp,simple,prob,neutral_rev_base_native,Yes,0.9887635707855225,1.0,1,Yes,9e1efdcd280833e2369031ffddf1b1ecfd3fb38ed6a9059a60f77aab86833145
amouyal:89,set_32,gp,lingering,prob,neutral_rev_base_native,No,7.150099008867983e-06,1.0,1,No,615316bada4302cac6d5d01b9ba6958989d1114c5126221ee73b4cb730a770b3
amouyal:90,set_32,non_gp,simple,prob,neutral_rev_base_native,Yes,1.0,1.0,1,Yes,90e1f1b432f21aab91bf4f2f64febd881b16ae5661a43a429f6ce082ce61be10
amouyal:91,set_32,non_gp,lingering,prob,neutral_rev_base_native,No,0.9484501481056213,1.0000001192092896,0,Yes,17ee38525912ae48ff5b877f64c82cee9f522feaeac54f4c2e645993e5ed9b21
amouyal:92,set_33,gp,simple,prob,neutral_rev_base_native,Yes,0.0025909498799592257,1.0,0,No,915ccd0be462fea2f2f5853340aa216cab436e7c02cf335200d1864c8d1441d5
amouyal:93,set_33,gp,lingering,prob,neutral_rev_base_native,No,0.0006636315956711769,0.9999999403953552,1,No,19897667703684ce0c6b180f8ed3df736c689294938c80516ffea0d9d3decb9a
amouyal:94,set_33,non_gp,simple,prob,neutral_rev_base_native,Yes,1.0,1.0,1,Yes,189ac57f2b363390b39fa1dbc1937995d3f8e19827c16291a26fae207f9f6818
amouyal:95,set_33,non_gp,lingering,prob,neutral_rev_base_native,No,0.9516386389732361,1.0,0,Yes,74ef0c309ab3eb2211a793303dc4ad54628cfcbded1f9613e9c7080c95228764
amouyal:96,set_34,gp,simple,prob,neutral_rev_base_native,Yes,0.9999223351478577,0.9999999403953552,1,Yes,70be38315054a43e9dcf011989f29dc13f965acd2019f16f3ec90766dd8a7b33
amouyal:97,set_34,gp,lingering,prob,neutral_rev_base_native,No,0.0013077609473839402,1.0,1,No,ee06b4497f4f62f704b2db4b8b17e21d4f3fcd04bee2e78a468aa6bd8bf6e28a
amouyal:98,set_34,non_gp,simple,prob,neutral_rev_base_native,Yes,1.0,1.0,1,Yes,1cc4117bca9d302ed7bbd70b1845b468e9e665783f16b90c2a5d226af853dc20
amouyal:99,set_34,non_gp,lingering,prob,neutral_rev_base_native,No,0.9999998211860657,0.9999999403953552,0,Yes,ae1345cf7b6064dbefa00b8a1130b23cde8b5ffcaa35e1d4ea4f9969a65c187c
amouyal:100,set_35,gp,simple,prob,neutral_rev_base_native,Yes,0.00013543399109039456,1.0,0,No,f094b66475c4de3c3cc0dafeb2c292a268140343bb1bad35026a296a5871ae62
amouyal:101,set_35,gp,lingering,prob,neutral_rev_base_native,No,8.311116835102439e-05,1.0,1,No,fef3ec37ba606ee4c8c9e2bbd0053bf66e8c169bb1155f0bb1f6287b281fab19
amouyal:102,set_35,non_gp,simple,prob,neutral_rev_base_native,Yes,0.9999942183494568,0.9999999403953552,1,Yes,a8b4898bdaa3a9cd1cb2b6ed28bfbcb27dd9eae004490a5e45ad6f3732d0b789
amouyal:103,set_35,non_gp,lingering,prob,neutral_rev_base_native,No,0.8194958567619324,1.0,0,Yes,b8d343ce0fa7bc7238b80460ee10997862284784c2272b2996320159bc607644
amouyal:104,set_36,gp,simple,prob,neutral_rev_base_native,Yes,0.9367026686668396,1.0,1,Yes,c4bc388391904aaeae6b3e8f5e23251913a90d264587046ea050527eb39baf70
amouyal:105,set_36,gp,lingering,prob,neutral_rev_base_native,No,0.001568881911225617,1.0,1,No,dea3e2aa816846b0f2fa2fd443271c9c2040a05af5de92d5ccac820d27655a1c
amouyal:106,set_36,non_gp,simple,prob,neutral_rev_base_native,Yes,1.0,1.0,1,Yes,1793ef55be0c79a8306b54b70396de258bc7219ed8acc1333d20c8e368ef7fe0
amouyal:107,set_36,non_gp,lingering,prob,neutral_rev_base_native,No,0.985104501247406,1.0,0,Yes,73c1cd782d9122d8ed58f46b8379c6b83c9f21ce95ef08748976032e0c22a28e
amouyal:108,set_37,gp,simple,prob,neutral_rev_base_native,Yes,0.0020284131169319153,1.0,0,No,7fd1a348cc1b6b574a325880596fb5a17b5e49518701ba89035b19e9d23f3806
amouyal:109,set_37,gp,lingering,prob,neutral_rev_base_native,No,1.1018750228686258e-05,1.0,1,No,570796e367f2e45cbd2a55785de0fff8f6e507475d53a7e038b1376855128b6f
amouyal:110,set_37,non_gp,simple,prob,neutral_rev_base_native,Yes,0.9915266633033752,1.0,1,Yes,7d92c09c578967cd370614396ea44ceef3429635859db9d6630ac40e0642dc80
amouyal:111,set_37,non_gp,lingering,prob,neutral_rev_base_native,No,0.06882346421480179,1.0,1,No,1e8c38e152de93724ed7fbd79269609f3b7d6b4e913eb8eb71bede1faec58229
amouyal:112,set_38,gp,simple,prob,neutral_rev_base_native,Yes,0.08270052075386047,1.0,0,No,a0e9484d2f7096dbfd8652aaf0393bdd3459202ecf5262a379e66a2e381de7b6
amouyal:113,set_38,gp,lingering,prob,neutral_rev_base_native,No,0.15905456244945526,1.0,1,No,56970b7fbd83c1cca5c841ab8769d91b09c52b8e81ff470d4250f8b72ece5925
amouyal:114,set_38,non_gp,simple,prob,neutral_rev_base_native,Yes,0.9999983906745911,0.9999999403953552,1,Yes,8dc303ba0edc83588eeb59fc50d651e75f963b0655c57d90180ab2cb77ade29f
amouyal:115,set_38,non_gp,lingering,prob,neutral_rev_base_native,No,0.0006390790804289281,1.0,1,No,647a34d8efe54c981b7663045183900fc3772f881964871625fc0c53b9a3e2a8
amouyal:116,set_39,gp,simple,prob,neutral_rev_base_native,Yes,0.5764358043670654,1.0,1,Yes,2d84aebad3d22cdf9bb81781e6555929dd0845fa264f3916c4819c903a19e275
amouyal:117,set_39,gp,lingering,prob,neutral_rev_base_native,No,0.005715681705623865,1.0,1,No,d7224cfa007ed6869600193dae0c3b7fa054dcf1c1f6b8699536f63078d3df86
amouyal:118,set_39,non_gp,simple,prob,neutral_rev_base_native,Yes,1.0,1.0,1,Yes,53d8a0a03cd647c88f3a0f185fd0591ad9c4a38b97d66ff0752ae5fa9ee36f50
amouyal:119,set_39,non_gp,lingering,prob,neutral_rev_base_native,No,0.9998316764831543,1.0,0,Yes,a8be5c29cffefacbda5140739bfa792721f4e194f33df1d83793df88ac1c32b1
amouyal:120,set_40,gp,simple,prob,neutral_rev_base_native,Yes,0.16076360642910004,1.0,0,No,a0678e0bf09a67f354b415a8e90625713fd525356356524e02f49d030d96918c
amouyal:121,set_40,gp,lingering,prob,neutral_rev_base_native,No,1.9835941202472895e-05,1.0,1,No,f1b80d2817502703acc326dd4a8e5b8d3139d39c7a6dd369f9c73e83a0c63e15
amouyal:122,set_40,non_gp,simple,prob,neutral_rev_base_native,Yes,0.9984480142593384,1.0,1,Yes,7adf1627804cb4956683ebe46a3f1015ea8c42b3209cab90b788073f20102b83
amouyal:123,set_40,non_gp,lingering,prob,neutral_rev_base_native,No,0.08012070506811142,0.9999999403953552,1,No,89a34a8450d43b37a962de13242bbf6aa73434928fabcb63c60236610faea792
amouyal:124,set_41,gp,simple,prob,neutral_rev_base_native,Yes,0.9726076722145081,1.0,1,Yes,d124c33122cde5d8ef45fc59be6a93d53996d7892ebea2d1ac57c9674769ed03
amouyal:125,set_41,gp,lingering,prob,neutral_rev_base_native,No,0.0001770068920450285,1.0,1,No,0390ebbc57c3c59f992c9a43e5daf603435dfa02270fa02f001671d168061fbd
amouyal:126,set_41,non_gp,simple,prob,neutral_rev_base_native,Yes,1.0,1.0,1,Yes,6a161e1f94f02fbe9282a7f2048be878c7c88d21cac58e954a81a2fc92d4f3a7
amouyal:127,set_41,non_gp,lingering,prob,neutral_rev_base_native,No,0.9999997615814209,1.0,0,Yes,28edaa2ec1bfb9d8f647d42461e902cbae7a98a19fa148793d0ea12992e83e90
amouyal:128,set_42,gp,simple,prob,neutral_rev_base_native,Yes,1.0,1.0,1,Yes,73a974a6600736da2029ed2733c1ab8a22f9a540bfbb5ead2677ceb5ce8c1c10
amouyal:129,set_42,gp,lingering,prob,neutral_rev_base_native,No,0.12159079313278198,1.0,1,No,7c042cf7c3863bcac400305f6483be871dc993f15cf18fe8ba73f9402fb87133
amouyal:130,set_42,non_gp,simple,prob,neutral_rev_base_native,Yes,1.0,1.0,1,Yes,a9384878d77225c251f8ba684573254cc119b28a5cc833bb5e2fff70e24009c0
amouyal:131,set_42,non_gp,lingering,prob,neutral_rev_base_native,No,0.6351234316825867,1.0,0,Yes,14169462129be98383bbca0f4e809fb641a4f9c039fb5583d01dd1df6b777276
amouyal:132,set_43,gp,simple,prob,neutral_rev_base_native,Yes,0.9999966621398926,1.0,1,Yes,4bc35e3a2aa3c6c2648671cea56c91fe163faa0003315a6ed0934f6725dd3b64
amouyal:133,set_43,gp,lingering,prob,neutral_rev_base_native,No,0.00012188462278572842,0.9999999403953552,1,No,b3bb1375f13e8789f7df73d864d4503c01649f815c1aa332fa36e0768e858c7e
amouyal:134,set_43,non_gp,simple,prob,neutral_rev_base_native,Yes,0.9999999403953552,0.9999999403953552,1,Yes,79f3a407c470d03d7ab1735e3e80f331163cc8611c2f093e5ad2ac6a0624777e
amouyal:135,set_43,non_gp,lingering,prob,neutral_rev_base_native,No,0.9999994039535522,1.0,0,Yes,3b553f24b134210e83858cc7ed66eca3a88ea66662860ef0e06647a2bea3d64f
amouyal:136,set_44,gp,simple,prob,neutral_rev_base_native,Yes,0.00016381735622417182,1.0,0,No,2eed852a49c0f5ddc6e82894955718a8afcda4fcec649ac42b154803d68d083e
amouyal:137,set_44,gp,lingering,prob,neutral_rev_base_native,No,4.497300324146636e-05,1.0,1,No,bf06add1f590499b0092f9701e6d600c8c3e0b1af8861d1f22d2d2e74ad81c07
amouyal:138,set_44,non_gp,simple,prob,neutral_rev_base_native,Yes,0.0005417497595772147,1.0,0,No,94b14c1c0e898aa50732f89cac41dc8b6a4834b4bd80d976be682dc0f1ae699e
amouyal:139,set_44,non_gp,lingering,prob,neutral_rev_base_native,No,0.0002631479874253273,1.0,1,No,77002723fe7dd6837b16b77fb09a11d84900e58063eb5eadeb88016da8cacc6d
amouyal:140,set_45,gp,simple,prob,neutral_rev_base_native,Yes,0.02026529051363468,1.0,0,No,a3a21b7b1efd952be7cc806f7cb40107c0c6abe334149679310326ca63e67c4e
amouyal:141,set_45,gp,lingering,prob,neutral_rev_base_native,No,0.0013713547959923744,1.0,1,No,dd910c15be1732e008adb8e9837c542e2d555c7b6f829fa2325f8414dff12386
amouyal:142,set_45,non_gp,simple,prob,neutral_rev_base_native,Yes,0.9999979138374329,0.9999999403953552,1,Yes,8ebd7be4266bec2f80b36c446157c2ded1b19346a6bb770173fe82ec32243c0f
amouyal:143,set_45,non_gp,lingering,prob,neutral_rev_base_native,No,0.9999997615814209,1.0,0,Yes,99bf3555965a5c4a39c65019564d83780e5c77783ed529661698175164906461
amouyal:144,set_hyp5_1,non_gp,simple,reflexive,neutral_rev_base_native,Yes,0.9999999403953552,0.9999999403953552,1,Yes,6c4c97b05fb736e39350cb31934c7994aa64703dfa04522c32236714143e3296
amouyal:145,set_hyp5_1,non_gp,lingering,reflexive,neutral_rev_base_native,No,0.9999960660934448,1.0,0,Yes,bf06b5f27baca8c960e66f2d10e08229ba1910d9c46424b202720d230a4033c6
amouyal:146,set_hyp5_2,non_gp,simple,reflexive,neutral_rev_base_native,Yes,1.0,1.0,1,Yes,17be458a8386a05e5dfb0991d9f0407446a8f63192717de290423e441cedcc53
amouyal:147,set_hyp5_2,non_gp,lingering,reflexive,neutral_rev_base_native,No,1.2165446605649777e-07,1.0,1,No,4ac3690a86e4f6c0d69bfb021ebd3bbf0955fc2f633efa513ffa425da3cc996d
amouyal:148,set_hyp5_3,non_gp,simple,reflexive,neutral_rev_base_native,Yes,0.9999998807907104,1.0,1,Yes,5e097dd2b2112ef9e93ecfcf2335a7110e02054e882c0daac32c2ff2f3aebc7e
amouyal:149,set_hyp5_3,non_gp,lingering,reflexive,neutral_rev_base_native,No,0.0019342463929206133,1.0,1,No,ac418dad87e727406692726a02d1bf804c52d3b15e34b77018944273d8f4673a
amouyal:150,set_hyp5_4,non_gp,simple,reflexive,neutral_rev_base_native,Yes,1.0,1.0,1,Yes,7e37920e41ee6cf09e5e407a4e13d415142c52d302a71c9976da7891a4c89f49
amouyal:151,set_hyp5_4,non_gp,lingering,reflexive,neutral_rev_base_native,No,0.16021931171417236,1.0,1,No,e851de20d6186b80d5d7dc2faa431b59c4198b738df032e1b4152316b524d15a
amouyal:152,set_hyp5_5,non_gp,simple,reflexive,neutral_rev_base_native,Yes,1.0,1.0,1,Yes,e6dfdc4fd5ef895ba8492b193f2a89e51e86f66066203f9e083cd9be0f0ab2be
amouyal:153,set_hyp5_5,non_gp,lingering,reflexive,neutral_rev_base_native,No,0.9934921860694885,1.0,0,Yes,67ee85474a81fdef6bbcc47d5f02c321dd11e12291bbe30ebdc3e87633c37d82
amouyal:154,set_hyp5_6,non_gp,simple,reflexive,neutral_rev_base_native,Yes,0.9999988079071045,1.0,1,Yes,22a2f54dcab7d42f8d098f52395215b76a55a7582d7a4b792c931c9f8e2105c3
amouyal:155,set_hyp5_6,non_gp,lingering,reflexive,neutral_rev_base_native,No,0.01502095628529787,1.0,1,No,858122685be4d326b79b166b66619a44b91c2bd694591670efa58289252fa8ce
amouyal:156,set_hyp5_7,non_gp,simple,reflexive,neutral_rev_base_native,Yes,1.0,1.0,1,Yes,169b8a9d3b6052bd09295440b3f6d4bafcdd4c75d9564a623904170144f4af3a
amouyal:157,set_hyp5_7,non_gp,lingering,reflexive,neutral_rev_base_native,No,0.009915762580931187,1.0,1,No,a67a19bc1747fbc664003a906d5a1951661ed5f44ce8905a396896f9566f6cd0
amouyal:158,set_hyp5_8,non_gp,simple,reflexive,neutral_rev_base_native,Yes,0.9999973773956299,1.0,1,Yes,c1298fa872d9928e3900d6d595fe8c4e6f419b62d78ce8db09023f956ce04e26
amouyal:159,set_hyp5_8,non_gp,lingering,reflexive,neutral_rev_base_native,No,0.9841863512992859,1.0,0,Yes,61b65e678b901151610bb762ce3b3e450a23342aa0ed59ec6eb90e4f191909a8
amouyal:160,set_hyp5_9,non_gp,simple,reflexive,neutral_rev_base_native,Yes,0.9999998807907104,1.0,1,Yes,ef0929370ec8a30403942a48033ff5c18207e63c7ed125f4d6f06c1148842b98
amouyal:161,set_hyp5_9,non_gp,lingering,reflexive,neutral_rev_base_native,No,0.999981164932251,1.0,0,Yes,7e62440c822290ca404cb6f52c669147d1387e50b1b66a173b8eb132b3475df6
amouyal:162,set_hyp5_10,non_gp,simple,reflexive,neutral_rev_base_native,Yes,1.0,1.0,1,Yes,ede7981488a8acaae1f1aadf2eb8acb64f852acf2752247fc624cdd8b1e4a053
amouyal:163,set_hyp5_10,non_gp,lingering,reflexive,neutral_rev_base_native,No,0.9999996423721313,1.0,0,Yes,515f287110b2cd144363eb66ee4c8133d76d7f9c878b9211dff20e40df7d6128
amouyal:164,set_hyp5_11,non_gp,simple,reflexive,neutral_rev_base_native,Yes,1.0,1.0,1,Yes,9cc19dc39be8cc113e4cccafe16a369ac546af8d866a1a1f88debd9b3e77989b
amouyal:165,set_hyp5_11,non_gp,lingering,reflexive,neutral_rev_base_native,No,1.236070090726571e-07,1.0,1,No,fc35f89da34508454d2b0e348857140f732cddabb802741b2ee5bc161c40a963
amouyal:166,set_hyp5_12,non_gp,simple,reflexive,neutral_rev_base_native,Yes,1.0,1.0,1,Yes,9bf14a683c535aa9b6a34c5e20317f15d3de27bd43333a27f900ce5a79eca630
amouyal:167,set_hyp5_12,non_gp,lingering,reflexive,neutral_rev_base_native,No,0.999923825263977,1.0,0,Yes,618fad4b350f19ff33754e9bee92bfe3f771cce65e7bc869dd6c25654919f7d9
amouyal:168,set_hyp5_13,non_gp,simple,reflexive,neutral_rev_base_native,Yes,1.0,1.0,1,Yes,e9680b56369c393071b3bfc904d21e4025efdee6392a09cb9ea76ba0aa33e615
amouyal:169,set_hyp5_13,non_gp,lingering,reflexive,neutral_rev_base_native,No,0.9679485559463501,1.0,0,Yes,6e44d27fead54cc0d136c1ec8c721658593f938e3407cca05a2cbaeb21f0aecb
amouyal:170,set_hyp5_14,non_gp,simple,reflexive,neutral_rev_base_native,Yes,0.9998733997344971,1.0,1,Yes,d3439868d13120c9c9cb7650d975c8ebf1642f450ef55abd6ab5fdc9a1302b84
amouyal:171,set_hyp5_14,non_gp,lingering,reflexive,neutral_rev_base_native,No,1.760457416821737e-05,0.9999999403953552,1,No,1ad23d7deb8b3751b1cc5751f29b19be8760498e112b620fd9e8ed2d0f11e98c
amouyal:172,set_hyp5_15,non_gp,simple,reflexive,neutral_rev_base_native,Yes,1.0,1.0,1,Yes,4591eb3460f45b49cb8ccc76ce9e37a8a6df7b9e22be7c2adacedb3e2ce3c0ca
amouyal:173,set_hyp5_15,non_gp,lingering,reflexive,neutral_rev_base_native,No,3.379402915015817e-05,1.0,1,No,fabe1c93522f3b03f247f577eb7a7b7b8e96f4a03089712bc999237c8e201150
amouyal:174,set_hyp5_16,non_gp,simple,reflexive,neutral_rev_base_native,Yes,1.0,1.0,1,Yes,d5ef547a561767bcbc610533b03a31e6c1d7fac62015deb32a846ac219e54f47
amouyal:175,set_hyp5_16,non_gp,lingering,reflexive,neutral_rev_base_native,No,0.008268004283308983,1.0,1,No,7438b2750dad357e8fca9b72093fa439dc76b02e60f3d645d07070cd253bbd53
amouyal:176,set_hyp5_17,non_gp,simple,reflexive,neutral_rev_base_native,Yes,1.0,1.0,1,Yes,6dc1710fb2cab491e9ff5777bb9b870f14490aab70f861f4d82bdbb15253f14b
amouyal:177,set_hyp5_17,non_gp,lingering,reflexive,neutral_rev_base_native,No,0.004980757366865873,0.9999999403953552,1,No,e6b5acafa509addfb935199f52e7433fe7dc3978a426be07f192f8cc1fc3b136
amouyal:178,set_hyp5_18,non_gp,simple,reflexive,neutral_rev_base_native,Yes,6.8826246923947565e-09,1.0,0,No,cbd56c9892d155bc3025eff2464eca8797e495225c75cc5b8c48dacdad08a8ce
amouyal:179,set_hyp5_18,non_gp,lingering,reflexive,neutral_rev_base_native,No,0.4045083522796631,1.0,1,No,8cf5f37463cbf369212eca90f0d470307e9e3ecd01b2a059e1d85c1522c8ea11
amouyal:180,set_hyp5_19,non_gp,simple,reflexive,neutral_rev_base_native,Yes,1.0,1.0,1,Yes,894fdc0f7b5fc5b8cd339fb98cbc29989440ff15f08cccd916563c12f336cf92
amouyal:181,set_hyp5_19,non_gp,lingering,reflexive,neutral_rev_base_native,No,0.999110758304596,1.0,0,Yes,05f81ccd54723a335a96f5eb6e9f0fa6d9045eb05f81f817482175540057cc91
amouyal:182,set_hyp5_20,non_gp,simple,reflexive,neutral_rev_base_native,Yes,0.9991242289543152,1.0,1,Yes,dac2990a6170e4f1c121dbcfa8d6ac75d6c01ab92c56d39563e926e8462ae7d8
amouyal:183,set_hyp5_20,non_gp,lingering,reflexive,neutral_rev_base_native,No,0.0006477695424109697,1.0,1,No,40e96f86d0232e149fe6b3465f1d415416b4e8bb72225375fae209c234d1216d
amouyal:184,set_hyp5_21,non_gp,simple,reflexive,neutral_rev_base_native,Yes,0.9999954700469971,1.0,1,Yes,2640d96bec3afcf3117ef399f1c6e5c4a2c520fc2b3184ca61c9367ce5f7adbe
amouyal:185,set_hyp5_21,non_gp,lingering,reflexive,neutral_rev_base_native,No,0.9997796416282654,1.0000001192092896,0,Yes,1467b822c18becd77f520b8cf33c348dc14caeb56b3038b069292c0b690ff068
amouyal:186,set_hyp5_22,non_gp,simple,reflexive,neutral_rev_base_native,Yes,1.0,1.0,1,Yes,817bb7dfd127803df2f75c5fc37ad7252287d335b36ef37bdfbe27c1ba5f10ed
amouyal:187,set_hyp5_22,non_gp,lingering,reflexive,neutral_rev_base_native,No,5.480862910189899e-06,1.0,1,No,7d73f81bae973c06f64cdd9eaf4608f08642bc4c922faf8c37fc77eefc4fec50
amouyal:188,set_hyp5_23,non_gp,simple,reflexive,neutral_rev_base_native,Yes,1.0,1.0,1,Yes,7f9c33571eb18110b3e1ecbb81ad4d18937c4373679bfaa6b814669e234fb772
amouyal:189,set_hyp5_23,non_gp,lingering,reflexive,neutral_rev_base_native,No,0.0021476000547409058,1.0,1,No,5cb26901a31876d264843f45cff6704e17954d2634fdac05b0b2053caa1d453d
amouyal:190,set_hyp5_24,non_gp,simple,reflexive,neutral_rev_base_native,Yes,1.0,1.0,1,Yes,e8218f53eaedc38e72bb0aa6655f04fc9c044b9b21efbbe3f9e05a441f633bc2
amouyal:191,set_hyp5_24,non_gp,lingering,reflexive,neutral_rev_base_native,No,0.9165340065956116,1.0,0,Yes,b40b50463a1c37fd9388ee20a1236189b3f626bbda5bbd4c23d9aff2b99da6d2
amouyal:192,set_hyp5_1,gp,simple,reflexive,neutral_rev_base_native,Yes,1.0,1.0,1,Yes,790a432ea9fbb67b45eabd456873e3695718dadbc5f359f77431ef4f286ce8c6
amouyal:193,set_hyp5_1,gp,lingering,reflexive,neutral_rev_base_native,No,0.0008096278761513531,1.0,1,No,de9ccfcfc4f81ee5cb5fdb2a4e481ea3c817df9fdda8823d4ea6f3ce6e0a0e4b
amouyal:194,set_hyp5_2,gp,simple,reflexive,neutral_rev_base_native,Yes,0.9999974966049194,1.0,1,Yes,9508cd6959de69bbddcc8cbaa3f3705383d963d6fae0a503665df9eada7feb86
amouyal:195,set_hyp5_2,gp,lingering,reflexive,neutral_rev_base_native,No,0.00043114525033161044,1.0,1,No,7fbe131654a49e3aff82a16f7d133f052e2aa3db7f0e267ed72a34e6085c20ae
amouyal:196,set_hyp5_3,gp,simple,reflexive,neutral_rev_base_native,Yes,0.040776874870061874,1.0,0,No,e6c3bb312b06dfcab9e6c45f866a6d92e8b736091bd0e9532aadf52f40bbc49d
amouyal:197,set_hyp5_3,gp,lingering,reflexive,neutral_rev_base_native,No,0.0038420509081333876,1.0,1,No,f2e6d608881f6f5c781972a4b2eb2d97a0a454d0305e3d880b83cb532a164bd3
amouyal:198,set_hyp5_4,gp,simple,reflexive,neutral_rev_base_native,Yes,0.9999984502792358,1.0,1,Yes,8e61f99125385d174f2d6858cf8ab88462165c5ad4c519dce2a8019ec4d2b149
amouyal:199,set_hyp5_4,gp,lingering,reflexive,neutral_rev_base_native,No,0.5704696774482727,1.0,0,Yes,a96c6cda448090a552f270effbd54b311c4885995a27d91d1e2f3d6e2e8d92f3
amouyal:200,set_hyp5_5,gp,simple,reflexive,neutral_rev_base_native,Yes,0.9998204112052917,1.0000001192092896,1,Yes,93f0c1ca6d8fb96686e3b9bdb2dc1d85115caf51eb0ecc1de104c68014980397
amouyal:201,set_hyp5_5,gp,lingering,reflexive,neutral_rev_base_native,No,0.010665464214980602,1.0,1,No,38b69f1be182310bb38764d3a8542863866c3aaf8e10b24b6a81619b9df35d78
amouyal:202,set_hyp5_6,gp,simple,reflexive,neutral_rev_base_native,Yes,0.7713534235954285,1.0,1,Yes,a2a67937c8a5870cffb8b685b0c08947b4bc91cc7eea992e2a2a8582e75d24f4
amouyal:203,set_hyp5_6,gp,lingering,reflexive,neutral_rev_base_native,No,0.32027629017829895,1.0,1,No,8b273c0e7fd71cc4b485a821ea36f9d92d9e0527bbc701582470cac77664f202
amouyal:204,set_hyp5_7,gp,simple,reflexive,neutral_rev_base_native,Yes,0.9988866448402405,1.0,1,Yes,8130832676df6e88ac5a2f8a84c5cc7081331177c52b64b9095fdca5d2ca6da5
amouyal:205,set_hyp5_7,gp,lingering,reflexive,neutral_rev_base_native,No,0.00021076624398119748,1.0000001192092896,1,No,04fc34051661ab91fba5e2850649aafe48fbef6be90ce3e25ee4014fce449c78
amouyal:206,set_hyp5_8,gp,simple,reflexive,neutral_rev_base_native,Yes,0.9999918937683105,1.0,1,Yes,22152851317630a789a15e4b05a89fd71cd4c0ded9f28cc72f5298c1772f0fa1
amouyal:207,set_hyp5_8,gp,lingering,reflexive,neutral_rev_base_native,No,0.747382640838623,1.0,0,Yes,3dad81e152a85cf8bf701893386562b7b832c4b4852b7cb8a32ebe897d5875ed
amouyal:208,set_hyp5_9,gp,simple,reflexive,neutral_rev_base_native,Yes,0.9999998807907104,1.0,1,Yes,b9afce1d7998683096702b11ad6b84949574a815f49dae98c5e054596a995f38
amouyal:209,set_hyp5_9,gp,lingering,reflexive,neutral_rev_base_native,No,0.9998398423194885,0.9999999403953552,0,Yes,700d27d2ed8dfb00a20a9cf7102176743f351320e2c4c244107200fa62374ca0
amouyal:210,set_hyp5_10,gp,simple,reflexive,neutral_rev_base_native,Yes,0.9999966621398926,1.0,1,Yes,710919e383a51940c5782cb6d5c354b9d9ef79eef5a1616a6143e2a15f2b2827
amouyal:211,set_hyp5_10,gp,lingering,reflexive,neutral_rev_base_native,No,0.21808336675167084,1.0,1,No,1dfe733348b5ba0a7e2ba53e974337e508aa5b815f85ff22000fbd385baa6ed8
amouyal:212,set_hyp5_11,gp,simple,reflexive,neutral_rev_base_native,Yes,0.0501326248049736,0.9999999403953552,0,No,347c2085fb8fea0279f63640c010a5805fdd7eb286432c9b0941b52c86a8bcd4
amouyal:213,set_hyp5_11,gp,lingering,reflexive,neutral_rev_base_native,No,0.00014901571557857096,1.0,1,No,600f9bce37af0c23500b74935be8d9ec89858eada02d17b714819e5de3973ec7
amouyal:214,set_hyp5_12,gp,simple,reflexive,neutral_rev_base_native,Yes,0.9999986886978149,1.0,1,Yes,db16be2cc1068840cdb653f8e72633a3a074b8533641137e629a53a12d21aa2a
amouyal:215,set_hyp5_12,gp,lingering,reflexive,neutral_rev_base_native,No,0.10242248326539993,1.0,1,No,5bd18de2540548fcef711d87c181b604be29acdf302bdc34dcc47b453e866731
amouyal:216,set_hyp5_13,gp,simple,reflexive,neutral_rev_base_native,Yes,7.943044693092816e-06,0.9999999403953552,0,No,a2e2e458104d99740609578c62ac6bb925d62a3d1cc7d2ff37a8d751a2810d58
amouyal:217,set_hyp5_13,gp,lingering,reflexive,neutral_rev_base_native,No,0.00023467132996302098,1.0,1,No,aef14554e5e32a87e7a1933f8cba97795a005132719e3eddebbf1d0c62b4234e
amouyal:218,set_hyp5_14,gp,simple,reflexive,neutral_rev_base_native,Yes,0.3964861333370209,1.0,0,No,cc6428640f490d689c3e4297ebed42ec272c6fce2ef0478f117f0a3bd98e15e0
amouyal:219,set_hyp5_14,gp,lingering,reflexive,neutral_rev_base_native,No,4.72568572149612e-05,1.0,1,No,430d47f9d43c57ebca8bcb51c4f175b5e80ebad0256d691701ce6ad8b23cbd33
amouyal:220,set_hyp5_15,gp,simple,reflexive,neutral_rev_base_native,Yes,0.0020829709246754646,0.9999999403953552,0,No,ba227b34aa73ea2d76da1223590f4dca635ccb31c1de86ba6cb000f6260eeedd
amouyal:221,set_hyp5_15,gp,lingering,reflexive,neutral_rev_base_native,No,0.00030118320137262344,1.0000001192092896,1,No,07c3c62b2a49fabf7eb60d5aa3e5c1f754f48c86c030d3649bca5b973e4ab0d4
amouyal:222,set_hyp5_16,gp,simple,reflexive,neutral_rev_base_native,Yes,0.11344792693853378,1.0,0,No,af867e761221294cce85f96a6370341524b4d29a44814e9080a5d3be2dcc3167
amouyal:223,set_hyp5_16,gp,lingering,reflexive,neutral_rev_base_native,No,0.07964349538087845,1.0,1,No,118f5c028188d9f496d25827d6113d9bf2764600636dc26d8824b57a78ec3ba1
amouyal:224,set_hyp5_17,gp,simple,reflexive,neutral_rev_base_native,Yes,1.0,1.0,1,Yes,e7ca30a700d596f004acac60b8c149ff3aca461bb60f1de28ce84a9f3acb8c0b
amouyal:225,set_hyp5_17,gp,lingering,reflexive,neutral_rev_base_native,No,0.013572795316576958,1.0,1,No,0f07ef2b6e2e4cd1296ef12756a64c283f6bb8ea73828b521537f4697bb9eff4
amouyal:226,set_hyp5_18,gp,simple,reflexive,neutral_rev_base_native,Yes,2.0031051462865435e-05,1.0,0,No,b2b2d76d858016da5ae918fc8cf0326e04683b1569cd90adc04dfbfa4b60a327
amouyal:227,set_hyp5_18,gp,lingering,reflexive,neutral_rev_base_native,No,0.002759322291240096,1.0,1,No,a4e6fcab736c5ccff7966bf36abbdfb30d54fcf39d339746493e6ba6efe21b67
amouyal:228,set_hyp5_19,gp,simple,reflexive,neutral_rev_base_native,Yes,0.9999961853027344,1.0,1,Yes,ca6589fff6b5f1077be480cc0cc545b7dc92f97036a531dbb8a50160d3170c9b
amouyal:229,set_hyp5_19,gp,lingering,reflexive,neutral_rev_base_native,No,0.48458874225616455,1.0,1,No,f1b7ee5fc5013d744af0274716eff33b25d053fdef273e13d7ab456b863cfd5e
amouyal:230,set_hyp5_20,gp,simple,reflexive,neutral_rev_base_native,Yes,0.98846834897995,1.0,1,Yes,c4a9a1ac9dd6fe8a13332c7ee9b5336960592b42cf88ed86b1eeafb978eb8ab8
amouyal:231,set_hyp5_20,gp,lingering,reflexive,neutral_rev_base_native,No,0.0001364393247058615,0.9999999403953552,1,No,162adf1a6b5fa40f280230bbc057ecc1e65c759b115fdeab2faa898070dc2362
amouyal:232,set_hyp5_21,gp,simple,reflexive,neutral_rev_base_native,Yes,0.9999929070472717,0.9999999403953552,1,Yes,96d9efb9ed42efb8c2d26ac3f564cd94d2fc1fce8bbc00402cb22a32a80abd2d
amouyal:233,set_hyp5_21,gp,lingering,reflexive,neutral_rev_base_native,No,0.004620331805199385,1.0,1,No,fa62585a862d7ffd6ed95ef3e4a5f29887e078cc9c6343f58b32a5305d03be5a
amouyal:234,set_hyp5_22,gp,simple,reflexive,neutral_rev_base_native,Yes,0.9498081207275391,0.9999999403953552,1,Yes,2754738547ee190f2f51b37cf371372ea8945afa537ed70e3419525af63f47fe
amouyal:235,set_hyp5_22,gp,lingering,reflexive,neutral_rev_base_native,No,1.978145883185789e-05,1.0,1,No,90e94391549abc8e8930ee1deb4648db19c03f2a35dc3b0efedbe52b2404e3d2
amouyal:236,set_hyp5_23,gp,simple,reflexive,neutral_rev_base_native,Yes,0.9617875218391418,1.0,1,Yes,ce04f49c3faf5a30cba72d37ee8db0896ce16df2e2501b921c562a76f677aa80
amouyal:237,set_hyp5_23,gp,lingering,reflexive,neutral_rev_base_native,No,4.522899689618498e-05,1.0,1,No,4c0d2926051a0ff6fe52178fc2c088ebca6c40156932822a82b69d145cccb1aa
amouyal:238,set_hyp5_24,gp,simple,reflexive,neutral_rev_base_native,Yes,0.9999980926513672,1.0,1,Yes,2841cece25cef5ea24b3b2db3844e34cf0e917f437801e93c027cdeff8bbcda8
amouyal:239,set_hyp5_24,gp,lingering,reflexive,neutral_rev_base_native,No,0.06245400011539459,0.9999999403953552,1,No,108604c28ca2f93374e0827d73e81d245446d33017975801865730e3827d1c10
amouyal:240,set_1,gp,simple,prob,neutral_rev_base_native,Yes,0.8365504145622253,1.0,1,Yes,d04328acf5b9e8a6b461169e201dc25842d97f634b501e5bd466371aef18a701
amouyal:241,set_1,gp,lingering,prob,neutral_rev_base_native,No,0.006118427496403456,1.0,1,No,b139a7b2b54985fccaded116682452b5cf88d303aff9caaffbe9b3577268093c
amouyal:242,set_1,non_gp,simple,prob,neutral_rev_base_native,Yes,0.9889407753944397,1.0,1,Yes,be277fd124befa8acb340a9f0d4a9b8c2ec9870e0dfbf0c6462a4a78f2f93774
amouyal:243,set_1,non_gp,lingering,prob,neutral_rev_base_native,No,0.9997479319572449,1.0,0,Yes,b8d57ec7f8918052c3d5f25569c05b91fcc2508a5b864151956fc32e50601606
amouyal:244,set_2,gp,simple,prob,neutral_rev_base_native,Yes,1.0,1.0,1,Yes,2b00e4ee48ab723433f4d4d3e0b66923aebf40c2e72c7b5d92464ad7c974487e
amouyal:245,set_2,gp,lingering,prob,neutral_rev_base_native,No,0.9771268963813782,1.0,0,Yes,145ac6ec8af46c89896ec62bd3ee1e9de0e9dd3f4c24e7ac2ca646e03d190635
amouyal:246,set_2,non_gp,simple,prob,neutral_rev_base_native,Yes,1.0,1.0,1,Yes,8fd7fbe5faa51d0fd7f786dd0c3ee482706fc9ed18b57bd65a646c084d3fc1ad
amouyal:247,set_2,non_gp,lingering,prob,neutral_rev_base_native,No,0.999997615814209,1.0,0,Yes,751f4808b27b42d1c22dd11c094d07c58ec656c02170121566a3ede1f22b4ced
amouyal:248,set_3,gp,simple,prob,neutral_rev_base_native,Yes,0.9995859265327454,1.0,1,Yes,2cbfe2e10069379d71c76cbd1bc9f5f639732fb0b91d39fd23758ee7b1f0303f
amouyal:249,set_3,gp,lingering,prob,neutral_rev_base_native,No,0.1030762568116188,1.0,1,No,c0a711a4c30e9b5068a2609f35909afb07ae30ed7858701bb550cdca693b3322
amouyal:250,set_3,non_gp,simple,prob,neutral_rev_base_native,Yes,0.9999998807907104,1.0,1,Yes,bbfa91775e611e1ad4cabe10b36d01fffb87f73cb857d1a9897c9d646b45c09e
amouyal:251,set_3,non_gp,lingering,prob,neutral_rev_base_native,No,0.752972424030304,1.0,0,Yes,fda3f37b6594fd6dd06bf3a6ef3151495aca2c7948c7604b69d021a9c476446b
amouyal:252,set_4,gp,simple,prob,neutral_rev_base_native,Yes,0.4086223840713501,1.0,0,No,f50f432830cdb15ba3b94c0c21562b258527877985aa1ccf54595bc7d5a3794e
amouyal:253,set_4,gp,lingering,prob,neutral_rev_base_native,No,0.0011275681899860501,1.0,1,No,5c3818e2325e44f24e76781c0128b9c83b58851534121e741b558065d4adb3db
amouyal:254,set_4,non_gp,simple,prob,neutral_rev_base_native,Yes,0.9999772906303406,0.9999999403953552,1,Yes,50911e3de42ac301b20ed84ad3770bd91965d0710db0aa20ddc4eab5cf71037f
amouyal:255,set_4,non_gp,lingering,prob,neutral_rev_base_native,No,0.0189835075289011,0.9999999403953552,1,No,c109cb3e83735ae763350fa1d38f0a0ef5b5bc69529b07c3831259ff9793ef55
amouyal:256,set_5,gp,simple,prob,neutral_rev_base_native,Yes,0.0006281898240558803,1.0,0,No,f70a131e0ba0e184c9bed6c85768217ce5816d4c37bba70c29942e000edeab56
amouyal:257,set_5,gp,lingering,prob,neutral_rev_base_native,No,2.8878778266516747e-06,1.0,1,No,d0ac181d3a5cbabf074a231e308dd577d4d1b3108fd706094adbdb6c64dcdbed
amouyal:258,set_5,non_gp,simple,prob,neutral_rev_base_native,Yes,0.9843725562095642,0.9999999403953552,1,Yes,789e97d17e8320845ca03c85447da0879d77cd9c8ba64a55ee6fa9a7d143cf8e
amouyal:259,set_5,non_gp,lingering,prob,neutral_rev_base_native,No,0.00021167818340472877,1.0,1,No,bca168b7ff91a06f8a332dd62d5f4dd55240a4933822b8a2e0a8fadcb1b352d0
amouyal:260,set_6,gp,simple,prob,neutral_rev_base_native,Yes,0.0013353347312659025,0.9999999403953552,0,No,8af87ace3b4ebfd402b12beb3b507aebc7662114443a75583cb9238544731eb7
amouyal:261,set_6,gp,lingering,prob,neutral_rev_base_native,No,0.0001637142850086093,0.9999999403953552,1,No,70ba3363541a4828c72e62223dbb14e8278102a9e4c8be26a7ba398d225dc437
amouyal:262,set_6,non_gp,simple,prob,neutral_rev_base_native,Yes,1.0,1.0,1,Yes,1583b5d6bf76daf32cf9957090a1f4a53f5a5c1b33539adabcd48195a6c54c6c
amouyal:263,set_6,non_gp,lingering,prob,neutral_rev_base_native,No,0.9974270462989807,1.0,0,Yes,4270f999ca0f32b2faacdb0bde748c91b239b445e45fa665955fe455ffd8f89a
amouyal:264,set_7,gp,simple,prob,neutral_rev_base_native,Yes,0.013112137094140053,1.0,0,No,7e70345af03da595635df90d8b317e21b1f4775fc822944ee18e1b4b2e506a57
amouyal:265,set_7,gp,lingering,prob,neutral_rev_base_native,No,0.00031544864759780467,1.0,1,No,89c7c6972bdfd3c77366e85949a61e9e6d2c856a3751087b6bab6c7052f15fc9
amouyal:266,set_7,non_gp,simple,prob,neutral_rev_base_native,Yes,0.9999950528144836,0.9999999403953552,1,Yes,14391708ef64baf42aac2a84c1730ae769702daa058ab11031f313276d6ab8e9
amouyal:267,set_7,non_gp,lingering,prob,neutral_rev_base_native,No,0.0233916062861681,1.0,1,No,4949dfc68b74ca0f0c88c51efbcce8322038843eeba712206cb8ee0dcf73e425
amouyal:268,set_8,gp,simple,prob,neutral_rev_base_native,Yes,0.039139289408922195,1.0,0,No,03f0963b8652bbb53ab6981c1204e428f5b4f6a8258eccc6cab6ef704b6f4e3b
amouyal:269,set_8,gp,lingering,prob,neutral_rev_base_native,No,1.5740324670332484e-05,1.0,1,No,0724a4132010c5478468f3e94ae1bbd0471d49f077485f59f0558c4694a3830d
amouyal:270,set_8,non_gp,simple,prob,neutral_rev_base_native,Yes,1.0,1.0,1,Yes,dbc7da92babe6bfc4832c7819e512517049b8022ea207edf2ecc6e50a4f91533
amouyal:271,set_8,non_gp,lingering,prob,neutral_rev_base_native,No,0.021690327674150467,0.9999999403953552,1,No,4b45c0316dc61cb51205cc5f3709ffbef11a7c0e09a07dda9bf5656a0b0627d9
amouyal:272,set_9,gp,simple,prob,neutral_rev_base_native,Yes,0.8904807567596436,0.9999999403953552,1,Yes,19e1664339bcee99dffc68d14acf02d66d70e1d08e477790fd1bd87169b80b10
amouyal:273,set_9,gp,lingering,prob,neutral_rev_base_native,No,0.0003632945299614221,0.9999999403953552,1,No,88d5cd94e086eefc72ee17dd97967c5e96ef3d6a1b9c1c3bf481f297dd46c5ea
amouyal:274,set_9,non_gp,simple,prob,neutral_rev_base_native,Yes,0.9999997615814209,1.0,1,Yes,75897603b0a2129d2f1b2a00b6c9ff949d9e9db7db2076e7a4a903d40f90fe7d
amouyal:275,set_9,non_gp,lingering,prob,neutral_rev_base_native,No,0.017664508894085884,1.0,1,No,eac1ff2ba89f3543c6e4adee5941d3927e12d65a2aa1d04e8cdc8a539f5de83a
amouyal:0,set_10,gp,simple,prob,neutral_rev_base_prefill,Yes,0.13109442591667175,0.9449890851974487,0, No,3e3fd774ce305a19af548ac34e03b842ebf464afeac309f22d47934e6565cd06
amouyal:1,set_10,gp,lingering,prob,neutral_rev_base_prefill,No,0.01353835966438055,0.9849969148635864,1, No,fe317e85ad9cc6f08e91a18388effad0ba1c9edfa92d3f5eede3de6db04293ad
amouyal:2,set_10,non_gp,simple,prob,neutral_rev_base_prefill,Yes,0.8885015249252319,0.9053942561149597,1, Yes,16546e27cb419cb2cb3b3950d61a90a63f57256b27465ecef831c1895e048dd5
amouyal:3,set_10,non_gp,lingering,prob,neutral_rev_base_prefill,No,0.0012103647459298372,0.985467791557312,1, No,f346d92027272be6dcb660ea2a5fbc6ef7b41a70b63f05a4b1262ccf98b3bcfa
amouyal:4,set_11,gp,simple,prob,neutral_rev_base_prefill,Yes,0.842136025428772,0.9032983779907227,1, Yes,ecbfc5d5f0db63fe101bab5206ba1e14e6a3909bddafae34f397b98afc79be3f
amouyal:5,set_11,gp,lingering,prob,neutral_rev_base_prefill,No,0.8066428899765015,0.9258634448051453,0, Yes,3f817b2b5a7d4973fb7a42562559bd29cca241ba773cefdc4db048fbd7101e93
amouyal:6,set_11,non_gp,simple,prob,neutral_rev_base_prefill,Yes,0.9960068464279175,0.9302008748054504,1, Yes,03db7f6b1fa2d7e20cd5fc8213c6f33a19a7f5bcaa3885f51116332893d3e110
amouyal:7,set_11,non_gp,lingering,prob,neutral_rev_base_prefill,No,0.8911851048469543,0.9460757970809937,0, Yes,3ac5d18bf126b41603d722b5fbaaa4481e38095e06dae7af85e36eb7954426f9
amouyal:8,set_12,gp,simple,prob,neutral_rev_base_prefill,Yes,0.9390033483505249,0.9339381456375122,1, Yes,25a6a0e3622df5752c0cfa6aca645ecd8be0c9ea3fdb835d16d2373e14dcbf43
amouyal:9,set_12,gp,lingering,prob,neutral_rev_base_prefill,No,0.40944379568099976,0.9658308625221252,1, No,e107e22192faa0f543febb8d2655014cf51d17976013726c53403ac7fb353dc6
amouyal:10,set_12,non_gp,simple,prob,neutral_rev_base_prefill,Yes,0.9996180534362793,0.9534845948219299,1, Yes,5f0217d5988e85df890534ce97f637f80be3b47b6d029f3c3419bf1408cb8514
amouyal:11,set_12,non_gp,lingering,prob,neutral_rev_base_prefill,No,0.9769465327262878,0.9596512317657471,0, Yes,fb1d15d02da97ec81534b316f3c72a5cc5302e364769aaad83ace040d58d8e90
amouyal:12,set_13,gp,simple,prob,neutral_rev_base_prefill,Yes,0.11744599044322968,0.9437978267669678,0, No,6ddbda7f0b65edfd9817dcd9c18698999669479332c9d2bab0e894efcc82af17
amouyal:13,set_13,gp,lingering,prob,neutral_rev_base_prefill,No,0.0038437333423644304,0.9847193360328674,1, No,c1e90fcdffd0b2871b01386ff6a2a280a83c243d67705ca687ab362fe668aad7
amouyal:14,set_13,non_gp,simple,prob,neutral_rev_base_prefill,Yes,0.993247926235199,0.9534817934036255,1, Yes,5f7dedbb6b93efd8be2111cce0a6177e164881cd593e1e7695dc785f4fa3bb13
amouyal:15,set_13,non_gp,lingering,prob,neutral_rev_base_prefill,No,0.07832534611225128,0.9590677618980408,1, No,01be4d475ab233ce2dc50c3605eda6ba187cc24f844e6118889341d152aa1b04
amouyal:16,set_14,gp,simple,prob,neutral_rev_base_prefill,Yes,0.01596119813621044,0.9857954978942871,0, No,112f905d94faf53c5bb0f8312b5dc887052f0f06e6704b35c9c392087eaf1251
amouyal:17,set_14,gp,lingering,prob,neutral_rev_base_prefill,No,0.0010387840447947383,0.9955270290374756,1, No,f5887128f755c4f4d175341e6fcacec79786cb1f6346cdac330a9084160ff475
amouyal:18,set_14,non_gp,simple,prob,neutral_rev_base_prefill,Yes,0.5126775503158569,0.9042845964431763,1, Yes,789c9d6b35d0072a628c9d244ba818ae052737fb902cbcc90e016d2b4cc8d4d3
amouyal:19,set_14,non_gp,lingering,prob,neutral_rev_base_prefill,No,0.00042942899744957685,0.9922733306884766,1, No,f56abcb7049d57738151e38c6e44d6a09cda469399e42d52fa563f99b9f497e2
amouyal:20,set_15,gp,simple,prob,neutral_rev_base_prefill,Yes,0.9825977683067322,0.9169248342514038,1, Yes,949a866ebf6b8ff3ee4f6464100bacd9503565d43d3c3b42e7c38f19516af9a5
amouyal:21,set_15,gp,lingering,prob,neutral_rev_base_prefill,No,0.7396090626716614,0.8885526657104492,0, Yes,08373082bc74048f73ca38fdaa5a88d786e235847489994f7d0c94a0d4d5d7a5
amouyal:22,set_15,non_gp,simple,prob,neutral_rev_base_prefill,Yes,0.9988728165626526,0.9387059807777405,1, Yes,e8a22a2003d503ea72fda786786d8f6b40863ee468c0f8c63354cb8608bc2c18
amouyal:23,set_15,non_gp,lingering,prob,neutral_rev_base_prefill,No,0.9805827736854553,0.9463016390800476,0, Yes,e75e5c8fdbe0a67e5e44bb41e581157c8c7c41a91892c063da31f12cc08a997b
amouyal:24,set_16,gp,simple,prob,neutral_rev_base_prefill,Yes,0.8896024823188782,0.9241804480552673,1, Yes,c39f75417fe655ea29ee6157fc57bc40d8636bbc21c50743922a20ffa07a3cb7
amouyal:25,set_16,gp,lingering,prob,neutral_rev_base_prefill,No,0.16263224184513092,0.9706633687019348,1, No,2eaeedb4862f12dbc4e7a45d11c8b72d9f4da63a5baab4c6ccc28234375ce0e4
amouyal:26,set_16,non_gp,simple,prob,neutral_rev_base_prefill,Yes,0.9997077584266663,0.9438614249229431,1, Yes,ea7efac9aff3b2c599f8b97b4a62f6491883541fa5a22843f91f408e6b788c99
amouyal:27,set_16,non_gp,lingering,prob,neutral_rev_base_prefill,No,0.9941554665565491,0.9335131049156189,0, Yes,81ef73e5c729548cc3bcc545e73c2cb16fe5876e51da1799edfb93435e1206de
amouyal:28,set_17,gp,simple,prob,neutral_rev_base_prefill,Yes,0.22877071797847748,0.9099532961845398,0, No,c4b73b99fdbad34d444694f5706a945140b91ff82094c0969c82e6ce6d388db8
amouyal:29,set_17,gp,lingering,prob,neutral_rev_base_prefill,No,0.41465243697166443,0.9405270218849182,1, No,07500e26807a4f87a0d4ecb799c957429ca2dd92111f994df4ced021d107cd93
amouyal:30,set_17,non_gp,simple,prob,neutral_rev_base_prefill,Yes,0.9983280897140503,0.959890604019165,1, Yes,021bb43bf5344e55eda63053078c62dbf032ac7154aa7f2c5771746a9adfc6cd
amouyal:31,set_17,non_gp,lingering,prob,neutral_rev_base_prefill,No,0.006809582933783531,0.9841721653938293,1, No,de1b3f0b5911f96121d137edbb5c83e304c5d49c6de58dee1e41d8e0f635b3fd
amouyal:32,set_18,gp,simple,prob,neutral_rev_base_prefill,Yes,0.9166220426559448,0.9508994817733765,1, Yes,788a9bfaff8dbfca5b64d786be273f9d2f8f604cb88a48b4516b820f4cdbedf3
amouyal:33,set_18,gp,lingering,prob,neutral_rev_base_prefill,No,0.01044400129467249,0.9874616861343384,1, No,efa3002796992df0504b23acbb743005f8186a7a7463af351762fde1e97933a6
amouyal:34,set_18,non_gp,simple,prob,neutral_rev_base_prefill,Yes,0.997618556022644,0.9706830382347107,1, Yes,cb9719b00ba7c220b8aedf9d689da670937342d70f7471ae8b96f06667b56b56
amouyal:35,set_18,non_gp,lingering,prob,neutral_rev_base_prefill,No,0.8736460208892822,0.9191330075263977,0, Yes,cbb9c1a189854577aad534d50ad338b862227f45ff0a0297b2eed129cdcd0600
amouyal:36,set_19,gp,simple,prob,neutral_rev_base_prefill,Yes,0.9882982969284058,0.9492910504341125,1, Yes,db3cdeeeac108d8612a3a5bfaa2dfedb4c703e0208e5701384c18a263e54979e
amouyal:37,set_19,gp,lingering,prob,neutral_rev_base_prefill,No,0.037856221199035645,0.9686689972877502,1, No,19ff4039ca96c31034bf197b1c5ce89bb1bb64749143cbf04e5fb9edc5c15344
amouyal:38,set_19,non_gp,simple,prob,neutral_rev_base_prefill,Yes,0.9989669919013977,0.956593930721283,1, Yes,1d7e0e89769c3a1fe471ed47ed8d327f98c59a892a1872408c39309a1850b82a
amouyal:39,set_19,non_gp,lingering,prob,neutral_rev_base_prefill,No,0.9959864616394043,0.9606268405914307,0, Yes,1201dc9111135babe265dccb0a9088798b316d67e1ee5cce61a9b53496f7edda
amouyal:40,set_20,gp,simple,prob,neutral_rev_base_prefill,Yes,0.049968935549259186,0.9791969060897827,0, No,9407a66eae5fc011ccaf269b0d5f9c4e627ec21652942853a0b8f1f7b5a731f1
amouyal:41,set_20,gp,lingering,prob,neutral_rev_base_prefill,No,0.0034814425744116306,0.9921746253967285,1, No,632437674502d600e2e4111f9a7c373c9f3cee73b6c3535c1fb73e18f283fcb2
amouyal:42,set_20,non_gp,simple,prob,neutral_rev_base_prefill,Yes,0.996849775314331,0.9752719402313232,1, Yes,96597606f5f16d641566fa66675ae9a81e865a2eafe2254a3c93e5e49308359f
amouyal:43,set_20,non_gp,lingering,prob,neutral_rev_base_prefill,No,0.002456274116411805,0.9906867742538452,1, No,b62e4b23b4c8647045fb2dc63ddd6cc6259332e790601cdc3105d77beea016c8
amouyal:44,set_21,gp,simple,prob,neutral_rev_base_prefill,Yes,0.046914827078580856,0.949076771736145,0, No,dfe9d898efbfa26d5658055ea04dacf466a441abd421a6a894e71280e20396b4
amouyal:45,set_21,gp,lingering,prob,neutral_rev_base_prefill,No,0.005938813555985689,0.9828405976295471,1, No,f163c60c63ef8931c71f92fedf13cfb2b9f8f86015a3340c2951276456b58090
amouyal:46,set_21,non_gp,simple,prob,neutral_rev_base_prefill,Yes,0.9989721179008484,0.9510250091552734,1, Yes,d47567c66ebfdb8b9c82b225d9706dab4ca9841ea4a426ac03b02e008c35cd2f
amouyal:47,set_21,non_gp,lingering,prob,neutral_rev_base_prefill,No,0.9398238658905029,0.8537124991416931,0, Yes,b64aec8edd97c5e2482d9e7a5ebc8f330fdf65439e8809acbe3126d80589e438
amouyal:48,set_22,gp,simple,prob,neutral_rev_base_prefill,Yes,0.9986287355422974,0.9666991829872131,1, Yes,5d257953260feb8db8f57fd85fe12d679b85665c895ff4e9f750e999a59ae50b
amouyal:49,set_22,gp,lingering,prob,neutral_rev_base_prefill,No,0.8865662813186646,0.9453969597816467,0, Yes,27edd5655788a74ce7dc8b4b9108068dd5f29a430f314f370e526f916ba83b73
amouyal:50,set_22,non_gp,simple,prob,neutral_rev_base_prefill,Yes,0.9993245601654053,0.9687861204147339,1, Yes,4703b5f35668e95ecaada7695e8f508e81a3380d4eaca6efc1b0bdf91b0bb699
amouyal:51,set_22,non_gp,lingering,prob,neutral_rev_base_prefill,No,0.5164832472801208,0.9472091794013977,0, Yes,477d36d2e68cfb82f793cbcc6183bcfc6cead03672c48d2b6917e799ee3ffda3
amouyal:52,set_23,gp,simple,prob,neutral_rev_base_prefill,Yes,0.1559024304151535,0.9114399552345276,0, No,625b0e470138f1f1043b2ca2449b1d548140d65a2ab85bab37ca5bfef1e5c8cb
amouyal:53,set_23,gp,lingering,prob,neutral_rev_base_prefill,No,0.018115738406777382,0.9781044125556946,1, No,4c3e5a34ea4c5368ce252f5feeb34f8bd6457ddcd744397004bf294238a7c450
amouyal:54,set_23,non_gp,simple,prob,neutral_rev_base_prefill,Yes,0.997951090335846,0.9372531175613403,1, Yes,1aa205386dcb47668b84d221a6ab59652b5cf1a5e7b79c248ad3af7b74858f46
amouyal:55,set_23,non_gp,lingering,prob,neutral_rev_base_prefill,No,0.4119310975074768,0.9313297271728516,1, No,bb4d28bf8dd1d0228db2987157f8f763e14cb894e3ce9448ddaf86e48bc4bd8c
amouyal:56,set_24,gp,simple,prob,neutral_rev_base_prefill,Yes,0.6682450175285339,0.8959764242172241,1, Yes,8dfb0facf5c5ed95873929ede2b62538ff282162fb154c62ae3910749424b9c3
amouyal:57,set_24,gp,lingering,prob,neutral_rev_base_prefill,No,0.0004984362749382854,0.99355149269104,1, No,75f384a791d2a39bf1c8ca03f72060bc7d0f8abbdb449e7d11eb998fe194c3e9
amouyal:58,set_24,non_gp,simple,prob,neutral_rev_base_prefill,Yes,0.9948059916496277,0.948034405708313,1, Yes,599676ea59d3a7182b0d8c56bf30a06925ed7e8047f56de72acfb24ae1644884
amouyal:59,set_24,non_gp,lingering,prob,neutral_rev_base_prefill,No,4.853585414821282e-05,0.9930600523948669,1, No,62102c1e038cb4f344cde8e1f88dec2ffc36877f0eff2dfb4eab059e6e78c73e
amouyal:60,set_25,gp,simple,prob,neutral_rev_base_prefill,Yes,0.9902275204658508,0.9165248274803162,1, Yes,21e3a24a323141ffc2b2d02b574faac60e1c2e5ef50dcd5d4e643b5df063f790
amouyal:61,set_25,gp,lingering,prob,neutral_rev_base_prefill,No,0.2001393586397171,0.927513062953949,1, No,d9e795e6127ee681bd41e348f25bc1003fb3e8dc413baa8d73631c3bbf49bcff
amouyal:62,set_25,non_gp,simple,prob,neutral_rev_base_prefill,Yes,0.9902430772781372,0.9335950016975403,1, Yes,ce8fa5d4d41817490c2ed7999686dc61e790070181a7332f1cfcf8851a8a598a
amouyal:63,set_25,non_gp,lingering,prob,neutral_rev_base_prefill,No,0.4031727910041809,0.9130045175552368,1, No,768023184214aa830eb980279b6b06c2e71feb6e2be4765284712d6155436b25
amouyal:64,set_26,gp,simple,prob,neutral_rev_base_prefill,Yes,0.9595823287963867,0.882320761680603,1, Yes,b8d0fafe81acdb1020a79b6b1a4a789283ba2697459918fa2465f884a04885f2
amouyal:65,set_26,gp,lingering,prob,neutral_rev_base_prefill,No,0.0004270175704732537,0.9854252338409424,1, No,e542169ec5ccef2608d12cb6a3073e73bcd995a31aa35566fe0508480245b623
amouyal:66,set_26,non_gp,simple,prob,neutral_rev_base_prefill,Yes,0.9692503809928894,0.953570544719696,1, Yes,54f5d494a2a7224315117fd6ddf646ae524659983f62c8a00d865736826a465e
amouyal:67,set_26,non_gp,lingering,prob,neutral_rev_base_prefill,No,0.2592619061470032,0.8927487134933472,1, No,b394f4aa46c9e08fbb61cba8d7c5e012f41253abaf84dae5f54812a0d546f651
amouyal:68,set_27,gp,simple,prob,neutral_rev_base_prefill,Yes,0.9982293248176575,0.9520549774169922,1, Yes,da019cfd5b42c6fbd6f6cb2f3d705707f5a10f4fb4cc631414d8260e1a27a170
amouyal:69,set_27,gp,lingering,prob,neutral_rev_base_prefill,No,0.901921808719635,0.9180212616920471,0, Yes,6587214724f02b94261a381343360f073ea0f673c1c4f6a0da8b8bdb59284aec
amouyal:70,set_27,non_gp,simple,prob,neutral_rev_base_prefill,Yes,0.9996185302734375,0.9533217549324036,1, Yes,aef0111e637e068039cc2de2478bdb6f74a55d7211390ab24f004d6cd0680a51
amouyal:71,set_27,non_gp,lingering,prob,neutral_rev_base_prefill,No,0.9884575009346008,0.9406099319458008,0, Yes,9b483d2fc44c87003fc3f96b160cf82a0b9ac6ef5ad5296080b784ca03739723
amouyal:72,set_28,gp,simple,prob,neutral_rev_base_prefill,Yes,0.07001243531703949,0.9438682198524475,0, No,5340b972e216d275e71b2a549065e1e634a93ca5a7da7177ec5dae3e9b429a2e
amouyal:73,set_28,gp,lingering,prob,neutral_rev_base_prefill,No,0.0034139996860176325,0.9851832985877991,1, No,5ca47961e9bb63b266dccaf111645317ebeb798d74fbe069e5d193c52759e127
amouyal:74,set_28,non_gp,simple,prob,neutral_rev_base_prefill,Yes,0.9927591681480408,0.9500343203544617,1, Yes,afd003e808373257e87bb9a24fb2edabb8c5c4435c5a2ab332dcef0d283685ed
amouyal:75,set_28,non_gp,lingering,prob,neutral_rev_base_prefill,No,0.9219735860824585,0.9402981996536255,0, Yes,7a38b65fd36f59955e5c18a8c6da0414d72a4ead19016e86bcc6436a051c67e3
amouyal:76,set_29,gp,simple,prob,neutral_rev_base_prefill,Yes,0.9904191493988037,0.932864785194397,1, Yes,c4be3e3ea265ac5b12f3c72ab107c58314743e59fff0ea4b14d89a723caa756a
amouyal:77,set_29,gp,lingering,prob,neutral_rev_base_prefill,No,0.4480368494987488,0.8950632810592651,1, No,d8051d73735743862995b288850b735655c07bf84c1db7efee3a619a106a273c
amouyal:78,set_29,non_gp,simple,prob,neutral_rev_base_prefill,Yes,0.9985529780387878,0.951667845249176,1, Yes,0fe9c71cce87cd31408771533b783619147e60ebb82712092e7fa31966caf753
amouyal:79,set_29,non_gp,lingering,prob,neutral_rev_base_prefill,No,0.973334014415741,0.9249063730239868,0, Yes,6f62adeae3307412c1f7f0a7077450c3ce725e815e4efcdcaeb5c80d2cd67f04
amouyal:80,set_30,gp,simple,prob,neutral_rev_base_prefill,Yes,0.996246874332428,0.948508083820343,1, Yes,087a9ed51e9bd2f7eba6a64ce58c0b6d7585c636f826be6f135297f2bb8482ea
amouyal:81,set_30,gp,lingering,prob,neutral_rev_base_prefill,No,0.45415428280830383,0.8888819217681885,1, No,75c112351eae40f6985ae056efa2776176a6e726d37d6d09a2b76729fda17fe2
amouyal:82,set_30,non_gp,simple,prob,neutral_rev_base_prefill,Yes,0.9990662336349487,0.9626628160476685,1, Yes,80f8bd33cce941d2623785fa88b5fbc9a2630d4bb85f118c3202674a674a6e36
amouyal:83,set_30,non_gp,lingering,prob,neutral_rev_base_prefill,No,0.9971050024032593,0.9583423733711243,0, Yes,a5f6d8a27a277428d866dd1a8b1ea936f31cd0435753c7958bbb9b70daf3564d
amouyal:84,set_31,gp,simple,prob,neutral_rev_base_prefill,Yes,0.031031813472509384,0.967118501663208,0, No,29e9c06072d7ccf8094c363de9984560855903387c678179f11fc0629e049379
amouyal:85,set_31,gp,lingering,prob,neutral_rev_base_prefill,No,0.0029293980915099382,0.9884766936302185,1, No,252812679d756a8519b7c405ac1a6ba4cece57aeb200ea6d118a41a9c4fa4470
amouyal:86,set_31,non_gp,simple,prob,neutral_rev_base_prefill,Yes,0.9854803681373596,0.9670953154563904,1, Yes,32081589974e5a5d61af11e0452216cc75525592de298c135a55539ef6cc8444
amouyal:87,set_31,non_gp,lingering,prob,neutral_rev_base_prefill,No,0.6090492010116577,0.9397246837615967,0, Yes,fa16d768a95c44d6dd173bdb16758015bee31e55932331c10d834e5abd76b937
amouyal:88,set_32,gp,simple,prob,neutral_rev_base_prefill,Yes,0.48094192147254944,0.8697108030319214,0, No,eb14a51aa7881ffaea81ac34384913fd2d4b172863d002ea2b7f09670024c5de
amouyal:89,set_32,gp,lingering,prob,neutral_rev_base_prefill,No,0.00019005969807039946,0.986591637134552,1, No,9234b6378dc49794168879018b0987e6f8cec36cf17871a2605b41c0a3bfdbcb
amouyal:90,set_32,non_gp,simple,prob,neutral_rev_base_prefill,Yes,0.9918463826179504,0.9423758387565613,1, Yes,6df5f3e2052fb0ca14d1f0aec8b13141797174bb52727185e385a602f5c03058
amouyal:91,set_32,non_gp,lingering,prob,neutral_rev_base_prefill,No,0.21783077716827393,0.9001835584640503,1, No,94d4e74c48828384471fcca89dd64954e404e808b6edd55bf0fd8144620e7ab5
amouyal:92,set_33,gp,simple,prob,neutral_rev_base_prefill,Yes,0.019549863412976265,0.9710224866867065,0, No,91b1e3a9420b74e9d591574f78267739ca9880e86f3bfb0c12eed12319729679
amouyal:93,set_33,gp,lingering,prob,neutral_rev_base_prefill,No,0.006119731813669205,0.9897483587265015,1, No,ba592b6d71d68f13e451ad3a765fc264e617846508a894a7f619becdf0b4a9f6
amouyal:94,set_33,non_gp,simple,prob,neutral_rev_base_prefill,Yes,0.9984707236289978,0.9443313479423523,1, Yes,00f184b516df3b614e24512445a43768490aa7a8067a0e03ca0d51400d82db68
amouyal:95,set_33,non_gp,lingering,prob,neutral_rev_base_prefill,No,0.3199588656425476,0.9301975965499878,1, No,8f7dc1c08dfdef1c20501919d13f916daead5e8f9de36624057014aac06889b3
amouyal:96,set_34,gp,simple,prob,neutral_rev_base_prefill,Yes,0.9207966327667236,0.9092972278594971,1, Yes,9d5348a42dee390fe4479c42e39f937268dff1bd923abadf26d3a60bdf999bc3
amouyal:97,set_34,gp,lingering,prob,neutral_rev_base_prefill,No,0.006245890166610479,0.9896591305732727,1, No,0912c61d230c1fb2e91a5af95345b47e0d2f9219a33e62b716d8e933ded114db
amouyal:98,set_34,non_gp,simple,prob,neutral_rev_base_prefill,Yes,0.996647834777832,0.9567705988883972,1, Yes,448cac37439b3346566347b1a51e5168901d541533b1f167f0b1703d732a7944
amouyal:99,set_34,non_gp,lingering,prob,neutral_rev_base_prefill,No,0.9825981259346008,0.9418302178382874,0, Yes,a123aa221f09fcfaac219dc5eaee2bff25e1ed547b95c25bb19d08813a6e87da
amouyal:100,set_35,gp,simple,prob,neutral_rev_base_prefill,Yes,0.0028043119236826897,0.9907272458076477,0, No,dc62a1243baefac405662ba692838cb6e3f7a558188841126f8b0d4806d487db
amouyal:101,set_35,gp,lingering,prob,neutral_rev_base_prefill,No,0.0015330399619415402,0.9916627407073975,1, No,77d074f0e06a5dd68235ee4a0808b457f9155a459f306fe28b1cd5cdb0d2fcee
amouyal:102,set_35,non_gp,simple,prob,neutral_rev_base_prefill,Yes,0.9805811047554016,0.9271321296691895,1, Yes,1544a01d3f06d3307f86713feeb677dd2a8f1a1272ab4a613c52c5cd71e111a6
amouyal:103,set_35,non_gp,lingering,prob,neutral_rev_base_prefill,No,0.35856035351753235,0.9139809012413025,1, No,24e649ec6eb90c2cdf5fca8c54ed75351f343289b4f17f03ab3870803abeacfb
amouyal:104,set_36,gp,simple,prob,neutral_rev_base_prefill,Yes,0.3404899835586548,0.899764895439148,0, No,b0ee2f6442d20d5583d3737293b814d35ed7efd8e2bc9de67a12124afaf4cc43
amouyal:105,set_36,gp,lingering,prob,neutral_rev_base_prefill,No,0.006682620383799076,0.9749649167060852,1, No,73964db815ee61c2183da5da21380e521889fdec32bccbbb36c57e2201c2079a
amouyal:106,set_36,non_gp,simple,prob,neutral_rev_base_prefill,Yes,0.99681556224823,0.9444260001182556,1, Yes,0a76376b78b684e51523137ee6a0e0a782a13c49132f90c0becaf2d0546d8186
amouyal:107,set_36,non_gp,lingering,prob,neutral_rev_base_prefill,No,0.53817218542099,0.8775888681411743,0, Yes,57d502371a94df0042efb8740159bcddb7bc43cb44d2dac86558dc2b42f89609
amouyal:108,set_37,gp,simple,prob,neutral_rev_base_prefill,Yes,0.013375046662986279,0.9888819456100464,0, No,90e5386ae850c909b1d0e38c31977d4338fcb12b1090e745126b8f7806a3783a
amouyal:109,set_37,gp,lingering,prob,neutral_rev_base_prefill,No,0.0003937419387511909,0.9934627413749695,1, No,db1a9b136ab798a879ae52c1413d1d1a12fbff63ed79d3e3939687fbffa97f95
amouyal:110,set_37,non_gp,simple,prob,neutral_rev_base_prefill,Yes,0.6490033268928528,0.9544928669929504,1, Yes,d354b2b2cb9032673aed4b1b133510315ed16e6c9f90a247366bcb350f80b3ab
amouyal:111,set_37,non_gp,lingering,prob,neutral_rev_base_prefill,No,0.030326485633850098,0.9682269096374512,1, No,afb0710ede707c3c6387a6e8a3da385919426955859a72477ad8e32a08f8f327
amouyal:112,set_38,gp,simple,prob,neutral_rev_base_prefill,Yes,0.04192028194665909,0.9735397696495056,0, No,759078b2820d40292192ccfb42c286ab18b0dea811965e3504c9ff3ab6cc31d9
amouyal:113,set_38,gp,lingering,prob,neutral_rev_base_prefill,No,0.0731235146522522,0.9799371957778931,1, No,826380ff3c10fe43c136ffd42304facdc7441948b3339f8231e7a0aa96707671
amouyal:114,set_38,non_gp,simple,prob,neutral_rev_base_prefill,Yes,0.9701964855194092,0.9186448454856873,1, Yes,296ab7c57a01bf49c82917774c66a348bb0f9730ad13c46badef9dea4e5a345f
amouyal:115,set_38,non_gp,lingering,prob,neutral_rev_base_prefill,No,0.003588432213291526,0.9960097074508667,1, No,539a33ea29188111f723eb31aadc694b122fd8c923bcdb29444689ff36005b7d
amouyal:116,set_39,gp,simple,prob,neutral_rev_base_prefill,Yes,0.25899162888526917,0.9610310196876526,0, No,06e8524f3a7d5ef79f947d4259f648a1f339d1ca6639daf016b24a413bec12d4
amouyal:117,set_39,gp,lingering,prob,neutral_rev_base_prefill,No,0.015179810114204884,0.9869793653488159,1, No,69542e6e03a0c208ba1f0136f8bc8af5e903567e12158c204054f2c5a8dc45bb
amouyal:118,set_39,non_gp,simple,prob,neutral_rev_base_prefill,Yes,0.9994165897369385,0.9757669568061829,1, Yes,bc35462ecd74c80a4112e727fa74e2335bb393cf6ad6fd4607a45de7328ba246
amouyal:119,set_39,non_gp,lingering,prob,neutral_rev_base_prefill,No,0.870307445526123,0.9562255144119263,0, Yes,373a972f1b6427091c0e37277f078e92e9bd39ff005fb0777d4a30737643e9e8
amouyal:120,set_40,gp,simple,prob,neutral_rev_base_prefill,Yes,0.08542372286319733,0.9590454697608948,0, No,fec354a7d5be4bbd1e034aac7e1133bfd7fe0ed834aca414c71cd64e71048b94
amouyal:121,set_40,gp,lingering,prob,neutral_rev_base_prefill,No,0.001087878830730915,0.9957563877105713,1, No,73dceacb6058f81afd7551dd7e3384b7f46f688f7146d72ee2194abdbcd21d48
amouyal:122,set_40,non_gp,simple,prob,neutral_rev_base_prefill,Yes,0.8482450842857361,0.9353808164596558,1, Yes,7a186b4710a8626ed9ed6120b29ae88846eb3c161ad216fbcf85e4df709df8a2
amouyal:123,set_40,non_gp,lingering,prob,neutral_rev_base_prefill,No,0.07716164737939835,0.9740458726882935,1, No,d0afe5b2091a45675f261bdef9f0040950fb658d0eb026e6247e2b9dde116cb8
amouyal:124,set_41,gp,simple,prob,neutral_rev_base_prefill,Yes,0.5207046270370483,0.9250466823577881,1, Yes,86bbbde7c64c3afa0ce22e818376ec942cff3e3b5c8b72b1f94a3b408ae95d42
amouyal:125,set_41,gp,lingering,prob,neutral_rev_base_prefill,No,0.0023787920363247395,0.9938457012176514,1, No,cf216a25106b04646efaef33990d5aa1f6fb30275718750586233749f5880867
amouyal:126,set_41,non_gp,simple,prob,neutral_rev_base_prefill,Yes,0.9989131093025208,0.9508641958236694,1, Yes,88ce3c052932c2581e0ac45a1ab59ddfca2f76c51935548221bc54d3fa30ff06
amouyal:127,set_41,non_gp,lingering,prob,neutral_rev_base_prefill,No,0.9875866174697876,0.9633620381355286,0, Yes,8ae2226e89316aa5c2ef22ecce0baab7bafc0319ad2a9affecefa9eb1de58a63
amouyal:128,set_42,gp,simple,prob,neutral_rev_base_prefill,Yes,0.9954328536987305,0.92645663022995,1, Yes,3df277d2c91efeb685b7925345e93a6d0f9f4f258f218cf02599f10db7865eb1
amouyal:129,set_42,gp,lingering,prob,neutral_rev_base_prefill,No,0.047415219247341156,0.9755873680114746,1, No,fa82e30891ba5028aed33c2ce3ccdc34f0e9851dd99d6eed0e461fd48b6198fc
amouyal:130,set_42,non_gp,simple,prob,neutral_rev_base_prefill,Yes,0.9995702505111694,0.942558228969574,1, Yes,8518e242b44946cfa23215ae06a897d301b11ba87fc48d0434ea48f864cca136
amouyal:131,set_42,non_gp,lingering,prob,neutral_rev_base_prefill,No,0.09259235113859177,0.9641217589378357,1, No,c749081c981f3ede81a5e85848d54619116b782d8842ce2d1e022b7cbf1cc83b
amouyal:132,set_43,gp,simple,prob,neutral_rev_base_prefill,Yes,0.9772778153419495,0.949688196182251,1, Yes,46f6fe79a652bba4bcf5ba6c9688fa6fffdd45a4d5c9b3286e9d4a940d70762f
amouyal:133,set_43,gp,lingering,prob,neutral_rev_base_prefill,No,0.0022491731215268373,0.9915853142738342,1, No,c6c281e444a191eba1070c2d20b605bf98bf07c12513a7738042f70bab0dd15b
amouyal:134,set_43,non_gp,simple,prob,neutral_rev_base_prefill,Yes,0.9969164729118347,0.9669982194900513,1, Yes,25f12bc144a7afc190e1fae3f72ce7043ab4225bfec2ff72d8121a9fe8367523
amouyal:135,set_43,non_gp,lingering,prob,neutral_rev_base_prefill,No,0.9841199517250061,0.9483544826507568,0, Yes,2a12272738ae2b6d98a447c56448dad2475c8a29ab37ef6229a541c527d881ab
amouyal:136,set_44,gp,simple,prob,neutral_rev_base_prefill,Yes,0.0044360291212797165,0.9927099943161011,0, No,0854bb8084373db743cf4f2663813b6b3ccf72f5c33d13b54222a6b7a499e3ca
amouyal:137,set_44,gp,lingering,prob,neutral_rev_base_prefill,No,0.0006787226884625852,0.9980287551879883,1, No,e7340bacb99cd4601361f213524b8f9b432e7f87075687db8df2524fcbdacbee
amouyal:138,set_44,non_gp,simple,prob,neutral_rev_base_prefill,Yes,0.01218725647777319,0.988980770111084,0, No,491fdb1e3815ae4ad82bbefdd8a790ff44d9ba9f9cb2c4b0224eda99b6771037
amouyal:139,set_44,non_gp,lingering,prob,neutral_rev_base_prefill,No,0.002100433921441436,0.9967767596244812,1, No,6601d40909366ddcebed74824c6ca38bdf9e157318bc3ece820b6877b5bf97bf
amouyal:140,set_45,gp,simple,prob,neutral_rev_base_prefill,Yes,0.024635549634695053,0.9646875858306885,0, No,0c93c53d5991fb53c9de0021270fc9dfa8578cb13e21433ac6259fe8b41d1d0f
amouyal:141,set_45,gp,lingering,prob,neutral_rev_base_prefill,No,0.00584444310516119,0.9809074997901917,1, No,d904435a81e4c7790689f1a565fff7005d3b416f2e8649ea9eda6cec09447757
amouyal:142,set_45,non_gp,simple,prob,neutral_rev_base_prefill,Yes,0.9841200113296509,0.9557057619094849,1, Yes,b00b6ee8c719cbfaa06dd137c83c1aff2f25c06b2e9bd24c2c242940ba6c50dc
amouyal:143,set_45,non_gp,lingering,prob,neutral_rev_base_prefill,No,0.9860208034515381,0.9399034380912781,0, Yes,e698f4543d309ba4886f5062566bffce1421b06a1a94d8e7e8afdfcee9ac7980
amouyal:144,set_hyp5_1,non_gp,simple,reflexive,neutral_rev_base_prefill,Yes,0.9967246055603027,0.9683692455291748,1, Yes,533435434a2c05632e8cef1d042cf7be63128213aaece6b60f81609ad6994799
amouyal:145,set_hyp5_1,non_gp,lingering,reflexive,neutral_rev_base_prefill,No,0.9705825448036194,0.9511526823043823,0, Yes,1f0480ede45faf8de89a78efd24345ff6fc43397557c5cf5d2c17b3ead0cb9ff
amouyal:146,set_hyp5_2,non_gp,simple,reflexive,neutral_rev_base_prefill,Yes,0.997259259223938,0.9563769698143005,1, Yes,3c9874fbdae8f3cfcbdc1ac4a28394601e6faf7ebe063726113a9399ec003a42
amouyal:147,set_hyp5_2,non_gp,lingering,reflexive,neutral_rev_base_prefill,No,7.529235972469905e-06,0.9966173768043518,1, No,0585529259bff072beb4196e530ee8f1fe2dbeeab30e5a7a2777c826101734b4
amouyal:148,set_hyp5_3,non_gp,simple,reflexive,neutral_rev_base_prefill,Yes,0.9921838045120239,0.9596228003501892,1, Yes,f593bd9c6e0a92decc742a6ebc5f7565ead39fc05d58eee2c57ef5d5cca7eb02
amouyal:149,set_hyp5_3,non_gp,lingering,reflexive,neutral_rev_base_prefill,No,0.0063647376373410225,0.9835653305053711,1, No,44dc0fe6d93a8405488931b58f23940228deb0d1ec37fe7541a70ff1819bd419
amouyal:150,set_hyp5_4,non_gp,simple,reflexive,neutral_rev_base_prefill,Yes,0.9966980814933777,0.9637864232063293,1, Yes,073ad73c9784e3dd0e901efde5ef757ec1c87d34488f46873c96dddb6a1352a0
amouyal:151,set_hyp5_4,non_gp,lingering,reflexive,neutral_rev_base_prefill,No,0.03586319833993912,0.9695561528205872,1, No,ce1ade9672abaef4cc08617f6d553feaec346f56a2f6778ff4133b47e04aa009
amouyal:152,set_hyp5_5,non_gp,simple,reflexive,neutral_rev_base_prefill,Yes,0.9997014999389648,0.946841835975647,1, Yes,bf39fbc37188e19a39626ea929768822ab34201e99f946f00e300f3aa81c339d
amouyal:153,set_hyp5_5,non_gp,lingering,reflexive,neutral_rev_base_prefill,No,0.5410436987876892,0.8499711155891418,0, Yes,1d2b2432d14d3bc383626d86496ab07b0e74d1fbe09475e0d0b8b347063a6a5f
amouyal:154,set_hyp5_6,non_gp,simple,reflexive,neutral_rev_base_prefill,Yes,0.9792006015777588,0.929387092590332,1, Yes,769b611c54ee1b9738dbd815d42cbe8fd1724c7b5e4cd2b0287739ba62b5c5fe
amouyal:155,set_hyp5_6,non_gp,lingering,reflexive,neutral_rev_base_prefill,No,0.012582505121827126,0.9548516273498535,1, No,0bd933f0b628944035e712df0a050b60272e8107a74f2083fba722d01f646b70
amouyal:156,set_hyp5_7,non_gp,simple,reflexive,neutral_rev_base_prefill,Yes,0.9967399835586548,0.9588911533355713,1, Yes,1983f5501e054ac821f1b2c3051d8184e7cb4e8f1cf7004758b9bb1f5cf52bb2
amouyal:157,set_hyp5_7,non_gp,lingering,reflexive,neutral_rev_base_prefill,No,0.01659691333770752,0.9846532344818115,1, No,a48125185b93164e2341c0423020bb9bc74af6ca2e1c94f2640dc2f08e154ec5
amouyal:158,set_hyp5_8,non_gp,simple,reflexive,neutral_rev_base_prefill,Yes,0.9768903255462646,0.9584036469459534,1, Yes,efce68a40c0c1b51272d69efd663b54f1dfe4541ec77e52781a4e22a17ee0b5b
amouyal:159,set_hyp5_8,non_gp,lingering,reflexive,neutral_rev_base_prefill,No,0.30068090558052063,0.9422240853309631,1, No,03841870d823c98f87b0b5247edeb28a59096a8d2d0799f46ac015c197059c14
amouyal:160,set_hyp5_9,non_gp,simple,reflexive,neutral_rev_base_prefill,Yes,0.9947107434272766,0.9497564435005188,1, Yes,bbcc0291b1e6a0e8b3328ec8e705feae207decf9d9c22ed686b5554c5192aef9
amouyal:161,set_hyp5_9,non_gp,lingering,reflexive,neutral_rev_base_prefill,No,0.9128465056419373,0.8967979550361633,0, Yes,83fc9d9dcbc792c8c9809cccd64b56f900bfd724e643e1dfa3c155ba2a7ac864
amouyal:162,set_hyp5_10,non_gp,simple,reflexive,neutral_rev_base_prefill,Yes,0.9970898628234863,0.96359783411026,1, Yes,c4e3ca79be43a4d9ed4cd18f718e6bd8c8d7517d900921a5bd10315f1ae90f84
amouyal:163,set_hyp5_10,non_gp,lingering,reflexive,neutral_rev_base_prefill,No,0.9690316915512085,0.8961642384529114,0, Yes,87a997d0b484f68759071e1f4b5db01e40a93677c1526ee7b9d808b908876915
amouyal:164,set_hyp5_11,non_gp,simple,reflexive,neutral_rev_base_prefill,Yes,0.9962072968482971,0.9536641240119934,1, Yes,1cd9d8c3c7bd79cdbfed86a14ffb540d9f79e030c04a642d70c5f23e2a3582b1
amouyal:165,set_hyp5_11,non_gp,lingering,reflexive,neutral_rev_base_prefill,No,1.6532714653294533e-05,0.9953316450119019,1, No,59d90a81323e4ea5938651f22e3a2b623c476aec4fdc277e4b1d11c8be31a77c
amouyal:166,set_hyp5_12,non_gp,simple,reflexive,neutral_rev_base_prefill,Yes,0.9977218508720398,0.9653710126876831,1, Yes,84795c264e065d1a6e70096145ec55a83ae32b32ddb7cd5a3fc75605efc5cd68
amouyal:167,set_hyp5_12,non_gp,lingering,reflexive,neutral_rev_base_prefill,No,0.8911848664283752,0.9548934698104858,0, Yes,2568ecd7e0a04ca1063cf96b0de381ad2f3bbca4cf5aec2e2c037c286707211b
amouyal:168,set_hyp5_13,non_gp,simple,reflexive,neutral_rev_base_prefill,Yes,0.9961851835250854,0.9250122904777527,1, Yes,2ef15ba6abea72b8d7e4a561d102ee83996ce48f7c7c81c008fc9f4d15ff0545
amouyal:169,set_hyp5_13,non_gp,lingering,reflexive,neutral_rev_base_prefill,No,0.44477608799934387,0.8610755205154419,1, No,35b0357295826896d12d615a9b1b3f5cb33206a76835c5f5034983c95a68f0d5
amouyal:170,set_hyp5_14,non_gp,simple,reflexive,neutral_rev_base_prefill,Yes,0.9239305853843689,0.9213284850120544,1, Yes,2fa04c0cea5b28cb5327841b0754d1fd93c3179ac287208a738bb937dc3db5ce
amouyal:171,set_hyp5_14,non_gp,lingering,reflexive,neutral_rev_base_prefill,No,0.0005141911678947508,0.9926775097846985,1, No,f506d800f7ca5601ecd3d84c555e4fbe749f9f7aa1e22f61b3b8e2b9ec4e0dfc
amouyal:172,set_hyp5_15,non_gp,simple,reflexive,neutral_rev_base_prefill,Yes,0.9971884489059448,0.9526627063751221,1, Yes,ba2fce3cdf90d51abaf8b9fb81956ddcb34f3ffee802306fe456b7028c2228a0
amouyal:173,set_hyp5_15,non_gp,lingering,reflexive,neutral_rev_base_prefill,No,0.001164804445579648,0.9935566782951355,1, No,c811ae21d4d091616b038316af5d56d34977d34a401e00979449b7e0d597d4fc
amouyal:174,set_hyp5_16,non_gp,simple,reflexive,neutral_rev_base_prefill,Yes,0.9954495429992676,0.925152599811554,1, Yes,8659101b9679ddda781983c599f39e3f47bea3e33b2e91f9740f77cc0ed1f014
amouyal:175,set_hyp5_16,non_gp,lingering,reflexive,neutral_rev_base_prefill,No,0.016573011875152588,0.9833893775939941,1, No,18599a39107f3aa8cf0ebcd439ff6db96fb81fb3bb0428309cb3f1462048ee2b
amouyal:176,set_hyp5_17,non_gp,simple,reflexive,neutral_rev_base_prefill,Yes,0.9983469247817993,0.9624186158180237,1, Yes,bc45c1f53164c051ae4fb4010238c385c465f4aad4f4b0ff0ffd652d11cc74a6
amouyal:177,set_hyp5_17,non_gp,lingering,reflexive,neutral_rev_base_prefill,No,0.010531274601817131,0.9849987626075745,1, No,be1891f1386f6055c6cbb264c3f1e9305b0963d8909382456c5d45a3cb610408
amouyal:178,set_hyp5_18,non_gp,simple,reflexive,neutral_rev_base_prefill,Yes,4.940030521538574e-06,0.9975579977035522,0, No,b3d74d3b864c0010cebc522d2ea05b837110b08f29f0ebe01a282019ac60724e
amouyal:179,set_hyp5_18,non_gp,lingering,reflexive,neutral_rev_base_prefill,No,0.11977938562631607,0.9766150712966919,1, No,6802e2906309da837d6c092e9b4a8cf1843bc1d73b640e20ef4f4b651b992011
amouyal:180,set_hyp5_19,non_gp,simple,reflexive,neutral_rev_base_prefill,Yes,0.9953288435935974,0.9503635168075562,1, Yes,4b11a2090b950a557ad8531ef1cdecba450b189bb1e9e38e0ba1c411548c5b2c
amouyal:181,set_hyp5_19,non_gp,lingering,reflexive,neutral_rev_base_prefill,No,0.6660501956939697,0.9149297475814819,0, Yes,e9cba83e15a2ff76e9fbb72ce01806143a769f7e7969a75f7c67213bf688f362
amouyal:182,set_hyp5_20,non_gp,simple,reflexive,neutral_rev_base_prefill,Yes,0.7683835625648499,0.9166371822357178,1, Yes,0127818b4f85ddff6107cdfd74b27d862c05d0057215669eeb9c186e9bc1d111
amouyal:183,set_hyp5_20,non_gp,lingering,reflexive,neutral_rev_base_prefill,No,0.0030810136813670397,0.9852069616317749,1, No,8d367b80f4e2da081da97e9712e9d4f151c81305b5d01a6112db904fcaa95242
amouyal:184,set_hyp5_21,non_gp,simple,reflexive,neutral_rev_base_prefill,Yes,0.974300742149353,0.9391312003135681,1, Yes,8a460a6d114f71ee080f06b1010daf80cc97ebce8d0ba567d5ccb2ebe15a100b
amouyal:185,set_hyp5_21,non_gp,lingering,reflexive,neutral_rev_base_prefill,No,0.8683966398239136,0.9349219799041748,0, Yes,08d74e6acebac47f9fe06845cba46e0048cec4ba94d29465c8b42cb3dc1ca56e
amouyal:186,set_hyp5_22,non_gp,simple,reflexive,neutral_rev_base_prefill,Yes,0.9979808926582336,0.9690444469451904,1, Yes,caae5d17f281ff3df9de89499b6ae4692d495df05630b98b28b4e555e78b6ea1
amouyal:187,set_hyp5_22,non_gp,lingering,reflexive,neutral_rev_base_prefill,No,0.00029816306778229773,0.9930908679962158,1, No,8406efd964d46391b7bd1e7abe69b2bdaa919cb903683ad7b14b043fc067a93b
amouyal:188,set_hyp5_23,non_gp,simple,reflexive,neutral_rev_base_prefill,Yes,0.9977034330368042,0.9635441303253174,1, Yes,cea8a6d37dc4c27ce47b04a90aad58e18451c42685480db2d7cc4a12f0210dea
amouyal:189,set_hyp5_23,non_gp,lingering,reflexive,neutral_rev_base_prefill,No,0.024958588182926178,0.9891005754470825,1, No,71b2086dd38e9bc67609573e37fd7d1d8c9f58d493195b211f882af51b77f49d
amouyal:190,set_hyp5_24,non_gp,simple,reflexive,neutral_rev_base_prefill,Yes,0.9983351826667786,0.9724826216697693,1, Yes,8272ca97681b15a05612d8ba2750a01ac8f97786d3c5c85eaaf084a7a2c6e6f9
amouyal:191,set_hyp5_24,non_gp,lingering,reflexive,neutral_rev_base_prefill,No,0.3850516378879547,0.9698448181152344,1, No,8d23b16814d02c953ccaeb0a6d96c843f2ed71dd4ded5d4ed522b486c58a4f24
amouyal:192,set_hyp5_1,gp,simple,reflexive,neutral_rev_base_prefill,Yes,0.9982293248176575,0.9561163783073425,1, Yes,ca96030d6b246b138b15e5058d7c5a6ff98b5c8da5a11d6fee3a2d6ce009e635
amouyal:193,set_hyp5_1,gp,lingering,reflexive,neutral_rev_base_prefill,No,0.002166867721825838,0.9856917858123779,1, No,544cfbadc6ed49df7971e5a8b473aca5e5ee6022375818286814dc20015939ff
amouyal:194,set_hyp5_2,gp,simple,reflexive,neutral_rev_base_prefill,Yes,0.9433864951133728,0.9241148233413696,1, Yes,286f38269fb310d529a91fe66e789d716c7ccfcb2f3388c960114465267d4a60
amouyal:195,set_hyp5_2,gp,lingering,reflexive,neutral_rev_base_prefill,No,0.0005499993567354977,0.9928156137466431,1, No,265b9cfb7ee960e868726d4186158efebd54a8bef69d88263c7b9341085d3b79
amouyal:196,set_hyp5_3,gp,simple,reflexive,neutral_rev_base_prefill,Yes,0.03208426013588905,0.962835431098938,0, No,93d10da6b02b5f135c064133f7d91c8e58755cef709debee5805cdc21d2a71d2
amouyal:197,set_hyp5_3,gp,lingering,reflexive,neutral_rev_base_prefill,No,0.011107350699603558,0.981480062007904,1, No,3a958b703b3bde1efbe01cd109bf6ee369dec8321790deebcff82b93354b84db
amouyal:198,set_hyp5_4,gp,simple,reflexive,neutral_rev_base_prefill,Yes,0.973141074180603,0.9388560652732849,1, Yes,571d01f5b7abb8ff5c3c863b202996704b7968d891c2c852b0b5208230c50fde
amouyal:199,set_hyp5_4,gp,lingering,reflexive,neutral_rev_base_prefill,No,0.1108732670545578,0.9576302766799927,1, No,d6a51b1845fba7a0219b747982aadb4f814b6c34dcfd1c9179a88736709a682b
amouyal:200,set_hyp5_5,gp,simple,reflexive,neutral_rev_base_prefill,Yes,0.8504884243011475,0.8896559476852417,1, Yes,889d151bb861065a136c74217c4f313c793d34bcaae8a054921f5df1ae29d95d
amouyal:201,set_hyp5_5,gp,lingering,reflexive,neutral_rev_base_prefill,No,0.01910417340695858,0.9619091749191284,1, No,2acdfb529e7ba4ed44229e4eef8d32f48546a691eb582ebfd66a035abab10e90
amouyal:202,set_hyp5_6,gp,simple,reflexive,neutral_rev_base_prefill,Yes,0.21021950244903564,0.9045941829681396,0, No,c4afd093666ef44c75562ef778d378fbd8c0f16f8290cffb273c1f8e514ff632
amouyal:203,set_hyp5_6,gp,lingering,reflexive,neutral_rev_base_prefill,No,0.15367741882801056,0.9362620115280151,1, No,fd9a9147c583784c13b9163f97ee85f817540ee234c219b89bb27af380a2159b
amouyal:204,set_hyp5_7,gp,simple,reflexive,neutral_rev_base_prefill,Yes,0.7192118167877197,0.8871135711669922,1, Yes,4895c035302f92a6e6d87b5b924c9317e5d6dd536abcb2b4ba750d5a0d47921d
amouyal:205,set_hyp5_7,gp,lingering,reflexive,neutral_rev_base_prefill,No,0.0014690785901620984,0.988004744052887,1, No,f5ba64d7accfc72ca46d61f9ec94645add2886417a476e63682eccbc07c671e8
amouyal:206,set_hyp5_8,gp,simple,reflexive,neutral_rev_base_prefill,Yes,0.9607929587364197,0.9176557064056396,1, Yes,cc84744bd9da43054777c29c1545139b91a58ae877ef7c4b0408b4dc80e193f1
amouyal:207,set_hyp5_8,gp,lingering,reflexive,neutral_rev_base_prefill,No,0.24618732929229736,0.9402164220809937,1, No,80886d5d505583a27fca6633a1e408a7ce81144336c100bc9146adf1dd36d788
amouyal:208,set_hyp5_9,gp,simple,reflexive,neutral_rev_base_prefill,Yes,0.9905897974967957,0.9377962946891785,1, Yes,80731b8af5a447539399c048306122887cc789d2ca21865dbe58a8ef579aa387
amouyal:209,set_hyp5_9,gp,lingering,reflexive,neutral_rev_base_prefill,No,0.7892342805862427,0.900968074798584,0, Yes,0d410f0411c420c2d6923014deae717f2b7d0d8bdc833f71cdba8322806fe596
amouyal:210,set_hyp5_10,gp,simple,reflexive,neutral_rev_base_prefill,Yes,0.9691956639289856,0.9297887086868286,1, Yes,253be10a235563b0b3ae6889c7900cf4c0ed7bcf2e629b2914e682a514db488f
amouyal:211,set_hyp5_10,gp,lingering,reflexive,neutral_rev_base_prefill,No,0.03703809157013893,0.9588797688484192,1, No,6f1500eb126751e32aebc75906cbf770112819b311ed5862ceaff46b750c6d9c
amouyal:212,set_hyp5_11,gp,simple,reflexive,neutral_rev_base_prefill,Yes,0.033504266291856766,0.9544849395751953,0, No,10a36141191188893bb5cfc28cbad9a4e6be78f027f06e447ffd1f3ce6abf486
amouyal:213,set_hyp5_11,gp,lingering,reflexive,neutral_rev_base_prefill,No,0.0010127142304554582,0.990226686000824,1, No,86854cc72fcde077b2ac89aeb213cbc66b145682209d0976f6ee87475a80beba
amouyal:214,set_hyp5_12,gp,simple,reflexive,neutral_rev_base_prefill,Yes,0.9831874370574951,0.9604448080062866,1, Yes,57b9a0cc0002e5aa52e622225171026e06c6a98f86b6d72443e18862ce36c5f7
amouyal:215,set_hyp5_12,gp,lingering,reflexive,neutral_rev_base_prefill,No,0.07368773967027664,0.984907329082489,1, No,703da2642377f2b191d4f2975d62caa7ea2fbbe3ced40f29bae073680de2d823
amouyal:216,set_hyp5_13,gp,simple,reflexive,neutral_rev_base_prefill,Yes,0.0005420827073976398,0.9927323460578918,0, No,7180455721bb977884a6a9267e33e3dd1a07fcc17edc8aaa6712b8619075afa7
amouyal:217,set_hyp5_13,gp,lingering,reflexive,neutral_rev_base_prefill,No,0.002427878091111779,0.9868988990783691,1, No,97a1e383d63bf49b10a42066bddb4ef281869aa0da2500ea6fbd5df78b48c60e
amouyal:218,set_hyp5_14,gp,simple,reflexive,neutral_rev_base_prefill,Yes,0.1135789006948471,0.9372183084487915,0, No,572ab29f1c9d66345edf56e7344130496522b5e1312a84f62e0c7109c846c312
amouyal:219,set_hyp5_14,gp,lingering,reflexive,neutral_rev_base_prefill,No,0.00064539082814008,0.9913312196731567,1, No,62664a1113022efd9484ab2c8336414bf00184d0a3042312888c6b8278b49362
amouyal:220,set_hyp5_15,gp,simple,reflexive,neutral_rev_base_prefill,Yes,0.006491934880614281,0.9873486161231995,0, No,f629cc899e55b66658d72af3ed76f380c3636e66ab32bdf2cb56549de1ed061d
amouyal:221,set_hyp5_15,gp,lingering,reflexive,neutral_rev_base_prefill,No,0.004710212349891663,0.9915452003479004,1, No,3d98ffded787f8e0fd434ff1fd63fc8b51fbe921e8b2190ea8c1796650b4b25f
amouyal:222,set_hyp5_16,gp,simple,reflexive,neutral_rev_base_prefill,Yes,0.030423054471611977,0.9741381406784058,0, No,03569f6f7d5530870f8a4110df56a47ad8c7db7d96954983d05059f9ef91322b
amouyal:223,set_hyp5_16,gp,lingering,reflexive,neutral_rev_base_prefill,No,0.040952131152153015,0.9745093584060669,1, No,3020b99798f1b711d7500008160d81c3ec969542d4c323b7944e096fc7038c85
amouyal:224,set_hyp5_17,gp,simple,reflexive,neutral_rev_base_prefill,Yes,0.9969016909599304,0.9686036109924316,1, Yes,2b476678a27657bc6a66117c77db9df67639c1384812d996606d53523590dcce
amouyal:225,set_hyp5_17,gp,lingering,reflexive,neutral_rev_base_prefill,No,0.012474698014557362,0.9855496883392334,1, No,ae5231553c7dbe652aa807f2ea052cb8b738a472d17680b384c8cddb368744f5
amouyal:226,set_hyp5_18,gp,simple,reflexive,neutral_rev_base_prefill,Yes,0.0011831051670014858,0.9964485168457031,0, No,906596168251b848361af5beff1e16d040cc4d2c5da928991ed325732e27ec58
amouyal:227,set_hyp5_18,gp,lingering,reflexive,neutral_rev_base_prefill,No,0.017027171328663826,0.9921169877052307,1, No,9e92ff49dc03fcbb5420715619900e49c2d7b64bcde700d48591f54d2870c4f7
amouyal:228,set_hyp5_19,gp,simple,reflexive,neutral_rev_base_prefill,Yes,0.9496681094169617,0.9132734537124634,1, Yes,ae2b470fcac1150a21c5ea5bc4353b8432ecaa4ee7d06dad52bdce5f9256bbd7
amouyal:229,set_hyp5_19,gp,lingering,reflexive,neutral_rev_base_prefill,No,0.11502423137426376,0.9585174322128296,1, No,9368aaddd8e71c5a8ce789c6f7414f4381125a405ae93a38e187c70e71d1303d
amouyal:230,set_hyp5_20,gp,simple,reflexive,neutral_rev_base_prefill,Yes,0.5011839866638184,0.8861461877822876,1, Yes,3b234817eca5cac0634052a30ddfd5d48a8dba6c92a0406de408275ba059cfcc
amouyal:231,set_hyp5_20,gp,lingering,reflexive,neutral_rev_base_prefill,No,0.0013763243332505226,0.9856177568435669,1, No,e71ee23bf8b6e1e23393b17aa0429445b4848de1171f30a1edc193dfde66b377
amouyal:232,set_hyp5_21,gp,simple,reflexive,neutral_rev_base_prefill,Yes,0.9677932262420654,0.9483882188796997,1, Yes,2dca4610004df24f45ec47480bf8c796eb5eaefc295b9eb7c5751729fe40678b
amouyal:233,set_hyp5_21,gp,lingering,reflexive,neutral_rev_base_prefill,No,0.00945985410362482,0.9839916229248047,1, No,2f0333e4066332762bd9796049c8f9afdfb9d03fc3b37c396767a59e1f5efdfc
amouyal:234,set_hyp5_22,gp,simple,reflexive,neutral_rev_base_prefill,Yes,0.42120832204818726,0.9373164772987366,0, No,43e5b7aebb8a07ea86e38804b096a32833ebaea32c77138464f8eaf9fb654d94
amouyal:235,set_hyp5_22,gp,lingering,reflexive,neutral_rev_base_prefill,No,0.00043052813271060586,0.9942327737808228,1, No,978bd7af33bbd0526a46125ddc8e8cfcd6b8bcb0ac15bbce4f6b68e2101c62ff
amouyal:236,set_hyp5_23,gp,simple,reflexive,neutral_rev_base_prefill,Yes,0.5437459349632263,0.9565644264221191,1, Yes,4e59b953c34f491092f189daff8d0c5d934e19eba1959e981a11e38924820881
amouyal:237,set_hyp5_23,gp,lingering,reflexive,neutral_rev_base_prefill,No,0.0016187588917091489,0.9974912405014038,1, No,24eb7ea8ec038c0ba2ba0bd6e279e0994a074bf8e8b1b4d3125835a5a91ddc1f
amouyal:238,set_hyp5_24,gp,simple,reflexive,neutral_rev_base_prefill,Yes,0.9812479019165039,0.9555597305297852,1, Yes,0f59a838fa60b1892c18bf21a8dd794eb7bbdd2707bdcdcf35d5bbdb2c2751d7
amouyal:239,set_hyp5_24,gp,lingering,reflexive,neutral_rev_base_prefill,No,0.05055037885904312,0.9841417670249939,1, No,0bb1666ee7eddc7fcf910efa6c3de5eee75dfc0a244b7974d37711ed6ca981af
amouyal:240,set_1,gp,simple,prob,neutral_rev_base_prefill,Yes,0.2604786157608032,0.9245914816856384,0, No,be0cb3d6933e505554f0fc6c6994a8604c93516af2c350eaa62ee5bc318353d3
amouyal:241,set_1,gp,lingering,prob,neutral_rev_base_prefill,No,0.013238160870969296,0.9869774580001831,1, No,bba44c8b9480b897559fdca7046e8cdec65acdad71429dde91d029185f41be4c
amouyal:242,set_1,non_gp,simple,prob,neutral_rev_base_prefill,Yes,0.6601194739341736,0.9359153509140015,1, Yes,1dedfb171efbaaf94bf09bc2260ad9f506b52a39cfed905888440fc2cad79713
amouyal:243,set_1,non_gp,lingering,prob,neutral_rev_base_prefill,No,0.8234737515449524,0.9273183941841125,0, Yes,2d143418a234d14bd4cef83d87a9bfd46143be5dfde2bcf682fb2077ac4b0069
amouyal:244,set_2,gp,simple,prob,neutral_rev_base_prefill,Yes,0.9965218305587769,0.9420849084854126,1, Yes,359c2c6822a5218cfb3b3346703ea09094848b42882c5b70358766f13f2ff8a5
amouyal:245,set_2,gp,lingering,prob,neutral_rev_base_prefill,No,0.6532822847366333,0.9071513414382935,0, Yes,b5c86dba85fdc571419b30ff2c200e1b9e7359bab914be3c1a3165c5e803ec81
amouyal:246,set_2,non_gp,simple,prob,neutral_rev_base_prefill,Yes,0.9986147284507751,0.9383519291877747,1, Yes,7a853b598316334f915784f59c7c70aef0902004ee85f4a799e4a632d20d26d2
amouyal:247,set_2,non_gp,lingering,prob,neutral_rev_base_prefill,No,0.9821096658706665,0.9477365612983704,0, Yes,32756ed7a7db43203495a559489ac510d63eb496b10428ab423fb528f89573a4
amouyal:248,set_3,gp,simple,prob,neutral_rev_base_prefill,Yes,0.7644040584564209,0.941040575504303,1, Yes,2ca5a0ced1ac8ffd9feaa02dbdab76576b026f3b19c0044e1a603532c6d649f7
amouyal:249,set_3,gp,lingering,prob,neutral_rev_base_prefill,No,0.08563695847988129,0.9794038534164429,1, No,28bfb9d10868eb9565c9848c707879571e5c101d6a78c7394bde86779df37056
amouyal:250,set_3,non_gp,simple,prob,neutral_rev_base_prefill,Yes,0.9888839721679688,0.9494285583496094,1, Yes,d0219b4392717f2dd38b9dece489b9e446c8aeb1202c6c2af32af757011b16c0
amouyal:251,set_3,non_gp,lingering,prob,neutral_rev_base_prefill,No,0.2613292336463928,0.966106653213501,1, No,d2878a17103c18f95dca60d81e0615faac64918d7e56d4bef686aaa7c998cfe4
amouyal:252,set_4,gp,simple,prob,neutral_rev_base_prefill,Yes,0.14277376234531403,0.8715757131576538,0, No,d6d7f2d0d0f2d96d0313e77dab26d03ec8d90e39b7a2066cca66b5bbcf4dc33d
amouyal:253,set_4,gp,lingering,prob,neutral_rev_base_prefill,No,0.006429710425436497,0.980223536491394,1, No,326a24da8c629f81f6404059b3d8cab3699d322a82af633585284af993fac3ed
amouyal:254,set_4,non_gp,simple,prob,neutral_rev_base_prefill,Yes,0.958785891532898,0.9110777974128723,1, Yes,4b27fd1c44d9c6462f6ca5b7738a003a68fcdaa47f7953bb09a75b5cd4f65901
amouyal:255,set_4,non_gp,lingering,prob,neutral_rev_base_prefill,No,0.013520993292331696,0.9564491510391235,1, No,d5d6f94e68f769b3ed147577acf5f13f7e73cf75752d1cb16aed2661ea3edb8d
amouyal:256,set_5,gp,simple,prob,neutral_rev_base_prefill,Yes,0.0074726794846355915,0.9787430763244629,0, No,6d2ef02607ef7c37d99a0c9e1df08f733acc8213550587a8aec2b288dd1b57f0
amouyal:257,set_5,gp,lingering,prob,neutral_rev_base_prefill,No,0.0001314557739533484,0.9946937561035156,1, No,73af25713e892a6dae8da5d68f293965e33531cdf87e2f08399ac170436c4c25
amouyal:258,set_5,non_gp,simple,prob,neutral_rev_base_prefill,Yes,0.7182241082191467,0.943233847618103,1, Yes,ca85bf5cfe6b335fb3426abd3927ed2617acba154e82ffc853bc772b09c72449
amouyal:259,set_5,non_gp,lingering,prob,neutral_rev_base_prefill,No,0.0015288690337911248,0.9794056415557861,1, No,019983523cb374aad9efa7c895f4f3bbb4cf75281507475e2ada2e64bde87f95
amouyal:260,set_6,gp,simple,prob,neutral_rev_base_prefill,Yes,0.006392595823854208,0.9868274331092834,0, No,4bf7146cc8d41817959564a1ed63c5ea46ebd5154e7f9dff635dc1fd0d76b27a
amouyal:261,set_6,gp,lingering,prob,neutral_rev_base_prefill,No,0.002441260265186429,0.9922162294387817,1, No,39ad242df277d51e16bb8ed4874939b08442c073669e3981410d5b7c76e0984d
amouyal:262,set_6,non_gp,simple,prob,neutral_rev_base_prefill,Yes,0.9955258369445801,0.9636161923408508,1, Yes,5c90ddba14eabdf65ab1b32cab7538d1a12537db787853b0d6cec3fbe2a82048
amouyal:263,set_6,non_gp,lingering,prob,neutral_rev_base_prefill,No,0.664155125617981,0.9587854146957397,0, Yes,aeb43a4b81cd6909943e94c981211e7e76fc303bfb2d42595066af5afe1eada7
amouyal:264,set_7,gp,simple,prob,neutral_rev_base_prefill,Yes,0.02547322027385235,0.9785207509994507,0, No,e0ce24ba421df29a405db53d5615b4ea63a86e9464d38cf9ab3c0bdbeda44121
amouyal:265,set_7,gp,lingering,prob,neutral_rev_base_prefill,No,0.0023109305184334517,0.9943487048149109,1, No,96af743fb4e787185a714cbae14c30f3439a0dadbda0d9951cc79003a07fe25c
amouyal:266,set_7,non_gp,simple,prob,neutral_rev_base_prefill,Yes,0.9716653823852539,0.9462524652481079,1, Yes,935ed586de5d744d7efba5a24ad97ce626dfbe100d06cbe5b61e5196645637ad
amouyal:267,set_7,non_gp,lingering,prob,neutral_rev_base_prefill,No,0.023876238614320755,0.9744084477424622,1, No,f660c173d9f8c9aa696843801991d62968832af07b6aba85462e944a21a5576e
amouyal:268,set_8,gp,simple,prob,neutral_rev_base_prefill,Yes,0.07471848279237747,0.9724718332290649,0, No,e20a61907b41c89b8e56ea68e6866a808dd82650babf54c99968fcbbec4d688f
amouyal:269,set_8,gp,lingering,prob,neutral_rev_base_prefill,No,0.0009200809290632606,0.997399628162384,1, No,bd2e172778352094c91ea92bbd0688f78135cf887f7e364d446b1ae994de2238
amouyal:270,set_8,non_gp,simple,prob,neutral_rev_base_prefill,Yes,0.999290943145752,0.9823606610298157,1, Yes,84907d0113e34bfff05aba26933debdf8b6b219d687af9f14f9a82748b1d9e5c
amouyal:271,set_8,non_gp,lingering,prob,neutral_rev_base_prefill,No,0.023914499208331108,0.994152307510376,1, No,7dae1b55fa8e89abb9bcb4b4a7c8c12fc5e26473f72ac55f1e37004713d9c266
amouyal:272,set_9,gp,simple,prob,neutral_rev_base_prefill,Yes,0.46527099609375,0.9196881651878357,0, No,675afde8370766674a4f15a6b93133ecde57ac8d04c269d2a1bb476c0b321d0d
amouyal:273,set_9,gp,lingering,prob,neutral_rev_base_prefill,No,0.0025159684009850025,0.9892973303794861,1, No,cd303d7a3010fb10b3cf716956ced557248edd604d28439fa8197661544c506c
amouyal:274,set_9,non_gp,simple,prob,neutral_rev_base_prefill,Yes,0.9966793656349182,0.9398636817932129,1, Yes,d084628b11bb3c92fc7377a4890f498882fcab4252c2f7909270c7b59b508f29
amouyal:275,set_9,non_gp,lingering,prob,neutral_rev_base_prefill,No,0.01848418079316616,0.9667817950248718,1, No,9c24a976008d282f2867737926b0dc370c845007444a407f33f1749af089a6c8
amouyal:0,set_10,gp,simple,prob,neutral_rev_repair_native,Yes,0.02083754353225231,1.0,0,No,a37c0fc12b06a7ddb65823a7ef6f1ce5cc461c4a29ce17e6ca45c8bcc794f753
amouyal:1,set_10,gp,lingering,prob,neutral_rev_repair_native,No,0.00041246062028221786,1.0,1,No,9d72f3bfd5e66125a3347db1f9e5d9c4ac0db0905e3934871adc2a5234bfb093
amouyal:2,set_10,non_gp,simple,prob,neutral_rev_repair_native,Yes,0.9980648159980774,1.0,1,Yes,89338be427c0fee1e4c126d5b5e9b1eacef0cf3140ff97a50784ef8c80fc538c
amouyal:3,set_10,non_gp,lingering,prob,neutral_rev_repair_native,No,7.89167097536847e-06,1.0,1,No,95463cffe8a1e4447ed50591349fd3635e6dd126508f9b80696be6a924ac6090
amouyal:4,set_11,gp,simple,prob,neutral_rev_repair_native,Yes,0.9747439026832581,1.0,1,Yes,161ce9381be9cb9ebf9c21e3a2f2aa586d3b0343e8263fb767400e49864727d7
amouyal:5,set_11,gp,lingering,prob,neutral_rev_repair_native,No,0.9854468107223511,1.0,0,Yes,642ee592c607f5007f1386d020d3c23e179a59675a855cd980a7b3be51165ee4
amouyal:6,set_11,non_gp,simple,prob,neutral_rev_repair_native,Yes,0.9999999403953552,0.9999999403953552,1,Yes,4f1298c198eb6724406aa284bc0914e7d0b0dfd8bc6856477cf1e87fc2a31357
amouyal:7,set_11,non_gp,lingering,prob,neutral_rev_repair_native,No,0.9994077086448669,0.9999999403953552,0,Yes,d6826f50c8a5bc8379305ebf5b30b719a200a84d1c2f79513c228fe7f12dc22a
amouyal:8,set_12,gp,simple,prob,neutral_rev_repair_native,Yes,0.9018902778625488,1.0,1,Yes,f1519a258235b94cd946049ddd8b8aa8b08fa7867c4c5af27b9cb3efe579f240
amouyal:9,set_12,gp,lingering,prob,neutral_rev_repair_native,No,0.007683916483074427,1.0,1,No,e48a8d731fdeb9bcea75c86647ab16ab1d52e133aa4660d64828c1728b5a09cf
amouyal:10,set_12,non_gp,simple,prob,neutral_rev_repair_native,Yes,1.0,1.0,1,Yes,ae67fa40ccca40cc975717e92b4f87d179651d94c6c5852c49ce51fc42d61056
amouyal:11,set_12,non_gp,lingering,prob,neutral_rev_repair_native,No,0.999984085559845,0.9999999403953552,0,Yes,d9fcd94c27c467eaad2ed9de689f813ad34cc6753035602c7896167f398db6d0
amouyal:12,set_13,gp,simple,prob,neutral_rev_repair_native,Yes,0.005920805502682924,1.0,0,No,5d9a9ab07a42598eccc486eeab77aed97d01e93c4a9a94584c65a5ae17ad9948
amouyal:13,set_13,gp,lingering,prob,neutral_rev_repair_native,No,8.844998228596523e-05,1.0,1,No,4bf686df7ed354d762acd9ea721d689c33b198bb92351b9ed2bf0a15984e798c
amouyal:14,set_13,non_gp,simple,prob,neutral_rev_repair_native,Yes,0.9999773502349854,1.0,1,Yes,d1a9e067d37b2c58742e3108f49ca7101d672fa3ab9e14e84fd1459acc489097
amouyal:15,set_13,non_gp,lingering,prob,neutral_rev_repair_native,No,0.012345865368843079,1.0,1,No,0e527b41da3a0b80ba30ee9252c52cee4abca0f77b88be4ce272bba2fdb6e0e4
amouyal:16,set_14,gp,simple,prob,neutral_rev_repair_native,Yes,0.0001340540766250342,0.9999999403953552,0,No,ce506dd2b316bb1c31c887e0c4324e4dcd84bde13ac589211ae12d3a6cccb784
amouyal:17,set_14,gp,lingering,prob,neutral_rev_repair_native,No,2.138670242857188e-05,1.0,1,No,56bb52333e158f252026a84c7e59396e599ac4cc20b6f8aead35c98ae2d10628
amouyal:18,set_14,non_gp,simple,prob,neutral_rev_repair_native,Yes,0.03712290897965431,0.9999999403953552,0,No,50e74d5d33985083da98d97b2031c67caafa5dea4e65bc66b59d2a82a9fbcdce
amouyal:19,set_14,non_gp,lingering,prob,neutral_rev_repair_native,No,2.3539812445960706e-06,0.9999999403953552,1,No,d2232780f41f7919fcdce6256bbc1fc99d3a48bdc174dd687e2a355a7b785f71
amouyal:20,set_15,gp,simple,prob,neutral_rev_repair_native,Yes,0.9999569058418274,0.9999999403953552,1,Yes,fbcf3386eb7c5f8119af4f350b35f96df830c5dd4de2934da81d513aa8f961ab
amouyal:21,set_15,gp,lingering,prob,neutral_rev_repair_native,No,0.7471722960472107,1.0,0,Yes,99700204b9ff561fe9e212e51c92b73ca65c95c59ac7a72d629a2e13a9aaa767
amouyal:22,set_15,non_gp,simple,prob,neutral_rev_repair_native,Yes,1.0,1.0,1,Yes,bebaac0350d1c7a57f13abcea3500486deac706e9df2988bd1da43b2957624de
amouyal:23,set_15,non_gp,lingering,prob,neutral_rev_repair_native,No,0.9999911189079285,0.9999999403953552,0,Yes,217ad8c1ce630403614f64c24c4875221687b2f8e762e99081cd36737552162f
amouyal:24,set_16,gp,simple,prob,neutral_rev_repair_native,Yes,0.303997278213501,1.0,0,No,b50082b3334a064c5c1efe4154c3acd71403d55bc943a6a6d5523c674ad49aec
amouyal:25,set_16,gp,lingering,prob,neutral_rev_repair_native,No,0.036844659596681595,1.0,1,No,e3a10683c9f6b1effd0d00d73449c49ab803639bfca96a8afaec09d7b233b6c2
amouyal:26,set_16,non_gp,simple,prob,neutral_rev_repair_native,Yes,1.0,1.0,1,Yes,faf7ceb25efae275931828d514ede3f99ab709e238992bad1490f4a2af86041c
amouyal:27,set_16,non_gp,lingering,prob,neutral_rev_repair_native,No,0.9999983310699463,1.0,0,Yes,3e2021b2b868cd154b4af3157704f7be35685bbff990e0eb80c5b72641968a99
amouyal:28,set_17,gp,simple,prob,neutral_rev_repair_native,Yes,0.05228300020098686,1.0,0,No,a7ce36178ce6354b5442fac171203039dae4ea74a8ded12591abe43029035e8a
amouyal:29,set_17,gp,lingering,prob,neutral_rev_repair_native,No,0.5275200009346008,1.0,0,Yes,b7988c88afdbfa236fcdada64d89ce3d7c27cd56e9160b185cb4f85d86f87181
amouyal:30,set_17,non_gp,simple,prob,neutral_rev_repair_native,Yes,1.0,1.0,1,Yes,2fe441b120723354cd3b32ea678c99b672059cadd013d805a3b1458484e1fb57
amouyal:31,set_17,non_gp,lingering,prob,neutral_rev_repair_native,No,0.00026041551609523594,1.0,1,No,c4772c3c988915e9c775a18224d664f6d9689fc1535711707d3df23cd01c508b
amouyal:32,set_18,gp,simple,prob,neutral_rev_repair_native,Yes,0.9252336621284485,1.0,1,Yes,d3f42b3d72a9a3de8161b74e8878f5d730ca54b3ffe04308e14b95cb92646fc7
amouyal:33,set_18,gp,lingering,prob,neutral_rev_repair_native,No,0.00015277665806934237,0.9999999403953552,1,No,7131cdb4eddc0d3b1dc83509dbdc1ecefd65fa4c0ee0f2fa9cb7712f0f81f71d
amouyal:34,set_18,non_gp,simple,prob,neutral_rev_repair_native,Yes,0.9999999403953552,0.9999999403953552,1,Yes,67eb05daaabd8a93edbeb774d7292dde53258b08ec1e372c4c679a963fc4f121
amouyal:35,set_18,non_gp,lingering,prob,neutral_rev_repair_native,No,0.9985219836235046,1.0,0,Yes,cc845639abfb46e7f8ca6504dd51157c5f62f4345a10285c42af31ede0b919c5
amouyal:36,set_19,gp,simple,prob,neutral_rev_repair_native,Yes,0.9999731183052063,0.9999999403953552,1,Yes,ac17c70f7cc41e127dbb9d72a4914d6ed73e544ced748ee09e6e8edcc1c3289c
amouyal:37,set_19,gp,lingering,prob,neutral_rev_repair_native,No,0.002340699313208461,1.0,1,No,27184991d93fbfab27e95cc3c56d7ba189f7f7c239206e46686dd61869d7dff2
amouyal:38,set_19,non_gp,simple,prob,neutral_rev_repair_native,Yes,1.0,1.0,1,Yes,456093ace1bb371e963f3fc22aaaf030178ef91e6cf12f7c12017d9cc17d399b
amouyal:39,set_19,non_gp,lingering,prob,neutral_rev_repair_native,No,1.0,1.0,0,Yes,957f64c77a286cb90b28a13076c8a41693372aa7ab388569bf595ed2c12b8ff5
amouyal:40,set_20,gp,simple,prob,neutral_rev_repair_native,Yes,0.0071322256699204445,1.0,0,No,6aa567647fa4d19d51294e2d6340e6789d1debb12390e8379d37f21c537e29c7
amouyal:41,set_20,gp,lingering,prob,neutral_rev_repair_native,No,0.00029930201708339155,1.0000001192092896,1,No,2a21d8ec199d003af01b0c2590f033947f4238d2d8d8e02cf8a5dd28354309ff
amouyal:42,set_20,non_gp,simple,prob,neutral_rev_repair_native,Yes,0.9999994039535522,1.0,1,Yes,4350284cb46a3d07b519121a171a8677cb7f8c80db52db55238d67a436c1aeb3
amouyal:43,set_20,non_gp,lingering,prob,neutral_rev_repair_native,No,0.00017604546155780554,1.0,1,No,2e189a4de9303bb31a1529a7290b03bb344d53a0ed15334043b1122ffe4bfc67
amouyal:44,set_21,gp,simple,prob,neutral_rev_repair_native,Yes,0.0008962593856267631,1.0,0,No,0fc53a08b75618c5bd356765c0b0767125565c992416aecd92977dd7adefe834
amouyal:45,set_21,gp,lingering,prob,neutral_rev_repair_native,No,0.00030044445884414017,1.0,1,No,09328e6f6d3f1a2a2178655b7a2dc1d2d496cbc351fc87a848acf8fc7a893429
amouyal:46,set_21,non_gp,simple,prob,neutral_rev_repair_native,Yes,1.0,1.0,1,Yes,644f9862f5520f7b1a625b3de0f1b5993e92a6289ab3d6722f588a816ded369a
amouyal:47,set_21,non_gp,lingering,prob,neutral_rev_repair_native,No,0.9975602626800537,1.0,0,Yes,d50387fce835f3694c7247c9e3bc628e996cae1840dc281e5c514c54ff36b661
amouyal:48,set_22,gp,simple,prob,neutral_rev_repair_native,Yes,1.0,1.0,1,Yes,0ea70c95e99ab44eecf9d38d2857283ebdb66b2def70b26fc29e86bbaa101dfe
amouyal:49,set_22,gp,lingering,prob,neutral_rev_repair_native,No,0.9982722997665405,1.0,0,Yes,14ac2a82a789f1c771f63bc4e843225c67ffac3f57333da85d9b4ed1a1a707f7
amouyal:50,set_22,non_gp,simple,prob,neutral_rev_repair_native,Yes,1.0,1.0,1,Yes,9eb013b3b0d8c84b535b7f4d88776414ab5507bba1285b82cb1694be78ef341f
amouyal:51,set_22,non_gp,lingering,prob,neutral_rev_repair_native,No,0.7134323716163635,1.0,0,Yes,a5c7f268e6c4634d036a5adb8b775393a34a21bea33afddc8dd950c761bafb0b
amouyal:52,set_23,gp,simple,prob,neutral_rev_repair_native,Yes,0.05339041352272034,0.9999999403953552,0,No,735890406f69deb55ce1dc639ed308688cd1f18caaedda8b977a31da49bf98c0
amouyal:53,set_23,gp,lingering,prob,neutral_rev_repair_native,No,0.0020793266594409943,1.0,1,No,3424d3b1b6a1312f1c83681e274c5ce2993a5a4e9a2ffd9c63c479abf5426f55
amouyal:54,set_23,non_gp,simple,prob,neutral_rev_repair_native,Yes,0.9999997615814209,1.0,1,Yes,6e45455445b24a9cc9cb91db0bde15c16d8ced3ff2ffb376959a14460f75f8f0
amouyal:55,set_23,non_gp,lingering,prob,neutral_rev_repair_native,No,0.687811017036438,1.0,0,Yes,e5b7029ba743a1a7d2e2ecaabdb3e453b7be147f4824b7c994699044649230e9
amouyal:56,set_24,gp,simple,prob,neutral_rev_repair_native,Yes,0.5717498064041138,1.0,1,Yes,ac144b4bd1bbd4adddaac113f8e4ed5f67029506f63bc2c82ae3421de4d6caa7
amouyal:57,set_24,gp,lingering,prob,neutral_rev_repair_native,No,4.765820904140128e-06,1.0,1,No,bc8a02debeff21a2697b83bbac93190ff05cc034200ec26d21817e9a4a2b5a55
amouyal:58,set_24,non_gp,simple,prob,neutral_rev_repair_native,Yes,0.9999966621398926,1.0,1,Yes,1de03cf0437a6860d7e1bc0c7f07e8e633af9cfca24e1c6d2b507a2d7aa7286d
amouyal:59,set_24,non_gp,lingering,prob,neutral_rev_repair_native,No,1.0179549292388401e-07,1.0,1,No,552b1ae6b4c5456c346a39a0cd9de164db76c55e88d8eed7d3beff7572b0fe25
amouyal:60,set_25,gp,simple,prob,neutral_rev_repair_native,Yes,0.9999788403511047,0.9999999403953552,1,Yes,9996bfd36a22c887d3a67135b7f5e1433ce9b0ff38057bac4dc05920e8290fe4
amouyal:61,set_25,gp,lingering,prob,neutral_rev_repair_native,No,0.06009764224290848,1.0,1,No,58de7ea9d842fd9a50fb8bb177bae1503c03da544d039c4e8df36f575a5b810d
amouyal:62,set_25,non_gp,simple,prob,neutral_rev_repair_native,Yes,0.9999880790710449,1.0,1,Yes,947f7d317f3d72a917f0dc534c6e86a25270b25afc44649a959fd72b2accdc1c
amouyal:63,set_25,non_gp,lingering,prob,neutral_rev_repair_native,No,0.8862905502319336,1.0,0,Yes,87a9087c6a1ce0c56132722f9c4db2d68d0428009014458ab6d0faac9ea416c0
amouyal:64,set_26,gp,simple,prob,neutral_rev_repair_native,Yes,0.9993501901626587,0.9999999403953552,1,Yes,826ba192c6994e0cacaf37936cdb5ddd6e56ccdb5b53e7726235fcd11e04adef
amouyal:65,set_26,gp,lingering,prob,neutral_rev_repair_native,No,4.815450665773824e-05,1.0,1,No,bb855409a082889f01e37baf0028a96f41829c2565fcc79d4dbd4976baa0e2fb
amouyal:66,set_26,non_gp,simple,prob,neutral_rev_repair_native,Yes,0.999933123588562,1.0,1,Yes,12fef2e13c7165904015130f1f14a8d7d5ee6624d2dec5e0f85c850b46db92ef
amouyal:67,set_26,non_gp,lingering,prob,neutral_rev_repair_native,No,0.9376547336578369,1.0,0,Yes,97d70817accde6a6970e61d0c20fe63cbe147a6ef92872caa8a8036e1329e35a
amouyal:68,set_27,gp,simple,prob,neutral_rev_repair_native,Yes,0.9999997019767761,0.9999999403953552,1,Yes,813c24072d042f106cc795f0e4313ca72b551010b2aab5ce0503fe963c9355d0
amouyal:69,set_27,gp,lingering,prob,neutral_rev_repair_native,No,0.9969620108604431,1.0,0,Yes,cfd3927701c91e8ecdf8c910e64c5458353c46e2ea3a81b6aa036f2a2691f4d2
amouyal:70,set_27,non_gp,simple,prob,neutral_rev_repair_native,Yes,1.0,1.0,1,Yes,c81909f2e06152426d7ba256d187fa8a66d6bd8decf9e643173e5b82d012c45a
amouyal:71,set_27,non_gp,lingering,prob,neutral_rev_repair_native,No,0.9999993443489075,0.9999999403953552,0,Yes,0fcc89cc21d5782ea2b30918574a41d8b75bde2400911566713ac5e5a119707f
amouyal:72,set_28,gp,simple,prob,neutral_rev_repair_native,Yes,0.011017202399671078,0.9999999403953552,0,No,f47741421c151777c63f4a1eaddde564d3e153f36f81fa6675d1929ef741f831
amouyal:73,set_28,gp,lingering,prob,neutral_rev_repair_native,No,0.00025705178268253803,1.0,1,No,94d5a69eb1871c9da16c4bcaad118a6e12663b0373c3e9e37b0e3f9db894b03b
amouyal:74,set_28,non_gp,simple,prob,neutral_rev_repair_native,Yes,0.9999987483024597,0.9999999403953552,1,Yes,468c110dc5f9bfe199ebed035ed0006ada9f568fe1c5e891a9c4500ee829ef8e
amouyal:75,set_28,non_gp,lingering,prob,neutral_rev_repair_native,No,0.999661922454834,1.0,0,Yes,07a5ba42260ada5a44cfedbf97d788d1f7b9a23ec2cdb06c3cda958fd5b61939
amouyal:76,set_29,gp,simple,prob,neutral_rev_repair_native,Yes,0.9999932050704956,1.0,1,Yes,02ca924e700f01dc0d432cfae684eae88f4deedd6cc32e549861021ff9ee0dfb
amouyal:77,set_29,gp,lingering,prob,neutral_rev_repair_native,No,0.29435044527053833,1.0,1,No,7b888d51d7168d5380a5c97f5369e3b6baa28c26a40c354d582ed6a40647056c
amouyal:78,set_29,non_gp,simple,prob,neutral_rev_repair_native,Yes,1.0,1.0,1,Yes,f7b3f91e99b22bcb1de5084aff0e7dd160f015ad79b90991be830309d0f36367
amouyal:79,set_29,non_gp,lingering,prob,neutral_rev_repair_native,No,0.9999957084655762,1.0,0,Yes,dad14576d14d87d4e26bf5220b2ee8b0a38bf4a2fd9be9b1a017be14c1bb5876
amouyal:80,set_30,gp,simple,prob,neutral_rev_repair_native,Yes,0.9999972581863403,1.0,1,Yes,7ddc9a86322c92db06c1ec0f4d41a86d67c1d6a4c288cf18c7936656bff05fc6
amouyal:81,set_30,gp,lingering,prob,neutral_rev_repair_native,No,0.2431977093219757,1.0,1,No,55a3bb0f0fe5749597f0b32247f3eb793fa1d6a35e50a2f4c7baa4f9212bf64e
amouyal:82,set_30,non_gp,simple,prob,neutral_rev_repair_native,Yes,0.9999999403953552,0.9999999403953552,1,Yes,24a39cc8c0a12184ab77ed23ceddde8075465570b7486cd1c390785b1369e47d
amouyal:83,set_30,non_gp,lingering,prob,neutral_rev_repair_native,No,1.0,1.0,0,Yes,c7f420ba73e64b24b6c676e095bb0d23f3baff62f3db0358d9be7b9e71d04794
amouyal:84,set_31,gp,simple,prob,neutral_rev_repair_native,Yes,0.004087695851922035,0.9999999403953552,0,No,e467b96c16f3e1b7f2dbea3efa46ddd2993eb8ac4623763f65c676196dcf6426
amouyal:85,set_31,gp,lingering,prob,neutral_rev_repair_native,No,0.00031682540429756045,0.9999999403953552,1,No,8d46e1d61427c71a31e89ea4399867955f6305e67473d7205e7188258fc1561c
amouyal:86,set_31,non_gp,simple,prob,neutral_rev_repair_native,Yes,0.9999117851257324,1.0,1,Yes,0a9536bf8245b02b97227e2199772c358a49e6e9b4b10198893fccc7114834ca
amouyal:87,set_31,non_gp,lingering,prob,neutral_rev_repair_native,No,0.9917972087860107,1.0,0,Yes,0173a51b56ebff120a70338fcac874e34391a7d3fe8fba213abd6e293fa67fd4
amouyal:88,set_32,gp,simple,prob,neutral_rev_repair_native,Yes,0.5307058691978455,1.0,1,Yes,5ac59917fe1b486b110015d33fc7ba554c68261f9e5a7964104658c7d8925925
amouyal:89,set_32,gp,lingering,prob,neutral_rev_repair_native,No,6.352912805596134e-06,1.0,1,No,23977b726b4efbad96f5d925d1f201419d8c57c9cf43f0b7b550a6a7bf10bd24
amouyal:90,set_32,non_gp,simple,prob,neutral_rev_repair_native,Yes,0.9999997019767761,0.9999999403953552,1,Yes,cbadd324b20849fdf9122dbaa5e08ef1896e68510b49647f50953790b1017ec1
amouyal:91,set_32,non_gp,lingering,prob,neutral_rev_repair_native,No,0.5862711668014526,1.0,0,Yes,430d40a66ab0abdd79417694465d4a9f80d6cfa94b199200462e9032c5209a61
amouyal:92,set_33,gp,simple,prob,neutral_rev_repair_native,Yes,0.0009143942152149975,0.9999999403953552,0,No,6430e6393686555bd9b3415f106ba39bde57933abe80ee79384f081ba9e64de3
amouyal:93,set_33,gp,lingering,prob,neutral_rev_repair_native,No,0.00010429504618514329,1.0,1,No,619cb1c89d70826cc22d230c46d9c499c01ffda450f2f34daf909e4d3e040960
amouyal:94,set_33,non_gp,simple,prob,neutral_rev_repair_native,Yes,1.0,1.0,1,Yes,e0341304808ed51d2e7cf001009118a43e95712c401b2ab80c594a9532d27693
amouyal:95,set_33,non_gp,lingering,prob,neutral_rev_repair_native,No,0.895228922367096,0.9999999403953552,0,Yes,878cbfa94c15e2f33e6d647d08ccbe7d655a0d4a4f03ab13ba1d6e313eac8da2
amouyal:96,set_34,gp,simple,prob,neutral_rev_repair_native,Yes,0.9828398823738098,1.0,1,Yes,c8ef54bdb2d139f48af44139cc332916ea97053207fb7525a4f8d288caefd03e
amouyal:97,set_34,gp,lingering,prob,neutral_rev_repair_native,No,2.4780925741652027e-05,1.0,1,No,28632608229c7a4ed3b981c04a6f54729b22e8f291a22e58ec11e7ef9178639c
amouyal:98,set_34,non_gp,simple,prob,neutral_rev_repair_native,Yes,0.9999998807907104,1.0,1,Yes,d62c5ff8f7e28de0d0cf57ff8a31defc290e91faf9fa08bca9a131bcff3df10b
amouyal:99,set_34,non_gp,lingering,prob,neutral_rev_repair_native,No,0.9999828338623047,1.0,0,Yes,953431091f0206e332b2221d201fde937e864442589201c87a7d154dde4987f7
amouyal:100,set_35,gp,simple,prob,neutral_rev_repair_native,Yes,6.755938375135884e-05,0.9999999403953552,0,No,a73d28abf5210b0bcd52489903400cdf0626eb968c12bb4423a0052b731dda1b
amouyal:101,set_35,gp,lingering,prob,neutral_rev_repair_native,No,2.7654428777168505e-05,1.0,1,No,8e895581a91d022ec4ac2b3df7fb7befa09990d00b8c0e59f0e22034d7d001d4
amouyal:102,set_35,non_gp,simple,prob,neutral_rev_repair_native,Yes,0.9998939037322998,1.0,1,Yes,5811ce980850dbd9d7d42b512998a57d1d43616330d98524d7d0c64d91a165fe
amouyal:103,set_35,non_gp,lingering,prob,neutral_rev_repair_native,No,0.10924091190099716,1.0,1,No,119c64822ab6f3a1bd3b2405ffb2a8a1f892a05bf16783e5be0b9b5f5ba931d5
amouyal:104,set_36,gp,simple,prob,neutral_rev_repair_native,Yes,0.2972738742828369,1.0,0,No,5d37a80a709672a0400aaa1836d095659582f9838597e332df27164ec6e4f263
amouyal:105,set_36,gp,lingering,prob,neutral_rev_repair_native,No,0.00019104016246274114,1.0,1,No,d33e1c04fc6d2d7c62b4cd233f369c46052914a53c0d500a04d1d32d0e6958ef
amouyal:106,set_36,non_gp,simple,prob,neutral_rev_repair_native,Yes,1.0,1.0,1,Yes,84fe8951a9a1681a70a5d341b847b0ab550ef022b0f21cb644c63ca154e0175c
amouyal:107,set_36,non_gp,lingering,prob,neutral_rev_repair_native,No,0.6483080387115479,1.0,0,Yes,cf62ecba0f0e35d99d17348d00ff877583da95bee676b6364f149c9ddc195267
amouyal:108,set_37,gp,simple,prob,neutral_rev_repair_native,Yes,0.0004908611881546676,0.9999999403953552,0,No,31119ef27434c1f0112ef46c7defdcce6596dc12da11e3e8f309c13e8c05b4c9
amouyal:109,set_37,gp,lingering,prob,neutral_rev_repair_native,No,1.0038323125627358e-05,1.0,1,No,33406449e62e35298599d7553979b64e9f1d5ee5bdbc84290a20eef1267701eb
amouyal:110,set_37,non_gp,simple,prob,neutral_rev_repair_native,Yes,0.5836715698242188,1.0,1,Yes,6353c330118416c9daadd4fa6eca25b2346597d6312e2892b7584948812d24d4
amouyal:111,set_37,non_gp,lingering,prob,neutral_rev_repair_native,No,0.006251203827559948,1.0,1,No,4ce3fba1ab0e4c55e6b4e1a88ba12976cf16212d940a0dc05b84dc11768df3a2
amouyal:112,set_38,gp,simple,prob,neutral_rev_repair_native,Yes,0.0017611077055335045,1.0,0,No,bcff704ad0a45f17da12952a4cff1de07f480221b81d5e4c6fd49e0c8b2678d0
amouyal:113,set_38,gp,lingering,prob,neutral_rev_repair_native,No,0.0070609962567687035,1.0,1,No,0e47c8aca51952f4eca549499f865848af982c652a33decc63ec0aeecc583d2b
amouyal:114,set_38,non_gp,simple,prob,neutral_rev_repair_native,Yes,0.9996318817138672,1.0,1,Yes,7323f0aadef23f8d6a618186c49522e5bd17c950d5350233fc59ab285acba1b2
amouyal:115,set_38,non_gp,lingering,prob,neutral_rev_repair_native,No,1.2985759894945659e-05,1.0,1,No,4124afec0ab587e525aa13393d17686ad94ca175627760edb3300f2d8a1c50ed
amouyal:116,set_39,gp,simple,prob,neutral_rev_repair_native,Yes,0.008160230703651905,1.0,0,No,062e2e5064591055eb3a27f64a9d83f6bc51887b4fb35555338bf27636c6d43f
amouyal:117,set_39,gp,lingering,prob,neutral_rev_repair_native,No,0.00028363961610011756,1.0,1,No,ea4e32e33b2f60e7f82691e85b7d572b29cbef573862c5bfd87c6d8b1ea95539
amouyal:118,set_39,non_gp,simple,prob,neutral_rev_repair_native,Yes,1.0,1.0,1,Yes,e4557318f2ac499ac0745cdc2b4d5b283273d23f498be04884b5a1928239814a
amouyal:119,set_39,non_gp,lingering,prob,neutral_rev_repair_native,No,0.9754353165626526,1.0000001192092896,0,Yes,2ed8af4d825a410c1bcacb3f5aefc70442a63fddb3691d9461fb289b42bc0406
amouyal:120,set_40,gp,simple,prob,neutral_rev_repair_native,Yes,0.009362640790641308,1.0,0,No,f6899d7efa28f5c95983bd92266f601f0ef1755617c43a1d1c72c57d18e773fb
amouyal:121,set_40,gp,lingering,prob,neutral_rev_repair_native,No,1.3432202649710234e-05,0.9999999403953552,1,No,6e582247366ae6847e41d355bc664711b4674a2e383ec7b342adaa9567203b68
amouyal:122,set_40,non_gp,simple,prob,neutral_rev_repair_native,Yes,0.9644384980201721,1.0,1,Yes,8209be54a04f9b42f1997278dfdb0d7c746525cacbb9fdd64184809056a912b1
amouyal:123,set_40,non_gp,lingering,prob,neutral_rev_repair_native,No,0.00436177896335721,1.0,1,No,88c755f99e39ceefa2cbd820b835a34ee0ba966137ff7963e1864cf0a389d9b3
amouyal:124,set_41,gp,simple,prob,neutral_rev_repair_native,Yes,0.4352337718009949,1.0,0,No,dff7c0d87cba8576f31c944c6c1816fbf1364cdfa543b4291518c7560674b021
amouyal:125,set_41,gp,lingering,prob,neutral_rev_repair_native,No,4.119043660466559e-05,0.9999999403953552,1,No,54fcaeb6925ef71680a5197df550bfb786ed15e4b8bc25be5fa64de00f42efaf
amouyal:126,set_41,non_gp,simple,prob,neutral_rev_repair_native,Yes,1.0,1.0,1,Yes,12b3d43fb76223d11778dde2ad06de10bc4774c2aa5ea4c4570102c67d795b62
amouyal:127,set_41,non_gp,lingering,prob,neutral_rev_repair_native,No,0.9999991655349731,1.0,0,Yes,1a60e4b531b3919dc4508bd59987f6dc0d424288b1918a506ab584b9f68b3c95
amouyal:128,set_42,gp,simple,prob,neutral_rev_repair_native,Yes,0.9999977350234985,1.0,1,Yes,e2830cdfb23e91815184cc973745f8e4089dc32b2df07e1bca5055707f6a27e1
amouyal:129,set_42,gp,lingering,prob,neutral_rev_repair_native,No,0.004550649784505367,1.0,1,No,2e1cf6dd684a17da73321ae630d1bba49cfc69a76640f895fe15b65c6cf0a361
amouyal:130,set_42,non_gp,simple,prob,neutral_rev_repair_native,Yes,1.0,1.0,1,Yes,36c68b20405debb2f342cd52b6f98a5f0ac6e391cf2becab72d08dd795992859
amouyal:131,set_42,non_gp,lingering,prob,neutral_rev_repair_native,No,0.09923570603132248,1.0,1,No,1f4bedd7e985621edcf73bf04a5fa197189cce19c0ced664aebd5f60291713ec
amouyal:132,set_43,gp,simple,prob,neutral_rev_repair_native,Yes,0.9984453320503235,1.0,1,Yes,164d3fd52d403ca64861b738b4678d8d2d553e1875663013895987352cdec39a
amouyal:133,set_43,gp,lingering,prob,neutral_rev_repair_native,No,2.2118665583548136e-05,0.9999999403953552,1,No,7055939916b012bfb530615a179f57afd55db197789bdee094c5f8f4d93ff54b
amouyal:134,set_43,non_gp,simple,prob,neutral_rev_repair_native,Yes,0.9999998211860657,0.9999999403953552,1,Yes,7b00f2b3d1c9ed539e080a4aa8479638d606c07e3b01feccbecf395fb579ec64
amouyal:135,set_43,non_gp,lingering,prob,neutral_rev_repair_native,No,0.9999975562095642,0.9999999403953552,0,Yes,4ed785f302c9e4f78b426d20a7a62f9057f247acaee0a3e53cedf832ed333fa2
amouyal:136,set_44,gp,simple,prob,neutral_rev_repair_native,Yes,0.00012951409735251218,0.9999999403953552,0,No,2c5ae01ec238c2543fa65d094a092e914ac2f4822c0f10555b5eeb505cac0a98
amouyal:137,set_44,gp,lingering,prob,neutral_rev_repair_native,No,3.795449447352439e-05,1.0,1,No,c377d4e756ef6a5d4dc29ce1af01f598c43b881d55ad203c3e9f5a31cb79abee
amouyal:138,set_44,non_gp,simple,prob,neutral_rev_repair_native,Yes,0.0001964518305612728,1.0,0,No,8ebf9e085642af1b0b865f631f2c9d0016e1a6705287e644529bbe20a51c3b71
amouyal:139,set_44,non_gp,lingering,prob,neutral_rev_repair_native,No,2.3977778255357407e-05,1.0,1,No,e4c6f68f703f6100ea7a714f71fb9c1c706275363a0111061a8edc56ffe5c326
amouyal:140,set_45,gp,simple,prob,neutral_rev_repair_native,Yes,0.006515522953122854,0.9999999403953552,0,No,f314266f9fa91cc5524b1198e8a0f33ddb7ec89ec1fd869b1862fd13a33401e5
amouyal:141,set_45,gp,lingering,prob,neutral_rev_repair_native,No,0.00031528627732768655,1.0,1,No,dcab70969015a70b9d5ff9c12aac6f8c7f7729ac0e35ed14398136f3e07db91a
amouyal:142,set_45,non_gp,simple,prob,neutral_rev_repair_native,Yes,0.9999653100967407,1.0,1,Yes,5633310276b3d49d9bf72e0c8d832e6cf4f7eda190c690ea2d61b05bea5d7619
amouyal:143,set_45,non_gp,lingering,prob,neutral_rev_repair_native,No,0.9999940395355225,1.0,0,Yes,1d4af8bf8d1c2a4d2ab3c4917bfa61a01abe293fe190f701072ba9c79624ca97
amouyal:144,set_hyp5_1,non_gp,simple,reflexive,neutral_rev_repair_native,Yes,0.9999980330467224,0.9999999403953552,1,Yes,b7b3d44c849263c4c4e95c07b2c0303f10c90f043a7a15ee60fc2c676a393897
amouyal:145,set_hyp5_1,non_gp,lingering,reflexive,neutral_rev_repair_native,No,0.999994158744812,1.0,0,Yes,a2507c5f14c176a96f71e2f8f775b27d834bb354594493633b9fbb787d92a384
amouyal:146,set_hyp5_2,non_gp,simple,reflexive,neutral_rev_repair_native,Yes,1.0,1.0,1,Yes,cc206e76a059c711f7a6fbff8b1923e2e246f7a788e56b09bb2fcdc7060f4a3d
amouyal:147,set_hyp5_2,non_gp,lingering,reflexive,neutral_rev_repair_native,No,2.6748216086502907e-08,1.0,1,No,4d2fccf2303a7655ad0e9f3089a11aed7b7b390bf07b0eb056994e5a82416fd7
amouyal:148,set_hyp5_3,non_gp,simple,reflexive,neutral_rev_repair_native,Yes,0.9999985694885254,1.0,1,Yes,412103dfb9004500b3f5b3f1c7e87924023146c7752c2829a1f8a463199c5f9a
amouyal:149,set_hyp5_3,non_gp,lingering,reflexive,neutral_rev_repair_native,No,4.268897100700997e-05,1.0,1,No,dbe02b2540257ad83d922075dc6294c6b3dee27613ff9fdff230619ff1b7f149
amouyal:150,set_hyp5_4,non_gp,simple,reflexive,neutral_rev_repair_native,Yes,0.9999996423721313,1.0,1,Yes,4fcfdedb9fff202ed76573362b90a8eb260783b26866913a183248a05c379602
amouyal:151,set_hyp5_4,non_gp,lingering,reflexive,neutral_rev_repair_native,No,0.008732493035495281,1.0,1,No,2ecdbb8ed6cc15e1b50f86f50dc630683c8b797131f03bf55ca2d688c5640015
amouyal:152,set_hyp5_5,non_gp,simple,reflexive,neutral_rev_repair_native,Yes,1.0,1.0,1,Yes,9a916acf85521d461b7a76336579ef22bab440037667eb859931a1bb3812a70b
amouyal:153,set_hyp5_5,non_gp,lingering,reflexive,neutral_rev_repair_native,No,0.22161510586738586,1.0,1,No,4b308bca11a50827d809c2b0985c793efc0e1d43f16f3c90e0fd77fdb1868f99
amouyal:154,set_hyp5_6,non_gp,simple,reflexive,neutral_rev_repair_native,Yes,0.9999631643295288,1.0,1,Yes,da46caae5409f04743e560301804144da3061ed01e454d2fe1c92ddfee2d449a
amouyal:155,set_hyp5_6,non_gp,lingering,reflexive,neutral_rev_repair_native,No,0.0006809997721575201,0.9999999403953552,1,No,b9a21d61b26db3d4e09b4bb9a241ab9e3608d26470f0fa2d26ef684879f74f7d
amouyal:156,set_hyp5_7,non_gp,simple,reflexive,neutral_rev_repair_native,Yes,1.0,1.0,1,Yes,3246ca0e63e33d69c0a751670525612ec40d03ad021cf82278b975bcb0ea36f0
amouyal:157,set_hyp5_7,non_gp,lingering,reflexive,neutral_rev_repair_native,No,0.0009767324663698673,1.0,1,No,d1c6d75d4a4b34b273d8def68651f8fb8a01895193154aa2870296d2776f4c14
amouyal:158,set_hyp5_8,non_gp,simple,reflexive,neutral_rev_repair_native,Yes,0.9999940991401672,0.9999999403953552,1,Yes,222441ecf338f9db3aed0fbba42c8328cda2f9c33352dadb78055ab5aa5aa04d
amouyal:159,set_hyp5_8,non_gp,lingering,reflexive,neutral_rev_repair_native,No,0.3764171898365021,0.9999999403953552,1,No,8666515ce54ca4a7828dde9ccb4c2f731754b0c53b6ca9530c60278eab1b3f72
amouyal:160,set_hyp5_9,non_gp,simple,reflexive,neutral_rev_repair_native,Yes,0.9999991059303284,0.9999999403953552,1,Yes,4be2364e582f817ff606c8e068eaa0b90ae558a939e25a3727b3d588498bcf7e
amouyal:161,set_hyp5_9,non_gp,lingering,reflexive,neutral_rev_repair_native,No,0.999758243560791,0.9999999403953552,0,Yes,6a09d16b2119fe5f1d2f21b6025cd4401ab4e541e28ed6df62fc865b442778bf
amouyal:162,set_hyp5_10,non_gp,simple,reflexive,neutral_rev_repair_native,Yes,0.9999996423721313,1.0,1,Yes,eaca12f8e77f5ae8878fd2be0a88bc96eac5712034ac205eaabdc290d61a229e
amouyal:163,set_hyp5_10,non_gp,lingering,reflexive,neutral_rev_repair_native,No,0.9999988079071045,1.0,0,Yes,a00c0974648183e8d4572174600f79cf1aa5848ead0e18371fbb6859b01d5557
amouyal:164,set_hyp5_11,non_gp,simple,reflexive,neutral_rev_repair_native,Yes,0.9999999403953552,0.9999999403953552,1,Yes,6a75be74620f6673ef27d58bb35000509a6d304de45afa585020cee7cd9c236d
amouyal:165,set_hyp5_11,non_gp,lingering,reflexive,neutral_rev_repair_native,No,5.9087803094826086e-08,1.0,1,No,7d7bfcdb3c874898227d00959386a73a379c5f5b8d5ee8aed3393c6af9ca8033
amouyal:166,set_hyp5_12,non_gp,simple,reflexive,neutral_rev_repair_native,Yes,1.0,1.0,1,Yes,7e7381cba09bdb32addb681f8e09433f0c5d3b85f5ce6040ca2aea26ece4a1d0
amouyal:167,set_hyp5_12,non_gp,lingering,reflexive,neutral_rev_repair_native,No,0.997844934463501,1.0,0,Yes,85a9a7a1c54085748eb5f62db1d979830604e33ab8a268d6ecfaa73474cd52d8
amouyal:168,set_hyp5_13,non_gp,simple,reflexive,neutral_rev_repair_native,Yes,0.9999998807907104,1.0,1,Yes,5abb136f39ddba75384893a501eed7443609e708b120ad86ee8dcd072dcb24d9
amouyal:169,set_hyp5_13,non_gp,lingering,reflexive,neutral_rev_repair_native,No,0.06834292411804199,1.0,1,No,1a928d94f77334dff8777d63968e6f1277704458dad9a592242019c18188e5c3
amouyal:170,set_hyp5_14,non_gp,simple,reflexive,neutral_rev_repair_native,Yes,0.998912513256073,0.9999999403953552,1,Yes,fac3baed0df00f65964ccbcf74538ba8cb85d08b74ceb28890aaaa3e68864943
amouyal:171,set_hyp5_14,non_gp,lingering,reflexive,neutral_rev_repair_native,No,3.240418664063327e-06,1.0,1,No,a71fb3aff606e09a96bfa8077baf12aa79a0fad58f2b25a13ea487268ea0b58e
amouyal:172,set_hyp5_15,non_gp,simple,reflexive,neutral_rev_repair_native,Yes,0.9999997019767761,0.9999999403953552,1,Yes,8a999dd59c9081fd90a3b25a010c619bb2d22aa65a6669e9c27e0ba8dd451c69
amouyal:173,set_hyp5_15,non_gp,lingering,reflexive,neutral_rev_repair_native,No,1.4036397715244675e-06,1.0,1,No,e854c364ecc97bebd25036d92171a4de00684e52d2518e382f3c95d529a7284d
amouyal:174,set_hyp5_16,non_gp,simple,reflexive,neutral_rev_repair_native,Yes,0.9999992847442627,1.0,1,Yes,df494341f93d6b164b2f3e1db6d4d0fc143420746a0bbf87d1d4895d1faccc99
amouyal:175,set_hyp5_16,non_gp,lingering,reflexive,neutral_rev_repair_native,No,6.520377792185172e-05,1.0,1,No,912d75864fe9ed76b7e797bcde0ca2bd05d69572596bd12d7413ff7b1e7521f7
amouyal:176,set_hyp5_17,non_gp,simple,reflexive,neutral_rev_repair_native,Yes,1.0,1.0,1,Yes,17ba55997f821494e6793c7a881708e98b9cb0bb69d57b6cd59460567dc04e6d
amouyal:177,set_hyp5_17,non_gp,lingering,reflexive,neutral_rev_repair_native,No,0.000998744391836226,1.0000001192092896,1,No,cf6ac64d3e3586ffd32460a66a7f2bb05e95cdfd3d6ef52955a83eee5e9ee0b5
amouyal:178,set_hyp5_18,non_gp,simple,reflexive,neutral_rev_repair_native,Yes,6.118054951542717e-09,1.0,0,No,c8ab61bc4bfea19774eae71df2c5ae0aae2cec0c4735106682519076ba0380b4
amouyal:179,set_hyp5_18,non_gp,lingering,reflexive,neutral_rev_repair_native,No,0.0027878733817487955,1.0,1,No,30910ab0a63748a29acd234256cbc51a7633e256ca4f5f2e153c207169acd10b
amouyal:180,set_hyp5_19,non_gp,simple,reflexive,neutral_rev_repair_native,Yes,1.0,1.0,1,Yes,e37ec64dcc0f79931290f6b399781971932e2ba4e1a11e2d192d8dd0d45f952c
amouyal:181,set_hyp5_19,non_gp,lingering,reflexive,neutral_rev_repair_native,No,0.9864807724952698,0.9999999403953552,0,Yes,02185418b716e08a4b75fbe1ca27e37a3390d7e224ee1c219289d03d70ef7ac0
amouyal:182,set_hyp5_20,non_gp,simple,reflexive,neutral_rev_repair_native,Yes,0.9655410647392273,1.0,1,Yes,4b4d23e364f8c8ac753dfacb9b31049366c3843fb24e1f5d14bdf5ff1b45ee87
amouyal:183,set_hyp5_20,non_gp,lingering,reflexive,neutral_rev_repair_native,No,7.084246317390352e-05,1.0,1,No,01f437bcf28c867060a33d2ec33620827f3f78ef777f7d0136e70b732fcedc8b
amouyal:184,set_hyp5_21,non_gp,simple,reflexive,neutral_rev_repair_native,Yes,0.9998917579650879,1.0,1,Yes,e8789bf621834dddc64182b0dde4e0df1e5a4788c45f81411aa867d8801171a9
amouyal:185,set_hyp5_21,non_gp,lingering,reflexive,neutral_rev_repair_native,No,0.9680354595184326,1.0,0,Yes,8bcf3a51902e58d56b0ef192dc96eabbd2887ffdd550ba30c76b91c95517ff99
amouyal:186,set_hyp5_22,non_gp,simple,reflexive,neutral_rev_repair_native,Yes,0.9999997615814209,1.0,1,Yes,60ae5d3a42e576df86d88cdf3ccc3599ef77b0fd90d2f88e1d0f693ba1213b17
amouyal:187,set_hyp5_22,non_gp,lingering,reflexive,neutral_rev_repair_native,No,1.600916789357143e-06,1.0,1,No,425d435e2a6d7d0eaca9f0764f8b55a0ea3643524fc7b69cca7d4344fa04038a
amouyal:188,set_hyp5_23,non_gp,simple,reflexive,neutral_rev_repair_native,Yes,0.9999995231628418,1.0,1,Yes,3b2ede49012e00a2fb5d5dcc641e783ba8ad14c1bd12a676c3df68657827b832
amouyal:189,set_hyp5_23,non_gp,lingering,reflexive,neutral_rev_repair_native,No,0.00029771740082651377,1.0,1,No,5f5df865f1e4594cf7343d3ba9e6e7d248d023700a5d1bcc3af1a2dd62e0b53a
amouyal:190,set_hyp5_24,non_gp,simple,reflexive,neutral_rev_repair_native,Yes,1.0,1.0,1,Yes,ab12c651f77a8ba3a72621fed72ee13b8b74240011ea2ac6e2480c72bc538094
amouyal:191,set_hyp5_24,non_gp,lingering,reflexive,neutral_rev_repair_native,No,0.43686041235923767,1.0,1,No,49aa1add6f88ecce354a7e46107ef39a42d6994b2565f4ff562c4b8a2421abbe
amouyal:192,set_hyp5_1,gp,simple,reflexive,neutral_rev_repair_native,Yes,0.9999985694885254,1.0,1,Yes,2540c7d5f58fe511fdbfc321abe8c07bb3182e0cd0d927d43d53f23858282121
amouyal:193,set_hyp5_1,gp,lingering,reflexive,neutral_rev_repair_native,No,0.0003033919492736459,1.0,1,No,782838a4afae0afc96fa724574ab7e36b07d5ef0dec1317cfab1122fdc0b11dc
amouyal:194,set_hyp5_2,gp,simple,reflexive,neutral_rev_repair_native,Yes,0.9999171495437622,1.0,1,Yes,0baa9c2d428da5ad7bc68160f4b6b6b31769ab7b76bb4415d2f572ff095659ba
amouyal:195,set_hyp5_2,gp,lingering,reflexive,neutral_rev_repair_native,No,2.3587053874507546e-05,1.0,1,No,a25923313e7f150e2dfd753deb3ac41a4499a594f7414a50a26a19939c419534
amouyal:196,set_hyp5_3,gp,simple,reflexive,neutral_rev_repair_native,Yes,0.002169934567064047,1.0,0,No,4f7d6dad872cca2d5eeaaadb96e2ef898203a2179a0af9c6588e1cfeb686036c
amouyal:197,set_hyp5_3,gp,lingering,reflexive,neutral_rev_repair_native,No,0.0004461450153030455,1.0,1,No,5025c25dea085278e705ca73f3faaeceda88acfda4daf5efcb72700b47b4aa92
amouyal:198,set_hyp5_4,gp,simple,reflexive,neutral_rev_repair_native,Yes,0.999625027179718,0.9999999403953552,1,Yes,f520df57a4cd5f53c18b1131f43e0ac9c41be65d75b2c8f85576162a56dd3dee
amouyal:199,set_hyp5_4,gp,lingering,reflexive,neutral_rev_repair_native,No,0.019865959882736206,1.0,1,No,4c8c8da21d63e03bc237b1e275f5317ecc364eab76f1a9a96095f0231a0b2385
amouyal:200,set_hyp5_5,gp,simple,reflexive,neutral_rev_repair_native,Yes,0.5243366360664368,1.0,1,Yes,383f9e606ea266bb4b132a1cd97ccd25e2fd71fc1e45b52f9c59e1493f2e079c
amouyal:201,set_hyp5_5,gp,lingering,reflexive,neutral_rev_repair_native,No,0.0001746237394399941,1.0,1,No,4283a90610a7d5abed85b31ce26a37010ec57c0b43c82cac9443fc56a3b60786
amouyal:202,set_hyp5_6,gp,simple,reflexive,neutral_rev_repair_native,Yes,0.020030103623867035,1.0,0,No,b3d59c37477674033a83111d3af6b1b73aae2faa6afd1d6c83e1809431480a42
amouyal:203,set_hyp5_6,gp,lingering,reflexive,neutral_rev_repair_native,No,0.018043842166662216,1.0,1,No,176b93ac8fe548bc57755d5e36bd66170788750b30511a2eba3acc4ce99778ac
amouyal:204,set_hyp5_7,gp,simple,reflexive,neutral_rev_repair_native,Yes,0.7939815521240234,1.0,1,Yes,8f5013841a347e8083c06ef3a2aa6d5c3fcdf7459b61dda37ab0598e6a1f2c48
amouyal:205,set_hyp5_7,gp,lingering,reflexive,neutral_rev_repair_native,No,2.0792149371118285e-05,1.0,1,No,0cc6cffb03d96dc073dead5045c6da74b47f017083d2b8674d0525124c7b3052
amouyal:206,set_hyp5_8,gp,simple,reflexive,neutral_rev_repair_native,Yes,0.9996331930160522,1.0,1,Yes,9028200c2c7a0dec913f04d2205dcf80eb0a71a5ad6e87076fe6348ea929e1d8
amouyal:207,set_hyp5_8,gp,lingering,reflexive,neutral_rev_repair_native,No,0.018305843695998192,1.0,1,No,dc277705d0db788016084c43779a6f6a034da087164d3eb63cb5b832950bb02b
amouyal:208,set_hyp5_9,gp,simple,reflexive,neutral_rev_repair_native,Yes,0.999994158744812,1.0,1,Yes,269c7e29ff4c33f8f848ddffa3b2ce78bf5f63037f790e531472ed8f3610d6b4
amouyal:209,set_hyp5_9,gp,lingering,reflexive,neutral_rev_repair_native,No,0.9592215418815613,1.0,0,Yes,4dc40f73853c8552c2cc9d97849553cef1d465b8085dab4bc4636d72757ed229
amouyal:210,set_hyp5_10,gp,simple,reflexive,neutral_rev_repair_native,Yes,0.9993876218795776,1.0,1,Yes,992f670cf2b072b1e24da4d30b0d8f1d2c77c4418dbb024ac06d1bdf42d78dcc
amouyal:211,set_hyp5_10,gp,lingering,reflexive,neutral_rev_repair_native,No,0.028726866468787193,1.0,1,No,894144ea4f0bea7061797f29f3f9c088fdf6cf17ac9b1bbb9e51c5af258726f3
amouyal:212,set_hyp5_11,gp,simple,reflexive,neutral_rev_repair_native,Yes,0.005102238152176142,1.0,0,No,444a316b24c89d8f24684ebf6803f91c7adb8f0494573f8712e179134d946e6a
amouyal:213,set_hyp5_11,gp,lingering,reflexive,neutral_rev_repair_native,No,0.00026284909108653665,0.9999999403953552,1,No,548701748e224fd081bcf8d10ff1d77b627f927429d0cc970f6404d26bdba3cf
amouyal:214,set_hyp5_12,gp,simple,reflexive,neutral_rev_repair_native,Yes,0.9999377727508545,1.0,1,Yes,0720ff7a270c599dd7b1ef00cdb99a7794a2475972fcaa86a309993299157748
amouyal:215,set_hyp5_12,gp,lingering,reflexive,neutral_rev_repair_native,No,0.0006018835701979697,1.0,1,No,90e2786686f2e0c4925583c1852b5391e6a1de7e0e26d9f6151dab09b35089c5
amouyal:216,set_hyp5_13,gp,simple,reflexive,neutral_rev_repair_native,Yes,5.550256219066796e-07,0.9999999403953552,0,No,59ce5588e1fec1492b0d677e78a564cf81bc86f34a22d284038fef1fba193bde
amouyal:217,set_hyp5_13,gp,lingering,reflexive,neutral_rev_repair_native,No,0.0001057305998983793,1.0,1,No,7292140cbed9c5da4ca21cf96d48b6f491f4cf1d628746faff5662f9a63ce4ed
amouyal:218,set_hyp5_14,gp,simple,reflexive,neutral_rev_repair_native,Yes,0.14849475026130676,0.9999999403953552,0,No,3b99ef1a96e5acc40ff5b98f3c27f974658943eaf1e8ad918e022b73d674afbd
amouyal:219,set_hyp5_14,gp,lingering,reflexive,neutral_rev_repair_native,No,5.2011851948918775e-05,1.0,1,No,6a0d7e320f4415965f3810c85dc663b108318f3078a1c753456626e3d29f2f5d
amouyal:220,set_hyp5_15,gp,simple,reflexive,neutral_rev_repair_native,Yes,0.000180856412043795,1.0000001192092896,0,No,8e2db635eadef6700fa43581ac332205c78b0270b2fd115fbe8a2acfef0b4f3b
amouyal:221,set_hyp5_15,gp,lingering,reflexive,neutral_rev_repair_native,No,4.814348721993156e-05,1.0,1,No,2cb8b4f3055dd444a7f97b81d171281414e5ae17440da1604e65ecae3c2bb7bc
amouyal:222,set_hyp5_16,gp,simple,reflexive,neutral_rev_repair_native,Yes,0.003186768852174282,1.0,0,No,abb739920bdadc775c53de6815ae8ea534585babb9c2559a345ed78d3275b567
amouyal:223,set_hyp5_16,gp,lingering,reflexive,neutral_rev_repair_native,No,0.002642248524352908,0.9999999403953552,1,No,16916e55b3f944a00eaa7dce1b3e4d6717ff648a6503e675fbd6af0420d107d1
amouyal:224,set_hyp5_17,gp,simple,reflexive,neutral_rev_repair_native,Yes,1.0,1.0,1,Yes,510f3094e0383d9e8e913dfeae1cfec2f97dc7593bb0022404759b7694c80f4b
amouyal:225,set_hyp5_17,gp,lingering,reflexive,neutral_rev_repair_native,No,0.0016339319990947843,1.0,1,No,f3e1b131cee8c4560cb4d64a6de64c330151e3f166ca087fe244c1426e0d3cc1
amouyal:226,set_hyp5_18,gp,simple,reflexive,neutral_rev_repair_native,Yes,6.001891233609058e-05,0.9999999403953552,0,No,a97c16ba5235c145ff0ede21df04c72eb55eef7075dd2130f6f1a32b3bc770ab
amouyal:227,set_hyp5_18,gp,lingering,reflexive,neutral_rev_repair_native,No,0.0008464793208986521,1.0,1,No,4a4f4be7404eb80c61ebc76c8cf30a1d4cdfd3aa6e9f7348771455ac91b89ade
amouyal:228,set_hyp5_19,gp,simple,reflexive,neutral_rev_repair_native,Yes,0.9999310970306396,1.0,1,Yes,8b35611a190d97e4598bce9a4468ca89877e36325c67b30b00315f6447781367
amouyal:229,set_hyp5_19,gp,lingering,reflexive,neutral_rev_repair_native,No,0.0006808102480135858,1.0,1,No,70f219947dc7978108f02cd9076c18e5671ad477269621a8b421d6a8a36363d7
amouyal:230,set_hyp5_20,gp,simple,reflexive,neutral_rev_repair_native,Yes,0.6955093741416931,1.0,1,Yes,9156fe5291a5a55d9126d58529898e343765740a51060e7ec6c996d204f027e6
amouyal:231,set_hyp5_20,gp,lingering,reflexive,neutral_rev_repair_native,No,0.0002855008060578257,0.9999999403953552,1,No,17bc39fa0faaa2d1d2d95c0a575d37d950af6bf7c54ab7a2a00c8a2d350f7bd7
amouyal:232,set_hyp5_21,gp,simple,reflexive,neutral_rev_repair_native,Yes,0.9989769458770752,1.0,1,Yes,72db496e8f5e8bdef153f0f5cfc5f50682ec885a58f99a7b0003b95944fc37e0
amouyal:233,set_hyp5_21,gp,lingering,reflexive,neutral_rev_repair_native,No,0.0006309907766990364,1.0000001192092896,1,No,168ba4c71ffd89a6dcdd8755dbae5ab2fc815fe6df36b6698fc86688ecbfa669
amouyal:234,set_hyp5_22,gp,simple,reflexive,neutral_rev_repair_native,Yes,0.08097730576992035,1.0,0,No,eebfba4a3b97cc1ffcd3b99ed4a093838abd323831bf7d611cc241649fe9ba90
amouyal:235,set_hyp5_22,gp,lingering,reflexive,neutral_rev_repair_native,No,5.104911178932525e-05,1.0,1,No,ce656fddaf5b4874e3ce44f27e3d70d783a75d8509d5af11954926fd6f700c49
amouyal:236,set_hyp5_23,gp,simple,reflexive,neutral_rev_repair_native,Yes,0.5081255435943604,1.0,1,Yes,813fec74bc61ce5ba45718d5e75c707ed3d0be83398365bfc0b10872343629bd
amouyal:237,set_hyp5_23,gp,lingering,reflexive,neutral_rev_repair_native,No,4.480588177102618e-05,1.0,1,No,fe990e4e74ef67b79e482f314ae090ef13892b14bb87e9e5308db9053b4e901e
amouyal:238,set_hyp5_24,gp,simple,reflexive,neutral_rev_repair_native,Yes,0.999569833278656,1.0,1,Yes,04d4f7ece71140c4614032c415f701ecfd8cdf8f24d51e3585de0c8f172906fd
amouyal:239,set_hyp5_24,gp,lingering,reflexive,neutral_rev_repair_native,No,0.00436817854642868,1.0,1,No,0af5b2f3700852a57b5d3becc1ec757e1fdbea6b047959d5143ac67c3264735a
amouyal:240,set_1,gp,simple,prob,neutral_rev_repair_native,Yes,0.01822935976088047,1.0,0,No,fb7f0962589d7d40ec42ad7eaef04f342ad5ed4c9473d3b367a7005afa24e847
amouyal:241,set_1,gp,lingering,prob,neutral_rev_repair_native,No,0.00043354721856303513,1.0,1,No,50b8ba119282e8e2129c474bc44d0d9a97515431632b8331e3f8db3f2d1af6b1
amouyal:242,set_1,non_gp,simple,prob,neutral_rev_repair_native,Yes,0.7433186769485474,1.0,1,Yes,803f0971c94ef1008471eebe6b906cea827ac3620b31ac6b1ae0c83d9e7e7e79
amouyal:243,set_1,non_gp,lingering,prob,neutral_rev_repair_native,No,0.9994718432426453,1.0,0,Yes,a027cae088ac9cf88103eb75ded50226ad57c08aca8cb80598e063c2e7f0f15a
amouyal:244,set_2,gp,simple,prob,neutral_rev_repair_native,Yes,0.9999994039535522,1.0,1,Yes,3024d392bf72c23260730d6951ace3c77883d5ae65f9ee00bd381acaf9f4b200
amouyal:245,set_2,gp,lingering,prob,neutral_rev_repair_native,No,0.08670815825462341,0.9999999403953552,1,No,c7a30f9989ee841749801e94cbe0508f63ad202956e2416f5ebec51dd7f399a5
amouyal:246,set_2,non_gp,simple,prob,neutral_rev_repair_native,Yes,0.9999998807907104,1.0,1,Yes,db78f9c8bbe0a2dd9720dee2a9366a31d2ac9fe160e6b97e47822a5475a9eced
amouyal:247,set_2,non_gp,lingering,prob,neutral_rev_repair_native,No,0.999968409538269,1.0,0,Yes,eebcc6530435fed4bbdbdc92dae0843de1c159227e262bf1fc9bcde18ec19a2e
amouyal:248,set_3,gp,simple,prob,neutral_rev_repair_native,Yes,0.8728338479995728,1.0,1,Yes,da2e23aa4692cffbbf5bf64fd388e13b6343c912d1301b619bd07333f4cfa7b5
amouyal:249,set_3,gp,lingering,prob,neutral_rev_repair_native,No,0.0019964203238487244,0.9999999403953552,1,No,47800511fc0fc23ab0f82f052d5f24c9da1a8c53f8251fb935bbf17f1783a460
amouyal:250,set_3,non_gp,simple,prob,neutral_rev_repair_native,Yes,0.9999988675117493,0.9999999403953552,1,Yes,fee72a7ffeb97dd7bee0379e85608650e24f0ccbfd712129c610c19f036f890c
amouyal:251,set_3,non_gp,lingering,prob,neutral_rev_repair_native,No,0.0419980026781559,1.0,1,No,2b8aae0d6622d8ba88d7a7ccfd9370f04bd65900e865e4a70018fe052171136d
amouyal:252,set_4,gp,simple,prob,neutral_rev_repair_native,Yes,0.028891127556562424,1.0,0,No,03c7fd2a7ab1554945f1e3ead7ed659f504b5d770d8d44cfce8980370a23759a
amouyal:253,set_4,gp,lingering,prob,neutral_rev_repair_native,No,0.00047877783072181046,1.0,1,No,03af6fcfbfe7ba1b9787dbeb020d5238493db008627f128562d26fa1c716c77c
amouyal:254,set_4,non_gp,simple,prob,neutral_rev_repair_native,Yes,0.9989848136901855,0.9999999403953552,1,Yes,3d616f808fd3dd4b9e05699e50956edbc9a7b0aae28c5e26310d1aff5c6aa552
amouyal:255,set_4,non_gp,lingering,prob,neutral_rev_repair_native,No,0.0012432128423824906,1.0,1,No,cefa0ff4ca81d1ba8ad9ce029d23bc6d9523a394d60f9d35e00260aae1410355
amouyal:256,set_5,gp,simple,prob,neutral_rev_repair_native,Yes,0.0002044232824118808,1.0,0,No,f25be7193453f7e78c38c8cef426b741f05332da836b12411da2efe249a92fe5
amouyal:257,set_5,gp,lingering,prob,neutral_rev_repair_native,No,2.012998947975575e-06,1.0,1,No,36a93384b927f2cc2bfbbfb4384679c546dba6b49072d71134909f0eb900a81a
amouyal:258,set_5,non_gp,simple,prob,neutral_rev_repair_native,Yes,0.8531864881515503,1.0,1,Yes,f8e0c62e833bbc2165a622d4155b40987142a89f34bae5004a75aa8dbe77aef6
amouyal:259,set_5,non_gp,lingering,prob,neutral_rev_repair_native,No,2.02609044208657e-05,1.0,1,No,f0a7f02c254e8a02e2af473e0853f54b69235e4d974b1b908edeb3a204772a16
amouyal:260,set_6,gp,simple,prob,neutral_rev_repair_native,Yes,0.0010675265220925212,0.9999999403953552,0,No,84b332dedd4524b70c156022aa31a228f9cdd11af666986214cb398bef6240a8
amouyal:261,set_6,gp,lingering,prob,neutral_rev_repair_native,No,0.00017297847080044448,1.0000001192092896,1,No,270788fdcab646f7f8e0ef1de74ccbebcc11c91bdab3154eb4c8e921dde8e3bc
amouyal:262,set_6,non_gp,simple,prob,neutral_rev_repair_native,Yes,1.0,1.0,1,Yes,cd1c5785f71f015d989a85b2ab381cdcf6dd87a76389122d7e48d27540a57a37
amouyal:263,set_6,non_gp,lingering,prob,neutral_rev_repair_native,No,0.6945552229881287,1.0,0,Yes,50516c63420e5d7024226df28d4c48475b668fcdeec6e87bdeafcd0dfcdbd302
amouyal:264,set_7,gp,simple,prob,neutral_rev_repair_native,Yes,0.001320396549999714,1.0,0,No,e20bd4ef7b2a58bb3f73239bc31a3373bc75cdbe5c4e9e94c4ad1d057f218021
amouyal:265,set_7,gp,lingering,prob,neutral_rev_repair_native,No,4.841752888751216e-05,1.0,1,No,e21297aa7af3ac58b70fb18549ead479c13959ea6d433c775041ae5f9b8dbf7d
amouyal:266,set_7,non_gp,simple,prob,neutral_rev_repair_native,Yes,0.9998931884765625,1.0,1,Yes,71ecc690a226e9d371712ca1f69dc09df1df3ced87b972609909b1be0257ed18
amouyal:267,set_7,non_gp,lingering,prob,neutral_rev_repair_native,No,0.0003282583493273705,0.9999999403953552,1,No,aa431423d88e776a3fb8c3911595d802746ea5f9cf5f270b814463e6969102a7
amouyal:268,set_8,gp,simple,prob,neutral_rev_repair_native,Yes,0.0023990394547581673,1.0,0,No,75d6f23198a35ff9b6a4231b724c1b3c8be2e0712f430e64aadf486a6922f0c2
amouyal:269,set_8,gp,lingering,prob,neutral_rev_repair_native,No,1.0850778380699921e-05,1.0,1,No,aa47f0fa0dd9966d6e2015841b145a3a68da285c2f191999d38b91867014663a
amouyal:270,set_8,non_gp,simple,prob,neutral_rev_repair_native,Yes,1.0,1.0,1,Yes,565c3fd19fe8c6ec82694435fc8bef09c11a253b3416bc8c11c331226597d03f
amouyal:271,set_8,non_gp,lingering,prob,neutral_rev_repair_native,No,0.002407664433121681,0.9999999403953552,1,No,9c01950c8a6bf9b296c86a9d0f542452680d3cb99b1167438a290f390ac8b2f3
amouyal:272,set_9,gp,simple,prob,neutral_rev_repair_native,Yes,0.1268138885498047,1.0,0,No,89f35e9874919cb085d2558414fc2817ee98c7fd9a16505ee033a04825ab2b7c
amouyal:273,set_9,gp,lingering,prob,neutral_rev_repair_native,No,0.00016034020518418401,1.0,1,No,aa19784e1b7891a8df19a9231a2c6f41a65f841ddc121a29dc974c994c211a58
amouyal:274,set_9,non_gp,simple,prob,neutral_rev_repair_native,Yes,0.9999992847442627,1.0,1,Yes,313c20cbe36061c65d1d82f1a745c46b92ad3ab2c311a12d836bf4faa57b2c84
amouyal:275,set_9,non_gp,lingering,prob,neutral_rev_repair_native,No,0.005125431343913078,0.9999999403953552,1,No,5f2697459a81961022423e8c9e567a3fa328a42709b7b6faab9cfbc7b7a4fdcf
amouyal:0,set_10,gp,simple,prob,neutral_rev_repair_prefill,Yes,0.006724589969962835,0.9883235692977905,0, No,87f584eaf2015cf281d9d070c3597c241b073f11e2249b29aacbddc15ee0ec66
amouyal:1,set_10,gp,lingering,prob,neutral_rev_repair_prefill,No,0.0011048561427742243,0.9946291446685791,1, No,42a16f24e7d396e27f71e37b61a659c2a0f117ed2b1a199d43a7671e3629904e
amouyal:2,set_10,non_gp,simple,prob,neutral_rev_repair_prefill,Yes,0.591182291507721,0.8738548755645752,1, Yes,bd575bc4ef82bef89f137ee29abde6d113c62c046f76db7ec9e9a91cd167953c
amouyal:3,set_10,non_gp,lingering,prob,neutral_rev_repair_prefill,No,7.812767580617219e-05,0.9901217222213745,1, No,a3c2dc790e0e61e5a0a1d750c5334975dadf1451981f2877bece43bb5b16ef70
amouyal:4,set_11,gp,simple,prob,neutral_rev_repair_prefill,Yes,0.2028256356716156,0.9372376203536987,0, No,96942e1d78d948edb505b2325cf5a90cfd45aec80df9b3cad2f5e845a6b55562
amouyal:5,set_11,gp,lingering,prob,neutral_rev_repair_prefill,No,0.3878573775291443,0.954917848110199,1, No,8a5549a415f348394dd02af23c2a5bc6e977dfa9bb30ae25c8570f1f75ceab75
amouyal:6,set_11,non_gp,simple,prob,neutral_rev_repair_prefill,Yes,0.9882333874702454,0.9371408224105835,1, Yes,fae60aa839b2f8750a086f5e84d5f849d26b70e7696fafea0b21245bc43f2d6f
amouyal:7,set_11,non_gp,lingering,prob,neutral_rev_repair_prefill,No,0.7330284118652344,0.9539282321929932,0, Yes,2560b8ea1ef95b49f1b4e26e1afffb9724b93ef92c3bc857fabc9ce5773f23b8
amouyal:8,set_12,gp,simple,prob,neutral_rev_repair_prefill,Yes,0.24934105575084686,0.9446582198143005,0, No,21acd0c0a35a7fe096192b66f609572f1af777bbb450a04adaed0466d6ab55d3
amouyal:9,set_12,gp,lingering,prob,neutral_rev_repair_prefill,No,0.007023944053798914,0.9946415424346924,1, No,c868b44120b8110a19c50e5350ffebcf0b32449ca31acc073cdbadaebc160dc2
amouyal:10,set_12,non_gp,simple,prob,neutral_rev_repair_prefill,Yes,0.9989072680473328,0.9402567744255066,1, Yes,9173a3cb39ee5df79e8bbd75158492719050925a8e2cafddbc4435f9034625d5
amouyal:11,set_12,non_gp,lingering,prob,neutral_rev_repair_prefill,No,0.925518810749054,0.949114203453064,0, Yes,b3e2847a976ab3edeb6114e81bab583a840aebde98d863b842c638eacee1477e
amouyal:12,set_13,gp,simple,prob,neutral_rev_repair_prefill,Yes,0.004511266015470028,0.983678936958313,0, No,d550d0836b3f77007ff6cf369bf6a9b4061c973449f0bbb9e7ad008781e1dfce
amouyal:13,set_13,gp,lingering,prob,neutral_rev_repair_prefill,No,0.0002189728693338111,0.9949785470962524,1, No,10e72cf72eccd2e7c9cf3222f6834b652824a1c1f4f660934f181bd6bba7d19e
amouyal:14,set_13,non_gp,simple,prob,neutral_rev_repair_prefill,Yes,0.9625739455223083,0.9129746556282043,1, Yes,20a4d13f0481126105265b8e1a15324fe93590abb0081d6ae5c9da5ff5744bb7
amouyal:15,set_13,non_gp,lingering,prob,neutral_rev_repair_prefill,No,0.008577508851885796,0.9712985157966614,1, No,2654a1884e97ee3e1bc1e74fff9e3ec2721b55f1c5c1ed216242df5586301e18
amouyal:16,set_14,gp,simple,prob,neutral_rev_repair_prefill,Yes,0.00036997190909460187,0.9982887506484985,0, No,988d46ab1b86982f13259810be82ed73af8176161d46b323e3fa8ebac69137a8
amouyal:17,set_14,gp,lingering,prob,neutral_rev_repair_prefill,No,7.276813266798854e-05,0.9990943670272827,1, No,db3542a4cb4063a88e8d2cf21a028071918fb95dc7f3b875d18179092847f555
amouyal:18,set_14,non_gp,simple,prob,neutral_rev_repair_prefill,Yes,0.01264489907771349,0.9864186644554138,0, No,5785e2cbc5d375ee8a9b31548eeae48aa22b3e18326d052da4a6ec0824a31a56
amouyal:19,set_14,non_gp,lingering,prob,neutral_rev_repair_prefill,No,2.7354177291272208e-05,0.9985005259513855,1, No,ed23ecfdd65a9a5e1a9880b87be88d1ba3d1889cf3a1d6a6a91a6a4354858bae
amouyal:20,set_15,gp,simple,prob,neutral_rev_repair_prefill,Yes,0.8630968332290649,0.8529626131057739,1, Yes,e7d00428b1482456b27ce9bf18f37702d604d41be3d99c33942689ec47b24578
amouyal:21,set_15,gp,lingering,prob,neutral_rev_repair_prefill,No,0.13391998410224915,0.9213783740997314,1, No,17710ad466e0120a3d4419aae5d22ffba52bdcf16605763d845c6a7ee82e9ca6
amouyal:22,set_15,non_gp,simple,prob,neutral_rev_repair_prefill,Yes,0.9972789287567139,0.8962886333465576,1, Yes,e1d29944ba09c1fe9679a823238550da83826575facf64f5578df486de5cfea5
amouyal:23,set_15,non_gp,lingering,prob,neutral_rev_repair_prefill,No,0.9411776661872864,0.9277860522270203,0, Yes,227f56d2b0ad8858a8d08b1251ca2611915e055a251a16fdbd48f55f9b74feaf
amouyal:24,set_16,gp,simple,prob,neutral_rev_repair_prefill,Yes,0.13737893104553223,0.9627016186714172,0, No,84d684cad6edb31a157eb0921a9206a3589b1fadd0392ee6a60768fd77dc1673
amouyal:25,set_16,gp,lingering,prob,neutral_rev_repair_prefill,No,0.01536832470446825,0.9943677186965942,1, No,4e2594d74a39468689a0c2a93adaa12a4d38b474d62ba067de0694a4afe6d42c
amouyal:26,set_16,non_gp,simple,prob,neutral_rev_repair_prefill,Yes,0.999358594417572,0.9475279450416565,1, Yes,041a3f9f872e37473d19e1f78a26aacfd7b6a4d93755f23cef549668037b8c0d
amouyal:27,set_16,non_gp,lingering,prob,neutral_rev_repair_prefill,No,0.9789411425590515,0.9441142678260803,0, Yes,3aed0bca77a913eba9681e7c06bcfa1941379e4c98781085e9a3722c94b5a533
amouyal:28,set_17,gp,simple,prob,neutral_rev_repair_prefill,Yes,0.013094926252961159,0.9752883315086365,0, No,671b3a3254fae659652a6bc6680814a0a3bb2fd0899e24a7fb28572dc535199c
amouyal:29,set_17,gp,lingering,prob,neutral_rev_repair_prefill,No,0.07332448661327362,0.9636754393577576,1, No,9de01049620461cdb720f3d4e6fd8181f4fdaa99766c3212a81136f83dccfbad
amouyal:30,set_17,non_gp,simple,prob,neutral_rev_repair_prefill,Yes,0.9947914481163025,0.9537732601165771,1, Yes,5bead19a9c2451d1884ea25b7dbb5c709544516c8118c5362b65963fe70e1870
amouyal:31,set_17,non_gp,lingering,prob,neutral_rev_repair_prefill,No,0.0006251111626625061,0.9880154728889465,1, No,5f8c5fceb33d3a752cc44923499ca5a2d11355687417a1ac7551231351f75d57
amouyal:32,set_18,gp,simple,prob,neutral_rev_repair_prefill,Yes,0.14470212161540985,0.9710095524787903,0, No,cf24d0cc412f90b8c094619ac06c5b9ba1e4e8a5227bb4e78f381251c440218f
amouyal:33,set_18,gp,lingering,prob,neutral_rev_repair_prefill,No,0.00028807035414502025,0.9978579878807068,1, No,6d55ff1e06547fe44643df0e744e609b4147e88e229bd169773603468900ac00
amouyal:34,set_18,non_gp,simple,prob,neutral_rev_repair_prefill,Yes,0.9910287857055664,0.9594599008560181,1, Yes,7ac27b3564a4c3d9044d4c4f922a6da591419af876df94196274cc9379797bf4
amouyal:35,set_18,non_gp,lingering,prob,neutral_rev_repair_prefill,No,0.5233412981033325,0.892224907875061,0, Yes,25561d2a88f31c9b6d6bd5e2a30e8ead591d61f36787588bcb7cb22ea331c2a9
amouyal:36,set_19,gp,simple,prob,neutral_rev_repair_prefill,Yes,0.821426272392273,0.9331983327865601,1, Yes,c4f1a27cca299f338d71f55429f4f2ab85b6a87cee10a602b399dc0c003e87ce
amouyal:37,set_19,gp,lingering,prob,neutral_rev_repair_prefill,No,0.001609344151802361,0.9917313456535339,1, No,15340570bbf40bb18efe2ea4a95a79bf27a2456afe6e0ed253061fe67fdb40a1
amouyal:38,set_19,non_gp,simple,prob,neutral_rev_repair_prefill,Yes,0.9965881109237671,0.9393904805183411,1, Yes,e0fd3ee00c19981cfd0b4fa4a569d5119e60cde016512cfa105cd151f8daccd5
amouyal:39,set_19,non_gp,lingering,prob,neutral_rev_repair_prefill,No,0.995844304561615,0.9617522358894348,0, Yes,ebdef2acc2c3215c27b243c9852699721fc52282d0cf69421195006b9b672ab1
amouyal:40,set_20,gp,simple,prob,neutral_rev_repair_prefill,Yes,0.004303893074393272,0.9950991272926331,0, No,531e7167830c2fa42b66034fb3737b713905b9d9ab7b22412a811c5f55140b35
amouyal:41,set_20,gp,lingering,prob,neutral_rev_repair_prefill,No,0.0002556469989940524,0.9980647563934326,1, No,41ac8f25de8b76ffa8fd9073b687ecbc64a381c2444f5230c08528cd20571819
amouyal:42,set_20,non_gp,simple,prob,neutral_rev_repair_prefill,Yes,0.9930992722511292,0.9697244763374329,1, Yes,557aa910584f64d3fc4211f88fec68976b593883d83a9c7dd02ea4f7d0dbb8e9
amouyal:43,set_20,non_gp,lingering,prob,neutral_rev_repair_prefill,No,0.00010022264905273914,0.9965552091598511,1, No,95165dcfd21e00a2782be4a8b760a95360ae0d4e3c738be03e0055e39b303518
amouyal:44,set_21,gp,simple,prob,neutral_rev_repair_prefill,Yes,0.004944767337292433,0.9863958954811096,0, No,551e455956e90ca4ee1218f79e8325e6a2b99a36d845285e24354d5be8afef72
amouyal:45,set_21,gp,lingering,prob,neutral_rev_repair_prefill,No,0.000680274679325521,0.99530029296875,1, No,c7b0dc34cdc043d99f82627a95ccda47d761674a67e4b6d0b42ce127d9a0c173
amouyal:46,set_21,non_gp,simple,prob,neutral_rev_repair_prefill,Yes,0.9972357153892517,0.9458342790603638,1, Yes,5f24a0d8a325319c1200e3398c282f6c4aba4e55d470577206c3d7e338e0dde7
amouyal:47,set_21,non_gp,lingering,prob,neutral_rev_repair_prefill,No,0.6610479354858398,0.8506428003311157,0, Yes,6c278125b01f52fb8d32ea6cff3df85c8b3661f9bf5797f8e2717f5f40935166
amouyal:48,set_22,gp,simple,prob,neutral_rev_repair_prefill,Yes,0.9948177933692932,0.9470216035842896,1, Yes,5cba1cc000e28d3ce45931133be3b5a0243b1836bf536db0ec9349b9e5a99a0c
amouyal:49,set_22,gp,lingering,prob,neutral_rev_repair_prefill,No,0.5528345704078674,0.9309881329536438,0, Yes,d1660e748d1d0a1f84699b770bc641a425276a0c8f1e4612b460ab4c86bda4ff
amouyal:50,set_22,non_gp,simple,prob,neutral_rev_repair_prefill,Yes,0.9987315535545349,0.9477246403694153,1, Yes,e15676027fa3edde8d100f812582f6d8bdfbf92135b689d5d101245962a0560a
amouyal:51,set_22,non_gp,lingering,prob,neutral_rev_repair_prefill,No,0.11579775810241699,0.9630215764045715,1, No,fcfb6b3ff9030e71dc6100c78fb309f76e9003b8c72e0e59ed07703621675221
amouyal:52,set_23,gp,simple,prob,neutral_rev_repair_prefill,Yes,0.011855728924274445,0.9669552445411682,0, No,1d54afb6cc89544f60ea3bc21c7e6207352a8167c52259f098f6acdb6adf2a79
amouyal:53,set_23,gp,lingering,prob,neutral_rev_repair_prefill,No,0.001710015581920743,0.9920691251754761,1, No,58de3fc065f9e870bb6dec014683e5d13d2ac4e31150a9a4ee5da3d341723a54
amouyal:54,set_23,non_gp,simple,prob,neutral_rev_repair_prefill,Yes,0.9925205111503601,0.9113768339157104,1, Yes,0b50ec3fd0d717130ce888b6a09764084e4cc14aa629f1a3e7d73bee3ac44bb0
amouyal:55,set_23,non_gp,lingering,prob,neutral_rev_repair_prefill,No,0.12672153115272522,0.9276720285415649,1, No,f8d9adc9b3cbcf7ed5b9212462966f713d8b5725554762beec48001dd5fe056a
amouyal:56,set_24,gp,simple,prob,neutral_rev_repair_prefill,Yes,0.0493566170334816,0.9578391909599304,0, No,78e1006f4de7f1aee13e482e7b1f0befee32a2e8a3876bab888132c02e6a0fa4
amouyal:57,set_24,gp,lingering,prob,neutral_rev_repair_prefill,No,3.6139896110398695e-05,0.9977588653564453,1, No,1548bd40cba25661cd495aca80a352712135d33375bc97916cfb51006c8fa29c
amouyal:58,set_24,non_gp,simple,prob,neutral_rev_repair_prefill,Yes,0.9730165600776672,0.9255866408348083,1, Yes,ce16f36cef8484490a3fab5100a95d3ea4f781cd12558f45d3e2ebd54090d507
amouyal:59,set_24,non_gp,lingering,prob,neutral_rev_repair_prefill,No,3.5213788578403182e-06,0.995744526386261,1, No,9696b65090992a9b989d2d04d208f7b2f2242fb2c80737e2b22a0e05274148e0
amouyal:60,set_25,gp,simple,prob,neutral_rev_repair_prefill,Yes,0.8938201665878296,0.816102147102356,1, Yes,b00989eee82470e11f7b4a3a27d57c962ff51709d419659b1c6288e3a232fdc9
amouyal:61,set_25,gp,lingering,prob,neutral_rev_repair_prefill,No,0.02011140249669552,0.9605403542518616,1, No,636884bfb20e414e06338b560e7e303705da725f5c0ff9ad797e9ff2d1cc8511
amouyal:62,set_25,non_gp,simple,prob,neutral_rev_repair_prefill,Yes,0.9569778442382812,0.89495450258255,1, Yes,44b1ac8b74a88019fd3663a9348e0af775e9451fac1ee7f25a8069d1b991149d
amouyal:63,set_25,non_gp,lingering,prob,neutral_rev_repair_prefill,No,0.14386360347270966,0.9160602688789368,1, No,e7e72096ca1c91f118a3500e607645b7a576847b9a5e033af111ea698d1d8c22
amouyal:64,set_26,gp,simple,prob,neutral_rev_repair_prefill,Yes,0.6932899355888367,0.8361244797706604,1, Yes,452eba1a116bd4ecaca6d37f26b1f781db36ab7d2f1ccb609c05912175c881df
amouyal:65,set_26,gp,lingering,prob,neutral_rev_repair_prefill,No,4.519038338912651e-05,0.9949442744255066,1, No,665a87c0988d285f9051cfeb296889823d902c6e0b06b161a37395487cc6b7e0
amouyal:66,set_26,non_gp,simple,prob,neutral_rev_repair_prefill,Yes,0.9481697082519531,0.9454798102378845,1, Yes,ed2d3d157bc37e334a3f76f26d4e5b0277c1e91c9feed3661d10dbbe5304d553
amouyal:67,set_26,non_gp,lingering,prob,neutral_rev_repair_prefill,No,0.09857919812202454,0.904861330986023,1, No,a414c8f3bed7def82ca9cdd9fd03435f2ff1201ddf2e1855e3ae1e5ed1313b95
amouyal:68,set_27,gp,simple,prob,neutral_rev_repair_prefill,Yes,0.987813413143158,0.9459879994392395,1, Yes,61a62d76369138fd96a7535e314fd16f98c1dee3a7e27ad5116cbe1cdc41fb38
amouyal:69,set_27,gp,lingering,prob,neutral_rev_repair_prefill,No,0.4575411081314087,0.9117690324783325,1, No,f47eb2b88d0e9b9b457ac4c5bdb7d5629bac0bf6d6f09dc56d9345db98afe24e
amouyal:70,set_27,non_gp,simple,prob,neutral_rev_repair_prefill,Yes,0.9985811114311218,0.9383659362792969,1, Yes,3687a5fdea72c266bc8c519dc1abaacb581b574e0d75e36cb71d51b66c6ebd0e
amouyal:71,set_27,non_gp,lingering,prob,neutral_rev_repair_prefill,No,0.9655432105064392,0.9220960736274719,0, Yes,6bcf6b801658924b2f34a168fb18fdb1963d7c1aca532e937f60dac335efddb0
amouyal:72,set_28,gp,simple,prob,neutral_rev_repair_prefill,Yes,0.004219620954245329,0.9842091798782349,0, No,143208ed90afe7db0af7b8f233cbb6f22c60de9ff934374b734d879ef99a0c87
amouyal:73,set_28,gp,lingering,prob,neutral_rev_repair_prefill,No,0.0002505875891074538,0.9944948554039001,1, No,8bd4ce5ec4af1ef61fb33db1758e5ff0218c66009057de62bbcd87185d6cb428
amouyal:74,set_28,non_gp,simple,prob,neutral_rev_repair_prefill,Yes,0.9744654893875122,0.9348746538162231,1, Yes,5f21929f5a10bb1ba6123b876b7dda1cd1c3fffe168fef6c568c2cbcfa6d340d
amouyal:75,set_28,non_gp,lingering,prob,neutral_rev_repair_prefill,No,0.6477131843566895,0.9207533597946167,0, Yes,6eaa2869025e292e2e5267b8f965a18a05b00327300fe7befeeb52fe51877fc1
amouyal:76,set_29,gp,simple,prob,neutral_rev_repair_prefill,Yes,0.8838077187538147,0.8221838474273682,1, Yes,41d7bd93759ef6a249fa46b675de73341ee5421d04bad724a802f1c703a1db70
amouyal:77,set_29,gp,lingering,prob,neutral_rev_repair_prefill,No,0.025006897747516632,0.9515397548675537,1, No,be834650867763cf677a6961c3628a3cb97db40f334cd611622c3df8a817dc48
amouyal:78,set_29,non_gp,simple,prob,neutral_rev_repair_prefill,Yes,0.994960367679596,0.8821405172348022,1, Yes,7dbad3434cbc41cecf863ceef88781071fb44502d9fff57a74437fe0613375cb
amouyal:79,set_29,non_gp,lingering,prob,neutral_rev_repair_prefill,No,0.9133564233779907,0.884737491607666,0, Yes,8722a35dfd213fa49c73faf4ff9328f2483c6b2c2907fb63651b1b45f561ef0c
amouyal:80,set_30,gp,simple,prob,neutral_rev_repair_prefill,Yes,0.969090461730957,0.9445356726646423,1, Yes,66f24b73987a715094cd149dae53c9df94d5d329f7cb14d3d84719e081d64f37
amouyal:81,set_30,gp,lingering,prob,neutral_rev_repair_prefill,No,0.04285801947116852,0.9641027450561523,1, No,a43e72e0cd81b707b228a68fcf242ef4973676f336b014580974776d4a798104
amouyal:82,set_30,non_gp,simple,prob,neutral_rev_repair_prefill,Yes,0.9956163763999939,0.9566273093223572,1, Yes,336a1494faee7ba42d6626a9074239e47ac4d9ffcec6835591fbecd17332f2af
amouyal:83,set_30,non_gp,lingering,prob,neutral_rev_repair_prefill,No,0.9955140352249146,0.9569605588912964,0, Yes,90472c626b2ffe9ea941a7626b7580baa229742869f7aaf8724f1a1825aeb838
amouyal:84,set_31,gp,simple,prob,neutral_rev_repair_prefill,Yes,0.004100478254258633,0.9797946214675903,0, No,6211d6aa71259589db6540e672201cb157cc3a1f84135a57d330f96b07445da4
amouyal:85,set_31,gp,lingering,prob,neutral_rev_repair_prefill,No,0.00025958489277400076,0.9925974607467651,1, No,7fd21994c996bebe9f7c87561be2469c5a43178d82964fd082f48d8497d36c24
amouyal:86,set_31,non_gp,simple,prob,neutral_rev_repair_prefill,Yes,0.9146909713745117,0.9417352676391602,1, Yes,30bb3bae77966d3fcbcbae81f23f2706d840ef77d53a362ba3f3ae3d067d3142
amouyal:87,set_31,non_gp,lingering,prob,neutral_rev_repair_prefill,No,0.2797054946422577,0.9051674604415894,1, No,93b59566ee0f8b3670afb16a93346d374a639cfb3c2867d5f88485bab3761299
amouyal:88,set_32,gp,simple,prob,neutral_rev_repair_prefill,Yes,0.044137828052043915,0.939898669719696,0, No,a599bc63b5825c258051b848584c5e4a0bb787ef2aeadc947d7c911b041b0507
amouyal:89,set_32,gp,lingering,prob,neutral_rev_repair_prefill,No,1.595085814187769e-05,0.9952914118766785,1, No,86e968f66735f04c62c85a8aa863dab077a2f3c1e27fb44ec94d9af976a5c99f
amouyal:90,set_32,non_gp,simple,prob,neutral_rev_repair_prefill,Yes,0.9772417545318604,0.9258664846420288,1, Yes,f2f43211cbe38ce4b7b9056c4d6729be1557a0bb761dca29dafe873b343214a6
amouyal:91,set_32,non_gp,lingering,prob,neutral_rev_repair_prefill,No,0.05325029417872429,0.9327358603477478,1, No,4112b0cd1b3d98f09bd28896cd2581bc767d4db5bf041570baf7c043ca9b8379
amouyal:92,set_33,gp,simple,prob,neutral_rev_repair_prefill,Yes,0.0020176004618406296,0.9880996942520142,0, No,535d28430dce26d719751916b40e085deec713a57afabcd03941ef899b5b7576
amouyal:93,set_33,gp,lingering,prob,neutral_rev_repair_prefill,No,0.00041017206967808306,0.997806966304779,1, No,43c0000d9ed3b2787e5bf909726d3e3ab3210bd2371e2072a5e29bf83da35d3c
amouyal:94,set_33,non_gp,simple,prob,neutral_rev_repair_prefill,Yes,0.9956927299499512,0.9291196465492249,1, Yes,c6dea91826836dd48ff06e1afb98d713f835b290d64a88f0df8224b5508d4973
amouyal:95,set_33,non_gp,lingering,prob,neutral_rev_repair_prefill,No,0.11555783450603485,0.9446590542793274,1, No,f6f60ba68a4cd4fa1ab81de086b00dd092069cf2f1d23fb8443e1dfff3ed8a84
amouyal:96,set_34,gp,simple,prob,neutral_rev_repair_prefill,Yes,0.43975555896759033,0.8720678091049194,0, No,2b116dad02ba8f1b2d4148de38bc76a701dafd73ae2452505faba2628c094117
amouyal:97,set_34,gp,lingering,prob,neutral_rev_repair_prefill,No,9.324557322543114e-05,0.9972991347312927,1, No,a1b300a0efebac00a8408b46eda6120665e2d901cefdd5abbb4ebad22c124480
amouyal:98,set_34,non_gp,simple,prob,neutral_rev_repair_prefill,Yes,0.9907392859458923,0.9400654435157776,1, Yes,d35ad11db5d76271f63fd0098e58c5c91caac5b5c94543b242729156146d39d9
amouyal:99,set_34,non_gp,lingering,prob,neutral_rev_repair_prefill,No,0.8855230212211609,0.923222005367279,0, Yes,20106df3671b5f9f034f63e203af491b23918161c96c044f586c577825b59b11
amouyal:100,set_35,gp,simple,prob,neutral_rev_repair_prefill,Yes,0.00030612837872467935,0.996945858001709,0, No,54cef84ded8585960af38d13df7772d60c3703d139125b706a0862e088d43895
amouyal:101,set_35,gp,lingering,prob,neutral_rev_repair_prefill,No,9.045474871527404e-05,0.9972801804542542,1, No,7b75821332f7eb31eeb46c71c8775bd756fd36abfe59edca54cc384d9c6203a1
amouyal:102,set_35,non_gp,simple,prob,neutral_rev_repair_prefill,Yes,0.9303691387176514,0.8985280394554138,1, Yes,01f7c87e0062ff879d30dde56e3046361b14a08ba666c381799b5739fa284583
amouyal:103,set_35,non_gp,lingering,prob,neutral_rev_repair_prefill,No,0.04553181678056717,0.9583992958068848,1, No,cf8b62c6c9cd778f28ca4bdb180c8ff64e833633b16fcd7cd1db6e466363e109
amouyal:104,set_36,gp,simple,prob,neutral_rev_repair_prefill,Yes,0.034289516508579254,0.9654120206832886,0, No,b72f13f0e363b4e35911b0cae1ab70840558b732ff966e60a039bdf4d46f2e5c
amouyal:105,set_36,gp,lingering,prob,neutral_rev_repair_prefill,No,0.00032551432377658784,0.9944198727607727,1, No,bcd30efc0bf09f4cbc4c73515a688d97242ea69c0896a4c56427f0eb1b325614
amouyal:106,set_36,non_gp,simple,prob,neutral_rev_repair_prefill,Yes,0.9937474131584167,0.9270672798156738,1, Yes,0104451723870caa2dcc082b51a70065ab45c76f08993ab369d138a6dbb308e6
amouyal:107,set_36,non_gp,lingering,prob,neutral_rev_repair_prefill,No,0.1156788021326065,0.919952392578125,1, No,44e6f57048cb4a0f6cfc0211a83eb99c0a1042619dbf90d18317e46cd1064942
amouyal:108,set_37,gp,simple,prob,neutral_rev_repair_prefill,Yes,0.0011558275436982512,0.995842456817627,0, No,89ec4907b6daeef434087c9bcaa54d5c92ec7c4c8656f499a5f701da39e0a222
amouyal:109,set_37,gp,lingering,prob,neutral_rev_repair_prefill,No,5.138194319442846e-05,0.9970437288284302,1, No,6c86d5f5ace9a64e41795163da1daece3a79dd4d5590d3f62ada1e63df58b73b
amouyal:110,set_37,non_gp,simple,prob,neutral_rev_repair_prefill,Yes,0.09650436043739319,0.976122260093689,0, No,8e781875cbad987bb931a2f89602371d5c77957d2c690d94a5898bbe8de3825b
amouyal:111,set_37,non_gp,lingering,prob,neutral_rev_repair_prefill,No,0.0037365304306149483,0.9770960807800293,1, No,bb97a51302cc2a8203acf7a074fa5b7ce669e8e2b5c433ee02b8722eb4817f3b
amouyal:112,set_38,gp,simple,prob,neutral_rev_repair_prefill,Yes,0.0009706357377581298,0.9968143105506897,0, No,ecf23727559b714bea6061447a375350de7625f9b60c546282c6dc826bcdb12f
amouyal:113,set_38,gp,lingering,prob,neutral_rev_repair_prefill,No,0.004256440792232752,0.9952715039253235,1, No,364290636e0848ce47458c404aa3a7f0b6462776a968b06bc945654f563e48fa
amouyal:114,set_38,non_gp,simple,prob,neutral_rev_repair_prefill,Yes,0.7448974251747131,0.8924015760421753,1, Yes,110f3750d69dd085c9f96fdb4bdcc94acdeb692ae7e318deba43eb9f5aaf508a
amouyal:115,set_38,non_gp,lingering,prob,neutral_rev_repair_prefill,No,5.922636773902923e-05,0.998737096786499,1, No,73efc6a7f57b60e7a86582bf2dc1f7ea163c87fdbe9d6712e48749b719eee4a8
amouyal:116,set_39,gp,simple,prob,neutral_rev_repair_prefill,Yes,0.011458108201622963,0.99430251121521,0, No,0bdb784c11fcf7863e77c4bc9131e39848f492cf7c8c171ee2b5cc0deadecbdf
amouyal:117,set_39,gp,lingering,prob,neutral_rev_repair_prefill,No,0.0005177462589927018,0.9979895949363708,1, No,dbc2eb0333d7277ec1a1e70bcf1ddfc853169a0a0d7cd74a18e56bb6113af254
amouyal:118,set_39,non_gp,simple,prob,neutral_rev_repair_prefill,Yes,0.9983211159706116,0.9845504760742188,1, Yes,1314caee8bbebbbe35c45d02a32d685e76eaa3d6634cbefbb91d155d0743ff58
amouyal:119,set_39,non_gp,lingering,prob,neutral_rev_repair_prefill,No,0.39616093039512634,0.9674971103668213,1, No,263d1acedf5edf55746e3b950bb5330cbc4fc7cbc7711a4bcf9f6413f3fa07b1
amouyal:120,set_40,gp,simple,prob,neutral_rev_repair_prefill,Yes,0.006772570312023163,0.9927703738212585,0, No,3300f49eca106096f5ab25a1a04c15686356ee1fdc5f4fed0e10bd6ad3b75ed8
amouyal:121,set_40,gp,lingering,prob,neutral_rev_repair_prefill,No,0.00011656799324555323,0.9988151788711548,1, No,0558321dc124626a8512096544b9fa10fa73b8e4b1bf8303ba3f1ee16a2ccf21
amouyal:122,set_40,non_gp,simple,prob,neutral_rev_repair_prefill,Yes,0.5613250136375427,0.945493757724762,1, Yes,cea6196ce1be1c3559716f09930fb2e4405315d1dfef1cb32751f6116cf4b68c
amouyal:123,set_40,non_gp,lingering,prob,neutral_rev_repair_prefill,No,0.009590869769454002,0.9899423122406006,1, No,f9a556780f70cf68912a175fb88c3cbe11c79e686abd3885394f7e66ce833c9d
amouyal:124,set_41,gp,simple,prob,neutral_rev_repair_prefill,Yes,0.08998576551675797,0.9656526446342468,0, No,ce1d97d214f508b73b885b15895eac08e202731d1448cc7cb4e692f87c9765c7
amouyal:125,set_41,gp,lingering,prob,neutral_rev_repair_prefill,No,0.00012606104428414255,0.9978435039520264,1, No,66302724d34d28c362c82077e10ff50e123004b73ecbc3d517a4dd24bfcf1a1a
amouyal:126,set_41,non_gp,simple,prob,neutral_rev_repair_prefill,Yes,0.9980719089508057,0.9576560258865356,1, Yes,79b7b4aa71e2dd4513abd480b0a8d4e647f6424a636b3f142e69ff58089a43ed
amouyal:127,set_41,non_gp,lingering,prob,neutral_rev_repair_prefill,No,0.9792614579200745,0.9595946669578552,0, Yes,71405bf2f4ecdfb0fd4588feede35dd4812c58d6251e6d610fefb8880a006d05
amouyal:128,set_42,gp,simple,prob,neutral_rev_repair_prefill,Yes,0.9701116681098938,0.9365450739860535,1, Yes,7a584e36158fe102fdaba5af4bf354bf7385432a26cc8bdda31a22b2d2475fba
amouyal:129,set_42,gp,lingering,prob,neutral_rev_repair_prefill,No,0.002588423201814294,0.9948330521583557,1, No,1eeeb25ce25c781936820fe49819f9165ecbb19bdc91326131d0827888f5f6c8
amouyal:130,set_42,non_gp,simple,prob,neutral_rev_repair_prefill,Yes,0.998940110206604,0.9630125761032104,1, Yes,2a3a955e89348d37bfdd0dd79e83eff8ea765d2f0246ee237b95a8f22867769f
amouyal:131,set_42,non_gp,lingering,prob,neutral_rev_repair_prefill,No,0.014902990311384201,0.9813401103019714,1, No,d969b719e63edf649cfbfedc024ee8d870f182553996b28946659c924f35056d
amouyal:132,set_43,gp,simple,prob,neutral_rev_repair_prefill,Yes,0.7470415830612183,0.9246890544891357,1, Yes,6d0bdc115abdf8113af8c0fca0dce78ba2d77964d67b11e521d36f16447a952a
amouyal:133,set_43,gp,lingering,prob,neutral_rev_repair_prefill,No,0.00014795074821449816,0.9960116147994995,1, No,5f0951bb7352063521410910c9c03003075fae4370de4c7da6c32566d784bd94
amouyal:134,set_43,non_gp,simple,prob,neutral_rev_repair_prefill,Yes,0.9936287999153137,0.9642309546470642,1, Yes,a8dbc0ba7767fa167d69893c61eee160e04af53268ec8ab20116f3ba37f8a09a
amouyal:135,set_43,non_gp,lingering,prob,neutral_rev_repair_prefill,No,0.9628157615661621,0.9285613298416138,0, Yes,e9d55ae574d7ab9c8fe9efd3e3ed0d70dd476c11abf0f03c7ba2505bf6bdd732
amouyal:136,set_44,gp,simple,prob,neutral_rev_repair_prefill,Yes,0.0007626594742760062,0.997837483882904,0, No,ffeb2508fe6bcd192708e3e673fd3883c125ec7237a484054039c17aa069571c
amouyal:137,set_44,gp,lingering,prob,neutral_rev_repair_prefill,No,9.372892236569896e-05,0.9993905425071716,1, No,1914c1a9f8842f821e5aff73d1500938cbbdbecf126abb65a4f30c9294400698
amouyal:138,set_44,non_gp,simple,prob,neutral_rev_repair_prefill,Yes,0.0023720439057797194,0.9959042072296143,0, No,13c167c0e51afb25bdeec40188d2bf1c964d987befb79000ce22847e4298b522
amouyal:139,set_44,non_gp,lingering,prob,neutral_rev_repair_prefill,No,0.00012564433563966304,0.9990395307540894,1, No,d81ef983ee91fcbdd163bb1bdb009cc4012441fcbd4bc09d139b227c2f921d93
amouyal:140,set_45,gp,simple,prob,neutral_rev_repair_prefill,Yes,0.0023457608185708523,0.98951256275177,0, No,ceddca710b5de5c70235f9b2715afdc53305b386d5fa7fbedb48ab9b528308df
amouyal:141,set_45,gp,lingering,prob,neutral_rev_repair_prefill,No,0.0003129548276774585,0.9944187998771667,1, No,1db5e7b3948b48ef60346a93bd8a7895a83ce159565089bc019ac239913223d3
amouyal:142,set_45,non_gp,simple,prob,neutral_rev_repair_prefill,Yes,0.9368352890014648,0.9339537024497986,1, Yes,86b2500e858c6d332c7e11f47854e26289f4c6f18eebd974944bbebe04d3ed14
amouyal:143,set_45,non_gp,lingering,prob,neutral_rev_repair_prefill,No,0.9543368816375732,0.9083348512649536,0, Yes,f6cbfbea94f40a76348144297ee4db41a65e81b5f4a3a329b4da55a7ad17b9ea
amouyal:144,set_hyp5_1,non_gp,simple,reflexive,neutral_rev_repair_prefill,Yes,0.9841090440750122,0.9642207622528076,1, Yes,038a4523cda848567bd55559babaef8eb1f65c7c21abdb6dba0f2418d57eb544
amouyal:145,set_hyp5_1,non_gp,lingering,reflexive,neutral_rev_repair_prefill,No,0.9483497738838196,0.9467324018478394,0, Yes,89d2a3f08ad17d4a316873ba3e44c5d15ceaad43c3c24a9322c23397b573b438
amouyal:146,set_hyp5_2,non_gp,simple,reflexive,neutral_rev_repair_prefill,Yes,0.9921432137489319,0.9451698660850525,1, Yes,35baebd127fbcae82b55ce6066b6e107a809095cb7f248e81dac30c2b07c89d8
amouyal:147,set_hyp5_2,non_gp,lingering,reflexive,neutral_rev_repair_prefill,No,8.582035775361874e-07,0.9977716207504272,1, No,154efdcc8a3714a23cdec7664b8e81cdfc69e097935282f0f93a112a4d95eb92
amouyal:148,set_hyp5_3,non_gp,simple,reflexive,neutral_rev_repair_prefill,Yes,0.9763906598091125,0.9612777829170227,1, Yes,0fe0db6bcb8a2719220a5078d471b4c915280028da0a4ad002bed97dde338e05
amouyal:149,set_hyp5_3,non_gp,lingering,reflexive,neutral_rev_repair_prefill,No,0.0002636313147377223,0.9914402365684509,1, No,9a07e8305ce9aa013a67f3f4f4eb5dd2b3c5bfebb7e8d0ae25af21753c277758
amouyal:150,set_hyp5_4,non_gp,simple,reflexive,neutral_rev_repair_prefill,Yes,0.9847047924995422,0.9267413020133972,1, Yes,0ef4e3bca8211f92b046ceb578623618f652f4ae08d0671ba1e3ef1deeaf966f
amouyal:151,set_hyp5_4,non_gp,lingering,reflexive,neutral_rev_repair_prefill,No,0.0030004617292433977,0.9836820363998413,1, No,da289daf8e664086ae37dbb82a70e566ef560c461bf9ca5580d68aad216dc6a8
amouyal:152,set_hyp5_5,non_gp,simple,reflexive,neutral_rev_repair_prefill,Yes,0.9992099404335022,0.9371539354324341,1, Yes,2190a56a7574de00d916720d9320347cb845fe9454e088dc395a77768069996d
amouyal:153,set_hyp5_5,non_gp,lingering,reflexive,neutral_rev_repair_prefill,No,0.03381030634045601,0.9618553519248962,1, No,56dedef2b3ca9dca6083fe304b5da4987ff92f46ed3bdd19dc8f43390dae21f2
amouyal:154,set_hyp5_6,non_gp,simple,reflexive,neutral_rev_repair_prefill,Yes,0.925875186920166,0.8915842771530151,1, Yes,aa0e0d1f75ede5d929ee6f786c0bbfc69570a87756cd9165649f09fec913a97c
amouyal:155,set_hyp5_6,non_gp,lingering,reflexive,neutral_rev_repair_prefill,No,0.0008529162732884288,0.9730460047721863,1, No,9e3baf1348652b35dae9b4339bf5bf7a3ecbb4cfd28abfd79cfa0e04a6f263cd
amouyal:156,set_hyp5_7,non_gp,simple,reflexive,neutral_rev_repair_prefill,Yes,0.9942761063575745,0.9547401070594788,1, Yes,03295709a24bbcf07d82475da91a400948f68ea80da032f3f5612e68d0a02050
amouyal:157,set_hyp5_7,non_gp,lingering,reflexive,neutral_rev_repair_prefill,No,0.0019747992046177387,0.9893859624862671,1, No,5bb81b6b76f55b9ed82e5811165f6249cff4e3baea275982bec6be245357ce5b
amouyal:158,set_hyp5_8,non_gp,simple,reflexive,neutral_rev_repair_prefill,Yes,0.964950442314148,0.9591043591499329,1, Yes,2746db910549e479d5975bf813b51e23c66f2fe03e5a5908d9085d9a66e85ece
amouyal:159,set_hyp5_8,non_gp,lingering,reflexive,neutral_rev_repair_prefill,No,0.02565889246761799,0.9839277863502502,1, No,7a118fa0a5207b952f0e296a45f29f4b643f1992f1e099fc6eb99b69c9d13d40
amouyal:160,set_hyp5_9,non_gp,simple,reflexive,neutral_rev_repair_prefill,Yes,0.9817559719085693,0.9288008213043213,1, Yes,1dd5333c3f80b2e532eb4d475882fcb97347479c590faa1ae8fad9249d50ef00
amouyal:161,set_hyp5_9,non_gp,lingering,reflexive,neutral_rev_repair_prefill,No,0.731512188911438,0.882870078086853,0, Yes,25abef7e867459878d07d9b79946d0c893c22d983e8be558bb4ce671a27a77d9
amouyal:162,set_hyp5_10,non_gp,simple,reflexive,neutral_rev_repair_prefill,Yes,0.9919029474258423,0.9505826830863953,1, Yes,dc1b0c81ba3858a457141e3ca9dc8a527e493eefd224091bf398137c70dbc8bf
amouyal:163,set_hyp5_10,non_gp,lingering,reflexive,neutral_rev_repair_prefill,No,0.9447032809257507,0.8768986463546753,0, Yes,9dd073e5b7cb84c590900510afe017776f92db903e4c7417f7ed6bf98b851987
amouyal:164,set_hyp5_11,non_gp,simple,reflexive,neutral_rev_repair_prefill,Yes,0.9924216270446777,0.9637167453765869,1, Yes,e696882a3a49f837c37c76eb428dc35c5f97c843b5b8dfba3741a6c1ce8aef3d
amouyal:165,set_hyp5_11,non_gp,lingering,reflexive,neutral_rev_repair_prefill,No,2.565759587014327e-06,0.9966095685958862,1, No,bee1fc51eee86b078c9f7f65608ad533472e54745741f1b1dcda77b9511866ae
amouyal:166,set_hyp5_12,non_gp,simple,reflexive,neutral_rev_repair_prefill,Yes,0.9950729012489319,0.9620981812477112,1, Yes,61620b4787847571cf23e08b048e7a0b3b9b376bf964f2541245246c81f785c8
amouyal:167,set_hyp5_12,non_gp,lingering,reflexive,neutral_rev_repair_prefill,No,0.5028997659683228,0.9608380794525146,0, Yes,cdcd1a2e22f70aa2d3521a0469c404d00db06d3068f3cf7691006591e51248d5
amouyal:168,set_hyp5_13,non_gp,simple,reflexive,neutral_rev_repair_prefill,Yes,0.9909111857414246,0.9597667455673218,1, Yes,80250e3c3a1145b2a063a89b192f1b72267b5a08f74080f398289649c572ca47
amouyal:169,set_hyp5_13,non_gp,lingering,reflexive,neutral_rev_repair_prefill,No,0.02493002451956272,0.9756564497947693,1, No,767d009aa368814910331f04580ea173ff2778bf506d7ce4436b3678d7b10325
amouyal:170,set_hyp5_14,non_gp,simple,reflexive,neutral_rev_repair_prefill,Yes,0.8058529496192932,0.9173551797866821,1, Yes,60ae1f39af5decb20d05ccb1041c104bd40007442fb0e312179a71f3221fe50b
amouyal:171,set_hyp5_14,non_gp,lingering,reflexive,neutral_rev_repair_prefill,No,5.535465243156068e-05,0.9963231086730957,1, No,0631dbeaf8c34acfdbf4fb4914a7341bcebb2a3c1f48608c0cc05f7337432827
amouyal:172,set_hyp5_15,non_gp,simple,reflexive,neutral_rev_repair_prefill,Yes,0.9929633140563965,0.9541392922401428,1, Yes,cf013d35bac12fe151bfeeb279486746aedb92882cbf756fbe555d6cee239398
amouyal:173,set_hyp5_15,non_gp,lingering,reflexive,neutral_rev_repair_prefill,No,2.963912811537739e-05,0.9965613484382629,1, No,dcc2a8396ab9c994f0ba19c9be9cff14cc20cd20b1a4a2653f1ead09aa9aefba
amouyal:174,set_hyp5_16,non_gp,simple,reflexive,neutral_rev_repair_prefill,Yes,0.9848423004150391,0.9219008088111877,1, Yes,66640d1a168ca4313ab43866f3f9fb962a0816eeaf498a00eea61fff6e27878a
amouyal:175,set_hyp5_16,non_gp,lingering,reflexive,neutral_rev_repair_prefill,No,0.0003482954343780875,0.9954043030738831,1, No,f09307a65db0fd9fe145dfe47f497539621d2bace8263d33129e2c0daad43965
amouyal:176,set_hyp5_17,non_gp,simple,reflexive,neutral_rev_repair_prefill,Yes,0.9971217513084412,0.9485757350921631,1, Yes,3597c4c617615e58e6c200481a2f02483d442e36406640a34fe75c4128b35c5e
amouyal:177,set_hyp5_17,non_gp,lingering,reflexive,neutral_rev_repair_prefill,No,0.0012537717120721936,0.9928655624389648,1, No,fd0b3694aaeef3c58cde7ebb7707ae160dc4af706a4793ef263b0dcdd06c35e8
amouyal:178,set_hyp5_18,non_gp,simple,reflexive,neutral_rev_repair_prefill,Yes,9.123336326410936e-07,0.9988840222358704,0, No,d38c1725ebb73693c8e2f605c90cd88933bb417acdd4144c46ad63600f188a45
amouyal:179,set_hyp5_18,non_gp,lingering,reflexive,neutral_rev_repair_prefill,No,0.002274721395224333,0.9934592843055725,1, No,a3145a0ed2b390d83f228407f63c7288da84123559f5c1ccbf2cd94808864835
amouyal:180,set_hyp5_19,non_gp,simple,reflexive,neutral_rev_repair_prefill,Yes,0.9939533472061157,0.9318311214447021,1, Yes,69bfefce4e2a314dcf5e593e1d3482ffa429aa895a9955f325675482c7d7ca96
amouyal:181,set_hyp5_19,non_gp,lingering,reflexive,neutral_rev_repair_prefill,No,0.23894160985946655,0.9405670166015625,1, No,b595573f7ff2af583e36b222f60bb2d82fc3784592f278b2ebb5a3cff1dd8f2a
amouyal:182,set_hyp5_20,non_gp,simple,reflexive,neutral_rev_repair_prefill,Yes,0.27913329005241394,0.9530839323997498,0, No,c8ab57e8374ebf360783395af8d9128da5fbe0563390b1165025a7aad426f572
amouyal:183,set_hyp5_20,non_gp,lingering,reflexive,neutral_rev_repair_prefill,No,0.00011045198334613815,0.9966060519218445,1, No,176dccc19f97b361b5ab56daba317c3ba8331f5d27e578f838411e0e37108b0c
amouyal:184,set_hyp5_21,non_gp,simple,reflexive,neutral_rev_repair_prefill,Yes,0.9344159960746765,0.9454889297485352,1, Yes,d1b703bdbf51b167e5e658497c47ae196e49f9e77f7381ddfb7ff8ea4d55c0dd
amouyal:185,set_hyp5_21,non_gp,lingering,reflexive,neutral_rev_repair_prefill,No,0.36429914832115173,0.933763861656189,1, No,4d853f26ec90cefba232af4882ebcd61b72d26e7624c9366fcb1710a4976ed3c
amouyal:186,set_hyp5_22,non_gp,simple,reflexive,neutral_rev_repair_prefill,Yes,0.9924970865249634,0.970804750919342,1, Yes,0a6b019751617a39683c213978db31b05967252826e5edd142a7df0d17ca914e
amouyal:187,set_hyp5_22,non_gp,lingering,reflexive,neutral_rev_repair_prefill,No,2.716895323828794e-05,0.9972883462905884,1, No,0704902b3777a6ff63673f0904a013b046fc79ea2766f2da387f3ed148ca4c16
amouyal:188,set_hyp5_23,non_gp,simple,reflexive,neutral_rev_repair_prefill,Yes,0.9869426488876343,0.9600779414176941,1, Yes,f41cf05a6aaf11defe660170042a2c6997dcc54c65fbbe36a99bd380ae7b425f
amouyal:189,set_hyp5_23,non_gp,lingering,reflexive,neutral_rev_repair_prefill,No,0.0027277348563075066,0.9963125586509705,1, No,ab2950fbf1b231870c36b1a13142d4323552a5c6a14ef050a4960ecbdb74cd67
amouyal:190,set_hyp5_24,non_gp,simple,reflexive,neutral_rev_repair_prefill,Yes,0.9964012503623962,0.969409167766571,1, Yes,2fcdcccf4f9d5dd38c721a09a3d12346c44d5ee92554cbc85d77b072f14d0568
amouyal:191,set_hyp5_24,non_gp,lingering,reflexive,neutral_rev_repair_prefill,No,0.07370615005493164,0.9806953072547913,1, No,8e496b58330830a610c5fd161edaf502d7767cfa529507af4dfef84cb507d6a7
amouyal:192,set_hyp5_1,gp,simple,reflexive,neutral_rev_repair_prefill,Yes,0.9745011329650879,0.9511817097663879,1, Yes,d66749a69d398519e49d96b24cff6cca2e470f5afbf807a96c9739a3008296c2
amouyal:193,set_hyp5_1,gp,lingering,reflexive,neutral_rev_repair_prefill,No,0.00015225021343212575,0.9943569302558899,1, No,bbaf5c0351323d22127639c7a22683fa7a7dce8a25bf1a8dc94480ab71dd429c
amouyal:194,set_hyp5_2,gp,simple,reflexive,neutral_rev_repair_prefill,Yes,0.744765043258667,0.871506929397583,1, Yes,11859f8b79dea6e2d86507760b084a19277fa20649c4413bd15f4ef1f5bc915b
amouyal:195,set_hyp5_2,gp,lingering,reflexive,neutral_rev_repair_prefill,No,2.1547159121837467e-05,0.9967955946922302,1, No,acd52aad7c1a7be84da878f9b64480cbd0dbe09f6b4def10614f3fc303585b77
amouyal:196,set_hyp5_3,gp,simple,reflexive,neutral_rev_repair_prefill,Yes,0.002096098382025957,0.9887329339981079,0, No,cb4e1d218ac28b81763f3d2795d52ec3a47e32ea7548f32085e5cbec765fd015
amouyal:197,set_hyp5_3,gp,lingering,reflexive,neutral_rev_repair_prefill,No,0.0006567740347236395,0.9921925067901611,1, No,ad54deb9cfde18077fc2980c020693d7349d1465f1bbbc5900a5517934bf6128
amouyal:198,set_hyp5_4,gp,simple,reflexive,neutral_rev_repair_prefill,Yes,0.6251892447471619,0.8817859888076782,1, Yes,898d7e70e0b0fcff80ca3db38429b9a6322789c9a6f2a8157d9ae6f1e22b393d
amouyal:199,set_hyp5_4,gp,lingering,reflexive,neutral_rev_repair_prefill,No,0.00508321076631546,0.9836235046386719,1, No,3064329598ff11d517f41a040025bd651ba5470b118aa7ffbbb02745eb796ac8
amouyal:200,set_hyp5_5,gp,simple,reflexive,neutral_rev_repair_prefill,Yes,0.07122966647148132,0.9609643220901489,0, No,3ca68fb32b06ca5fbfc268fc5fe45ae04d3df2f75c1594c662d81d9f9eeaef40
amouyal:201,set_hyp5_5,gp,lingering,reflexive,neutral_rev_repair_prefill,No,0.00037955251173116267,0.9948037266731262,1, No,4595a20ed6adee0c4df7425f619c41ecc0e13b75ebaa76e817f6fa65c070cdb7
amouyal:202,set_hyp5_6,gp,simple,reflexive,neutral_rev_repair_prefill,Yes,0.00899988692253828,0.9656118750572205,0, No,c85164cae032d5280463843111bbb047aff36ce8d70f00902d78a16161ef0715
amouyal:203,set_hyp5_6,gp,lingering,reflexive,neutral_rev_repair_prefill,No,0.009906355291604996,0.9765170812606812,1, No,2c4f6df5f7eb7bd46f7f216e1297e2ca21cb9128b87fcb4ffed8b41a71b51e7e
amouyal:204,set_hyp5_7,gp,simple,reflexive,neutral_rev_repair_prefill,Yes,0.1286129206418991,0.918876588344574,0, No,a0a62784cb0e744edf05e27c27a111a93da00c534414ea89f91033698421a0f8
amouyal:205,set_hyp5_7,gp,lingering,reflexive,neutral_rev_repair_prefill,No,5.624908590107225e-05,0.9945276975631714,1, No,49a2163a84c0342bcd7e6b1d706465ab9d0f5106788c7510c4e0e982e9909b36
amouyal:206,set_hyp5_8,gp,simple,reflexive,neutral_rev_repair_prefill,Yes,0.8430297374725342,0.9026941061019897,1, Yes,c5103b74c6efb33bb8f3604e65b8c014b5be8bd5d64e3d9ba7fb69d845a63e46
amouyal:207,set_hyp5_8,gp,lingering,reflexive,neutral_rev_repair_prefill,No,0.009209652431309223,0.9923895001411438,1, No,3d8019141f3bc4283f6d9395474620372beb86a97d25a52ce07c9cad06eb5b81
amouyal:208,set_hyp5_9,gp,simple,reflexive,neutral_rev_repair_prefill,Yes,0.9415385723114014,0.8968269228935242,1, Yes,1f8965eef49778d7c7f937e27e944e5af67c5f997da05e990d85b00ae9b4bd4f
amouyal:209,set_hyp5_9,gp,lingering,reflexive,neutral_rev_repair_prefill,No,0.10485799610614777,0.9402909874916077,1, No,9336c6e693f8ccb8f0e3f91c29826d283e61b5e7b4933c13437585e6f93e7518
amouyal:210,set_hyp5_10,gp,simple,reflexive,neutral_rev_repair_prefill,Yes,0.682262659072876,0.8593568801879883,1, Yes,ff75ba6592da8c969eccd33f56a03228a53282b1f39b6e906432111b99976be2
amouyal:211,set_hyp5_10,gp,lingering,reflexive,neutral_rev_repair_prefill,No,0.002781833987683058,0.9840680956840515,1, No,fe06250fc747505ab4c780399b3bd125cf19cc73a02ca555ed2a1fc3e64d40b6
amouyal:212,set_hyp5_11,gp,simple,reflexive,neutral_rev_repair_prefill,Yes,0.0027291702572256327,0.9842793345451355,0, No,859daf22f64436d0b98d15cbf48223378edf1a1b47f8d6e1a8e218dca4ecc00f
amouyal:213,set_hyp5_11,gp,lingering,reflexive,neutral_rev_repair_prefill,No,0.00015663263911847025,0.9946333169937134,1, No,d8b72200dd0e9bef8902bff1f570aaf742274b9ff3552a1b5b9d24f0b9463599
amouyal:214,set_hyp5_12,gp,simple,reflexive,neutral_rev_repair_prefill,Yes,0.9275509119033813,0.9381273984909058,1, Yes,1b7b26ea7425745d48905414fde5494cf73500dac17efe32d98fcb764a4d8717
amouyal:215,set_hyp5_12,gp,lingering,reflexive,neutral_rev_repair_prefill,No,0.0014772402355447412,0.9975424408912659,1, No,8f80d183ec4d3a23c6d55cec1f28669d794e073a59b30c06945db26472357fc4
amouyal:216,set_hyp5_13,gp,simple,reflexive,neutral_rev_repair_prefill,Yes,2.2877038645674475e-05,0.9988250732421875,0, No,c9319265c6eba9a4ab1911fcdfa75608a953704ff52eb5bec17c0f4c9e3fac6c
amouyal:217,set_hyp5_13,gp,lingering,reflexive,neutral_rev_repair_prefill,No,0.00018341102986596525,0.9966847896575928,1, No,cddced2f6838a0924aaaabe87a4a73b4c5f198b98c1d1abf56c873c69a48896f
amouyal:218,set_hyp5_14,gp,simple,reflexive,neutral_rev_repair_prefill,Yes,0.021171076223254204,0.9765737056732178,0, No,31af02600fee3f2cfa196146137e4d5e28c8619cda4cb7e4fabbf3627c6ba530
amouyal:219,set_hyp5_14,gp,lingering,reflexive,neutral_rev_repair_prefill,No,8.026791329029948e-05,0.9973292350769043,1, No,fa486bfb0a36993a08e873744b92ce243ec758a4cef4bdbb9bc8b78203535b3b
amouyal:220,set_hyp5_15,gp,simple,reflexive,neutral_rev_repair_prefill,Yes,0.00033059713314287364,0.9975976347923279,0, No,9a8f4eb40821d3370359180da61974e405b744e51a4d40f988e29bd5c7fc585a
amouyal:221,set_hyp5_15,gp,lingering,reflexive,neutral_rev_repair_prefill,No,0.00020605661848094314,0.997927188873291,1, No,763e17cdb200a9f18ddb27b38197e2200f143ea6e1947f065f40e4f9ad9e8af2
amouyal:222,set_hyp5_16,gp,simple,reflexive,neutral_rev_repair_prefill,Yes,0.0017591691575944424,0.9939699172973633,0, No,6cf8e959307e48fea86fc849daaa631b4e6b0825fd7054b31fdb9222c60ec5fc
amouyal:223,set_hyp5_16,gp,lingering,reflexive,neutral_rev_repair_prefill,No,0.0017077818047255278,0.9947468042373657,1, No,aa264d8a28a03384baf9ba3608caf7ee339b7bb1c6b0e3415d774697c08f1041
amouyal:224,set_hyp5_17,gp,simple,reflexive,neutral_rev_repair_prefill,Yes,0.9922986030578613,0.9660041928291321,1, Yes,13c5d2e77482f90b183be92de6c2b6dcfc27986ffbc8c9494d1cb9d66b2bbb4e
amouyal:225,set_hyp5_17,gp,lingering,reflexive,neutral_rev_repair_prefill,No,0.0010350694647058845,0.9951331615447998,1, No,aca23fd083a5860c1bdd95e54cded955d5b628a48b03be95eeb4bffbd6f7bc95
amouyal:226,set_hyp5_18,gp,simple,reflexive,neutral_rev_repair_prefill,Yes,0.0005333767039701343,0.9989279508590698,0, No,ca3a84f275243983c1503d17fcc2f3aa73f700014848d98f8a06e082ed572c6d
amouyal:227,set_hyp5_18,gp,lingering,reflexive,neutral_rev_repair_prefill,No,0.0015717092901468277,0.9985054135322571,1, No,1b44704f75c0a994140b890f2d9b48e4e4b6a659e87f15b5ba7c2e53d1c21918
amouyal:228,set_hyp5_19,gp,simple,reflexive,neutral_rev_repair_prefill,Yes,0.8087467551231384,0.8481991291046143,1, Yes,7e31adaaeb5a38a183cdaf747db433b394fae97219d993d9903417bc0034b911
amouyal:229,set_hyp5_19,gp,lingering,reflexive,neutral_rev_repair_prefill,No,0.0004235720552969724,0.9963675141334534,1, No,234c1e768a82aec03eb0488752b97bb1c0fd74a3cae4d0dbde6a06c4bf24f848
amouyal:230,set_hyp5_20,gp,simple,reflexive,neutral_rev_repair_prefill,Yes,0.06181846559047699,0.970652163028717,0, No,3ff56e33054cf08447289cd109624c073de440f614dcc67aac2db29f59210052
amouyal:231,set_hyp5_20,gp,lingering,reflexive,neutral_rev_repair_prefill,No,0.00022358587011694908,0.9963324666023254,1, No,f26f18325d4a1921a1c62f12d92ffb9f136d9fb5e16f1a3e2047e932de374bdc
amouyal:232,set_hyp5_21,gp,simple,reflexive,neutral_rev_repair_prefill,Yes,0.7840743660926819,0.9515170454978943,1, Yes,41e2d64c9ffa6d60353caf694f0043453958f7f5716eb94c28885e707c713e76
amouyal:233,set_hyp5_21,gp,lingering,reflexive,neutral_rev_repair_prefill,No,0.0005063562421128154,0.9959182739257812,1, No,ae5a45716286de7e7cecea4011af0417516bc6b40a583f8b1a19f6c961f61de7
amouyal:234,set_hyp5_22,gp,simple,reflexive,neutral_rev_repair_prefill,Yes,0.021574493497610092,0.9884501099586487,0, No,3680ced052dfee0f13989a3e3392ef58a5f3a9376f8da74fcf0da5498ab1a492
amouyal:235,set_hyp5_22,gp,lingering,reflexive,neutral_rev_repair_prefill,No,8.44223250169307e-05,0.9985054135322571,1, No,cae71c12473da9657b14f1fd1a411c7f58480a581455281e5340e57670b6d32a
amouyal:236,set_hyp5_23,gp,simple,reflexive,neutral_rev_repair_prefill,Yes,0.09851302206516266,0.9823079109191895,0, No,b4283c8054f3efdc1563e3c8e79ef330e9c7b7e80d6b699b78109b3f969e2bc3
amouyal:237,set_hyp5_23,gp,lingering,reflexive,neutral_rev_repair_prefill,No,0.00018816266674548388,0.9994404315948486,1, No,b26f48341e3afde8091d990aae7196c94562d53741783f8101af36a40085b299
amouyal:238,set_hyp5_24,gp,simple,reflexive,neutral_rev_repair_prefill,Yes,0.8171733617782593,0.9557157158851624,1, Yes,04aaf8d14c5c59d96a24c2cb6e270598d2195c8f31b0c5063c998f876184abc0
amouyal:239,set_hyp5_24,gp,lingering,reflexive,neutral_rev_repair_prefill,No,0.002866161521524191,0.9954148530960083,1, No,8d91baaa4862d65304301e1f0eb228d83252c9aad8f22d8ae0e750d517ab3647
amouyal:240,set_1,gp,simple,prob,neutral_rev_repair_prefill,Yes,0.0094570592045784,0.9829097986221313,0, No,43815fdc4459e20440c470d6fb1e81d7f72dca690ad575fc6547828d95b6340c
amouyal:241,set_1,gp,lingering,prob,neutral_rev_repair_prefill,No,0.0005132371443323791,0.9956461191177368,1, No,4168b91872c1d107399bd88bed68c8f82d1885111c743be90978a2926540086d
amouyal:242,set_1,non_gp,simple,prob,neutral_rev_repair_prefill,Yes,0.23743300139904022,0.9442611336708069,0, No,6f00fb166348ad86bd0615b05b2708efeced4f5441785f6b4e6fc4128b5be2ec
amouyal:243,set_1,non_gp,lingering,prob,neutral_rev_repair_prefill,No,0.6556020975112915,0.8977980017662048,0, Yes,b6adec58ad9cd8833d859cb81cb6cfd70d5d75d55d0570e9d25d84c46709229e
amouyal:244,set_2,gp,simple,prob,neutral_rev_repair_prefill,Yes,0.984251081943512,0.9434205293655396,1, Yes,3cff3747e18d24ab4da2abc6ec853dac35c85b09092aaec6ade92af8351d1a73
amouyal:245,set_2,gp,lingering,prob,neutral_rev_repair_prefill,No,0.06622662395238876,0.9775567650794983,1, No,204805fe44ee84a19f415201d1a3c4245af9d061b08ee4eaa6c804e4d990c2df
amouyal:246,set_2,non_gp,simple,prob,neutral_rev_repair_prefill,Yes,0.9942700862884521,0.9342896938323975,1, Yes,949ac7723311695d05734b925c1527642013414e1f9e2fcc2c8a7d1df94123d0
amouyal:247,set_2,non_gp,lingering,prob,neutral_rev_repair_prefill,No,0.9497213363647461,0.9501160383224487,0, Yes,17b0e50bcf2fa10bb2cd9ccf8a6250d68c9501305424af8bf30ff7882121b6e8
amouyal:248,set_3,gp,simple,prob,neutral_rev_repair_prefill,Yes,0.16474178433418274,0.9676716923713684,0, No,34018d0d0184be5c3f823b7b7db7840db9d82a7203d307acf038546f6c946362
amouyal:249,set_3,gp,lingering,prob,neutral_rev_repair_prefill,No,0.004749507177621126,0.9951593279838562,1, No,86ebc0b0debf7031b2ffd708302850fe1efba192618fbf2c3534648c146714bf
amouyal:250,set_3,non_gp,simple,prob,neutral_rev_repair_prefill,Yes,0.973075807094574,0.9402501583099365,1, Yes,7de2cda8d750cfac533d9fb2a97d1a49690f1e62ca13ba6e9711aa4421319b6e
amouyal:251,set_3,non_gp,lingering,prob,neutral_rev_repair_prefill,No,0.026792144402861595,0.9843408465385437,1, No,8a8d985402d7bac75be90dcdf26db6cbb9b5614239111b1fc27f0f13fbac9824
amouyal:252,set_4,gp,simple,prob,neutral_rev_repair_prefill,Yes,0.007442859001457691,0.9715822339057922,0, No,b4941c450855f267f30a03375ae46fcd6c27f40b9e089b85f043f9da8d50abe0
amouyal:253,set_4,gp,lingering,prob,neutral_rev_repair_prefill,No,0.0007056998438201845,0.9927469491958618,1, No,d42da16e006fc49f2344ca5135a80a4074695337c02b5e96a30603d5468b1ae5
amouyal:254,set_4,non_gp,simple,prob,neutral_rev_repair_prefill,Yes,0.7858946919441223,0.8214893937110901,1, Yes,3c59a8cbb3d8c7dc210365c35ab61a68d7505f3c124d8e45a12fcd9eab050767
amouyal:255,set_4,non_gp,lingering,prob,neutral_rev_repair_prefill,No,0.0015276705380529165,0.973943293094635,1, No,e1e623fe03b5faeed3d115145a69a7dc1aa37ea3dce343360b6361fc17cac61a
amouyal:256,set_5,gp,simple,prob,neutral_rev_repair_prefill,Yes,0.0008866543648764491,0.9912177324295044,0, No,cac34f40052726e9495e0f48b1d9cab97bfa56e73190772cb3fded86d61ff927
amouyal:257,set_5,gp,lingering,prob,neutral_rev_repair_prefill,No,7.78556386649143e-06,0.9988630414009094,1, No,b5c6717f77c03579bddd8b6b9e711aa25956c883ce4749747ad0ce551bcaaafe
amouyal:258,set_5,non_gp,simple,prob,neutral_rev_repair_prefill,Yes,0.40900182723999023,0.926639974117279,0, No,13f8b92277d69544f9b4a6ac80b557ce7d5ba74744e4fb26e017a8c219933977
amouyal:259,set_5,non_gp,lingering,prob,neutral_rev_repair_prefill,No,9.88296014838852e-05,0.9901629090309143,1, No,6cb42f919670d8d4d704ad61dfcc8a31065cd398be1c0f3315a08414199992cb
amouyal:260,set_6,gp,simple,prob,neutral_rev_repair_prefill,Yes,0.0009163693175651133,0.9941070079803467,0, No,df70a2e321940950796e2055fdaa1a8b176cd0787a045879e84cef36bbb84b5c
amouyal:261,set_6,gp,lingering,prob,neutral_rev_repair_prefill,No,0.0002878900559153408,0.9979727864265442,1, No,aab2c01889b8f1ac2f0d6505a118156f5fdc2296bf2002d4745770b6e85d1264
amouyal:262,set_6,non_gp,simple,prob,neutral_rev_repair_prefill,Yes,0.9921824336051941,0.950655996799469,1, Yes,13ea8c2c88f999c66add2f786af9c347af27b5967b36d5ff48a0ab8468a8d8ef
amouyal:263,set_6,non_gp,lingering,prob,neutral_rev_repair_prefill,No,0.1170501559972763,0.9678035378456116,1, No,c3528028924db59d4bc07a1a373e9806b0d4ffeba8a4c87c009a49f51d153de4
amouyal:264,set_7,gp,simple,prob,neutral_rev_repair_prefill,Yes,0.003995351027697325,0.9918198585510254,0, No,84a84c9a02c4c18a91b93143fb4e35c3b308725ff348e6622dde7124a93e7039
amouyal:265,set_7,gp,lingering,prob,neutral_rev_repair_prefill,No,0.00014793986338190734,0.9983522891998291,1, No,4cbd8e7cd72ccaa561550c1ddff53c92f948688c4f8019e1a98291cb869d6e2f
amouyal:266,set_7,non_gp,simple,prob,neutral_rev_repair_prefill,Yes,0.9213072657585144,0.9180736541748047,1, Yes,fbafbb67a7af3babd8302add6c1c0f7f2aac94788b06c743e0005fc21c86fbcb
amouyal:267,set_7,non_gp,lingering,prob,neutral_rev_repair_prefill,No,0.0010562314419075847,0.9930123686790466,1, No,f1c37a0480832ebc3836f3daf62f38664386b5f83ae74e0e41039d3997e08994
amouyal:268,set_8,gp,simple,prob,neutral_rev_repair_prefill,Yes,0.00555994501337409,0.9882873296737671,0, No,52e66ee5e85cc548696938804a9c1f60086b495b7e56ebda1d0e302bd6d6f356
amouyal:269,set_8,gp,lingering,prob,neutral_rev_repair_prefill,No,6.530296377604827e-05,0.9988071918487549,1, No,87d50ea713e1ffa6eff928dce8f68f87959a0b6c2801ee874f1b2af25de2d278
amouyal:270,set_8,non_gp,simple,prob,neutral_rev_repair_prefill,Yes,0.9979811310768127,0.9811527729034424,1, Yes,f224bc9feeb6779607cad42e0eefcd811bf27db84bad460916bfbe6789589cc3
amouyal:271,set_8,non_gp,lingering,prob,neutral_rev_repair_prefill,No,0.002598863560706377,0.9952826499938965,1, No,6dc5c6345a1c692e5abaca185ec30a93356310c96f98a060a26515d345e9f4e9
amouyal:272,set_9,gp,simple,prob,neutral_rev_repair_prefill,Yes,0.03059588186442852,0.9758362770080566,0, No,0efac55cd24f65c3fc6fff1979dd1834b2a5f95e296f9047649d860641b147c6
amouyal:273,set_9,gp,lingering,prob,neutral_rev_repair_prefill,No,0.00027331532328389585,0.9968861937522888,1, No,dd9830af67b501e9d60b06bbb2315d66667dc7d962a4e169fdca514d15f5d11f
amouyal:274,set_9,non_gp,simple,prob,neutral_rev_repair_prefill,Yes,0.9903855919837952,0.9126441478729248,1, Yes,8612b06e78448d20c178625ce2e5633d9ac854e75e972db9e8d8e70217d6c8f9
amouyal:275,set_9,non_gp,lingering,prob,neutral_rev_repair_prefill,No,0.00254901684820652,0.9826322197914124,1, No,658bf48297210d9222739998a7ada3116b62b7a18521c6dab0d2476f20e821d8
amouyal:0,set_10,gp,simple,prob,upstream_reg_base_native,Yes,0.9999998807907104,0.9999998807907104,1,Yes,e6fdc00e4d17b2b0facef9fcbab3e0b37a1538ccea5f89995a864731dda6ca5b
amouyal:1,set_10,gp,lingering,prob,upstream_reg_base_native,No,1.0,1.0,0,Yes,87dedd2cd58642ce94e4d4b281e381b615fc59badd9e5ee0996d4ecea2218d0c
amouyal:2,set_10,non_gp,simple,prob,upstream_reg_base_native,Yes,1.0,1.0,1,Yes,df42bc01bc595583f83257ed941298aa39183e25aa9997a638d3ecfe43ae1adb
amouyal:3,set_10,non_gp,lingering,prob,upstream_reg_base_native,No,1.0,1.0,0,Yes,286348de7e65f05bf2850f495d2a64aabe60d54e588436c4c9f0c90610ff1952
amouyal:4,set_11,gp,simple,prob,upstream_reg_base_native,Yes,1.0,1.0,1,Yes,2a0d2b442dcf3f985dedefec1242f56ca79c09e4f0faf8fe83cb3e12e191aa46
amouyal:5,set_11,gp,lingering,prob,upstream_reg_base_native,No,1.0,1.0,0,Yes,be7f85fe8132221e47e63dd3481c34177abcfc0077f9d9ce00b7a03ae8f17997
amouyal:6,set_11,non_gp,simple,prob,upstream_reg_base_native,Yes,1.0,1.0,1,Yes,6cc2f4b9101bd6e7ecc52a07720ae90c4f19fe087f826dee117960e37fd81ecb
amouyal:7,set_11,non_gp,lingering,prob,upstream_reg_base_native,No,1.0,0.9999998807907104,0,Yes,e5b51837f15d9c47cf1eb18196f4e53c75cb114fdc0b39560ee2b518b291a707
amouyal:8,set_12,gp,simple,prob,upstream_reg_base_native,Yes,0.8181790709495544,0.9994820356369019,1,Yes,54335558eba5f9b8fd53a699a44e8862f42594d4cda716ce53f963130217c0b8
amouyal:9,set_12,gp,lingering,prob,upstream_reg_base_native,No,1.0,1.0,0,Yes,cbf477691a4fa6014fc37e8e6b998d6d734abcd69a23b7d374ae648996a4eb81
amouyal:10,set_12,non_gp,simple,prob,upstream_reg_base_native,Yes,1.0,1.0,1,Yes,ac50805ba72909948f174496e3b7f13ffc60efceea8e9e048c8bbbb886e48b95
amouyal:11,set_12,non_gp,lingering,prob,upstream_reg_base_native,No,1.0,1.0,0,Yes,dc3ba81a02e9048d6a45828a65fb519fd5f80d6d76e65089a5a32398b2a744b1
amouyal:12,set_13,gp,simple,prob,upstream_reg_base_native,Yes,1.0,1.0,1,Yes,a45999100b2e192886f205c41cca82257b14f7d684a3a3aa32879c08d719b4ba
amouyal:13,set_13,gp,lingering,prob,upstream_reg_base_native,No,0.9965821504592896,0.9999945759773254,0,Yes,86c7ef72d5174b1f51d253a2f823d6e521c8a93cd9d5497e1f5367d633a57393
amouyal:14,set_13,non_gp,simple,prob,upstream_reg_base_native,Yes,1.0,1.0,1,Yes,55e0a80746b3372ca932c6da2ba54b81c7980f6b0737180d5fdc1652abc4ab26
amouyal:15,set_13,non_gp,lingering,prob,upstream_reg_base_native,No,1.0,1.0,0,Yes,840e54b325c8caed667485d5cac748e448131c7f90228c223c7dcc6c487808b4
amouyal:16,set_14,gp,simple,prob,upstream_reg_base_native,Yes,0.9998192191123962,0.9998254776000977,1,Yes,2185548df497139ebb44ee2a7f6dcabccbbec7e721de5b1d4969020c47b213fd
amouyal:17,set_14,gp,lingering,prob,upstream_reg_base_native,No,1.0,0.999998927116394,0,Yes,45fa68bc8562573ecf4ce6392155aeea6473e4923896a206c8e8d669974a2b70
amouyal:18,set_14,non_gp,simple,prob,upstream_reg_base_native,Yes,0.9999851584434509,0.9999597668647766,1,Yes,3480df0aa342fdedfc534a7be5e29ebe1b3dedf2d20d8c73bad015551ff58243
amouyal:19,set_14,non_gp,lingering,prob,upstream_reg_base_native,No,2.1405799998319708e-05,0.9994734525680542,1,No,f9f0101048f4c8f02884ada37623411f6c6049c905b146ba68ef7962846524a5
amouyal:20,set_15,gp,simple,prob,upstream_reg_base_native,Yes,1.0,1.0,1,Yes,155dc4bc81f14777fe22abe947a68dbec8ff39a46d3f838a5c55106e2f18fee5
amouyal:21,set_15,gp,lingering,prob,upstream_reg_base_native,No,1.0,1.0,0,Yes,7623427866aa53519f379b0b329da09543c88a22ebf24779cd2c625145b50abb
amouyal:22,set_15,non_gp,simple,prob,upstream_reg_base_native,Yes,1.0,1.0,1,Yes,ea1a29d4ced119c9bb39f261ce1769b61028044d727e98bbcd81ae44f42047bf
amouyal:23,set_15,non_gp,lingering,prob,upstream_reg_base_native,No,1.0,1.0,0,Yes,16de03ee6f4386af10b6833af33549e008de345ac31d202f19aed0ad6a7c2d74
amouyal:24,set_16,gp,simple,prob,upstream_reg_base_native,Yes,1.0,1.0,1,Yes,4b5ab4c75e01eea8fa92d571ec909b187b50bc2701a655a867ef2e657d8c67a4
amouyal:25,set_16,gp,lingering,prob,upstream_reg_base_native,No,1.0,1.0,0,Yes,7fce72fad3750aaeb8db572a3576a660fbac1e2365a7d160897b1bf6b54d5b91
amouyal:26,set_16,non_gp,simple,prob,upstream_reg_base_native,Yes,1.0,1.0,1,Yes,9a64cace3bf658a8486b535e4c3309a144c6ba689dfee2f0d6768dfc80b2ed1b
amouyal:27,set_16,non_gp,lingering,prob,upstream_reg_base_native,No,1.0,1.0,0,Yes,c90303ecca329ea9a006ad9fe00bde224e96deedd20580b7774bd2404af53e6a
amouyal:28,set_17,gp,simple,prob,upstream_reg_base_native,Yes,1.0,1.0,1,Yes,fe73f6da4ec28263ecfe3ae8ebe271167415e4e6e2cdf9aadc3ed163dfbc60de
amouyal:29,set_17,gp,lingering,prob,upstream_reg_base_native,No,0.9999999403953552,0.999999463558197,0,Yes,4bbc62f1893f10eaa8d77f8aa98ec3dd9b6a4158461d22b37f08359b1d6eba8f
amouyal:30,set_17,non_gp,simple,prob,upstream_reg_base_native,Yes,1.0,1.0,1,Yes,d7922fab1a43481ce94083e47f832d2653bb67962641f29aec9a20616245d4dd
amouyal:31,set_17,non_gp,lingering,prob,upstream_reg_base_native,No,1.638425928263132e-08,0.9999998807907104,1,No,232973beef769b6a0c8596e5153de25524462efad2035182585db7d83f9b25f3
amouyal:32,set_18,gp,simple,prob,upstream_reg_base_native,Yes,1.0,0.9999998807907104,1,Yes,da430242552ea1496ce4126e3a85b74797928841e389078b38d6d02044a98a6e
amouyal:33,set_18,gp,lingering,prob,upstream_reg_base_native,No,0.47567474842071533,0.9999943971633911,1,No,68599d263f11dbf81532879a67407d9d94e358fb1c02e6a79cdfd3450921e868
amouyal:34,set_18,non_gp,simple,prob,upstream_reg_base_native,Yes,1.0,1.0,1,Yes,6dffb0aee9537c18cc4bc02f2334ceb21eb978cec785f841f94738d33eb7f84c
amouyal:35,set_18,non_gp,lingering,prob,upstream_reg_base_native,No,5.8653468366920425e-12,1.0,1,No,d175175ff616d778c06d734f4f5ea2f5ff1703a6880a24ac45824e5ad9fa848f
amouyal:36,set_19,gp,simple,prob,upstream_reg_base_native,Yes,1.0,1.0,1,Yes,56e7ab8651f0e397778cbb9d19d3af7e1f9645d294a24a55928309a28941df14
amouyal:37,set_19,gp,lingering,prob,upstream_reg_base_native,No,1.0,1.0,0,Yes,0291973b7a118ad043c3127adc71fe02d53e8f956185bc67713b324cc5bcba59
amouyal:38,set_19,non_gp,simple,prob,upstream_reg_base_native,Yes,1.0,1.0,1,Yes,870ca2756b410a573b24e168d5cf135a2d598f39d4feba31a05b751cafa8929e
amouyal:39,set_19,non_gp,lingering,prob,upstream_reg_base_native,No,0.9999998807907104,0.9999998807907104,0,Yes,93c0ad37f215992f1f7a5dfa588739da40f3fae1cd6ef1e17a3d9a547c5f133b
amouyal:40,set_20,gp,simple,prob,upstream_reg_base_native,Yes,1.0,1.0,1,Yes,c74ff7e63c94e282e9e9e2f1006d06f6efb4a54acbe68f96bc5cef06c81dbf1c
amouyal:41,set_20,gp,lingering,prob,upstream_reg_base_native,No,0.9999977350234985,0.9999945163726807,0,Yes,c3b26eaa68e4f12b7ce364066c0f47856f593dca52d52607579091f443c8c34d
amouyal:42,set_20,non_gp,simple,prob,upstream_reg_base_native,Yes,1.0,1.0,1,Yes,16011e272cc83d3b1045785b7c2bda64944ea825a7c0b650cd15f84c6b274c2f
amouyal:43,set_20,non_gp,lingering,prob,upstream_reg_base_native,No,6.956188514095629e-09,0.9999876022338867,1,No,7a8c214c3acb8c92f4afb7842a06fbf802f8536f199263bb42bccc3642a57a41
amouyal:44,set_21,gp,simple,prob,upstream_reg_base_native,Yes,1.0,1.0,1,Yes,87c7744e0cc06b69ecbf446b6d99ead7ac1c7ea581bb9756245d83e0de525be9
amouyal:45,set_21,gp,lingering,prob,upstream_reg_base_native,No,0.0004810467944480479,0.9999974370002747,1,No,28a4625179518c976c4af3458ebc41e90286fa5ae4462cbead8ad12533edb092
amouyal:46,set_21,non_gp,simple,prob,upstream_reg_base_native,Yes,1.0,1.0,1,Yes,db9cb33d83ff2b578c29107c437e76e3ccd30b37f2a9e807fd6de235a31c4350
amouyal:47,set_21,non_gp,lingering,prob,upstream_reg_base_native,No,0.9998353123664856,0.9999995827674866,0,Yes,edeb4f84be8d887966d14f67e33ef2461a183db2d83899aa20c0e5820e78e647
amouyal:48,set_22,gp,simple,prob,upstream_reg_base_native,Yes,1.0,1.0,1,Yes,eebf1c2fa264127ccf416c43344dfd1d88c9c065c4f02e96a497473f7f21f1d9
amouyal:49,set_22,gp,lingering,prob,upstream_reg_base_native,No,1.0,1.0,0,Yes,7f495bd5b22e11c78933ae358112acb17512bf73de5239e1a4243de042133f16
amouyal:50,set_22,non_gp,simple,prob,upstream_reg_base_native,Yes,1.0,1.0,1,Yes,8bf478d59a0d6c0fc2814d44027fea900ab6d0df7f42da88a16341f30e05ae5f
amouyal:51,set_22,non_gp,lingering,prob,upstream_reg_base_native,No,4.181747954135062e-06,0.999997615814209,1,No,adf1005a88ea8017812987d2fa9bc69e0f6951d030e4d041b3948c008e6c02a1
amouyal:52,set_23,gp,simple,prob,upstream_reg_base_native,Yes,1.0,0.9999997615814209,1,Yes,7e2a4870fc7c829cba805a5b6f30ca143d051ad4ac128bfe74a7f471dad84b96
amouyal:53,set_23,gp,lingering,prob,upstream_reg_base_native,No,0.9999994039535522,0.9999997615814209,0,Yes,145e65f0d857ff031770e57f91b35f8f105a38af1834a36041521c83fd1a5b35
amouyal:54,set_23,non_gp,simple,prob,upstream_reg_base_native,Yes,1.0,1.0,1,Yes,0d26b452542dd409377177172d9e43e849324f1fe502537cdef5efb6ea7d35f9
amouyal:55,set_23,non_gp,lingering,prob,upstream_reg_base_native,No,1.0,1.0,0,Yes,dfc79af09ddf5a83713101f4f39f7b1362b3743fb2201e195597d8bf11754c56
amouyal:56,set_24,gp,simple,prob,upstream_reg_base_native,Yes,0.9999988675117493,0.9999988675117493,1,Yes,343209345c54aec118e0dfa607158fd10f36743c3b6a413a43419d6b984d1a20
amouyal:57,set_24,gp,lingering,prob,upstream_reg_base_native,No,0.9979895353317261,0.9999169707298279,0,Yes,36adeb430aeb6a064f0e7c7183fb435c7a9eac95e878a8d2bf98dffb10dc786f
amouyal:58,set_24,non_gp,simple,prob,upstream_reg_base_native,Yes,1.0,1.0,1,Yes,12089a68095ba714f05be466daac11ecf70a131fa8faeaa28911e40ebbc10425
amouyal:59,set_24,non_gp,lingering,prob,upstream_reg_base_native,No,2.5933568181812916e-08,0.9999864101409912,1,No,0189dbbb9386b518b2b9db88833459310747e6e9ac85b626a21dc954e64e03c2
amouyal:60,set_25,gp,simple,prob,upstream_reg_base_native,Yes,1.0,1.0,1,Yes,8f85ff2ce816638508579d24254ba9838cce3253a67f335e65665974863edb70
amouyal:61,set_25,gp,lingering,prob,upstream_reg_base_native,No,1.0,1.0,0,Yes,a824b2264121dad98f47ec2d1598e05e2eacbd0261ed3852ec76d1ef6a132181
amouyal:62,set_25,non_gp,simple,prob,upstream_reg_base_native,Yes,1.0,1.0,1,Yes,41d9180e4398b88807e06a7f886766dc1dbe3a0e6b717bc88fe0349fbddb1839
amouyal:63,set_25,non_gp,lingering,prob,upstream_reg_base_native,No,1.0,1.0,0,Yes,d6c2253372232780218a3a41120ea7a027b93c5769eace5e48794d66a0c41478
amouyal:64,set_26,gp,simple,prob,upstream_reg_base_native,Yes,1.0,1.0,1,Yes,be4caf7050462e07ce3fdc78790d47150203ea5e6a93f81ae6eea987fb829099
amouyal:65,set_26,gp,lingering,prob,upstream_reg_base_native,No,8.638413646622212e-07,0.9999991655349731,1,No,67d172b948a2c00f7c6ee23eea92b0d6e193dc0a81949f31c94d1760487f32ff
amouyal:66,set_26,non_gp,simple,prob,upstream_reg_base_native,Yes,1.0,1.0,1,Yes,c22643f652cc2686ff6077c9a95f864f765ab3a46fbf90d185066a922d1a036b
amouyal:67,set_26,non_gp,lingering,prob,upstream_reg_base_native,No,1.9666622930875066e-12,0.9999982118606567,1,No,3aafee7be58f492f3c437c33ea935088c3ec604a90ab541227369e0124535378
amouyal:68,set_27,gp,simple,prob,upstream_reg_base_native,Yes,1.0,1.0,1,Yes,4451f04f3ed1d1f0d54cfe1f6f77abc7f0b8b41f1aa2755a82edaefb32dbfa69
amouyal:69,set_27,gp,lingering,prob,upstream_reg_base_native,No,1.0,1.0,0,Yes,3d88d362a206fb5b4ae1967526eb26b4d002c60fba109fe4f647759c3e0e7c0b
amouyal:70,set_27,non_gp,simple,prob,upstream_reg_base_native,Yes,1.0,1.0,1,Yes,b95e08c381029a19c5cdebc1e288fe2b685d0c64dc4b84ced3dc509300c2a93e
amouyal:71,set_27,non_gp,lingering,prob,upstream_reg_base_native,No,0.8936651945114136,0.9996176958084106,0,Yes,0dac22da10a459eec72bd45a37623b0faf16b7d988de14e339051de07dd11a60
amouyal:72,set_28,gp,simple,prob,upstream_reg_base_native,Yes,1.0,0.9999969005584717,1,Yes,ea661047a92307311abde040e69bf675ad7cd7700f107614ef1bc02b778b39ae
amouyal:73,set_28,gp,lingering,prob,upstream_reg_base_native,No,0.38624516129493713,0.9995189905166626,1,No,d9292314c9e1ea19b4a33953fb79561e6f23416ff1ab4ce1f9b62bfb5589340b
amouyal:74,set_28,non_gp,simple,prob,upstream_reg_base_native,Yes,1.0,1.0,1,Yes,b74d9414eae9cb8c392b45109212e01ec6998a2f711cd48276e49421b0ed34eb
amouyal:75,set_28,non_gp,lingering,prob,upstream_reg_base_native,No,0.0012455835239961743,0.9999060034751892,1,No,1767ec58b4578130184fd49a1dfdaa711ee06b44f07380f0a5662a7087e300ed
amouyal:76,set_29,gp,simple,prob,upstream_reg_base_native,Yes,1.0,1.0,1,Yes,ec37c90f439f0d0ffe491f5d922df3f197af9ec320d08c86774f0c63108d8df5
amouyal:77,set_29,gp,lingering,prob,upstream_reg_base_native,No,1.0,0.9999998807907104,0,Yes,8ca889e549d7c0e6de0d0bd78e455bae65e369927e5a03be266e95aa8f209421
amouyal:78,set_29,non_gp,simple,prob,upstream_reg_base_native,Yes,1.0,1.0,1,Yes,99313b67f22dd8bfd52322735667fa920e8b78f8ade0671de7d2186e1b92738d
amouyal:79,set_29,non_gp,lingering,prob,upstream_reg_base_native,No,0.9995493292808533,0.9998447895050049,0,Yes,961a7675dd2d461a7bc06f23405ee82247c37e8c36c48d3f713bf4adea257849
amouyal:80,set_30,gp,simple,prob,upstream_reg_base_native,Yes,1.0,1.0,1,Yes,414eddbb79acad6184bb16f5819afe89aeedc351628ce5a7ddd6c2cd7818d43f
amouyal:81,set_30,gp,lingering,prob,upstream_reg_base_native,No,1.0,1.0,0,Yes,84a160986dfb6db234c82b08b39de1e14c4977ccd67276bf04eb6a6af16ec32d
amouyal:82,set_30,non_gp,simple,prob,upstream_reg_base_native,Yes,1.0,1.0,1,Yes,5ab226216129fc61766c39a78fd7511d7d8dd10d5eb5aec61ad872a04a9ba4e7
amouyal:83,set_30,non_gp,lingering,prob,upstream_reg_base_native,No,1.0,1.0,0,Yes,bcd4e9944774208413c8666b18e6f060ab3d09a37272109133acb1235f7bf0ff
amouyal:84,set_31,gp,simple,prob,upstream_reg_base_native,Yes,1.0,1.0,1,Yes,bf30c1ca0b3ab87419dfc15051d0704f7f4ac1a09708323a0eaa43ccff8352c1
amouyal:85,set_31,gp,lingering,prob,upstream_reg_base_native,No,0.9999754428863525,0.9999995231628418,0,Yes,33ec8b7fa1963569910313706339ba273c7aa22b1e736b3e14c84ab96e1bd538
amouyal:86,set_31,non_gp,simple,prob,upstream_reg_base_native,Yes,1.0,1.0,1,Yes,6790e29c896339cc578a401304c20e155051b6753223fe48c84068e66f2e59b8
amouyal:87,set_31,non_gp,lingering,prob,upstream_reg_base_native,No,0.9989824295043945,0.9999933242797852,0,Yes,dd0567e5777cd945153bd2c56be77ccba6ed0dfc0ac4291a248b7e8bf8e1ab39
amouyal:88,set_32,gp,simple,prob,upstream_reg_base_native,Yes,1.0,0.9999998807907104,1,Yes,bdb473bd589353cc1b9dfa28fe54a75dff5ffde06cc9b050e3a217a6bc7cb77f
amouyal:89,set_32,gp,lingering,prob,upstream_reg_base_native,No,0.9967023134231567,0.9999967217445374,0,Yes,b0552f5573fd4af892b85a75d6bb9c413ed19579f2939ec71b91fd58e52f12f4
amouyal:90,set_32,non_gp,simple,prob,upstream_reg_base_native,Yes,1.0,1.0,1,Yes,d79dbc426f54caeed673cdc5b0fe14cce8500b2b2862e6f2ebc84eb2b29dfd03
amouyal:91,set_32,non_gp,lingering,prob,upstream_reg_base_native,No,1.855188528840368e-12,1.0,1,No,e8fa91ceb445323838f694f7fd4d9bf4a4b89da2b538e0226c00f5c3a8e885dd
amouyal:92,set_33,gp,simple,prob,upstream_reg_base_native,Yes,1.0,1.0,1,Yes,3ee2a6b0fcd79ca5bbc4c5caf216141e475dcc13177929fe9d095e408b352e66
amouyal:93,set_33,gp,lingering,prob,upstream_reg_base_native,No,1.0,1.0,0,Yes,0cc2c52a7d8ab97b8de5858c2b15e3f6edd84b9bcd0629f579d8c7195cd05bec
amouyal:94,set_33,non_gp,simple,prob,upstream_reg_base_native,Yes,1.0,1.0,1,Yes,05cffd694e848280623e63cf96b136e16279dbc5e2741c9871407c2040ab2276
amouyal:95,set_33,non_gp,lingering,prob,upstream_reg_base_native,No,1.0,1.0,0,Yes,eaa707dd471ab560634e6f54f30698c587b3b8dbdc621479769cf95145c6a7ee
amouyal:96,set_34,gp,simple,prob,upstream_reg_base_native,Yes,1.0,1.0,1,Yes,609daec36f3296593e1ff30304b8615e6249d84d2119e7fde5d867f44c0ddc61
amouyal:97,set_34,gp,lingering,prob,upstream_reg_base_native,No,1.0,1.0,0,Yes,ce6eaa60f3befcfb0367296591403fc39937e098b0464d5d5a3494ddc07a9dab
amouyal:98,set_34,non_gp,simple,prob,upstream_reg_base_native,Yes,1.0,1.0,1,Yes,2a0d4c91c8fd713f7beee3e3d4fe9ad19b9fab9c86d1d87754d9f68ef94cf1b0
amouyal:99,set_34,non_gp,lingering,prob,upstream_reg_base_native,No,0.004869709722697735,0.9999899864196777,1,No,8382bfa83f6a889ef01dbc4532ff3a39419a69a06cb05dd440897a46a82c492e
amouyal:100,set_35,gp,simple,prob,upstream_reg_base_native,Yes,1.0,1.0,1,Yes,8fd5054e6164cb0d402724013ffffad60819bf01a6e1ba91e87209526983dd2a
amouyal:101,set_35,gp,lingering,prob,upstream_reg_base_native,No,0.9841837286949158,0.9998656511306763,0,Yes,6ba654d1ce19cb887e4e2e8421a0e865fdecd0ae1a459cb0266ab128ea96acab
amouyal:102,set_35,non_gp,simple,prob,upstream_reg_base_native,Yes,1.0,1.0,1,Yes,f5218bf1e68aee0ea3b4259e7a53ab747718535b183d1958c1268581e342a267
amouyal:103,set_35,non_gp,lingering,prob,upstream_reg_base_native,No,1.0,1.0,0,Yes,3c48dbf766a95ccdf534c610c8bef70ed153dad2c60e147a430e10d5f44bb0ad
amouyal:104,set_36,gp,simple,prob,upstream_reg_base_native,Yes,1.0,1.0,1,Yes,fdf351b06972fbdae05ab4d12a4e1752954796b1efa84b92d1a2787faad3d47e
amouyal:105,set_36,gp,lingering,prob,upstream_reg_base_native,No,0.9999966621398926,0.9999996423721313,0,Yes,ac00ffbdc531a08fe69e024d1c18203f110302b8ea9ef23fabe729d9df64123d
amouyal:106,set_36,non_gp,simple,prob,upstream_reg_base_native,Yes,1.0,1.0,1,Yes,21b691bb0f3f9aae54302f233c8f9c621e8cbe9749da8d20696db2fb840a3984
amouyal:107,set_36,non_gp,lingering,prob,upstream_reg_base_native,No,0.9999995827674866,0.999999463558197,0,Yes,09ef74dbcc8722f40575b9e33e2513719d10f21a3ebd24a02c5f7f0c31cb5e44
amouyal:108,set_37,gp,simple,prob,upstream_reg_base_native,Yes,0.5551431775093079,0.9959938526153564,1,Yes,9c52aaa13b3548b648e6986d499a0bce21db4945cecb42fd713f4f8ccdd97018
amouyal:109,set_37,gp,lingering,prob,upstream_reg_base_native,No,0.9999998807907104,1.0,0,Yes,f67762815b58dfee37e5acfbebf6a84afb407624cd5ce3fc48f23e6151125650
amouyal:110,set_37,non_gp,simple,prob,upstream_reg_base_native,Yes,1.0,0.9999871253967285,1,Yes,fb74d19ed48f08d307a827386aaa9511fea220e15f4d3f8370567af9222a8cd5
amouyal:111,set_37,non_gp,lingering,prob,upstream_reg_base_native,No,0.9577645063400269,0.999907374382019,0,Yes,3c626529f9cfec856dca75f36721a7e86bea463dd45d6d661e3a24b7a5cd143c
amouyal:112,set_38,gp,simple,prob,upstream_reg_base_native,Yes,0.9997783303260803,0.9999678134918213,1,Yes,8d771dc7f7fe0098c11559fa3bbe65e2727de88defaa3daaaab7d91413be55f7
amouyal:113,set_38,gp,lingering,prob,upstream_reg_base_native,No,1.0,0.9999985694885254,0,Yes,7fcc1716e9e1ca837a8fdefb94fc09f7627c0511fea2415b163136678ab93646
amouyal:114,set_38,non_gp,simple,prob,upstream_reg_base_native,Yes,0.9999999403953552,0.9999986290931702,1,Yes,098d41289dab6508515cf9bcd5248527c2a7b4c1264bc4f0d304e991819762b7
amouyal:115,set_38,non_gp,lingering,prob,upstream_reg_base_native,No,0.9998086094856262,0.999264657497406,0,Yes,65184ffa2dc12129eeafef62130cf7b0519b01826d52358c48f17224f2ab9eab
amouyal:116,set_39,gp,simple,prob,upstream_reg_base_native,Yes,1.0,0.9999998807907104,1,Yes,30fe1ec33f4793da04383407c364e352c087aa8049fdad1b5dc98248fedabff7
amouyal:117,set_39,gp,lingering,prob,upstream_reg_base_native,No,1.0,0.9999998807907104,0,Yes,e09c2439d946f527f72c8b8331ee06b72734afa5c653be1ffbbc1a410e97cea2
amouyal:118,set_39,non_gp,simple,prob,upstream_reg_base_native,Yes,1.0,1.0,1,Yes,2d285cfbdf6821db37995ef29af69a2db4f7f9c55f8ac6ca9961b06545b3fd35
amouyal:119,set_39,non_gp,lingering,prob,upstream_reg_base_native,No,1.0,1.0,0,Yes,5912ca7864d7545f262a430fdcc412877e6ff005274a6b992b3c0a0ad5648809
amouyal:120,set_40,gp,simple,prob,upstream_reg_base_native,Yes,0.3329285979270935,0.9932487607002258,0,No,42b767b747d041e51a67d1c59326449129ac1a3bcfb6fad035d20e8e3b2fc0cc
amouyal:121,set_40,gp,lingering,prob,upstream_reg_base_native,No,0.9999673962593079,0.9999988675117493,0,Yes,5dc296352295f5944ada3c2f5124d95b08028d48a2f995983181870ac87f599f
amouyal:122,set_40,non_gp,simple,prob,upstream_reg_base_native,Yes,0.9999998807907104,0.9999897480010986,1,Yes,15e7f2f87d9c63ab94ad09118bc09ecb861c243fdb69247c5524182df574e3af
amouyal:123,set_40,non_gp,lingering,prob,upstream_reg_base_native,No,3.576782182790339e-05,0.9999843835830688,1,No,65dc0fcbfd88fa0b5c1e67d65528f3ee1d9d92614955f2168fd29ea0886623ce
amouyal:124,set_41,gp,simple,prob,upstream_reg_base_native,Yes,1.0,1.0,1,Yes,4bc58b85b810b3eebeeaee2b519690be5a7d70e2014442574ab2b3e137d6996a
amouyal:125,set_41,gp,lingering,prob,upstream_reg_base_native,No,0.9999955892562866,0.9999997615814209,0,Yes,04fc199b6005c331c0672a3b1136d0191aa824a290a18d5f8e33a4b80fd21b37
amouyal:126,set_41,non_gp,simple,prob,upstream_reg_base_native,Yes,1.0,1.0,1,Yes,6b8495c9d28121f9d89038b1aac7111c3a21a4e75ab17798cc1d9f98305cee67
amouyal:127,set_41,non_gp,lingering,prob,upstream_reg_base_native,No,1.0,1.0,0,Yes,abf3b8a86f6c4179d01dae025fac676ea2c8c92d19445a0fbf7d7957fdcc3277
amouyal:128,set_42,gp,simple,prob,upstream_reg_base_native,Yes,1.0,1.0,1,Yes,9550ac53088db6603080b7c3d10d2735212a462a68d96391a85958ccaa25ba15
amouyal:129,set_42,gp,lingering,prob,upstream_reg_base_native,No,1.0,1.0,0,Yes,4c147350b8e6ff7dafef2e5d7cb2b510e351ca0e8d5c1ca67b2e9bc2eac014a8
amouyal:130,set_42,non_gp,simple,prob,upstream_reg_base_native,Yes,1.0,1.0,1,Yes,b27d091a829a3f2e72a16fff22a24eb7060401af3e423051b61de2a31adbbfd1
amouyal:131,set_42,non_gp,lingering,prob,upstream_reg_base_native,No,0.9999803304672241,0.9999994039535522,0,Yes,3f6a1d95c7b0ab8a70f25e4ce341c0e42d9642b82e325b03610d1c29b58f1620
amouyal:132,set_43,gp,simple,prob,upstream_reg_base_native,Yes,1.0,1.0,1,Yes,7a7969b73f261357ac93dbef462a80ed66ba64c71c3c437ceeffba483e692f21
amouyal:133,set_43,gp,lingering,prob,upstream_reg_base_native,No,1.0,1.0,0,Yes,d6f0f7aba60d38f47f4633987705ca9947837eb3ecee5c1a585bc5bb834026d5
amouyal:134,set_43,non_gp,simple,prob,upstream_reg_base_native,Yes,1.0,1.0,1,Yes,0a0a4f016174c659454948851817f06467cbe243f873805ded7db64d429a7952
amouyal:135,set_43,non_gp,lingering,prob,upstream_reg_base_native,No,1.0,1.0,0,Yes,8de2df8535babec457337cd45dac39090a832bacbde580adf002375c6a2db36a
amouyal:136,set_44,gp,simple,prob,upstream_reg_base_native,Yes,0.9999980926513672,0.999998927116394,1,Yes,c659281bd93a5c9702e99d1c411bac16dc329775c706ec99473ede1fa3773a06
amouyal:137,set_44,gp,lingering,prob,upstream_reg_base_native,No,1.0,0.9999997615814209,0,Yes,160cf0d06c7de5d59a2c57c5266b1418767a108e3662cc7d0f51bbd3b43ff2fc
amouyal:138,set_44,non_gp,simple,prob,upstream_reg_base_native,Yes,0.9999950528144836,0.9999969601631165,1,Yes,899308126d14b13a87302de1b051440212ef8c5454af09e80807d09fe8cac111
amouyal:139,set_44,non_gp,lingering,prob,upstream_reg_base_native,No,0.9999953508377075,0.9999996423721313,0,Yes,d6c7aa9c7259f0f814aa051edb662f6746dedcb604d9d69e4bd0e10963ee440f
amouyal:140,set_45,gp,simple,prob,upstream_reg_base_native,Yes,1.0,1.0,1,Yes,eb357ad64df6bd9587a04548d9969c15f2de8bcd3066b964bfaf66f26a621c02
amouyal:141,set_45,gp,lingering,prob,upstream_reg_base_native,No,0.999994695186615,0.9999999403953552,0,Yes,f8ba1c0255feeba328b6f98841e3596228d0d6f944ec8819a78ddc3f5893925b
amouyal:142,set_45,non_gp,simple,prob,upstream_reg_base_native,Yes,1.0,1.0,1,Yes,e538293fe2d9a8d12ca90521d42c3d123aaa2012b585c89bdb0da1ba4358ee05
amouyal:143,set_45,non_gp,lingering,prob,upstream_reg_base_native,No,1.0,1.0,0,Yes,1d08db8f6c9e76d3d1344ee1eaf0c126d0f1de6c0ed830d5317a3073f0f6e3a0
amouyal:144,set_hyp5_1,non_gp,simple,reflexive,upstream_reg_base_native,Yes,1.0,1.0,1,Yes,2dc73617c3bccffd87c55fab84b6a0f6094c29f955631c31550d755e9fed27c3
amouyal:145,set_hyp5_1,non_gp,lingering,reflexive,upstream_reg_base_native,No,0.5250834226608276,0.9465358257293701,0,Yes,516b51074922079946b7917bc278666a7d1290567bac10d23e1cb0aa4cde481e
amouyal:146,set_hyp5_2,non_gp,simple,reflexive,upstream_reg_base_native,Yes,1.0,1.0,1,Yes,a9e8acccf8497986e433f44ce1aa7a9836f90dbafc2fb9197773afa71ed2d9c7
amouyal:147,set_hyp5_2,non_gp,lingering,reflexive,upstream_reg_base_native,No,1.4410434651113135e-12,0.9999868869781494,1,No,92ec6a6494269702059930f75e7260e6f07af02815c7d2497c09ed2dc66ecc4b
amouyal:148,set_hyp5_3,non_gp,simple,reflexive,upstream_reg_base_native,Yes,1.0,1.0,1,Yes,036fad22974605ed2c3469d4c979ddde9419c24cf87bed77013b0da16021604a
amouyal:149,set_hyp5_3,non_gp,lingering,reflexive,upstream_reg_base_native,No,7.772560373098258e-12,0.9999998807907104,1,No,64da6c3fe0ae1143fdb21febf6804d0dfc25b86a4280743bc05b056404907794
amouyal:150,set_hyp5_4,non_gp,simple,reflexive,upstream_reg_base_native,Yes,1.0,1.0,1,Yes,de8c665899ed245058df0551194449a871ee1513613c216aa3c6c0b47b35d707
amouyal:151,set_hyp5_4,non_gp,lingering,reflexive,upstream_reg_base_native,No,1.165954225529342e-11,0.9999998807907104,1,No,283191bcf8867cfe31c454ffe25cc190ff6eb6f3f76bd0d5f13aa296b004af31
amouyal:152,set_hyp5_5,non_gp,simple,reflexive,upstream_reg_base_native,Yes,1.0,1.0,1,Yes,d154897739fb8d740c22eb399324a5c8bfbcd022a38da3bb9028bd8490492bb5
amouyal:153,set_hyp5_5,non_gp,lingering,reflexive,upstream_reg_base_native,No,1.2210830957481988e-10,0.9999973773956299,1,No,a11942132e4eec5f84fb86187dcc00a482b3786e4ba9194cb7fd814db4875b35
amouyal:154,set_hyp5_6,non_gp,simple,reflexive,upstream_reg_base_native,Yes,1.0,1.0,1,Yes,a20e4371eed5d653377387dce5c9dd476c44fb6118a3edf027b97e04a90db885
amouyal:155,set_hyp5_6,non_gp,lingering,reflexive,upstream_reg_base_native,No,2.146696033378248e-06,0.9991394281387329,1,No,24337bc2a94f67cff0dcaeba47c611d9ed95fe4eaeadacd9d74c8fd6a678aa54
amouyal:156,set_hyp5_7,non_gp,simple,reflexive,upstream_reg_base_native,Yes,1.0,1.0,1,Yes,7b0b3fdc3ce6d538d508f08dbb4e4656f8f96cb8f32c0bfba4e526bda811dbe8
amouyal:157,set_hyp5_7,non_gp,lingering,reflexive,upstream_reg_base_native,No,1.0970327294149151e-12,0.9999992847442627,1,No,d4b04ff927c791632c14c7e7b8aaae4275f329c095e562c94d045f92ef9d6822
amouyal:158,set_hyp5_8,non_gp,simple,reflexive,upstream_reg_base_native,Yes,1.0,1.0,1,Yes,1922e35ed618198c6c3cc374fd2e952d5595f1e3f7d2475ea48381a6fcacd54c
amouyal:159,set_hyp5_8,non_gp,lingering,reflexive,upstream_reg_base_native,No,1.1810376461529604e-11,0.9999954700469971,1,No,9bfe1d346f77ad415ffd4d55a6597e0b81db6f14beb551afbd9b8d44e3d4d2c6
amouyal:160,set_hyp5_9,non_gp,simple,reflexive,upstream_reg_base_native,Yes,1.0,1.0,1,Yes,6b845ff2ee3cbc7d18322ce8d25d7f48367306103313397d2cd1ec2affa4ce94
amouyal:161,set_hyp5_9,non_gp,lingering,reflexive,upstream_reg_base_native,No,0.9650623202323914,0.949122965335846,0,Yes,d86f01602b26b8f48619a5b4cd0420adb5bb5e689c90debfb403bce7b0d03003
amouyal:162,set_hyp5_10,non_gp,simple,reflexive,upstream_reg_base_native,Yes,1.0,1.0,1,Yes,d5611787ea13762663ae2cfcb530dec4b8b73821bc022945cbb05053698d7e92
amouyal:163,set_hyp5_10,non_gp,lingering,reflexive,upstream_reg_base_native,No,0.9999415874481201,0.9960437417030334,0,Yes,fccb7cbf5332ee320e7d39e36fac7edb2596d141ada22d9d933f63e04dd4abd4
amouyal:164,set_hyp5_11,non_gp,simple,reflexive,upstream_reg_base_native,Yes,1.0,1.0,1,Yes,74d24db82862a80a25718ddb5754d9c9fc69fa8e8bbeb38450b371cd0357bf83
amouyal:165,set_hyp5_11,non_gp,lingering,reflexive,upstream_reg_base_native,No,2.546705901718127e-12,0.9999918937683105,1,No,b5b82542085f3b21f2dcc57634059955fcb187b5bda53bddfff951c48c49e215
amouyal:166,set_hyp5_12,non_gp,simple,reflexive,upstream_reg_base_native,Yes,1.0,1.0,1,Yes,745150de4e2dc54519d30a3854c23891e140059e904ea09da1b2978e43d75860
amouyal:167,set_hyp5_12,non_gp,lingering,reflexive,upstream_reg_base_native,No,3.4316052222038707e-08,0.9999989867210388,1,No,7ca79607ec9474b14cde1baabfc65e3a98a68eb58fd845bd58066c3caaecaacb
amouyal:168,set_hyp5_13,non_gp,simple,reflexive,upstream_reg_base_native,Yes,1.0,1.0,1,Yes,19d6690a00454d04e273cf4452e8cb38e00f419dd4e4f8b15bb6416cfd660f6f
amouyal:169,set_hyp5_13,non_gp,lingering,reflexive,upstream_reg_base_native,No,1.1461549487279399e-09,0.9999971389770508,1,No,a8e27eefd76719c0334931116e38ea33f80fddad38ebb8f68f9049ce9ac5fab1
amouyal:170,set_hyp5_14,non_gp,simple,reflexive,upstream_reg_base_native,Yes,0.9998982548713684,0.9997760653495789,1,Yes,cd5d7ebbccfcac76ecf42080d0f66a0083a4d067e64c8d391d8871df99933a36
amouyal:171,set_hyp5_14,non_gp,lingering,reflexive,upstream_reg_base_native,No,2.490289574552662e-08,0.9996597766876221,1,No,b988e335f31122226c367e93187acb228e0313b4d8f867191157ffb41c1eeb0b
amouyal:172,set_hyp5_15,non_gp,simple,reflexive,upstream_reg_base_native,Yes,1.0,1.0,1,Yes,504b7b29127f68c765a59d2cbea0f7101617e542fb9f18bcd281146ab6ed89c1
amouyal:173,set_hyp5_15,non_gp,lingering,reflexive,upstream_reg_base_native,No,9.401689567312133e-06,0.9999725818634033,1,No,26e854fbf18612afb0b302dae6bc9b1eb01c505d91041788a7af70843f1de5f5
amouyal:174,set_hyp5_16,non_gp,simple,reflexive,upstream_reg_base_native,Yes,1.0,1.0,1,Yes,ddad530306ceb9e9235718c5711656306b8c436de7e8cbdc6d9ad43e6b6faba1
amouyal:175,set_hyp5_16,non_gp,lingering,reflexive,upstream_reg_base_native,No,1.0,0.9999995231628418,0,Yes,2fd0331ffdc0f887e46e02bb5e38168e693096efcd10f997ad6b3853c5318473
amouyal:176,set_hyp5_17,non_gp,simple,reflexive,upstream_reg_base_native,Yes,1.0,1.0,1,Yes,c86afaa5a70fdeda3bb185fd81bd1781a19e8df9a0cdfe7539600a08d7729f5c
amouyal:177,set_hyp5_17,non_gp,lingering,reflexive,upstream_reg_base_native,No,2.0893564656176977e-12,0.9999995231628418,1,No,528e71e433e81eba5271e870a5c3cee4811a9d4abb4dc5cde754973b02123b9e
amouyal:178,set_hyp5_18,non_gp,simple,reflexive,upstream_reg_base_native,Yes,0.0009653897723183036,0.9999809265136719,0,No,ba875ce80df938bc077ff43ba9a6d5ef002dd14fa02bd04b60d904a205933d93
amouyal:179,set_hyp5_18,non_gp,lingering,reflexive,upstream_reg_base_native,No,1.702485690202593e-07,0.9999436736106873,1,No,c38eff54107735676570e49064f01a2e62e60f09307c44612c712e8527bacb03
amouyal:180,set_hyp5_19,non_gp,simple,reflexive,upstream_reg_base_native,Yes,1.0,1.0,1,Yes,b43acb185f7a51f464df6495d997147bf9f7996ba56dec4e9743eaf0da670ff0
amouyal:181,set_hyp5_19,non_gp,lingering,reflexive,upstream_reg_base_native,No,2.0247915757248824e-12,0.9999970197677612,1,No,d4643e795ba8198913178c6c9b78f9e5fda2266d70855de92a73efe4f7200367
amouyal:182,set_hyp5_20,non_gp,simple,reflexive,upstream_reg_base_native,Yes,1.0,0.9999996423721313,1,Yes,739c8b53fe401bbe7ece9b9b0419b00e20331ea31c9f3e19a193024ff3c83000
amouyal:183,set_hyp5_20,non_gp,lingering,reflexive,upstream_reg_base_native,No,1.1619258657447062e-05,0.999945342540741,1,No,6138cd1da2be824fecbdffdd8833e74e6bed4a374b3955f105a3eb7ce5676f16
amouyal:184,set_hyp5_21,non_gp,simple,reflexive,upstream_reg_base_native,Yes,1.0,1.0,1,Yes,eed75d2066ad61138dd0a778989bc7e7dc1a7a80c136a86e40399bf5625f8c65
amouyal:185,set_hyp5_21,non_gp,lingering,reflexive,upstream_reg_base_native,No,0.010705266147851944,0.9999813437461853,1,No,605c4a8645f38c5e3debbb110ced9ac3c0c193eec2bbd0f23fa8b27c05423911
amouyal:186,set_hyp5_22,non_gp,simple,reflexive,upstream_reg_base_native,Yes,1.0,1.0,1,Yes,ace4a456b71efa3e12a3ddd8549cac4e55f437c986f42d110fe6a24c351fa1fa
amouyal:187,set_hyp5_22,non_gp,lingering,reflexive,upstream_reg_base_native,No,1.3350773819809092e-09,0.9999814033508301,1,No,15f0d9b5f57a9095b36b2da0d776a1d6b65c0c830fbbe302e26d8e2d796fdaa5
amouyal:188,set_hyp5_23,non_gp,simple,reflexive,upstream_reg_base_native,Yes,1.0,1.0,1,Yes,651b50c6259c4aeeabae2d4354c9a8f5ddf64bfcd6f2f255f002ce37613699e2
amouyal:189,set_hyp5_23,non_gp,lingering,reflexive,upstream_reg_base_native,No,0.0005283821374177933,0.9995337724685669,1,No,4159b6cd7708c14d35121911d9f94d5c1d352a058ee1ad2588c96362e75409de
amouyal:190,set_hyp5_24,non_gp,simple,reflexive,upstream_reg_base_native,Yes,1.0,1.0,1,Yes,9d6f5e1f296e215b9c9ce48bb468ddee33f7436df69ca945025b9da58872c995
amouyal:191,set_hyp5_24,non_gp,lingering,reflexive,upstream_reg_base_native,No,0.9996645450592041,0.9999890327453613,0,Yes,afbe4ace5bf1afc9556bacf98fdb68b15962af45b4f63d7f291bdf6322d8365b
amouyal:192,set_hyp5_1,gp,simple,reflexive,upstream_reg_base_native,Yes,1.0,1.0,1,Yes,caa2324a0a84cbd089af93f4769d1923081d5c542a10fde664a1041658f4ae13
amouyal:193,set_hyp5_1,gp,lingering,reflexive,upstream_reg_base_native,No,0.010592694394290447,0.9997996687889099,1,No,6130707a9dd1b81e2d39be2b9a33f29eedae9da0a04fb640f488e5e5062f095a
amouyal:194,set_hyp5_2,gp,simple,reflexive,upstream_reg_base_native,Yes,1.0,1.0,1,Yes,6b9dbabf022ce99a49143d3de598666b5b2df6439761fae34fdbf302d408840f
amouyal:195,set_hyp5_2,gp,lingering,reflexive,upstream_reg_base_native,No,2.3521718617303122e-07,0.999984860420227,1,No,6ba343ef746934106e4d74aabc6fbd0d971b60792410baf089bd94d678802da7
amouyal:196,set_hyp5_3,gp,simple,reflexive,upstream_reg_base_native,Yes,1.0,1.0,1,Yes,ffeb1199c2defc0d96d2b44342997ad08ea0ef7b97c4bfd5e37e146d08b97519
amouyal:197,set_hyp5_3,gp,lingering,reflexive,upstream_reg_base_native,No,0.0017736657755449414,0.9997491240501404,1,No,7d370165638e52bf0a123852b2222919199e98adedd362ca08a6e18dec2f0416
amouyal:198,set_hyp5_4,gp,simple,reflexive,upstream_reg_base_native,Yes,1.0,1.0,1,Yes,fd218c083980847d6dae71d7d8fa60d87d246c8fe6511aa62ea9bb53a9e5e968
amouyal:199,set_hyp5_4,gp,lingering,reflexive,upstream_reg_base_native,No,0.00751974293962121,0.9999889135360718,1,No,31d1317e6b767d2ab6de4121d5556de4ccb77a2eb4e9f7dea0e9e6023c7c2ed5
amouyal:200,set_hyp5_5,gp,simple,reflexive,upstream_reg_base_native,Yes,1.0,1.0,1,Yes,d8748c905f293f38aa33eb60e9a3a647daf2d4c36642bd65c4480cb3f11bc7ef
amouyal:201,set_hyp5_5,gp,lingering,reflexive,upstream_reg_base_native,No,1.0,0.9999983310699463,0,Yes,dd55a9335ba8be0e3bd8a6b3d4e1aed0f2e505b1de2f0475fc92600c6b7300a0
amouyal:202,set_hyp5_6,gp,simple,reflexive,upstream_reg_base_native,Yes,1.0,1.0,1,Yes,e197a708cea97602a89bc62975c6de24d2c741c5d48fda6dab8ad6dd59c11582
amouyal:203,set_hyp5_6,gp,lingering,reflexive,upstream_reg_base_native,No,0.9999234676361084,0.9999779462814331,0,Yes,b96d9e42e13662a241d27e8d2861d7e6cabcf1974de35fd49787255201706f46
amouyal:204,set_hyp5_7,gp,simple,reflexive,upstream_reg_base_native,Yes,1.0,1.0,1,Yes,8ff280c5d206709275d6eb5e2c7df71bf473e51d581c1b56a6c451cbe1d3e166
amouyal:205,set_hyp5_7,gp,lingering,reflexive,upstream_reg_base_native,No,6.555359846061037e-07,0.9999974370002747,1,No,1fc3ba985dd7df47edc25921f372244432ccb99401ad6ba2888cd878d41f7720
amouyal:206,set_hyp5_8,gp,simple,reflexive,upstream_reg_base_native,Yes,1.0,1.0,1,Yes,fe49d258a334f45201c61e7f6697fa4b628e21628a8607bbad0f83599ddc44a4
amouyal:207,set_hyp5_8,gp,lingering,reflexive,upstream_reg_base_native,No,2.306661735929083e-05,0.9999706149101257,1,No,8f90ae02f34c0d0d6c381d0882cca3c60d4942ada79a9580696d2d1734715805
amouyal:208,set_hyp5_9,gp,simple,reflexive,upstream_reg_base_native,Yes,1.0,1.0,1,Yes,781b32b911b361d19ffcbd49a66f1bcc84f4eb455398e249e67b55578395b71f
amouyal:209,set_hyp5_9,gp,lingering,reflexive,upstream_reg_base_native,No,1.0,1.0,0,Yes,c6fb1c4c8b61e83d2afd6ff5aaaa6b6bdc921f975f19fe39520671774f1be571
amouyal:210,set_hyp5_10,gp,simple,reflexive,upstream_reg_base_native,Yes,1.0,1.0,1,Yes,30133ec68d224715d20748db6e6a00c7d912d40d3fdbf3e21e3c8057e963dd87
amouyal:211,set_hyp5_10,gp,lingering,reflexive,upstream_reg_base_native,No,0.9999982118606567,0.9999518394470215,0,Yes,25209caf0030bdbe1c6fd94a19582da90d9bddbb9554bfd225a57002964c67e6
amouyal:212,set_hyp5_11,gp,simple,reflexive,upstream_reg_base_native,Yes,0.9999111890792847,0.9999674558639526,1,Yes,40c6ecde67d1add5595baa1393abb4b501a42182e0bb97920945cbe80d612864
amouyal:213,set_hyp5_11,gp,lingering,reflexive,upstream_reg_base_native,No,0.49112316966056824,0.9969469308853149,1,No,bcea50a2fe298b1fbeeb48b598fbf7c771826ab0bd3c302e94dc06a11bc092de
amouyal:214,set_hyp5_12,gp,simple,reflexive,upstream_reg_base_native,Yes,1.0,1.0,1,Yes,5d6b7e1cb26eecabfcbb0cbd3b456197adb679bfbdf3c1458a23e7cbf537b767
amouyal:215,set_hyp5_12,gp,lingering,reflexive,upstream_reg_base_native,No,0.7717266082763672,0.9994210004806519,0,Yes,a9790bdca2cc516865fc26931b49f6d78417e611bc234817b8b32cd14ef482ec
amouyal:216,set_hyp5_13,gp,simple,reflexive,upstream_reg_base_native,Yes,1.0,0.9999997615814209,1,Yes,9edc249b45634abbdeaef1b772c183b2fb57fbecba9456266224f65c95221325
amouyal:217,set_hyp5_13,gp,lingering,reflexive,upstream_reg_base_native,No,0.9337854981422424,0.998454213142395,0,Yes,98a5e24c089993ee670c1e1befb0aa6a8bffc83ee6fc9fef92f954f45179eea3
amouyal:218,set_hyp5_14,gp,simple,reflexive,upstream_reg_base_native,Yes,0.1773378998041153,0.9963498711585999,0,No,089c7022462c562ab8b6d7425bb2ab658d57895b4dc55d33f44159156c39a58c
amouyal:219,set_hyp5_14,gp,lingering,reflexive,upstream_reg_base_native,No,0.000751304964069277,0.9994731545448303,1,No,1869c9db78f603a8e2af8d6f9cf2b342bb30882fc6cbd51c07a993567b937106
amouyal:220,set_hyp5_15,gp,simple,reflexive,upstream_reg_base_native,Yes,1.0,0.9999998807907104,1,Yes,07a927b752a0a7b170736577cd74c1e9a53c14fdd250fe9143e46f6e7cd7ac6d
amouyal:221,set_hyp5_15,gp,lingering,reflexive,upstream_reg_base_native,No,0.9999662637710571,0.999983549118042,0,Yes,06a2bcc1c69029e5eb485156e286d02e58babe21d0bfe52327ed16466592d5e7
amouyal:222,set_hyp5_16,gp,simple,reflexive,upstream_reg_base_native,Yes,1.0,1.0,1,Yes,3e24f47374b54de62108f7d46e31b9ef210fcaf04afe3652bf4d3491eb809835
amouyal:223,set_hyp5_16,gp,lingering,reflexive,upstream_reg_base_native,No,1.0,0.9999997615814209,0,Yes,bb0d4d2767f5401a4426201b4ef6546856609889d8fb519b754d47ea8d1229af
amouyal:224,set_hyp5_17,gp,simple,reflexive,upstream_reg_base_native,Yes,1.0,1.0,1,Yes,191870fcfb2070f1fe931c85ea15bbe6e92ca5fd7928f38203b983ed13d85094
amouyal:225,set_hyp5_17,gp,lingering,reflexive,upstream_reg_base_native,No,2.781118224604029e-09,0.999998927116394,1,No,e339171f12c66ee048e78c90a85cef33248eef759b83e97558d04c4448d507b9
amouyal:226,set_hyp5_18,gp,simple,reflexive,upstream_reg_base_native,Yes,0.5218566656112671,0.999700129032135,1,Yes,1b3cdabf3cc16419db5ffe877a90f2fafba30014f3af3a0e4e0909507657ff8c
amouyal:227,set_hyp5_18,gp,lingering,reflexive,upstream_reg_base_native,No,0.9999829530715942,0.9999939203262329,0,Yes,16b3814919129c8bc5dfdd1ca2acd0cbd6fd7bc9107685b6350f321f14733885
amouyal:228,set_hyp5_19,gp,simple,reflexive,upstream_reg_base_native,Yes,1.0,1.0,1,Yes,218a13dbe4cda31a857bff667a2dbec99239e174d528c98f0f0f40a2af11957a
amouyal:229,set_hyp5_19,gp,lingering,reflexive,upstream_reg_base_native,No,0.9193525314331055,0.9998652935028076,0,Yes,3e44fd4adc8f200a47f5f5cae578c48e804f36a28a6980d3027ceb97f0e20de6
amouyal:230,set_hyp5_20,gp,simple,reflexive,upstream_reg_base_native,Yes,1.0,0.9999998807907104,1,Yes,070b3d1cfd8cc131b49bbec2365bb675eff326714382c4751ffea160b57d116f
amouyal:231,set_hyp5_20,gp,lingering,reflexive,upstream_reg_base_native,No,0.9999855160713196,0.9999844431877136,0,Yes,a5f20b54d989fa0ba3e6a6383a6594bacc8ba282354e2ba0ee9c259e8a03ad10
amouyal:232,set_hyp5_21,gp,simple,reflexive,upstream_reg_base_native,Yes,1.0,0.9999998807907104,1,Yes,60e9924d09c556e014a0a88785e4d50945aa16458e340a92d78a634269d1babf
amouyal:233,set_hyp5_21,gp,lingering,reflexive,upstream_reg_base_native,No,0.9741942882537842,0.9999988079071045,0,Yes,38b17eb7b170a57662dee19945b3ad1d4cda1959bf64c958c75dfd0221ba630d
amouyal:234,set_hyp5_22,gp,simple,reflexive,upstream_reg_base_native,Yes,1.0,0.9999996423721313,1,Yes,43ba8a4e2de37c378725b76b4f1c45f7b9102359810baef29bc5faac6fa58335
amouyal:235,set_hyp5_22,gp,lingering,reflexive,upstream_reg_base_native,No,0.9611843824386597,0.9974366426467896,0,Yes,3221d0c99d7a4427464e8a676d2af5ca28ab95aeb4485c01b263bf10d22e809c
amouyal:236,set_hyp5_23,gp,simple,reflexive,upstream_reg_base_native,Yes,1.0,1.0,1,Yes,d254353257ecc1119e0ca75d26c74985c4f2f69d0633a248f5ea2f3b40d546f4
amouyal:237,set_hyp5_23,gp,lingering,reflexive,upstream_reg_base_native,No,0.9999933838844299,0.9999906420707703,0,Yes,b5ff5325f0d00ec5872623ecc2378886136a158b43814d0007648713bad08cf5
amouyal:238,set_hyp5_24,gp,simple,reflexive,upstream_reg_base_native,Yes,1.0,1.0,1,Yes,9968ed79a00116bd53621d1f52cc76f5c2c96a524687f12ec4afc113bfac32bb
amouyal:239,set_hyp5_24,gp,lingering,reflexive,upstream_reg_base_native,No,1.0,1.0,0,Yes,44cf839aebd25d2bda039777c698b66955e39b1915073132fa6538eb4149a0a6
amouyal:240,set_1,gp,simple,prob,upstream_reg_base_native,Yes,1.0,1.0,1,Yes,528c707899fc0e47ac1d53d11283c755ee2710596e485014d7d5805e78cfb7e2
amouyal:241,set_1,gp,lingering,prob,upstream_reg_base_native,No,0.13679568469524384,0.9998241066932678,1,No,ab6e364e83d954904ab26f5b1e17a9641848a0f5ed8e7dab94c5b626a87505e7
amouyal:242,set_1,non_gp,simple,prob,upstream_reg_base_native,Yes,1.0,1.0,1,Yes,89c847299eeb5218fac4b3450ff50ede71025f01405ad79aed30cd9c25d86cd4
amouyal:243,set_1,non_gp,lingering,prob,upstream_reg_base_native,No,0.9842264652252197,0.999994158744812,0,Yes,44c5e1c940bd23e19405f3eb65b2da05cac5b41bb9451239f248d90e86f20bb1
amouyal:244,set_2,gp,simple,prob,upstream_reg_base_native,Yes,1.0,1.0,1,Yes,aa532617ba6eb67b398ac65ef3409f94ce3190f2d0fa3993157e162589a75d87
amouyal:245,set_2,gp,lingering,prob,upstream_reg_base_native,No,1.0,1.0,0,Yes,c3def748317365b0e3f25f6ef55108235826b650addcc503359e8f567bf0a968
amouyal:246,set_2,non_gp,simple,prob,upstream_reg_base_native,Yes,1.0,1.0,1,Yes,dab66a185e4484589c764135cd004fa9d438818c5d873e9d25d13a749b8f1bfd
amouyal:247,set_2,non_gp,lingering,prob,upstream_reg_base_native,No,1.0,1.0,0,Yes,9a12a6f2c3481c196e82683c1e5115e0a40c9e3ef2bd10c197171249b27425b7
amouyal:248,set_3,gp,simple,prob,upstream_reg_base_native,Yes,0.9994649291038513,0.9999430179595947,1,Yes,6dcad03051c56237ea9673aeb6181c9991d3dd7ff969b69e4aaf75945403bb9b
amouyal:249,set_3,gp,lingering,prob,upstream_reg_base_native,No,0.9996837973594666,0.9999933838844299,0,Yes,1d99ddace5ca7ad6302be321f668ae66e48fe2ec5cc2b58d3627140f2df81678
amouyal:250,set_3,non_gp,simple,prob,upstream_reg_base_native,Yes,1.0,1.0,1,Yes,fb91379a4ada5dee33ebb074956a6df82343fb0f6d23b2b36fe9cb9b0a585c45
amouyal:251,set_3,non_gp,lingering,prob,upstream_reg_base_native,No,0.0002942240971606225,0.9998192191123962,1,No,55e72ad36dd319b5508f688341836afdbc7f4b258ade75a6fe126a3165061465
amouyal:252,set_4,gp,simple,prob,upstream_reg_base_native,Yes,1.0,1.0,1,Yes,ad470aef5a9bcfd0934487a412ffd8a61a22645ec0a8d63506daf202529987e0
amouyal:253,set_4,gp,lingering,prob,upstream_reg_base_native,No,0.9999992251396179,0.9999902844429016,0,Yes,55b0e27a23de52c98a8edc587e44daa8f49a728602beb6a1d8955af7ad63877c
amouyal:254,set_4,non_gp,simple,prob,upstream_reg_base_native,Yes,1.0,1.0,1,Yes,f60978d718df0961e63224a1673ab2a265468fd0b2e2a6f351503337e9912398
amouyal:255,set_4,non_gp,lingering,prob,upstream_reg_base_native,No,0.9999999403953552,0.9999974370002747,0,Yes,f0beb36d37afc933c60f21a2851bb5e07b065e53a6fa420c496f71755b1b2642
amouyal:256,set_5,gp,simple,prob,upstream_reg_base_native,Yes,1.0,1.0,1,Yes,f28c85f5b5b7b46536cf70dfe9931ec9771e2cf10c776766afdd0d19227f00e7
amouyal:257,set_5,gp,lingering,prob,upstream_reg_base_native,No,3.6027166061103344e-05,0.9999997615814209,1,No,efa3098f497eb78b45a119a3dfb3c99ddac308c50833e481ba9e95f9343cb657
amouyal:258,set_5,non_gp,simple,prob,upstream_reg_base_native,Yes,1.0,1.0,1,Yes,ec8f62998c4de23e5ee2b06e2dd717444fb08bacf8b29766346a057a924a6823
amouyal:259,set_5,non_gp,lingering,prob,upstream_reg_base_native,No,0.9999935030937195,0.9999988675117493,0,Yes,ba463c30769e7376a2f4af782796f14697ffaa0b3309b65aa6d2a14985e10c25
amouyal:260,set_6,gp,simple,prob,upstream_reg_base_native,Yes,1.0,0.9999998807907104,1,Yes,94a0ecf904fb04d9b30045ac68134564fd47bfea6e94b06300fe02fa6fdd8c04
amouyal:261,set_6,gp,lingering,prob,upstream_reg_base_native,No,0.9999889135360718,0.9999830722808838,0,Yes,f7b0edb1839f60919912a5d9919c6e6693f150e51bd94210ae078fa3ea680033
amouyal:262,set_6,non_gp,simple,prob,upstream_reg_base_native,Yes,1.0,1.0,1,Yes,71dc42b97d64b1a22e381bea4bebb0f328462e3395a6fef1a267b81f4ecfe66c
amouyal:263,set_6,non_gp,lingering,prob,upstream_reg_base_native,No,0.9996806383132935,0.9997497797012329,0,Yes,47d9863baa0d132e2ad11b86a075df4fa30f23b7c7e085d392a5b481e1082a32
amouyal:264,set_7,gp,simple,prob,upstream_reg_base_native,Yes,0.9963892102241516,0.9967121481895447,1,Yes,6a215dcffde4e72d72eb418a51fec66354e8930895d7e1126a5c4d2edfabbfad
amouyal:265,set_7,gp,lingering,prob,upstream_reg_base_native,No,1.0,0.9999984502792358,0,Yes,10ca49a4aa9027821ed7461a3deb7f756c09aee1b97114501f1465370b26203f
amouyal:266,set_7,non_gp,simple,prob,upstream_reg_base_native,Yes,1.0,0.9999949932098389,1,Yes,9d9e51abb22aa8f82fc8ef460712938e2c264b59a134f37d7503e50450b29803
amouyal:267,set_7,non_gp,lingering,prob,upstream_reg_base_native,No,0.9999998211860657,0.9999955296516418,0,Yes,eb9d78dd978aa0e9ce6ef31d2ffc4918050d0709414d1f77c5cd84adbdb85aa6
amouyal:268,set_8,gp,simple,prob,upstream_reg_base_native,Yes,1.0,1.0,1,Yes,40be862130a4d9ca58e1e8c71e451ece2c8dda8012e7dade93492a53e966f997
amouyal:269,set_8,gp,lingering,prob,upstream_reg_base_native,No,0.9999740719795227,0.9999962449073792,0,Yes,9c46b990931b79e20f14c4fdb836f39e032560e44a182638e1fac357d2263759
amouyal:270,set_8,non_gp,simple,prob,upstream_reg_base_native,Yes,1.0,1.0,1,Yes,5767508a0a0eee8da3fc99612d9cbb45c8b04b57235d3327fb31e14fd00b383d
amouyal:271,set_8,non_gp,lingering,prob,upstream_reg_base_native,No,0.9996610879898071,0.9996278285980225,0,Yes,990cb4a3493b5c896dcdf25dea18116812ce8e461f585672bf8259809efbd026
amouyal:272,set_9,gp,simple,prob,upstream_reg_base_native,Yes,1.0,1.0,1,Yes,9e1fadfd93885ee051762b64cb6101820ca611acc75c988f13799057ea9af6b1
amouyal:273,set_9,gp,lingering,prob,upstream_reg_base_native,No,1.0,1.0,0,Yes,132390150d33c1acb310311a2844f14d94a5a6658d6a13eb3dfc9b054ef557fd
amouyal:274,set_9,non_gp,simple,prob,upstream_reg_base_native,Yes,1.0,1.0,1,Yes,cfcfd8f878e508c6d79ff6885b69560c0d6b1c8cc767f596dd61edc255d79f14
amouyal:275,set_9,non_gp,lingering,prob,upstream_reg_base_native,No,1.0,1.0,0,Yes,d85c12e705a6633e2718a4199b3dd3dc2e1921b786a7a66646a076ca3639c4b8
amouyal:0,set_10,gp,simple,prob,upstream_reg_base_prefill,Yes,0.99741530418396,0.9995049834251404,1, Yes,ef652f9b1ff1dc404f4a47020ab0af8148b73b023693ba6fffedf41773f5c084
amouyal:1,set_10,gp,lingering,prob,upstream_reg_base_prefill,No,0.9964034557342529,0.9990012645721436,0, Yes,680c92ad8c7b4df10a324699ccbc3c38907843be261a70423cab73f4d1de54f4
amouyal:2,set_10,non_gp,simple,prob,upstream_reg_base_prefill,Yes,0.999441385269165,0.9994848966598511,1, Yes,b9d477761c5dca572ffaf8a1cd0d317b442301e372cf7ff7b1ee32faa3a15548
amouyal:3,set_10,non_gp,lingering,prob,upstream_reg_base_prefill,No,0.9993788599967957,0.9993810653686523,0, Yes,49f317b36d6b19ce8f3adb266c4b469ed0cd33fd431905ae8103c1dd6a3639fb
amouyal:4,set_11,gp,simple,prob,upstream_reg_base_prefill,Yes,0.9998831152915955,0.9993151426315308,1, Yes,2801fdd484cac6bc68ba30b945637f9e3875648d20e881dead783c13d66bc98d
amouyal:5,set_11,gp,lingering,prob,upstream_reg_base_prefill,No,0.9966655969619751,0.9990898370742798,0, Yes,eabb3701fb4559804e17aa1f0150954aea7ad873e1c9e01102e2a9b28f38fd4e
amouyal:6,set_11,non_gp,simple,prob,upstream_reg_base_prefill,Yes,0.9998862147331238,0.9991115927696228,1, Yes,f17a4dc383195155b5de97a8ab0238c8561eca32d2e3aea935753485c4a8ecdd
amouyal:7,set_11,non_gp,lingering,prob,upstream_reg_base_prefill,No,0.997721254825592,0.9984443783760071,0, Yes,6e3410d3a4861364ac9332e0acc6666788556b6ac818a047e715f4b5656543e6
amouyal:8,set_12,gp,simple,prob,upstream_reg_base_prefill,Yes,0.05960271134972572,0.9998489618301392,0, No,20d055c355d371ea74f3302b637f3e2ce60f662d1a2ff39420ad5dd63230fb74
amouyal:9,set_12,gp,lingering,prob,upstream_reg_base_prefill,No,0.9978496432304382,0.999359130859375,0, Yes,05fa5d3e97d67ec65496d346cb1295033306f51b9ac8372b7a2da7f2386719ff
amouyal:10,set_12,non_gp,simple,prob,upstream_reg_base_prefill,Yes,0.9999808669090271,0.9996150135993958,1, Yes,0dbcdc08941b591e4171c8ba7421f998d09bbc4b2a8b6566e9af683bab637c3f
amouyal:11,set_12,non_gp,lingering,prob,upstream_reg_base_prefill,No,0.9980988502502441,0.9987338781356812,0, Yes,80403a9cc4d45b2a9d8153f4c81cdafebbf3e8d67f59e9ed929620821c67285f
amouyal:12,set_13,gp,simple,prob,upstream_reg_base_prefill,Yes,0.9990016222000122,0.9995448589324951,1, Yes,87c939fed6c8a1902c9b0becb0f9e9ae2c8ce134fd2d59082d526a9cbe042751
amouyal:13,set_13,gp,lingering,prob,upstream_reg_base_prefill,No,0.5868368744850159,0.9990724921226501,0, Yes,fe1e5f80c8a8707900cd481985921ff7cd710538507f84937911887e730e7b4e
amouyal:14,set_13,non_gp,simple,prob,upstream_reg_base_prefill,Yes,0.9999973177909851,0.9997705817222595,1, Yes,a900198f07bcbcf4b70f0a55460cc5854e47fb1d01fdfe0b180718ef8fe6fc27
amouyal:15,set_13,non_gp,lingering,prob,upstream_reg_base_prefill,No,0.9995052814483643,0.9988511204719543,0, Yes,e5bb6972896047a7a6fda5d5d0ceb21904100c3540d2f0b3384e8cfdcacd8834
amouyal:16,set_14,gp,simple,prob,upstream_reg_base_prefill,Yes,0.9382744431495667,0.9984351396560669,1, Yes,5ca9040b43b908d601c01fb2fdcdcf1f12adc128c987e42ba491b430bd2a1481
amouyal:17,set_14,gp,lingering,prob,upstream_reg_base_prefill,No,0.9736729264259338,0.9986536502838135,0, Yes,99ca9c0ddb3986007a7470c80dbbcbd2d75350adb673b1bb3665ac0ed364190a
amouyal:18,set_14,non_gp,simple,prob,upstream_reg_base_prefill,Yes,0.9742996692657471,0.9984627962112427,1, Yes,f9dd983aaa9ba7636818a3ca65f239490e49544dffd17eaf941a4870350a2ec1
amouyal:19,set_14,non_gp,lingering,prob,upstream_reg_base_prefill,No,0.0005240316968411207,0.9998980760574341,1, No,4a089dc16a882f6ad267b8a8a389f209b5d6d1151cfe35388e37704b5a334875
amouyal:20,set_15,gp,simple,prob,upstream_reg_base_prefill,Yes,0.9999814033508301,0.9998462200164795,1, Yes,ab374fbfea2b2e41b0da1b2a2a704e79428bcb5860587043857415b8d3e2494c
amouyal:21,set_15,gp,lingering,prob,upstream_reg_base_prefill,No,0.9993557333946228,0.9993448853492737,0, Yes,16557816708a021db71dc607ffcfece2d959765a6e94c3e3f8e8430aa51d92ea
amouyal:22,set_15,non_gp,simple,prob,upstream_reg_base_prefill,Yes,0.9999961256980896,0.9998372197151184,1, Yes,a49469c227896391f4e0f988e2237b4c38d22e257531a074765384f43cb5aa67
amouyal:23,set_15,non_gp,lingering,prob,upstream_reg_base_prefill,No,0.9999261498451233,0.9995748400688171,0, Yes,ffcf4d2628b39d9fba927417b2de42838c0c20da54665ef9e9e3b33992bdf09e
amouyal:24,set_16,gp,simple,prob,upstream_reg_base_prefill,Yes,0.9997075200080872,0.9995176792144775,1, Yes,ef7cdea08f77dfb68933fdc95ed8629db1b949a529af206eb7dfcddd59d3c6b1
amouyal:25,set_16,gp,lingering,prob,upstream_reg_base_prefill,No,0.9974640011787415,0.9992941617965698,0, Yes,f4f9f96b56ce406aa6c6822a6240b64b258eb4ade13fea042635dbc6e037de18
amouyal:26,set_16,non_gp,simple,prob,upstream_reg_base_prefill,Yes,0.9999825954437256,0.9995732307434082,1, Yes,95790478bf6c638a5ee16b2caec9178e292a02c2c331079c128a477799494c1f
amouyal:27,set_16,non_gp,lingering,prob,upstream_reg_base_prefill,No,0.9992583394050598,0.9987878799438477,0, Yes,ef9242edf365ac0c74f5ff5b86e48c97e1ff5292e9005c6ffccf3db9536fa26a
amouyal:28,set_17,gp,simple,prob,upstream_reg_base_prefill,Yes,0.9969387650489807,0.9992268681526184,1, Yes,9936c46e833f03fe2646d4486a8f19812a3496b61d0007728c955ae8fb1527da
amouyal:29,set_17,gp,lingering,prob,upstream_reg_base_prefill,No,0.9736239910125732,0.998336911201477,0, Yes,3b2e6ca096c8defb91d3637d9008f56299ee4210066359cda4cce89e56b4c2eb
amouyal:30,set_17,non_gp,simple,prob,upstream_reg_base_prefill,Yes,0.9999765753746033,0.9996458888053894,1, Yes,95f3bfd9c5c445253f01b1807adb3496101c9d03a9d5daf135b864830639e898
amouyal:31,set_17,non_gp,lingering,prob,upstream_reg_base_prefill,No,3.150803240714595e-05,0.9999729990959167,1, No,e49a16a2e6e2c92696cb47ac9b3a9728679f8b0663e9b43d696163527c143141
amouyal:32,set_18,gp,simple,prob,upstream_reg_base_prefill,Yes,0.9998966455459595,0.999754786491394,1, Yes,a20aa3b683632c88ff7c0f4f2881642c1fff28c0f6e4c9988e4f96e00a240dea
amouyal:33,set_18,gp,lingering,prob,upstream_reg_base_prefill,No,0.05162648484110832,0.9997214078903198,1, No,d4204d7a9815e5ee52760711a01e1af0e4186b414a07d1f0ff4d6ea42eab46f2
amouyal:34,set_18,non_gp,simple,prob,upstream_reg_base_prefill,Yes,0.9999873638153076,0.9995465874671936,1, Yes,283d9975b66befd829ccbb0492230ec42cfc2f20a9e760718a2cbfdc0946421c
amouyal:35,set_18,non_gp,lingering,prob,upstream_reg_base_prefill,No,2.687368938492085e-10,0.9999665021896362,1, No,9f4772427d809a666515def0307cc6d7e2df1926f8670cc29f4b1b1cd7b86a3d
amouyal:36,set_19,gp,simple,prob,upstream_reg_base_prefill,Yes,0.9999830722808838,0.999678373336792,1, Yes,7f1189f2be220f546b8830b00e26a6de1d44ee02b5b7578a9d8822d8543f01d2
amouyal:37,set_19,gp,lingering,prob,upstream_reg_base_prefill,No,0.9925375580787659,0.9988236427307129,0, Yes,34531fe85013b13934c6534aa9e4e06322179d685692fd0c5b7b829558a13c81
amouyal:38,set_19,non_gp,simple,prob,upstream_reg_base_prefill,Yes,0.999987781047821,0.9996397495269775,1, Yes,b020fe3cdd80f628fde4241071c733beff11cc41a26c1322166c019adc07f844
amouyal:39,set_19,non_gp,lingering,prob,upstream_reg_base_prefill,No,0.9468781352043152,0.9984221458435059,0, Yes,88baa5dadb7f63a35f77a86682f0765c433fe1b260a6fa531594bf576ad7673f
amouyal:40,set_20,gp,simple,prob,upstream_reg_base_prefill,Yes,0.9995021820068359,0.9996016621589661,1, Yes,3c1adae4d95a10421d64d2ff8ba8d1e5665bf5032f97744288dd9b10c7f4bf98
amouyal:41,set_20,gp,lingering,prob,upstream_reg_base_prefill,No,0.8872988820075989,0.9986512064933777,0, Yes,38887bcd85e7524b2bf9fb6b197e487014a5cc58971aa9d50ee347ff0c92e38d
amouyal:42,set_20,non_gp,simple,prob,upstream_reg_base_prefill,Yes,0.9999376535415649,0.9995393753051758,1, Yes,6a22f75bf257fff753502f49d1a7188ad8524fea9dca646f43fa49d71b03c270
amouyal:43,set_20,non_gp,lingering,prob,upstream_reg_base_prefill,No,1.8936221124477015e-07,0.9999479055404663,1, No,03ed1321c520554c4445a3328a26fd048af964879ad68268d08d0874a23fd1a6
amouyal:44,set_21,gp,simple,prob,upstream_reg_base_prefill,Yes,0.9983928203582764,0.9993149042129517,1, Yes,3466ef19c008d3b107e6b788a762d19580ec063026decd08ec1bbe46280df9d1
amouyal:45,set_21,gp,lingering,prob,upstream_reg_base_prefill,No,0.0014346110401675105,0.9999221563339233,1, No,285c96e8f385a6003cdfe07875629ad3db019c36da08cb81e071b97a4b8c5c97
amouyal:46,set_21,non_gp,simple,prob,upstream_reg_base_prefill,Yes,0.9999986886978149,0.9996388554573059,1, Yes,a485922f959725a5927ab017d3846a1d023714a88511adb2b2c2912d8bd308d6
amouyal:47,set_21,non_gp,lingering,prob,upstream_reg_base_prefill,No,0.9260683059692383,0.9987457394599915,0, Yes,2b3c09a8a4bf8aa2c64277cbc15e17c2eed1eccb3ea57276c7d6b1f53c6764db
amouyal:48,set_22,gp,simple,prob,upstream_reg_base_prefill,Yes,0.999986469745636,0.9992499351501465,1, Yes,01b3c50e86c94cd2e7272b6fbb45fffa5b40cb9b377d57b86e59fb26045a6b05
amouyal:49,set_22,gp,lingering,prob,upstream_reg_base_prefill,No,0.9988698363304138,0.9992461800575256,0, Yes,273018a7bd13ce5ca5c7d1a2699e5b49f7aa0179733792583dffc6ed9c5f6bf4
amouyal:50,set_22,non_gp,simple,prob,upstream_reg_base_prefill,Yes,0.9999741911888123,0.9989995360374451,1, Yes,5fba15f9296e4a7734ac932b421aa275c574814acf9e4c9182585f34fb8e4869
amouyal:51,set_22,non_gp,lingering,prob,upstream_reg_base_prefill,No,2.3927366328280186e-06,0.9999693632125854,1, No,4019f25cb86f8605746c799959610539f10a9c4a8d87d58645d69b29ee71e8b5
amouyal:52,set_23,gp,simple,prob,upstream_reg_base_prefill,Yes,0.9983721375465393,0.999354898929596,1, Yes,2a91e315e8f48c3be16c48bacb078b456dafc38cdfa1e0af10762d96bf6ce8d5
amouyal:53,set_23,gp,lingering,prob,upstream_reg_base_prefill,No,0.9753668308258057,0.999222457408905,0, Yes,38160ce3655b85ecb361db9f68171e678f7c55821c14ea274038dfb06fbfd820
amouyal:54,set_23,non_gp,simple,prob,upstream_reg_base_prefill,Yes,0.9999819397926331,0.9996189475059509,1, Yes,c913f4ea706851d18b095a5b67164f4150f5edcb87fb825759430c1f560ec071
amouyal:55,set_23,non_gp,lingering,prob,upstream_reg_base_prefill,No,0.9998841881752014,0.9993916749954224,0, Yes,10867721324e0deee9820da75a4b6e43b5b467c59d6e5ef90479626069f9d79c
amouyal:56,set_24,gp,simple,prob,upstream_reg_base_prefill,Yes,0.9649201035499573,0.9994547963142395,1, Yes,eafada9f891cdacea42cb91ceaa9cb3af03dcdf0c05a4f7c9a5857c03aabe6b3
amouyal:57,set_24,gp,lingering,prob,upstream_reg_base_prefill,No,0.5747455358505249,0.9992040991783142,0, Yes,4df51ac466424bd3da17e81f9d374a04fce8821bda70bfaaf777de75ae446b2e
amouyal:58,set_24,non_gp,simple,prob,upstream_reg_base_prefill,Yes,0.9997933506965637,0.9995101690292358,1, Yes,a1dd2dbf4d32508251f3a1c8081cb14a1f45c78a2acf947ac04f91ed410ffc31
amouyal:59,set_24,non_gp,lingering,prob,upstream_reg_base_prefill,No,1.18801335702301e-06,0.999984085559845,1, No,6b7f6115718d5202ab8e657898af29cc20fd9fb80d92b1062074659e78dbc3c0
amouyal:60,set_25,gp,simple,prob,upstream_reg_base_prefill,Yes,0.9999511241912842,0.9997825026512146,1, Yes,09364518a7144dbe7b1b6b42c4a206d7132dc2cb32f9a8b802b0b68059fb3a0d
amouyal:61,set_25,gp,lingering,prob,upstream_reg_base_prefill,No,0.99908846616745,0.9994417428970337,0, Yes,3ffa58d45903b5c1f3a419d1d5567b73f5a197d1fd8506711e1bd50fe56a55dd
amouyal:62,set_25,non_gp,simple,prob,upstream_reg_base_prefill,Yes,0.9999770522117615,0.9997547268867493,1, Yes,793f737edf8bdc67624c3f0db31921803c8ae93719c755f45aaff604191aebf4
amouyal:63,set_25,non_gp,lingering,prob,upstream_reg_base_prefill,No,0.9916797280311584,0.9991458654403687,0, Yes,a638c6805837f1cb0527a3752052162a7ba369781376b60a6c21e440a683c3ff
amouyal:64,set_26,gp,simple,prob,upstream_reg_base_prefill,Yes,0.9986688494682312,0.9989912509918213,1, Yes,a8796811f7c9e4a092a19e927ccba6c5aa0f0a7335265ccfd717add4f4773292
amouyal:65,set_26,gp,lingering,prob,upstream_reg_base_prefill,No,2.0901818061247468e-05,0.9999509453773499,1, No,be5c0a474cebccead3110596d3f5f472f67bb717658a28925595a98a73727f0d
amouyal:66,set_26,non_gp,simple,prob,upstream_reg_base_prefill,Yes,0.9999784231185913,0.9992828965187073,1, Yes,a564d83833f61d8497cddb752e9eadec408c9676f57c515a53621c992d2cb84c
amouyal:67,set_26,non_gp,lingering,prob,upstream_reg_base_prefill,No,2.588581848872451e-10,0.9999452829360962,1, No,6a3057b51138f3cc4542e388e6b03acf48f88570f174335b565ddb64042622f8
amouyal:68,set_27,gp,simple,prob,upstream_reg_base_prefill,Yes,0.9999651312828064,0.9997735619544983,1, Yes,352632d86b62b2d63a9ca718f9add1daaf55e2ce97b08a6b2d6cff0074d9c2ba
amouyal:69,set_27,gp,lingering,prob,upstream_reg_base_prefill,No,0.999292254447937,0.9993540644645691,0, Yes,ffe2a023545e95533f4f46d03c0471d50552f87c773486f5ba1ec9dce34efa8d
amouyal:70,set_27,non_gp,simple,prob,upstream_reg_base_prefill,Yes,0.9999712705612183,0.9995255470275879,1, Yes,16a0c7c3872ac1039c0730f65affc35a495bb3b03b7ef1bf8a640897b9a2d90d
amouyal:71,set_27,non_gp,lingering,prob,upstream_reg_base_prefill,No,0.0334768146276474,0.9992094039916992,1, No,a4ca414281509ced94b21810c7f7bbc71ebf14bf145e62e2007504a11d496824
amouyal:72,set_28,gp,simple,prob,upstream_reg_base_prefill,Yes,0.9990732669830322,0.9990664720535278,1, Yes,f9586ab8e3aa75fcdb3e733582960a8ba18a490bbbabb38d375f2a30178f2422
amouyal:73,set_28,gp,lingering,prob,upstream_reg_base_prefill,No,0.07876637578010559,0.999104917049408,1, No,4a2d36192ff7f3064d170ba1b04b09470449a9dc2e041eb9f942ec4e320930f5
amouyal:74,set_28,non_gp,simple,prob,upstream_reg_base_prefill,Yes,0.9999857544898987,0.9994643926620483,1, Yes,7608cd7d43931e43a7cc0bd001f7eff7be2c770d806e229eb83072c3cfc1ef2a
amouyal:75,set_28,non_gp,lingering,prob,upstream_reg_base_prefill,No,0.001982314046472311,0.9998273849487305,1, No,28d74c48cf3835954261fc4929bcc45c74f45ecbfcec5a1f3ca17a210b473c2e
amouyal:76,set_29,gp,simple,prob,upstream_reg_base_prefill,Yes,0.9999122023582458,0.9996452331542969,1, Yes,abadc14b14b5b7e13e06bb6761c8a142e3c402545eb820474337878d56f7dbc1
amouyal:77,set_29,gp,lingering,prob,upstream_reg_base_prefill,No,0.9980806708335876,0.9992007613182068,0, Yes,b879373c3e46dee3c7ee0c210e1a904d726e55b118b67e18028ecc95bc8eeb71
amouyal:78,set_29,non_gp,simple,prob,upstream_reg_base_prefill,Yes,0.9999875426292419,0.9994929432868958,1, Yes,b5df26e36cfd52bc84c32d13138f95b5b02e40d04b64f1ad728eb33b9c762519
amouyal:79,set_29,non_gp,lingering,prob,upstream_reg_base_prefill,No,0.2847740054130554,0.998831033706665,1, No,aca40339289b1c44dd5d4e8891a3c2174b75a5a3e23c82817b2c954aae375a41
amouyal:80,set_30,gp,simple,prob,upstream_reg_base_prefill,Yes,0.9999805092811584,0.9995986223220825,1, Yes,cef6a31c766b685ee5d405ac98573fd94cd026e15cc393c174584739f2929950
amouyal:81,set_30,gp,lingering,prob,upstream_reg_base_prefill,No,0.9993507266044617,0.9992640018463135,0, Yes,d24694410d5abb5c452ab9f011ff83882b1b117a3b724d061c0691ca45754c4e
amouyal:82,set_30,non_gp,simple,prob,upstream_reg_base_prefill,Yes,0.9999957084655762,0.9996035695075989,1, Yes,3eb67442fad864f7b900f41b32d61cd87e1217f0353b06b4cdd9e037db48069e
amouyal:83,set_30,non_gp,lingering,prob,upstream_reg_base_prefill,No,0.9956528544425964,0.9985677599906921,0, Yes,5ae75123e4ea5c6a6d86fb782f07522417d0e06aadadd5f51b7446c7a0c95677
amouyal:84,set_31,gp,simple,prob,upstream_reg_base_prefill,Yes,0.9993709325790405,0.9993831515312195,1, Yes,49aa49101880a286656e9604832711d64ce7475bb9901cd835f9b43fe3e063aa
amouyal:85,set_31,gp,lingering,prob,upstream_reg_base_prefill,No,0.5869934558868408,0.9990265965461731,0, Yes,a3979e69ffc9739ff1552a4e5f68c328d281782eef4b7c80ca64ed98a6325edf
amouyal:86,set_31,non_gp,simple,prob,upstream_reg_base_prefill,Yes,0.9999874830245972,0.9996361136436462,1, Yes,7e4b593f2bb4ff8d98da24dd42b1e2691bd5f2dcce0932fabd2e806d6632dab3
amouyal:87,set_31,non_gp,lingering,prob,upstream_reg_base_prefill,No,0.6731939911842346,0.9993877410888672,0, Yes,50019426c7668f8b87b706e6eeca509dc90dc50f3d73f764fb23dfd3f7411a38
amouyal:88,set_32,gp,simple,prob,upstream_reg_base_prefill,Yes,0.9952423572540283,0.9988743662834167,1, Yes,fe2cfd74e4c5edbe971ca680c0cb2282fd2ce04e7aa3da309d7ec985171c4987
amouyal:89,set_32,gp,lingering,prob,upstream_reg_base_prefill,No,0.22229835391044617,0.9993099570274353,1, No,17714d53d25bb673bfa2451f55ce00c6b19cfa4ced28e2d3ae866f816848bc70
amouyal:90,set_32,non_gp,simple,prob,upstream_reg_base_prefill,Yes,0.9999921321868896,0.9995876550674438,1, Yes,9fbb806baf4b304c254615389257ab6d65aa0f9dc0c8e5212871d3093ea617aa
amouyal:91,set_32,non_gp,lingering,prob,upstream_reg_base_prefill,No,2.2912130526187013e-10,0.9999808073043823,1, No,ed16964792751190634312c058a948e83bf621760a6b0814201e023ad8fe8857
amouyal:92,set_33,gp,simple,prob,upstream_reg_base_prefill,Yes,0.9982410669326782,0.9997294545173645,1, Yes,4e8c1b651f93f11502693f1b4238d53b5d52445c0099d5e11df16434463bd234
amouyal:93,set_33,gp,lingering,prob,upstream_reg_base_prefill,No,0.9889968633651733,0.9994220733642578,0, Yes,ce54207a598891eecf75daca2af99a62fa13b2ac1121f916000baa8cb26c3b47
amouyal:94,set_33,non_gp,simple,prob,upstream_reg_base_prefill,Yes,0.9999758005142212,0.999710738658905,1, Yes,5440501cbc524558b293df4578a1ff30fa215d921a546e1ad0bc209cda6faced
amouyal:95,set_33,non_gp,lingering,prob,upstream_reg_base_prefill,No,0.9998056292533875,0.9994314312934875,0, Yes,911be9c745b79350bc0c35a54b35b00dffe892f535d41f3fad172b5ac0694242
amouyal:96,set_34,gp,simple,prob,upstream_reg_base_prefill,Yes,0.9992125630378723,0.9995195865631104,1, Yes,7c5244cb6690a83e4d045ee9a7d26f9f1235b25886185f7e4c32003dbc328105
amouyal:97,set_34,gp,lingering,prob,upstream_reg_base_prefill,No,0.981615424156189,0.9991118311882019,0, Yes,b24ea0004e28757c27ed2dc63479c8965091e0b7fa72edaee7ee6d4609903f22
amouyal:98,set_34,non_gp,simple,prob,upstream_reg_base_prefill,Yes,0.999987781047821,0.9996868371963501,1, Yes,d08344422bd108bb39ac07111e88470864e824204e0c95c3e8295c9672e06735
amouyal:99,set_34,non_gp,lingering,prob,upstream_reg_base_prefill,No,0.11981553584337234,0.9997169971466064,1, No,f68304b834583eda8601413dc6a76ebfb958ffdf566c7ac986a758e6d43032a0
amouyal:100,set_35,gp,simple,prob,upstream_reg_base_prefill,Yes,0.9987398982048035,0.9994596242904663,1, Yes,d051ad8d269e19f424570465355dd662701b0ddc1356d21a64f6ae627620c60b
amouyal:101,set_35,gp,lingering,prob,upstream_reg_base_prefill,No,0.4307297170162201,0.9975667595863342,1, No,ec9d551d2df2cb372ea205e19b4fb2d49dab0629a42038a2464395b02127affc
amouyal:102,set_35,non_gp,simple,prob,upstream_reg_base_prefill,Yes,0.9998028874397278,0.9996314644813538,1, Yes,e9f037a3d1349137df81255973eceebe5a4fb50ba49538291418719662ef648a
amouyal:103,set_35,non_gp,lingering,prob,upstream_reg_base_prefill,No,0.9999430775642395,0.9991300702095032,0, Yes,7105022b8c712490605700e4604a8e8a35318da27bd0cdd98b3d264fa3b0dcc4
amouyal:104,set_36,gp,simple,prob,upstream_reg_base_prefill,Yes,0.999676525592804,0.999531626701355,1, Yes,d17992ef1661e29aeccbad9ec02c3e3b0fa3f4ef1085b81d9d08933131cff45e
amouyal:105,set_36,gp,lingering,prob,upstream_reg_base_prefill,No,0.9484432935714722,0.9992564916610718,0, Yes,2dd6d7bee9f78c547a76a240c35b922e86024bc3d6e350328e760f9259072d27
amouyal:106,set_36,non_gp,simple,prob,upstream_reg_base_prefill,Yes,0.9999966025352478,0.9996498227119446,1, Yes,c19a960ab81fe1f8cf567f1405f48d196db6205298a52c4b15a736ce41b37c6d
amouyal:107,set_36,non_gp,lingering,prob,upstream_reg_base_prefill,No,0.9779168367385864,0.9994333982467651,0, Yes,3220f1c0234f5c31477e02d5a43111ee93db6ee92228c35c8372ef75e9fc35a3
amouyal:108,set_37,gp,simple,prob,upstream_reg_base_prefill,Yes,0.01582029089331627,0.9998798370361328,0, No,98ca17b242f4a8c35e06c93932a02e6d4751be356d779273a0afb918585b952d
amouyal:109,set_37,gp,lingering,prob,upstream_reg_base_prefill,No,0.9391694664955139,0.9987696409225464,0, Yes,57c23c83134d41cbd0e565573112780270ac857fb7daed7478c6353b6de30a4d
amouyal:110,set_37,non_gp,simple,prob,upstream_reg_base_prefill,Yes,0.9995320439338684,0.9993715286254883,1, Yes,424fc8f1d739c064d9e0a8cd16b7ad79f58cafd58493314bac3482346025dce7
amouyal:111,set_37,non_gp,lingering,prob,upstream_reg_base_prefill,No,0.01372517365962267,0.9998041391372681,1, No,58726c45799d77e1562fcc26606039475c4951e3a9a5c729a917951f00b5d921
amouyal:112,set_38,gp,simple,prob,upstream_reg_base_prefill,Yes,0.8791634440422058,0.9992120265960693,1, Yes,265761bc140e114afda363dbd8b84d381d11aa26b0ad2635709b82c4cb720175
amouyal:113,set_38,gp,lingering,prob,upstream_reg_base_prefill,No,0.9756990075111389,0.9988030791282654,0, Yes,b518a4f30bd54316a396e52ad319448aab5b5fd6c8a8cc015869c7a8f1086ca9
amouyal:114,set_38,non_gp,simple,prob,upstream_reg_base_prefill,Yes,0.9970752596855164,0.9995084404945374,1, Yes,419b53eebe802f43e9e2c96aa1e0bcf52a37edc7483f1bb741650373019bf096
amouyal:115,set_38,non_gp,lingering,prob,upstream_reg_base_prefill,No,0.5806782245635986,0.9983388185501099,0, Yes,2f14fc960e7e1fc9e6666ab11b21c11f7c408c7ba686759e2fbbc810da4d0c0e
amouyal:116,set_39,gp,simple,prob,upstream_reg_base_prefill,Yes,0.9984405040740967,0.9994778037071228,1, Yes,7e8629a3f22f5b28c451e24fc3b53408d4613e3d0407cb88781f29fccc9a6e62
amouyal:117,set_39,gp,lingering,prob,upstream_reg_base_prefill,No,0.990792989730835,0.998965322971344,0, Yes,118c8d46c28080d2869ec61df1513956c1cfbc3cb6954790968f87ca02f9cc86
amouyal:118,set_39,non_gp,simple,prob,upstream_reg_base_prefill,Yes,0.9999809861183167,0.9996662139892578,1, Yes,2852d88b26b49da280b27af68fa55f671d925588b746c18e84900cdf9d4a6bd4
amouyal:119,set_39,non_gp,lingering,prob,upstream_reg_base_prefill,No,0.9930068254470825,0.9990891814231873,0, Yes,ac44725303005d8b4e837b9f09f77d89a1931ac609f4ebc6d871b08f4e3589cc
amouyal:120,set_40,gp,simple,prob,upstream_reg_base_prefill,Yes,0.09506215900182724,0.999657392501831,0, No,e0c6f73bb3544b0383d2357136c61b0e4cb8c6097201919b57d6f4ec56408ba3
amouyal:121,set_40,gp,lingering,prob,upstream_reg_base_prefill,No,0.9274951219558716,0.9991812705993652,0, Yes,b78aa2563a1c517464463046590c3f01c5f9affd8d2b4fb7dc37d49d529582f0
amouyal:122,set_40,non_gp,simple,prob,upstream_reg_base_prefill,Yes,0.9969515204429626,0.9992929697036743,1, Yes,9e27a3b09fd350475910e2a3eb59124d7e34e95d6e6fd4edc684f3ac466e250b
amouyal:123,set_40,non_gp,lingering,prob,upstream_reg_base_prefill,No,0.00013562417007051408,0.9999711513519287,1, No,11451e162fc638fb94b6481d75d96a576986d902be075ff698d9f1efb7b8e6f7
amouyal:124,set_41,gp,simple,prob,upstream_reg_base_prefill,Yes,0.9993151426315308,0.9990134239196777,1, Yes,cc9b9216c9fbdbe8c66a14f2df40c015beb647f3ca1a86a199205daa594497c9
amouyal:125,set_41,gp,lingering,prob,upstream_reg_base_prefill,No,0.8038026094436646,0.998270571231842,0, Yes,8b61391c24de6a9f4abcff1f2c62d7bb9072cf6c3115cb601efbb470f73e4813
amouyal:126,set_41,non_gp,simple,prob,upstream_reg_base_prefill,Yes,0.999995768070221,0.9995520710945129,1, Yes,d169526b2deb026658c11c40b429e2c4c3886aa73db353fac67083ecdfa19cb8
amouyal:127,set_41,non_gp,lingering,prob,upstream_reg_base_prefill,No,0.9990188479423523,0.9993770718574524,0, Yes,c330c733fbe69b5c35a2ca0998305caa2ce81b5d3e9933dbda74d7b952bb1730
amouyal:128,set_42,gp,simple,prob,upstream_reg_base_prefill,Yes,0.9999929666519165,0.9997016191482544,1, Yes,e6eaf6601d319805f343feff468a611eb73272e1f98a7841c5a3c1f76e76f7ab
amouyal:129,set_42,gp,lingering,prob,upstream_reg_base_prefill,No,0.9998480677604675,0.9992802143096924,0, Yes,4e776b0f9c4fbc406c595122066f98ecc6a170628c21a23ee7c1719305e4e15c
amouyal:130,set_42,non_gp,simple,prob,upstream_reg_base_prefill,Yes,0.9999954700469971,0.999629020690918,1, Yes,d2fc00f07cc44494dbee2be4e691d25b3ae2ad1d0629b5212dd9b7511dd0a810
amouyal:131,set_42,non_gp,lingering,prob,upstream_reg_base_prefill,No,0.8972005844116211,0.9978352785110474,0, Yes,36b1d1f1b140466425e319bdf8ed1a2702132496a3fc3d1fddf950f3376b70ee
amouyal:132,set_43,gp,simple,prob,upstream_reg_base_prefill,Yes,0.9995127320289612,0.9995500445365906,1, Yes,f9cc2685133a30bdb3887357cda3d171d96b8fec8a23252cd82056f8aa89e585
amouyal:133,set_43,gp,lingering,prob,upstream_reg_base_prefill,No,0.9998934268951416,0.9996267557144165,0, Yes,f5027403784e52e4705632f908608debd79503bd3854739dd1a340e3a201b81a
amouyal:134,set_43,non_gp,simple,prob,upstream_reg_base_prefill,Yes,0.9999889135360718,0.9996612668037415,1, Yes,72f26782e0ad434813f6575671366c56762eb021c35f27af672ce630ada26259
amouyal:135,set_43,non_gp,lingering,prob,upstream_reg_base_prefill,No,0.9999554753303528,0.9989619851112366,0, Yes,f4b1577057d50f4529b79efceea8f8747916104903ca18ea06552f40758f0858
amouyal:136,set_44,gp,simple,prob,upstream_reg_base_prefill,Yes,0.9653761386871338,0.9988219141960144,1, Yes,b290b669fc5c219de5c8b33d501214188747e5262b79d6223cfb244d2fafdf7f
amouyal:137,set_44,gp,lingering,prob,upstream_reg_base_prefill,No,0.972085177898407,0.9988728165626526,0, Yes,674bbe815d4a4dd3b201b39e791260a0b61a10f19f0d68c519da6975477d2e43
amouyal:138,set_44,non_gp,simple,prob,upstream_reg_base_prefill,Yes,0.9886577725410461,0.9991862773895264,1, Yes,025026950fd79f2022a94d051d7e2d9fc04f8d01120aa25ca12727eca1f227f2
amouyal:139,set_44,non_gp,lingering,prob,upstream_reg_base_prefill,No,0.8851880431175232,0.9991216659545898,0, Yes,ecfc2a8f2a8e6a69c90ab5537ebc9ab648d82f13522b42dfc6ba47e994d8e85a
amouyal:140,set_45,gp,simple,prob,upstream_reg_base_prefill,Yes,0.9947176575660706,0.9993813633918762,1, Yes,9cb7cfd89acc307ecf2f81183b274a1ded4c42cbb6d49a09f39f3cc8f77db0f9
amouyal:141,set_45,gp,lingering,prob,upstream_reg_base_prefill,No,0.9564865231513977,0.9988934397697449,0, Yes,9341c82e04e047d5231c892fa5e4940550db961fcbc3743149d48a331f7450b5
amouyal:142,set_45,non_gp,simple,prob,upstream_reg_base_prefill,Yes,0.9999953508377075,0.9996820092201233,1, Yes,56da39327f88832a03a5c50ebba25cd85d089919ac0ad0dd8d8c628ae725b454
amouyal:143,set_45,non_gp,lingering,prob,upstream_reg_base_prefill,No,0.9992303252220154,0.9994339942932129,0, Yes,ccadd43f27d5290efc8465800f6af4effb5abc0d80307728834da7295e574ad7
amouyal:144,set_hyp5_1,non_gp,simple,reflexive,upstream_reg_base_prefill,Yes,0.9997854828834534,0.9991830587387085,1, Yes,c8fc544dff687068213f8bd75754a53eee2ea4b4fd4a069b6ab4926fed73d539
amouyal:145,set_hyp5_1,non_gp,lingering,reflexive,upstream_reg_base_prefill,No,0.20505967736244202,0.9991465210914612,1, No,d1a44f6705aab55b9865dcf31585209ef725940369d0d9074e5e45e4e97aa775
amouyal:146,set_hyp5_2,non_gp,simple,reflexive,upstream_reg_base_prefill,Yes,0.9999964833259583,0.9996322989463806,1, Yes,53a1721717318abb5687e418108788cc0b19663b9fe544af9804b4a4cbe66db7
amouyal:147,set_hyp5_2,non_gp,lingering,reflexive,upstream_reg_base_prefill,No,6.3131526915893854e-12,0.9999565482139587,1, No,91a87e3b3c4bdf0763333c00c42f1d34976828cf648d827bf1fadb5a24c5a885
amouyal:148,set_hyp5_3,non_gp,simple,reflexive,upstream_reg_base_prefill,Yes,0.9999754428863525,0.9995655417442322,1, Yes,f20f5c517afca9894a134a612de2fbd12ec7fed093727b69f2bd559edbd55951
amouyal:149,set_hyp5_3,non_gp,lingering,reflexive,upstream_reg_base_prefill,No,1.6034360506012035e-09,0.9999863505363464,1, No,139573edeb5b4c9204e403b5a47acadc974967a075ec3c9a9ec8bc15495b4463
amouyal:150,set_hyp5_4,non_gp,simple,reflexive,upstream_reg_base_prefill,Yes,0.9991607666015625,0.9990143775939941,1, Yes,4f3830cda3255229b9738c4e3595e7ee4275d8b32392158312449c8f2a42f46d
amouyal:151,set_hyp5_4,non_gp,lingering,reflexive,upstream_reg_base_prefill,No,1.5866714608847587e-09,0.9998974800109863,1, No,efd9893e1e6bae57382afea287ab862774d271a3d7baff884e99fcebaae8e7ab
amouyal:152,set_hyp5_5,non_gp,simple,reflexive,upstream_reg_base_prefill,Yes,0.999995768070221,0.9996911287307739,1, Yes,fada4a22b5fea1fa3489b7d358f6a27c4208c0be6646cd8800d56d094cb6aa91
amouyal:153,set_hyp5_5,non_gp,lingering,reflexive,upstream_reg_base_prefill,No,1.325631049375886e-09,0.9999706745147705,1, No,a881e6c038e4127dae252e41943c483c1aca32de5fb09a69cc4c45c13552bf07
amouyal:154,set_hyp5_6,non_gp,simple,reflexive,upstream_reg_base_prefill,Yes,0.999946117401123,0.9993428587913513,1, Yes,bd5becfb717b3e0ac952810c97e3438b349801d1aa3eb9fe6cfbf453040e6f29
amouyal:155,set_hyp5_6,non_gp,lingering,reflexive,upstream_reg_base_prefill,No,0.00015609420370310545,0.9999405741691589,1, No,ac5d65dffa2e60d1eef2aa2cffd283abb3af6d46a6ece1a0923f824b8268a7f6
amouyal:156,set_hyp5_7,non_gp,simple,reflexive,upstream_reg_base_prefill,Yes,0.9999159574508667,0.9994983077049255,1, Yes,b4aa7a849dbd0ee3e84806a398a06be83705d2380ddfb3e82c22cd59ee6f8e55
amouyal:157,set_hyp5_7,non_gp,lingering,reflexive,upstream_reg_base_prefill,No,1.2518346081957787e-10,0.9999353885650635,1, No,9dff2e17a8a81b8ef34476cbce935179a187ba849e86ca884a249d6f99ab8733
amouyal:158,set_hyp5_8,non_gp,simple,reflexive,upstream_reg_base_prefill,Yes,0.999960720539093,0.9991441965103149,1, Yes,f7c8f562c2de78fff0ba6b5702bf005c05ce61d478ec88febd1c1e0032669011
amouyal:159,set_hyp5_8,non_gp,lingering,reflexive,upstream_reg_base_prefill,No,4.6370532413853027e-10,0.9999532699584961,1, No,a2b5bdd076731aa0727a892ae8a93a972060fdec953d20a2b4e249cd72d4ae0b
amouyal:160,set_hyp5_9,non_gp,simple,reflexive,upstream_reg_base_prefill,Yes,0.9999749064445496,0.9994827508926392,1, Yes,aa52285c0641ee43465a19c0b9505a1376618752e8099657388e794c9ae4d49f
amouyal:161,set_hyp5_9,non_gp,lingering,reflexive,upstream_reg_base_prefill,No,0.9039314985275269,0.9981954097747803,0, Yes,b628c3562b41194d700123c4c252366c4b444e7bce19f3503dccd9cbc668f1f9
amouyal:162,set_hyp5_10,non_gp,simple,reflexive,upstream_reg_base_prefill,Yes,0.9999971985816956,0.9997360110282898,1, Yes,87cc83e4e160233eb843e83bca5bd1c98f394adab2824796134b20bb81742f68
amouyal:163,set_hyp5_10,non_gp,lingering,reflexive,upstream_reg_base_prefill,No,0.892296552658081,0.9986565709114075,0, Yes,178f2189e19c444e8f028878b21d002992e376147cfcdad50698fa067b702bb5
amouyal:164,set_hyp5_11,non_gp,simple,reflexive,upstream_reg_base_prefill,Yes,0.9999600052833557,0.9993878602981567,1, Yes,1cd5826c96783e64e4bf933b54ee0d55584da4b4ab271e9de2ef14812cac19bd
amouyal:165,set_hyp5_11,non_gp,lingering,reflexive,upstream_reg_base_prefill,No,8.847485244434239e-11,0.999945342540741,1, No,3ddece5a9faf51aca9e099bdf4c67378704cef69be199072fc8130fbf4f97ddb
amouyal:166,set_hyp5_12,non_gp,simple,reflexive,upstream_reg_base_prefill,Yes,0.9999927282333374,0.9994714260101318,1, Yes,cd6583bb6454f3f6794f2f8fbfaabaac2b73821d77a149fc12fbce95c846ca92
amouyal:167,set_hyp5_12,non_gp,lingering,reflexive,upstream_reg_base_prefill,No,2.5751898647285998e-05,0.9999494552612305,1, No,11bd3834d251480810e00977addf20f34f53a83c6f9b2b6e5597f09482fb9e31
amouyal:168,set_hyp5_13,non_gp,simple,reflexive,upstream_reg_base_prefill,Yes,0.9999662041664124,0.9992781281471252,1, Yes,012c679a784aa60df4f7fd7a06a93993b76a206e862756c21722b116bb0dc4bc
amouyal:169,set_hyp5_13,non_gp,lingering,reflexive,upstream_reg_base_prefill,No,1.6379868839067058e-07,0.9999517798423767,1, No,b2f6669531a16326b090b6b5bb664ef19199b9dac9d98a6b37f12aad367e8e91
amouyal:170,set_hyp5_14,non_gp,simple,reflexive,upstream_reg_base_prefill,Yes,0.9620528817176819,0.9992713928222656,1, Yes,888efcaba708752d34107a6564edc1caf7de303583b354bc0d64b79dea52f701
amouyal:171,set_hyp5_14,non_gp,lingering,reflexive,upstream_reg_base_prefill,No,4.8523329496674705e-06,0.9999427199363708,1, No,50a955c67f4a91e1eeb466dc7aa1390ad78afa317e2f708d9a32c4b8a25872a3
amouyal:172,set_hyp5_15,non_gp,simple,reflexive,upstream_reg_base_prefill,Yes,0.9999970197677612,0.9995911717414856,1, Yes,31f23313f9b5b57233558f7bd522f9c1fddf027889903ae0c7f0455095978940
amouyal:173,set_hyp5_15,non_gp,lingering,reflexive,upstream_reg_base_prefill,No,0.022651417180895805,0.9994074106216431,1, No,d8b5f3dc8d4e0cdaf1ab21e77b895a785f28b4a7567d5847794ef4621d94feae
amouyal:174,set_hyp5_16,non_gp,simple,reflexive,upstream_reg_base_prefill,Yes,0.9999090433120728,0.999430239200592,1, Yes,43d5fcc61675bd5efd7bcc1354a057cce5b34536262149c5fdc17ff4a57f5ee7
amouyal:175,set_hyp5_16,non_gp,lingering,reflexive,upstream_reg_base_prefill,No,0.9912575483322144,0.9992987513542175,0, Yes,c24e05cc9dae5eac1ea9d6303cfc06872643cd130f45f3dcc8f18276a84ffb13
amouyal:176,set_hyp5_17,non_gp,simple,reflexive,upstream_reg_base_prefill,Yes,0.999993622303009,0.9997233152389526,1, Yes,868b4323c570f4624e5809622c0fe96d9b76af500db46f7a19499ba763b212bb
amouyal:177,set_hyp5_17,non_gp,lingering,reflexive,upstream_reg_base_prefill,No,1.2228897061650201e-10,0.9998911619186401,1, No,a1fa590531f952d451989401d981fc7c865d77b2984bde571e6034a86aaff8c4
amouyal:178,set_hyp5_18,non_gp,simple,reflexive,upstream_reg_base_prefill,Yes,0.0011741295456886292,0.9982981085777283,0, No,fd362877d99b1dcdec8ec70bb1fd73e04495d63cbc096e5a24463b4a20c14f31
amouyal:179,set_hyp5_18,non_gp,lingering,reflexive,upstream_reg_base_prefill,No,6.650059276580578e-06,0.9999489188194275,1, No,f230adbeaa94fde974b1736976cc619e10e2624a7fb35532429e7043940afb94
amouyal:180,set_hyp5_19,non_gp,simple,reflexive,upstream_reg_base_prefill,Yes,0.999995231628418,0.9996403455734253,1, Yes,6f371ab8ef7bf13ad28d54defc2c7645380166d1030b52d09edd202ceb7d4b35
amouyal:181,set_hyp5_19,non_gp,lingering,reflexive,upstream_reg_base_prefill,No,2.013731542627184e-11,0.9999569058418274,1, No,34c76832f6f9b597ba8d536c03e9e1f505eb5e0e919ef85918ccdd9158f51f32
amouyal:182,set_hyp5_20,non_gp,simple,reflexive,upstream_reg_base_prefill,Yes,0.9999609589576721,0.9994449615478516,1, Yes,e98833e3c32fa8ff06ee69db4cff9397d59090ea003cbe3f0ec13f4a91a08d83
amouyal:183,set_hyp5_20,non_gp,lingering,reflexive,upstream_reg_base_prefill,No,0.0010333661921322346,0.9999347925186157,1, No,1fb09f9221d3d726bc3dbd29e077148f4500bae07095e41c04d255b8323660a1
amouyal:184,set_hyp5_21,non_gp,simple,reflexive,upstream_reg_base_prefill,Yes,0.9999659657478333,0.9992064237594604,1, Yes,3c34f5107223d0c4fc74fa7599dfbcc9e01f7874b8cecc6a61a79302eb791066
amouyal:185,set_hyp5_21,non_gp,lingering,reflexive,upstream_reg_base_prefill,No,0.03822977840900421,0.9998583197593689,1, No,24962e9df3a2e0d4a7c622a0187ccbb9606873aa4afd8489b6f934c06a545f75
amouyal:186,set_hyp5_22,non_gp,simple,reflexive,upstream_reg_base_prefill,Yes,0.9999883770942688,0.9995739459991455,1, Yes,0cedea899b1af9a0aa621ea054c3a5b1c29cce68143bd87813bf936fe0be1a58
amouyal:187,set_hyp5_22,non_gp,lingering,reflexive,upstream_reg_base_prefill,No,8.264247242095735e-08,0.9999484419822693,1, No,594cd723391d1638afda0afecf7954013e14758bc0eb4248f58473de37154a1d
amouyal:188,set_hyp5_23,non_gp,simple,reflexive,upstream_reg_base_prefill,Yes,0.9999958276748657,0.9997540712356567,1, Yes,23f636b9bf6cafc3825e3f92975d91d9127c2bd24f74d9d50e63519f6ea45b2e
amouyal:189,set_hyp5_23,non_gp,lingering,reflexive,upstream_reg_base_prefill,No,0.00045860244426876307,0.9999741315841675,1, No,c22cb7a9c526fba3de68d76592e98e64d0fb14fff538fb9dda31a9e30fdf9aa4
amouyal:190,set_hyp5_24,non_gp,simple,reflexive,upstream_reg_base_prefill,Yes,0.9999546408653259,0.9995962977409363,1, Yes,64f479e171213a80c238dc7e34f4e3be443b42f76626fb9cf79932bb3169621a
amouyal:191,set_hyp5_24,non_gp,lingering,reflexive,upstream_reg_base_prefill,No,0.5407982468605042,0.99936842918396,0, Yes,2aff690d8120472b73aac184c478e2ec8f1fe3f3a7ac3b29578f7668e11995ad
amouyal:192,set_hyp5_1,gp,simple,reflexive,upstream_reg_base_prefill,Yes,0.9998331665992737,0.99941086769104,1, Yes,29749cbd9c4446f2c28f0016ce4e4c1ae1583ad0d905312c37bb01edda6cb4a9
amouyal:193,set_hyp5_1,gp,lingering,reflexive,upstream_reg_base_prefill,No,0.03294973447918892,0.9997432231903076,1, No,b25011a6a041bf5b9129b959a800a0da6df51bbde2c073126c433d0455fc9edf
amouyal:194,set_hyp5_2,gp,simple,reflexive,upstream_reg_base_prefill,Yes,0.9999799728393555,0.9995859861373901,1, Yes,0934bf2b539c57ab2f07ab33ef08bd3b54a5e2b45d334593fd61b5d7b9dae9df
amouyal:195,set_hyp5_2,gp,lingering,reflexive,upstream_reg_base_prefill,No,1.462547203345821e-07,0.9999736547470093,1, No,1c187f8e558a888b2daf3bfe67fa7e62ff3d58049cbadb6ddbd07a70d48e6ef9
amouyal:196,set_hyp5_3,gp,simple,reflexive,upstream_reg_base_prefill,Yes,0.9972617626190186,0.9991000890731812,1, Yes,73fc960a8d7a219d9a76e1a456eb7e99fc4068126d9857bfa5c267707f0438e6
amouyal:197,set_hyp5_3,gp,lingering,reflexive,upstream_reg_base_prefill,No,0.006298350170254707,0.9999001026153564,1, No,900c5b1d24763ffab9ef5226f872bb97f4b586ea86a8384b9130112dba37caff
amouyal:198,set_hyp5_4,gp,simple,reflexive,upstream_reg_base_prefill,Yes,0.9997908473014832,0.9996073246002197,1, Yes,2753028a92190179755eded85db1913c23231c98fbcf639749817781121c2220
amouyal:199,set_hyp5_4,gp,lingering,reflexive,upstream_reg_base_prefill,No,0.0009933598339557648,0.9999528527259827,1, No,26f9dbe216e2e40215445e653106f4dd4233ea69f79ed174aa75fece901d308e
amouyal:200,set_hyp5_5,gp,simple,reflexive,upstream_reg_base_prefill,Yes,0.9989705681800842,0.999660313129425,1, Yes,f3e98f548f3acf7564b7003512702f25b878b3a4ab4cfb5fa426af17850259c3
amouyal:201,set_hyp5_5,gp,lingering,reflexive,upstream_reg_base_prefill,No,0.9911066293716431,0.9991605877876282,0, Yes,76db5fc7ccf69b4dbeaddcaf908c5c9e7eb6a2885b8a5b344f1dc21f64506a49
amouyal:202,set_hyp5_6,gp,simple,reflexive,upstream_reg_base_prefill,Yes,0.9990822076797485,0.9992884993553162,1, Yes,24eaccfaf01c0a0d65e8f76d9ab0b5196dcb2c6fea20af6410e8e2bcb14ad1c7
amouyal:203,set_hyp5_6,gp,lingering,reflexive,upstream_reg_base_prefill,No,0.8912760019302368,0.999101459980011,0, Yes,f9183c3008b2eaea78873fb3a980128c2bebfe2311625ea03b8ccaa66da8ebb8
amouyal:204,set_hyp5_7,gp,simple,reflexive,upstream_reg_base_prefill,Yes,0.999502956867218,0.9995309114456177,1, Yes,a259c0983360018783d89de4908a9d5f4eb07198ad044b457b8d8cca6c71387f
amouyal:205,set_hyp5_7,gp,lingering,reflexive,upstream_reg_base_prefill,No,5.111668724566698e-05,0.9999428391456604,1, No,15a672d4ece42a82fc4439f38e2ab3cb35bec681107e306c51df53cae2a59715
amouyal:206,set_hyp5_8,gp,simple,reflexive,upstream_reg_base_prefill,Yes,0.9999439120292664,0.9992445111274719,1, Yes,1d0a7af549971cdf76c42785d4726480a5127210068622358e7e5f56a8487bf9
amouyal:207,set_hyp5_8,gp,lingering,reflexive,upstream_reg_base_prefill,No,0.006142948288470507,0.9998118877410889,1, No,48e11549bed00ef75b981e2aa59b857ccd92a358ab6ae362b584b478dc698896
amouyal:208,set_hyp5_9,gp,simple,reflexive,upstream_reg_base_prefill,Yes,0.9999939799308777,0.9997615218162537,1, Yes,15346396fca8e136fcf6c7db345463acccaba7e0e1f9786f1f024e3d0e483c5e
amouyal:209,set_hyp5_9,gp,lingering,reflexive,upstream_reg_base_prefill,No,0.9998403191566467,0.9989625811576843,0, Yes,dd2bda54ce0f7a5861868f5b8fe22146470c3f19d2b522f7ceae2a7dcce04f80
amouyal:210,set_hyp5_10,gp,simple,reflexive,upstream_reg_base_prefill,Yes,0.9998776912689209,0.9996076226234436,1, Yes,b7c167670bfe83584731f4ba773fd59eaae92465d1ecc11aa7b3d9a57e4c4f5f
amouyal:211,set_hyp5_10,gp,lingering,reflexive,upstream_reg_base_prefill,No,0.9165067076683044,0.9988014101982117,0, Yes,a54d2f4cb4f47b2186ea56955117e715b0e9173b084e8cbb0c0ef5f5880827f1
amouyal:212,set_hyp5_11,gp,simple,reflexive,upstream_reg_base_prefill,Yes,0.5872833728790283,0.9972668886184692,1, Yes,5b0f925c882e72adcb2a0f5fd59d93dc2113dc0ab0f13fa92fd02a4948d683f1
amouyal:213,set_hyp5_11,gp,lingering,reflexive,upstream_reg_base_prefill,No,0.044500935822725296,0.9993306994438171,1, No,674b0a543afa59c93d1fd556205b5d617588acdc4427de3cc1a88c1d53b67520
amouyal:214,set_hyp5_12,gp,simple,reflexive,upstream_reg_base_prefill,Yes,0.9999447464942932,0.9994582533836365,1, Yes,593ce85ea6e7142ee11bcb763e3182530c82c0ee0973649fc6b28c4ef88aaee9
amouyal:215,set_hyp5_12,gp,lingering,reflexive,upstream_reg_base_prefill,No,0.3339191675186157,0.998636782169342,1, No,c65b78442aaad35889f76fabe9050d3b8a827749458d52be5ceae9608be050d9
amouyal:216,set_hyp5_13,gp,simple,reflexive,upstream_reg_base_prefill,Yes,0.9914239048957825,0.9988782405853271,1, Yes,5c743bd537d89675759e5f62c1f1782fd239c43e20c210d6130f12fec537469d
amouyal:217,set_hyp5_13,gp,lingering,reflexive,upstream_reg_base_prefill,No,0.4108273386955261,0.9991451501846313,1, No,71bb732f2adfa925a250e8f29bb7b4212eff85ea947c2b1478fdb49c1c56b16e
amouyal:218,set_hyp5_14,gp,simple,reflexive,upstream_reg_base_prefill,Yes,0.3268398344516754,0.9997360706329346,0, No,380b5237e5041ba312e7051e68a05c11e366baead8422da325c393e41f46d587
amouyal:219,set_hyp5_14,gp,lingering,reflexive,upstream_reg_base_prefill,No,0.0016025550430640578,0.9999114871025085,1, No,cf4e752896626f26e366de4db5f07ab02ea230ad76355cc48a3b4c0ba2684d1b
amouyal:220,set_hyp5_15,gp,simple,reflexive,upstream_reg_base_prefill,Yes,0.9982884526252747,0.9991235733032227,1, Yes,afca8f55113d7e1b3fd68d609dd40874effdbdc8e7012b6061e335ce0086befa
amouyal:221,set_hyp5_15,gp,lingering,reflexive,upstream_reg_base_prefill,No,0.8333895802497864,0.997963547706604,0, Yes,838def6b9bee675543ed05dfaa66c4bc92d938e4ab1302e525199538a4012d34
amouyal:222,set_hyp5_16,gp,simple,reflexive,upstream_reg_base_prefill,Yes,0.9992402791976929,0.9994672536849976,1, Yes,3b1749ac1fe7a843303686502ad3013b1ef07dc54d9ba786ae2f146842c53d25
amouyal:223,set_hyp5_16,gp,lingering,reflexive,upstream_reg_base_prefill,No,0.9945911169052124,0.9991739988327026,0, Yes,84400dea4b2e8516bc8fa65382d228e995de45eaa20654c5be4cbc10a9d1edae
amouyal:224,set_hyp5_17,gp,simple,reflexive,upstream_reg_base_prefill,Yes,0.9999879598617554,0.9997926950454712,1, Yes,52102fa7fd40dd103e34cb83a4806c16741ee6b0f47503a6f939d9aa050c9235
amouyal:225,set_hyp5_17,gp,lingering,reflexive,upstream_reg_base_prefill,No,4.824358867949741e-08,0.9999542236328125,1, No,7ae9dc71d82e5927dc9909e646c71ed35d21841a6c3519923792e88b66a32855
amouyal:226,set_hyp5_18,gp,simple,reflexive,upstream_reg_base_prefill,Yes,0.04632353410124779,0.9893622398376465,0, No,f1ff2cd94161a69648aa4f8d22313e14e25b35d062614f715a226fd732216a1e
amouyal:227,set_hyp5_18,gp,lingering,reflexive,upstream_reg_base_prefill,No,0.6255711317062378,0.9980524778366089,0, Yes,10e8099628af2ff04eeb86880a4b3845167019ab02271cbf755648864bd312da
amouyal:228,set_hyp5_19,gp,simple,reflexive,upstream_reg_base_prefill,Yes,0.9999398589134216,0.9995080232620239,1, Yes,86cd611b2c82a26049087136e6d0c7439494253f03791c37cf9e64ed573c5bad
amouyal:229,set_hyp5_19,gp,lingering,reflexive,upstream_reg_base_prefill,No,0.03778522089123726,0.9996905326843262,1, No,ee27a48fe629911f97dd627e96e4589e3cd2ed5fb1c8bdc0502b4d82e363364e
amouyal:230,set_hyp5_20,gp,simple,reflexive,upstream_reg_base_prefill,Yes,0.9998694062232971,0.9997279644012451,1, Yes,a987ad583ebcfea56a9ec34b2e85ada7832e294a782e6e9b78e9fae527e69243
amouyal:231,set_hyp5_20,gp,lingering,reflexive,upstream_reg_base_prefill,No,0.893135666847229,0.9985835552215576,0, Yes,e13e2aaf5c5f59c85330039cc994bbe35888120b97bd46a84f49d6cce61cd8ed
amouyal:232,set_hyp5_21,gp,simple,reflexive,upstream_reg_base_prefill,Yes,0.9998544454574585,0.9991562366485596,1, Yes,8e3f4fba23ffee2dc7eda1dc856dd405809bc60d9b274255fde2afc19dbe2764
amouyal:233,set_hyp5_21,gp,lingering,reflexive,upstream_reg_base_prefill,No,0.9125232100486755,0.9995071291923523,0, Yes,a82e7564e7935ee859a6b4cfad7df6eee079b4ea63fb62d43340414152920f7c
amouyal:234,set_hyp5_22,gp,simple,reflexive,upstream_reg_base_prefill,Yes,0.998314380645752,0.999074399471283,1, Yes,6526e652d7c1811a8fbe4d91ee9de54ca07118087e8122d01daf7819ed3d6919
amouyal:235,set_hyp5_22,gp,lingering,reflexive,upstream_reg_base_prefill,No,0.4156841039657593,0.9980258941650391,1, No,3f940c294557f577a31c59732af1dc7cff8ba1a046e324ccbe750c9ba6ba3550
amouyal:236,set_hyp5_23,gp,simple,reflexive,upstream_reg_base_prefill,Yes,0.999706506729126,0.9997198581695557,1, Yes,cd9ca8ebed93ef8b9d8c3d39d9383c29337acdb6ec0c755d64f84c838511ed54
amouyal:237,set_hyp5_23,gp,lingering,reflexive,upstream_reg_base_prefill,No,0.8342277407646179,0.9992489814758301,0, Yes,8e1729963e696375937360bb47448d7bd04b2b377c3c65085df0d93f93aa45ef
amouyal:238,set_hyp5_24,gp,simple,reflexive,upstream_reg_base_prefill,Yes,0.9999427199363708,0.9996715784072876,1, Yes,151086ceec9b9dfc1467140f4f73f470789c481df65b717da9eac353d2c82c6a
amouyal:239,set_hyp5_24,gp,lingering,reflexive,upstream_reg_base_prefill,No,0.9742792248725891,0.9982776641845703,0, Yes,9a425d8a61b868532a62cb088825b2a113661910e25bbc2b53f6261cb6593079
amouyal:240,set_1,gp,simple,prob,upstream_reg_base_prefill,Yes,0.9988093376159668,0.9993991255760193,1, Yes,f89816c2e5ebdf9c179981f07ad753ff59f29a2b6048cb9ed7f75b13680971b1
amouyal:241,set_1,gp,lingering,prob,upstream_reg_base_prefill,No,0.011285638436675072,0.9997730255126953,1, No,43b852c517e77d49f8b8b14ae07b4ff5883e724e1d9c6f9b35f4e3dcf2463317
amouyal:242,set_1,non_gp,simple,prob,upstream_reg_base_prefill,Yes,0.9999874234199524,0.9996580481529236,1, Yes,fe1ba34eef477456aa1fc61b0a062396e86c197a8af26dced27c23b0021e9e65
amouyal:243,set_1,non_gp,lingering,prob,upstream_reg_base_prefill,No,0.20177705585956573,0.9992474317550659,1, No,cbefd567c635bf044e215bcfff21b86b375f4653014d51b2169228b83e70cfed
amouyal:244,set_2,gp,simple,prob,upstream_reg_base_prefill,Yes,0.9997754693031311,0.9996206164360046,1, Yes,fc869d010c94c80880439974ae904240598ab0652119aa3723362511ae95d7ee
amouyal:245,set_2,gp,lingering,prob,upstream_reg_base_prefill,No,0.9966148734092712,0.9990366101264954,0, Yes,5323755e72a8efaeb68c6b12ad5c17825073831337d5d8852bf192e1ce1695fc
amouyal:246,set_2,non_gp,simple,prob,upstream_reg_base_prefill,Yes,0.9998610615730286,0.9995317459106445,1, Yes,1a8bbadc81daa80713cfe88cc997b1a3442184d5cdea7665b7c87601ef5e253b
amouyal:247,set_2,non_gp,lingering,prob,upstream_reg_base_prefill,No,0.9974350929260254,0.9990478754043579,0, Yes,064780ebe9ee0ab1a0f650166d69f462cffa30b0a52e5e02aa6095cbbd6405f2
amouyal:248,set_3,gp,simple,prob,upstream_reg_base_prefill,Yes,0.7947587370872498,0.9993333220481873,1, Yes,7e2bc155a3d8fb69d09823d832815f2ec68eada6ae484a2278bdecdbf6327c19
amouyal:249,set_3,gp,lingering,prob,upstream_reg_base_prefill,No,0.2923809885978699,0.9986149072647095,1, No,ad2df5010d8145d6ff958a57705364964e85a44c55dc22d868064fdba6e21867
amouyal:250,set_3,non_gp,simple,prob,upstream_reg_base_prefill,Yes,0.9976120591163635,0.9995211362838745,1, Yes,e6edef45fe23fb84e27a6e92e54aeb728f4123823dbe9eb94cb660fe2ae92037
amouyal:251,set_3,non_gp,lingering,prob,upstream_reg_base_prefill,No,8.048540621530265e-05,0.9999482035636902,1, No,3ad457adf6567a2261fdae38d9eedf3bbdc810f7441f878a61b728617525f3de
amouyal:252,set_4,gp,simple,prob,upstream_reg_base_prefill,Yes,0.9888341426849365,0.9995496273040771,1, Yes,b4d370b1c431a49a8a103ec001c62a965c883fb3cbe427c87197dce4f423e702
amouyal:253,set_4,gp,lingering,prob,upstream_reg_base_prefill,No,0.9600226283073425,0.9979351162910461,0, Yes,b6af83a58aeb63ca361e4561bac291bc2997d6fcd5e3b93098dd297725ead831
amouyal:254,set_4,non_gp,simple,prob,upstream_reg_base_prefill,Yes,0.9999209046363831,0.9996790885925293,1, Yes,1ef2a6884d37178dd069792c4d2ce07ae64eca28a6fd7ce5df9d0fb9bc2923b4
amouyal:255,set_4,non_gp,lingering,prob,upstream_reg_base_prefill,No,0.9953986406326294,0.9992166757583618,0, Yes,138c94f52adbbe11abd0dd59c4954f83d366b99786471e38ca929065c7d8ecec
amouyal:256,set_5,gp,simple,prob,upstream_reg_base_prefill,Yes,0.9911766648292542,0.9992860555648804,1, Yes,5cd871beef3931308c96e5d1663269dfbfe53f55bd7c57e3d146b1354b09819b
amouyal:257,set_5,gp,lingering,prob,upstream_reg_base_prefill,No,0.0003071675600949675,0.9999545216560364,1, No,55c12afb58b94c657ff7f1cd02ab43c14baf3f4da8d75f54964b427759d90373
amouyal:258,set_5,non_gp,simple,prob,upstream_reg_base_prefill,Yes,0.9999784231185913,0.9996985793113708,1, Yes,95b32ec85a52d0c4bd0f195689a70fdc26987e4d7a948df125c4f1ad05bb1825
amouyal:259,set_5,non_gp,lingering,prob,upstream_reg_base_prefill,No,0.8589634299278259,0.9987066984176636,0, Yes,de3a3e02c66fd0a25431e7d3818b97057187495b30cc3329b27ca0913e1cfd97
amouyal:260,set_6,gp,simple,prob,upstream_reg_base_prefill,Yes,0.9695035815238953,0.9988579154014587,1, Yes,ea700e43f1e94d2ac0152224906adb0908a71bcd6a961c7cb0b23b17e75b2f53
amouyal:261,set_6,gp,lingering,prob,upstream_reg_base_prefill,No,0.6763360500335693,0.9978532195091248,0, Yes,50fa66cbb0bcae9a48332fee3cf3ba6cf90f48a418aea531b866d57c001f8dff
amouyal:262,set_6,non_gp,simple,prob,upstream_reg_base_prefill,Yes,0.9999961256980896,0.9995891451835632,1, Yes,68760d121e2bbdd153433ff3cada1e0e2994438b7ed5a084e7fc0dadf4f7d637
amouyal:263,set_6,non_gp,lingering,prob,upstream_reg_base_prefill,No,0.007726820185780525,0.9997936487197876,1, No,93d93c74742a239944ccfe045e773e8c20ba62c66e09136575dd8e28602f8874
amouyal:264,set_7,gp,simple,prob,upstream_reg_base_prefill,Yes,0.9103208780288696,0.9989771246910095,1, Yes,593531afca399e4339330771dc9b75529a8c215f853c32ca85dd646d71093070
amouyal:265,set_7,gp,lingering,prob,upstream_reg_base_prefill,No,0.9968031644821167,0.9991885423660278,0, Yes,54e3ac08e92114adc056e303b5a28fccf719ed73764097aab492f6c641eeb13f
amouyal:266,set_7,non_gp,simple,prob,upstream_reg_base_prefill,Yes,0.9992209672927856,0.9990874528884888,1, Yes,5ba124a687b185523a6f449898648773586b71edb0f7e37b5de9e9303e5abce0
amouyal:267,set_7,non_gp,lingering,prob,upstream_reg_base_prefill,No,0.9833940863609314,0.9989168047904968,0, Yes,da77f44f9e5131845fad05278aa7a16de7f4bfa8c65812ac56ee6cfd5faa2355
amouyal:268,set_8,gp,simple,prob,upstream_reg_base_prefill,Yes,0.9990240931510925,0.9993278384208679,1, Yes,7c72756ef0e06e180c76498a6cd604d49ad5e6775b5bc6e0feeac8812f947176
amouyal:269,set_8,gp,lingering,prob,upstream_reg_base_prefill,No,0.4594237506389618,0.9980990886688232,1, No,e7f329d9bedd913c9cc6adf8bb464a4323e1258605dcf45cf6b0ca7c11ba6da8
amouyal:270,set_8,non_gp,simple,prob,upstream_reg_base_prefill,Yes,0.9999819993972778,0.9994721412658691,1, Yes,1daf9a4aeffb5060acd8b3290e8fadb151f4500d334b86c52bae216c563b5d86
amouyal:271,set_8,non_gp,lingering,prob,upstream_reg_base_prefill,No,0.8881741166114807,0.9983641505241394,0, Yes,e26eb6bc828eaaacb93e796a62126ff7c0f0ef867fdd717c2193061c100b68fd
amouyal:272,set_9,gp,simple,prob,upstream_reg_base_prefill,Yes,0.9995077848434448,0.9997043609619141,1, Yes,d3bca8185f7b47cce430fd074817bde695aa0bb3335d89af71aef5512522527b
amouyal:273,set_9,gp,lingering,prob,upstream_reg_base_prefill,No,0.9282587170600891,0.9992009401321411,0, Yes,5a66196a5932c69f75d8774330e56a3036b02518e91e6f248511468ea3b5a823
amouyal:274,set_9,non_gp,simple,prob,upstream_reg_base_prefill,Yes,0.9999499917030334,0.9996646046638489,1, Yes,1df5dd859480942dddf2c2b09eca2fb84494ad58f3adc7cd9e434aaa754cddb3
amouyal:275,set_9,non_gp,lingering,prob,upstream_reg_base_prefill,No,0.9993284940719604,0.9990018606185913,0, Yes,f22b7fdb182b4144b9a8d7720f08e5d1634c6f5a2c37953f3612c9d0bdbbcb49
amouyal:0,set_10,gp,simple,prob,upstream_reg_repair_native,Yes,0.9999943971633911,0.9995511174201965,1,Yes,0e9b15e77ebd9ea79c42dde62fb86eff118ede0309500a569d0a5fa006ef8018
amouyal:1,set_10,gp,lingering,prob,upstream_reg_repair_native,No,0.9999901056289673,0.9990729689598083,0,Yes,76a1adb7f2054c2058259ffbc05127670c9929def4f233f842dc114187068b39
amouyal:2,set_10,non_gp,simple,prob,upstream_reg_repair_native,Yes,1.0,0.9999958276748657,1,Yes,dd345fb9356e285a9c2eca723e89282b20805a43c2bbfe859361c59cf2e30d60
amouyal:3,set_10,non_gp,lingering,prob,upstream_reg_repair_native,No,1.0,0.9998549222946167,0,Yes,77e8a58fa8978908847b8958f2411481adb86e0f25723bd200827e2d65511cc9
amouyal:4,set_11,gp,simple,prob,upstream_reg_repair_native,Yes,1.0,0.9994674324989319,1,Yes,4b77e62167e1a6b4930e224c639118ac6f1cc24c643056acf4b55f541d3f9559
amouyal:5,set_11,gp,lingering,prob,upstream_reg_repair_native,No,1.0,0.9999597072601318,0,Yes,def6d8f4d842bff4a8a249b5eeb847e6384fe5188e219303da27c77905e8ad38
amouyal:6,set_11,non_gp,simple,prob,upstream_reg_repair_native,Yes,1.0,0.9999997615814209,1,Yes,daf6ee5cadacacdf824f457783394922500829ef7340dc4d26a37a2ce5e99799
amouyal:7,set_11,non_gp,lingering,prob,upstream_reg_repair_native,No,0.9999997019767761,0.9996352791786194,0,Yes,d5da53137ffe2cf5229d63661ab5873150cc92d57de14d547d329fbbd27ef796
amouyal:8,set_12,gp,simple,prob,upstream_reg_repair_native,Yes,0.0014454947086051106,0.978081464767456,0,No,af0460ec7ea98c448172aaf1fe710aade39e7641ce9e154fd8923c793591c18a
amouyal:9,set_12,gp,lingering,prob,upstream_reg_repair_native,No,1.0,0.9999982118606567,0,Yes,1a2e8a2c852797d8bb7dad97362e193736e73358edd2e426cf77a755f87d68da
amouyal:10,set_12,non_gp,simple,prob,upstream_reg_repair_native,Yes,1.0,0.999998927116394,1,Yes,1378290ebe789ba2de90c57982e79783b11a67e23399d1eb4cacd96d5a1dde51
amouyal:11,set_12,non_gp,lingering,prob,upstream_reg_repair_native,No,1.0,0.9999923706054688,0,Yes,073112f8ce02bc1bddcaf3133b8afabaabfffbb8dff52fca52b99cc0e59c72e2
amouyal:12,set_13,gp,simple,prob,upstream_reg_repair_native,Yes,0.9999997019767761,0.999961793422699,1,Yes,92bbbfba7948bdfeb39b6ba8843bf8525f3020244b7a921c45d343c2be089e7d
amouyal:13,set_13,gp,lingering,prob,upstream_reg_repair_native,No,0.8612672090530396,0.9871586561203003,0,Yes,257193765610eb138fb705c44994b10c30764cceb21d9e25f84276f5c15b6815
amouyal:14,set_13,non_gp,simple,prob,upstream_reg_repair_native,Yes,1.0,0.999984860420227,1,Yes,9c6347f8101f37594f5afe2492491f5db9a2f1e8d442a61cb0a5d2c7986ad565
amouyal:15,set_13,non_gp,lingering,prob,upstream_reg_repair_native,No,1.0,0.9999908208847046,0,Yes,c610efea44e8255fd6e52a336f5b2df9e3539bcfc5d9f20434732b63784ea644
amouyal:16,set_14,gp,simple,prob,upstream_reg_repair_native,Yes,0.8941863775253296,0.9330195188522339,1,Yes,0a4835c4d1f0eff03f2902a8e94a901e4e0960b6237dd42aed3f93e41bb1b8c4
amouyal:17,set_14,gp,lingering,prob,upstream_reg_repair_native,No,0.9999839663505554,0.9993067383766174,0,Yes,c5116db95c82b1921871a3f4267d1c9554d4f8d8e473e12ad095da72dc89b07d
amouyal:18,set_14,non_gp,simple,prob,upstream_reg_repair_native,Yes,0.9975366592407227,0.9917429089546204,1,Yes,f6dc62f0d0bc38854619485c891b20cb9b607b17c8cb3cb9ccce8ad0f2ab6695
amouyal:19,set_14,non_gp,lingering,prob,upstream_reg_repair_native,No,5.190205047256313e-05,0.9911842346191406,1,No,9dd6493c098e274ee97e01efc4d4991eeb335e15c02027b74c7a2a7e16b59001
amouyal:20,set_15,gp,simple,prob,upstream_reg_repair_native,Yes,1.0,0.9999957084655762,1,Yes,617d86b32d0760ce58ee897439004ce735e5cebeb98ae9e1b5d07f3ec3262fea
amouyal:21,set_15,gp,lingering,prob,upstream_reg_repair_native,No,1.0,0.9998942613601685,0,Yes,0d6b92fe1aa5a0e7e8595fabe0d5ab1f37f6ae20fa49aab5537ea50c4e3907f5
amouyal:22,set_15,non_gp,simple,prob,upstream_reg_repair_native,Yes,1.0,1.0,1,Yes,8d8346972d57117294ff3b0b9c8598333695f3db2765b70fb903b4e1e271e424
amouyal:23,set_15,non_gp,lingering,prob,upstream_reg_repair_native,No,1.0,0.9999977350234985,0,Yes,b0bda5bfb5ace87d57d4cdee3f142505f6a0af4d0373744772341353ca5f6255
amouyal:24,set_16,gp,simple,prob,upstream_reg_repair_native,Yes,1.0,0.9998714923858643,1,Yes,f86037656de2629574ae1db0f91efb17225c8aef19cb2518b17cd8a402f7cf4f
amouyal:25,set_16,gp,lingering,prob,upstream_reg_repair_native,No,0.9999999403953552,0.9999262690544128,0,Yes,6f6cb3b620ec95405fbc04e0823a06500cf05a3909820e402a0e82fc0d7c384c
amouyal:26,set_16,non_gp,simple,prob,upstream_reg_repair_native,Yes,1.0,0.9999982118606567,1,Yes,27eb2488afe561b6848d0196acbd23ee227e1a7344ac462f522377cc4fed49b4
amouyal:27,set_16,non_gp,lingering,prob,upstream_reg_repair_native,No,1.0,0.9999991655349731,0,Yes,5c5a616a1546426f0a563d8f1c63eda50ed3cb64cb18b7f5b88bee15ee0cfab3
amouyal:28,set_17,gp,simple,prob,upstream_reg_repair_native,Yes,0.9999999403953552,0.999927818775177,1,Yes,0ad3804b14c5d8208171caa507e1a4e985d99a031610678bb915557fdedb6717
amouyal:29,set_17,gp,lingering,prob,upstream_reg_repair_native,No,0.9999701976776123,0.998192548751831,0,Yes,38b1fadee31c2fd3fb939fc5aa026fba8a3d0c524218e2a6c35b012865e8236c
amouyal:30,set_17,non_gp,simple,prob,upstream_reg_repair_native,Yes,1.0,0.9999998807907104,1,Yes,f6fdf4b11ff769d0867256f0184539ed0cd2db2a3c941f74e78e393416e10a9b
amouyal:31,set_17,non_gp,lingering,prob,upstream_reg_repair_native,No,1.6115613732381462e-07,0.9999673962593079,1,No,b7b19db35a50c5b433067c173099560cc170a82481a1d23a2bf4a79b7b3bc713
amouyal:32,set_18,gp,simple,prob,upstream_reg_repair_native,Yes,1.0,0.9978443384170532,1,Yes,e10f08c333ada78716643a30c682a3d8e40012791e5a5610d525220abd6292b2
amouyal:33,set_18,gp,lingering,prob,upstream_reg_repair_native,No,0.02204558439552784,0.9986277222633362,1,No,9de7cc29914a2510504cee005e91fdbf413a6fac82920768065dfa6df9abc7f4
amouyal:34,set_18,non_gp,simple,prob,upstream_reg_repair_native,Yes,1.0,0.9999996423721313,1,Yes,f79197317b062db2694b4719ffe62f32270f163cf78ef4bc578966aa923c834a
amouyal:35,set_18,non_gp,lingering,prob,upstream_reg_repair_native,No,3.741117138300609e-10,0.9999948740005493,1,No,14ca970e89d092367cb4241cb1a691af9afc10d61c10f3316af84f1d320d0df6
amouyal:36,set_19,gp,simple,prob,upstream_reg_repair_native,Yes,1.0,0.9999823570251465,1,Yes,a6b3df58dd17d69c383a25d008041c56440c956fdcdfccbbda1f48c3b6e39f0c
amouyal:37,set_19,gp,lingering,prob,upstream_reg_repair_native,No,0.9999391436576843,0.9998198747634888,0,Yes,a4d86b8e7c7e95aad07a9b34cdcf6e743b5bd2b192e0e5a2ce967e34582b1feb
amouyal:38,set_19,non_gp,simple,prob,upstream_reg_repair_native,Yes,1.0,0.9999998807907104,1,Yes,15d1550ac640d69e213125614db03bf79a1f2a816b5a1c1be44af9e92108bf4e
amouyal:39,set_19,non_gp,lingering,prob,upstream_reg_repair_native,No,0.9999984502792358,0.9999381303787231,0,Yes,18335836918a58e1261f54fa542cb3248003cd835cb33a547bb25aec2ee90e7e
amouyal:40,set_20,gp,simple,prob,upstream_reg_repair_native,Yes,0.9999998807907104,0.9976434111595154,1,Yes,b206f1e753ac213989c42bc3cfc1a32509eac4a615b56fe64cc5cb7faeba0a1a
amouyal:41,set_20,gp,lingering,prob,upstream_reg_repair_native,No,0.9992336630821228,0.9731581807136536,0,Yes,545ac2b317861407e97c1227cd1207a6ab6efbcaa94f12447bbaa708d22c007a
amouyal:42,set_20,non_gp,simple,prob,upstream_reg_repair_native,Yes,1.0,0.9999924898147583,1,Yes,eba5f1530f632d90687eeccd514ebf333a9a232b269be8af1285cfef2e2888cb
amouyal:43,set_20,non_gp,lingering,prob,upstream_reg_repair_native,No,2.89671049813478e-07,0.9918548464775085,1,No,a86ffd4ff12bf3925fa4f90f0af5749cc6fe922519a2ca4ba1ffe60f1862270a
amouyal:44,set_21,gp,simple,prob,upstream_reg_repair_native,Yes,0.9999996423721313,0.9993324875831604,1,Yes,d9d1b3aaac0a38eeab141118842daa6bdbc508d1befc8c3341e30d4adb340b16
amouyal:45,set_21,gp,lingering,prob,upstream_reg_repair_native,No,0.013765348121523857,0.9933851957321167,1,No,275f74e115e78c62cb379d664fd2563600f91cbbd5815c02c99df3a395486ab5
amouyal:46,set_21,non_gp,simple,prob,upstream_reg_repair_native,Yes,1.0,0.9999994039535522,1,Yes,d10d91e4e07bbfd17dfbb1075717942bdc3243dd938e21ef40292f37c85e79a0
amouyal:47,set_21,non_gp,lingering,prob,upstream_reg_repair_native,No,0.9846412539482117,0.9987523555755615,0,Yes,c62f5743c618e636481d4e473e26616fc00e6fdc9e563d802a7bb2c38a75b81b
amouyal:48,set_22,gp,simple,prob,upstream_reg_repair_native,Yes,1.0,0.9999741315841675,1,Yes,ae38dce05843352024176ac26e4a996548996f25cc287f9105883ade2c20b320
amouyal:49,set_22,gp,lingering,prob,upstream_reg_repair_native,No,1.0,0.999997615814209,0,Yes,2bdae2dda829bfc54c5fa8dac06f79aa771068d343ee80ebd688370438a1e4ad
amouyal:50,set_22,non_gp,simple,prob,upstream_reg_repair_native,Yes,1.0,0.9999992847442627,1,Yes,0145b9cd74ba27daf6e2cebe5a627a588daccc53304648771a53ba0bfaa89a98
amouyal:51,set_22,non_gp,lingering,prob,upstream_reg_repair_native,No,2.196186687797308e-05,0.9991147518157959,1,No,ce195cad51178b692517754c1ba9865e9d0ecb82b88e9380e6578ab4110bff28
amouyal:52,set_23,gp,simple,prob,upstream_reg_repair_native,Yes,0.9999994039535522,0.9974634647369385,1,Yes,97b3abae59ed67a4de7b85a47d8bb83c6653f2e14eb4058e386809e7fcbca400
amouyal:53,set_23,gp,lingering,prob,upstream_reg_repair_native,No,0.9999384880065918,0.9987637400627136,0,Yes,2fef9146999dfdb6c896a5d3fc13d9874bf37c160c833fd102096a664d4cb7b0
amouyal:54,set_23,non_gp,simple,prob,upstream_reg_repair_native,Yes,1.0,0.9999995231628418,1,Yes,3d2729446df5368c14d1b783737f4779c67399c2db832b5e0a4923b9823863c3
amouyal:55,set_23,non_gp,lingering,prob,upstream_reg_repair_native,No,1.0,0.9999998807907104,0,Yes,2aa586f687d91d02bd6e56a6f470610fd6139b5ab1dec7036716035fe797e4d8
amouyal:56,set_24,gp,simple,prob,upstream_reg_repair_native,Yes,0.9998900890350342,0.9986348152160645,1,Yes,89a3e7cf4c2a3209a3adc8e198bd24491bfa77856b23b6569341040a2fde0e76
amouyal:57,set_24,gp,lingering,prob,upstream_reg_repair_native,No,0.7055663466453552,0.8926136493682861,0,Yes,f927115d375bf9934895cc002b92d4058e6fe213df1348d10f26a5bc0f288a4f
amouyal:58,set_24,non_gp,simple,prob,upstream_reg_repair_native,Yes,1.0,0.9999994039535522,1,Yes,29d3690ffe2c0da84a7ff0a0257b8eb23cc2a6ea148e24e037269b8f22af5188
amouyal:59,set_24,non_gp,lingering,prob,upstream_reg_repair_native,No,4.7241718448276515e-07,0.9953887462615967,1,No,c6b41d5c1c02ac869de4e4ee6a71766a01803f9ce1d3dbed86fed677199d66b2
amouyal:60,set_25,gp,simple,prob,upstream_reg_repair_native,Yes,1.0,0.9999862909317017,1,Yes,6c2de422e139749aab0e5bb0644c4edf133b81b95e05bc8b9dfb63d1585dfca0
amouyal:61,set_25,gp,lingering,prob,upstream_reg_repair_native,No,0.9999999403953552,0.999999463558197,0,Yes,4ef25fadb03eb65ad572fd08d4ddcdedde26e8ee150e6da744545ba7e1d2260a
amouyal:62,set_25,non_gp,simple,prob,upstream_reg_repair_native,Yes,1.0,0.9999998807907104,1,Yes,cb1345a9c8d63199f8958fddf9fb0687c732a52f6d86764f2439604bb8c3576b
amouyal:63,set_25,non_gp,lingering,prob,upstream_reg_repair_native,No,0.9999999403953552,0.9999542832374573,0,Yes,011b84ebf8c8cb9e338f0e7d4bfe257938fe2d8daf8c76224fa75a61282c4691
amouyal:64,set_26,gp,simple,prob,upstream_reg_repair_native,Yes,0.9999996423721313,0.9989523887634277,1,Yes,0879a08f400af9f98755bc13dfd299ba90b24252a536ff32a0a711f3b9655f6d
amouyal:65,set_26,gp,lingering,prob,upstream_reg_repair_native,No,1.4942385860194918e-05,0.9970880746841431,1,No,3abbf14d038f5d152e52f3b2925f19add89d04652ba7c157414f4aa52808631b
amouyal:66,set_26,non_gp,simple,prob,upstream_reg_repair_native,Yes,1.0,0.9999971389770508,1,Yes,ba774e4b4f93993271eacc47d950c1d4182bf6fe64c77b7730bec7ba60f8eff2
amouyal:67,set_26,non_gp,lingering,prob,upstream_reg_repair_native,No,1.292680962272641e-10,0.9991432428359985,1,No,7cb736be63bc87a7c35ad3f82442f4d35dc7521cde75d856a304af2fe1dce297
amouyal:68,set_27,gp,simple,prob,upstream_reg_repair_native,Yes,1.0,0.9999955892562866,1,Yes,a950ee6eb20541e0f39bcc17a073322e899b289a9385be2753cd830a18fe9aea
amouyal:69,set_27,gp,lingering,prob,upstream_reg_repair_native,No,1.0,0.999970555305481,0,Yes,cec6c54393b8af7b6433c9a3c9d8973bd4807ded2901a9b5a5781e3abce9e287
amouyal:70,set_27,non_gp,simple,prob,upstream_reg_repair_native,Yes,1.0,0.9999998807907104,1,Yes,693800d4fcc24b189f7ddc7546891a99a8093ebf76fedb5004e22117ca7ef44a
amouyal:71,set_27,non_gp,lingering,prob,upstream_reg_repair_native,No,0.9451960325241089,0.9289491176605225,0,Yes,c47aa3cc08b691602314d64e9130a059a7e0b1748c6535c9d8c5cf25351ce825
amouyal:72,set_28,gp,simple,prob,upstream_reg_repair_native,Yes,0.9999997019767761,0.9881810545921326,1,Yes,0a743e2380313d759b18eb02bfd55a05866f4d61eb8b841912e5c13425f9462a
amouyal:73,set_28,gp,lingering,prob,upstream_reg_repair_native,No,0.06733125448226929,0.975466251373291,1,No,814b2622b37e3ff11d2305c6ff975144ce5eab005b9cdca468732f44fc3de6bc
amouyal:74,set_28,non_gp,simple,prob,upstream_reg_repair_native,Yes,1.0,0.9999977350234985,1,Yes,34beb7964e45be823805161e614278bba718b4371bb8b2389d38da74d1acd63e
amouyal:75,set_28,non_gp,lingering,prob,upstream_reg_repair_native,No,0.007840213365852833,0.9693405032157898,1,No,ad754979b361eacb921f75fb145231fe0edb76b72e5062a541ebe94fc440540f
amouyal:76,set_29,gp,simple,prob,upstream_reg_repair_native,Yes,1.0,0.9999324083328247,1,Yes,b18f45041ec7f9c7a1e730891b684f9eb65010a25bb0ac8dada5cbe3ec1f5bcf
amouyal:77,set_29,gp,lingering,prob,upstream_reg_repair_native,No,0.9999999403953552,0.9998987317085266,0,Yes,43487cc6f80850ee1ae675482ed680c50b45d38455278b580be457cc83a009f7
amouyal:78,set_29,non_gp,simple,prob,upstream_reg_repair_native,Yes,1.0,0.9999990463256836,1,Yes,f42e37d5fe6d82d843f90ddec9a13481296936acf34510c95c50bedaa5a1ca27
amouyal:79,set_29,non_gp,lingering,prob,upstream_reg_repair_native,No,0.994203507900238,0.9764634370803833,0,Yes,802e8efa6d628d3933cc35a9471ba9216f396659d1c0b45d30835838f6981f46
amouyal:80,set_30,gp,simple,prob,upstream_reg_repair_native,Yes,1.0,0.9999940395355225,1,Yes,69af516efd988b1241bc20d27af43720a602019d61a861d45282e43346686614
amouyal:81,set_30,gp,lingering,prob,upstream_reg_repair_native,No,1.0,0.999998927116394,0,Yes,af6588ec520fae8887226dd7fc76ec99c3aff866f9505f17cc723c43ee35ac22
amouyal:82,set_30,non_gp,simple,prob,upstream_reg_repair_native,Yes,1.0,0.9999997615814209,1,Yes,449521321a6cbe247cb7a74d91e44519d496bd97e9ee6c488a826e178e6e5e52
amouyal:83,set_30,non_gp,lingering,prob,upstream_reg_repair_native,No,0.9999999403953552,0.9999874234199524,0,Yes,c06873b7087ac13e93c74f2b90a12be161222c73436904b845099e904b838d48
amouyal:84,set_31,gp,simple,prob,upstream_reg_repair_native,Yes,1.0,0.999998927116394,1,Yes,52d21311e1017c36010f83c908b952b2fd02765dec327e313aa73169ceae4b40
amouyal:85,set_31,gp,lingering,prob,upstream_reg_repair_native,No,0.9931101202964783,0.9958561062812805,0,Yes,5b3237a0cd59a1eccf7b64d9870ef737725681ed9a4d2c6150a230a5e4f8b061
amouyal:86,set_31,non_gp,simple,prob,upstream_reg_repair_native,Yes,1.0,0.9999998807907104,1,Yes,c04fd75d08929a7ed65026f16adac62519d85cc755f72b50c13abb953af50fe3
amouyal:87,set_31,non_gp,lingering,prob,upstream_reg_repair_native,No,0.9674683809280396,0.9898483157157898,0,Yes,8e927edd57ffe64bc4a0d607d34b176a59d28769e5dc44fd4caea1685cd34e8c
amouyal:88,set_32,gp,simple,prob,upstream_reg_repair_native,Yes,0.9999978542327881,0.9992388486862183,1,Yes,bed9f934a3cfdfd94216627eafcc8afb18a6478dbbe26c0c8d59de151e515872
amouyal:89,set_32,gp,lingering,prob,upstream_reg_repair_native,No,0.9518753290176392,0.9897258877754211,0,Yes,7a1731014f2d4a90f9fe40cd96ad9b09776ca6191c28ea9987ac015552574906
amouyal:90,set_32,non_gp,simple,prob,upstream_reg_repair_native,Yes,1.0,0.9999995231628418,1,Yes,be4361e5e54f90e915d6f7fdaab2ec6ecafe7ee7dd3af4582156b59ace23b627
amouyal:91,set_32,non_gp,lingering,prob,upstream_reg_repair_native,No,5.3644838571287323e-11,0.9999938011169434,1,No,108399cace0d2421c702796f30eeef450436bf926e8dfbc3897281900de2ef32
amouyal:92,set_33,gp,simple,prob,upstream_reg_repair_native,Yes,0.9999991655349731,0.9998931884765625,1,Yes,3b8ee3e0dcb13ffc55560106b536d302544dfb906f442251d12f94fd7aa0e8f5
amouyal:93,set_33,gp,lingering,prob,upstream_reg_repair_native,No,0.9999970197677612,0.9993957281112671,0,Yes,71519361e121c2a468007357f311979b77749f278e4262d5c9cffc5c23b7578b
amouyal:94,set_33,non_gp,simple,prob,upstream_reg_repair_native,Yes,1.0,0.9999921321868896,1,Yes,d6f3e8ce962f57349ef1fa9bcd4ea50344bf957b48310814508f2d92a2ad2f64
amouyal:95,set_33,non_gp,lingering,prob,upstream_reg_repair_native,No,1.0,0.999987006187439,0,Yes,a9bff45200ea65f757673fbf4e28d3f1bcdd1062f0d05a090e5f7847f7919ea5
amouyal:96,set_34,gp,simple,prob,upstream_reg_repair_native,Yes,1.0,1.0,1,Yes,93e0c07420ae9500474e5dae449710626c83c3bf1dfe74e8d7c8b9cf1822665a
amouyal:97,set_34,gp,lingering,prob,upstream_reg_repair_native,No,0.9999779462814331,0.999903678894043,0,Yes,fe2396e883612a5959dca8e2538cdfee26249a1232e0065739b6ba862f5fa9c0
amouyal:98,set_34,non_gp,simple,prob,upstream_reg_repair_native,Yes,1.0,1.0,1,Yes,1b6855374bcedb96849b3993a44f2a320f0d4955ea3e6887109691505398b757
amouyal:99,set_34,non_gp,lingering,prob,upstream_reg_repair_native,No,0.0009004638413898647,0.9984015226364136,1,No,2c02a4bc674e1137fb629a56de5a5fa7f0cef5ad14e8c763a1b10d96e1209212
amouyal:100,set_35,gp,simple,prob,upstream_reg_repair_native,Yes,0.9999979138374329,0.9989267587661743,1,Yes,2541b44b424e48ea0ebf2c648e40d125e0c39716681bcbebc2589b43dbc52aa6
amouyal:101,set_35,gp,lingering,prob,upstream_reg_repair_native,No,0.4392210841178894,0.8108313083648682,1,No,894f1785e492ad22b575074c46006f5e4d8c415cd6a78e4895ddf67745c7349f
amouyal:102,set_35,non_gp,simple,prob,upstream_reg_repair_native,Yes,1.0,0.9999946355819702,1,Yes,25548cc7cdb5981eb0388d96b505d37f5356b9c1917d8434fd484bd812d3d9a0
amouyal:103,set_35,non_gp,lingering,prob,upstream_reg_repair_native,No,1.0,0.999996542930603,0,Yes,68770e385807141f182925e36df45f323cff2662fc4d46a8fc773a94a1361961
amouyal:104,set_36,gp,simple,prob,upstream_reg_repair_native,Yes,1.0,0.999975323677063,1,Yes,1fefdef6796993b37d9a96dec2c312a80b7899d2ebf96a24ea2d13d54d27b53c
amouyal:105,set_36,gp,lingering,prob,upstream_reg_repair_native,No,0.9995662569999695,0.9988367557525635,0,Yes,a1d5ad8cd562301d9b9f26a31b5cf0cb416e6cb8a9858d94056d4a8cda5148d8
amouyal:106,set_36,non_gp,simple,prob,upstream_reg_repair_native,Yes,1.0,0.9999957084655762,1,Yes,7ac3dcd54527f37d39a911c3649577b09037a6b7577e28a84fc35f854d03da2f
amouyal:107,set_36,non_gp,lingering,prob,upstream_reg_repair_native,No,0.9999967217445374,0.9996901154518127,0,Yes,7e7e7657fc636696efe3f40f2d7b75fabf1a686ac6c8612bb72b5ca6aca7d24d
amouyal:108,set_37,gp,simple,prob,upstream_reg_repair_native,Yes,0.003916326444596052,0.9353773593902588,0,No,550ebf40618cfd667c0542c73ecbbdd20fbeb9390e97fde61b0c99ae6699f7b1
amouyal:109,set_37,gp,lingering,prob,upstream_reg_repair_native,No,0.9998971819877625,0.9998003840446472,0,Yes,81c9cd776d5b93ba050213b6543dc7c4a2788f6c4d6af01bd2f742961b47b2ff
amouyal:110,set_37,non_gp,simple,prob,upstream_reg_repair_native,Yes,0.9999998807907104,0.9916160702705383,1,Yes,2f43220391d877e655c45dee89e2c7c92fca2cba5fb63ee991ea5555164ed95a
amouyal:111,set_37,non_gp,lingering,prob,upstream_reg_repair_native,No,0.8156183362007141,0.9706252813339233,0,Yes,4296ac3e46ef8a0c758286d137e8ba0187a690cf10cbbce7e127733cd852c5e4
amouyal:112,set_38,gp,simple,prob,upstream_reg_repair_native,Yes,0.9417098760604858,0.7122921347618103,1,Yes,fa2cd30c4e4f7eeaa096989871b119b3c5e8e9fafe0629b7ecd6070a0d582207
amouyal:113,set_38,gp,lingering,prob,upstream_reg_repair_native,No,0.9999626278877258,0.9328504204750061,0,Yes,29a6c6722943090fb7b1a87f65886553838dd5595e778ad4b6942d84c48624d0
amouyal:114,set_38,non_gp,simple,prob,upstream_reg_repair_native,Yes,0.9999600052833557,0.9820684194564819,1,Yes,c91481e72334d2c8342820bf70d03b38ee1859283a565721dc4b76fa7625e58c
amouyal:115,set_38,non_gp,lingering,prob,upstream_reg_repair_native,No,0.9804742336273193,0.31416407227516174,0,My,ad860e753a5cb7b61ddf88aa494eaabd9353d8f8537dff4571d8255156ba06b4
amouyal:116,set_39,gp,simple,prob,upstream_reg_repair_native,Yes,0.9999995827674866,0.9989324808120728,1,Yes,fe893cca94160cf5d26e630a66aa6677129c8c8ccc15d7a29e1807f8e340317f
amouyal:117,set_39,gp,lingering,prob,upstream_reg_repair_native,No,0.9999948143959045,0.9982404112815857,0,Yes,6407734ddbdb3e4a586f492af86f34c43a8c3e4cdaaf2f30f05188d0348bfde9
amouyal:118,set_39,non_gp,simple,prob,upstream_reg_repair_native,Yes,1.0,0.9999995231628418,1,Yes,1156898fc7ac205c4f1764f40f149b896be646970a75f996087fc369e51dbca2
amouyal:119,set_39,non_gp,lingering,prob,upstream_reg_repair_native,No,0.9999998807907104,0.999988317489624,0,Yes,e0830bd88f976b84e8d129eff347b353de86e70035adc607e4d237fbb0f37184
amouyal:120,set_40,gp,simple,prob,upstream_reg_repair_native,Yes,0.028345536440610886,0.8801069259643555,0,No,a47d69a78f2b112884404f35c941e7b16a827092f645a6ee8d58abc311d81b71
amouyal:121,set_40,gp,lingering,prob,upstream_reg_repair_native,No,0.9951211810112,0.9992654323577881,0,Yes,add235cc952b6ccd41c660441541d279cb6f81d5f39ca5c3829674ebf1985edd
amouyal:122,set_40,non_gp,simple,prob,upstream_reg_repair_native,Yes,0.9996412396430969,0.9756404757499695,1,Yes,c65f42d11744b30dc1c2f2fa08615fe45b7e91e9d611ca2f674d6646bc7305bc
amouyal:123,set_40,non_gp,lingering,prob,upstream_reg_repair_native,No,0.00026232533855363727,0.9987347722053528,1,No,95668ed26697cc5a093842c1a53c63e7bbb043659984dcc0673aea24a98e5332
amouyal:124,set_41,gp,simple,prob,upstream_reg_repair_native,Yes,1.0,0.9999492168426514,1,Yes,3e7940c6ad5f59d679f3340365559e043b3f3bdda1479429f939baac576ba39e
amouyal:125,set_41,gp,lingering,prob,upstream_reg_repair_native,No,0.9817622900009155,0.9993463158607483,0,Yes,04f252d8e7d2ab6e7b60488b4809015b76209c81838dc5ff1e1b6f73ce1128fb
amouyal:126,set_41,non_gp,simple,prob,upstream_reg_repair_native,Yes,1.0,0.9999997615814209,1,Yes,bfea84328e8eda556639aec4609895e212e4c7e50f659e5e2d4a8d082cd2456b
amouyal:127,set_41,non_gp,lingering,prob,upstream_reg_repair_native,No,1.0,0.9999994039535522,0,Yes,2f4af8fed1286ff92a408ba692ae21395eb50b2dec1095de7ac16d59bc1d9e0a
amouyal:128,set_42,gp,simple,prob,upstream_reg_repair_native,Yes,1.0,0.9999748468399048,1,Yes,adaba381b5cdfd01b410363294b49420912040e6a9601ed248361de025ba052e
amouyal:129,set_42,gp,lingering,prob,upstream_reg_repair_native,No,1.0,0.999976634979248,0,Yes,d1812353ab00860668785a0a7dcabe2aa9c82bb9fb757010948a6de5d6b59849
amouyal:130,set_42,non_gp,simple,prob,upstream_reg_repair_native,Yes,1.0,1.0,1,Yes,9a08f4529b20aae3a57bd1c4c1790769699aee3acefb2fa64a50fa8a340917f0
amouyal:131,set_42,non_gp,lingering,prob,upstream_reg_repair_native,No,0.9995843768119812,0.9997818470001221,0,Yes,f50b8607851c27271c011126e5c5a81bfdb9205d5a5fc1634b773ce7c927beb8
amouyal:132,set_43,gp,simple,prob,upstream_reg_repair_native,Yes,1.0,0.9999966621398926,1,Yes,ec4b8898c31164ef58a28d2bf282bce892693d8f5a9cb06e857df7cfdc4185c8
amouyal:133,set_43,gp,lingering,prob,upstream_reg_repair_native,No,0.9999999403953552,0.9999579787254333,0,Yes,040f2d2bfcf1210211a8c991163c52264de9ef7f4b8e2003f6d2a52c8f60e71f
amouyal:134,set_43,non_gp,simple,prob,upstream_reg_repair_native,Yes,1.0,0.9999998807907104,1,Yes,05d7a6f330243d0e809646d7475919775c37810170d8d378d1e48ea9cf14a098
amouyal:135,set_43,non_gp,lingering,prob,upstream_reg_repair_native,No,1.0,0.9999951124191284,0,Yes,599cd47dad4dac815f37e9175ce251bb0f79a0944bb6da9ed898f0056c2ce63b
amouyal:136,set_44,gp,simple,prob,upstream_reg_repair_native,Yes,0.9993992447853088,0.9800364375114441,1,Yes,f698b4525c8e975a71031110f6fdb27509a2f6d70e8b7deb1a98a4b1d63c2838
amouyal:137,set_44,gp,lingering,prob,upstream_reg_repair_native,No,0.9999450445175171,0.9931555986404419,0,Yes,c594e2aabb38b188393955452faee36c434d6c1747720e4e37eaaf72a203c2d1
amouyal:138,set_44,non_gp,simple,prob,upstream_reg_repair_native,Yes,0.9903714060783386,0.9224205613136292,1,Yes,2fc30aff74fa802045457985c1d0f70b87c4539cc8f6d97fca9a07bfbd7484dc
amouyal:139,set_44,non_gp,lingering,prob,upstream_reg_repair_native,No,0.9106534719467163,0.9277056455612183,0,Yes,13a7e41cc73ee4778dae98c3626e3f732d1c2110122cf5c3cbde868a86bb034b
amouyal:140,set_45,gp,simple,prob,upstream_reg_repair_native,Yes,0.9999998807907104,0.9999840259552002,1,Yes,f5f0b117a412d84252dcdfbf78910ae9e30bdd717eec14a5ec4661e7dd612d11
amouyal:141,set_45,gp,lingering,prob,upstream_reg_repair_native,No,0.9987335801124573,0.9971594214439392,0,Yes,85bdb752a377a461b685352015e60ca02e5e22600976fc650f614ddceee114f6
amouyal:142,set_45,non_gp,simple,prob,upstream_reg_repair_native,Yes,1.0,0.9999995231628418,1,Yes,a4e68909fe3e7d14fc9a1b2ed7b109b46ef63c9454eee65629e77fed67ee551b
amouyal:143,set_45,non_gp,lingering,prob,upstream_reg_repair_native,No,1.0,0.9999988079071045,0,Yes,60e902bda873a57b1d9caa0ef3b4c002e1c55299764d4e1adbb00c02418d7ab0
amouyal:144,set_hyp5_1,non_gp,simple,reflexive,upstream_reg_repair_native,Yes,1.0,0.9999997615814209,1,Yes,da484f601e7f6d2ba6e23bafebd1f3fee084279deb7568df9e7b5f3b86864002
amouyal:145,set_hyp5_1,non_gp,lingering,reflexive,upstream_reg_repair_native,No,0.21837298572063446,0.4247458279132843,1,My,bb19d3e24537ab6f5e06ed6566fb0b7c5a5777706882b24abbcec8a23ca9261b
amouyal:146,set_hyp5_2,non_gp,simple,reflexive,upstream_reg_repair_native,Yes,1.0,1.0,1,Yes,38955686162b1cc3af87d09530f864943c9f245299dacfabae61bac2597628e2
amouyal:147,set_hyp5_2,non_gp,lingering,reflexive,upstream_reg_repair_native,No,6.962270170107754e-12,0.9996077418327332,1,No,857b592d06f6f94d1dff17db073c328f051b3e745902a59dffdb1bd58292f93e
amouyal:148,set_hyp5_3,non_gp,simple,reflexive,upstream_reg_repair_native,Yes,1.0,1.0,1,Yes,8ba9b4d0616b02241c48147bfc35b3bc02d4f507e1661ee13fa6a9b49eae397a
amouyal:149,set_hyp5_3,non_gp,lingering,reflexive,upstream_reg_repair_native,No,3.127484382581258e-10,0.9999654293060303,1,No,d0d527a82aa8b8b1ada99a09ef2ef65b1553ac5c8b63d86acc1d8da79d724771
amouyal:150,set_hyp5_4,non_gp,simple,reflexive,upstream_reg_repair_native,Yes,1.0,0.9999997615814209,1,Yes,ea2f7be301be0309933f3c10042edb219eb819cb53993b5debedc143643849ff
amouyal:151,set_hyp5_4,non_gp,lingering,reflexive,upstream_reg_repair_native,No,6.470299296346127e-10,0.9999198913574219,1,No,e2a0464fc3468f90a80782d1d73da8b14e55ec7ed605da750430e96bd3859f3a
amouyal:152,set_hyp5_5,non_gp,simple,reflexive,upstream_reg_repair_native,Yes,1.0,1.0,1,Yes,f5975a57aea801dd8560f9a53a625796de0f9993797b36aa413131c5bfeb0572
amouyal:153,set_hyp5_5,non_gp,lingering,reflexive,upstream_reg_repair_native,No,2.4663979747430176e-09,0.9997571110725403,1,No,54336ec0518f9704052fdfb71f154a865d9ef94781575922a7837415515f97a4
amouyal:154,set_hyp5_6,non_gp,simple,reflexive,upstream_reg_repair_native,Yes,1.0,0.9999964237213135,1,Yes,d7810ca34996da8f0e9bf942d0fe54b6fbbd59e46cf99588831db71a796c8650
amouyal:155,set_hyp5_6,non_gp,lingering,reflexive,upstream_reg_repair_native,No,2.825217779900413e-05,0.8343509435653687,1,No,8df947d70db56b30d0c8330601e7dc7e8b6357f088b24d7a882ca60dd03b0b1b
amouyal:156,set_hyp5_7,non_gp,simple,reflexive,upstream_reg_repair_native,Yes,1.0,1.0,1,Yes,d95a16a6ad1aa271e47f07b86c4d1c0004cf48b304d3269549d3ed5aac917171
amouyal:157,set_hyp5_7,non_gp,lingering,reflexive,upstream_reg_repair_native,No,5.217805354451599e-11,0.9997772574424744,1,No,2fc3c51479fed2eed1b586e65542afc5569e4a6276bec9255eb667db15db0d78
amouyal:158,set_hyp5_8,non_gp,simple,reflexive,upstream_reg_repair_native,Yes,1.0,0.9999922513961792,1,Yes,853ec2588602067200ffc774966696d421023d1a4f62a0cc118a8e92ca89c8cd
amouyal:159,set_hyp5_8,non_gp,lingering,reflexive,upstream_reg_repair_native,No,8.718867294810195e-11,0.9997962117195129,1,No,dbe9b16263e820b43ffa9b04f194e94262b9ee5173cd8859854c5648640e92eb
amouyal:160,set_hyp5_9,non_gp,simple,reflexive,upstream_reg_repair_native,Yes,1.0,1.0,1,Yes,1c2878e119e1c1464adc3d79abfdd3dc483be2e0fe06bcadf4b92c69a4aa1419
amouyal:161,set_hyp5_9,non_gp,lingering,reflexive,upstream_reg_repair_native,No,0.716344952583313,0.18444736301898956,0,My,c4be86cbf8d87230d817c8aa0f8e126b96860441cb3f67d2a604eaec8029da73
amouyal:162,set_hyp5_10,non_gp,simple,reflexive,upstream_reg_repair_native,Yes,1.0,1.0,1,Yes,c17fe86d6a655d1a8fa0661a382a9993e05c9f9d8c9b36fbc4909c99dd63c706
amouyal:163,set_hyp5_10,non_gp,lingering,reflexive,upstream_reg_repair_native,No,0.9627943634986877,0.13892947137355804,0,My,55b523728687b68912ca72b5368423fecec97d133d4a362ac38fa8bdaf6d8645
amouyal:164,set_hyp5_11,non_gp,simple,reflexive,upstream_reg_repair_native,Yes,1.0,0.9999988079071045,1,Yes,f789d52ce81c945ac2eb1996dbfbdd907af164deead158d3fa902ad926dc9e7c
amouyal:165,set_hyp5_11,non_gp,lingering,reflexive,upstream_reg_repair_native,No,1.0631356905932421e-10,0.9976193308830261,1,No,4998e30bbc027388f68e5577de1e3d24afc12455b827cea59efbf76ac8e5dd4a
amouyal:166,set_hyp5_12,non_gp,simple,reflexive,upstream_reg_repair_native,Yes,1.0,0.9999998807907104,1,Yes,c2a476f1b609110682d6e21f7440770d7c99b2f648dc7c7e0da7749e05a00e8d
amouyal:167,set_hyp5_12,non_gp,lingering,reflexive,upstream_reg_repair_native,No,1.648972869361387e-07,0.9998173713684082,1,No,cadf63de7dba9d8c0b3fefe653dda8725065f43ef48d0944f77ed93813980904
amouyal:168,set_hyp5_13,non_gp,simple,reflexive,upstream_reg_repair_native,Yes,1.0,0.9999656677246094,1,Yes,84f0fa801ebfce99bdea82ad48f9d82bfa64ad07877ea57c1138c9bedf36c2a9
amouyal:169,set_hyp5_13,non_gp,lingering,reflexive,upstream_reg_repair_native,No,7.682928071517381e-09,0.9998841285705566,1,No,11a0d2c6c555a54f079a61d01421c53c932ac28bc09e7098d649dbffc9622938
amouyal:170,set_hyp5_14,non_gp,simple,reflexive,upstream_reg_repair_native,Yes,0.9603673815727234,0.9222526550292969,1,Yes,3abdacfe08cbd8350daf1969f75af0bae90eb31b7689a22e5f56006815fcd648
amouyal:171,set_hyp5_14,non_gp,lingering,reflexive,upstream_reg_repair_native,No,3.7741472169727786e-07,0.9790492057800293,1,No,f80c8151a13cc3a52fd9614be895d1deaff61f0483239228c9e9393d8bc1cfd4
amouyal:172,set_hyp5_15,non_gp,simple,reflexive,upstream_reg_repair_native,Yes,1.0,0.9999850988388062,1,Yes,6a4ce0b804df56ea6e9e9b2505f07d3633b05d31aa5ebd9deaed994d52bfd87e
amouyal:173,set_hyp5_15,non_gp,lingering,reflexive,upstream_reg_repair_native,No,3.9318809285759926e-05,0.9983852505683899,1,No,3ddf8ae7ea3e2ee1d247eacad0d7145a5e560bf20110a333e59d357cf4d8e4b7
amouyal:174,set_hyp5_16,non_gp,simple,reflexive,upstream_reg_repair_native,Yes,1.0,0.9999988079071045,1,Yes,b3fae4b39c60c7216a7d3606cc10631a8122db3ea6f40289ef04826c8e07c878
amouyal:175,set_hyp5_16,non_gp,lingering,reflexive,upstream_reg_repair_native,No,0.9999997615814209,0.9996067881584167,0,Yes,7857d2d1c6989d9eb66d15d039e2db98896c1a7eaf6c950769a73d276cabb9e8
amouyal:176,set_hyp5_17,non_gp,simple,reflexive,upstream_reg_repair_native,Yes,1.0,1.0,1,Yes,e9bf0523424ce70ec039aee0f17ceaf88bed2cd10f5ad2141ddfc798964851b5
amouyal:177,set_hyp5_17,non_gp,lingering,reflexive,upstream_reg_repair_native,No,5.2827960755896797e-11,0.999886155128479,1,No,3781ef426cdaca998ab1b221bd5cd0c3aaba5e75b1997c4f26c5641902fe603b
amouyal:178,set_hyp5_18,non_gp,simple,reflexive,upstream_reg_repair_native,Yes,0.00036994897527620196,0.9990302920341492,0,No,d950e2b45f5b78ea3dc07fbfed87c8321a11448bd87777d8fe409f1e139de481
amouyal:179,set_hyp5_18,non_gp,lingering,reflexive,upstream_reg_repair_native,No,3.7081156278873095e-07,0.9981772899627686,1,No,43d855b91873a8c8dc04793a24ae36419789fa752890ec62560aad6c7c497895
amouyal:180,set_hyp5_19,non_gp,simple,reflexive,upstream_reg_repair_native,Yes,1.0,1.0,1,Yes,8e23e70a0f69e562d6779c82c8313a4a6b36f3d9e84020719a5acc113185950f
amouyal:181,set_hyp5_19,non_gp,lingering,reflexive,upstream_reg_repair_native,No,3.1125279437160813e-11,0.9991430044174194,1,No,de2e990bcbe72c71850d1ed1e0b3eeb408ef3b2dccac67c0063c8a5d005937b3
amouyal:182,set_hyp5_20,non_gp,simple,reflexive,upstream_reg_repair_native,Yes,1.0,0.9991844296455383,1,Yes,11674a74416f1995b041c7e170d152b8974183897f82e9ad273df18339d1ea7f
amouyal:183,set_hyp5_20,non_gp,lingering,reflexive,upstream_reg_repair_native,No,0.00021563009067904204,0.9763575196266174,1,No,3c76ef131d1ed2720c4ac5b35a6ce6b9edde6acade328829f19a57cb78d835c9
amouyal:184,set_hyp5_21,non_gp,simple,reflexive,upstream_reg_repair_native,Yes,1.0,0.9999942779541016,1,Yes,87daf3f87a294de71252b5e82d8e69328eeaa9201f21e61d33d873e7e8ce47f0
amouyal:185,set_hyp5_21,non_gp,lingering,reflexive,upstream_reg_repair_native,No,0.001418650965206325,0.9983562231063843,1,No,39614a62abb5c5f844aa6e2893e6a184d05dd55bce14f03a3821302dad51a8c1
amouyal:186,set_hyp5_22,non_gp,simple,reflexive,upstream_reg_repair_native,Yes,1.0,0.9999923706054688,1,Yes,0be0fc1baa5241c7efccaf7bf8a30cdef66f435a6f8a15b4669e03b22d7ff052
amouyal:187,set_hyp5_22,non_gp,lingering,reflexive,upstream_reg_repair_native,No,8.707745280389645e-08,0.9950465559959412,1,No,933f748dadadf3a6bbea2cdc69b6bd5646aeca9f92be4b29d6e814ec022dc837
amouyal:188,set_hyp5_23,non_gp,simple,reflexive,upstream_reg_repair_native,Yes,1.0,0.9999998807907104,1,Yes,9699cbfb77087219cd7c411c2d36e7d20206db0433db3a40ba5af1973a6029c8
amouyal:189,set_hyp5_23,non_gp,lingering,reflexive,upstream_reg_repair_native,No,0.0033411122858524323,0.9524663686752319,1,No,e33560037d90639338c5ec97350271f07087f2cc107c5ffff17aff900e8a91d2
amouyal:190,set_hyp5_24,non_gp,simple,reflexive,upstream_reg_repair_native,Yes,1.0,1.0,1,Yes,b596810e6db17a8cfdabddc6292148511aa93da1ded30c0fd88eaa8b54049553
amouyal:191,set_hyp5_24,non_gp,lingering,reflexive,upstream_reg_repair_native,No,0.9187617301940918,0.9517443180084229,0,Yes,3be26774c5878a58cfacb193268c70cd2c2feda8b6cabf251b9bf0cb3d91b6af
amouyal:192,set_hyp5_1,gp,simple,reflexive,upstream_reg_repair_native,Yes,1.0,0.9999901056289673,1,Yes,ffb8483872275773bb8d1f554b13f5b1b67c8f3400f5c8676fdc4317f20c1e16
amouyal:193,set_hyp5_1,gp,lingering,reflexive,upstream_reg_repair_native,No,0.011373884975910187,0.9683658480644226,1,No,23b6c31b53ceb6bb891151e073f5c4094a820636fa96eca99dcefe1898a8a895
amouyal:194,set_hyp5_2,gp,simple,reflexive,upstream_reg_repair_native,Yes,1.0,0.9999942779541016,1,Yes,d6d3efa508f16620c8879e24d7a03ddd6127e5ae328dee5744614178658c2e57
amouyal:195,set_hyp5_2,gp,lingering,reflexive,upstream_reg_repair_native,No,1.6821890369556058e-07,0.9996811747550964,1,No,4e86a83e6794741ac88b14155ededb51970a38f4917b775f697e71d6c3400550
amouyal:196,set_hyp5_3,gp,simple,reflexive,upstream_reg_repair_native,Yes,0.9999976754188538,0.9998135566711426,1,Yes,9fa8dd5bfe2e24566d9774c1a2c37660aa125a8dbe2bac2be02adee3d8f95066
amouyal:197,set_hyp5_3,gp,lingering,reflexive,upstream_reg_repair_native,No,0.001723903464153409,0.9696966409683228,1,No,6ed08f0be5ba0ee32d54f7966f025b58fe89eae1b8eda3759d161886b4dec1d4
amouyal:198,set_hyp5_4,gp,simple,reflexive,upstream_reg_repair_native,Yes,1.0,0.9999856948852539,1,Yes,6a9d75302341f32dfce20e9deef750d44088a26af98e9045c82d14da2f90eb92
amouyal:199,set_hyp5_4,gp,lingering,reflexive,upstream_reg_repair_native,No,0.0356392003595829,0.9946755766868591,1,No,9051fea5ecea5254cdec79bc2e74320038281d2822c10255e02279775901ba2e
amouyal:200,set_hyp5_5,gp,simple,reflexive,upstream_reg_repair_native,Yes,1.0,0.9999903440475464,1,Yes,ba787fecb5267e4c96ec495765336cca012cfcee2342601b680b1cac45086a46
amouyal:201,set_hyp5_5,gp,lingering,reflexive,upstream_reg_repair_native,No,0.9999926686286926,0.992263674736023,0,Yes,ac7ab01ec532773a950ef18240fd36e294407aa66b6189f22fa78618ad17d08e
amouyal:202,set_hyp5_6,gp,simple,reflexive,upstream_reg_repair_native,Yes,0.9999999403953552,0.9996187090873718,1,Yes,cccb917d98d4eb16eb41679f7428b30bbc31e22dfcfb3551a83029d6694a0628
amouyal:203,set_hyp5_6,gp,lingering,reflexive,upstream_reg_repair_native,No,0.8343995213508606,0.8296815752983093,0,Yes,fe477dc03e38133134e0ef4551faaf861b70c3985e7c4a9dfa28809c9d29ccf1
amouyal:204,set_hyp5_7,gp,simple,reflexive,upstream_reg_repair_native,Yes,1.0,0.9999880790710449,1,Yes,9925655931f85f64d4fa1530c9c137266b7fb407fc42485234da5a34fc2748c6
amouyal:205,set_hyp5_7,gp,lingering,reflexive,upstream_reg_repair_native,No,9.637207767809741e-06,0.9987423419952393,1,No,33d9f0d80d195754a8aae5f797f7cfe9955fb0bc4c8a6812af70b412403ff8b1
amouyal:206,set_hyp5_8,gp,simple,reflexive,upstream_reg_repair_native,Yes,1.0,0.9998471736907959,1,Yes,93a263b95f1d851381e570ddf645e28e7a713f598591d130b30ca9cfee67e5c8
amouyal:207,set_hyp5_8,gp,lingering,reflexive,upstream_reg_repair_native,No,1.6051993952714838e-05,0.9989041090011597,1,No,644ff54cf3879cae71af3bbbb226d76952a66bbfa74cf46743a862aa25c438f4
amouyal:208,set_hyp5_9,gp,simple,reflexive,upstream_reg_repair_native,Yes,1.0,0.9999997615814209,1,Yes,6e30e3c3cfca2532188282a864fec27335ba3a09cc80d63fc5b7f6a1b604f70f
amouyal:209,set_hyp5_9,gp,lingering,reflexive,upstream_reg_repair_native,No,1.0,0.9999996423721313,0,Yes,c47de32276d4f6f791b018c1c5200de9c04de30a4af3804545d31cc7699602c6
amouyal:210,set_hyp5_10,gp,simple,reflexive,upstream_reg_repair_native,Yes,1.0,0.9999964237213135,1,Yes,86ee41390a9643de0d14b91505f172980249622f53fbc22b79a9a4790b0b38d0
amouyal:211,set_hyp5_10,gp,lingering,reflexive,upstream_reg_repair_native,No,0.9991157650947571,0.7705240249633789,0,Yes,947a0c6369d7f9808f3addf5212f5b45434362b4d315c0c22feb93206c4830e8
amouyal:212,set_hyp5_11,gp,simple,reflexive,upstream_reg_repair_native,Yes,0.971879243850708,0.8952564001083374,1,Yes,0123082c7e2588b7bd58177ff73f40f9b64f77156f2eeea1a0157b210746df50
amouyal:213,set_hyp5_11,gp,lingering,reflexive,upstream_reg_repair_native,No,0.17732174694538116,0.7173671126365662,1,No,6759e1a965de211b47786f42b8f3a068826542ae292c4262a34a599d671dbe94
amouyal:214,set_hyp5_12,gp,simple,reflexive,upstream_reg_repair_native,Yes,1.0,0.9999678134918213,1,Yes,faf0969cb0833eb69392282c0dd722887e2e68e8182b6167012fbb5fb230e0d5
amouyal:215,set_hyp5_12,gp,lingering,reflexive,upstream_reg_repair_native,No,0.3956950306892395,0.9149280190467834,1,No,af488c247aa875823c46f6e34a86009899ae2c837630aee85aa3dd94c11b9602
amouyal:216,set_hyp5_13,gp,simple,reflexive,upstream_reg_repair_native,Yes,0.9998427629470825,0.9587186574935913,1,Yes,15dabc0f31f5154dfde55bf623cdf184d48e520bbd77972d499f98b98ba60d84
amouyal:217,set_hyp5_13,gp,lingering,reflexive,upstream_reg_repair_native,No,0.0528571717441082,0.9315301775932312,1,No,7cdc0347e6299a44fdea204c026c55ca172895d775c40d99c9f8708b8193dee1
amouyal:218,set_hyp5_14,gp,simple,reflexive,upstream_reg_repair_native,Yes,0.051152121275663376,0.8186458349227905,0,No,cd151bda6c8c374b01faf88a4f9c050b822be2f249952983dd5b405cf0f07272
amouyal:219,set_hyp5_14,gp,lingering,reflexive,upstream_reg_repair_native,No,0.002317528473213315,0.9084983468055725,1,No,0b585a2cb219733b32bddfebbdd64822f3df90b1ae2aab6b02a28c512c2f9bc5
amouyal:220,set_hyp5_15,gp,simple,reflexive,upstream_reg_repair_native,Yes,0.9999999403953552,0.9981498122215271,1,Yes,ebd958e8c242aac3898316f2ce51e29ad7dae2e7ce0b9ba7f428abb8c7eb0956
amouyal:221,set_hyp5_15,gp,lingering,reflexive,upstream_reg_repair_native,No,0.990776002407074,0.9702659845352173,0,Yes,10eadc188760b10da7214a6fb1bce3dbbdd3e1e98803f803ad69429fb458b3bd
amouyal:222,set_hyp5_16,gp,simple,reflexive,upstream_reg_repair_native,Yes,1.0,0.99956876039505,1,Yes,a55a9fa082482b39bd0a29580ff6c3ce56d3dc4acdd3b572e048573d97cfdc80
amouyal:223,set_hyp5_16,gp,lingering,reflexive,upstream_reg_repair_native,No,0.9999994039535522,0.999651312828064,0,Yes,198aa18ed4d922fccd7e5b95b6dde39aa879be7c38f3f5afa1a13edb3ee4af0f
amouyal:224,set_hyp5_17,gp,simple,reflexive,upstream_reg_repair_native,Yes,1.0,0.9999992847442627,1,Yes,8cebefade4a93543b1bfa9f801876efa14e04d1de9af0cd0a6dfdfc76580809c
amouyal:225,set_hyp5_17,gp,lingering,reflexive,upstream_reg_repair_native,No,1.0237979353178162e-08,0.9995222091674805,1,No,7377f6fb996a0cb8d3a7518c99eb46cc313cf02190583f919f68d0837aa45e75
amouyal:226,set_hyp5_18,gp,simple,reflexive,upstream_reg_repair_native,Yes,0.05567173287272453,0.9728123545646667,0,No,60e4b06b9ce3fe931fb39c640a7863346ad40aa9f3a3c8dd64b453285033753f
amouyal:227,set_hyp5_18,gp,lingering,reflexive,upstream_reg_repair_native,No,0.9860215783119202,0.9454476833343506,0,Yes,16825335cbba914490dafeb3d80e91deb53f355f0c938f7a2c0f95a1a737e612
amouyal:228,set_hyp5_19,gp,simple,reflexive,upstream_reg_repair_native,Yes,1.0,0.9999996423721313,1,Yes,bf0166d30b7fe81df3140f6b73877b35ff7fb621d191f1c96a7798411d3d5a7a
amouyal:229,set_hyp5_19,gp,lingering,reflexive,upstream_reg_repair_native,No,0.776780366897583,0.8637399077415466,0,Yes,6ae8061800bb30836e10a3334afe463d2e957174a612e62e3471846cf140a8ae
amouyal:230,set_hyp5_20,gp,simple,reflexive,upstream_reg_repair_native,Yes,1.0,0.9922711849212646,1,Yes,3043a7c373b8a2121f9ec602211367e966aa9bb2d851595702523de76bd76d42
amouyal:231,set_hyp5_20,gp,lingering,reflexive,upstream_reg_repair_native,No,0.9954386949539185,0.8150584697723389,0,Yes,c1175d220714f65e73c77d28da45c6fb7fea0ef98da9d0deef4ae888c8868680
amouyal:232,set_hyp5_21,gp,simple,reflexive,upstream_reg_repair_native,Yes,1.0,0.9995625615119934,1,Yes,b3ef3b2c008cab5243e056f4db8fb4952116e2a1b1f84b88e9411362d291c70f
amouyal:233,set_hyp5_21,gp,lingering,reflexive,upstream_reg_repair_native,No,0.820486307144165,0.9979164600372314,0,Yes,2211239d91dfee3cef756321df861dd51cea088d197b9f602175580c92ea5cc3
amouyal:234,set_hyp5_22,gp,simple,reflexive,upstream_reg_repair_native,Yes,0.9999998807907104,0.9897330403327942,1,Yes,7eccdb22bd3ca127e35c6afede412992238a73af66af1fbf8f43173235591a63
amouyal:235,set_hyp5_22,gp,lingering,reflexive,upstream_reg_repair_native,No,0.08140101283788681,0.685474693775177,1,No,f9e70fe4e6fa48b1f70f68a22bc865d2be4944f6758cf6ca6f3d79c441452506
amouyal:236,set_hyp5_23,gp,simple,reflexive,upstream_reg_repair_native,Yes,1.0,0.9998067021369934,1,Yes,74be1e2d7211f00d79e61c46af37a9e4d01653c5bf552ecf5dade12522fdfbc6
amouyal:237,set_hyp5_23,gp,lingering,reflexive,upstream_reg_repair_native,No,0.9978476166725159,0.9535198211669922,0,Yes,f2d6fc705196741101b4512c792f501971e06996e7991b34b5df6c3e34c2d12d
amouyal:238,set_hyp5_24,gp,simple,reflexive,upstream_reg_repair_native,Yes,1.0,0.9999967813491821,1,Yes,3198c9b206883c4498c3bc3c188602db312b4e9b96bb6509cec6cdfde1d0e56a
amouyal:239,set_hyp5_24,gp,lingering,reflexive,upstream_reg_repair_native,No,0.9999977946281433,0.9999389052391052,0,Yes,3b9a5a80139ca319bb94c29d82298f71ad185319f24bf37c035808730adb34de
amouyal:240,set_1,gp,simple,prob,upstream_reg_repair_native,Yes,1.0,0.9999276399612427,1,Yes,a8ac3c3f2f966a0dc6a264457e580f136d3911329ad632489f0194148cf7ed63
amouyal:241,set_1,gp,lingering,prob,upstream_reg_repair_native,No,0.009691326878964901,0.9930076003074646,1,No,f931ab03e111ebe978747839ab90ce61a2c6aae40de7e15c60a842a9dc0faf94
amouyal:242,set_1,non_gp,simple,prob,upstream_reg_repair_native,Yes,1.0,0.9999997615814209,1,Yes,b82ef105bfc6a4823918bdc4b124231ea3bd7a75f9a1d5e7609d25e1d66a15b8
amouyal:243,set_1,non_gp,lingering,prob,upstream_reg_repair_native,No,0.1631941795349121,0.9961553812026978,1,No,08fa578c2986c6cd4f659fb3db9f150e999d143f432210bf8e8b35c03f672ec8
amouyal:244,set_2,gp,simple,prob,upstream_reg_repair_native,Yes,1.0,0.9999967813491821,1,Yes,99865695c2749c7d29c6a8e3be67e8c2a5deb68281d57e2f90c7a04daf3ccd9e
amouyal:245,set_2,gp,lingering,prob,upstream_reg_repair_native,No,0.999998927116394,0.9999908208847046,0,Yes,d325f0a834b06fd1dd285c842702370d91e838e234d0bb554bbee3b9b92a683a
amouyal:246,set_2,non_gp,simple,prob,upstream_reg_repair_native,Yes,1.0,0.9999997615814209,1,Yes,44292ebc8debb4e9fc931c9e83cc8447bdfa398c99da09fccfb92aef9a1b614b
amouyal:247,set_2,non_gp,lingering,prob,upstream_reg_repair_native,No,1.0,0.9999427795410156,0,Yes,9d99a582df156e4a170d351753b11cc16b923cd187a173ed7e8fd616b9c685bd
amouyal:248,set_3,gp,simple,prob,upstream_reg_repair_native,Yes,0.8876181840896606,0.6767811179161072,1,Yes,d1546b44ecb9a53fcf6a9648383e230ee23a47577f63ada3a057fb26285460b6
amouyal:249,set_3,gp,lingering,prob,upstream_reg_repair_native,No,0.8150076866149902,0.9591543674468994,0,Yes,9fdaab6a4397bf3cbf8d28301300b780bfe38b16db0c6ab8d48f4803b5a6a1eb
amouyal:250,set_3,non_gp,simple,prob,upstream_reg_repair_native,Yes,1.0,0.9999730587005615,1,Yes,b1736d959fb087cff07cd0012f9e008071914a0b9ec8f49da371a494485a1282
amouyal:251,set_3,non_gp,lingering,prob,upstream_reg_repair_native,No,0.00035492508322931826,0.993598461151123,1,No,b354695f29eb022ba4252d776205f015b7762b1f14c9d8d53bb53ad02bcd2e00
amouyal:252,set_4,gp,simple,prob,upstream_reg_repair_native,Yes,0.9999997615814209,0.9999853372573853,1,Yes,5a390855fde113ed893ff3eeeb521b6fa577c6efd25cb0c4946b338121b66c2a
amouyal:253,set_4,gp,lingering,prob,upstream_reg_repair_native,No,0.9997284412384033,0.9767636656761169,0,Yes,2873ff4e1add5c9482bf125172d3c316a79ec7d5af4869af2f0cb0df017f33d3
amouyal:254,set_4,non_gp,simple,prob,upstream_reg_repair_native,Yes,1.0,0.9999997615814209,1,Yes,f9c7f2932cd0d97555298d1e10769cd2d82adfba54fbd60ae20eb03201158086
amouyal:255,set_4,non_gp,lingering,prob,upstream_reg_repair_native,No,0.9999894499778748,0.9910393357276917,0,Yes,b355dc28663199f398780c61033b326704fcd9c4749e215e1531364bce0c969e
amouyal:256,set_5,gp,simple,prob,upstream_reg_repair_native,Yes,0.9999995827674866,0.9999931454658508,1,Yes,91620580233f4c4bcc6d62666b1c2924d990a1ef50a96c3e60559006e40f3d0d
amouyal:257,set_5,gp,lingering,prob,upstream_reg_repair_native,No,6.945272616576403e-05,0.9997164607048035,1,No,1d261be79a4430fedc11ded162a1ff48bf65e9b3c2c0b72af1bb168c1b64c009
amouyal:258,set_5,non_gp,simple,prob,upstream_reg_repair_native,Yes,1.0,0.9999995231628418,1,Yes,073acb2406959442bdd2a4470235d00a1162262a1160c54cd6a36def053a68ee
amouyal:259,set_5,non_gp,lingering,prob,upstream_reg_repair_native,No,0.9999210834503174,0.9989244341850281,0,Yes,3c6d103fcb2edb7091c6814f68089f7fc07eee28e750af56f4bf1068394580e5
amouyal:260,set_6,gp,simple,prob,upstream_reg_repair_native,Yes,0.9999784231185913,0.9986484050750732,1,Yes,1bb68744e7117d73dc1a3aa28557379bf9defded74af773832dcdb6359295584
amouyal:261,set_6,gp,lingering,prob,upstream_reg_repair_native,No,0.9872185587882996,0.9566709995269775,0,Yes,c05db57238024fe00a986bf3a93a8dc2dd1282678b740d28f16df3deaf4a8aa4
amouyal:262,set_6,non_gp,simple,prob,upstream_reg_repair_native,Yes,1.0,0.999998927116394,1,Yes,a3f4369f114a46c9c88aa1a067911b396feedecda0ac4fd899a90aada33d6693
amouyal:263,set_6,non_gp,lingering,prob,upstream_reg_repair_native,No,0.9759552478790283,0.7057115435600281,0,Yes,11552fd9976812a7365176265d10ed49ad8f988a744ff993aa613589dfa39cab
amouyal:264,set_7,gp,simple,prob,upstream_reg_repair_native,Yes,0.726405143737793,0.36051639914512634,1,My,7d09b1067fb99b4298db07519a4d0dca3c9bf242b67bdfe3ab405035260799c0
amouyal:265,set_7,gp,lingering,prob,upstream_reg_repair_native,No,0.9999872446060181,0.9775067567825317,0,Yes,f8c74a45403f27c4b409e0aa1fa539502fed60efe8806470d32a6d93320ef6c8
amouyal:266,set_7,non_gp,simple,prob,upstream_reg_repair_native,Yes,0.9999999403953552,0.9968374371528625,1,Yes,88cbb6c0b8b9f6c7ab81629dd87cd3e4e62e5a6d3d7ee25519c4c9e368a96557
amouyal:267,set_7,non_gp,lingering,prob,upstream_reg_repair_native,No,0.9999450445175171,0.9864605069160461,0,Yes,74e86e09d64a87659d1fb3fa9866f47c804f4e9e0e33a9f3cc6cdbfd68a875e6
amouyal:268,set_8,gp,simple,prob,upstream_reg_repair_native,Yes,0.9999998807907104,0.9999344348907471,1,Yes,813ea0af5f37dffe6e2b3440f85eadba2f082f567d5d1cae764559642c5e6ce0
amouyal:269,set_8,gp,lingering,prob,upstream_reg_repair_native,No,0.9674534201622009,0.9506523013114929,0,Yes,b9e0cff356b88d897aea24ac7abc78db8cfd87a2189c6022e30ae5f99344cd54
amouyal:270,set_8,non_gp,simple,prob,upstream_reg_repair_native,Yes,1.0,0.9999964237213135,1,Yes,7351514f4a8489b5ba91bc39fab60bb5b64e687820bf34f17ee04b1cca3799d8
amouyal:271,set_8,non_gp,lingering,prob,upstream_reg_repair_native,No,0.9935741424560547,0.9461660981178284,0,Yes,e0c47d81c18f2b32d9b99c8b8399a019c35009fe3ac57e9ac2b2526e8e718063
amouyal:272,set_9,gp,simple,prob,upstream_reg_repair_native,Yes,1.0,0.9994346499443054,1,Yes,cc5b3dccd9e052962b88a09564f77624db0b5f67357a4f7ce373465528c56029
amouyal:273,set_9,gp,lingering,prob,upstream_reg_repair_native,No,0.999983012676239,0.9956469535827637,0,Yes,bb0fbe67096f888dedba3f053d65945535c37b0c37ed7dca6f99d3dd16c1f8b9
amouyal:274,set_9,non_gp,simple,prob,upstream_reg_repair_native,Yes,1.0,0.9999821186065674,1,Yes,bb96c9a0b066225c08b58d7b0bb1e1c9a2d6ef29bef3fd500b234c491b19ee69
amouyal:275,set_9,non_gp,lingering,prob,upstream_reg_repair_native,No,1.0,0.9999834299087524,0,Yes,71b4b400f2a4b605f6ed68b4096010f7df01e281bc8eb08a29c945db09e88893
amouyal:0,set_10,gp,simple,prob,upstream_reg_repair_prefill,Yes,0.9921207427978516,0.9987736344337463,1, Yes,163e9652c001d8e422df600205df8ba75b228d185408a435a62e1c917b494dfc
amouyal:1,set_10,gp,lingering,prob,upstream_reg_repair_prefill,No,0.9711505174636841,0.9979998469352722,0, Yes,b93b4422e5f31448d27bdfedb8e4db856e14a6df96935802837c566192a18388
amouyal:2,set_10,non_gp,simple,prob,upstream_reg_repair_prefill,Yes,0.9992384314537048,0.9987117648124695,1, Yes,bdcb2b5eb3500f34a9774c703836fef3c9f62e587792b1e025a3cfabebd35f36
amouyal:3,set_10,non_gp,lingering,prob,upstream_reg_repair_prefill,No,0.9988721609115601,0.9987668395042419,0, Yes,8523fe811ade95a3fbaff7b156e32f1308a08e9e2e49387160908247a9b6a36d
amouyal:4,set_11,gp,simple,prob,upstream_reg_repair_prefill,Yes,0.9995957016944885,0.9990551471710205,1, Yes,dccbefa70f6f9e4fc780c442e4485f186ece8eb2109b029c4c46868a501053e1
amouyal:5,set_11,gp,lingering,prob,upstream_reg_repair_prefill,No,0.9896950721740723,0.9988620281219482,0, Yes,c8b8e2549d0b86b4c4f4c2ebb8c1224ab4fd213e22bd38b7c641facc06ea34cf
amouyal:6,set_11,non_gp,simple,prob,upstream_reg_repair_prefill,Yes,0.9998103976249695,0.9988963603973389,1, Yes,8bb380aca9dc3183057a16fcddc89f654e3aa5ee1002f61338cf652ef9753b3f
amouyal:7,set_11,non_gp,lingering,prob,upstream_reg_repair_prefill,No,0.9968119859695435,0.9985169768333435,0, Yes,851479d5c0590d87411ca1b9db29e199d1da1df8a2746b2ebaf97271880e01e0
amouyal:8,set_12,gp,simple,prob,upstream_reg_repair_prefill,Yes,0.0005450185853987932,0.9999514818191528,0, No,2de978bd03dd73bb7869272fb4aecfb6c34d0885ae79875390ced525c73bc765
amouyal:9,set_12,gp,lingering,prob,upstream_reg_repair_prefill,No,0.988574206829071,0.9991644024848938,0, Yes,506e7ebb9be6c2262333404c5ae6f0010da291649a363339a87c85c78414c468
amouyal:10,set_12,non_gp,simple,prob,upstream_reg_repair_prefill,Yes,0.9999739527702332,0.9994943737983704,1, Yes,6e4e34ee728c2dfe0d5a7c704bd4247c824cf45c4c68726726f7296669f1fcf7
amouyal:11,set_12,non_gp,lingering,prob,upstream_reg_repair_prefill,No,0.9982634782791138,0.9987397789955139,0, Yes,6338681e229fcfaa0c94f0f98740140931af7b50e5e16d8feecaf7fbd77b5019
amouyal:12,set_13,gp,simple,prob,upstream_reg_repair_prefill,Yes,0.9925073385238647,0.9992921352386475,1, Yes,5a7376678443ef3b81ecc5d74f35db4d604bc1ffedc11ebbe7676e8606b6aec6
amouyal:13,set_13,gp,lingering,prob,upstream_reg_repair_prefill,No,0.0653730183839798,0.9995232224464417,1, No,9c8b121147b34166f3cd405601a980d1a9a484115c79acdfe16369e896f851b1
amouyal:14,set_13,non_gp,simple,prob,upstream_reg_repair_prefill,Yes,0.9999879598617554,0.9995003938674927,1, Yes,79c2a1500b2ff71971a0cc4631758940cf006c8965a46364931ef71f96f29fee
amouyal:15,set_13,non_gp,lingering,prob,upstream_reg_repair_prefill,No,0.9994610548019409,0.9979058504104614,0, Yes,e11f8e2e2b90a2e1cb613d3dd562579ce5d5363b835311bdfd1918ad2e755e97
amouyal:16,set_14,gp,simple,prob,upstream_reg_repair_prefill,Yes,0.775999128818512,0.9980155825614929,1, Yes,1dd9374188eb81659037058873506c05053e83d7f3edd78e43f986e6aeaf9e20
amouyal:17,set_14,gp,lingering,prob,upstream_reg_repair_prefill,No,0.8122816681861877,0.9980770349502563,0, Yes,dbe99a826f60882adee393304ae48d5dcbfb7e8118d3a26a6d3331ec9e7ef4e3
amouyal:18,set_14,non_gp,simple,prob,upstream_reg_repair_prefill,Yes,0.9459416270256042,0.9980420470237732,1, Yes,77876601f675c8bdf3937fbdd94899b8054470f757a83c188acff0c825c1d4e7
amouyal:19,set_14,non_gp,lingering,prob,upstream_reg_repair_prefill,No,0.00011614706454565749,0.9998868107795715,1, No,c924e148e49bbe346ac13769cbc9a3363d1f55c668122a55d8a6ec8183ac7160
amouyal:20,set_15,gp,simple,prob,upstream_reg_repair_prefill,Yes,0.9999001026153564,0.9994643330574036,1, Yes,d9ce8ff4250a6491f1f0458740669051f52b3a02a14f38bda6e5766c24b77963
amouyal:21,set_15,gp,lingering,prob,upstream_reg_repair_prefill,No,0.9955739974975586,0.9984501004219055,0, Yes,15a4f710531e8d3f6aea3a71eac63e0b440d83e700a17e7e5907a73353392cd2
amouyal:22,set_15,non_gp,simple,prob,upstream_reg_repair_prefill,Yes,0.999976634979248,0.9993677139282227,1, Yes,930f4f09679be6fc7859dd5c402ec0cdabbdb3467cdce7f181d98a1373f868a0
amouyal:23,set_15,non_gp,lingering,prob,upstream_reg_repair_prefill,No,0.9998823404312134,0.9989790320396423,0, Yes,8dbf21890f6ccde331c6380fa0d8e828dc9892d2c93c5d989dad24a1125fd423
amouyal:24,set_16,gp,simple,prob,upstream_reg_repair_prefill,Yes,0.9991575479507446,0.9994127154350281,1, Yes,eb8a221f4ac4021abddb00e35f4d2040babafd8fdf4d3ba60aa678bdeae28d15
amouyal:25,set_16,gp,lingering,prob,upstream_reg_repair_prefill,No,0.978865921497345,0.9987890124320984,0, Yes,834d5e879e7e2fba96e3620acdfa4d7caf7b7404e12100e0a135d5be0681479d
amouyal:26,set_16,non_gp,simple,prob,upstream_reg_repair_prefill,Yes,0.9999445676803589,0.9993370175361633,1, Yes,413a1f1e7d1e4e3a6321c977748591bdd9459dbce7dc1d70c72642bdce3fc20a
amouyal:27,set_16,non_gp,lingering,prob,upstream_reg_repair_prefill,No,0.9992624521255493,0.9982879757881165,0, Yes,09d684a94062bfba1ae9e36af250370a8216e55c3304cba70f03380be6af3af3
amouyal:28,set_17,gp,simple,prob,upstream_reg_repair_prefill,Yes,0.9930570125579834,0.9990939497947693,1, Yes,ccafb5a771255b91222d859ccfed181f61636e5426993da21022b12d0a388252
amouyal:29,set_17,gp,lingering,prob,upstream_reg_repair_prefill,No,0.9053454995155334,0.9976646304130554,0, Yes,ba109228773b7ac7214357d2a3cd75fe58cd5a55d897f63a8909c1f892bd7858
amouyal:30,set_17,non_gp,simple,prob,upstream_reg_repair_prefill,Yes,0.9999542832374573,0.9995059967041016,1, Yes,a42bb341d3b0c2bb212f81dcd5d632b34eb3c27068adf084aac1313e4d53f961
amouyal:31,set_17,non_gp,lingering,prob,upstream_reg_repair_prefill,No,4.348621587269008e-06,0.9999496936798096,1, No,b9b31fd2f9bd00725157fcdbd757290d0517728f6f25888b3ed4da34be3ad29c
amouyal:32,set_18,gp,simple,prob,upstream_reg_repair_prefill,Yes,0.9988973140716553,0.9993898868560791,1, Yes,c453d7cd3ee6e5af641ff67ff7439f3f7bfa6e47267b51d142347715e545e900
amouyal:33,set_18,gp,lingering,prob,upstream_reg_repair_prefill,No,0.0006960562895983458,0.9998345375061035,1, No,eb935f786bfdeea5e29098565cc538c4d8938b0b6a1e778202a68d910cd843ca
amouyal:34,set_18,non_gp,simple,prob,upstream_reg_repair_prefill,Yes,0.9999532103538513,0.9988456964492798,1, Yes,4bb097ad95431e4ae1f458273d86c5eab87073cc61e5c488c08c7381da02b598
amouyal:35,set_18,non_gp,lingering,prob,upstream_reg_repair_prefill,No,2.6476318359947015e-10,0.9997813701629639,1, No,f7472282b6ea37145e56b105484d71d93e2c874b7787ed2d2fbe50d7eb6d11e2
amouyal:36,set_19,gp,simple,prob,upstream_reg_repair_prefill,Yes,0.9998934268951416,0.9995299577713013,1, Yes,43a924523e2cac2636351c8ed038cc462ab628aa1bf2379347c8887588f00a15
amouyal:37,set_19,gp,lingering,prob,upstream_reg_repair_prefill,No,0.8969847559928894,0.9988307356834412,0, Yes,528611ae23f9e90aa8e9dfa16a4dc71819b6c1b60c3408647af56071abf9bf5e
amouyal:38,set_19,non_gp,simple,prob,upstream_reg_repair_prefill,Yes,0.999970018863678,0.9994751811027527,1, Yes,5c02892b91810a665266189a12cecba53a3f7ac3fd9196311f1eb436f42a39b2
amouyal:39,set_19,non_gp,lingering,prob,upstream_reg_repair_prefill,No,0.9466308951377869,0.9980912208557129,0, Yes,3c17cbeb7f91a05461e94640379b78dc8776c0711fc7c779151fdc7478617fbe
amouyal:40,set_20,gp,simple,prob,upstream_reg_repair_prefill,Yes,0.9976924061775208,0.9990314245223999,1, Yes,0a001e7b2dfe89efae760a96033b4a3b734950f8ee7d804e60235aaac000087d
amouyal:41,set_20,gp,lingering,prob,upstream_reg_repair_prefill,No,0.5139456987380981,0.9980820417404175,0, Yes,63b41786fd83dcbbe3f497bd93e43a144f6c65a43a28711fa77951bc87352528
amouyal:42,set_20,non_gp,simple,prob,upstream_reg_repair_prefill,Yes,0.9998971819877625,0.9988064169883728,1, Yes,a44fdeae08c3a6970e3c7deb84bfe021f84a4a031737b091d404201ed8f5ab60
amouyal:43,set_20,non_gp,lingering,prob,upstream_reg_repair_prefill,No,3.0862622679705964e-08,0.9998326301574707,1, No,746783a9664789d4be14bb3d6bde2f047437cc7ba78a481e5a716edd91edc143
amouyal:44,set_21,gp,simple,prob,upstream_reg_repair_prefill,Yes,0.9905778169631958,0.9987168312072754,1, Yes,c3eae93683712ebc738b59be0a36c2ba0f7e3d9129c573f2355ddeacea715bd6
amouyal:45,set_21,gp,lingering,prob,upstream_reg_repair_prefill,No,0.0006818659021519125,0.9998762607574463,1, No,7126aeaf2ed8bd436177fb3fbabdc53159f9381c130d6c565897038d778027ce
amouyal:46,set_21,non_gp,simple,prob,upstream_reg_repair_prefill,Yes,0.9999943375587463,0.999049186706543,1, Yes,8e76972fade6ee46f328ebac669a686936c9a0acb02c0be4d7f1f956f6193582
amouyal:47,set_21,non_gp,lingering,prob,upstream_reg_repair_prefill,No,0.8475842475891113,0.9977333545684814,0, Yes,2aaa7bb6990ad1f59fe91c3a6d8da4aad401cc542782581b356f69ee05d723e2
amouyal:48,set_22,gp,simple,prob,upstream_reg_repair_prefill,Yes,0.9999771118164062,0.9985346794128418,1, Yes,182358c2977c3c5c581d8d7bb1a92fa22beb171a493d6c49c0c812101cb9c66e
amouyal:49,set_22,gp,lingering,prob,upstream_reg_repair_prefill,No,0.9973641037940979,0.9983934760093689,0, Yes,56b9c1857f1405d12035bd83bbd961b3accd1a2e00551cee3525f4d2e9e813f1
amouyal:50,set_22,non_gp,simple,prob,upstream_reg_repair_prefill,Yes,0.9999248385429382,0.9980494976043701,1, Yes,a805aa7f50091c0f188559f0d6f4e98b55b4cb263253816186a01c80c2fe4013
amouyal:51,set_22,non_gp,lingering,prob,upstream_reg_repair_prefill,No,1.7664824554231018e-06,0.9999133944511414,1, No,f502363eb86ea1667916c386ee11bb58c7ad9e50aaace9bd08f2b994390982f8
amouyal:52,set_23,gp,simple,prob,upstream_reg_repair_prefill,Yes,0.9959807395935059,0.999069333076477,1, Yes,1da416002ee67ff1a1048c946d49589942ebfb53e08573a270dcc9c33c158950
amouyal:53,set_23,gp,lingering,prob,upstream_reg_repair_prefill,No,0.766606867313385,0.9975841045379639,0, Yes,319a554984eb8f843178edcf6b626e8a55821fd4b13c2723b053da9617d9dda8
amouyal:54,set_23,non_gp,simple,prob,upstream_reg_repair_prefill,Yes,0.9999710321426392,0.9994863271713257,1, Yes,629a8e5492f5e4f9f27a4c3d0b31c36ea9533f0307e2b7d9dbb081c121eb3b0f
amouyal:55,set_23,non_gp,lingering,prob,upstream_reg_repair_prefill,No,0.9998223185539246,0.9988346695899963,0, Yes,7d7474317fee1c9263deab45599e965929185a5d9e6a2398d6f2182aca5dcbeb
amouyal:56,set_24,gp,simple,prob,upstream_reg_repair_prefill,Yes,0.8153220415115356,0.9985934495925903,1, Yes,70f7cd7dc615df5bd3de77f372420cac875d82ddf3589e2f289dad36c08faa0d
amouyal:57,set_24,gp,lingering,prob,upstream_reg_repair_prefill,No,0.03680453449487686,0.9996376037597656,1, No,d0968d5d9e6ba8138262152023ad0fe54d8aaacb167c738e61a6d0aa5a05b423
amouyal:58,set_24,non_gp,simple,prob,upstream_reg_repair_prefill,Yes,0.9995520710945129,0.9986044764518738,1, Yes,275c347c9f8cbdd5cba175dbd98a4cb0690d50a904d6363cdf4ebc56b55d49a0
amouyal:59,set_24,non_gp,lingering,prob,upstream_reg_repair_prefill,No,1.9435488241015264e-07,0.9999625086784363,1, No,92b351db75477455c6656d8da54c086690f09b0af281b0dc86f468b812d0002e
amouyal:60,set_25,gp,simple,prob,upstream_reg_repair_prefill,Yes,0.9997777938842773,0.999541163444519,1, Yes,30a4632aaa7957a9482712c25b2adeb0bd6d130e6439821b8523010b1ddc60d7
amouyal:61,set_25,gp,lingering,prob,upstream_reg_repair_prefill,No,0.9897963404655457,0.9986847043037415,0, Yes,a3fc38c9b406630d4b06f6a763774cf5fd0c68bef193c43464e753fe803b2fff
amouyal:62,set_25,non_gp,simple,prob,upstream_reg_repair_prefill,Yes,0.9999254941940308,0.9992504119873047,1, Yes,f731d47b0480e0796026d2230a948a752f22a1894691a4e69240ad6a9420c734
amouyal:63,set_25,non_gp,lingering,prob,upstream_reg_repair_prefill,No,0.9892656207084656,0.9985488653182983,0, Yes,4f7e9dc304942f55340ab17890bc47e54c7636ff30d78f12b561f1793175d6f8
amouyal:64,set_26,gp,simple,prob,upstream_reg_repair_prefill,Yes,0.9949944019317627,0.9985358119010925,1, Yes,bd348d3c5df75558912cfadd88c60cdc3054f40719cf86ffdef84efc14e45b71
amouyal:65,set_26,gp,lingering,prob,upstream_reg_repair_prefill,No,2.652323246365995e-06,0.9999086260795593,1, No,e9cc6acf36618aced0f049b8e667ffcb4aac79b2282b32a6de1acd647491e0f7
amouyal:66,set_26,non_gp,simple,prob,upstream_reg_repair_prefill,Yes,0.999965250492096,0.9988864064216614,1, Yes,8f507428b729dc38967151ff554887fefd7376460547bdc65467d7e7ba160496
amouyal:67,set_26,non_gp,lingering,prob,upstream_reg_repair_prefill,No,8.164025705470479e-11,0.999807596206665,1, No,46e26aac44da516c948c704fc071ade10b3d25b123112141940300abc3080b2a
amouyal:68,set_27,gp,simple,prob,upstream_reg_repair_prefill,Yes,0.9999209046363831,0.9992794990539551,1, Yes,39b8f08bf88250815459afa23e655d0f5cd0c48d977529e9bca497b0afe48a9d
amouyal:69,set_27,gp,lingering,prob,upstream_reg_repair_prefill,No,0.9962496161460876,0.9985901117324829,0, Yes,4bb2c65dc8623ea4fff233f4d19c91ec8c41c65785c32cf8b931c95fea15ea76
amouyal:70,set_27,non_gp,simple,prob,upstream_reg_repair_prefill,Yes,0.9999556541442871,0.9988853931427002,1, Yes,f8f93764fcbfc397504fb1dcdbba6fd20d9b7000c65ca4aefa249b4a58afb4df
amouyal:71,set_27,non_gp,lingering,prob,upstream_reg_repair_prefill,No,0.04259505495429039,0.9986900091171265,1, No,e228d4adb4ab0347ac5f40365d7444ab98b80e00bcf5c3e3f472623b56cf8522
amouyal:72,set_28,gp,simple,prob,upstream_reg_repair_prefill,Yes,0.9965860247612,0.9986343383789062,1, Yes,7c4fe1fa3891da24124e61e276baaddba3e2db7fefaf725532fb4532eb2ae1b3
amouyal:73,set_28,gp,lingering,prob,upstream_reg_repair_prefill,No,0.004146732855588198,0.999465823173523,1, No,f2a31aaf305747f6a135f3343e82092626d3f56aec26c9d38f7579843c262694
amouyal:74,set_28,non_gp,simple,prob,upstream_reg_repair_prefill,Yes,0.9999637007713318,0.9987426996231079,1, Yes,b2e6fcab1b1ead1335a48fb981381eb2a8ec2f1c598e6bcb1a388ec67a9de213
amouyal:75,set_28,non_gp,lingering,prob,upstream_reg_repair_prefill,No,0.00091969856293872,0.999773383140564,1, No,58886fba68d96d1284c246bb04c3445df46a93a41b0cbd725accd57418d25094
amouyal:76,set_29,gp,simple,prob,upstream_reg_repair_prefill,Yes,0.999784529209137,0.9991964101791382,1, Yes,0d169b96974dfe20f9b6bd5a5d8655a6a28dbc2ceb37851ac944b695370c3544
amouyal:77,set_29,gp,lingering,prob,upstream_reg_repair_prefill,No,0.9812195897102356,0.9988183975219727,0, Yes,9d071c70e595c82727666c67d1b0211830239cc6a8748d90cb0ba86f52661e83
amouyal:78,set_29,non_gp,simple,prob,upstream_reg_repair_prefill,Yes,0.999968409538269,0.9987362027168274,1, Yes,5527587d19a27119ec49c1e746bd19d2ba703f84b5d9107a4ab1fa3e062ce3ef
amouyal:79,set_29,non_gp,lingering,prob,upstream_reg_repair_prefill,No,0.2077741175889969,0.9988522529602051,1, No,a8b8181d8b09edfcf5e2191638ff2082333c778a6754eef324c60aa8efd9877a
amouyal:80,set_30,gp,simple,prob,upstream_reg_repair_prefill,Yes,0.9999234080314636,0.9991838932037354,1, Yes,cdca2b8fd598ecc9d40de331e13c8e344eafea96989d08678d5ec83dfe97e1d1
amouyal:81,set_30,gp,lingering,prob,upstream_reg_repair_prefill,No,0.9980543851852417,0.998598575592041,0, Yes,877f185a69b402fb0d8bd486529d8aedff6709374938e9e4786b62ceb33716eb
amouyal:82,set_30,non_gp,simple,prob,upstream_reg_repair_prefill,Yes,0.9999909996986389,0.9991291761398315,1, Yes,892ed62619a92a841494b3f9b1d1ac72714d5318301305936cc36d30b2434c31
amouyal:83,set_30,non_gp,lingering,prob,upstream_reg_repair_prefill,No,0.9899430274963379,0.996772289276123,0, Yes,51e17dfb9e11e558f804e380dc2bc0c37fd463090d94db19071ad0be246decdd
amouyal:84,set_31,gp,simple,prob,upstream_reg_repair_prefill,Yes,0.9983339309692383,0.9993408918380737,1, Yes,c4cc5ce03b768e1aac03a487792238bfd352c8fa6fb5d22c454ab88bfd91c0b8
amouyal:85,set_31,gp,lingering,prob,upstream_reg_repair_prefill,No,0.040085580199956894,0.9996793866157532,1, No,7ba7f33250f3ef4d311be0a6464531b3180d41c3a18e5fde11a25cbf6c82f739
amouyal:86,set_31,non_gp,simple,prob,upstream_reg_repair_prefill,Yes,0.9999669790267944,0.9994429349899292,1, Yes,a576f2dbdcdcea24fd18a7729c8b67cd32cc6516059a9ffcbd93f244237b1ea2
amouyal:87,set_31,non_gp,lingering,prob,upstream_reg_repair_prefill,No,0.31049734354019165,0.9992847442626953,1, No,dd03b17a6bb1d39163ececc58bf5a38ca440a47bbe286273e9580c3019d97921
amouyal:88,set_32,gp,simple,prob,upstream_reg_repair_prefill,Yes,0.9681506156921387,0.9983630776405334,1, Yes,3e7fc339d1b4e069443ee7e87c7a876b6ae2baf7729e2cf9c7d1855b303420cb
amouyal:89,set_32,gp,lingering,prob,upstream_reg_repair_prefill,No,0.028290309011936188,0.9995211958885193,1, No,07bb782e44a7b2a6049e9cc9bb60e44ba91f6fa292d9f312de72f84181d43ea1
amouyal:90,set_32,non_gp,simple,prob,upstream_reg_repair_prefill,Yes,0.9999793171882629,0.9992813467979431,1, Yes,1aa22a57214d439874d1bca8b63093ef906071878a039a2353507133c2c0bd69
amouyal:91,set_32,non_gp,lingering,prob,upstream_reg_repair_prefill,No,7.909158744601186e-11,0.9999231100082397,1, No,f454193f342f31d5af190834db2d167729065d818b6a4d5f6bfda35b25aba6c9
amouyal:92,set_33,gp,simple,prob,upstream_reg_repair_prefill,Yes,0.9909717440605164,0.9996362328529358,1, Yes,c25b92fde1fa2c2ac11812653ca874a58583d289d415975f9b3a22c50fb63268
amouyal:93,set_33,gp,lingering,prob,upstream_reg_repair_prefill,No,0.850116491317749,0.9987379312515259,0, Yes,c5404637ff93a4f580b4a1986950a903b97d5d71905d1484cc6b45b6d7b9dc38
amouyal:94,set_33,non_gp,simple,prob,upstream_reg_repair_prefill,Yes,0.9999259114265442,0.9994983673095703,1, Yes,76c1913e030ea53d124fc9c6632c8eafd0bab3c6a91035df64a3274402380315
amouyal:95,set_33,non_gp,lingering,prob,upstream_reg_repair_prefill,No,0.999534547328949,0.9988491535186768,0, Yes,f6f22cfbf5ca6779ddf986ac8ec96f20cb0277da26bb724241ca3917cb7fcafb
amouyal:96,set_34,gp,simple,prob,upstream_reg_repair_prefill,Yes,0.9969059824943542,0.9990016222000122,1, Yes,eb8a815a123c2322690c195f32e99ed332cd576e30c283c8e61f3826a9125b39
amouyal:97,set_34,gp,lingering,prob,upstream_reg_repair_prefill,No,0.804982602596283,0.9981257319450378,0, Yes,deadd8d2230e5b2ca19c0b668efb73f15685b5ed06b20e463db420ae0305afa5
amouyal:98,set_34,non_gp,simple,prob,upstream_reg_repair_prefill,Yes,0.9999589920043945,0.9991446733474731,1, Yes,2eea48b332fd0bcc72cb9003abca5566be0e203fb5d879afa63203a61f88e899
amouyal:99,set_34,non_gp,lingering,prob,upstream_reg_repair_prefill,No,0.018122311681509018,0.9997677803039551,1, No,7f770192b7607475e36e570f0626d8c695a8e8db36af51baaacd2f88005cf9eb
amouyal:100,set_35,gp,simple,prob,upstream_reg_repair_prefill,Yes,0.995561957359314,0.9993136525154114,1, Yes,2db0989c79726a5a7bf81244220f1883709aede8a28e34f7c664632ac21a8fed
amouyal:101,set_35,gp,lingering,prob,upstream_reg_repair_prefill,No,0.08706287294626236,0.9988259673118591,1, No,290154839bfe11255688d928dbf4a16207d652e8e4b69db4dce3135f612f3982
amouyal:102,set_35,non_gp,simple,prob,upstream_reg_repair_prefill,Yes,0.9988592863082886,0.9996556043624878,1, Yes,133c5187cd83b58e4b1a42d18efb3d6640713025cd9f355f8f0d53405c5dcfd4
amouyal:103,set_35,non_gp,lingering,prob,upstream_reg_repair_prefill,No,0.9999363422393799,0.9988953471183777,0, Yes,1fcae952a9bdc5bc27a2667ef3d71c529a046af8eac9cbd5b2b377d2e43281ac
amouyal:104,set_36,gp,simple,prob,upstream_reg_repair_prefill,Yes,0.9991989731788635,0.9990455508232117,1, Yes,e21297205c933efa96da593cb4afb1cf179dfd50c4587a4bf81e0801d88d52c1
amouyal:105,set_36,gp,lingering,prob,upstream_reg_repair_prefill,No,0.5198588967323303,0.9987307786941528,0, Yes,26ce911c56bc83782dfc6f015d4c0618de4f2859a100e236dfcf0e2f75241edb
amouyal:106,set_36,non_gp,simple,prob,upstream_reg_repair_prefill,Yes,0.9999849200248718,0.9990549683570862,1, Yes,681c7b193c715528eb4861aedcc17b2fdbe65922244fbb9f1e427efd806977b3
amouyal:107,set_36,non_gp,lingering,prob,upstream_reg_repair_prefill,No,0.9812694191932678,0.9989045858383179,0, Yes,6f0564a95b954d7dd86379316f3b0fce94061386b28552092290155c591513af
amouyal:108,set_37,gp,simple,prob,upstream_reg_repair_prefill,Yes,0.001068363431841135,0.9999387860298157,0, No,ca0b010a78deca05bbbeb877ff891456fb84441e1183af0dc342c256810b70bd
amouyal:109,set_37,gp,lingering,prob,upstream_reg_repair_prefill,No,0.6495751738548279,0.998284101486206,0, Yes,1c9aa17ad0446681c3e6105ea29916f0b526fb879e53406b3b2de41c524c199f
amouyal:110,set_37,non_gp,simple,prob,upstream_reg_repair_prefill,Yes,0.9976214170455933,0.9991445541381836,1, Yes,8f0624a769d08988b529f65b550b46ec78154bd1e8dc60e68d76ac2e0a8e47a6
amouyal:111,set_37,non_gp,lingering,prob,upstream_reg_repair_prefill,No,0.018382713198661804,0.9996271729469299,1, No,3790734d3fc7c2982d6ca70f150be6fb47a93913bab389c123c4a9832de6dfd5
amouyal:112,set_38,gp,simple,prob,upstream_reg_repair_prefill,Yes,0.7695912718772888,0.9988840222358704,1, Yes,e42f889c33829d121810f3c3b989e24b97bfb839640952ece79509da82ea10d1
amouyal:113,set_38,gp,lingering,prob,upstream_reg_repair_prefill,No,0.810219407081604,0.9983466863632202,0, Yes,6e1cc7407691d0e5ae09cf9f1ed0a21e5b913fa966ae4459bd12aca6c48f6942
amouyal:114,set_38,non_gp,simple,prob,upstream_reg_repair_prefill,Yes,0.9886385202407837,0.9992663860321045,1, Yes,96da428562cdfc9eca50d645cfe1cdb5a5cbf7520c4d09d581d49ea05817569c
amouyal:115,set_38,non_gp,lingering,prob,upstream_reg_repair_prefill,No,0.25065910816192627,0.9988342523574829,1, No,743206ff659bc0fcbaf532dc1c2d8c79ec9a4b028d0534130627bf40ca124597
amouyal:116,set_39,gp,simple,prob,upstream_reg_repair_prefill,Yes,0.9937192797660828,0.9994171261787415,1, Yes,014182f3d9b493106e36e823f8c39b64605c04db5ba00d9b96ec33ff26fe44c7
amouyal:117,set_39,gp,lingering,prob,upstream_reg_repair_prefill,No,0.8551842570304871,0.9986320734024048,0, Yes,d2f866da517f5152aeeb5fcbc13d48d59acfd1578599a0ea571b6cb4800476a9
amouyal:118,set_39,non_gp,simple,prob,upstream_reg_repair_prefill,Yes,0.999980092048645,0.9995681643486023,1, Yes,49f73c42345a76b9f9accaf0b5a0d754ecc6e7130d8b5df759adfa8bb5ff44b4
amouyal:119,set_39,non_gp,lingering,prob,upstream_reg_repair_prefill,No,0.9958543181419373,0.9990144968032837,0, Yes,47be2c8b48d51e447e165d36e89da394aafb5f7482c7d89ee41b4ce0e277b27d
amouyal:120,set_40,gp,simple,prob,upstream_reg_repair_prefill,Yes,0.01890397258102894,0.9996716380119324,0, No,3a93070c943bbe39e908f3455b64c017fbe9c89ecc858d35661f8ecc1b65fe66
amouyal:121,set_40,gp,lingering,prob,upstream_reg_repair_prefill,No,0.7027440071105957,0.9986312389373779,0, Yes,10ed3e2efcf29c0481c0c00c754cabf5d7080977c07a7a0d79572163546c1aa4
amouyal:122,set_40,non_gp,simple,prob,upstream_reg_repair_prefill,Yes,0.9738452434539795,0.9985626935958862,1, Yes,6eb32c3104f9010d36d72eb168d8245f8af9015569031a227a1c2a00ebe78c55
amouyal:123,set_40,non_gp,lingering,prob,upstream_reg_repair_prefill,No,0.00011308147077215835,0.9999393224716187,1, No,fec4151883ffef584b08ed5536ced632de08b09ee81e7b3d81876f09d970dfea
amouyal:124,set_41,gp,simple,prob,upstream_reg_repair_prefill,Yes,0.9983314871788025,0.9990840554237366,1, Yes,76496de9990d74bbeb0aaf1e15b12f8a94d3f39389483c71e781f79f06bcf13c
amouyal:125,set_41,gp,lingering,prob,upstream_reg_repair_prefill,No,0.19282913208007812,0.9988439679145813,1, No,b4f5cecfc382ca881fccde0d08e9855da88dbf962414d0504abd3b5c04e48898
amouyal:126,set_41,non_gp,simple,prob,upstream_reg_repair_prefill,Yes,0.9999876618385315,0.9994369745254517,1, Yes,54116d1a083eca92ca36e43bc9a5723a9e7ca686b23c43ac08280b4a7a9065c4
amouyal:127,set_41,non_gp,lingering,prob,upstream_reg_repair_prefill,No,0.9983834028244019,0.9991013407707214,0, Yes,8602aa5e1fea598453d2dfd5fbba9c52d88431e94933b40a6a7380e7220ae528
amouyal:128,set_42,gp,simple,prob,upstream_reg_repair_prefill,Yes,0.9999881982803345,0.9995793104171753,1, Yes,6544c9787b031b557ca0060839b6fa3a63a5929e8bea24164a7c085f253a8528
amouyal:129,set_42,gp,lingering,prob,upstream_reg_repair_prefill,No,0.9997079968452454,0.999156653881073,0, Yes,2773f5ab8e3e8d8842e6d1a3d7305c64b8339756419166333f213e5a707eeab2
amouyal:130,set_42,non_gp,simple,prob,upstream_reg_repair_prefill,Yes,0.9999929666519165,0.9994701743125916,1, Yes,a5d4d720cf05b02d0c1caac881fcfcaaa279378e9ae5b8f37a458e15ca956328
amouyal:131,set_42,non_gp,lingering,prob,upstream_reg_repair_prefill,No,0.8712542057037354,0.9971240758895874,0, Yes,1f5611c79b25e93dc6a9ba72d487e2430ca9c1cd7799e80e7bed0e72e8fb26bb
amouyal:132,set_43,gp,simple,prob,upstream_reg_repair_prefill,Yes,0.9989539980888367,0.9994934797286987,1, Yes,1333afcb9fc15194307e4e853a6abe562db5dc57d9e131927032b5f4137276c2
amouyal:133,set_43,gp,lingering,prob,upstream_reg_repair_prefill,No,0.9987298250198364,0.999436616897583,0, Yes,f6f86881acddd82263724c345751142fac0236d5142eb67907563e1535725c4f
amouyal:134,set_43,non_gp,simple,prob,upstream_reg_repair_prefill,Yes,0.9999803900718689,0.9993528127670288,1, Yes,0aed7994279b5a8f7dea506a0476babd0bf00ef9030683fc776913e4d297f0de
amouyal:135,set_43,non_gp,lingering,prob,upstream_reg_repair_prefill,No,0.9999499320983887,0.9985598921775818,0, Yes,8b52274972b3556ae423872cb9d586b0ee53ed5b4070efeb2c426efa23aa828b
amouyal:136,set_44,gp,simple,prob,upstream_reg_repair_prefill,Yes,0.8874128460884094,0.9981490969657898,1, Yes,6908a7f516b356f5bc50a8e72250399be487e273bf667ca35c6b3eb2abdb2720
amouyal:137,set_44,gp,lingering,prob,upstream_reg_repair_prefill,No,0.8489348888397217,0.9982714653015137,0, Yes,f87f6936993f6c3c976f0ad1f8902cf52b5f1e6ee6af98c3bf1a92c1510c482a
amouyal:138,set_44,non_gp,simple,prob,upstream_reg_repair_prefill,Yes,0.8890798091888428,0.9986252188682556,1, Yes,7d4178f7b387a962da9bb144108bfb7aca80a2e42c368fa406dfd38258db9840
amouyal:139,set_44,non_gp,lingering,prob,upstream_reg_repair_prefill,No,0.37857306003570557,0.999243974685669,1, No,1c998c1718784a0bf2845a2f6ac1788a37d0cbb1131ff0ede0396d59663d3005
amouyal:140,set_45,gp,simple,prob,upstream_reg_repair_prefill,Yes,0.9281957149505615,0.9983054995536804,1, Yes,122f53c3a9fe4e909f0a1b77ffbae93f4301aafd584690a5e1e96e1d3623e7a6
amouyal:141,set_45,gp,lingering,prob,upstream_reg_repair_prefill,No,0.540272057056427,0.9977673292160034,0, Yes,992985bbc173e43fe16706a83d7effb65dcc3b84e500ef962516d1d750d5cd23
amouyal:142,set_45,non_gp,simple,prob,upstream_reg_repair_prefill,Yes,0.9999836683273315,0.9991459846496582,1, Yes,b335a84a3220066802b4fd54c7d7559bfeaf37f4a9047f332bb9f19ff21b31d6
amouyal:143,set_45,non_gp,lingering,prob,upstream_reg_repair_prefill,No,0.9994598031044006,0.9987917542457581,0, Yes,b8acabf40cd9b63ca54cd1ee2784320a59ec692a3fe7e455851ea5cddaec1c65
amouyal:144,set_hyp5_1,non_gp,simple,reflexive,upstream_reg_repair_prefill,Yes,0.9996396899223328,0.9990617632865906,1, Yes,2da614fcbfac6fdacca5cd09789d8a45af2235d0bafd7266d95f7674e853bfc6
amouyal:145,set_hyp5_1,non_gp,lingering,reflexive,upstream_reg_repair_prefill,No,0.13843217492103577,0.9989603757858276,1, No,19595152c4eee63236ce821c35aa93d2eaee200423df6906497d5206ca5e364c
amouyal:146,set_hyp5_2,non_gp,simple,reflexive,upstream_reg_repair_prefill,Yes,0.9999892711639404,0.9994839429855347,1, Yes,4c1be8e91731962458ef5c9bc8ded60be13943ea7f3ff4af62e8e59f60b28a29
amouyal:147,set_hyp5_2,non_gp,lingering,reflexive,upstream_reg_repair_prefill,No,2.3362900156143063e-12,0.9998910427093506,1, No,571a7df63e42af936e80f556728ad795f8681180d70abae13cc3e796d5b049f5
amouyal:148,set_hyp5_3,non_gp,simple,reflexive,upstream_reg_repair_prefill,Yes,0.9999605417251587,0.9994570016860962,1, Yes,52789529b88017567f7987fff6e99bb37127e5b75eeb63ab0b6b6a968e53d79e
amouyal:149,set_hyp5_3,non_gp,lingering,reflexive,upstream_reg_repair_prefill,No,5.799472568845943e-10,0.9999698400497437,1, No,84050e58d3f2799ced362c237ee754ae3775a52b57c3cfdcd619805e69a62c5c
amouyal:150,set_hyp5_4,non_gp,simple,reflexive,upstream_reg_repair_prefill,Yes,0.9988153576850891,0.9977766275405884,1, Yes,ffcacaeb84d74f1fd976831d2c25054c4074c1a2e23fbd571ecd5e817ac87d22
amouyal:151,set_hyp5_4,non_gp,lingering,reflexive,upstream_reg_repair_prefill,No,1.558454809647003e-09,0.9996539354324341,1, No,36e97bf570034e1b6c5a80b1361cd4b0da325c9a65ef3f85a15e27dca74ea638
amouyal:152,set_hyp5_5,non_gp,simple,reflexive,upstream_reg_repair_prefill,Yes,0.9999886155128479,0.9990591406822205,1, Yes,3334be38b60e52960e4d2f64d9201a1376f0024b0dcec344ac284a89bc155915
amouyal:153,set_hyp5_5,non_gp,lingering,reflexive,upstream_reg_repair_prefill,No,6.789331874479387e-10,0.9998899102210999,1, No,4472987e0baf15a84612f86771d64e158b1916670d4641ced4e4372dbf2a52b4
amouyal:154,set_hyp5_6,non_gp,simple,reflexive,upstream_reg_repair_prefill,Yes,0.999901294708252,0.9992372393608093,1, Yes,ce4791cd9a908ad1d7b036db45de1ea0edc7b7185e94f92abf87986ff57221e3
amouyal:155,set_hyp5_6,non_gp,lingering,reflexive,upstream_reg_repair_prefill,No,7.570625166408718e-05,0.9998871088027954,1, No,0a12a61df3dc8d94c2d6c42e7382fc55f3dbbf9f4801951c485d14b787803191
amouyal:156,set_hyp5_7,non_gp,simple,reflexive,upstream_reg_repair_prefill,Yes,0.9998458027839661,0.998782753944397,1, Yes,cf2402f530acedf6cbea315f3bf83c80273979c0b47700eaa5aa0915bd92b52c
amouyal:157,set_hyp5_7,non_gp,lingering,reflexive,upstream_reg_repair_prefill,No,6.499120686065396e-11,0.999727725982666,1, No,6fde1d1669b47d969c28b6b9f967201fc6e1312b51585e86491852497978f7e1
amouyal:158,set_hyp5_8,non_gp,simple,reflexive,upstream_reg_repair_prefill,Yes,0.999946117401123,0.998809278011322,1, Yes,df0d3e19cee78718403eab1636d6c3b99e4ba08d32c7c82322b52d7fa2201fcb
amouyal:159,set_hyp5_8,non_gp,lingering,reflexive,upstream_reg_repair_prefill,No,1.0911940101498985e-10,0.9998683929443359,1, No,3b7c44690dff0eccc030c547f66f127ff76326bf50fab8889ff2a0aeb76fdd49
amouyal:160,set_hyp5_9,non_gp,simple,reflexive,upstream_reg_repair_prefill,Yes,0.9999293088912964,0.9985343217849731,1, Yes,85dfc00cbb232685c82370a33381e4089586c64c72a79281efcc8130548d654c
amouyal:161,set_hyp5_9,non_gp,lingering,reflexive,upstream_reg_repair_prefill,No,0.8614610433578491,0.9982103705406189,0, Yes,38fe1bbacddd0cf1559359bec6d6cdf5936616537c6b5c729367e18ba69a27d9
amouyal:162,set_hyp5_10,non_gp,simple,reflexive,upstream_reg_repair_prefill,Yes,0.9999831914901733,0.9989945888519287,1, Yes,ca3020f3f3b3b241af07e6bd163a23d34e7943ef6e50692e9c7c7bbd08ee307a
amouyal:163,set_hyp5_10,non_gp,lingering,reflexive,upstream_reg_repair_prefill,No,0.5065531730651855,0.9980403184890747,0, Yes,9515bb41a5e858a8f162f0dde531388d0ddcdac3d780b4c7f07ddfd714f7eb7c
amouyal:164,set_hyp5_11,non_gp,simple,reflexive,upstream_reg_repair_prefill,Yes,0.9999098777770996,0.9991984963417053,1, Yes,d8ff5bdd666cef91713198caba788e955434326404b2c7aaf50d9915361402f8
amouyal:165,set_hyp5_11,non_gp,lingering,reflexive,upstream_reg_repair_prefill,No,5.7660320962327205e-11,0.9998635053634644,1, No,c853b5cfbfa9838d09f06b0eec791d984ee4f861034727aa715e3ea903cca538
amouyal:166,set_hyp5_12,non_gp,simple,reflexive,upstream_reg_repair_prefill,Yes,0.9999838471412659,0.9992592930793762,1, Yes,15cd0700adb59c22c4f67ed82843d6e76d7f53113ccf166e6611a6e441f0691e
amouyal:167,set_hyp5_12,non_gp,lingering,reflexive,upstream_reg_repair_prefill,No,8.195165719371289e-06,0.9999337196350098,1, No,84d6eb01d0b52bd7e25565b0cdccda2c1ac3d9a08236ed112934774aff58aa41
amouyal:168,set_hyp5_13,non_gp,simple,reflexive,upstream_reg_repair_prefill,Yes,0.9999611377716064,0.9990189075469971,1, Yes,b0b1342bb85a3f7e0860d5aed10f4cd14252f4941dbdfcbce9a9664ff8f6acc3
amouyal:169,set_hyp5_13,non_gp,lingering,reflexive,upstream_reg_repair_prefill,No,7.396421608518722e-08,0.9999217987060547,1, No,fedf99eca7998a1aae3632a177268f904c210af188a0e2d7d07e66de53cea6bb
amouyal:170,set_hyp5_14,non_gp,simple,reflexive,upstream_reg_repair_prefill,Yes,0.752953290939331,0.998534619808197,1, Yes,1ff92df1efd24e1b0474b9568ce0c00cdcce72c6605db8a83336882209caea2e
amouyal:171,set_hyp5_14,non_gp,lingering,reflexive,upstream_reg_repair_prefill,No,1.6049108353399788e-06,0.9998697638511658,1, No,b622eb75ff71c046e8b685cbbafa15180543212ff55d9fcd930767c097de9669
amouyal:172,set_hyp5_15,non_gp,simple,reflexive,upstream_reg_repair_prefill,Yes,0.9999940395355225,0.9993550777435303,1, Yes,0487395ddce31eb43ab263a9a1d2e1f9c6de16e477ad50b0375c53dfa169267a
amouyal:173,set_hyp5_15,non_gp,lingering,reflexive,upstream_reg_repair_prefill,No,0.00964231975376606,0.9994475245475769,1, No,a724557ea706dbe812cce22f9551b619646df4ede466acb7ecc7d63e3ac18ab6
amouyal:174,set_hyp5_16,non_gp,simple,reflexive,upstream_reg_repair_prefill,Yes,0.9997662305831909,0.9986645579338074,1, Yes,23089044f91eab9b2c38e418ea0aeadc3a99f79ea8412eb2fe6ad502d7600697
amouyal:175,set_hyp5_16,non_gp,lingering,reflexive,upstream_reg_repair_prefill,No,0.9879858493804932,0.9985499382019043,0, Yes,9ac8397f1d87dfa1b5c4b815a6e08f73521e1251158badd33d4bae67e6e2edcd
amouyal:176,set_hyp5_17,non_gp,simple,reflexive,upstream_reg_repair_prefill,Yes,0.9999856352806091,0.9992836713790894,1, Yes,d60f1f5e2b90e0cc7ea22a637719ae52e598845f0e22596a5e7768e010445fdd
amouyal:177,set_hyp5_17,non_gp,lingering,reflexive,upstream_reg_repair_prefill,No,7.947093677573847e-11,0.9997398853302002,1, No,2b242d730b30df19f37c324d1d14609472daab9da86211248fd871b03af3d459
amouyal:178,set_hyp5_18,non_gp,simple,reflexive,upstream_reg_repair_prefill,Yes,0.00018501437443774194,0.9984459280967712,0, No,1b1925f39afbee173bbebdee6ad8c34efcb52cd0e06e929320e222b7d2199365
amouyal:179,set_hyp5_18,non_gp,lingering,reflexive,upstream_reg_repair_prefill,No,6.341419407362991e-07,0.9999481439590454,1, No,96eedbc904f7505c0c04f7efdfba38179a23407ee727c42b0f6aa06aa157c8e0
amouyal:180,set_hyp5_19,non_gp,simple,reflexive,upstream_reg_repair_prefill,Yes,0.9999860525131226,0.9991328120231628,1, Yes,d69c497a4143fb30b88a197c6d5d42c9c4e723bb31e5f548ae47acbc73def15c
amouyal:181,set_hyp5_19,non_gp,lingering,reflexive,upstream_reg_repair_prefill,No,1.0135565997604346e-11,0.9998630881309509,1, No,38a5afff88fb4a775ed61d282de1254d58bfb96dbdf2abefda1a6c0b72eaf6f7
amouyal:182,set_hyp5_20,non_gp,simple,reflexive,upstream_reg_repair_prefill,Yes,0.9999106526374817,0.9985461235046387,1, Yes,93d89446a9efd5dad7a3e7abecb9eb64be94055cdcbd7b0c04d8f0610dda8c0b
amouyal:183,set_hyp5_20,non_gp,lingering,reflexive,upstream_reg_repair_prefill,No,0.00046364826266653836,0.9998533129692078,1, No,0669f58e3a316b890f0d392f06a613defabd3b8105cd78b2bef9c57a9ebfc22c
amouyal:184,set_hyp5_21,non_gp,simple,reflexive,upstream_reg_repair_prefill,Yes,0.9999163150787354,0.9988688826560974,1, Yes,9fbf0b223ee0cd80f6284959683a8a39d3e61aecd6849fdb2616a315b408b6e8
amouyal:185,set_hyp5_21,non_gp,lingering,reflexive,upstream_reg_repair_prefill,No,0.007172549143433571,0.9998286366462708,1, No,fb5577bda2f3c3c053f3538cdf5dfe34e6c396fc455ca6d54b9b8779a125c586
amouyal:186,set_hyp5_22,non_gp,simple,reflexive,upstream_reg_repair_prefill,Yes,0.9999604821205139,0.9993501305580139,1, Yes,9dedf47738ed36cf253cc0cb06cbfd9b31b120507e1c93bc5c4b44234351b98d
amouyal:187,set_hyp5_22,non_gp,lingering,reflexive,upstream_reg_repair_prefill,No,2.281889344146748e-08,0.9998419284820557,1, No,6257a58e922ab1675c0f2f13b51017a829582a8f321cf5022c355a4e42481456
amouyal:188,set_hyp5_23,non_gp,simple,reflexive,upstream_reg_repair_prefill,Yes,0.9999802708625793,0.9993931651115417,1, Yes,2f176c193f0e16eb9591e059ba59076f0cd462f4f1a5c482838c9a249e42824e
amouyal:189,set_hyp5_23,non_gp,lingering,reflexive,upstream_reg_repair_prefill,No,0.0002985743049066514,0.9999493360519409,1, No,5a7806131e5e3c4bd57a9687c1ee0889ae73750e0f2e50ee906fa58461415704
amouyal:190,set_hyp5_24,non_gp,simple,reflexive,upstream_reg_repair_prefill,Yes,0.9999209046363831,0.9994763135910034,1, Yes,45187a9d5bf85fa0c288c5771cde10c570122ec0fcd25882d21e1c0850d90e48
amouyal:191,set_hyp5_24,non_gp,lingering,reflexive,upstream_reg_repair_prefill,No,0.23744502663612366,0.9995019435882568,1, No,59e8c1e0816ef8ae1d137263322067b4297d4b8029536d878eb7a93e95bb5899
amouyal:192,set_hyp5_1,gp,simple,reflexive,upstream_reg_repair_prefill,Yes,0.9996520280838013,0.999451756477356,1, Yes,bfe75bcee031bce3fb8484ae1322dd7c99225fe7f5de87e4942c902711e5fe74
amouyal:193,set_hyp5_1,gp,lingering,reflexive,upstream_reg_repair_prefill,No,0.002564057009294629,0.9998704195022583,1, No,612e87af8f8e5654ff3f5aa0f17d40a5a931f0936557f7f0dca018763b9869c5
amouyal:194,set_hyp5_2,gp,simple,reflexive,upstream_reg_repair_prefill,Yes,0.9999572038650513,0.9994431734085083,1, Yes,13e157e4dda06e4ff1f7b180145d0341ccb9bb1a5458650eeb713b253cab3add
amouyal:195,set_hyp5_2,gp,lingering,reflexive,upstream_reg_repair_prefill,No,1.2778540003921535e-08,0.9999487996101379,1, No,821086275176f7899833af4af892723790f1fc3bd2f8adf90da3978bf59be0dc
amouyal:196,set_hyp5_3,gp,simple,reflexive,upstream_reg_repair_prefill,Yes,0.9867445230484009,0.9990140795707703,1, Yes,9ff9722c4b2c03fbc83bb0709854574e80fd905bc77fbb3ea3e3a785c2e81720
amouyal:197,set_hyp5_3,gp,lingering,reflexive,upstream_reg_repair_prefill,No,0.0003091648395638913,0.9999444484710693,1, No,b9e74b9721b535fcecd320989640d76ebbb15cb3fa3a29d53f5f324b4c8dfc9a
amouyal:198,set_hyp5_4,gp,simple,reflexive,upstream_reg_repair_prefill,Yes,0.9997614026069641,0.9990657567977905,1, Yes,28f031ed315d9ac11a16d75afcad9b28ebd180309555a643918e128265205255
amouyal:199,set_hyp5_4,gp,lingering,reflexive,upstream_reg_repair_prefill,No,0.0004083213862031698,0.9999202489852905,1, No,c050835b4d72d62f409806c891fa3fef8e8fe1cf3b7cb1bf3114f9cc51712903
amouyal:200,set_hyp5_5,gp,simple,reflexive,upstream_reg_repair_prefill,Yes,0.9960436820983887,0.9990466237068176,1, Yes,a4460b0b17b523fc69345a401bdb37da6d8df112115f3a823baaa4014e67a673
amouyal:201,set_hyp5_5,gp,lingering,reflexive,upstream_reg_repair_prefill,No,0.9220805168151855,0.9978532791137695,0, Yes,98929472f84d03b0a67f71829d44d5026793626f50b2d44abe44dbe61d050565
amouyal:202,set_hyp5_6,gp,simple,reflexive,upstream_reg_repair_prefill,Yes,0.9984145164489746,0.9992480278015137,1, Yes,eec00d5fb4d915923913d58d7ac9a2deb4067180212beb17b79f502502fb3e9a
amouyal:203,set_hyp5_6,gp,lingering,reflexive,upstream_reg_repair_prefill,No,0.17009735107421875,0.9991434812545776,1, No,35ac76b2e20505d49a055a7f2f88e996e48f7d2ada9c7800e2424764d463fa4c
amouyal:204,set_hyp5_7,gp,simple,reflexive,upstream_reg_repair_prefill,Yes,0.9987658262252808,0.9989920854568481,1, Yes,3e71a68a6af640cc3cb7ee633da94ad0ffe1948a89d8138ec73252604461b503
amouyal:205,set_hyp5_7,gp,lingering,reflexive,upstream_reg_repair_prefill,No,6.224057415238349e-06,0.9998860955238342,1, No,237d7b43cf822c76d54698cc1fa973cffbe3974d195a7da4237b55be3b83ac23
amouyal:206,set_hyp5_8,gp,simple,reflexive,upstream_reg_repair_prefill,Yes,0.9999222159385681,0.9990192651748657,1, Yes,023fa1d3188814f96244104d3c27313c804efb35e25494ad608e8eaf7382710c
amouyal:207,set_hyp5_8,gp,lingering,reflexive,upstream_reg_repair_prefill,No,0.0007270363275893033,0.999841034412384,1, No,297999fb8cef4a2631178486c438f5bd62272d806531a7d6fd1fdc4473ba14fa
amouyal:208,set_hyp5_9,gp,simple,reflexive,upstream_reg_repair_prefill,Yes,0.9999786019325256,0.9991737604141235,1, Yes,c667b4a92b2233eef2d1fd08e5a1d36d1c29e1847d432259e0b923ad22e3dba2
amouyal:209,set_hyp5_9,gp,lingering,reflexive,upstream_reg_repair_prefill,No,0.999663233757019,0.998711109161377,0, Yes,4319df456863f8dd353a6d6daff89cb99b60ee2b7bf661fc0dae70f9b633c9a6
amouyal:210,set_hyp5_10,gp,simple,reflexive,upstream_reg_repair_prefill,Yes,0.9991489052772522,0.9991731643676758,1, Yes,6898ebd53c7df94f01a57189954d964674e2406ac751ee2dde8f7b1bfad549af
amouyal:211,set_hyp5_10,gp,lingering,reflexive,upstream_reg_repair_prefill,No,0.5672191977500916,0.9979525208473206,0, Yes,f9735828c9ada8bc644104d4273764860a4dbdafee0a69a3d96882186e888073
amouyal:212,set_hyp5_11,gp,simple,reflexive,upstream_reg_repair_prefill,Yes,0.15671905875205994,0.9986245036125183,0, No,c40bd961ea80e5e2cc6faa9647d157f8a9d819c0e04e2c7c7906e2e5d5b4e77d
amouyal:213,set_hyp5_11,gp,lingering,reflexive,upstream_reg_repair_prefill,No,0.006132427603006363,0.9996751546859741,1, No,0ce04cb17758d210ee536aba61ba7dd1caf582ebbdb3e2e56af7d9cc595833d4
amouyal:214,set_hyp5_12,gp,simple,reflexive,upstream_reg_repair_prefill,Yes,0.9998866319656372,0.9993734359741211,1, Yes,7791c9ab4c0736578fd34a7ef815c0974a208318bb8d27fb4f099343218a9fbb
amouyal:215,set_hyp5_12,gp,lingering,reflexive,upstream_reg_repair_prefill,No,0.17422057688236237,0.9990991353988647,1, No,c744d75e0fc2059b1ec3a06751d8a880b9e2dd2906d8ae2936d0301c25b8b145
amouyal:216,set_hyp5_13,gp,simple,reflexive,upstream_reg_repair_prefill,Yes,0.9510243535041809,0.9982895255088806,1, Yes,40b778f866cac49cf08ca72915857464d692d6c568065360b8369af3a97d739d
amouyal:217,set_hyp5_13,gp,lingering,reflexive,upstream_reg_repair_prefill,No,0.02018827572464943,0.999768853187561,1, No,1dcba64c4edc9946b698010074a63acf64813dc103937bd57047120ebd67f7a8
amouyal:218,set_hyp5_14,gp,simple,reflexive,upstream_reg_repair_prefill,Yes,0.08818375319242477,0.9996892213821411,0, No,d971883cc9008e455b73597d0876ec4ac97eea06ac96398fe2e0b0603e01fec6
amouyal:219,set_hyp5_14,gp,lingering,reflexive,upstream_reg_repair_prefill,No,0.00027536522247828543,0.9998837113380432,1, No,3fee4fbf5a051b100f9bd10d3cc9c60a8303d1327f8b77f7879a57a7926f93ff
amouyal:220,set_hyp5_15,gp,simple,reflexive,upstream_reg_repair_prefill,Yes,0.9941346049308777,0.9989306330680847,1, Yes,0ddeac70b391b66cc55026adb91d8eae46acb35f20d9b3d4f56a78815b239d8f
amouyal:221,set_hyp5_15,gp,lingering,reflexive,upstream_reg_repair_prefill,No,0.4106825590133667,0.9983899593353271,1, No,990a20e72c983d944cb71b9a602ded2e64ea073b632f531e9bd88b57b875a3f5
amouyal:222,set_hyp5_16,gp,simple,reflexive,upstream_reg_repair_prefill,Yes,0.9983641505241394,0.9990820288658142,1, Yes,8cce490b3ac70a97cbdb074f7ba10b8a5f0682ef1ffacf3a3f22477ebe17b1e6
amouyal:223,set_hyp5_16,gp,lingering,reflexive,upstream_reg_repair_prefill,No,0.9592217206954956,0.9981830716133118,0, Yes,8a4f919d778506089b25603d132541f1c4a57eebf956c76a67a794707b470c02
amouyal:224,set_hyp5_17,gp,simple,reflexive,upstream_reg_repair_prefill,Yes,0.9999699592590332,0.9994677901268005,1, Yes,dd8cd6ace5c154bddb86f8d1d5f6ab2f84dff1335eace9563f1c8c2eedc966cc
amouyal:225,set_hyp5_17,gp,lingering,reflexive,upstream_reg_repair_prefill,No,5.553040249850483e-09,0.9999268054962158,1, No,c045284c9a7d2f5cbe944e6d36d5e7f4ee57c8838b1bfb74a09a8ab5ede1c926
amouyal:226,set_hyp5_18,gp,simple,reflexive,upstream_reg_repair_prefill,Yes,0.013163219206035137,0.9898509383201599,0, No,c53f7b1864f10c477b1d3e3ab9b631af350adcb51d95d6c70cf96e0a131f0669
amouyal:227,set_hyp5_18,gp,lingering,reflexive,upstream_reg_repair_prefill,No,0.1451190561056137,0.9992241263389587,1, No,6b691e990c0cf1616452e479a1826d665a45a2574ff3fd23343a564167768371
amouyal:228,set_hyp5_19,gp,simple,reflexive,upstream_reg_repair_prefill,Yes,0.9995893836021423,0.9989812970161438,1, Yes,ab62093f881020dd6cb702d0db47e85faca63dbd27713fe7cfaacbf4569294ac
amouyal:229,set_hyp5_19,gp,lingering,reflexive,upstream_reg_repair_prefill,No,0.003161093918606639,0.9998029470443726,1, No,0002ee16610469c991b00f7538c8b38b13946730be27b42beee3303a897fd837
amouyal:230,set_hyp5_20,gp,simple,reflexive,upstream_reg_repair_prefill,Yes,0.9996567964553833,0.9992035627365112,1, Yes,a4d3557a1140c22a7864aa88b2821940a7d585e1512677e77174c854c392ab3d
amouyal:231,set_hyp5_20,gp,lingering,reflexive,upstream_reg_repair_prefill,No,0.37553638219833374,0.9977701902389526,1, No,1e5ed8fc81f3d87a42f4c3c5091fc7de071e95b601aa765f0ead1014b097044d
amouyal:232,set_hyp5_21,gp,simple,reflexive,upstream_reg_repair_prefill,Yes,0.9992272853851318,0.9989221692085266,1, Yes,01de440b5aada3a4ac575e568c4a354a5b886dd2b321653f47775a4f64f75302
amouyal:233,set_hyp5_21,gp,lingering,reflexive,upstream_reg_repair_prefill,No,0.5991348028182983,0.9992570877075195,0, Yes,e7a2335d6e998a1d1cabd7dad64fb2b4b01260bcc3b5dbfb61f4262d2db6711c
amouyal:234,set_hyp5_22,gp,simple,reflexive,upstream_reg_repair_prefill,Yes,0.9904020428657532,0.9985418319702148,1, Yes,838d8ee98a413cb5276d29f8f92ade627aebe3a45388e1edfd3c4ec964b0fabc
amouyal:235,set_hyp5_22,gp,lingering,reflexive,upstream_reg_repair_prefill,No,0.025970986112952232,0.9989384412765503,1, No,e3c7ff818c1ab3f2977f29a1405e34a56449544a6f13f871b31e023da9676011
amouyal:236,set_hyp5_23,gp,simple,reflexive,upstream_reg_repair_prefill,Yes,0.9987075924873352,0.9993144869804382,1, Yes,68559da46f4e8a0b734b13c24802255335d3e124b64bbea03c1e52662b9f4b96
amouyal:237,set_hyp5_23,gp,lingering,reflexive,upstream_reg_repair_prefill,No,0.4023939073085785,0.9989137649536133,1, No,9496aeddfb2f9059d085ea1ebd11c6a917eb83519efff9855184782cfbae649c
amouyal:238,set_hyp5_24,gp,simple,reflexive,upstream_reg_repair_prefill,Yes,0.9999231696128845,0.9995790719985962,1, Yes,7bdfb70100c272ae1c71c1da8f817e3e2498cad88ec8b5b5029b3813f52670c8
amouyal:239,set_hyp5_24,gp,lingering,reflexive,upstream_reg_repair_prefill,No,0.8813735246658325,0.9981077909469604,0, Yes,ce96c050ed2a5f4d3b2ca600349171d91d027d3602b445c5e05739a92ff88618
amouyal:240,set_1,gp,simple,prob,upstream_reg_repair_prefill,Yes,0.9952627420425415,0.9993118643760681,1, Yes,f2b96ab3e607c7da749668202f28bffd8921b018b9c8d5255536ea15d116cc50
amouyal:241,set_1,gp,lingering,prob,upstream_reg_repair_prefill,No,0.0006830095080658793,0.9998870491981506,1, No,72c305562b252e900fd38e1a04a805840b3f2d6099dabd415122a98e6017e543
amouyal:242,set_1,non_gp,simple,prob,upstream_reg_repair_prefill,Yes,0.9999710917472839,0.9995418190956116,1, Yes,623462cb76fbc064f17134b28a307a3c0d5dbd43058f720972c4748e816e8fef
amouyal:243,set_1,non_gp,lingering,prob,upstream_reg_repair_prefill,No,0.02076570875942707,0.9995713829994202,1, No,12f343af8cd5c3006c145bcf85e381ca79db67557c0c250469d7d671e97315ff
amouyal:244,set_2,gp,simple,prob,upstream_reg_repair_prefill,Yes,0.9994178414344788,0.999530553817749,1, Yes,6a8d96acdc576de7d2c8e2d0fb7a30a953da1b340fa4cc4c54de886bf1705d06
amouyal:245,set_2,gp,lingering,prob,upstream_reg_repair_prefill,No,0.9772659540176392,0.9985662698745728,0, Yes,7b42f5e24c91df3f8ad8da53ace52614e6fb7c91a3228373116d6b4b040d70a4
amouyal:246,set_2,non_gp,simple,prob,upstream_reg_repair_prefill,Yes,0.9998153448104858,0.9993086457252502,1, Yes,601c294c4bfdb04e7f9718edc6c46a0874706da2b3c0d5093933e12be2a0ae79
amouyal:247,set_2,non_gp,lingering,prob,upstream_reg_repair_prefill,No,0.9969825148582458,0.9988802671432495,0, Yes,137c4d10574a93a3ebbec5d6dfc338a8d12310c27c3911ab3d6d1166e84aba9b
amouyal:248,set_3,gp,simple,prob,upstream_reg_repair_prefill,Yes,0.5082342624664307,0.9993840456008911,1, Yes,8758869b9c99af6fb4ab603d0138e9784286ed791355a2e2dfb3e0ba12362521
amouyal:249,set_3,gp,lingering,prob,upstream_reg_repair_prefill,No,0.04052286595106125,0.9993892908096313,1, No,11baf9db64383dbaf6488a09d77e239c501550fed5280ce2ed5ca100172c8744
amouyal:250,set_3,non_gp,simple,prob,upstream_reg_repair_prefill,Yes,0.9949415326118469,0.9993473887443542,1, Yes,b174066c4867307f0e3e90fedf21b87b43e8cdf588c2019328a526f6df471fd6
amouyal:251,set_3,non_gp,lingering,prob,upstream_reg_repair_prefill,No,3.5881661460734904e-05,0.999919593334198,1, No,9c0cfff50f42bafdb79ce67ac8faf3d372729ea32d5b332a90170c5eca3eb58d
amouyal:252,set_4,gp,simple,prob,upstream_reg_repair_prefill,Yes,0.9550464749336243,0.999046266078949,1, Yes,cb376e3720e0a1b669c11eb1c20842308813a1ada9d22af250a07c16c1f049c3
amouyal:253,set_4,gp,lingering,prob,upstream_reg_repair_prefill,No,0.8342016935348511,0.9975570440292358,0, Yes,3518c544c1e442ecd60cc6e1ef5e07a17eb882e712bf1154faeb4188bf684967
amouyal:254,set_4,non_gp,simple,prob,upstream_reg_repair_prefill,Yes,0.9997562170028687,0.9991098642349243,1, Yes,b4b94c99880a40954525b340ecefd74e4e12b38dd67aa200d2fc7b6e66e9df39
amouyal:255,set_4,non_gp,lingering,prob,upstream_reg_repair_prefill,No,0.9789308905601501,0.9990062713623047,0, Yes,88348091808d98c23d334158526c34f2363d7d1d32a0fda3ed8bc84aa8298e92
amouyal:256,set_5,gp,simple,prob,upstream_reg_repair_prefill,Yes,0.9285405874252319,0.9988628029823303,1, Yes,18e7b3e8a874b24eca73900be64addfb348b10461ca9c7790b386d84591d60d1
amouyal:257,set_5,gp,lingering,prob,upstream_reg_repair_prefill,No,1.829351094784215e-05,0.9999322891235352,1, No,62f55fbcc2a455bece941f52b1dfd5f9aa119e67187b5037a591c9295280b16e
amouyal:258,set_5,non_gp,simple,prob,upstream_reg_repair_prefill,Yes,0.9999562501907349,0.9994643926620483,1, Yes,9f5ed1d05a0266d8af242170034431d61ea9ceb5d23879114280b6d0228fb7fa
amouyal:259,set_5,non_gp,lingering,prob,upstream_reg_repair_prefill,No,0.7425962686538696,0.9973713159561157,0, Yes,0f929adcc2604ab9ff93356e965ad7192d1da7e923af1116aed2293bfabafb3e
amouyal:260,set_6,gp,simple,prob,upstream_reg_repair_prefill,Yes,0.6439645886421204,0.998477041721344,1, Yes,017681d653fac5938e73c75990fe393e73061f11d2da1b8a7e5f8a7166b8084f
amouyal:261,set_6,gp,lingering,prob,upstream_reg_repair_prefill,No,0.12352623790502548,0.9987702965736389,1, No,0732a7451faf4e54df88affe858beadbe66e75217f32c623e3ca299891d177b5
amouyal:262,set_6,non_gp,simple,prob,upstream_reg_repair_prefill,Yes,0.9999924898147583,0.9992843866348267,1, Yes,2e8719f7b9c28b3e7d221ed03823ed6da956489f32767f3b998775b29fe44026
amouyal:263,set_6,non_gp,lingering,prob,upstream_reg_repair_prefill,No,0.002751273801550269,0.9998480081558228,1, No,c646c2670cf4ecef37fe3f65420e32c15460bfbaeef3d8ced1adf90cfc23da87
amouyal:264,set_7,gp,simple,prob,upstream_reg_repair_prefill,Yes,0.6491745114326477,0.9987272024154663,1, Yes,54a2ea114feb64d7124a8da38bf212a6206a3c8a285be8e5bac2313e6aa75740
amouyal:265,set_7,gp,lingering,prob,upstream_reg_repair_prefill,No,0.9697978496551514,0.9988948702812195,0, Yes,4f8f58ee136faf2eb1119a43f2b407d4d577e9839445240534971d00a61debc3
amouyal:266,set_7,non_gp,simple,prob,upstream_reg_repair_prefill,Yes,0.9983153343200684,0.9986826181411743,1, Yes,b3d69b9ff08e358a33dcc0e3c629f944ef298cd3431cd6a6f92b79684be8b82c
amouyal:267,set_7,non_gp,lingering,prob,upstream_reg_repair_prefill,No,0.956907331943512,0.9985185861587524,0, Yes,b8e32e88d17730ec4209a488cdb12b73546c62a6b2217da1ff54d95f6fa7b46a
amouyal:268,set_8,gp,simple,prob,upstream_reg_repair_prefill,Yes,0.9951817393302917,0.9992997050285339,1, Yes,fd3794515b90377f3a03ed26c0f1727d99f8290e77cc6d72b7e3a257f4fd692a
amouyal:269,set_8,gp,lingering,prob,upstream_reg_repair_prefill,No,0.07475456595420837,0.9993995428085327,1, No,3d5b8f3fb703e2dbca4a66e17c428cbfc27d3f5acc5cbcf09ba5ca6efef784be
amouyal:270,set_8,non_gp,simple,prob,upstream_reg_repair_prefill,Yes,0.999972939491272,0.9993448257446289,1, Yes,91c06e3ba192db7401b0a5797488d8ca9390e23b4bd0194ada103a74398d9ea2
amouyal:271,set_8,non_gp,lingering,prob,upstream_reg_repair_prefill,No,0.8027108907699585,0.9978562593460083,0, Yes,dd140833b35990e725b5e4de8b2698b7a575e9f556d4e64e8301e846c698877f
amouyal:272,set_9,gp,simple,prob,upstream_reg_repair_prefill,Yes,0.9985355138778687,0.9993041157722473,1, Yes,c445b8749f8ae93ae3a1565a52bea34f8c5dea9f532b316abc1cc634e11440b1
amouyal:273,set_9,gp,lingering,prob,upstream_reg_repair_prefill,No,0.586189329624176,0.998343825340271,0, Yes,22739a5c02dbfacfd4fedde102735f6440c94f14d9ccaf2eef4a4e1cb472e356
amouyal:274,set_9,non_gp,simple,prob,upstream_reg_repair_prefill,Yes,0.9999035000801086,0.9992532134056091,1, Yes,4c54d725f9c39fd92ab35769cf71fc0893dcb7e072dad94667fcc0d9aee961f9
amouyal:275,set_9,non_gp,lingering,prob,upstream_reg_repair_prefill,No,0.9991690516471863,0.9976859092712402,0, Yes,d4d370f9b3021804aa27e33f48f9f749685063a7d369e95ac74aae9ee0b9e386
amouyal:0,set_10,gp,simple,prob,upstream_rev_base_native,Yes,0.03686470165848732,0.9965434074401855,0,No,7913869b06cf23f46c5ed5d763857e55968549150495fb5d852f634f147430e2
amouyal:1,set_10,gp,lingering,prob,upstream_rev_base_native,No,0.32159730792045593,0.6183803677558899,1,No,44c62fa0d52d8ada376f1bd9d85cc83c1c4f70afb6205e89d327056287e08fbc
amouyal:2,set_10,non_gp,simple,prob,upstream_rev_base_native,Yes,0.9987571835517883,0.9889552593231201,1,Yes,64a7d6160b4a4c4f491895d101cfa1a005a794e04fd5f9bb9ad9f44bcafa5359
amouyal:3,set_10,non_gp,lingering,prob,upstream_rev_base_native,No,5.720588092117396e-07,0.996285080909729,1,No,42904cc34b0f36aabea9999d221ad709bb0ee0a64592e42612f0f7fe0fbae494
amouyal:4,set_11,gp,simple,prob,upstream_rev_base_native,Yes,0.9999996423721313,0.9999997615814209,1,Yes,b9c8deba3a01de11d9e08f3ae00da4509228b47c7619279c493c3e218fab7ff6
amouyal:5,set_11,gp,lingering,prob,upstream_rev_base_native,No,0.9999997615814209,0.9998953342437744,0,Yes,0d4315f2ef285c35877fdfc0ff696663f84813ff0cda5a5f09a23e1b9a4f289a
amouyal:6,set_11,non_gp,simple,prob,upstream_rev_base_native,Yes,1.0,1.0,1,Yes,b4ee199ee54e839a87fdce5d20028d7c463ba3b8cd5bfd19f85b97bfbd988065
amouyal:7,set_11,non_gp,lingering,prob,upstream_rev_base_native,No,0.9999990463256836,0.999779999256134,0,Yes,9c3ddd205dc7bbce54c160a391f4c59b0bc4a54bc30af09cce427d14a3007d0a
amouyal:8,set_12,gp,simple,prob,upstream_rev_base_native,Yes,0.0034761882852762938,0.9880424737930298,0,No,fbee0b40d3cb7f43708ad07021aa962fd24aebdfeb9010bf9cb3b9f89ea2b11a
amouyal:9,set_12,gp,lingering,prob,upstream_rev_base_native,No,0.9953560829162598,0.9888949990272522,0,Yes,21cd394f33f7bebd2c6fcde9fffc72aea1703767281045cf7b965d493b83d5c8
amouyal:10,set_12,non_gp,simple,prob,upstream_rev_base_native,Yes,1.0,1.0,1,Yes,90b91d30db3631d626074b8d02cad52913d643883b19e9f6fbdd232735ae61c8
amouyal:11,set_12,non_gp,lingering,prob,upstream_rev_base_native,No,1.0,0.9999994039535522,0,Yes,68f598455e39eb4870944e6fe612a6f0a88a018824b94986ab0ebc30d6a6111a
amouyal:12,set_13,gp,simple,prob,upstream_rev_base_native,Yes,0.05144433304667473,0.956632673740387,0,No,ce38c2ec601e2f855232f88683cdea2e5b0180e742f7f18ab556499367423771
amouyal:13,set_13,gp,lingering,prob,upstream_rev_base_native,No,6.405083695426583e-06,0.9922685027122498,1,No,2c2e330e3fd9bb874815f66968d4a5365e2f1b7591fb2f4530973e7723100796
amouyal:14,set_13,non_gp,simple,prob,upstream_rev_base_native,Yes,1.0,0.9999960660934448,1,Yes,e83e045a29355e77532d4827bd638e949d49971051dd2634f83239a1167e4561
amouyal:15,set_13,non_gp,lingering,prob,upstream_rev_base_native,No,0.04793877527117729,0.9850943684577942,1,No,d7d219aa419780a79893cf0e3d780b9f7439292929bb7e5644052bf73f0887f8
amouyal:16,set_14,gp,simple,prob,upstream_rev_base_native,Yes,1.4366192999659688e-06,0.997364342212677,0,No,4b8c3083037a3e23da0e8d027d2e40118dc00106551898107436e592c7deee5f
amouyal:17,set_14,gp,lingering,prob,upstream_rev_base_native,No,0.00015659723430871964,0.9930270910263062,1,No,699cfa7ecf327aad3901300996e1874a5739abf0762fadf588f943765f3668e0
amouyal:18,set_14,non_gp,simple,prob,upstream_rev_base_native,Yes,0.16022753715515137,0.5616434216499329,0,No,5243c45f2037d8a9a87a3a9fe1f0cb325199e70b5682cd12c04d1a0068164894
amouyal:19,set_14,non_gp,lingering,prob,upstream_rev_base_native,No,2.2673479094237337e-08,0.9908245801925659,1,No,b084bb1f89505a40efb0bb9f04d9523531c5380206cfe25ce6bed83f276b90bf
amouyal:20,set_15,gp,simple,prob,upstream_rev_base_native,Yes,1.0,0.9999998807907104,1,Yes,b76056e88030da8c64a8bf75feb90af7b61d4943e3ceaef06f5f1d4677801627
amouyal:21,set_15,gp,lingering,prob,upstream_rev_base_native,No,1.0,0.9999549388885498,0,Yes,f9848149c9a558698e093dfd324dd3d7035a7d3534a098f5491dc00666fa9fb6
amouyal:22,set_15,non_gp,simple,prob,upstream_rev_base_native,Yes,1.0,1.0,1,Yes,0acf527e43de0e93124b2203fba169900a9497a7caa8253363a310c619684aa0
amouyal:23,set_15,non_gp,lingering,prob,upstream_rev_base_native,No,0.9999999403953552,0.9997221231460571,0,Yes,41cef686c9fe2716f9afcc7d99a8c78df10603eb877df1172857aa3492e923e5
amouyal:24,set_16,gp,simple,prob,upstream_rev_base_native,Yes,0.9849239587783813,0.996861457824707,1,Yes,d150f1e74ee43ae11926552fe85e5fb8956a2fbd03c3399e810ee8f2ecbcab6e
amouyal:25,set_16,gp,lingering,prob,upstream_rev_base_native,No,0.2739209830760956,0.9227476119995117,1,No,e27054b0c3e4ff5fb5985e93126958de864d40a857906b2329305d6c12a5ecba
amouyal:26,set_16,non_gp,simple,prob,upstream_rev_base_native,Yes,1.0,1.0,1,Yes,db998aca74f72fbe3101cdb772ea8b1f8f50b0733960ae8c0addb1e470a18339
amouyal:27,set_16,non_gp,lingering,prob,upstream_rev_base_native,No,1.0,0.9999994039535522,0,Yes,0ec754e98b99900152655dc9f589672a373ff2d6d0efdb9c46d1883425d359b7
amouyal:28,set_17,gp,simple,prob,upstream_rev_base_native,Yes,0.9978763461112976,0.9669287800788879,1,Yes,85f5cb9805071c30843c5b340a2df1fce0e468842f7d8dc4600eb11495d03e8a
amouyal:29,set_17,gp,lingering,prob,upstream_rev_base_native,No,0.9984403848648071,0.991780698299408,0,Yes,de9cd757cfe022769269d8f4a6708e704f4c585751e18c9906ca67b3eee93de6
amouyal:30,set_17,non_gp,simple,prob,upstream_rev_base_native,Yes,1.0,1.0,1,Yes,1ac4af8c3155f56c266f7319a7d0a86554e9c6a5f797086cfe55f95e4900eab2
amouyal:31,set_17,non_gp,lingering,prob,upstream_rev_base_native,No,3.6244705370336305e-07,0.9999641180038452,1,No,872d80202344069da783584497811d706fbb816d022e67888b0f44cc42a1a12c
amouyal:32,set_18,gp,simple,prob,upstream_rev_base_native,Yes,0.9565927386283875,0.9981459975242615,1,Yes,a657a13c726ef4ab662fa93bcf5e637e41ee95acbe76740d1cdb63e12bd69abe
amouyal:33,set_18,gp,lingering,prob,upstream_rev_base_native,No,0.003104369854554534,0.9698455929756165,1,No,686bafa7a03a5efd3f97a75a33dfe29e70e48d685e05c7efb6e9296d1a586b4f
amouyal:34,set_18,non_gp,simple,prob,upstream_rev_base_native,Yes,1.0,0.9999815225601196,1,Yes,db76b708d215ce9ebc67bfbf7aec081d7d6c44012d4891c6342ac7d56a6c2940
amouyal:35,set_18,non_gp,lingering,prob,upstream_rev_base_native,No,0.9999752640724182,0.9991445541381836,0,Yes,666780a9b7f002463cbaafdb1220b240481cc0425d5851827b308416a95931a4
amouyal:36,set_19,gp,simple,prob,upstream_rev_base_native,Yes,1.0,0.9999973773956299,1,Yes,02f2fb835284c4d46349b3fa0a1f3077231a090211d4e28901e27b5c04d9697a
amouyal:37,set_19,gp,lingering,prob,upstream_rev_base_native,No,0.9994504451751709,0.9993333220481873,0,Yes,70a5bfd9205c3d3df104b9eabca8d018feb113dd23bd9ea5ca73aeca3ee2ed1e
amouyal:38,set_19,non_gp,simple,prob,upstream_rev_base_native,Yes,1.0,0.9999998807907104,1,Yes,258509b26c134c43a799e24a3efdcbc0fdabb11a54f562f783801cba8bec5cdb
amouyal:39,set_19,non_gp,lingering,prob,upstream_rev_base_native,No,1.0,1.0,0,Yes,1cc171773844cdf6b2f306c0f29e4cc7ca29a6440d31af38b531c97dcd7fe682
amouyal:40,set_20,gp,simple,prob,upstream_rev_base_native,Yes,0.0053346059285104275,0.9869214296340942,0,No,1888957913158a3c30650733ccc232d782fd8da3bf4be0e99e96285947f1f501
amouyal:41,set_20,gp,lingering,prob,upstream_rev_base_native,No,0.00040801806608214974,0.34832537174224854,1,My,6c67e63c47188ef2282ca872c124e4a69cde966171b59721a56ca8430fa76608
amouyal:42,set_20,non_gp,simple,prob,upstream_rev_base_native,Yes,1.0,0.9999985694885254,1,Yes,56a62230ed41a2c06149cc5aac8983b88677fff6ced8f3d4bd9ab740148021ef
amouyal:43,set_20,non_gp,lingering,prob,upstream_rev_base_native,No,1.5723820979474112e-05,0.6555918455123901,1,No,21e2e7d9a2be941e861d301a2b61907686f5b53a4729840006aabd12f4cd3dad
amouyal:44,set_21,gp,simple,prob,upstream_rev_base_native,Yes,8.88107024366036e-05,0.9808289408683777,0,No,9d656d10e96498ef63eaff61e67f55d7227affee74ca15d8f0d3e385d1da8a26
amouyal:45,set_21,gp,lingering,prob,upstream_rev_base_native,No,0.00033786086714826524,0.6234997510910034,1,No,af07606962a4efd78ee20be583d1483959ddbe1666f26be805a2c78526ca5e40
amouyal:46,set_21,non_gp,simple,prob,upstream_rev_base_native,Yes,1.0,0.9999991655349731,1,Yes,d317bfdce002f10fc47ab8b1d347ccf813edb31619d5ccdcaa026742ac430b50
amouyal:47,set_21,non_gp,lingering,prob,upstream_rev_base_native,No,0.9999999403953552,0.9997707605361938,0,Yes,7c338cd4c94c05f527bbd6c627f1648446ed58ad4533632466ffb8635fabcbaf
amouyal:48,set_22,gp,simple,prob,upstream_rev_base_native,Yes,1.0,0.9999985694885254,1,Yes,1f71372a35629b42901a32570f75ac6ffb96c482a2c5710760440c605938cf91
amouyal:49,set_22,gp,lingering,prob,upstream_rev_base_native,No,0.9999921321868896,0.9977101683616638,0,Yes,74da507f661dbe3e2384f058e73ba12a94815c3952db686f08f8010d30c17b06
amouyal:50,set_22,non_gp,simple,prob,upstream_rev_base_native,Yes,1.0,0.9999995231628418,1,Yes,07daa9db403b10df60f8c307b946d631d21eed9527a22eaaeba06b13041ad105
amouyal:51,set_22,non_gp,lingering,prob,upstream_rev_base_native,No,0.9898467659950256,0.8425482511520386,0,Yes,5be133989189194dd492025c7ee60a72c455bc9d6ca2dfc3433073d4bfbfe66a
amouyal:52,set_23,gp,simple,prob,upstream_rev_base_native,Yes,0.04410847648978233,0.36269888281822205,0,My,eec59ef4b18fd1eb7795957c76c2b0c39b1b03f959d3b350e547bb44556ea555
amouyal:53,set_23,gp,lingering,prob,upstream_rev_base_native,No,0.18430770933628082,0.200100839138031,1,My,3f85925b09a0173ffe2a8bdc507ef49966f819a2d8d5fb691873f518d25f18e0
amouyal:54,set_23,non_gp,simple,prob,upstream_rev_base_native,Yes,1.0,0.9999960660934448,1,Yes,0ec8663d6bf9f774552363274f04ced0b6ca628fbe9e4c514c66853f19a4248f
amouyal:55,set_23,non_gp,lingering,prob,upstream_rev_base_native,No,0.9999998211860657,0.999991238117218,0,Yes,0251ac81ba6bfa2ffb3db8b9aac6838b6df55b0c3a2f880cf6d24b9cac4ff625
amouyal:56,set_24,gp,simple,prob,upstream_rev_base_native,Yes,0.9999685287475586,0.9993607997894287,1,Yes,1674f73f272b5f06fff49d403a99df309402c5c8b075df08be43c428144078b4
amouyal:57,set_24,gp,lingering,prob,upstream_rev_base_native,No,3.172942228957254e-07,0.9988949298858643,1,No,ee1e57eac80c5d4838254cd619d0e891cb893163600ac2b439678c20a770df50
amouyal:58,set_24,non_gp,simple,prob,upstream_rev_base_native,Yes,1.0,0.9999995231628418,1,Yes,0880f954cef1ec34e7dee542975dfebbb6d335e83ff0aa5acb8261900f168b36
amouyal:59,set_24,non_gp,lingering,prob,upstream_rev_base_native,No,2.4347210358932614e-10,0.9999486207962036,1,No,c984e127e95589db73aee9b6807fd6d9e5b1418846cc996af61318d7afa5bade
amouyal:60,set_25,gp,simple,prob,upstream_rev_base_native,Yes,1.0,1.0,1,Yes,327507a1b4af429ef9a20ec999e47c90d73f735aae10b43c52286376f6500572
amouyal:61,set_25,gp,lingering,prob,upstream_rev_base_native,No,0.9931964874267578,0.9981229901313782,0,Yes,32becfb2c6168949380f25eddb574b99a1c4e1481dbf752fc081f2cca8ef442e
amouyal:62,set_25,non_gp,simple,prob,upstream_rev_base_native,Yes,1.0,1.0,1,Yes,49ac573441b6df8c330f7bce4078e10efc846f8e1b2a5dda8b9568b28d114410
amouyal:63,set_25,non_gp,lingering,prob,upstream_rev_base_native,No,0.9999940991401672,0.9997367858886719,0,Yes,08dff3ca93cc43c3da8e2851e8efc05d2b456b28e0b6743f67e57b3f0caa0c11
amouyal:64,set_26,gp,simple,prob,upstream_rev_base_native,Yes,0.9999935626983643,0.9999017715454102,1,Yes,2a574494cc9007b6dd8b8435d82e6cf5277e74872ca03b40eccb2a3d59080e13
amouyal:65,set_26,gp,lingering,prob,upstream_rev_base_native,No,6.605766316170048e-07,0.9982246160507202,1,No,d7f26711566056a7a5abb025a342d54ddd84039aac6c0945a5f41732b6d9215a
amouyal:66,set_26,non_gp,simple,prob,upstream_rev_base_native,Yes,1.0,0.999998927116394,1,Yes,38e4b537aee59d180cfe63e4df7457f5b6da03d52aed50bf421c57bb6809def6
amouyal:67,set_26,non_gp,lingering,prob,upstream_rev_base_native,No,0.9999133944511414,0.9981570839881897,0,Yes,9ed6007f8c54a2ec7b44f60f0199824444f26ed3347618dc3d2d5f1e372c3231
amouyal:68,set_27,gp,simple,prob,upstream_rev_base_native,Yes,1.0,1.0,1,Yes,531c0580d7d44059dab5b24f7f7b542857c684320277e47701e01fca39addb5e
amouyal:69,set_27,gp,lingering,prob,upstream_rev_base_native,No,0.9999999403953552,0.999923050403595,0,Yes,9e074cb01006fd9780e26e9074bee7e03bf4976671b7ff67670c75237e275d43
amouyal:70,set_27,non_gp,simple,prob,upstream_rev_base_native,Yes,1.0,1.0,1,Yes,06684a279a8f7c104c7e5601b1c8e723e481c536ae8a13a4c4f3f30b45b8da9b
amouyal:71,set_27,non_gp,lingering,prob,upstream_rev_base_native,No,1.0,0.9999675750732422,0,Yes,787c0f77a494d65d815080f90b0dc1ea69df775d65ff195e4ef1248dadc07b48
amouyal:72,set_28,gp,simple,prob,upstream_rev_base_native,Yes,0.003468954237177968,0.9698994159698486,0,No,5508af394b859f78679fbacdb70b7ed474467a9a55b5ba8ccfd953050710ad7c
amouyal:73,set_28,gp,lingering,prob,upstream_rev_base_native,No,7.2655493568163365e-06,0.9255014061927795,1,No,ef00110ede614605e13beeb45193431ee6aee288552d0a8463e7fa77f6399349
amouyal:74,set_28,non_gp,simple,prob,upstream_rev_base_native,Yes,1.0,0.9999809265136719,1,Yes,8e98ad9ea5cc402bcfd5ff236eb3f8be2fe1c620d2b9ac3aff4daeee421b76bb
amouyal:75,set_28,non_gp,lingering,prob,upstream_rev_base_native,No,1.0,0.9994051456451416,0,Yes,cfdca211dde8ecdb31d7086fd07e69edcc01095350a3f7f272079172149ef427
amouyal:76,set_29,gp,simple,prob,upstream_rev_base_native,Yes,1.0,0.9999947547912598,1,Yes,eab90d763e4d90e5eace93f69694d573ca28008075d9f48fab9fb8b2356792e9
amouyal:77,set_29,gp,lingering,prob,upstream_rev_base_native,No,0.9991127848625183,0.9942878484725952,0,Yes,fb5ea4faee2d99e32af774a4a7b51f4641676114203830006f4c02852cc0ffeb
amouyal:78,set_29,non_gp,simple,prob,upstream_rev_base_native,Yes,1.0,0.9999996423721313,1,Yes,6b439f1ae03742bf711e35a31233da0d36c6f6b975ee77f1b5b42da3f07d6723
amouyal:79,set_29,non_gp,lingering,prob,upstream_rev_base_native,No,0.9999861717224121,0.9996342658996582,0,Yes,cb400cc2bf6efed30efc37061b9c019793469db51f01a00d90643092639ed155
amouyal:80,set_30,gp,simple,prob,upstream_rev_base_native,Yes,1.0,1.0,1,Yes,6b617156e1a6727e82c9192a2427ed8a39e8ac918ca51c92db4b12f58fa35169
amouyal:81,set_30,gp,lingering,prob,upstream_rev_base_native,No,0.154747873544693,0.9983782768249512,1,No,dee77cf5b52d962af8760c3e9c36d10961e7ee14e37235cfce4678f181afab35
amouyal:82,set_30,non_gp,simple,prob,upstream_rev_base_native,Yes,1.0,1.0,1,Yes,39e2b6bc59453e050a56bd984838af098ca47bafeaf8cbf4ef9eb90d017cbf7a
amouyal:83,set_30,non_gp,lingering,prob,upstream_rev_base_native,No,1.0,1.0,0,Yes,ae5856fd2d1bc9a1019f28187271770ed2c10376783eacae287817780ca545be
amouyal:84,set_31,gp,simple,prob,upstream_rev_base_native,Yes,0.17964185774326324,0.9988715648651123,0,No,7b1b52b1cc8517e6103af02a082f9033efcdbb37dfa242a7d2d3e36da685de8e
amouyal:85,set_31,gp,lingering,prob,upstream_rev_base_native,No,1.6878382666618563e-05,0.999003529548645,1,No,ea4e4bbc7b7b1a5e6842f165b0f90b4375b23a8ff5f9fb72f1f0a69b88c36448
amouyal:86,set_31,non_gp,simple,prob,upstream_rev_base_native,Yes,1.0,0.9999998807907104,1,Yes,c2c8253eeff68442140e86f3860c7016dd69a0460f648e36543c81c6ad2151f0
amouyal:87,set_31,non_gp,lingering,prob,upstream_rev_base_native,No,0.9999924898147583,0.999983549118042,0,Yes,dd9d69cc6946c3aef34cea96ecf474818a382a4a7c4ff585ffd8efac389d8892
amouyal:88,set_32,gp,simple,prob,upstream_rev_base_native,Yes,0.9999842643737793,0.9998738765716553,1,Yes,f4863d13e82ab92c537aedcdf521d3075036a1de0422960830d9e474939789c1
amouyal:89,set_32,gp,lingering,prob,upstream_rev_base_native,No,2.2711395430974335e-08,0.9995676875114441,1,No,ffcebde9807253106ae286071d41d0512b29b5763fbd84b5c62a9f248b0a1308
amouyal:90,set_32,non_gp,simple,prob,upstream_rev_base_native,Yes,1.0,0.9999998807907104,1,Yes,e449aa0ba7a642bdaa35f71ad9c9f564818b9ea4a36af2e48c341f001b9d46df
amouyal:91,set_32,non_gp,lingering,prob,upstream_rev_base_native,No,0.9909446239471436,0.9977377653121948,0,Yes,87eae004159ce49b02b7edc6544e8c585760379602cf72ef5ab98377cbe397d3
amouyal:92,set_33,gp,simple,prob,upstream_rev_base_native,Yes,0.00032188548357225955,0.9973881840705872,0,No,97f91d269550129ab0de79f3da9ac579ebf9925768711ee314c852aacd70793d
amouyal:93,set_33,gp,lingering,prob,upstream_rev_base_native,No,5.833820250700228e-05,0.9993360638618469,1,No,469ec59af529642c740888d78efe64ad03369d4ca8f5aaa51228cd448ca1802e
amouyal:94,set_33,non_gp,simple,prob,upstream_rev_base_native,Yes,1.0,0.9999998807907104,1,Yes,4b30c9ec9c02c38ef4bedd47ee7591ba984df1d9c7ee96f3132d97566b83692b
amouyal:95,set_33,non_gp,lingering,prob,upstream_rev_base_native,No,0.9999576807022095,0.9997465014457703,0,Yes,19f84d0276c3cfe03784dddcdd6ad032397102f5578a5b1f536db2746b1b3036
amouyal:96,set_34,gp,simple,prob,upstream_rev_base_native,Yes,1.0,0.9999994039535522,1,Yes,c9953741c84885ce38c1304964cf473a03f4e78e30c6f6197f94f57f733199ef
amouyal:97,set_34,gp,lingering,prob,upstream_rev_base_native,No,4.319579147704644e-06,0.9939382672309875,1,No,cb00ea89eac857c2bd9d271b7cef03cc7b9010842098187c797ffd2be00c3351
amouyal:98,set_34,non_gp,simple,prob,upstream_rev_base_native,Yes,1.0,0.9999998807907104,1,Yes,03323ec914e2ec8b7cf13e355e501bafe5a0a69e324e7692e6a2e80b96a3c992
amouyal:99,set_34,non_gp,lingering,prob,upstream_rev_base_native,No,0.9999996423721313,0.9998728036880493,0,Yes,39a4d7e225a86a07648faafd45e01ed03c1565ab656336f0e6d8d11a26b3a16b
amouyal:100,set_35,gp,simple,prob,upstream_rev_base_native,Yes,5.942136795056285e-06,0.9996626377105713,0,No,10fadde2e5c5b38ebe866bd4760601807c5f778ab2a5d91e03a0e3b677d16f12
amouyal:101,set_35,gp,lingering,prob,upstream_rev_base_native,No,5.926972153247334e-05,0.8974549174308777,1,No,4260f29b18bec67d45bf1db6da4ee2f66e454cfe821ab26994f7b543210afccb
amouyal:102,set_35,non_gp,simple,prob,upstream_rev_base_native,Yes,1.0,1.0,1,Yes,dad05d8209e1e1671f245bb26c5a78a9641cedff8f93ac1be371e2bead9b9d66
amouyal:103,set_35,non_gp,lingering,prob,upstream_rev_base_native,No,0.5272395014762878,0.8429096937179565,0,Yes,60000e0a45da47d7fdf877829d036cf571f6494654625b9510f92e76c5bee155
amouyal:104,set_36,gp,simple,prob,upstream_rev_base_native,Yes,0.4551844298839569,0.8663795590400696,0,No,34f420e7d898eb75b6befe76847fc789bae4f9409e266f0c9dc72b2309895e95
amouyal:105,set_36,gp,lingering,prob,upstream_rev_base_native,No,0.0003832821093965322,0.9820724129676819,1,No,39cb0516cdd111845128054e5be8bfb3a5c621b37afb52b2507204d3dae54785
amouyal:106,set_36,non_gp,simple,prob,upstream_rev_base_native,Yes,1.0,0.9999996423721313,1,Yes,e8e246fb9ab7ae6d2ededc54350f90a5a0a8317e9aaffab12c5e2ae3801f7914
amouyal:107,set_36,non_gp,lingering,prob,upstream_rev_base_native,No,0.9998188614845276,0.9940899014472961,0,Yes,a74ae54c00c80d9a55aa868a9ec88faeaebbc18684a768a94cbae7d67d36783b
amouyal:108,set_37,gp,simple,prob,upstream_rev_base_native,Yes,0.0002486590819898993,0.6794120669364929,0,No,3058fd96e652ddeae3972eecfe79d4f999770c3f28f4eaeb844009c3a513a6f7
amouyal:109,set_37,gp,lingering,prob,upstream_rev_base_native,No,1.2841088903314812e-07,0.9817888140678406,1,No,cc324b90f004ecb14008d6e7200289fcc1ef37e5c252ca21e53ce72047ccfdb6
amouyal:110,set_37,non_gp,simple,prob,upstream_rev_base_native,Yes,0.9999799132347107,0.9605745077133179,1,Yes,bcd91fa17c0d55c3407cd7ee76a105a44b3728dc8ed4c9f223a27f069bdf6c50
amouyal:111,set_37,non_gp,lingering,prob,upstream_rev_base_native,No,1.0977719284710474e-05,0.9842920303344727,1,No,fee45952e5dc43c771e9025f24b4462e346c5f1188d4ee4b6b0afe7947a42231
amouyal:112,set_38,gp,simple,prob,upstream_rev_base_native,Yes,0.0002405348204774782,0.9554426074028015,0,No,bb5d1d621abacd32e03b88cde8bd987fe8133a207298291a4903385dc15f7d25
amouyal:113,set_38,gp,lingering,prob,upstream_rev_base_native,No,0.20579269528388977,0.2837703227996826,1,My,5b27667c36cec6cbb49dc22ea9dbe76fc6f781b80570a0427e91d7ba1d476168
amouyal:114,set_38,non_gp,simple,prob,upstream_rev_base_native,Yes,0.9999999403953552,0.9999367594718933,1,Yes,de2d9d90afe6f6120ca21c6e189ccddff45842a49aa8749a0f7ffa3476d1fd2b
amouyal:115,set_38,non_gp,lingering,prob,upstream_rev_base_native,No,1.0162671770785892e-07,0.9918535351753235,1,No,836c0ee4cd2205dfc32bf0969c721bb72156b83310e13659d13f660b78a7ec92
amouyal:116,set_39,gp,simple,prob,upstream_rev_base_native,Yes,0.009672053158283234,0.9911335110664368,0,No,a4ee2d6ff4f5a60aa6f1c39f2850aba5fd5c5e3f8935ffbc90360787c9c64fcb
amouyal:117,set_39,gp,lingering,prob,upstream_rev_base_native,No,0.0005368806305341423,0.9840109944343567,1,No,de24aca4f10fe6ef9e1995dfcd27cdffc2c587775ad44de7fb7fbec7f629f1f8
amouyal:118,set_39,non_gp,simple,prob,upstream_rev_base_native,Yes,1.0,0.9999995231628418,1,Yes,1c8790069ee4fd88ff7f800563fb1ac2fe1c53d85d66c7aadae84e03cdf0c72f
amouyal:119,set_39,non_gp,lingering,prob,upstream_rev_base_native,No,0.9999998807907104,0.9995428323745728,0,Yes,556fc7abea7266cd7e16d581154974ff1b4da7ddeec63da71c30958628f1ac06
amouyal:120,set_40,gp,simple,prob,upstream_rev_base_native,Yes,0.052914876490831375,0.3723800778388977,0,My,92bded1c6699f05cd55bb089eeda3784d7765cf54cf2ccbae1006d8a3fb41184
amouyal:121,set_40,gp,lingering,prob,upstream_rev_base_native,No,1.2560855111587443e-06,0.9857425093650818,1,No,47369f07b5af1e9e367043280eec0a78b478b957e44ad1157bc52ba37799e312
amouyal:122,set_40,non_gp,simple,prob,upstream_rev_base_native,Yes,1.0,0.9985044002532959,1,Yes,9f08eddcf76500033304e9236b28a4f7a9c61267757ec281a78cbc44e191919c
amouyal:123,set_40,non_gp,lingering,prob,upstream_rev_base_native,No,0.03477996215224266,0.7243538498878479,1,No,0ef56171e554a9e4ee15469d2e2de0760d907f6cb026443777b8b4175326dbc3
amouyal:124,set_41,gp,simple,prob,upstream_rev_base_native,Yes,0.9995641708374023,0.9858610033988953,1,Yes,b8c916adcffdc7c0036874f6326daff95bd31bd7dfd3cd38415342d953afaedb
amouyal:125,set_41,gp,lingering,prob,upstream_rev_base_native,No,1.0021000207416364e-06,0.9986903667449951,1,No,087ce6b283004707740c69fd26460a35dd667439808ee270d3859566b514ab65
amouyal:126,set_41,non_gp,simple,prob,upstream_rev_base_native,Yes,1.0,0.9999992847442627,1,Yes,e8c5c27c6d2995540d2c02e7309aff979d0101efaef9cd48fef5229c168cc1e5
amouyal:127,set_41,non_gp,lingering,prob,upstream_rev_base_native,No,1.0,0.9999971389770508,0,Yes,5b460de52912998b916285de5cb5c03d67599050d2552725c367d5ba4045d6e1
amouyal:128,set_42,gp,simple,prob,upstream_rev_base_native,Yes,1.0,1.0,1,Yes,40d10a64b605300e0bbc7c1ed24cd23dfde61f219d4bde80868be725c7d36038
amouyal:129,set_42,gp,lingering,prob,upstream_rev_base_native,No,0.9997952580451965,0.9977272748947144,0,Yes,72786b81f4361edc5a2d2ad0c99f4190649caf263aa348976cdce9d423e937cd
amouyal:130,set_42,non_gp,simple,prob,upstream_rev_base_native,Yes,1.0,1.0,1,Yes,591801cdac6f3a320d67291bea968626408850d2f390c66b82dd2008312e4762
amouyal:131,set_42,non_gp,lingering,prob,upstream_rev_base_native,No,0.9999997615814209,0.9999977350234985,0,Yes,5f1979cd2e72f85ca02b50b35acd073533bf117658a11636bf2e31468647158a
amouyal:132,set_43,gp,simple,prob,upstream_rev_base_native,Yes,0.999997615814209,0.9999998807907104,1,Yes,878c5465ef1e6c32526e1d00866f844ed90ab480b6f4e5ac72adcac5d65610a8
amouyal:133,set_43,gp,lingering,prob,upstream_rev_base_native,No,2.046043664449826e-05,0.9998269081115723,1,No,6177f7f6f2d60caf346a0593635a08bf5c295a91efa8e09f14291ba610032a69
amouyal:134,set_43,non_gp,simple,prob,upstream_rev_base_native,Yes,1.0,0.9999998807907104,1,Yes,a97b1a298677224b1d301a067ddd9d55acbfb8aa3c455a80bef87dc58c8f9c3d
amouyal:135,set_43,non_gp,lingering,prob,upstream_rev_base_native,No,1.0,0.9999998807907104,0,Yes,7f8dbf50222662da8178e7eda95f5f90497ddb6dd6c809a78346816491c22865
amouyal:136,set_44,gp,simple,prob,upstream_rev_base_native,Yes,4.885618182015605e-06,0.9983417987823486,0,No,0bd6fd102e943e06da1108998afb5e86fded76ddee46fe326c501e86e2dd303a
amouyal:137,set_44,gp,lingering,prob,upstream_rev_base_native,No,1.593181053749504e-07,0.9932653307914734,1,No,33f1ec354bcb23890fef45001d40aa660485a327908c0a1d4141648656c3f8b4
amouyal:138,set_44,non_gp,simple,prob,upstream_rev_base_native,Yes,0.01597418822348118,0.9836245179176331,0,No,275fd1a6481b84821aebfef52f127816b2844cccc6fa11c5396fb2ae3315415b
amouyal:139,set_44,non_gp,lingering,prob,upstream_rev_base_native,No,2.1030992058967968e-07,0.9961060881614685,1,No,016744eb1ea49f324012cd28b14f97c2ad86228334a32b78a302d71d21478bac
amouyal:140,set_45,gp,simple,prob,upstream_rev_base_native,Yes,0.00023556263477075845,0.9969644546508789,0,No,968590cca88b795fbdc6fbf4c64de189cc6fd01e3cbefdc35f6cf3833dc16b9b
amouyal:141,set_45,gp,lingering,prob,upstream_rev_base_native,No,0.009322850033640862,0.9628807306289673,1,No,b4cbcd4230b4cd6afb659928ac650d7c7d12a0b219c0d508b59cd5fca23c41fb
amouyal:142,set_45,non_gp,simple,prob,upstream_rev_base_native,Yes,1.0,0.9999933242797852,1,Yes,560355cfd645d361dea12dccefea406bae27a3aefe29816878017be42dd39775
amouyal:143,set_45,non_gp,lingering,prob,upstream_rev_base_native,No,1.0,0.9999957084655762,0,Yes,28b6ebe43a3a9a4c42c7926c0a8217902a04a44638a1bc9dd6c714a5718a46c3
amouyal:144,set_hyp5_1,non_gp,simple,reflexive,upstream_rev_base_native,Yes,1.0,0.9999966621398926,1,Yes,c8b6b35e36912173caa801d4222ed38b9e667971a3b6ab5f3d74bf9ede75e293
amouyal:145,set_hyp5_1,non_gp,lingering,reflexive,upstream_rev_base_native,No,1.0,0.9999915361404419,0,Yes,55973b15b30a9c0c7e11a327954f9f039a28a1d93640fa8c7ba3f69b9f3e93d6
amouyal:146,set_hyp5_2,non_gp,simple,reflexive,upstream_rev_base_native,Yes,1.0,0.9999998807907104,1,Yes,2de4431d8e159c4960f02b54fdf6fe8395d04ff029d096a79b1a814fe209364a
amouyal:147,set_hyp5_2,non_gp,lingering,reflexive,upstream_rev_base_native,No,1.5113325035898129e-09,0.9982086420059204,1,No,d2fa79f4dc8f56d698b8439e97d0af3d7e0310f64a55b30ac4e040628b97985c
amouyal:148,set_hyp5_3,non_gp,simple,reflexive,upstream_rev_base_native,Yes,1.0,1.0,1,Yes,e52822272b481373cab3b0afcb41f09866471381bdcc6ae93cb634e43e6570c2
amouyal:149,set_hyp5_3,non_gp,lingering,reflexive,upstream_rev_base_native,No,3.323274313515867e-07,0.9926629066467285,1,No,6f0ce8068cc6666549c7503b2793618aa3ecb9346b29006a83f0d9bc2ac9fdf6
amouyal:150,set_hyp5_4,non_gp,simple,reflexive,upstream_rev_base_native,Yes,1.0,0.9999990463256836,1,Yes,09f249315d22b7cd6c9097ede97750e2cfe0403d34a414e65be28c38fd91a661
amouyal:151,set_hyp5_4,non_gp,lingering,reflexive,upstream_rev_base_native,No,0.08342864364385605,0.504456102848053,1,My,7e9235b40941f39f922bcef306d4ca615f5233353dc92ae7b7cd3121bb4c3558
amouyal:152,set_hyp5_5,non_gp,simple,reflexive,upstream_rev_base_native,Yes,1.0,1.0,1,Yes,eb21bf7142b122f038e9ce60b294ff18fac7ade548b7c4c2af9a38f016204eca
amouyal:153,set_hyp5_5,non_gp,lingering,reflexive,upstream_rev_base_native,No,0.06989231705665588,0.3852342665195465,1,My,42fb3ea9835c9f96a75f635d91563b7f259a015dfa9402dd5c13b3f32d6512c1
amouyal:154,set_hyp5_6,non_gp,simple,reflexive,upstream_rev_base_native,Yes,1.0,0.9999991655349731,1,Yes,385be55edb9b532852ce9f234eedfbc53c8515490ed540f12cfd8d6ac37be706
amouyal:155,set_hyp5_6,non_gp,lingering,reflexive,upstream_rev_base_native,No,1.1038986485800706e-05,0.9607899785041809,1,No,32c3148e825019ba65b59bd39cb2e177983eac63a92d3256ec8ce18ddee3fbd7
amouyal:156,set_hyp5_7,non_gp,simple,reflexive,upstream_rev_base_native,Yes,1.0,0.9999997615814209,1,Yes,8ef19c2fcda4c211889954cda1a7b6703d48997131b37efc5c003ae72df9e6d9
amouyal:157,set_hyp5_7,non_gp,lingering,reflexive,upstream_rev_base_native,No,0.00013075745664536953,0.9857611060142517,1,No,2f9a3889eccde1170f2b7bc3ed0fc47ccfb60918292a832e0249f715ee41f1c7
amouyal:158,set_hyp5_8,non_gp,simple,reflexive,upstream_rev_base_native,Yes,1.0,0.9999998807907104,1,Yes,bf5e6383a2c9053ace3e222fe90847c4498df961ec0b806d0c71b11d9e1f456e
amouyal:159,set_hyp5_8,non_gp,lingering,reflexive,upstream_rev_base_native,No,1.9198139398213243e-06,0.9857415556907654,1,No,74965466f88d778437227d6763d4a1efd4f4487a7f09df5fdb89705f3268f9a7
amouyal:160,set_hyp5_9,non_gp,simple,reflexive,upstream_rev_base_native,Yes,1.0,0.999997615814209,1,Yes,1661f2ba2b8a5c9f2eda669e859ea3e09adec4a0fad622e61bee39de5d7d7505
amouyal:161,set_hyp5_9,non_gp,lingering,reflexive,upstream_rev_base_native,No,1.0,0.9994950294494629,0,Yes,6d7de2624335747937f58ef8edbce915c4eff4f8687ffc7e3d36ddec578fc158
amouyal:162,set_hyp5_10,non_gp,simple,reflexive,upstream_rev_base_native,Yes,1.0,0.999994158744812,1,Yes,c62dde6728526c195ee2fd21343fafcecc2f1220ba22fe7b4324c54293c04b1e
amouyal:163,set_hyp5_10,non_gp,lingering,reflexive,upstream_rev_base_native,No,1.0,0.9972522854804993,0,Yes,cb4c5e77554d14924201a73e00486fd418291fb3972627491e8cc36ef8473844
amouyal:164,set_hyp5_11,non_gp,simple,reflexive,upstream_rev_base_native,Yes,1.0,0.9999991655349731,1,Yes,6c780aee44e43a15a1fa7cbf1a0892565235f43f294522555fead7a4c34c409b
amouyal:165,set_hyp5_11,non_gp,lingering,reflexive,upstream_rev_base_native,No,2.0659949306889303e-09,0.9993832111358643,1,No,aa277f3268442cb044b20df26bc02d5d5420871328b97d24e97adac5c70fe907
amouyal:166,set_hyp5_12,non_gp,simple,reflexive,upstream_rev_base_native,Yes,1.0,0.9999998807907104,1,Yes,83063448a4ca395c2857d946edeccbd99df5c8d59514f5c451d608d278f0858c
amouyal:167,set_hyp5_12,non_gp,lingering,reflexive,upstream_rev_base_native,No,0.9978482723236084,0.7098115086555481,0,Yes,69d856c93201cdd9a5aa94b66c43ea04e65c8cb4be42f301caf2ff3877eda745
amouyal:168,set_hyp5_13,non_gp,simple,reflexive,upstream_rev_base_native,Yes,1.0,0.9999967813491821,1,Yes,9ee95a68e27dfc5ef22fddc97c9b0cc6eb7277920ccd38c47dadae4e707658e8
amouyal:169,set_hyp5_13,non_gp,lingering,reflexive,upstream_rev_base_native,No,0.7903679013252258,0.21353386342525482,0,My,06e0cc588689609dc53de34dd8d8be323ebc13eb3146ca829f9d5ca363e27453
amouyal:170,set_hyp5_14,non_gp,simple,reflexive,upstream_rev_base_native,Yes,0.9999999403953552,0.9999275803565979,1,Yes,0671d2ef64b14404d4dfb2ea553de1aacf3c258a5cb9f27e2079e8336312717e
amouyal:171,set_hyp5_14,non_gp,lingering,reflexive,upstream_rev_base_native,No,2.9309899218787905e-07,0.9734142422676086,1,No,66262e8a0b8802f62914f328c6d7a90910c76294dbbb9b48d2480fad1980bedf
amouyal:172,set_hyp5_15,non_gp,simple,reflexive,upstream_rev_base_native,Yes,1.0,0.9999998807907104,1,Yes,c1582761b0ec95af91032fac14a4bac356c771c5d7dadffdf7efaae20324800d
amouyal:173,set_hyp5_15,non_gp,lingering,reflexive,upstream_rev_base_native,No,0.013768557459115982,0.9968956112861633,1,No,c5600a26f289d3e20b756fb783eb361dd4d75263d7bde5632b36399a88aece36
amouyal:174,set_hyp5_16,non_gp,simple,reflexive,upstream_rev_base_native,Yes,1.0,1.0,1,Yes,626c4458ea12bd83700f2bcb34eea79ef8ffb595af1d517c1e234e9ecfccb15d
amouyal:175,set_hyp5_16,non_gp,lingering,reflexive,upstream_rev_base_native,No,0.0009320248500443995,0.9979851841926575,1,No,9029002d1574aba71155836b9183c0a23c4b47f9e3f1499dccbd57e86352529a
amouyal:176,set_hyp5_17,non_gp,simple,reflexive,upstream_rev_base_native,Yes,1.0,1.0,1,Yes,78f304eb9a8349e315f03e5f72eadf11f9abc033fb68f773536b1e25ec1f8117
amouyal:177,set_hyp5_17,non_gp,lingering,reflexive,upstream_rev_base_native,No,6.360650877468288e-05,0.9970165491104126,1,No,984e29ca71b296413825b7788ea6a05f517b121068a7facf908e605b8bd8e97e
amouyal:178,set_hyp5_18,non_gp,simple,reflexive,upstream_rev_base_native,Yes,7.573338622890446e-10,0.9999988079071045,0,No,713d223c9216c09dfa3eba51d17b4460d319b145913f8ff6a4783febbaacf668
amouyal:179,set_hyp5_18,non_gp,lingering,reflexive,upstream_rev_base_native,No,0.9999659061431885,0.9935486316680908,0,Yes,d9b820c34743aa0de9850f60179c233857ce502b744ca92c5301cbc047c36222
amouyal:180,set_hyp5_19,non_gp,simple,reflexive,upstream_rev_base_native,Yes,1.0,0.9999958276748657,1,Yes,d4abb38b98676d5c05786d5e82b77d1abdd0a1eb05376c789e1a5ac41052eabc
amouyal:181,set_hyp5_19,non_gp,lingering,reflexive,upstream_rev_base_native,No,0.9997197985649109,0.9958426356315613,0,Yes,540eb28209caa6c725637de181ed9c495a55d284f07687e0ef5bf347d50e909c
amouyal:182,set_hyp5_20,non_gp,simple,reflexive,upstream_rev_base_native,Yes,0.9999709129333496,0.993476152420044,1,Yes,0e9972b91a2d0c98dc8a0b47f542e483713a0121ddf434493872f57e5502ecc1
amouyal:183,set_hyp5_20,non_gp,lingering,reflexive,upstream_rev_base_native,No,5.488314158696994e-08,0.9977893233299255,1,No,ff4abee63143e8b00f52290bc79927a72bf3b40b50d0c4863d44493699ae2861
amouyal:184,set_hyp5_21,non_gp,simple,reflexive,upstream_rev_base_native,Yes,0.9999998211860657,0.9999533295631409,1,Yes,01b880079b075d4a1365b3277ab7c33f872142a52997ef9a4b515015345425cb
amouyal:185,set_hyp5_21,non_gp,lingering,reflexive,upstream_rev_base_native,No,0.9999999403953552,0.9999998211860657,0,Yes,ff07fcc3cf039e7dabc2f6a022c8100199dae63624c55b6852114549a4e3cee1
amouyal:186,set_hyp5_22,non_gp,simple,reflexive,upstream_rev_base_native,Yes,1.0,0.9999933242797852,1,Yes,093c3292ad1fa0f4c42f95ef7166926e5bd4963d3250faaf06c02290bf557a62
amouyal:187,set_hyp5_22,non_gp,lingering,reflexive,upstream_rev_base_native,No,7.047001560067656e-08,0.999102771282196,1,No,efac34bf6ae6f1d0779b474266bb13d4f73e8e592e67e94dfca9273b3f74630b
amouyal:188,set_hyp5_23,non_gp,simple,reflexive,upstream_rev_base_native,Yes,1.0,0.9999986886978149,1,Yes,42e9245ec0e158bd933858e30410b8edf12fff8b1d4ec1a75ae8f406ab3cd21c
amouyal:189,set_hyp5_23,non_gp,lingering,reflexive,upstream_rev_base_native,No,9.769646567292511e-06,0.9998619556427002,1,No,fd661da01ed8d5876a0fc2d2bb1f5b572d484bf9c1f10fe43ba583cb70fdd73f
amouyal:190,set_hyp5_24,non_gp,simple,reflexive,upstream_rev_base_native,Yes,1.0,1.0,1,Yes,d62f32ba61a977e323409c3ca29ea7ff2cbaa67c16b0b3fe51981cb101076fb4
amouyal:191,set_hyp5_24,non_gp,lingering,reflexive,upstream_rev_base_native,No,0.9999985098838806,0.9999596476554871,0,Yes,12392e21b613cf015a04583da0dd646eb82b9b3d7fa56ce36583abfec2e2f5c7
amouyal:192,set_hyp5_1,gp,simple,reflexive,upstream_rev_base_native,Yes,0.9999998211860657,0.9998554587364197,1,Yes,0a8d2a33fbbde0c7e8fe273ea24b9061ea208da062788edd8e32436d88f1a383
amouyal:193,set_hyp5_1,gp,lingering,reflexive,upstream_rev_base_native,No,0.0015618109609931707,0.9787365794181824,1,No,cb2021e420d1c338640c317b66bf96467c5d0694c7091f8e05046dc3f703dd43
amouyal:194,set_hyp5_2,gp,simple,reflexive,upstream_rev_base_native,Yes,0.9999999403953552,0.9997825622558594,1,Yes,d9d80e9b7e24564854749509d9b4e77f514073e4a47724c8739566cd899ad471
amouyal:195,set_hyp5_2,gp,lingering,reflexive,upstream_rev_base_native,No,1.214647227243404e-06,0.9731519222259521,1,No,f509b2b69d87034b31218d59a3fd14a2995a3f1d8e58fd93be73dffe5815899b
amouyal:196,set_hyp5_3,gp,simple,reflexive,upstream_rev_base_native,Yes,0.004584035836160183,0.9972468018531799,0,No,d1b2f02953bcc10604b74fcf8a5f3e0c170302724bd83862aa611579b50dc129
amouyal:197,set_hyp5_3,gp,lingering,reflexive,upstream_rev_base_native,No,0.00048021302791312337,0.8825552463531494,1,No,8746375b69a9b60df529efd1c52aa5b9f378766a4141977a787b4a62b8c4239f
amouyal:198,set_hyp5_4,gp,simple,reflexive,upstream_rev_base_native,Yes,0.9999939203262329,0.9999678134918213,1,Yes,4b95057a0aca258b288e4951381f9dba17fc9d89413f2fe949cc652dcc38d7f5
amouyal:199,set_hyp5_4,gp,lingering,reflexive,upstream_rev_base_native,No,0.10007770359516144,0.9142316579818726,1,No,6b9a3ac85335b52304d03d99df84f8a88aaac2ce7bf30ef67e71be08449c244d
amouyal:200,set_hyp5_5,gp,simple,reflexive,upstream_rev_base_native,Yes,0.9999827742576599,0.9999964833259583,1,Yes,34c8450549e791a325e90b39aaebe86221edac363571d47248fd5aaf6a6a6829
amouyal:201,set_hyp5_5,gp,lingering,reflexive,upstream_rev_base_native,No,4.143943442613818e-05,0.9983575344085693,1,No,8797c5b2d352ce35cfc24377275c3fc6db2f657376077e72f036aaa8b2caf03f
amouyal:202,set_hyp5_6,gp,simple,reflexive,upstream_rev_base_native,Yes,0.9999929666519165,0.9987564086914062,1,Yes,55ff1d906cd7493757692cc3d0485a8125c7aec613d0480e4b49eb14b98b50e9
amouyal:203,set_hyp5_6,gp,lingering,reflexive,upstream_rev_base_native,No,0.9999979734420776,0.999168872833252,0,Yes,b5139bb239edfdf86cd758ee25c9ca9f1172ca289707add01b246c624a7f1a32
amouyal:204,set_hyp5_7,gp,simple,reflexive,upstream_rev_base_native,Yes,0.03695378825068474,0.9984131455421448,0,No,11abc38ec06a2be930df24b9c14917c46c90ce444ec8da263e62079f4c1f0659
amouyal:205,set_hyp5_7,gp,lingering,reflexive,upstream_rev_base_native,No,0.010584501549601555,0.9853575825691223,1,No,c79659b5d4f939e66aeb776d45b3177704ddc97cbaf49e67cb80252636a22b79
amouyal:206,set_hyp5_8,gp,simple,reflexive,upstream_rev_base_native,Yes,0.9999998807907104,0.9999967813491821,1,Yes,027c999298c8989d76985d23291e62324d7f827551371d66014d80ab323b7a05
amouyal:207,set_hyp5_8,gp,lingering,reflexive,upstream_rev_base_native,No,4.246046955813654e-05,0.9789245128631592,1,No,add67f4eca50251f8677e3557033422f7448fadbaa8145d81ad8fcc7974e1e8b
amouyal:208,set_hyp5_9,gp,simple,reflexive,upstream_rev_base_native,Yes,1.0,0.9999992847442627,1,Yes,fe2add1d3b73330fe3951749c363db9e8978b635c813975fe0d727ab61b2eefa
amouyal:209,set_hyp5_9,gp,lingering,reflexive,upstream_rev_base_native,No,1.0,0.9999901056289673,0,Yes,8db30dbc4e0d6c93c39e6dab46fb060406d20c9fea18b4faee717fe911525971
amouyal:210,set_hyp5_10,gp,simple,reflexive,upstream_rev_base_native,Yes,0.9999998807907104,0.9999575614929199,1,Yes,6c25d6081006208eb8b64b0bbdddd53b36a8a4ece5e10e8cf027e06336e08af6
amouyal:211,set_hyp5_10,gp,lingering,reflexive,upstream_rev_base_native,No,0.030414974316954613,0.11020485311746597,1,My,d75073e74b05c3fc3024ff33748b4f64c3d9f82ea1ba40772c190975b796dd67
amouyal:212,set_hyp5_11,gp,simple,reflexive,upstream_rev_base_native,Yes,0.012452651746571064,0.7992849349975586,0,No,1f5670052e23ce65f5343c7bf911e82ec6fe13d27d0122ff1996c212cc86fde0
amouyal:213,set_hyp5_11,gp,lingering,reflexive,upstream_rev_base_native,No,0.0002183444594265893,0.9102450013160706,1,No,ec8dc65c6c21f620a6b1c906036f5bd3e59dfb05ac3d6cd2a92075761853fd7f
amouyal:214,set_hyp5_12,gp,simple,reflexive,upstream_rev_base_native,Yes,0.9999997019767761,0.9999741911888123,1,Yes,b8f01788a49daa63464282b61b86ac8dc6f8851fdd2fd4d377967c519dba0173
amouyal:215,set_hyp5_12,gp,lingering,reflexive,upstream_rev_base_native,No,0.0005389232537709177,0.9499245285987854,1,No,7813766ce457fa13fa379d4968d92bfeff18e2f45067422f3e48dbf27cf722f7
amouyal:216,set_hyp5_13,gp,simple,reflexive,upstream_rev_base_native,Yes,4.5399860937322956e-07,0.9657518863677979,0,No,d550c4178ecb8b93f22719d695ceadd2efa0142fe4dd6ad7609ca693d7923cff
amouyal:217,set_hyp5_13,gp,lingering,reflexive,upstream_rev_base_native,No,1.4834306057309732e-05,0.9071543216705322,1,No,57345aefbe345f42315b4e21ce7fa5457224ca5d0f178a90300894d8369676ef
amouyal:218,set_hyp5_14,gp,simple,reflexive,upstream_rev_base_native,Yes,0.021424561738967896,0.8664379119873047,0,No,584565e3e78a75394fda78755e52f448bc97f0183f3e2fa9170e37a428db18cd
amouyal:219,set_hyp5_14,gp,lingering,reflexive,upstream_rev_base_native,No,2.3204941044241423e-06,0.9111434817314148,1,No,1ce6cd52c4d14dc67ecc0cdbfd2d4c7aa8bedd7c74d4c5d0568013f33239c0e3
amouyal:220,set_hyp5_15,gp,simple,reflexive,upstream_rev_base_native,Yes,5.53599966224283e-06,0.9984654784202576,0,No,ab6ea18aedcf457768d4a418540f78a6ac1ee756d6f0f14d2f5735fea5319711
amouyal:221,set_hyp5_15,gp,lingering,reflexive,upstream_rev_base_native,No,5.842237806064077e-05,0.992844820022583,1,No,4c074b1236b594d06ce7c6a92ff93a72d4c7076d0da0a213225f8a0ee9db4655
amouyal:222,set_hyp5_16,gp,simple,reflexive,upstream_rev_base_native,Yes,0.0007239331607706845,0.9909636974334717,0,No,609d716b3562359d1e50130cc270ac3e5ff7676949901531cf9b8e0a2adc5c7c
amouyal:223,set_hyp5_16,gp,lingering,reflexive,upstream_rev_base_native,No,0.0002106087631545961,0.9332252144813538,1,No,8d4143d522d204e0f85db6f762679ec58fdcf52389702258dc92a773b2e6cf52
amouyal:224,set_hyp5_17,gp,simple,reflexive,upstream_rev_base_native,Yes,1.0,1.0,1,Yes,27a533648032a2a6b487fc16316643c7bf965a20534c22d826e4ff7521213e56
amouyal:225,set_hyp5_17,gp,lingering,reflexive,upstream_rev_base_native,No,7.724749906401485e-08,0.99970543384552,1,No,4265c9dbae5314066a7a0fce49cbb9ec4d655f01af14910ca32f1984da7f006c
amouyal:226,set_hyp5_18,gp,simple,reflexive,upstream_rev_base_native,Yes,9.311567737313453e-06,0.9999887943267822,0,No,999a7d43467fcc5ac1cd8317972fa88ec15800b68b4a86fd6a44dca702b34a4e
amouyal:227,set_hyp5_18,gp,lingering,reflexive,upstream_rev_base_native,No,0.17995348572731018,0.8400610685348511,1,No,114a323ed95d49923339619672c05915f22dc2a2bc047b700c722456ba88797b
amouyal:228,set_hyp5_19,gp,simple,reflexive,upstream_rev_base_native,Yes,1.0,0.9999994039535522,1,Yes,67932c01878a9014c6da12fd94e77a06e49e48b635d21e054e17e8cfde678203
amouyal:229,set_hyp5_19,gp,lingering,reflexive,upstream_rev_base_native,No,0.17223763465881348,0.9912393689155579,1,No,d40a0f49b17c89d92410d878e076c4f40b6f4a03f15507806e2d5d05345d2cf2
amouyal:230,set_hyp5_20,gp,simple,reflexive,upstream_rev_base_native,Yes,0.5657898187637329,0.9491684436798096,1,Yes,1c6c8ec09aafb98e0499f99ad1c6b53e0ef30c55860e7d1ac548dbb41ad2df88
amouyal:231,set_hyp5_20,gp,lingering,reflexive,upstream_rev_base_native,No,4.818523393623764e-07,0.9963107705116272,1,No,a26ee66a5a860c65a4a332a53805077841119633cc1f646c6d00e36c5b0455b3
amouyal:232,set_hyp5_21,gp,simple,reflexive,upstream_rev_base_native,Yes,0.9999709129333496,0.9995640516281128,1,Yes,f913fbd002f1f4a57668f1a25d0926bfce907499710a06cd4d471445db2b7290
amouyal:233,set_hyp5_21,gp,lingering,reflexive,upstream_rev_base_native,No,7.083515811245888e-05,0.9994767904281616,1,No,470808a137cc0c4d27d4e7651a097ccf902baa3543f9ecd9c9e4ddeeee0cf787
amouyal:234,set_hyp5_22,gp,simple,reflexive,upstream_rev_base_native,Yes,0.007933189161121845,0.9231060743331909,0,No,290d470c49d13449de728d5ec0644a3e235a7da1f0efa908a009512ede37f2e4
amouyal:235,set_hyp5_22,gp,lingering,reflexive,upstream_rev_base_native,No,6.412292918867024e-07,0.9944294095039368,1,No,0f7c8b82724b404b59c987a34361053754c9f65a68def6298e6f714143bf1b5d
amouyal:236,set_hyp5_23,gp,simple,reflexive,upstream_rev_base_native,Yes,0.9999996423721313,0.999969482421875,1,Yes,d0e6dd18e8e4f81567d6b2b5e65918dc8a6410954079ac203b9fd052a64dbdd9
amouyal:237,set_hyp5_23,gp,lingering,reflexive,upstream_rev_base_native,No,5.198093731451081e-06,0.9987195134162903,1,No,b61789ac65334881fe72f5bbbe5eb0d73f4eb5ff74037d698a0cce7c4ff518a2
amouyal:238,set_hyp5_24,gp,simple,reflexive,upstream_rev_base_native,Yes,1.0,0.9999998807907104,1,Yes,b735436045dea27f87ae1586e95587f2d60cf010f60cacc9d69ce5ee12b3aa95
amouyal:239,set_hyp5_24,gp,lingering,reflexive,upstream_rev_base_native,No,0.01193641871213913,0.980301558971405,1,No,f6ddd7908bf12b9e64f9ecf3399fe0c3c5b59e191c27cf86e7054d52a35a1da5
amouyal:240,set_1,gp,simple,prob,upstream_rev_base_native,Yes,0.9954990744590759,0.9975307583808899,1,Yes,646b32df3727cc969a9cfb340cc2257448a2a7f2169a368271f23b372ed97a75
amouyal:241,set_1,gp,lingering,prob,upstream_rev_base_native,No,0.0004979412769898772,0.9865109324455261,1,No,ddb93664cfc4c8e4ba5fead38b78f04b08ef540f2d1875f385de2bd5ddd27c07
amouyal:242,set_1,non_gp,simple,prob,upstream_rev_base_native,Yes,1.0,1.0,1,Yes,9d8fd02b2c76c6ca9957847cac56b4c1a63a1964027ab7d4e11c601527b339bf
amouyal:243,set_1,non_gp,lingering,prob,upstream_rev_base_native,No,0.9999989867210388,0.99998539686203,0,Yes,a1196a5dbf9f88e39b31be6e852031358abc4acdda3e8d54e66b0897e9f18332
amouyal:244,set_2,gp,simple,prob,upstream_rev_base_native,Yes,1.0,1.0,1,Yes,a52126ce9201bbb89759a94a267b6c3ee2306c897f2ce5c08f589dc6e34c4ffa
amouyal:245,set_2,gp,lingering,prob,upstream_rev_base_native,No,0.9999406337738037,0.9920755624771118,0,Yes,73687bf073178cebd7b8831d7daebedabb11e4e25b5f5f5ce0aee2f6a08e683e
amouyal:246,set_2,non_gp,simple,prob,upstream_rev_base_native,Yes,1.0,0.9999998807907104,1,Yes,cd3e4d3062193a9706a6f8f257614d07c241ba67889b6426bdb3be1c927f21fd
amouyal:247,set_2,non_gp,lingering,prob,upstream_rev_base_native,No,0.9999994039535522,0.9996610879898071,0,Yes,211d81be8475e3c5d2ed49e0c496d5cf813bf0b640a004b0bb41110f245a7b00
amouyal:248,set_3,gp,simple,prob,upstream_rev_base_native,Yes,0.9999599456787109,0.9978041052818298,1,Yes,082f553d6478725aa144fd6cdb6b4ea2ea2add8094711f3342c93b2831391453
amouyal:249,set_3,gp,lingering,prob,upstream_rev_base_native,No,0.020879222080111504,0.8375295400619507,1,No,f6632642e4ec86685951605ef858bd8e8b919ed54778d25943a43ca5189294d5
amouyal:250,set_3,non_gp,simple,prob,upstream_rev_base_native,Yes,1.0,0.9999921321868896,1,Yes,c40b488aa90780275951c4faf6bcd41de82b59d3513e5fd96d283fdd149abd44
amouyal:251,set_3,non_gp,lingering,prob,upstream_rev_base_native,No,0.000260229833656922,0.9935916066169739,1,No,4460f199e2377f44bc510d8999b92f8d5dbb88ab69486a7a731328bb49da7c11
amouyal:252,set_4,gp,simple,prob,upstream_rev_base_native,Yes,0.6640060544013977,0.8072378039360046,1,Yes,5b0d7e2b751737a29a1487c9a1ca11e38f642b4fe1cb2345cfe2c7eb16d3ccde
amouyal:253,set_4,gp,lingering,prob,upstream_rev_base_native,No,0.00020377952023409307,0.8140592575073242,1,No,af3468ea20a0c66c422706aa2ffa8625a074380066717fa66d88252060b6f4cd
amouyal:254,set_4,non_gp,simple,prob,upstream_rev_base_native,Yes,0.9999637603759766,0.9977198243141174,1,Yes,14adcc37867f1207203322d26521d13a8dbc2dd51e469fdf9de692bdafc50ac5
amouyal:255,set_4,non_gp,lingering,prob,upstream_rev_base_native,No,9.95897498796694e-05,0.9631484150886536,1,No,4937b36efeca1a8f8a516f0bc748aace1932e3331f9fd2c751f15f44725bc184
amouyal:256,set_5,gp,simple,prob,upstream_rev_base_native,Yes,0.06764093786478043,0.9991489052772522,0,No,ff47b9fa412fc9deb9689a8e37294c137a740be2c3de93d37535aab893bb854e
amouyal:257,set_5,gp,lingering,prob,upstream_rev_base_native,No,1.2105215496660549e-08,0.9998700618743896,1,No,4b4f919270f03694b9584c374410f7b5be27eabe6926df6ecd04d1ba4eae48d0
amouyal:258,set_5,non_gp,simple,prob,upstream_rev_base_native,Yes,1.0,0.9999994039535522,1,Yes,6c686664796a7653bcfc2fb90268a6bfc821c4aa6ee49d125c703368e53af458
amouyal:259,set_5,non_gp,lingering,prob,upstream_rev_base_native,No,2.9628758966282476e-06,0.9992184638977051,1,No,ffd79dfa361e13e8994b32c35fc57eaeced5edc6fa60f79f80ce1344ef6c7f6a
amouyal:260,set_6,gp,simple,prob,upstream_rev_base_native,Yes,0.0006423814920708537,0.9983896613121033,0,No,8b725c1f0b1bb2496b1b3e7d2d5258680ccd7684dfae01a77cbbe8b5bf7adeb2
amouyal:261,set_6,gp,lingering,prob,upstream_rev_base_native,No,2.0171990399830975e-05,0.9151652455329895,1,No,6cecf10e6d72955922595bf37f7b6cbc64b18cfebb64c736bd861ea1533b9dde
amouyal:262,set_6,non_gp,simple,prob,upstream_rev_base_native,Yes,1.0,1.0,1,Yes,466b6842aaefb868ff007193e9bd5c46f95cebeb4b91ed844265faae3285d1d6
amouyal:263,set_6,non_gp,lingering,prob,upstream_rev_base_native,No,0.9999999403953552,0.9998303055763245,0,Yes,18aca7c94602a7528ec586de7d0cbb1cc8182e1ae134b0cd9438a3d98c4b69fa
amouyal:264,set_7,gp,simple,prob,upstream_rev_base_native,Yes,0.0099485469982028,0.9741846919059753,0,No,8ffd50cd708135a49b9560b152314f7ed0c9503d36e288fb18d381021a14a07b
amouyal:265,set_7,gp,lingering,prob,upstream_rev_base_native,No,0.0001520163641544059,0.7611478567123413,1,No,beb16a24f6c7f6a79cad5c1c7118a17e8f01364b7750b9a1f4bd1d82ee79e6e7
amouyal:266,set_7,non_gp,simple,prob,upstream_rev_base_native,Yes,1.0,0.9999985694885254,1,Yes,1fb0c7830a04f158fac4730fda2b8cca605773395609dabf15d3a2fbb1c22670
amouyal:267,set_7,non_gp,lingering,prob,upstream_rev_base_native,No,0.04362942650914192,0.12549054622650146,1,My,c715e4f093011b279b31cca6060ce9b84c57e8e09f9aea8ed00bb3bc5abb0ecd
amouyal:268,set_8,gp,simple,prob,upstream_rev_base_native,Yes,0.0028501085471361876,0.9959196448326111,0,No,7bc081e08eeba7f5c2f0fc8dc52c18c53c86ffe56d0632950fdbdf81eef4a264
amouyal:269,set_8,gp,lingering,prob,upstream_rev_base_native,No,1.4318919738798286e-06,0.9562443494796753,1,No,7d258487b3d92a41da2b3712ed87f9dfe858cae98e81faae279c0f3a0e251a53
amouyal:270,set_8,non_gp,simple,prob,upstream_rev_base_native,Yes,1.0,1.0,1,Yes,de92914b8e31883e991be25b41ad4f20f8c8561337d1499621f8d6f873da5836
amouyal:271,set_8,non_gp,lingering,prob,upstream_rev_base_native,No,0.10051658749580383,0.9189056754112244,1,No,bfadf9eab22fb4bbb10fc55849cd73b2e13f9ef2bfca00fc523465a89bf05bf5
amouyal:272,set_9,gp,simple,prob,upstream_rev_base_native,Yes,0.08463154733181,0.958981990814209,0,No,1778da99f757c63ecd6d2d0274c4e46067f2d8f2a13d109154dd563131ff4bec
amouyal:273,set_9,gp,lingering,prob,upstream_rev_base_native,No,9.019709978019819e-05,0.9849721193313599,1,No,d3be2acec6368818d867bfd36d1dee0e3b962b8d1e51ad188be9ce5e61de7124
amouyal:274,set_9,non_gp,simple,prob,upstream_rev_base_native,Yes,1.0,0.9999703168869019,1,Yes,724d6f86a43ec073ad6e4da4b4fded72cc446843a3a9dfef1ae6381e33c31c4c
amouyal:275,set_9,non_gp,lingering,prob,upstream_rev_base_native,No,0.07174043357372284,0.8209990859031677,1,No,e76822586335f8792994660bd17bc592d3bdcafa14a9bdf1b4a8c7f33bf4959e
amouyal:0,set_10,gp,simple,prob,upstream_rev_base_prefill,Yes,0.006770542822778225,0.9997908473014832,0, No,820a2ad37471e715ecba4e4b61523a7e11842cb29875c8fcc6632ae3d21ce07b
amouyal:1,set_10,gp,lingering,prob,upstream_rev_base_prefill,No,0.43961063027381897,0.9993789196014404,1, No,5e3153ec84562e81fd7bff8650ae7061a0cbdc40500f2e6757dffa40911e8cfb
amouyal:2,set_10,non_gp,simple,prob,upstream_rev_base_prefill,Yes,0.3561314344406128,0.999199390411377,0, No,2b0e6cb423a14f188330e98033ff1b0a5c925a0f082fe857302ddc8c595132dc
amouyal:3,set_10,non_gp,lingering,prob,upstream_rev_base_prefill,No,0.011531767435371876,0.9997975826263428,1, No,89cc4464f3e08e8c3de3bd7c0c898641e7c3ffc677a6f12ba191e4528e4cb205
amouyal:4,set_11,gp,simple,prob,upstream_rev_base_prefill,Yes,0.8163782954216003,0.9990255832672119,1, Yes,fcd73601f994a1429633abf81a4ea40abef768c2853caa836b5871e9d9ab1eae
amouyal:5,set_11,gp,lingering,prob,upstream_rev_base_prefill,No,0.992750346660614,0.9994339942932129,0, Yes,27c9ce2942df63a0a920c43232cf688fb377455dddb61d537b303e26caa86923
amouyal:6,set_11,non_gp,simple,prob,upstream_rev_base_prefill,Yes,0.9991995692253113,0.9993927478790283,1, Yes,7ff6da54c1c8e3ab7350ed4a672bb1df54d352319f88db4241bc171c6cf4f8e1
amouyal:7,set_11,non_gp,lingering,prob,upstream_rev_base_prefill,No,0.9349265098571777,0.99916011095047,0, Yes,f884da06061964cde0ceeb5bc7458f270d39cf9d55063aceb85bd3750fca9192
amouyal:8,set_12,gp,simple,prob,upstream_rev_base_prefill,Yes,0.13951507210731506,0.9996269941329956,0, No,64700b59820aba45376441f0f0ff128fa08b9c99f5584bc6913373f9019c07fe
amouyal:9,set_12,gp,lingering,prob,upstream_rev_base_prefill,No,0.9224284887313843,0.9995013475418091,0, Yes,44c0b5b3bfa32490bc618be34ae2f3999f60c9ec6a890663de7eff10588d693f
amouyal:10,set_12,non_gp,simple,prob,upstream_rev_base_prefill,Yes,0.9988531470298767,0.9995520710945129,1, Yes,94decb65731041453c81f6a67ac07908120039a9cbdf01a524e98f72b00083d1
amouyal:11,set_12,non_gp,lingering,prob,upstream_rev_base_prefill,No,0.9983246922492981,0.9992971420288086,0, Yes,6cd7fafa3060128d0b1b15286a80b785c3aec48d63e1d64e23a1239ca193763b
amouyal:12,set_13,gp,simple,prob,upstream_rev_base_prefill,Yes,0.32220733165740967,0.9996249675750732,0, No,79e7967f32fa42ce6ba23e76ae40023b1d9ccb95f50d6d070bad8d8866597f34
amouyal:13,set_13,gp,lingering,prob,upstream_rev_base_prefill,No,0.0006147950189188123,0.999970555305481,1, No,c74e2b55b6167b777b063cea20a36a0cfe7f64b46fb771b4ee542c3e3dfbd475
amouyal:14,set_13,non_gp,simple,prob,upstream_rev_base_prefill,Yes,0.9978669881820679,0.9996369481086731,1, Yes,2cba4ac1a53737e1faff3d195519b05f779890f430b7b00eb6285d67bd6f6917
amouyal:15,set_13,non_gp,lingering,prob,upstream_rev_base_prefill,No,0.005693458486348391,0.9999343752861023,1, No,fe740c640bc83028de25b76d25856d026316d9dcd603390add9bd7bc9aa126be
amouyal:16,set_14,gp,simple,prob,upstream_rev_base_prefill,Yes,0.00016876884910743684,0.9997990727424622,0, No,955bb49a6feb0b0e2ef184c9a3b2b28f13f47c2fb6566dda57967acacfe2aea2
amouyal:17,set_14,gp,lingering,prob,upstream_rev_base_prefill,No,0.039611876010894775,0.9995900392532349,1, No,d4c2412a8c22231170f4707a407c1a18e662e7fc47be14bdbfe6156bb3dc044b
amouyal:18,set_14,non_gp,simple,prob,upstream_rev_base_prefill,Yes,0.08532854169607162,0.9995043277740479,0, No,5eb28b7dff1f39bd66b84a1ffb3ae036e4176a4c4c32de9bb7547b38d44e2ae6
amouyal:19,set_14,non_gp,lingering,prob,upstream_rev_base_prefill,No,9.111014151130803e-06,0.9999072551727295,1, No,8c7bc8f18535a93adca759d1c8a67e8afa57594f1e22869d421dcabbfe8cbfe4
amouyal:20,set_15,gp,simple,prob,upstream_rev_base_prefill,Yes,0.9961129426956177,0.9998053312301636,1, Yes,7d939cc2aaa8d507b88bfbda65538cf83e7a0311444241316096cef35e3d94c3
amouyal:21,set_15,gp,lingering,prob,upstream_rev_base_prefill,No,0.9968135356903076,0.9994677305221558,0, Yes,e181077bdabb236d91764f2ecc5e34056525100f2aa3ca025a7e2884a5a75965
amouyal:22,set_15,non_gp,simple,prob,upstream_rev_base_prefill,Yes,0.9997925162315369,0.9997437596321106,1, Yes,97ecc9dd5c464029f52448eef22a2b98fc923b50d42472c53137018e1670ac7c
amouyal:23,set_15,non_gp,lingering,prob,upstream_rev_base_prefill,No,0.9917308688163757,0.9992480874061584,0, Yes,de012bfbdca6651cb2d5fe2ce9c052957e26cd9d977210bff620c3ade5c5f494
amouyal:24,set_16,gp,simple,prob,upstream_rev_base_prefill,Yes,0.7048499584197998,0.9993187189102173,1, Yes,95edeacf00abcdd2caa091794215d151de6352a4e13085481509840b6000cb31
amouyal:25,set_16,gp,lingering,prob,upstream_rev_base_prefill,No,0.19823507964611053,0.9996824264526367,1, No,b65c05e3b492f7b24bb98cdcac3b9ed46af7e418ed93eaf8f441823e813daa4b
amouyal:26,set_16,non_gp,simple,prob,upstream_rev_base_prefill,Yes,0.999939501285553,0.9996706247329712,1, Yes,47ebe1723db831c21aff8d5c2781d480af68840fcf2de7faba779304b7510896
amouyal:27,set_16,non_gp,lingering,prob,upstream_rev_base_prefill,No,0.9994648098945618,0.9994436502456665,0, Yes,c7623fa44740d677f4b354c1878bb477e0b48ca0c737e3cc407022f403472473
amouyal:28,set_17,gp,simple,prob,upstream_rev_base_prefill,Yes,0.9810006022453308,0.9994514584541321,1, Yes,1db9c86cc3492f8f88cb3d148a3a5dd26ef45274f2da8d6c06349f0517321f8b
amouyal:29,set_17,gp,lingering,prob,upstream_rev_base_prefill,No,0.7934703230857849,0.999193549156189,0, Yes,715ed550d6074cfbf18212630785bfa49a60beeeb1998de8be485ed98a13ba2c
amouyal:30,set_17,non_gp,simple,prob,upstream_rev_base_prefill,Yes,0.9999502301216125,0.9997064471244812,1, Yes,24ab0e5070579f2a7b23bcf8258fc8140cc73b5fc36c3e7b954be051d8f9464a
amouyal:31,set_17,non_gp,lingering,prob,upstream_rev_base_prefill,No,8.009133307496086e-05,0.9999684691429138,1, No,69f5b6d0cc6eafa00ccb2860cae438de719aa7e954de8efe21e68731de30c24c
amouyal:32,set_18,gp,simple,prob,upstream_rev_base_prefill,Yes,0.20546987652778625,0.9996371269226074,0, No,245bd26d882b2bbe9613b83fa4f030982f648b0fee4570df7aa2134c124fb97c
amouyal:33,set_18,gp,lingering,prob,upstream_rev_base_prefill,No,0.0007531280280090868,0.9999666213989258,1, No,ab8bc6a25b81af17275f10e98f88e62ab7890f1cfde8574eba09c6661e6a0d73
amouyal:34,set_18,non_gp,simple,prob,upstream_rev_base_prefill,Yes,0.9477057456970215,0.9993287920951843,1, Yes,43749ea5307608437a2586e1f13c398f2f1cbe31e3af6d4caf04e646121d7f11
amouyal:35,set_18,non_gp,lingering,prob,upstream_rev_base_prefill,No,0.06138451024889946,0.9996643662452698,1, No,3071edaecc2e0e02a58fdbc9fef1a76be2418f9b002838c38899b6f7842c3819
amouyal:36,set_19,gp,simple,prob,upstream_rev_base_prefill,Yes,0.9765923619270325,0.9992225170135498,1, Yes,fc69e97f5a9de249620e13eb5bf88651f82127029f03abe3b247664bd6fc71e1
amouyal:37,set_19,gp,lingering,prob,upstream_rev_base_prefill,No,0.33961787819862366,0.9997146129608154,1, No,74ec4c601c0da1bece461c2a0e88de3bc271f656bb2b2d72093cd1a17c5c4e20
amouyal:38,set_19,non_gp,simple,prob,upstream_rev_base_prefill,Yes,0.9998148083686829,0.999364972114563,1, Yes,43aa87078ff11f90c571196cd219a96d8dedb8aa336f13223eee52148f370c63
amouyal:39,set_19,non_gp,lingering,prob,upstream_rev_base_prefill,No,0.9990994334220886,0.9993774890899658,0, Yes,7b1ceb2df091b641bc82cbaf60b03cb0b868aa7a3f59701b9ad1592fc8bcaaf2
amouyal:40,set_20,gp,simple,prob,upstream_rev_base_prefill,Yes,0.07159122079610825,0.9997653961181641,0, No,cefb05afc8f2c65e00bb1d244f370f45c0561556370fbd99feeb3c3094daea8f
amouyal:41,set_20,gp,lingering,prob,upstream_rev_base_prefill,No,0.002963381353765726,0.9998977184295654,1, No,673d25024cd1c9106c89ed5ec2ebc26845d6c780c0d434c064ddf03480126f5a
amouyal:42,set_20,non_gp,simple,prob,upstream_rev_base_prefill,Yes,0.9988654255867004,0.999439001083374,1, Yes,4c542ebbba5acc84b1c6dbaf7193a3132bc6284411aaa53c818bcd067ce6615a
amouyal:43,set_20,non_gp,lingering,prob,upstream_rev_base_prefill,No,1.5161211194936186e-05,0.9999472498893738,1, No,f7c15e01d50a5242b9e37abb59371de837c0adf44cb98b898bd9ba37786b6075
amouyal:44,set_21,gp,simple,prob,upstream_rev_base_prefill,Yes,0.027686215937137604,0.9997072815895081,0, No,c36c84a895d065ff034b79b43d37a77b6f667091d2190ecb0fc45dd38618cb0c
amouyal:45,set_21,gp,lingering,prob,upstream_rev_base_prefill,No,0.002531586680561304,0.9999541640281677,1, No,2063c068a97a2207e93f17214dc27bf012acaef65878ec15e6945c47e1a9c76d
amouyal:46,set_21,non_gp,simple,prob,upstream_rev_base_prefill,Yes,0.9997683167457581,0.9993884563446045,1, Yes,1a1256cb0fc574d84b8e729c4e1c6b3427ced5e86003550ee3912ab5cb7c392d
amouyal:47,set_21,non_gp,lingering,prob,upstream_rev_base_prefill,No,0.9576491713523865,0.999009907245636,0, Yes,cbd5ea979f9e808d82a3a1c551d35bdde8ff2d1b40638e5667cf64dcf17fe56b
amouyal:48,set_22,gp,simple,prob,upstream_rev_base_prefill,Yes,0.9791216850280762,0.998794674873352,1, Yes,96f53800a851d89988874194e9d004d5981b2122a82dd5dcf57bb00223940c00
amouyal:49,set_22,gp,lingering,prob,upstream_rev_base_prefill,No,0.8127883672714233,0.9994333982467651,0, Yes,c83d3fe2bd4f6179ca04606ffe3501b8219de3b5e30e640e99621191f21828e2
amouyal:50,set_22,non_gp,simple,prob,upstream_rev_base_prefill,Yes,0.9979897141456604,0.9990307092666626,1, Yes,d7bf8831afe472f1e74468d664fdb4c75a6f0684185dad06ba5d33915bb8b3ee
amouyal:51,set_22,non_gp,lingering,prob,upstream_rev_base_prefill,No,0.06670458614826202,0.9998034238815308,1, No,7c98f3c30324a7384de91d38b4db66a1a8440c2a39b8a7e7fbd2aa49d47b6900
amouyal:52,set_23,gp,simple,prob,upstream_rev_base_prefill,Yes,0.3477713167667389,0.9994150400161743,0, No,bbc134fe72d17ba3e94f93440839301fa8868eab525127cff102f91628a88397
amouyal:53,set_23,gp,lingering,prob,upstream_rev_base_prefill,No,0.3760610520839691,0.9993888139724731,1, No,d9fde3de793c4a49208a811af6f0799e1e8b956fa5b7b8f8e2debe5d4cf5a315
amouyal:54,set_23,non_gp,simple,prob,upstream_rev_base_prefill,Yes,0.9985815286636353,0.999591052532196,1, Yes,35c885bb2cf5d0119507a35c580382d811e0edfc0c54ec3446441d519d503a5a
amouyal:55,set_23,non_gp,lingering,prob,upstream_rev_base_prefill,No,0.9390026926994324,0.999398946762085,0, Yes,c120517fb2342e34b3bf7e75328c8df265270e67d8239a1e0f2c8c297f68c7f8
amouyal:56,set_24,gp,simple,prob,upstream_rev_base_prefill,Yes,0.9150061011314392,0.9995049834251404,1, Yes,ea96d57a8bf73841a6f58e7d9009eee9fca7ec7aee019b7fb7efbefa07b5ed44
amouyal:57,set_24,gp,lingering,prob,upstream_rev_base_prefill,No,3.5119737731292844e-06,0.999972403049469,1, No,8a374994ea235834ecfdf4d1e3e4ac00ae5d0d5d50cdfe6e3a598095bdb4b1d8
amouyal:58,set_24,non_gp,simple,prob,upstream_rev_base_prefill,Yes,0.9983001947402954,0.9996706247329712,1, Yes,eddc0ba3a6a3b2d7782c3e6e581ce7256f10fdeb61dc28156baec0afe74536cb
amouyal:59,set_24,non_gp,lingering,prob,upstream_rev_base_prefill,No,2.6985905066112537e-08,0.999981701374054,1, No,faeef94865f3a3197e9ad14be7ac25e811341e9f729ebcea2f47280db30448c9
amouyal:60,set_25,gp,simple,prob,upstream_rev_base_prefill,Yes,0.9938547611236572,0.9998815059661865,1, Yes,4bc9b666dafbb144f993e1aa58ab4bba36fa83edfda1f00a374b82ad13a837bd
amouyal:61,set_25,gp,lingering,prob,upstream_rev_base_prefill,No,0.5607689619064331,0.999687671661377,0, Yes,b27b8864f0daa0aee8902448797011a1ed0e6b088b9b2a134b3bf3a0c46b6d60
amouyal:62,set_25,non_gp,simple,prob,upstream_rev_base_prefill,Yes,0.9994734525680542,0.9997567534446716,1, Yes,46c5de0720cba5b170a69929a81d4086947ee220815f0b3be14d67219f126a6d
amouyal:63,set_25,non_gp,lingering,prob,upstream_rev_base_prefill,No,0.9261431097984314,0.9995515942573547,0, Yes,7ea14380d8ea1241da6c476df5866f8ed165595d9305f30aaa154c70b7040451
amouyal:64,set_26,gp,simple,prob,upstream_rev_base_prefill,Yes,0.8720906972885132,0.9994138479232788,1, Yes,beb3c021122229c147770a0748873fb9ecf8eb29aea5dc869ed06a4fbff1125f
amouyal:65,set_26,gp,lingering,prob,upstream_rev_base_prefill,No,5.7448942243354395e-06,0.9999768137931824,1, No,1dc9ebffc90269b9d70e51b6132d9fbfaec9f0f552c692fa3a890f68a61ab170
amouyal:66,set_26,non_gp,simple,prob,upstream_rev_base_prefill,Yes,0.9964731335639954,0.9994774460792542,1, Yes,838127441e5caf2a0143baf575f4b98a684ef92f5980db7c607399ab4f4d9e0a
amouyal:67,set_26,non_gp,lingering,prob,upstream_rev_base_prefill,No,0.6094078421592712,0.9992870092391968,0, Yes,c24c206a4b3f8442c528568b2db788008755e22b77e6bd647a83417b658a81ca
amouyal:68,set_27,gp,simple,prob,upstream_rev_base_prefill,Yes,0.9757044911384583,0.9995725154876709,1, Yes,2b195b5d75eea2e29b635e84ed4e5862fe79b1d7868b19bca348c9296005f9ad
amouyal:69,set_27,gp,lingering,prob,upstream_rev_base_prefill,No,0.9117770195007324,0.998030424118042,0, Yes,59d14b6261fc7e9b1c32cb98c14173cb41e1bfd7e02c827a793accebade38fb5
amouyal:70,set_27,non_gp,simple,prob,upstream_rev_base_prefill,Yes,0.9973595142364502,0.9996178150177002,1, Yes,3670d170a66057fab50fd36b9247e4e731e1bccc6ad86dfebd988ed215327211
amouyal:71,set_27,non_gp,lingering,prob,upstream_rev_base_prefill,No,0.8092337846755981,0.9975676536560059,0, Yes,94971a75e4ee28bde54ef80c82c333f83b26ace0cfaf0377faa050db2e2202f2
amouyal:72,set_28,gp,simple,prob,upstream_rev_base_prefill,Yes,0.09379351884126663,0.9993066787719727,0, No,96d384abcfcd6acfb29df87efb118caf41f2204f2ea88e89737b8406adae49d0
amouyal:73,set_28,gp,lingering,prob,upstream_rev_base_prefill,No,0.0005052985507063568,0.9999611377716064,1, No,6b0240f2b5287e5b44dac96dfbb427de5b2755106bdf4dba4233b9e8f133f396
amouyal:74,set_28,non_gp,simple,prob,upstream_rev_base_prefill,Yes,0.9871714115142822,0.9994028210639954,1, Yes,88c87f2a7ea12c16eff2dff80fc46415708273423f812bc188b312b13004a33a
amouyal:75,set_28,non_gp,lingering,prob,upstream_rev_base_prefill,No,0.9995527863502502,0.9997618198394775,0, Yes,c6df91474e2bde67b5ab54fefdcf4c912e3010895dd2421d430f21f33c6cd22c
amouyal:76,set_29,gp,simple,prob,upstream_rev_base_prefill,Yes,0.8515564799308777,0.9993741512298584,1, Yes,2da45fd88fffa1281833293208ec9901bdd0c26a9e9157271f925f58973ab822
amouyal:77,set_29,gp,lingering,prob,upstream_rev_base_prefill,No,0.46283042430877686,0.9993691444396973,1, No,745b40da9a2d1c4b2f42f41a54f737150c10c0fced1aa023394f261ac355fb11
amouyal:78,set_29,non_gp,simple,prob,upstream_rev_base_prefill,Yes,0.9996297359466553,0.9996293187141418,1, Yes,40d3732b04a49335d62c49cfc025698e22a3b9ca62852fc438deb7125130aa90
amouyal:79,set_29,non_gp,lingering,prob,upstream_rev_base_prefill,No,0.016856137663125992,0.999657392501831,1, No,e10659336588fa9b8c1b8dd2211a2b1c66184b1b37e5f9913b6522bc3117190a
amouyal:80,set_30,gp,simple,prob,upstream_rev_base_prefill,Yes,0.9988458156585693,0.9996251463890076,1, Yes,c372fde34c57d3c96b899a0f7fb1cb1a65cfe2f5c4b7f177eedf34f75208ebf1
amouyal:81,set_30,gp,lingering,prob,upstream_rev_base_prefill,No,0.03945963457226753,0.9997418522834778,1, No,7d5dd23c6d521a1b1d0909fdc34db05954458523fba0b8caab31c8f8b194d52d
amouyal:82,set_30,non_gp,simple,prob,upstream_rev_base_prefill,Yes,0.9999250769615173,0.9992734789848328,1, Yes,0f3da2e4b964a760d69c3ad05ec1ac6ac5ba83d090a876ae610b25bb9d3a64fd
amouyal:83,set_30,non_gp,lingering,prob,upstream_rev_base_prefill,No,0.9884018301963806,0.9989811182022095,0, Yes,057a7f96816b619973a804b5ac7ff9f309aa92358f5078147b25a47ed396b2ad
amouyal:84,set_31,gp,simple,prob,upstream_rev_base_prefill,Yes,0.09994560480117798,0.9998220205307007,0, No,89880b7c1b36cc999a540d7a98560782f433ab1f5d04ac734c42cad1d26e7f27
amouyal:85,set_31,gp,lingering,prob,upstream_rev_base_prefill,No,0.00024093803949654102,0.9999904632568359,1, No,0012fffab6a495efc6585e996edd981f60edb78a1b7e6baf2e9371220674c341
amouyal:86,set_31,non_gp,simple,prob,upstream_rev_base_prefill,Yes,0.9987373352050781,0.999630868434906,1, Yes,99ffcd690b355f3f308677742567af87eb5f94047aefc352ae20b6548d236595
amouyal:87,set_31,non_gp,lingering,prob,upstream_rev_base_prefill,No,0.8136840462684631,0.9995446801185608,0, Yes,7423c4da59bfb2fde2ebf998946617d351a3b1bd332ebaf171a91fa71def7b16
amouyal:88,set_32,gp,simple,prob,upstream_rev_base_prefill,Yes,0.7833560109138489,0.9992351531982422,1, Yes,d9063baa150e4948419682a25f6512c2b15ac81d583691021249e0df419b45da
amouyal:89,set_32,gp,lingering,prob,upstream_rev_base_prefill,No,8.140930731315166e-06,0.9999767541885376,1, No,09e3422bd6fecb5db9a9904a62d6bfe536c467311df225caa5519ded0e1aa6ce
amouyal:90,set_32,non_gp,simple,prob,upstream_rev_base_prefill,Yes,0.9977822303771973,0.999388575553894,1, Yes,ab08af55d2cf1bf8b5a20645a52653f491513da430258cc30c4cbc6e5f365c81
amouyal:91,set_32,non_gp,lingering,prob,upstream_rev_base_prefill,No,0.6464464664459229,0.9994257688522339,0, Yes,bf8d38d38d0a7a4805cb13be42f13ba5ee7ceac6d6457522fed9b35caa033a8d
amouyal:92,set_33,gp,simple,prob,upstream_rev_base_prefill,Yes,0.004796841647475958,0.9999681115150452,0, No,ef682fd157fff89809d365f17068721620acdc55f70cefb2d67f005401210f21
amouyal:93,set_33,gp,lingering,prob,upstream_rev_base_prefill,No,0.0018014066154137254,0.9999790191650391,1, No,4174c3f434326ee7d97643d85d23745dda57f68c203d0d890394764fe2991084
amouyal:94,set_33,non_gp,simple,prob,upstream_rev_base_prefill,Yes,0.9999245405197144,0.9997501373291016,1, Yes,4d4030456ae4d7b9c2b06533ca849c2de085a97735f65b1f1bd6971d12678b86
amouyal:95,set_33,non_gp,lingering,prob,upstream_rev_base_prefill,No,0.9073168635368347,0.9995613694190979,0, Yes,9a5ce91a905ff0e151e6587889b918069c5e3f511716122a95f6fd5e6234f152
amouyal:96,set_34,gp,simple,prob,upstream_rev_base_prefill,Yes,0.9807834029197693,0.9993730783462524,1, Yes,ece76be7814961b02d5a55ba827b6344ed1af955a8610db301e57a353215da77
amouyal:97,set_34,gp,lingering,prob,upstream_rev_base_prefill,No,0.00017696365830488503,0.9999589920043945,1, No,34802f8c9e59b6414c29edc22b6484d16a43b5d1e1e62f78d8bbb275531d9b94
amouyal:98,set_34,non_gp,simple,prob,upstream_rev_base_prefill,Yes,0.9999701380729675,0.9994457960128784,1, Yes,79563ccd36bb14ded608edea60861dd7ff4f635dda4e60c8d3ec1a50bb1119e1
amouyal:99,set_34,non_gp,lingering,prob,upstream_rev_base_prefill,No,0.9345568418502808,0.9996256232261658,0, Yes,dd48dbf64308aa1df7c225ab807426cefde5573d7131c00c45cddaeed907a902
amouyal:100,set_35,gp,simple,prob,upstream_rev_base_prefill,Yes,0.004183158278465271,0.999767005443573,0, No,ac25710461561b7306f5bd3c57d37d77f671a2a05d3dd2afe8ec330ab59d8af7
amouyal:101,set_35,gp,lingering,prob,upstream_rev_base_prefill,No,0.003263876773416996,0.9998170733451843,1, No,7a2a1087bef3285e75fc4687ee2c1f0f45216a5b24d233353258606428872a7b
amouyal:102,set_35,non_gp,simple,prob,upstream_rev_base_prefill,Yes,0.9993020296096802,0.9997011423110962,1, Yes,9739a416bbd14c6eef68de3e2818f2f4b9f607d22b663f2939b7aff2ac0b57f3
amouyal:103,set_35,non_gp,lingering,prob,upstream_rev_base_prefill,No,0.4155256450176239,0.9986966848373413,1, No,060a3f722340620f8d737e6425d9087715fb6527e48d37ab842baba3d225069c
amouyal:104,set_36,gp,simple,prob,upstream_rev_base_prefill,Yes,0.15265126526355743,0.9998122453689575,0, No,646fc51f6b134bb2400f96eb346140d200ca4fe1c79768afcd63bd5459eea3bc
amouyal:105,set_36,gp,lingering,prob,upstream_rev_base_prefill,No,0.003679249668493867,0.9999595880508423,1, No,ac492b15e56957ca8a2a9ad9c875589146df8babafe5fafe25fd5e92fdb8a9fa
amouyal:106,set_36,non_gp,simple,prob,upstream_rev_base_prefill,Yes,0.9999637007713318,0.9997119307518005,1, Yes,3a64b4dc3732f7372eaf34217e7fa61902efbd3ccddc189df1db7cab63c6f4ff
amouyal:107,set_36,non_gp,lingering,prob,upstream_rev_base_prefill,No,0.9335932731628418,0.9994792938232422,0, Yes,3c4b556856b27b1be41cddf7c0ac97529d43bf1af92298b54840123b14a7dd8a
amouyal:108,set_37,gp,simple,prob,upstream_rev_base_prefill,Yes,0.00011959314724663273,0.9999232292175293,0, No,9d81e2a7f32ab0877cbdb87ec54afcb6f0e1725aa8dc99590efda6393afa024b
amouyal:109,set_37,gp,lingering,prob,upstream_rev_base_prefill,No,9.23394054552773e-06,0.999973714351654,1, No,e706aeaf9d32d0b3f0bd68b3b2edd961aef828f598482c7039341bb5b4fb79e1
amouyal:110,set_37,non_gp,simple,prob,upstream_rev_base_prefill,Yes,0.022941207513213158,0.999849796295166,0, No,ce106cd7bf9ff97fa48c0df18f4968d1d976b3f93ad0b48dfdedba740c73829d
amouyal:111,set_37,non_gp,lingering,prob,upstream_rev_base_prefill,No,0.001749567105434835,0.9999442100524902,1, No,0cb108140cdaf5b21bc4361f646468cfef98d86f487cdaaa05075bca0b30e1ce
amouyal:112,set_38,gp,simple,prob,upstream_rev_base_prefill,Yes,0.0016592128667980433,0.9999302625656128,0, No,8a6dfd80fcc481725309a6a8199c22ee3b2c23e0cb02fff4a1cd773e225f488e
amouyal:113,set_38,gp,lingering,prob,upstream_rev_base_prefill,No,0.01672256365418434,0.9998365640640259,1, No,4acf9305a300d27d6f34c92180f6b033eb51c16f89172ea330de9eb200eac95b
amouyal:114,set_38,non_gp,simple,prob,upstream_rev_base_prefill,Yes,0.9959492683410645,0.9996716380119324,1, Yes,aea65bde60c47f075aa276157e3ede2583f6945b57f8217a66f0589daaef839b
amouyal:115,set_38,non_gp,lingering,prob,upstream_rev_base_prefill,No,2.189597552160194e-07,0.9999646544456482,1, No,7dce7208d976e45900f7f01d882eaf33c29ffcfd4d12ae3f9e76056f0cfe640d
amouyal:116,set_39,gp,simple,prob,upstream_rev_base_prefill,Yes,0.01809781976044178,0.9997418522834778,0, No,716e39f2ffb2955dc42aa847e3fa12ef098e9bf58a0e6c42b9eb59bfe2fcc219
amouyal:117,set_39,gp,lingering,prob,upstream_rev_base_prefill,No,0.002515028929337859,0.9999216794967651,1, No,ff4508e73f299edbecce9a681b30a00acf6bb26a8bd3393521ab46f649fd1af4
amouyal:118,set_39,non_gp,simple,prob,upstream_rev_base_prefill,Yes,0.9993752837181091,0.9996099472045898,1, Yes,6438bd8b2b7935aade88aee42a7695b9dd758fdd94f22b24946d8cc17776f3d3
amouyal:119,set_39,non_gp,lingering,prob,upstream_rev_base_prefill,No,0.9800967574119568,0.9991821050643921,0, Yes,e630328891215927aff157591e08fd134d61a3efda2904f679366053ff2a14b9
amouyal:120,set_40,gp,simple,prob,upstream_rev_base_prefill,Yes,0.011080363765358925,0.9998551607131958,0, No,0bc5e6a4340b77889c1798400b3a80177358129192e5164fdb1b84d1642ec98a
amouyal:121,set_40,gp,lingering,prob,upstream_rev_base_prefill,No,7.231150812003762e-05,0.9999614357948303,1, No,b71ca14fc661ac4afae8b3c95edbeb6cb6c8e71e8405d4dc9621ab4392567ae5
amouyal:122,set_40,non_gp,simple,prob,upstream_rev_base_prefill,Yes,0.9910627603530884,0.9994651079177856,1, Yes,b583e435d15ead3a8d2a562adc9c703bc2d5d9c915cc722050bb5683d177e486
amouyal:123,set_40,non_gp,lingering,prob,upstream_rev_base_prefill,No,0.026659099385142326,0.9998217821121216,1, No,406ecb455802cefbefed88e0f182bcad5a68576b680de70ea2ac230aa04a8de7
amouyal:124,set_41,gp,simple,prob,upstream_rev_base_prefill,Yes,0.962272584438324,0.9993033409118652,1, Yes,3f142f27f0e316c5f48bb7f4e4291db36f991092669ba79de746d13cc13b6e13
amouyal:125,set_41,gp,lingering,prob,upstream_rev_base_prefill,No,0.0004717194533441216,0.999847948551178,1, No,ef4c28d796aee0dead7431e7f21d827623c97fc23d2491f93ff7d90dffed0276
amouyal:126,set_41,non_gp,simple,prob,upstream_rev_base_prefill,Yes,0.9999794960021973,0.999393880367279,1, Yes,2dab14aa548ed74a73d4c16dac90214a2d7aa7029dbbeeeed28fc50c5a82333f
amouyal:127,set_41,non_gp,lingering,prob,upstream_rev_base_prefill,No,0.927405059337616,0.9972579479217529,0, Yes,6881bf36fe295b590548def7238e96c3f311af83840642273b9dc1d2c45b6185
amouyal:128,set_42,gp,simple,prob,upstream_rev_base_prefill,Yes,0.9971510171890259,0.9998036026954651,1, Yes,6d6634d81291918a1d181812e065a80f45b2c51c193065be16a72f0030b0917f
amouyal:129,set_42,gp,lingering,prob,upstream_rev_base_prefill,No,0.8877009749412537,0.9991829991340637,0, Yes,09762b76595ee219638934f69f26256a498e2f4e806e4f3568761d95ea16b1b6
amouyal:130,set_42,non_gp,simple,prob,upstream_rev_base_prefill,Yes,0.9999361038208008,0.9996277093887329,1, Yes,dd8235e45037f4c8bc7d8745e34a47010ea2beb95f61d137754ad4d48cb5e648
amouyal:131,set_42,non_gp,lingering,prob,upstream_rev_base_prefill,No,0.8770321011543274,0.9980954527854919,0, Yes,358cef6760d7158a7e27806d64891f74943a1f79be4e232fb03b2bdb979b1c21
amouyal:132,set_43,gp,simple,prob,upstream_rev_base_prefill,Yes,0.6548901796340942,0.9995999336242676,1, Yes,65b2ba520f198d52d53dee8859f609571787bf06489546b3baa0389a479c694d
amouyal:133,set_43,gp,lingering,prob,upstream_rev_base_prefill,No,0.00013981907977722585,0.9999749064445496,1, No,51a492245933683acb4bd18d353e1e06cc1e48ccd7617f4f2f8552d2ae582d62
amouyal:134,set_43,non_gp,simple,prob,upstream_rev_base_prefill,Yes,0.9969723224639893,0.9994663596153259,1, Yes,c2726c2163daa715878214fd5af8630eb7be1aa8063eb6f3577c78790b3c7efc
amouyal:135,set_43,non_gp,lingering,prob,upstream_rev_base_prefill,No,0.9989600777626038,0.9988815188407898,0, Yes,38364f29adda9a893789e61cd258ba847d8ddc04cc51295131895338fe64249d
amouyal:136,set_44,gp,simple,prob,upstream_rev_base_prefill,Yes,7.534971518907696e-05,0.9999660849571228,0, No,7c838909e218a6b0c849a6063387f6f339b0da98e3042ed3cc519233b54e3cd5
amouyal:137,set_44,gp,lingering,prob,upstream_rev_base_prefill,No,5.335094556357944e-06,0.9999675750732422,1, No,409182fd4f819a8653b912dd5724692e3be2de66347f1c287926169ce0a96ed1
amouyal:138,set_44,non_gp,simple,prob,upstream_rev_base_prefill,Yes,0.09692994505167007,0.9995632171630859,0, No,71ddbcac532dd44f1e31c5cc0b253012977dca912f698f621d6539b2d4013a4d
amouyal:139,set_44,non_gp,lingering,prob,upstream_rev_base_prefill,No,0.00011886392894666642,0.9999575614929199,1, No,752897fef2d1d40831c0716ba1d8a72cc2bd5fd62e0dc7cc6397bbb98dafd559
amouyal:140,set_45,gp,simple,prob,upstream_rev_base_prefill,Yes,0.004678000696003437,0.9998804926872253,0, No,7923c55d855c6bc24c2a0e9b5eedfb256bc000baf1670e46c1da80b475833d4e
amouyal:141,set_45,gp,lingering,prob,upstream_rev_base_prefill,No,0.040167149156332016,0.9998282790184021,1, No,f2d96ad6e40a46ddb11bc097ef2527ecacf962fde3a0d2cb0c02a8c0ed05a7a4
amouyal:142,set_45,non_gp,simple,prob,upstream_rev_base_prefill,Yes,0.9961923360824585,0.9994122385978699,1, Yes,fa7de32a7f7f5ffbc7273673dd2aeb7ead79d54c95a360ea9576d69105bfe9f0
amouyal:143,set_45,non_gp,lingering,prob,upstream_rev_base_prefill,No,0.9935919642448425,0.9994062781333923,0, Yes,4362b00c5c1bcef5f9fa38a426d9790b9e8dc3e4771f83b8ede063e2c1442402
amouyal:144,set_hyp5_1,non_gp,simple,reflexive,upstream_rev_base_prefill,Yes,0.9933760762214661,0.9990087151527405,1, Yes,9fd242f27bde118e8e3ff61fec1f6d101c8a69b0305cf2ad921abaae0bcdd694
amouyal:145,set_hyp5_1,non_gp,lingering,reflexive,upstream_rev_base_prefill,No,0.9970901012420654,0.9995827674865723,0, Yes,b51a3c281137270888560ce45452ba908409babbfa6568d15171f422b1615033
amouyal:146,set_hyp5_2,non_gp,simple,reflexive,upstream_rev_base_prefill,Yes,0.9992103576660156,0.9994994401931763,1, Yes,89fdbf65fa194c20c483ef4041ee257b819ee5b1111750e73d7da3ccc0e81471
amouyal:147,set_hyp5_2,non_gp,lingering,reflexive,upstream_rev_base_prefill,No,1.6416443759936783e-09,0.9999892711639404,1, No,00022701e139c6a4cbfa40e1a1b0c1bb21195b66ff1ebe1800d0c060785407c3
amouyal:148,set_hyp5_3,non_gp,simple,reflexive,upstream_rev_base_prefill,Yes,0.9996610283851624,0.9996406435966492,1, Yes,dde78be007afacfbf2ffeddfaf198a496b5bef5b04992d3ba4e7bf73f7088df1
amouyal:149,set_hyp5_3,non_gp,lingering,reflexive,upstream_rev_base_prefill,No,7.82247388997348e-06,0.999981701374054,1, No,a76129a09de15d90831a2bf9dafa053e8e03a6341c7c50cd7b79514a98d081ee
amouyal:150,set_hyp5_4,non_gp,simple,reflexive,upstream_rev_base_prefill,Yes,0.9885349869728088,0.9994567036628723,1, Yes,e54303d423c02b14a4f5ec2cbd6f4cfb60ef2b834436e7419d800d974466fa23
amouyal:151,set_hyp5_4,non_gp,lingering,reflexive,upstream_rev_base_prefill,No,0.03436959534883499,0.9998151659965515,1, No,a7b694f72e3843f70c4c2dc14a733d2b18555b632b71bb8b4546e69bb494faea
amouyal:152,set_hyp5_5,non_gp,simple,reflexive,upstream_rev_base_prefill,Yes,0.9999713897705078,0.9997950196266174,1, Yes,94ea5f8cf04dd332c8ca0ca5ff4ea28ccf7a49360efccd63d1fc6c4ec4a3e71c
amouyal:153,set_hyp5_5,non_gp,lingering,reflexive,upstream_rev_base_prefill,No,0.12011247128248215,0.9995935559272766,1, No,1dc8c9431ffdeae7d87e7f5b5ea580911fd37b9b99c76e74bc130dec959979e2
amouyal:154,set_hyp5_6,non_gp,simple,reflexive,upstream_rev_base_prefill,Yes,0.9990503191947937,0.9996044039726257,1, Yes,e9809387b583ba7ef9eb499efe6875f38a8c166bcd69dd7ea1f1e10c804bbf2b
amouyal:155,set_hyp5_6,non_gp,lingering,reflexive,upstream_rev_base_prefill,No,0.00023349108232650906,0.9999688863754272,1, No,77eb8a7342019fe80fe606685f90f3edc86dca55e76f8cfef809549b898b9511
amouyal:156,set_hyp5_7,non_gp,simple,reflexive,upstream_rev_base_prefill,Yes,0.9991211891174316,0.9997105598449707,1, Yes,dffbd242566f1c6b5eb2f367595c516112ac20e66e917f29776be8397afa4154
amouyal:157,set_hyp5_7,non_gp,lingering,reflexive,upstream_rev_base_prefill,No,0.0008098898688331246,0.9999263286590576,1, No,d4a07657758310d15ac62517fb808b4bae1e306147bab4ee52241abd540468a3
amouyal:158,set_hyp5_8,non_gp,simple,reflexive,upstream_rev_base_prefill,Yes,0.994530439376831,0.9992021918296814,1, Yes,94764e6cec3e90edbd9adc82d3880831e5f1a30f7f32109a9aaa231b56a53b98
amouyal:159,set_hyp5_8,non_gp,lingering,reflexive,upstream_rev_base_prefill,No,4.1686842450872064e-05,0.9999529719352722,1, No,5ebcd26a996cf9de5a0e814bca2156c2c5fb48668f4a4eb9056c71aec316caad
amouyal:160,set_hyp5_9,non_gp,simple,reflexive,upstream_rev_base_prefill,Yes,0.9977803230285645,0.9995485544204712,1, Yes,9492e2189a73918cab8cdd746bc036fda6d0f379786056b528879d3276eb6f7d
amouyal:161,set_hyp5_9,non_gp,lingering,reflexive,upstream_rev_base_prefill,No,0.7437562942504883,0.9986696839332581,0, Yes,c51175f54e238c4c1ca09f4d53b9257b542da8367f85a3874edf34339d4fc23c
amouyal:162,set_hyp5_10,non_gp,simple,reflexive,upstream_rev_base_prefill,Yes,0.9992141723632812,0.9995703101158142,1, Yes,09c87d03b30a1b0e6d42866e0737cecd730a4c71b4571d5465bf72a49334a1fd
amouyal:163,set_hyp5_10,non_gp,lingering,reflexive,upstream_rev_base_prefill,No,0.8634498119354248,0.9994622468948364,0, Yes,4586c5f8478a9f3a130c14b8f4656fc0835090a01ec6ecaa93aef2f24eb8df1c
amouyal:164,set_hyp5_11,non_gp,simple,reflexive,upstream_rev_base_prefill,Yes,0.999721884727478,0.9994745850563049,1, Yes,09d6fccc79a0782beaf3224e488dfc2a2be4c05fdc12656228c115a2643d6c42
amouyal:165,set_hyp5_11,non_gp,lingering,reflexive,upstream_rev_base_prefill,No,8.038540499910596e-08,0.9999830722808838,1, No,dcd98bc6dad5f6aa5cd8435f1ba74da306affb716ea6e6027cccbc8d7496515e
amouyal:166,set_hyp5_12,non_gp,simple,reflexive,upstream_rev_base_prefill,Yes,0.9997156262397766,0.9992427825927734,1, Yes,931f83eee82f79c3b71ca48b370111a583e684d7c8e897c2975e1a0d35fc2daa
amouyal:167,set_hyp5_12,non_gp,lingering,reflexive,upstream_rev_base_prefill,No,0.02228670008480549,0.999882161617279,1, No,c3b89cde4338de2baa380ace8853ce9b628fdf0ac6719d5a36507ae7838f0401
amouyal:168,set_hyp5_13,non_gp,simple,reflexive,upstream_rev_base_prefill,Yes,0.9998222589492798,0.9996112585067749,1, Yes,d8d6e642a2e139b9fb134807f47aad4599bb92e97c4ffffd27c02b75d77ce4ed
amouyal:169,set_hyp5_13,non_gp,lingering,reflexive,upstream_rev_base_prefill,No,0.3404616117477417,0.9988468885421753,1, No,8e91ef46650e55ef0bac9a63d71a3aa5e145ff1fa72463fb94355b9f1e964b5b
amouyal:170,set_hyp5_14,non_gp,simple,reflexive,upstream_rev_base_prefill,Yes,0.8764444589614868,0.9989863634109497,1, Yes,e26d8f5564a34f5f86e482b5c0c398853db4578a0f1c83fd7476523bb71327bf
amouyal:171,set_hyp5_14,non_gp,lingering,reflexive,upstream_rev_base_prefill,No,1.2317932487349026e-05,0.9999539256095886,1, No,ee4205ff57d8d5bc581cbd885e1a2295ddd5f5c318d62ea64ffb9e8f85eecc53
amouyal:172,set_hyp5_15,non_gp,simple,reflexive,upstream_rev_base_prefill,Yes,0.9999828338623047,0.9996494650840759,1, Yes,fb3cc080c99b0a973299b23456bc0d7fb2864d67b3acd069208b188781dd48a8
amouyal:173,set_hyp5_15,non_gp,lingering,reflexive,upstream_rev_base_prefill,No,0.09762612730264664,0.9997051954269409,1, No,4e2eae7211ee41336fa9263fc16e42aa47f9e466e18565e4fa53981cdfca6807
amouyal:174,set_hyp5_16,non_gp,simple,reflexive,upstream_rev_base_prefill,Yes,0.9997479319572449,0.9997542500495911,1, Yes,b5760ddca9a1f01677b85df84725fadb3940b2a03a4f486a4fc90d1f1952b67c
amouyal:175,set_hyp5_16,non_gp,lingering,reflexive,upstream_rev_base_prefill,No,0.18471431732177734,0.9991275668144226,1, No,7bdfbbeae6130f5a05062df4e202c6151a5acba4496d29e63b9c9edf0bd8ad61
amouyal:176,set_hyp5_17,non_gp,simple,reflexive,upstream_rev_base_prefill,Yes,0.9997748136520386,0.999449610710144,1, Yes,0b2758f5af7877a99229b0a899fe3cbd90a5d8f1efe9d93a5be79988fffaba50
amouyal:177,set_hyp5_17,non_gp,lingering,reflexive,upstream_rev_base_prefill,No,6.190855970089615e-07,0.9999470710754395,1, No,a2e44dd6109107a9916ed250c4ba04e523d9df1de93a316eea84d21e66171e02
amouyal:178,set_hyp5_18,non_gp,simple,reflexive,upstream_rev_base_prefill,Yes,4.1490704205671136e-08,0.9999464154243469,0, No,61055b40ee673ff6ad28adae9812424b9cbf41790412acfa94cf8464bcfc1cf6
amouyal:179,set_hyp5_18,non_gp,lingering,reflexive,upstream_rev_base_prefill,No,0.9461117386817932,0.9991351366043091,0, Yes,de776cf98db67680992b2494cf00ca36f4d86c2020bb77a29855a4eef4176eed
amouyal:180,set_hyp5_19,non_gp,simple,reflexive,upstream_rev_base_prefill,Yes,0.9997333288192749,0.9991575479507446,1, Yes,f7cceb3d7e36d4442d9d0406ee0650a7f1c92b8f593fe6fa3db0b986fe9c233c
amouyal:181,set_hyp5_19,non_gp,lingering,reflexive,upstream_rev_base_prefill,No,0.19979549944400787,0.9994682669639587,1, No,257331f7fec2a06b8d7005d2f992643a1a83b8c1faceb6d098c8823f2eea6709
amouyal:182,set_hyp5_20,non_gp,simple,reflexive,upstream_rev_base_prefill,Yes,0.33148160576820374,0.9992349743843079,0, No,76af5329bf0ee981b1653bf6845b6d7e2661f0b6b93ed4f025c91f708a8035ea
amouyal:183,set_hyp5_20,non_gp,lingering,reflexive,upstream_rev_base_prefill,No,0.0003609752166084945,0.9999196529388428,1, No,6bce8c757119628afb53c7ab3d78265b6dda32db1e1129139f82537f4f506bcd
amouyal:184,set_hyp5_21,non_gp,simple,reflexive,upstream_rev_base_prefill,Yes,0.9381416440010071,0.9985360503196716,1, Yes,faddfa05c23318b31f3bc07965c176823b0211900a671a7a0211ec639d046e59
amouyal:185,set_hyp5_21,non_gp,lingering,reflexive,upstream_rev_base_prefill,No,0.894508957862854,0.9994539618492126,0, Yes,de9e948632c54ae846930d800c34db94c326a1fd629162f1cba7e4ce7f5173e8
amouyal:186,set_hyp5_22,non_gp,simple,reflexive,upstream_rev_base_prefill,Yes,0.9990149736404419,0.9995228052139282,1, Yes,4a1da00ccf75e737ecb122d3632e1e285bf03a8ea456746e711c7d31b3e0bd43
amouyal:187,set_hyp5_22,non_gp,lingering,reflexive,upstream_rev_base_prefill,No,5.450173148346948e-07,0.9999489784240723,1, No,b211294ffa870595419e6400ebd43e46afda6fa3ef40b6a34af02181ec9a0709
amouyal:188,set_hyp5_23,non_gp,simple,reflexive,upstream_rev_base_prefill,Yes,0.9999859929084778,0.9996176958084106,1, Yes,79faaa9057bdc3c79e1a81ee095a01b37eb2a8e3727107a2e9c44d2f0a4f8ed2
amouyal:189,set_hyp5_23,non_gp,lingering,reflexive,upstream_rev_base_prefill,No,0.0033988652285188437,0.9999643564224243,1, No,94fb9b1b016e8958ebfc010bb164316e39dfe21a6437e6e7b0277946c4ff9090
amouyal:190,set_hyp5_24,non_gp,simple,reflexive,upstream_rev_base_prefill,Yes,0.9999759197235107,0.9998130202293396,1, Yes,4127328f2b846db619d917954a398556756fa3be09924fab494b83ef389c284f
amouyal:191,set_hyp5_24,non_gp,lingering,reflexive,upstream_rev_base_prefill,No,0.565819501876831,0.9992955923080444,0, Yes,d01c3e9084d63a2be427ec0ec535afa09c9dda19b4006c9b575127e7a0ccef35
amouyal:192,set_hyp5_1,gp,simple,reflexive,upstream_rev_base_prefill,Yes,0.4534360468387604,0.9993676543235779,0, No,ca6f41086b5ba29a46c5e464a8b5aa8724731bd9762e01b3eb86c2196fb22e5c
amouyal:193,set_hyp5_1,gp,lingering,reflexive,upstream_rev_base_prefill,No,0.0012230528518557549,0.9999722242355347,1, No,73bcbd2d1ee40437355e4ac3b173ecc6bdba78291def10fb97c68a07e2e4c6f7
amouyal:194,set_hyp5_2,gp,simple,reflexive,upstream_rev_base_prefill,Yes,0.8284545540809631,0.9993688464164734,1, Yes,45541b8eba23acc36aac4be2c1c22438c0908976dcffb56b7f56be8ca636a1fa
amouyal:195,set_hyp5_2,gp,lingering,reflexive,upstream_rev_base_prefill,No,4.860954732066602e-07,0.9999873042106628,1, No,2fcd85b03b2dfc1321f29c0ec130e1bca8480b06a64032678f5e78e069481873
amouyal:196,set_hyp5_3,gp,simple,reflexive,upstream_rev_base_prefill,Yes,0.01514460053294897,0.99988853931427,0, No,9e35bc7a1b9f4d9a55a2178625fe85405d5951d63a473b84472dcd7b9508deca
amouyal:197,set_hyp5_3,gp,lingering,reflexive,upstream_rev_base_prefill,No,0.007522341795265675,0.9999290108680725,1, No,216d714f39516d09316c6333367170151c0c2113e407e6866f9757da4eaa0039
amouyal:198,set_hyp5_4,gp,simple,reflexive,upstream_rev_base_prefill,Yes,0.06647931784391403,0.9998367428779602,0, No,709ec6e09ed88c380b04f7a64bc8ad4bd13689a05617da8db71f82f266c6b4f9
amouyal:199,set_hyp5_4,gp,lingering,reflexive,upstream_rev_base_prefill,No,0.010440643876791,0.9999374151229858,1, No,c08edb7fb5e76a8e17c7b90d815903f5746cbee59c98406f413bce10515511e4
amouyal:200,set_hyp5_5,gp,simple,reflexive,upstream_rev_base_prefill,Yes,0.5769747495651245,0.999640941619873,1, Yes,c42034979d991e4d16913dc4ae1d7422804873aa1105decabd41b9286ee457b0
amouyal:201,set_hyp5_5,gp,lingering,reflexive,upstream_rev_base_prefill,No,0.00019198330119252205,0.9999681115150452,1, No,840985cb7c3bc7a9f739280f9282057c2c7178c0e11cf0ef20a43febac4eb5b9
amouyal:202,set_hyp5_6,gp,simple,reflexive,upstream_rev_base_prefill,Yes,0.9603444933891296,0.9995091557502747,1, Yes,6365a4dc46dc750a1118eee60099299109ac1180976a6a345be501ec124846ca
amouyal:203,set_hyp5_6,gp,lingering,reflexive,upstream_rev_base_prefill,No,0.9554538726806641,0.9991710782051086,0, Yes,599f612b693b40f72eb5159459750bda1c5a361dad49391eb0c7f04a7f78832d
amouyal:204,set_hyp5_7,gp,simple,reflexive,upstream_rev_base_prefill,Yes,0.15099480748176575,0.9995130896568298,0, No,c60b9e3e02cac4da997bcb0985df04535ca8eaa5e5b38ded5f88a582a4822ea0
amouyal:205,set_hyp5_7,gp,lingering,reflexive,upstream_rev_base_prefill,No,0.006287438794970512,0.9999294877052307,1, No,40e4b93486b85fba996b5686722bea5f5e1e8b300308838b951583f880d09b5d
amouyal:206,set_hyp5_8,gp,simple,reflexive,upstream_rev_base_prefill,Yes,0.9477744102478027,0.999273955821991,1, Yes,7c3fee9a616c2c3bd2192ce4ceac42e52a97834cebc9ac38b66996c21a5283d9
amouyal:207,set_hyp5_8,gp,lingering,reflexive,upstream_rev_base_prefill,No,0.0005348579143173993,0.9999226331710815,1, No,4cede8e0a836480a696c2ff84a6b5f1864cda38cc2d3e57528e0f164f1bb21f1
amouyal:208,set_hyp5_9,gp,simple,reflexive,upstream_rev_base_prefill,Yes,0.9405487179756165,0.9994102120399475,1, Yes,794a20e93de3cd5d3ec54cb7c99b0bb2e103e4109499f53b82596cf0a3ac85bf
amouyal:209,set_hyp5_9,gp,lingering,reflexive,upstream_rev_base_prefill,No,0.9727833867073059,0.9992764592170715,0, Yes,e33a2ecf01290f66fdd5f0a41e995170ac5d99637360ee6e66bf4cb598be2e22
amouyal:210,set_hyp5_10,gp,simple,reflexive,upstream_rev_base_prefill,Yes,0.917311429977417,0.9994370341300964,1, Yes,cc13e5fcbab98424e7ac894a3658b57b833a4ae7575f82849dbdc32f48036b5e
amouyal:211,set_hyp5_10,gp,lingering,reflexive,upstream_rev_base_prefill,No,0.004166222643107176,0.9999384880065918,1, No,26dc16386227e7d9dbcdd13a71c083a1684e16da6e9fb63e262441c1f814cbd1
amouyal:212,set_hyp5_11,gp,simple,reflexive,upstream_rev_base_prefill,Yes,0.04914446920156479,0.9996939897537231,0, No,3dc06f58868c2de9492d87b6bea8564221b99b3a47ad352ef65fb6ac28f45168
amouyal:213,set_hyp5_11,gp,lingering,reflexive,upstream_rev_base_prefill,No,0.0032162019051611423,0.999908447265625,1, No,38095e4eb6133ec902be9350e844a65cd07fb8b844538fc7eefca876b95cabd7
amouyal:214,set_hyp5_12,gp,simple,reflexive,upstream_rev_base_prefill,Yes,0.976259171962738,0.9994091391563416,1, Yes,39fbf712c10698670edab433e32cabcf04650861a8da9782b6657e494f0ba6c6
amouyal:215,set_hyp5_12,gp,lingering,reflexive,upstream_rev_base_prefill,No,0.010828857310116291,0.9998828172683716,1, No,cb22ec72ef74d318bae3fde2b470c64f199c1534c0dab3cd90d2b546a11e6c51
amouyal:216,set_hyp5_13,gp,simple,reflexive,upstream_rev_base_prefill,Yes,2.8165095500298776e-05,0.9997515082359314,0, No,72a20cf0d577a1384f707f952d7c3edc2c0661da2535f46c372ae77d669f0f5e
amouyal:217,set_hyp5_13,gp,lingering,reflexive,upstream_rev_base_prefill,No,3.3154883567476645e-05,0.999944806098938,1, No,593d621b5571b66e8e967374be297726c14a848e792a37a556a375e1e88a2678
amouyal:218,set_hyp5_14,gp,simple,reflexive,upstream_rev_base_prefill,Yes,0.018972784280776978,0.9998979568481445,0, No,e699e88ce8983aac287d474c7ba2b3b05e0353d29e846f0111bec741f10a7803
amouyal:219,set_hyp5_14,gp,lingering,reflexive,upstream_rev_base_prefill,No,1.7411852240911685e-05,0.999930739402771,1, No,c9a7ecd97aaa7a6c66065a58b72e3e11218aebe84c39c6eb835d5cf342cd2c6f
amouyal:220,set_hyp5_15,gp,simple,reflexive,upstream_rev_base_prefill,Yes,0.002072135219350457,0.9999452233314514,0, No,d62fb52a3d98d77333353847ab4292a2c35529925af995aef9bd1f06082009fe
amouyal:221,set_hyp5_15,gp,lingering,reflexive,upstream_rev_base_prefill,No,0.02777252346277237,0.9999023675918579,1, No,afeecb1a15c30976d7d3467d817958e098e93965d1d88e826688e01921676ae7
amouyal:222,set_hyp5_16,gp,simple,reflexive,upstream_rev_base_prefill,Yes,0.05280045419931412,0.9997624158859253,0, No,fcd39af4a8ad11666577f987c1091567cb42aff3951bfa5e888af49369feb41a
amouyal:223,set_hyp5_16,gp,lingering,reflexive,upstream_rev_base_prefill,No,0.005833029747009277,0.9998469352722168,1, No,cbdfd128ac7b09bc052ea768687f32675fb16a757e00a01f6bbcf28b3046db7d
amouyal:224,set_hyp5_17,gp,simple,reflexive,upstream_rev_base_prefill,Yes,0.9963246583938599,0.9995918273925781,1, Yes,40ef3307ddff108c06351198139df606446e675a837100ebcf15018c0005c48a
amouyal:225,set_hyp5_17,gp,lingering,reflexive,upstream_rev_base_prefill,No,9.871687467466472e-09,0.9999516010284424,1, No,45a3d00f8a5ba1faf6ae9a6ae0d1b15f2bc26340afb8d99b15b28b9a5b6d697e
amouyal:226,set_hyp5_18,gp,simple,reflexive,upstream_rev_base_prefill,Yes,1.5654077856197546e-07,0.9999768137931824,0, No,849f0026d89b4563aa78008ab6fb22bc2ce108753f3503aae01c1ce0597deac6
amouyal:227,set_hyp5_18,gp,lingering,reflexive,upstream_rev_base_prefill,No,0.0900387316942215,0.999470591545105,1, No,16f5811c70c18521085ad3bb90281788875dc2c4ac7b0a01a5cdc54e4338797f
amouyal:228,set_hyp5_19,gp,simple,reflexive,upstream_rev_base_prefill,Yes,0.9424269199371338,0.9993511438369751,1, Yes,d1c850372bb91f71cee0b6aac6c0613f31597919bb5d75ba1f52004189e26b11
amouyal:229,set_hyp5_19,gp,lingering,reflexive,upstream_rev_base_prefill,No,0.0330214649438858,0.9998621344566345,1, No,5b5942c4f4d790e2be1bcae5df16353098fdf8fe5993c3a709a82f3f17e7a6f9
amouyal:230,set_hyp5_20,gp,simple,reflexive,upstream_rev_base_prefill,Yes,0.3586716651916504,0.9994680285453796,0, No,fed1b25343c3acb46e41625d42435a595c239e174c0a978012a1d7ec444b2e3f
amouyal:231,set_hyp5_20,gp,lingering,reflexive,upstream_rev_base_prefill,No,3.912202373612672e-06,0.9999656081199646,1, No,896f89e9b4e5e74afc427ad64c6c2b6670c576751ec1fc302097f60791ce1d72
amouyal:232,set_hyp5_21,gp,simple,reflexive,upstream_rev_base_prefill,Yes,0.6406459808349609,0.999071478843689,1, Yes,d92cc1320d5011bfab55e8c905f007ef9f4e51427f716359c2f8ea3b67325797
amouyal:233,set_hyp5_21,gp,lingering,reflexive,upstream_rev_base_prefill,No,0.0002266549417981878,0.9999641180038452,1, No,9612ae0da3f0bdb47319cb75195295b06d8b79e81b4e278e6600a8da2c4afd7f
amouyal:234,set_hyp5_22,gp,simple,reflexive,upstream_rev_base_prefill,Yes,0.035611554980278015,0.999430239200592,0, No,642ec90a514f077d186fa39831b031a6676e8eadb5896496c3b9ba9a1be84f57
amouyal:235,set_hyp5_22,gp,lingering,reflexive,upstream_rev_base_prefill,No,4.187296326563228e-06,0.9999285936355591,1, No,fa160b415f8b499a4dcbd6b99db7ce54262e2a971f4c785fcd957c431795781d
amouyal:236,set_hyp5_23,gp,simple,reflexive,upstream_rev_base_prefill,Yes,0.8884883522987366,0.9993242025375366,1, Yes,899f3988cc9ceb206dafcad85dc2c2d2b6361734851ad54e6f831724d2674643
amouyal:237,set_hyp5_23,gp,lingering,reflexive,upstream_rev_base_prefill,No,4.643808279070072e-05,0.9999745488166809,1, No,6bd0ec0e4fcf84707216aa97638e1a5175d2b73cb0ffbdced0b0dd8b37cda3c5
amouyal:238,set_hyp5_24,gp,simple,reflexive,upstream_rev_base_prefill,Yes,0.9923142194747925,0.9993850588798523,1, Yes,5b716cfa7af803c95cd47ea95d707799f995514b4345e195cea1a0eeea0d560a
amouyal:239,set_hyp5_24,gp,lingering,reflexive,upstream_rev_base_prefill,No,0.017995383590459824,0.9997389912605286,1, No,14e61c7bf9b8d2a29514a0c317b4d69071c71c154331f9f1f64cf78f6845dcaf
amouyal:240,set_1,gp,simple,prob,upstream_rev_base_prefill,Yes,0.44737035036087036,0.9995681047439575,0, No,2489145bc2514997ffe76be035c64fee85e49142ef294c7b365a8f205592479c
amouyal:241,set_1,gp,lingering,prob,upstream_rev_base_prefill,No,0.000517910229973495,0.9999719262123108,1, No,def09bbcf2213f98c449542d8506fd0e0f60f75faa069624d1fade62a95ff41f
amouyal:242,set_1,non_gp,simple,prob,upstream_rev_base_prefill,Yes,0.9944849014282227,0.99953293800354,1, Yes,d108816da291f79e105fb5525c823b52fbad87b093d4c82a7a5fdc7e06bee90a
amouyal:243,set_1,non_gp,lingering,prob,upstream_rev_base_prefill,No,0.3729124665260315,0.999480128288269,1, No,e8023230ac0ee1c5a015a7499d30c270090a50a234989a816fa21665aa1b15dc
amouyal:244,set_2,gp,simple,prob,upstream_rev_base_prefill,Yes,0.9979426860809326,0.99968022108078,1, Yes,361f38783412b2cf751caccf17865fd330b88797e0e0a24acfc24da9a324e753
amouyal:245,set_2,gp,lingering,prob,upstream_rev_base_prefill,No,0.9586145281791687,0.9995293021202087,0, Yes,196b14d004167dbec5c3d5c9f08edacf120b0237d6695c6f3a7ac3c37630aef2
amouyal:246,set_2,non_gp,simple,prob,upstream_rev_base_prefill,Yes,0.9997504949569702,0.9996820688247681,1, Yes,cc560e4964f17dd5a36042f41b57d217a8f9ecab4b6b47ee3d0b6a01694b46f3
amouyal:247,set_2,non_gp,lingering,prob,upstream_rev_base_prefill,No,0.9482645392417908,0.9994105100631714,0, Yes,7d7eb33fe3da18954cafea783858aacbe2145ebe3bf20fe0082b5db6ffd6563b
amouyal:248,set_3,gp,simple,prob,upstream_rev_base_prefill,Yes,0.030011611059308052,0.9998217225074768,0, No,69b8be70d67c084f1a6e714edcf4b23a2a69fd83ec2ab3382b39552cf7e6c466
amouyal:249,set_3,gp,lingering,prob,upstream_rev_base_prefill,No,0.0007352979155257344,0.9999613761901855,1, No,1ee388c09cf52f86b292862b3998ba11c872712e96d9b4bfd0a5bad5d606d855
amouyal:250,set_3,non_gp,simple,prob,upstream_rev_base_prefill,Yes,0.9763611555099487,0.9993311762809753,1, Yes,8a876dde25924864f706273f51c6fb41f86b5dacca9ce181eba7520d973f5610
amouyal:251,set_3,non_gp,lingering,prob,upstream_rev_base_prefill,No,6.254317850107327e-05,0.9999743103981018,1, No,4a3fb36e0ed7f41c6d31e74b4cc48684e4f0a65b077d19eb5c6677639d49bbf9
amouyal:252,set_4,gp,simple,prob,upstream_rev_base_prefill,Yes,0.3456685245037079,0.9992393255233765,0, No,b0085c6f9901a1e507b22b69d18999a03e58fa94e7172de1850126e1dae6119b
amouyal:253,set_4,gp,lingering,prob,upstream_rev_base_prefill,No,0.005529764108359814,0.9998879432678223,1, No,dc1c1f3c4206a748b94112086ec1d75bc01f9b18ff01e4b96a2b269f42c559de
amouyal:254,set_4,non_gp,simple,prob,upstream_rev_base_prefill,Yes,0.9604407548904419,0.9995819926261902,1, Yes,75813b53df97a0349cdc71b23d039bf0f1c891d63ddec050623b920002fa6ad3
amouyal:255,set_4,non_gp,lingering,prob,upstream_rev_base_prefill,No,0.00733379740267992,0.9998267292976379,1, No,d9270701a0e2d0a4f8920c1da8d9ab6f8335295054aed22c55e40cfd9557fdd3
amouyal:256,set_5,gp,simple,prob,upstream_rev_base_prefill,Yes,0.029962724074721336,0.9999334216117859,0, No,de3a9c3bab7b52a5469c6c4eb83e666801f6375413b12611ee9dfb87d1c86de0
amouyal:257,set_5,gp,lingering,prob,upstream_rev_base_prefill,No,6.482183607658953e-07,0.9999889731407166,1, No,7d9b7f7bb10be8314d9b102cae08f154f2be946c85d0cf6df812deb57e7ce278
amouyal:258,set_5,non_gp,simple,prob,upstream_rev_base_prefill,Yes,0.9785943627357483,0.9997183084487915,1, Yes,95f70a3b5f150bc304ab6bca35a4dd24304e52d7255fe1514453947807dc91ea
amouyal:259,set_5,non_gp,lingering,prob,upstream_rev_base_prefill,No,0.0014392371522262692,0.9999642372131348,1, No,3cd381f6d93fa417fe983de989d503a6d741b683e866c14c41116f8fdf33acb9
amouyal:260,set_6,gp,simple,prob,upstream_rev_base_prefill,Yes,0.024405671283602715,0.9997944235801697,0, No,024a970c408ac0db96f104f5fd27653f15903f63fac41861b2cc99a4133080b1
amouyal:261,set_6,gp,lingering,prob,upstream_rev_base_prefill,No,0.00032065025880001485,0.9999648332595825,1, No,6b10d6715c4a3d0e55350cd630e4dd899c6affa98eba337df97104cb99153943
amouyal:262,set_6,non_gp,simple,prob,upstream_rev_base_prefill,Yes,0.9997719526290894,0.9996452927589417,1, Yes,f8d055294258a82b2df4648f7097d564d43596ebeb9267c27c058506386a12e1
amouyal:263,set_6,non_gp,lingering,prob,upstream_rev_base_prefill,No,0.9775488972663879,0.9990050792694092,0, Yes,ca1d312c14447bab7c69310882fe1fba20a0c892c7b42be2bead240e7eec70c2
amouyal:264,set_7,gp,simple,prob,upstream_rev_base_prefill,Yes,0.007227471098303795,0.9997650980949402,0, No,bd084ccf161aeb069514bb4db65b62273e5296fdd44156bc83e17c2da93d50a5
amouyal:265,set_7,gp,lingering,prob,upstream_rev_base_prefill,No,0.001771248527802527,0.999921441078186,1, No,42c32bc8f0eab195675f7df706731d714342d5fd9f05ccc1201f3e8d62bef267
amouyal:266,set_7,non_gp,simple,prob,upstream_rev_base_prefill,Yes,0.9897522330284119,0.9994972348213196,1, Yes,914ebe8349b3a9b871caaf628dde51f774575a3488ed5daf55593ae67006798b
amouyal:267,set_7,non_gp,lingering,prob,upstream_rev_base_prefill,No,0.3808554708957672,0.9992464780807495,1, No,ebbd5d6938c1f364eaa5c61d6318e529f0fb5ae323b185c08489922740d029dc
amouyal:268,set_8,gp,simple,prob,upstream_rev_base_prefill,Yes,0.4528314471244812,0.9992276430130005,0, No,6da7bfebf381d16edaeddf352eb2bc3326c926483139d7239594f1ab6b34edff
amouyal:269,set_8,gp,lingering,prob,upstream_rev_base_prefill,No,6.3486018916592e-05,0.999981164932251,1, No,3a49bd9b414462a0983c084426a78a1b134b42de5788fa58f772ad9029875feb
amouyal:270,set_8,non_gp,simple,prob,upstream_rev_base_prefill,Yes,0.9999521970748901,0.9995695352554321,1, Yes,dec6c79a70fb67e5bf5a0b9ec4db72cd5633d3598cbb6b200fae1e85193da658
amouyal:271,set_8,non_gp,lingering,prob,upstream_rev_base_prefill,No,0.005227748304605484,0.9998927116394043,1, No,16218f4c84d70962ef1bfb482d32f375eb1ffd62062452b128b541c661fa2c51
amouyal:272,set_9,gp,simple,prob,upstream_rev_base_prefill,Yes,0.022675126791000366,0.9999152421951294,0, No,00f49fc3d4f6371d7065d9859d985700c167888329b3fcaafffa4d15da1d5b71
amouyal:273,set_9,gp,lingering,prob,upstream_rev_base_prefill,No,0.0019463947974145412,0.9999473094940186,1, No,08b44f92c964bb0aed8365b873710f2b54b70cb92f551f0d616b2f546bb9ecc1
amouyal:274,set_9,non_gp,simple,prob,upstream_rev_base_prefill,Yes,0.9635624289512634,0.99920654296875,1, Yes,2cdd621b896706c7a8abbf014443db53383db07064cf0e2409e01e9ee52fdc7b
amouyal:275,set_9,non_gp,lingering,prob,upstream_rev_base_prefill,No,0.07073661684989929,0.9995146989822388,1, No,83fa00ea9d2c809e969aaa81822b4f0909ded0f1aa756e669e09ef3413567592
amouyal:0,set_10,gp,simple,prob,upstream_rev_repair_native,Yes,0.002156405709683895,0.45661887526512146,0,My,794cadf56eb115c252d50297b4f5eeb7134166d3a2fe3f02a4d03a2a8cb60b9c
amouyal:1,set_10,gp,lingering,prob,upstream_rev_repair_native,No,0.007477669045329094,0.00982839148491621,1,My,f791d803e22dea9e1da7b303561c6caebfcbe6308fcb3c063e20d3da2b502df5
amouyal:2,set_10,non_gp,simple,prob,upstream_rev_repair_native,Yes,0.4920165240764618,0.00956995040178299,0,My,c4fc932d1f4e3b97d523bfef9e64c256d70b7d172ffd150d1cba51eabc22a4c6
amouyal:3,set_10,non_gp,lingering,prob,upstream_rev_repair_native,No,1.5900825019343756e-05,0.034320168197155,1,My,a7db3af8be30a37f926b39c9fe9de14b6c4c1db7e196eb9bf36b597e9e2927ae
amouyal:4,set_11,gp,simple,prob,upstream_rev_repair_native,Yes,0.8769986033439636,0.19693510234355927,1,My,ad4d4ea83019e57c273f7805c019d938a7092e95e70de06669954b1e86096ddb
amouyal:5,set_11,gp,lingering,prob,upstream_rev_repair_native,No,0.9975416660308838,0.07838040590286255,0,My,4933ea64cbd8dd5ec80a877f87ab46f9f10ea6fb2a893e1d6875a63e2c0a4b6c
amouyal:6,set_11,non_gp,simple,prob,upstream_rev_repair_native,Yes,0.9999999403953552,0.9855403900146484,1,Yes,3ba418dffd3488c1927fe33b014f0f834fea7e53faebab4e47c9b5c138df377e
amouyal:7,set_11,non_gp,lingering,prob,upstream_rev_repair_native,No,0.999114990234375,0.13944827020168304,0,My,886131590f17af0cd3291a05a4d633ea18b77f4d4e8b5449d1baf17608684036
amouyal:8,set_12,gp,simple,prob,upstream_rev_repair_native,Yes,7.271843787748367e-05,0.20299087464809418,0,My,7bf11596a77c310f0d8da7682116fd3cea956c063d553fb3df9e9cb6fa4a4079
amouyal:9,set_12,gp,lingering,prob,upstream_rev_repair_native,No,0.056878115981817245,0.014761519618332386,1,My,bca5ea2ed901f9ec72cb61f09c7a313b87008e27b0bf621c6b38efec0fe50798
amouyal:10,set_12,non_gp,simple,prob,upstream_rev_repair_native,Yes,1.0,0.9971306920051575,1,Yes,72158d9303d41095f5f6601972bc6dff240584598f62a4c49f5a0e01f8f0cf80
amouyal:11,set_12,non_gp,lingering,prob,upstream_rev_repair_native,No,1.0,0.8780856728553772,0,Yes,9920ccddebbc898bf595644ed3837d1649459f082d9a34e7b6373f66da0af5ac
amouyal:12,set_13,gp,simple,prob,upstream_rev_repair_native,Yes,0.0022159162908792496,0.07063443213701248,0,My,745f1fc36672c878d9569c008af1c436e792a0711fc40a3f56b29fa1393a2926
amouyal:13,set_13,gp,lingering,prob,upstream_rev_repair_native,No,8.24259186629206e-05,0.034431204199790955,1,My,317af82eb8bf21e2779db538aaff5da68a28228435c140ac41c02a9011ed9dcb
amouyal:14,set_13,non_gp,simple,prob,upstream_rev_repair_native,Yes,0.9999968409538269,0.811887800693512,1,Yes,4ccb4dd00399f34074e12f4a67c6ebc81a0ac4f5b27d559c11e64e29ad59f343
amouyal:15,set_13,non_gp,lingering,prob,upstream_rev_repair_native,No,0.002072128001600504,0.04765498638153076,1,My,7691c5163e8a1d3167f989a5e859d00ad5c7f3784817d0a4463a3325dc5ffeb1
amouyal:16,set_14,gp,simple,prob,upstream_rev_repair_native,Yes,1.753450123942457e-05,0.4483824074268341,0,My,77274d523dd3af87496f489da307d385700504d13a96014cb2944400927f5609
amouyal:17,set_14,gp,lingering,prob,upstream_rev_repair_native,No,0.0001282844750676304,0.2697642743587494,1,My,d87eeca5f927cfa87af968407c18843b666e26fbbf0d8ad1587cc39e07cb5e69
amouyal:18,set_14,non_gp,simple,prob,upstream_rev_repair_native,Yes,0.0016999196959659457,0.0631621703505516,0,My,bbc20789de80ab2d112464fb28e998ccc25770ccc50f426dc2386eda89114617
amouyal:19,set_14,non_gp,lingering,prob,upstream_rev_repair_native,No,1.1470389154055738e-06,0.123426154255867,1,My,d406a563b8db5ee269cb06970dd2e4f6617dbe85c3bffc4af10d8e2127b6ab5c
amouyal:20,set_15,gp,simple,prob,upstream_rev_repair_native,Yes,0.9999377131462097,0.6803411841392517,1,Yes,cf3795413e850d702935d63579f15471f603f8583ec4308f8b4c45be3e78f306
amouyal:21,set_15,gp,lingering,prob,upstream_rev_repair_native,No,0.9998276829719543,0.1323138326406479,0,My,c7ec1d7a2d0573720dfc867b43b65f5a2886a77e0f6c38d208f4ca1ef269f9b5
amouyal:22,set_15,non_gp,simple,prob,upstream_rev_repair_native,Yes,1.0,0.9992535710334778,1,Yes,b4f98f9a53ff76ad20be95e2ce20d3451b8a9f44ee25b6c10c28ad15b2c489d1
amouyal:23,set_15,non_gp,lingering,prob,upstream_rev_repair_native,No,0.9999514818191528,0.1541583091020584,0,My,27bda5da793667c01940b0e8aff9e0efe25f07e865f43692d440fa85e5db8bda
amouyal:24,set_16,gp,simple,prob,upstream_rev_repair_native,Yes,0.0033481954596936703,0.16724219918251038,0,My,7a24b94d714e449ef702f127de4ab05e7631511af0868bba569da35c4310bfe8
amouyal:25,set_16,gp,lingering,prob,upstream_rev_repair_native,No,0.006689896807074547,0.034629207104444504,1,My,b54173d43fb7aa500b76055708737b0044e42b8fe566ba1dcb7aab9be27535c9
amouyal:26,set_16,non_gp,simple,prob,upstream_rev_repair_native,Yes,1.0,0.9996383190155029,1,Yes,e8414a4169c6be4a9742bebb664e3f1ee60392b1d3e0ac7e176521b4626206eb
amouyal:27,set_16,non_gp,lingering,prob,upstream_rev_repair_native,No,0.9999954104423523,0.8683615326881409,0,Yes,d744cc52d489a99670cd4dfd0f826eec68104ff463291a88cbb47e555b6556b1
amouyal:28,set_17,gp,simple,prob,upstream_rev_repair_native,Yes,0.09645949304103851,0.010064758360385895,0,My,c8f337ca1bd20fc2fea755d747db43f6ecd43957a2998477e63d8e7de3adc314
amouyal:29,set_17,gp,lingering,prob,upstream_rev_repair_native,No,0.08887093514204025,0.05058523267507553,1,My,713a780c90dbcf1557623908c1dede9417a57db32ba71c9c1c4f1316676e3fe3
amouyal:30,set_17,non_gp,simple,prob,upstream_rev_repair_native,Yes,1.0,0.997647225856781,1,Yes,d10ccfa11881c86d0d770713fe053e8533ce391eb693aa3b628acb5503413a39
amouyal:31,set_17,non_gp,lingering,prob,upstream_rev_repair_native,No,1.7671183059064788e-06,0.8757487535476685,1,No,2784126eaf0f4146a5a75b53e66c267ac11b9d7580218a0dabf3cc0c6ebe8734
amouyal:32,set_18,gp,simple,prob,upstream_rev_repair_native,Yes,0.007194244768470526,0.08880769461393356,0,My,b25088fcaeebdf82c5c8e8ca432c50917ac70de6cc1d37335faa57ad4de359bf
amouyal:33,set_18,gp,lingering,prob,upstream_rev_repair_native,No,0.0003670472651720047,0.08695834875106812,1,My,eb136dc0e8882418a662b0da446d7351831bff47025b5844e12a0ec2523b0ad4
amouyal:34,set_18,non_gp,simple,prob,upstream_rev_repair_native,Yes,0.9999970197677612,0.746284008026123,1,Yes,c6dcc2695f08dea0cc06d2ae2de3f5127a4ce7748f278a2f3004870da4ba71c6
amouyal:35,set_18,non_gp,lingering,prob,upstream_rev_repair_native,No,0.9893512725830078,0.029126984998583794,0,My,87e8de5073eb5cbe5643c3f7527433945984ff01abe172b74fcbdda8bec9e792
amouyal:36,set_19,gp,simple,prob,upstream_rev_repair_native,Yes,0.9999642372131348,0.3572234511375427,1,My,76983946b9ed96e73addc6e0ee2bd865c8dec362410cd504a1546ea0d3559136
amouyal:37,set_19,gp,lingering,prob,upstream_rev_repair_native,No,0.07594942301511765,0.01518801786005497,1,My,f01713fb440e55e670820a7161ca9f9e6e86374a989b85fa5a6cf9eea71a3b00
amouyal:38,set_19,non_gp,simple,prob,upstream_rev_repair_native,Yes,1.0,0.9833779335021973,1,Yes,efd368e40fda65a2e771635d183a1d21a1a5c925c0f0aa373a939418247a3d1f
amouyal:39,set_19,non_gp,lingering,prob,upstream_rev_repair_native,No,1.0,0.9907145500183105,0,Yes,d6b9325d1d4b10b67fda9f60b1e949844a8356df2bfe55e17b574e75c4e48ab3
amouyal:40,set_20,gp,simple,prob,upstream_rev_repair_native,Yes,0.005791698582470417,0.03438221290707588,0,My,2463340f428e9aaff2e3e5a83c29659d892e8c25db91bc75893d569513249b82
amouyal:41,set_20,gp,lingering,prob,upstream_rev_repair_native,No,0.0030421591363847256,0.0014243642799556255,1,My,58c517eecf53e03dde1fb6e02a881ce346856b11302526a196f928f9ed3adec9
amouyal:42,set_20,non_gp,simple,prob,upstream_rev_repair_native,Yes,0.9999992847442627,0.733227014541626,1,Yes,25d175772035179f88805c0279f4edcbf99d16ac3f8f4b20db599e1c887e9d18
amouyal:43,set_20,non_gp,lingering,prob,upstream_rev_repair_native,No,0.00043086009100079536,0.001626239507459104,1,My,8e069b3451ef626dc08adf9cf61e96928d762e56ce371c7bb4bfeefbe1343265
amouyal:44,set_21,gp,simple,prob,upstream_rev_repair_native,Yes,0.0008289254037663341,0.05578945204615593,0,My,803b15c4c8b2c2c40eebf5e4dfac9c4bd9d6bcbd8a0e3c46f4851a484fbcfb05
amouyal:45,set_21,gp,lingering,prob,upstream_rev_repair_native,No,0.0058268290013074875,0.004138554446399212,1,My,aab37f8b7ae09e8f54d9f6690d5624986b49fd84f5482b0d938ef119c4b47115
amouyal:46,set_21,non_gp,simple,prob,upstream_rev_repair_native,Yes,0.9999999403953552,0.9909128546714783,1,Yes,a9ab3a635776cf7fde45f082a14d87e073c369f8744760b67b7d2fa0e8b9820d
amouyal:47,set_21,non_gp,lingering,prob,upstream_rev_repair_native,No,0.9982442855834961,0.10268010199069977,0,My,d890be7d8c1debc34ccf1dbf6dc32bd961f5d0c1db6fa7026e1849eaf28db85a
amouyal:48,set_22,gp,simple,prob,upstream_rev_repair_native,Yes,0.9999995827674866,0.9133961796760559,1,Yes,811df1b7f96f556effeaf98e009573bc6fa61b8b1380abac52399f1f9838ba8a
amouyal:49,set_22,gp,lingering,prob,upstream_rev_repair_native,No,0.7823904752731323,0.00440034968778491,0,My,41297bb6e885f290c29e7c819bc06b0ee73eff31e4e717953a29d0bdf55fc9ec
amouyal:50,set_22,non_gp,simple,prob,upstream_rev_repair_native,Yes,1.0,0.9914933443069458,1,Yes,7e4dff087d5cabfaa0c0564e8d8519271487b2d12496f3cc00b1f5266105786e
amouyal:51,set_22,non_gp,lingering,prob,upstream_rev_repair_native,No,0.2611351013183594,0.002773830434307456,1,My,f58168cc46ae95fca8fe3848120fcb44d678f12787586d3082f0b0823fb991ec
amouyal:52,set_23,gp,simple,prob,upstream_rev_repair_native,Yes,0.01503283903002739,0.004773488733917475,0,My,0d78f4bc06eaa35f3a3f3cd354cea5569c1158e252dbc09b99e892a61238e408
amouyal:53,set_23,gp,lingering,prob,upstream_rev_repair_native,No,0.012938853353261948,0.00176849530544132,1,My,b227df05b4b65244079f417a97593b2a8ff43bb3e0873199db7024ddf8c664cf
amouyal:54,set_23,non_gp,simple,prob,upstream_rev_repair_native,Yes,0.9999998807907104,0.9232358932495117,1,Yes,47b7e1fd163d28d15abb14a9275bc2663338a227f91e9bad346ab1639adb6e19
amouyal:55,set_23,non_gp,lingering,prob,upstream_rev_repair_native,No,0.9993003606796265,0.2779509723186493,0,My,922f103fccbd468287a8a1ebb41e5fdd03e9b74a4a5bc589697ab6b43986d35b
amouyal:56,set_24,gp,simple,prob,upstream_rev_repair_native,Yes,0.6059274673461914,0.029303118586540222,1,My,196bb834b2690d9a1211d8c501a525f65bd2f8660655c9c8222d99bb0f8ae8d6
amouyal:57,set_24,gp,lingering,prob,upstream_rev_repair_native,No,6.491186923085479e-06,0.15421371161937714,1,My,317d9893d98546b362abaa7d2ed99e1e6d6a5ad973c16052a7272a93ea83d72b
amouyal:58,set_24,non_gp,simple,prob,upstream_rev_repair_native,Yes,0.9999997019767761,0.9790652394294739,1,Yes,160caf09d68b0fc0ad585b2f96357e48f8ba17772377946ef647185567c35ee3
amouyal:59,set_24,non_gp,lingering,prob,upstream_rev_repair_native,No,2.6985322421069213e-08,0.5113557577133179,1,No,b5e2719681b7927800504c210e69f584d266a030092434584e7070d8ed2ea075
amouyal:60,set_25,gp,simple,prob,upstream_rev_repair_native,Yes,0.9999804496765137,0.6588093638420105,1,Yes,0002f5b9714753ade7711664f5a010ac245fc7e93e3b9c05bad46927f1c37c77
amouyal:61,set_25,gp,lingering,prob,upstream_rev_repair_native,No,0.046519964933395386,0.018869195133447647,1,My,7dc811ee91684951487ab98de50b06e579fd4b584adcfb084e27d2d074cecbdf
amouyal:62,set_25,non_gp,simple,prob,upstream_rev_repair_native,Yes,0.9999997615814209,0.9440421462059021,1,Yes,ac1c74ef60dbabe640abf235df3ef15ce3f9c982c370b1a8bc3e08ffe467a0a4
amouyal:63,set_25,non_gp,lingering,prob,upstream_rev_repair_native,No,0.9691933393478394,0.019452929496765137,0,My,4777997440e0e33fd10b2c23ea91fc2569caeb40b8a594d9029c219f9a0a0f1b
amouyal:64,set_26,gp,simple,prob,upstream_rev_repair_native,Yes,0.9674839973449707,0.02639232575893402,1,My,3f979e6eed39c5acbf9b2444ba3cbd991ea84b434aa6b06dfe72d0bf8bc14a65
amouyal:65,set_26,gp,lingering,prob,upstream_rev_repair_native,No,5.986411269987002e-05,0.0569225512444973,1,My,dbd2ebdd1d1040521fd5ef6baf870a6fe29b798f84256bdc59806152b47da768
amouyal:66,set_26,non_gp,simple,prob,upstream_rev_repair_native,Yes,0.9999996423721313,0.9513640999794006,1,Yes,da55a2042f727c2b012945a5f368d4c768cc507ad07f3b280b5bb023eb70ca68
amouyal:67,set_26,non_gp,lingering,prob,upstream_rev_repair_native,No,0.9854455590248108,0.03419972211122513,0,My,55680f119c58a3a55c669477bdcaf7ae1e591bba4ddeb0b97f6ac3051a9a3e52
amouyal:68,set_27,gp,simple,prob,upstream_rev_repair_native,Yes,0.9997203946113586,0.8431312441825867,1,Yes,5896bf79a70464f097545c0ce75900ff33f68d4340a9227ca85195478064bd9f
amouyal:69,set_27,gp,lingering,prob,upstream_rev_repair_native,No,0.9999412894248962,0.5686296820640564,0,Yes,d8534f9ee9e0c8dd8d9758cdc64dd736cb53b0c99aa0cb4e68919f1b3eb92743
amouyal:70,set_27,non_gp,simple,prob,upstream_rev_repair_native,Yes,1.0,0.9996815919876099,1,Yes,d61802872df962b8d1fde04738dcb58d05af3cad64643e1c6c44861dc9401f53
amouyal:71,set_27,non_gp,lingering,prob,upstream_rev_repair_native,No,0.9999992251396179,0.9524209499359131,0,Yes,c6587f6467afcbff54398b8333676deba6ae2f7b10dcce1a409261dcc75f3717
amouyal:72,set_28,gp,simple,prob,upstream_rev_repair_native,Yes,0.0012964236084371805,0.08464375883340836,0,My,9b638e5d97d11ea0f36087c22a61c5f0ae722e1867a4baa77fbfebc1897c109e
amouyal:73,set_28,gp,lingering,prob,upstream_rev_repair_native,No,0.0002481385599821806,0.009735905565321445,1,My,83bda29c6f0f61b2801513901ecfee44382d244856f024615b1785c098335b3f
amouyal:74,set_28,non_gp,simple,prob,upstream_rev_repair_native,Yes,0.9999954700469971,0.49283263087272644,1,My,8424497a591fcb364424a87f641fe5451327de814aed16257a68cdedc1f40b94
amouyal:75,set_28,non_gp,lingering,prob,upstream_rev_repair_native,No,0.9999703764915466,0.07014830410480499,0,My,f98951b690e48b137a3319e427db2c57dd3b62395fe89c8427f7f3fc1387d5aa
amouyal:76,set_29,gp,simple,prob,upstream_rev_repair_native,Yes,0.9992334246635437,0.39044010639190674,1,My,b8556547ded2e78256d95d584ebbb5259830fb01695a15e3d50c049c21cca8a5
amouyal:77,set_29,gp,lingering,prob,upstream_rev_repair_native,No,0.02228078432381153,0.07470417767763138,1,My,13d80fa9318384a80a8872df8a77bcb32944ca8fa487e9c8937430114c1fc1b3
amouyal:78,set_29,non_gp,simple,prob,upstream_rev_repair_native,Yes,0.9999999403953552,0.9796723127365112,1,Yes,fa84d0aa0939d35d4d8a892418935f60d0a196b95a0c261e543082befd0804bc
amouyal:79,set_29,non_gp,lingering,prob,upstream_rev_repair_native,No,0.9665150046348572,0.05249517783522606,0,My,73625dbc7cc3b8e75fc22e613a4a803ad63fd682d2aab268dee304f41d786934
amouyal:80,set_30,gp,simple,prob,upstream_rev_repair_native,Yes,0.9999997019767761,0.9931302070617676,1,Yes,53e9d6cbd17567950862f3195aed94d165a762881e62aee21b4fd63640391126
amouyal:81,set_30,gp,lingering,prob,upstream_rev_repair_native,No,0.004079984035342932,0.2471483200788498,1,My,dc43dd2b4ad9a728fdece31186288830acb666598715ff347ed70f877d95718f
amouyal:82,set_30,non_gp,simple,prob,upstream_rev_repair_native,Yes,1.0,0.999723494052887,1,Yes,e5efde297f60e0ca43a4087c9424da0ec015c4811ae02952027175cc5880d103
amouyal:83,set_30,non_gp,lingering,prob,upstream_rev_repair_native,No,1.0,0.999548614025116,0,Yes,6c9ef91dddedccb73ea37c69b4aa1c98ec72467e575b2a32ae9474a49c204363
amouyal:84,set_31,gp,simple,prob,upstream_rev_repair_native,Yes,0.0031038622837513685,0.24610044062137604,0,My,ca47c51c7ff606f57b5bec2b8be04ebd62deb9b7eace041085b4f09dd4504528
amouyal:85,set_31,gp,lingering,prob,upstream_rev_repair_native,No,9.746722935233265e-05,0.15118157863616943,1,My,04e135589aaf2771090c47af1ac576d93b7b93eb64b64124976fc5c8bd76e0ef
amouyal:86,set_31,non_gp,simple,prob,upstream_rev_repair_native,Yes,0.9999997615814209,0.9716923236846924,1,Yes,59296095d9182564f6bfdb17aa3fc13bf8ba06cc7eeae677f99efe88758f32a5
amouyal:87,set_31,non_gp,lingering,prob,upstream_rev_repair_native,No,0.9970864057540894,0.27056771516799927,0,My,05d7173e097de4f353fd79e26b21d9b9870fbf77f4d132a0885ca18e85bcce26
amouyal:88,set_32,gp,simple,prob,upstream_rev_repair_native,Yes,0.45159196853637695,0.014301013201475143,0,My,d82b3cf4d17b82f8a047bf1bbf85057b6de20265d3612bb86f7bfa70c39004d9
amouyal:89,set_32,gp,lingering,prob,upstream_rev_repair_native,No,3.5850364383804845e-06,0.1844162493944168,1,My,63bf9f5e00cd44dc1f607576a6b33d85bc3ca3691d284e65de124d382a20b535
amouyal:90,set_32,non_gp,simple,prob,upstream_rev_repair_native,Yes,0.9999999403953552,0.9910545349121094,1,Yes,d47c5acf73fcf01329750f0430e767203b64a1e61868b4a497d3c0e14a6dbc6a
amouyal:91,set_32,non_gp,lingering,prob,upstream_rev_repair_native,No,0.150016650557518,0.029534904286265373,1,My,619e4024c756654eac83ef644588f50357f971049c91841ead9931f5108176fb
amouyal:92,set_33,gp,simple,prob,upstream_rev_repair_native,Yes,0.0008250640821643174,0.06058861315250397,0,My,d83fd42127d04bd8f6c76b3c8e2c56f708f4b2b6fac03bee86d0bc4dc5dca3be
amouyal:93,set_33,gp,lingering,prob,upstream_rev_repair_native,No,3.8849335396662354e-05,0.18579170107841492,1,My,2474232fc1f3128afa46bbc0d9232c724d6efeef016160fc23f220147c52b438
amouyal:94,set_33,non_gp,simple,prob,upstream_rev_repair_native,Yes,1.0,0.9699971675872803,1,Yes,3c9e4d62e69c074bcb80ee3821e5acf8fe09a6344ff63dc1402f17629e773d3a
amouyal:95,set_33,non_gp,lingering,prob,upstream_rev_repair_native,No,0.8885949850082397,0.019324880093336105,0,My,ed5e431b7449125e2dee2cb821a35f66329f376f3253af545d1e8fdd653971f3
amouyal:96,set_34,gp,simple,prob,upstream_rev_repair_native,Yes,0.9987969994544983,0.6135398745536804,1,Yes,d442bf229ed6b5b54a61d23867669b560ee302aee87bbb8f3c9c6126278c2f7f
amouyal:97,set_34,gp,lingering,prob,upstream_rev_repair_native,No,3.44973559549544e-05,0.049234066158533096,1,My,abc93a76e6ff256a7c578d017c2bef426b2123830043c43ee10d8068956ca530
amouyal:98,set_34,non_gp,simple,prob,upstream_rev_repair_native,Yes,1.0,0.9875237345695496,1,Yes,538d85510065579516ac7992d69f845e9b1ea8aea94350ab6fe775c2f3895bf6
amouyal:99,set_34,non_gp,lingering,prob,upstream_rev_repair_native,No,0.9994694590568542,0.10034497827291489,0,My,26bf146e71f3e57bb8086e62acb21fab152b6013270475a7275cb2a476354d96
amouyal:100,set_35,gp,simple,prob,upstream_rev_repair_native,Yes,2.152551314793527e-05,0.3932100534439087,0,My,2f185f1a0ef3d3beb22729993288fc5c7922f6b0608d3e4d41a9f1277e816085
amouyal:101,set_35,gp,lingering,prob,upstream_rev_repair_native,No,0.00023567496100440621,0.01875092089176178,1,My,26bad8f9dafaf3f688a9a261a064c64bfea6f7152fbde477f0b32a81b7a7e5b9
amouyal:102,set_35,non_gp,simple,prob,upstream_rev_repair_native,Yes,0.9999994039535522,0.9577726125717163,1,Yes,b18ad2a100913b1362b4bb9f27ff69c11dc41c4b8db157b9fe168f9fecce11ca
amouyal:103,set_35,non_gp,lingering,prob,upstream_rev_repair_native,No,0.01072694268077612,0.014707722701132298,1,My,8b3e26837af87bd77eff05c2d3d56088f38785cc1b8a9803d2f9645673ab8b79
amouyal:104,set_36,gp,simple,prob,upstream_rev_repair_native,Yes,0.03661131486296654,0.058650948107242584,0,My,fe8ec688cbf9343c32239a0c7367e9642ae29fa616baf576594cbf38ef805e60
amouyal:105,set_36,gp,lingering,prob,upstream_rev_repair_native,No,0.0005740372580476105,0.10227369517087936,1,My,3c1c8d99f958323a6085d86e59e9b9061dabf16b7089f34b168a710a37dc3484
amouyal:106,set_36,non_gp,simple,prob,upstream_rev_repair_native,Yes,1.0,0.9944629073143005,1,Yes,1bd3edcbd7254af5d3544bb6cdfa43a917f9cc0f0198b7e4225e9f5ddf207809
amouyal:107,set_36,non_gp,lingering,prob,upstream_rev_repair_native,No,0.3591727018356323,0.007030967622995377,1,My,074102fe9cf837913bb88682eaaaa4ef8136da2b7fdea94e4fa60268e3144252
amouyal:108,set_37,gp,simple,prob,upstream_rev_repair_native,Yes,0.0010227126767858863,0.0027576875872910023,0,My,120534f0ffd997cf29845ce349999e07898c68d13c53e5dfbe2505f98f0d091c
amouyal:109,set_37,gp,lingering,prob,upstream_rev_repair_native,No,3.099118112004362e-05,0.021238885819911957,1,My,5f6e48c5322c28e3731f41e15d22607aed01a69e25bc23cefebbfc5af3f188dd
amouyal:110,set_37,non_gp,simple,prob,upstream_rev_repair_native,Yes,0.6965367794036865,0.0004608679737430066,1,My,3727be8640c1e8c0f989aa980ba03981d595466ca5fccc79af37da25065d4065
amouyal:111,set_37,non_gp,lingering,prob,upstream_rev_repair_native,No,0.0002222660550614819,0.023216936737298965,1,My,9459e696c7be234c8ed4f6b2f75629465df3eff9a387612289e16806c2df8377
amouyal:112,set_38,gp,simple,prob,upstream_rev_repair_native,Yes,0.00019333702221047133,0.05154279246926308,0,My,97e68757ebdf54981ee69e9a0b4c514e05d861d64d90021ddc6103e79a3fba3b
amouyal:113,set_38,gp,lingering,prob,upstream_rev_repair_native,No,0.0015703344251960516,0.008108597248792648,1,My,70b159c567110901e314efa508057e5b6f98155c8e974097cb80a1e24a6c1a80
amouyal:114,set_38,non_gp,simple,prob,upstream_rev_repair_native,Yes,0.9983956813812256,0.03177664428949356,1,My,be2f92c80dcf074d90c0de1a3d09f6b2e0275a6d406e1d47447f6ac1182ab409
amouyal:115,set_38,non_gp,lingering,prob,upstream_rev_repair_native,No,2.0427382878551725e-06,0.019661981612443924,1,My,c1911e9bdcee9241bf17356f3a966fd800f3b1b77d86093f27466e8a54817eca
amouyal:116,set_39,gp,simple,prob,upstream_rev_repair_native,Yes,0.0021013522055000067,0.10806085914373398,0,My,2f669e2ab4ac28f19b2add9b010f935917b5d7534618eaf66b8853b7249bc916
amouyal:117,set_39,gp,lingering,prob,upstream_rev_repair_native,No,0.00013684530858881772,0.06833631545305252,1,My,ee610f7ce989a688d6060ae0870df8127f2bd37096bba27bc8d42068e8789fec
amouyal:118,set_39,non_gp,simple,prob,upstream_rev_repair_native,Yes,1.0,0.9510096311569214,1,Yes,8d37ea9f99a171a655ab04548e8383b7e554e70a42f14ff0a32d0cca464b53e4
amouyal:119,set_39,non_gp,lingering,prob,upstream_rev_repair_native,No,0.9988639950752258,0.016043897718191147,0,My,7d4dcb7117e93d282b6dc750ba04d0f18cc69d3cc483be800b2179f33b21d870
amouyal:120,set_40,gp,simple,prob,upstream_rev_repair_native,Yes,0.020282112061977386,0.005798650905489922,0,My,b78ab6d0e0f0eb2d193c9bd11f1346192601753dcf75aa1074b1daa0572521d6
amouyal:121,set_40,gp,lingering,prob,upstream_rev_repair_native,No,2.5155321054626256e-05,0.11110290139913559,1,My,14227c9901b804c867b3f7902c8a636a5a2a42e52090e7f182b80c5cc1f28c49
amouyal:122,set_40,non_gp,simple,prob,upstream_rev_repair_native,Yes,0.9999867081642151,0.16910065710544586,1,My,f25c86a4f7b531ae7d2a635d0e063fd07ecfb9b3a535eadcc50edbf0f61bf9af
amouyal:123,set_40,non_gp,lingering,prob,upstream_rev_repair_native,No,0.004782874137163162,0.00814373791217804,1,My,acad6e8f051c50fb45453431f6faef4ea720bc5c0b153b3b43489f57f69d4e97
amouyal:124,set_41,gp,simple,prob,upstream_rev_repair_native,Yes,0.3370347321033478,0.008065235801041126,0,My,e1369c059026f739c82e9c8d7c0a2cfb2daae261c92714d8f207cb750c5b6148
amouyal:125,set_41,gp,lingering,prob,upstream_rev_repair_native,No,2.559090353315696e-05,0.21929113566875458,1,My,a9a5553f8665a9f85540950e7cd49d61a3e8589194456d168f6ad9be6de16f50
amouyal:126,set_41,non_gp,simple,prob,upstream_rev_repair_native,Yes,1.0,0.9857731461524963,1,Yes,aeea25fc2fc2530ba034c6906bc2ae1070a7136eb95afb3bf83378d2faab4859
amouyal:127,set_41,non_gp,lingering,prob,upstream_rev_repair_native,No,0.9999999403953552,0.9577516317367554,0,Yes,ff5d9b5b148fe9030944c7118a57b35d9b39a36e87df924a88b4f760678514bf
amouyal:128,set_42,gp,simple,prob,upstream_rev_repair_native,Yes,0.9999741315841675,0.8049055933952332,1,Yes,91f9b0f7d8f112d3b1e4cbbf68fe9ae303fb4759cf8b9ef46978e49f1128cccf
amouyal:129,set_42,gp,lingering,prob,upstream_rev_repair_native,No,0.16369283199310303,0.009100952185690403,1,My,5a31153441b13f572477173d7cac7c0f50d9ac6677bb6e1b19a03dc95fceec50
amouyal:130,set_42,non_gp,simple,prob,upstream_rev_repair_native,Yes,1.0,0.9998615980148315,1,Yes,d3bf647df01996578d4f8d4c9710fd02cafbe5104cd6f2e7bddcff68d876177f
amouyal:131,set_42,non_gp,lingering,prob,upstream_rev_repair_native,No,0.9991374611854553,0.5535728931427002,0,Yes,175c0d1f465cb1902e916b69125ad5d87e1b97c86271165b8ab60f3f8b5a92c0
amouyal:132,set_43,gp,simple,prob,upstream_rev_repair_native,Yes,0.7407710552215576,0.2848265469074249,1,My,875a742bed85e97eb154b1249b5c9b773548a0ba72772a2691863a5e395fa781
amouyal:133,set_43,gp,lingering,prob,upstream_rev_repair_native,No,1.7957710952032357e-05,0.40550392866134644,1,My,3bf18145f42c9db6e22cadb7614babdc018af48ec12eb97f541b6309d83beb81
amouyal:134,set_43,non_gp,simple,prob,upstream_rev_repair_native,Yes,0.9999998807907104,0.9936217665672302,1,Yes,dda421bd3d70552c87c9309fb0c1a56a2042f1cdb1827b4b3b4210201a80b6fc
amouyal:135,set_43,non_gp,lingering,prob,upstream_rev_repair_native,No,0.9999987483024597,0.9510554075241089,0,Yes,cc6f21a11e488b8515d8406375b41ae5233f0a3a1b99e6d93623268c4d008359
amouyal:136,set_44,gp,simple,prob,upstream_rev_repair_native,Yes,4.320681546232663e-05,0.09142255038022995,0,My,63246490a38e7e37d07787996fa2786c24b6c6ad7e01410db6f155b380310798
amouyal:137,set_44,gp,lingering,prob,upstream_rev_repair_native,No,8.83520897332346e-06,0.03945112228393555,1,My,98caee731956687afcc3ebe26c5a8b277a5a246296ff21394c278e5f1eaa0307
amouyal:138,set_44,non_gp,simple,prob,upstream_rev_repair_native,Yes,0.0010079593630507588,0.0811477079987526,0,My,01a6f667fe916e61fc3ddf67042868750c5c8a6241ad238ca17a6bae2244b0fe
amouyal:139,set_44,non_gp,lingering,prob,upstream_rev_repair_native,No,4.710136636276729e-06,0.02621045894920826,1,My,2457c6886fa2d0ca9cb4f3551aee75558113d2795689f0c8a7b90f5f38c00937
amouyal:140,set_45,gp,simple,prob,upstream_rev_repair_native,Yes,0.00155082147102803,0.07146409898996353,0,My,7a9d5e2450a229ff20b6c93a83cb5c11f14c69e7630ed9016d09bc3d469d7093
amouyal:141,set_45,gp,lingering,prob,upstream_rev_repair_native,No,0.0022598665673285723,0.03135150671005249,1,My,44045f3ebadc527297878f20c0d71c5e5f2b9c0e2bc33d38c3ea14b786ff5929
amouyal:142,set_45,non_gp,simple,prob,upstream_rev_repair_native,Yes,0.9999779462814331,0.6378650665283203,1,Yes,243481d437595d52f4c3d9b8b695b87404ce844108bd93a9b4c494740576acfd
amouyal:143,set_45,non_gp,lingering,prob,upstream_rev_repair_native,No,0.9999912977218628,0.6727294325828552,0,Yes,1224e277a1da1aa4b37aae0c937c1471865b30514c8edc5723275b8cace4310b
amouyal:144,set_hyp5_1,non_gp,simple,reflexive,upstream_rev_repair_native,Yes,0.9999990463256836,0.9631174206733704,1,Yes,434ee2ac193a1d2676dddf8711553d0569f64509795beefee799a7409dfa401a
amouyal:145,set_hyp5_1,non_gp,lingering,reflexive,upstream_rev_repair_native,No,0.9999913573265076,0.6635938286781311,0,Yes,cdfcd5c3f8d3349c1fcc0150efab92e8505699e9405e4e9569e8b22a157a3206
amouyal:146,set_hyp5_2,non_gp,simple,reflexive,upstream_rev_repair_native,Yes,1.0,0.99958735704422,1,Yes,f3c3e2c2d8ac72a94959d3c0c7cf5997759251161be11f490c53ec108018f703
amouyal:147,set_hyp5_2,non_gp,lingering,reflexive,upstream_rev_repair_native,No,2.9740983009673982e-08,0.3408810496330261,1,My,8f4e9dab9b26832dc910c697f8dcbb0e6c8835a3a731a31cc93b4cd0b3f4a38c
amouyal:148,set_hyp5_3,non_gp,simple,reflexive,upstream_rev_repair_native,Yes,1.0,0.9896140694618225,1,Yes,f7e888430b45ffab218bb1d34c083c6171f474bf9e7da104be420489572fe86a
amouyal:149,set_hyp5_3,non_gp,lingering,reflexive,upstream_rev_repair_native,No,5.1589800023066346e-06,0.013545517809689045,1,My,3862d540a62f356f1b7b965d6069d6f79535835693f071db5fdca4ab3cace4c0
amouyal:150,set_hyp5_4,non_gp,simple,reflexive,upstream_rev_repair_native,Yes,0.9999986886978149,0.9012851715087891,1,Yes,88267456af47ca7e627312d54217135137035341496ea73f22a4b9a0b7cf7240
amouyal:151,set_hyp5_4,non_gp,lingering,reflexive,upstream_rev_repair_native,No,0.00518712867051363,0.007842541672289371,1,My,a35b953577e01e4736fe0f0b8518b7c1d221463a61082fcdc2f137d202919609
amouyal:152,set_hyp5_5,non_gp,simple,reflexive,upstream_rev_repair_native,Yes,1.0,0.9999572038650513,1,Yes,9544aa74810e765b877c21636a4f3069314dfc21508038d5ee0207cf9ca22387
amouyal:153,set_hyp5_5,non_gp,lingering,reflexive,upstream_rev_repair_native,No,0.004639863967895508,0.01891074888408184,1,My,294ab1a8d746a52f16929b61483762884e0a5788cb1c7da95e8523cf3d1f8d82
amouyal:154,set_hyp5_6,non_gp,simple,reflexive,upstream_rev_repair_native,Yes,0.9999999403953552,0.7973489761352539,1,Yes,a5061f621ee18e9537f25bbf2feed9bb6dc8b7fbad76766df97b2900d9d49e38
amouyal:155,set_hyp5_6,non_gp,lingering,reflexive,upstream_rev_repair_native,No,3.8754453271394596e-05,0.011441889218986034,1,My,47aeb3c39ec60bd605b092b2f806260b0c0c117dc469b41a8f08372bc52c8b4d
amouyal:156,set_hyp5_7,non_gp,simple,reflexive,upstream_rev_repair_native,Yes,1.0,0.9964674711227417,1,Yes,8493d9d6ba3e5ab8b363ac6482461882ae348d02b7ebc54b06537364b9c41e55
amouyal:157,set_hyp5_7,non_gp,lingering,reflexive,upstream_rev_repair_native,No,5.3172549087321386e-05,0.042632848024368286,1,My,2dc8e39073015a5c848bdf52ed9fc3a414e2982df7f377258f93fcb2128c91dc
amouyal:158,set_hyp5_8,non_gp,simple,reflexive,upstream_rev_repair_native,Yes,0.9999996423721313,0.9580983519554138,1,Yes,11d91a45f1373a8ba3a0a2651e4cbd20f142141e2e10fada5c2771ca6115d005
amouyal:159,set_hyp5_8,non_gp,lingering,reflexive,upstream_rev_repair_native,No,9.30893929762533e-06,0.05622854456305504,1,My,8859ecd13f642f0402446a191a012f82831fb6953d24000453d42bb4b3963773
amouyal:160,set_hyp5_9,non_gp,simple,reflexive,upstream_rev_repair_native,Yes,1.0,0.9754204154014587,1,Yes,0d181f2bbe282fdac3b10e6c497f8b5352fae87a4031fb336a3f591d60a401f7
amouyal:161,set_hyp5_9,non_gp,lingering,reflexive,upstream_rev_repair_native,No,0.9998890161514282,0.09917125850915909,0,My,4d45a5805589d636b79e2343b0b67362e3f65983e22f768137cf7b53dac9c143
amouyal:162,set_hyp5_10,non_gp,simple,reflexive,upstream_rev_repair_native,Yes,1.0,0.9339021444320679,1,Yes,de26d73bc5a1e5a321bd95b5704e570ce54dd4825ba5b4db6d00fac52c514065
amouyal:163,set_hyp5_10,non_gp,lingering,reflexive,upstream_rev_repair_native,No,0.9999980926513672,0.06686954945325851,0,My,552c4b753c640cefe78d361c9af95303342b513e9c1ae4a7580368fed3120faf
amouyal:164,set_hyp5_11,non_gp,simple,reflexive,upstream_rev_repair_native,Yes,1.0,0.9456307291984558,1,Yes,3cb730ab77738d0a78c80cb53f40a26664268a1d9b1a3fcb73fa43186c63850a
amouyal:165,set_hyp5_11,non_gp,lingering,reflexive,upstream_rev_repair_native,No,1.4586204599709163e-07,0.1377454251050949,1,My,e7cb36d30ee345297860fea943a2e82199a9d2cb67d90415273a1b8b646b500e
amouyal:166,set_hyp5_12,non_gp,simple,reflexive,upstream_rev_repair_native,Yes,1.0,0.9811940789222717,1,Yes,20cc81986302af2db4ee5ceeb811beb833b32cf5e2fb07f093e798529894427b
amouyal:167,set_hyp5_12,non_gp,lingering,reflexive,upstream_rev_repair_native,No,0.4564646780490875,0.0009246576810255647,1,My,fda6319d7a53cf15af4efbb5f4b155e113ef74781bb65e92a246c30bc6cd2874
amouyal:168,set_hyp5_13,non_gp,simple,reflexive,upstream_rev_repair_native,Yes,0.9999997615814209,0.4450880289077759,1,My,19cc84d1960bc0bce622e31f1e7e1b2d6f74a28be12ef5a02915aa9ffbd51828
amouyal:169,set_hyp5_13,non_gp,lingering,reflexive,upstream_rev_repair_native,No,0.06134656071662903,0.002521707210689783,1,My,5177e579d6e6014e4eb79c6e90665fdb1188d3c5c3b4d7580ccea60415f449e1
amouyal:170,set_hyp5_14,non_gp,simple,reflexive,upstream_rev_repair_native,Yes,0.9998293519020081,0.4674121141433716,1,My,e7188c1b9071abf2aa6799b0dcc8abc432563bac5c0cf7441b9cdd12820953d1
amouyal:171,set_hyp5_14,non_gp,lingering,reflexive,upstream_rev_repair_native,No,2.677490010682959e-05,0.023118821904063225,1,My,1b3e8e3c368e60ede8876cde9f2e66c3cce4308a96265bdf2041fc7accac1f08
amouyal:172,set_hyp5_15,non_gp,simple,reflexive,upstream_rev_repair_native,Yes,1.0,0.9504076838493347,1,Yes,4c507dee2ff206c0f227624a6a13edca33487c7224442e29756f6b7fb9e2200f
amouyal:173,set_hyp5_15,non_gp,lingering,reflexive,upstream_rev_repair_native,No,2.647599103511311e-05,0.4275382161140442,1,My,f7284061e13e05b7659b2ec2c9bca2bc8a427cf07684fb6f75ee1d9c70a96eb9
amouyal:174,set_hyp5_16,non_gp,simple,reflexive,upstream_rev_repair_native,Yes,1.0,0.9983304142951965,1,Yes,2e8df8703b357241b559e34b6c1810f72db468db9e7c5386a53ae4f0fef102f7
amouyal:175,set_hyp5_16,non_gp,lingering,reflexive,upstream_rev_repair_native,No,0.0003476249403320253,0.336694598197937,1,My,96f0d96ab9f5fd814236802aa64e1ab7fa711ed21be1ce8d54b6e6a2cfaddb4d
amouyal:176,set_hyp5_17,non_gp,simple,reflexive,upstream_rev_repair_native,Yes,1.0,0.999594509601593,1,Yes,3e01056147979c1e0307501b9d86c6c43bc6d448b2a35b13a405f21e1e698eae
amouyal:177,set_hyp5_17,non_gp,lingering,reflexive,upstream_rev_repair_native,No,9.907673666020855e-05,0.04560023173689842,1,My,c106c0b0b1289b33b3307eab66556bc49cb2ddd8c07b5fca900e41c8879ef988
amouyal:178,set_hyp5_18,non_gp,simple,reflexive,upstream_rev_repair_native,Yes,1.5277052511919464e-08,0.9425698518753052,0,No,11f177d36039d43fe1794252b5672e514566f45704255ff9236c487068551d31
amouyal:179,set_hyp5_18,non_gp,lingering,reflexive,upstream_rev_repair_native,No,0.8443102836608887,0.003934117499738932,0,My,a653cc1d19965d394b11aa158011f2c96a5b14bdbcfde8b3d747045725957795
amouyal:180,set_hyp5_19,non_gp,simple,reflexive,upstream_rev_repair_native,Yes,1.0,0.9490866661071777,1,Yes,c41e49043b18474ac01eb57eb63308a239f428c67080549a4009d0c5706d2c61
amouyal:181,set_hyp5_19,non_gp,lingering,reflexive,upstream_rev_repair_native,No,0.4136372208595276,0.006722449325025082,1,My,0e17232b5c1609611ab126fb99a502e692ba7ccf75a2c0606f85e141249d4201
amouyal:182,set_hyp5_20,non_gp,simple,reflexive,upstream_rev_repair_native,Yes,0.9486070275306702,0.004929153248667717,1,My,c127daea82be29c3a75b31dd3113131051f8528b94f4d3ea4e2f8cae6ed8eaa1
amouyal:183,set_hyp5_20,non_gp,lingering,reflexive,upstream_rev_repair_native,No,1.5378842363134027e-05,0.06923148781061172,1,My,c63e469192bb278d3737bfcf731207567dfcbe190a117ebe609049cef8e76900
amouyal:184,set_hyp5_21,non_gp,simple,reflexive,upstream_rev_repair_native,Yes,0.9997013807296753,0.09877602756023407,1,My,e75a969f9cb839d0deeb8b53c3ef4abe3b77498427ca76f6fc3073ced1b236f8
amouyal:185,set_hyp5_21,non_gp,lingering,reflexive,upstream_rev_repair_native,No,0.9997703433036804,0.7384677529335022,0,Yes,eada4a2b4818261e61316b705b8d4d80e761eb64da0b69b573c81397c6401ee9
amouyal:186,set_hyp5_22,non_gp,simple,reflexive,upstream_rev_repair_native,Yes,0.9999984502792358,0.6220877170562744,1,Yes,5a7fab048e3d153f61ff2b442a5b0f7e3919bd895f34b42c0fe9b34eab4a8f21
amouyal:187,set_hyp5_22,non_gp,lingering,reflexive,upstream_rev_repair_native,No,5.183470420888625e-06,0.1323862373828888,1,My,6eb57c83fd3328d8bc303dd8f547ca0f352628f4d2377a7d71e190e96a82e09c
amouyal:188,set_hyp5_23,non_gp,simple,reflexive,upstream_rev_repair_native,Yes,1.0,0.9743519425392151,1,Yes,dfc485eb9141320319a76efef3ca27c283b79433aa322f7562fcdd136d50c2d6
amouyal:189,set_hyp5_23,non_gp,lingering,reflexive,upstream_rev_repair_native,No,1.6732987205614336e-05,0.6664755344390869,1,No,5fbc1d1500781ca4867683c4432eee5f549592da0ed4b41969e30943394b1fc1
amouyal:190,set_hyp5_24,non_gp,simple,reflexive,upstream_rev_repair_native,Yes,1.0,0.9979479908943176,1,Yes,e490a473f0224398c3c36a80a3c16d84fc4608e1c5910198aa6494806f20da2d
amouyal:191,set_hyp5_24,non_gp,lingering,reflexive,upstream_rev_repair_native,No,0.9984869360923767,0.3190315365791321,0,My,f0f436b7fe00b3d2005763c18c576251032b69a2b6b776eeb64cdad4157d0884
amouyal:192,set_hyp5_1,gp,simple,reflexive,upstream_rev_repair_native,Yes,0.9624337553977966,0.0314924456179142,1,My,9a8f78168d4bb646626bdf32dfc15b41571681940d297d87ae27bae5b5689590
amouyal:193,set_hyp5_1,gp,lingering,reflexive,upstream_rev_repair_native,No,0.00043677526991814375,0.022696305066347122,1,My,2abf082d7ece07c62b4e48e39adc799615507c3646fffed50c9e6cb384b9a842
amouyal:194,set_hyp5_2,gp,simple,reflexive,upstream_rev_repair_native,Yes,0.9998357892036438,0.37454405426979065,1,My,bc28353b658b864b1df7ad50ca5f54ef3b96bcbabdd93828985d44a01d92850a
amouyal:195,set_hyp5_2,gp,lingering,reflexive,upstream_rev_repair_native,No,1.523162609373685e-06,0.2342861443758011,1,My,c4ca1661ae65612c5c998b1b5159fad9a8369eba09fc35adab76ceb8150633ad
amouyal:196,set_hyp5_3,gp,simple,reflexive,upstream_rev_repair_native,Yes,0.0004982128157280385,0.07546760141849518,0,My,4cad92ce29bf915959335f7294908bff92de8780ff71263f91eb2f4d79c3a84a
amouyal:197,set_hyp5_3,gp,lingering,reflexive,upstream_rev_repair_native,No,0.0003982169146183878,0.008669656701385975,1,My,31dc26c8858fa7716cf3815a8c98acd55f84b9fd323c37faca407b7df460138e
amouyal:198,set_hyp5_4,gp,simple,reflexive,upstream_rev_repair_native,Yes,0.9194729924201965,0.029030069708824158,1,My,01fd119fbf660f9e01e6c27612f43dd39b6265165310bb2a65c962d16a037023
amouyal:199,set_hyp5_4,gp,lingering,reflexive,upstream_rev_repair_native,No,0.00092331349151209,0.050640080124139786,1,My,864fad21fc75b73d0dee0496e75cad648bd2314b81cdbffb4cd0ba901eb6e492
amouyal:200,set_hyp5_5,gp,simple,reflexive,upstream_rev_repair_native,Yes,0.4481083154678345,0.3607032299041748,0,My,f6aa8b3690c95bc0352838d1b62c14d752faa2e57553696c15ec8d8c5c914389
amouyal:201,set_hyp5_5,gp,lingering,reflexive,upstream_rev_repair_native,No,3.828726403298788e-05,0.481484591960907,1,My,1de44f19be292a015b4671caa4544639904371c0389e697768b40305b4d63da9
amouyal:202,set_hyp5_6,gp,simple,reflexive,upstream_rev_repair_native,Yes,0.22216835618019104,0.0012865120079368353,0,My,0e325a0e823773309c6cdca6091c23b7bea5e4bc41f40a101ae1f2c287d54b5d
amouyal:203,set_hyp5_6,gp,lingering,reflexive,upstream_rev_repair_native,No,0.8476262092590332,0.005112064070999622,0,My,76f6eb2a65dca7030c44083c285dcf2776dd54c8f725425f8715937248f24cdb
amouyal:204,set_hyp5_7,gp,simple,reflexive,upstream_rev_repair_native,Yes,0.0018066988559439778,0.4165854752063751,0,My,a3430d5c9d6621b07fb9cee66931e7cb80522d135c878d6998da05f835b67911
amouyal:205,set_hyp5_7,gp,lingering,reflexive,upstream_rev_repair_native,No,0.0001507119304733351,0.16787505149841309,1,My,f6c3c0c5368af249b835ebbae19fff6b18269b104e44028a02a6662143283584
amouyal:206,set_hyp5_8,gp,simple,reflexive,upstream_rev_repair_native,Yes,0.9992866516113281,0.15038233995437622,1,My,170eee47b21f85f5a639882b9926205b1cb7f41b3070a2fd0dbfd9862f48bfda
amouyal:207,set_hyp5_8,gp,lingering,reflexive,upstream_rev_repair_native,No,1.946984230016824e-05,0.18046726286411285,1,My,7e7758e838fcb1eedb35ecef971311c7d84ff6c5d06ae46c3279e704f404d5af
amouyal:208,set_hyp5_9,gp,simple,reflexive,upstream_rev_repair_native,Yes,0.9999895095825195,0.8856231570243835,1,Yes,4e1691718a932f99a0787fb190108c77d8b2209470b0e78f4b9c2793e19367eb
amouyal:209,set_hyp5_9,gp,lingering,reflexive,upstream_rev_repair_native,No,0.9931045174598694,0.1955420970916748,0,My,5e6629c7f40dad7ef7603ff8a3bcf080f1ee73cea6cdd789bda19a8fef796a25
amouyal:210,set_hyp5_10,gp,simple,reflexive,upstream_rev_repair_native,Yes,0.9987068772315979,0.06518775224685669,1,My,7c33be2cbad89dcccea48299f28775990bacf94f2cd6120122d8674196a49a8f
amouyal:211,set_hyp5_10,gp,lingering,reflexive,upstream_rev_repair_native,No,0.008820983581244946,0.0015505877090618014,1,My,1b84cc370369bfd403b699b005e10c65dc1ff70147a89f4d4310a29fced27555
amouyal:212,set_hyp5_11,gp,simple,reflexive,upstream_rev_repair_native,Yes,0.0016020896146073937,0.013428544625639915,0,My,203ac1b2c4ceb858291533d0093aa52109a2303a04a4319be00001983a831cdd
amouyal:213,set_hyp5_11,gp,lingering,reflexive,upstream_rev_repair_native,No,0.0014137121615931392,0.005317429080605507,1,My,ba69edfc96d5112bd78e71193fa0c1c56c5396c07720c6b3bf48368ed433127e
amouyal:214,set_hyp5_12,gp,simple,reflexive,upstream_rev_repair_native,Yes,0.9879496693611145,0.04050900787115097,1,My,b7726ed2434596d0462e3eb46a28eb645128f3c65e208893aa8f77fadb66dee1
amouyal:215,set_hyp5_12,gp,lingering,reflexive,upstream_rev_repair_native,No,2.1543459297390655e-05,0.16451895236968994,1,My,739191b0653962ebf9f4759635be686e3ccc0e29fc5178c3d4180b7e5b9371c8
amouyal:216,set_hyp5_13,gp,simple,reflexive,upstream_rev_repair_native,Yes,3.495308556011878e-05,0.01886921189725399,0,My,02252a62261991ae9c4f98ec30b039bab7b05539bd604b3574e1dcf54bb44e46
amouyal:217,set_hyp5_13,gp,lingering,reflexive,upstream_rev_repair_native,No,0.00031431266688741744,0.022134076803922653,1,My,ee6cd034dca6dd573794185ad3b6c968e50acff0429252ea9eb92d7f748e9bcc
amouyal:218,set_hyp5_14,gp,simple,reflexive,upstream_rev_repair_native,Yes,0.003968862351030111,0.016126802191138268,0,My,9fbfb99e80ecc0a638d827cdd39b48fff8b3e45fe4321140a7063211b45156bb
amouyal:219,set_hyp5_14,gp,lingering,reflexive,upstream_rev_repair_native,No,0.00033755763433873653,0.005427272524684668,1,My,e7e0031f1b206ae3f51afc041efbeab55f22bc7f46e12b6128d48d613c0f5820
amouyal:220,set_hyp5_15,gp,simple,reflexive,upstream_rev_repair_native,Yes,3.4287448215764016e-05,0.20417779684066772,0,My,499ebb6160f24628e48532bec76025ea9e81f9686fbee1b3a2ba67cf4fb1aac0
amouyal:221,set_hyp5_15,gp,lingering,reflexive,upstream_rev_repair_native,No,6.581573688890785e-05,0.19663584232330322,1,My,005651d637d7d46d105d4a5bda544ed7f530de02a048494c05f915179d8c65f6
amouyal:222,set_hyp5_16,gp,simple,reflexive,upstream_rev_repair_native,Yes,0.0009777079103514552,0.1631363034248352,0,My,6536b3cbed02bf1e3de58e97fd54b37d22b6b15f1faa7f5fb8411bb65370a217
amouyal:223,set_hyp5_16,gp,lingering,reflexive,upstream_rev_repair_native,No,0.0012018660781905055,0.024447496980428696,1,My,96798004befbb6301048cf1c6f033da8d7c5db06f0d9a7c9ff5fd2d7499f0ff4
amouyal:224,set_hyp5_17,gp,simple,reflexive,upstream_rev_repair_native,Yes,0.9999997615814209,0.9932819604873657,1,Yes,1f80f08e262d82150c65f6daa6dd76ec0bf9de0e66034c4f646a3d3ddd64953c
amouyal:225,set_hyp5_17,gp,lingering,reflexive,upstream_rev_repair_native,No,1.4872318843117682e-06,0.2732553482055664,1,My,8a63ce79cae7429312fa453e2e9a615e9632dcab3f0ea165e7063858701eb383
amouyal:226,set_hyp5_18,gp,simple,reflexive,upstream_rev_repair_native,Yes,4.833965431316756e-05,0.8388122320175171,0,No,f149f792f72f3b31f02ca2f657590caeb26bbee6b790aff3935fe64ebbf87f57
amouyal:227,set_hyp5_18,gp,lingering,reflexive,upstream_rev_repair_native,No,0.002871011383831501,0.15824122726917267,1,My,dd03e3b7bfde7f43ea6bec2167317531cef348c9fd68414866837f8bff67361e
amouyal:228,set_hyp5_19,gp,simple,reflexive,upstream_rev_repair_native,Yes,0.9999151825904846,0.669636070728302,1,Yes,9713b0504f3ca53ca947ebe632c7129ce4d989361ed5e10541c3c45e1d90bc0d
amouyal:229,set_hyp5_19,gp,lingering,reflexive,upstream_rev_repair_native,No,3.2613319490337744e-05,0.3241211771965027,1,My,23bda2653942ae13294022621f8d76c0115583f1c777b5f2510ab19743869e20
amouyal:230,set_hyp5_20,gp,simple,reflexive,upstream_rev_repair_native,Yes,0.08842960745096207,0.007234126795083284,0,My,87088978fef27eb2d1131758c566ce94009175c59e1eaa96623326dc9b46b439
amouyal:231,set_hyp5_20,gp,lingering,reflexive,upstream_rev_repair_native,No,0.00029439973877742887,0.0268433578312397,1,My,cb9435ff5de1c3a5fabf5631eca481126e087b38d654240d3ce6da1e86fe4f73
amouyal:232,set_hyp5_21,gp,simple,reflexive,upstream_rev_repair_native,Yes,0.7823118567466736,0.00624974025413394,1,My,c6b4af4b8f3bebd7472f4fe13e5fb8f00d3764e42b1d5ad1784878bb8ed56523
amouyal:233,set_hyp5_21,gp,lingering,reflexive,upstream_rev_repair_native,No,0.00011587271001189947,0.2721022069454193,1,My,de5c5ba084cb8a37052c3e0ebe95f23b29607345f16a82552ffc7eef31aede16
amouyal:234,set_hyp5_22,gp,simple,reflexive,upstream_rev_repair_native,Yes,0.008251630701124668,0.005377267953008413,0,My,feea954a2cc4da83161d4287edad53f6c7ecf85d774c631b7dd0358b9f3117a3
amouyal:235,set_hyp5_22,gp,lingering,reflexive,upstream_rev_repair_native,No,0.00017014650802593678,0.01526709832251072,1,My,e3e0ab6240ae7868a28d6d52dfd4a7b394325be1e5ad61bbb365d13682c9f6a7
amouyal:236,set_hyp5_23,gp,simple,reflexive,upstream_rev_repair_native,Yes,0.9807974696159363,0.14749284088611603,1,My,0c7cd6ffaabcaf2dd819a100056002b3d2ce23eff075def634076ee38074a3a3
amouyal:237,set_hyp5_23,gp,lingering,reflexive,upstream_rev_repair_native,No,8.516017260262743e-05,0.3210722506046295,1,My,6020aae6ec7a969362d5934119d6127f0c823a3857e99a522d5dadaf313f4948
amouyal:238,set_hyp5_24,gp,simple,reflexive,upstream_rev_repair_native,Yes,0.9999688863754272,0.8731175661087036,1,Yes,322627902a5392c7b65175a640904a734f0444ad5a78556ce71d54de6e7911f2
amouyal:239,set_hyp5_24,gp,lingering,reflexive,upstream_rev_repair_native,No,0.0008304718066938221,0.1827482134103775,1,My,ffb0793b57412be519559ecb972b6d13f27140852b7d5c5975764252fcffa3fd
amouyal:240,set_1,gp,simple,prob,upstream_rev_repair_native,Yes,0.0074875555001199245,0.03054848499596119,0,My,7e852f0a3866c600160e8b5ab6e6fdb13254634443fb3694c0c224dac620339d
amouyal:241,set_1,gp,lingering,prob,upstream_rev_repair_native,No,8.368025009986013e-05,0.10114262998104095,1,My,47b491fae51af70a18492adb43032ee5d695b06cb4cd7aa41215aa5c2e588bdc
amouyal:242,set_1,non_gp,simple,prob,upstream_rev_repair_native,Yes,0.9999900460243225,0.9607422351837158,1,Yes,e6a2365e44062d3500868bce76893c403e165024edb7f0ec377fb67d9eee65b3
amouyal:243,set_1,non_gp,lingering,prob,upstream_rev_repair_native,No,0.9996985793113708,0.7553399801254272,0,Yes,0a7f4685a6433a090d5d0ae71c80b78273704caa022418fa26a629eca3e7f169
amouyal:244,set_2,gp,simple,prob,upstream_rev_repair_native,Yes,0.9999973177909851,0.9462946653366089,1,Yes,5fc919a595607fc474af2cc350faaee2818e3ef17d2526d0886a744b149460a5
amouyal:245,set_2,gp,lingering,prob,upstream_rev_repair_native,No,0.6539318561553955,0.00450290460139513,0,My,7dd10f8af8b34c153b83dccb764d0fd93020ba490b035765c270f4c28c058202
amouyal:246,set_2,non_gp,simple,prob,upstream_rev_repair_native,Yes,1.0,0.9630923867225647,1,Yes,2dc0a0dd9da6dbeab7fc5c29c644f25a72df4e56c93277509ae79999d2acffc6
amouyal:247,set_2,non_gp,lingering,prob,upstream_rev_repair_native,No,0.9994819164276123,0.056313227862119675,0,My,31a35d96c17bc274aee2753f10c6f2a3cc6b98fb25c25355112968cf103a8f82
amouyal:248,set_3,gp,simple,prob,upstream_rev_repair_native,Yes,0.8854605555534363,0.0034652771428227425,1,My,d76f84dd060a0199a06f61b73603815d9eb23ab436d1919123ff9b9b416714d6
amouyal:249,set_3,gp,lingering,prob,upstream_rev_repair_native,No,0.0011110181221738458,0.035207681357860565,1,My,d2f2e0932999cb4ff65fca218d095e8e86fe9a84152ae092b24f7f36337c8022
amouyal:250,set_3,non_gp,simple,prob,upstream_rev_repair_native,Yes,0.9999966025352478,0.5637427568435669,1,Yes,271fa70b5ef1d72037a111aa4ab97022e21d297ce168d8510e5c70ddb6e2f82e
amouyal:251,set_3,non_gp,lingering,prob,upstream_rev_repair_native,No,9.07916619325988e-05,0.06572102010250092,1,My,51c1d2d619c81b00ca2b57c9f4b353e1b0192a648d69ad590ca9b8f5813cab18
amouyal:252,set_4,gp,simple,prob,upstream_rev_repair_native,Yes,0.13091693818569183,0.0035575139336287975,0,My,7c9ba6e562dcdad2141f9e113103cfd30707b5ba159b0317bf601ea624e931d0
amouyal:253,set_4,gp,lingering,prob,upstream_rev_repair_native,No,0.0007267423789016902,0.009069942869246006,1,My,29e9c2e709ffe9ec3da174f72bcbd5df6a6e982a94edd539d9569bfa86f025e9
amouyal:254,set_4,non_gp,simple,prob,upstream_rev_repair_native,Yes,0.9714083075523376,0.01231948472559452,1,My,4082a645e7c7ea46b730af6679ac5b8e967d254eaec24359d1a7a89918e880c2
amouyal:255,set_4,non_gp,lingering,prob,upstream_rev_repair_native,No,0.00017394473252352327,0.033240608870983124,1,My,9917861218cedb6b293ac5cf219c64d982ddecb973605a7a9984ea83a48b9d5e
amouyal:256,set_5,gp,simple,prob,upstream_rev_repair_native,Yes,0.0009392349165864289,0.7479632496833801,0,No,fb4451ad8bb494b7836b12cfdd2c2221408276d979131ad09c8cd78909e54441
amouyal:257,set_5,gp,lingering,prob,upstream_rev_repair_native,No,1.8472919691703282e-06,0.4594142735004425,1,My,ef8cc013b0a5933be8308d8a8a4896a68e73730876aa8dfb041f35c748c49746
amouyal:258,set_5,non_gp,simple,prob,upstream_rev_repair_native,Yes,0.9999392628669739,0.9074447154998779,1,Yes,38d5526c35ba1160d6d32e2bb3198655fc91a90c1c577525e4e5aa70faccc56a
amouyal:259,set_5,non_gp,lingering,prob,upstream_rev_repair_native,No,2.3013439204078168e-05,0.290115088224411,1,My,728e56504474c30d6be070cdae2a2c381a04bbc51b9bdad50b76f8d4899a293c
amouyal:260,set_6,gp,simple,prob,upstream_rev_repair_native,Yes,0.002887016162276268,0.055081807076931,0,My,0b05979ed8c3c2e46c46c29b8b4ae768afaec790605db92816aedcb696866d97
amouyal:261,set_6,gp,lingering,prob,upstream_rev_repair_native,No,0.0012413645163178444,0.004918868653476238,1,My,77c1e96e6b2de5a1f7cb5cc7c70515f0fbf06ac624d749114c01891f47855530
amouyal:262,set_6,non_gp,simple,prob,upstream_rev_repair_native,Yes,1.0,0.9953538179397583,1,Yes,28a0d185a8c6a745b2f3e371e378329293a2eff177dc249f8655094226310ef4
amouyal:263,set_6,non_gp,lingering,prob,upstream_rev_repair_native,No,0.9977366924285889,0.021896926686167717,0,My,bb9e589b4bd4194461697ae00394d4fb7577e1863c5235f067a94c6b232a7758
amouyal:264,set_7,gp,simple,prob,upstream_rev_repair_native,Yes,0.000763945106882602,0.32243049144744873,0,My,d8d4acb674ab552970633531b6041cee9fd2e992a91f0ee6f66e36a2e77f034f
amouyal:265,set_7,gp,lingering,prob,upstream_rev_repair_native,No,0.00023364255321212113,0.006763236131519079,1,My,4f1021deef0a4994305edddbbff7fd1e96b2b7b6be758049cdcfc1edf07de079
amouyal:266,set_7,non_gp,simple,prob,upstream_rev_repair_native,Yes,0.9999943971633911,0.8126537203788757,1,Yes,5610d9bdb6eef893f2fd860091ead1eaad3e83b2fd1878f695f5e951e8c73551
amouyal:267,set_7,non_gp,lingering,prob,upstream_rev_repair_native,No,0.001249487861059606,0.001080216490663588,1,My,f5c9590de8d1f47f7d7f0a56ce796a42d13710ae7ee62f1bd595ab20552ad394
amouyal:268,set_8,gp,simple,prob,upstream_rev_repair_native,Yes,6.977641896810383e-05,0.36071333289146423,0,My,b88fe6a47e734ba90b198116577a324d20d2c67d8d08498b9b90eb0ae06e66c3
amouyal:269,set_8,gp,lingering,prob,upstream_rev_repair_native,No,1.9755669200094417e-05,0.019371043890714645,1,My,5d762360bdfab5343f555cb8105237c6a0c5818b8c459a1fec20051a80809a68
amouyal:270,set_8,non_gp,simple,prob,upstream_rev_repair_native,Yes,1.0,0.991678774356842,1,Yes,1acfd8005d8676c661f504c973eb530a2cbe8f55a0cf06f083de7adbcb4210c9
amouyal:271,set_8,non_gp,lingering,prob,upstream_rev_repair_native,No,0.01526891253888607,0.019538892433047295,1,My,cf63b7abcd763c461cbddb41ce7c510c07e6260794601f2eeec3c32e8b58af21
amouyal:272,set_9,gp,simple,prob,upstream_rev_repair_native,Yes,0.0032171220518648624,0.06654553860425949,0,My,a3ed530df56bf72dc64580823cad6025a8bba26b7d738fd49a9e2bd1ee1d2e05
amouyal:273,set_9,gp,lingering,prob,upstream_rev_repair_native,No,0.0003211050934623927,0.011247989721596241,1,My,3810f02e53cb5cf70d5fa18f9b69d48f9e821e55731b326c5e0d6251491d2729
amouyal:274,set_9,non_gp,simple,prob,upstream_rev_repair_native,Yes,0.9999974370002747,0.7409452795982361,1,Yes,f6ab23b449234b0d8b0809516fb7fdce462e2f7eb17146a83649a34da5026f16
amouyal:275,set_9,non_gp,lingering,prob,upstream_rev_repair_native,No,0.010635356418788433,0.0014308589743450284,1,My,1ecc6315327439aa97db8266a8e06d8b2790702b64d9c3bcf1d68ea6b2d9d07d
amouyal:0,set_10,gp,simple,prob,upstream_rev_repair_prefill,Yes,0.0006901971064507961,0.9998055696487427,0, No,66f75748de71b2cadd49389615d70de33d15d708c726d7f2b8e1e074d17eea4a
amouyal:1,set_10,gp,lingering,prob,upstream_rev_repair_prefill,No,0.01661701314151287,0.9997454285621643,1, No,15c2d59f5bc9c6da4eb177f4d0d099580e3bb855ad2e8077db61762fc355df7e
amouyal:2,set_10,non_gp,simple,prob,upstream_rev_repair_prefill,Yes,0.12165088206529617,0.9992401003837585,0, No,61ec74ef3129a6a0794ce870e209cc616137656c32e89e5210add4bf0504b5fc
amouyal:3,set_10,non_gp,lingering,prob,upstream_rev_repair_prefill,No,0.00027125689666718245,0.9997722506523132,1, No,1aca70b852613b574e49fdf50f17487eaea29f40c96ef4b01c4c6d37daf40f53
amouyal:4,set_11,gp,simple,prob,upstream_rev_repair_prefill,Yes,0.22221729159355164,0.9994741082191467,0, No,ddba68c5aa26a1423dfa2860a6dd2f6223c56214ef6387e6ccaa32ddd2f83f18
amouyal:5,set_11,gp,lingering,prob,upstream_rev_repair_prefill,No,0.9472880363464355,0.9994343519210815,0, Yes,12e2110263469e15752156264fbaf7dee572530476e2a84aa3a56f4b15a08a0c
amouyal:6,set_11,non_gp,simple,prob,upstream_rev_repair_prefill,Yes,0.9960113763809204,0.9993154406547546,1, Yes,bd3bf54ed3c84f4371bcbdf5a2a67cfc15664f35941710ae0a544b60ed04e18f
amouyal:7,set_11,non_gp,lingering,prob,upstream_rev_repair_prefill,No,0.8892278671264648,0.9991815686225891,0, Yes,7c274951a0b397c08784b22f0ca4ffa636431fc1fe7875aac89ee2ef570e38bc
amouyal:8,set_12,gp,simple,prob,upstream_rev_repair_prefill,Yes,0.0650925412774086,0.9995981454849243,0, No,13dc1534b35239b297cf0dc811a39d745a8175f885e471960dc350ebbe67edb7
amouyal:9,set_12,gp,lingering,prob,upstream_rev_repair_prefill,No,0.45848074555397034,0.999542236328125,1, No,2deaaa8dc5d750cf0151e74a1a70d41c638571bab9b9b80873ecf68c1a6b6cc7
amouyal:10,set_12,non_gp,simple,prob,upstream_rev_repair_prefill,Yes,0.9984166622161865,0.9994357228279114,1, Yes,f75034cb0553ca94d4476857278cefc5f465c13de13506c4ee022ce304e7922b
amouyal:11,set_12,non_gp,lingering,prob,upstream_rev_repair_prefill,No,0.9986003041267395,0.9992038607597351,0, Yes,40f99b1b11ef247df9df9079a0d25225d473e9a4b4246ce400eebc97c5e5721a
amouyal:12,set_13,gp,simple,prob,upstream_rev_repair_prefill,Yes,0.028067760169506073,0.9997833371162415,0, No,832046aed2686e05b118a3023a91fd5c82f15ae0d0e60d23ea1f8e90e3c664bd
amouyal:13,set_13,gp,lingering,prob,upstream_rev_repair_prefill,No,1.1915072718693409e-05,0.999955415725708,1, No,42ae5df2a41e71773e29c2b823d1f3a78231da15d5e43bb2a138cabec653121a
amouyal:14,set_13,non_gp,simple,prob,upstream_rev_repair_prefill,Yes,0.9883707761764526,0.9994477033615112,1, Yes,bdc519f64896c570eaa2f4013acf75632f38409daf02bafd66a57c5e5312b7b5
amouyal:15,set_13,non_gp,lingering,prob,upstream_rev_repair_prefill,No,0.0006164053920656443,0.9999129772186279,1, No,36c4c937e3a02794cc169496b1ef67e53d3c48ce6a232db8c68f4ce1e9d01d0b
amouyal:16,set_14,gp,simple,prob,upstream_rev_repair_prefill,Yes,1.312020503974054e-05,0.9997599124908447,0, No,93ee79ef0645de41a37c5a589e4fb3d314b92dc8ca6579b5223d2307d6018993
amouyal:17,set_14,gp,lingering,prob,upstream_rev_repair_prefill,No,0.0011062176199629903,0.99983149766922,1, No,782d16989309fbe979dbdc64e1c1c4982b85943c47e494d8840abf908fea54df
amouyal:18,set_14,non_gp,simple,prob,upstream_rev_repair_prefill,Yes,0.002535224659368396,0.9998389482498169,0, No,4709170936e38cf23390ac86559b62929f80ddcfb16d00cc63e2a3d8737083b3
amouyal:19,set_14,non_gp,lingering,prob,upstream_rev_repair_prefill,No,2.0852402826676553e-07,0.9998615980148315,1, No,611d35cb670b3257e9697a92a3049682a2ec20eae07eaabd7ccde1b54437e662
amouyal:20,set_15,gp,simple,prob,upstream_rev_repair_prefill,Yes,0.9815877079963684,0.9994987845420837,1, Yes,3d51d7fecb203bd6d978011f9e613b9fa01620217d449c19daf6f1b5425a169a
amouyal:21,set_15,gp,lingering,prob,upstream_rev_repair_prefill,No,0.9719730615615845,0.9986804723739624,0, Yes,e04573359561efba32d44cc3983e384c3631cdfc9ddbe2fe820000afbb1768e4
amouyal:22,set_15,non_gp,simple,prob,upstream_rev_repair_prefill,Yes,0.9994427561759949,0.9994193315505981,1, Yes,a54ba8e421b5e70355a5c2ad8676c3724184b0f42800507ce4e1ad9b03b78f8a
amouyal:23,set_15,non_gp,lingering,prob,upstream_rev_repair_prefill,No,0.9839658141136169,0.9982302188873291,0, Yes,aa2d7e098bdb907eff65958daeec1a4a00708f73d08dfa7b26b8f2ad293fdda9
amouyal:24,set_16,gp,simple,prob,upstream_rev_repair_prefill,Yes,0.05996191129088402,0.9996348023414612,0, No,280d6ab601ee17756e9f141919ce7feec3be13d4b08efd9ddf11e5d992d85b51
amouyal:25,set_16,gp,lingering,prob,upstream_rev_repair_prefill,No,0.006386779248714447,0.9998690485954285,1, No,56b0d1bf2f60654dc8709f3b34ea6c42b2c12461eee94317bea26605eb88c4c6
amouyal:26,set_16,non_gp,simple,prob,upstream_rev_repair_prefill,Yes,0.9997442960739136,0.9994356036186218,1, Yes,5f0656c94b4c06119e6ac5e0edf16548b31cd841a91f7fe2e47cfa2005125d23
amouyal:27,set_16,non_gp,lingering,prob,upstream_rev_repair_prefill,No,0.997647762298584,0.9991552233695984,0, Yes,750c645eb3c3f11114f078ff4f9f6cc37d17c69f588bae612acefad22ce2aded
amouyal:28,set_17,gp,simple,prob,upstream_rev_repair_prefill,Yes,0.7767314314842224,0.9992830157279968,1, Yes,02475d80e0593332ac2f105e046d0a3d5b86a9193a61f087d752cc59af39ee8a
amouyal:29,set_17,gp,lingering,prob,upstream_rev_repair_prefill,No,0.09810501337051392,0.999525249004364,1, No,48f39cfc91cc8c15c3777a8dab1154cf69a1d67db6771b86ff71fa805bd71226
amouyal:30,set_17,non_gp,simple,prob,upstream_rev_repair_prefill,Yes,0.9998452067375183,0.9996232986450195,1, Yes,7160c5309d2bcaba428317f257812ae8616f910911e1350b700cf8612c2a22b6
amouyal:31,set_17,non_gp,lingering,prob,upstream_rev_repair_prefill,No,4.089248250238597e-06,0.9999534487724304,1, No,a1334c69e324be848a1203eb9d6979376108db8bcfdf2e8a33e4896f182af678
amouyal:32,set_18,gp,simple,prob,upstream_rev_repair_prefill,Yes,0.00533977011218667,0.9998681545257568,0, No,b9540ddd113310d45ce2d66b489b56fbbaf123adacc8c6daac3094c39d587a0a
amouyal:33,set_18,gp,lingering,prob,upstream_rev_repair_prefill,No,1.050521223078249e-05,0.9999470710754395,1, No,fe40cfec3978b76b032b47e76d6fa611cb356ed6a46c934d31874a579d410ad0
amouyal:34,set_18,non_gp,simple,prob,upstream_rev_repair_prefill,Yes,0.8764009475708008,0.9982736110687256,1, Yes,6d31d2808bfbfb93dff541d67baccdd7b0b067e46e58e1a00ff1917ba7a0fdee
amouyal:35,set_18,non_gp,lingering,prob,upstream_rev_repair_prefill,No,0.03664182126522064,0.999476969242096,1, No,730fd5ae20842a71f09f841c418d47bd65dc31a77b56a98c15b9a6265e26491c
amouyal:36,set_19,gp,simple,prob,upstream_rev_repair_prefill,Yes,0.8609710931777954,0.9992930889129639,1, Yes,eb731bebaee621fa654c5c8e3ff019742861d16d7a04a5c86173c7032fc8529e
amouyal:37,set_19,gp,lingering,prob,upstream_rev_repair_prefill,No,0.02052338235080242,0.9999357461929321,1, No,124e16b6617e0ac4b9cb683cfc3ecc426fe5732e74d6e625f8615f1c26507f5f
amouyal:38,set_19,non_gp,simple,prob,upstream_rev_repair_prefill,Yes,0.9994897842407227,0.9992657899856567,1, Yes,a918ed1272b6a68a6db18e479f99dbfb234db10fa6391ef9a4ad09acbade1618
amouyal:39,set_19,non_gp,lingering,prob,upstream_rev_repair_prefill,No,0.9983550310134888,0.9992570877075195,0, Yes,ff5d3b68867cdbfd859d49984c40a2afa2250907c6a8a380f54b0dcd4b24f74d
amouyal:40,set_20,gp,simple,prob,upstream_rev_repair_prefill,Yes,0.013055522926151752,0.9997060298919678,0, No,3b0e5c8ea94ee522fc6f39d2e7cee2d5a84410b2d9a6e16955a012d98a4d9093
amouyal:41,set_20,gp,lingering,prob,upstream_rev_repair_prefill,No,0.0002075687370961532,0.9998701810836792,1, No,44656b3a2bb8926c9dea223122702523d59e813d933182d359ddd3262faf3ef9
amouyal:42,set_20,non_gp,simple,prob,upstream_rev_repair_prefill,Yes,0.9983364939689636,0.9987670183181763,1, Yes,80806df06fc9f1b4322df150bb61207923f14b480f7feb1547d907c0523fe08b
amouyal:43,set_20,non_gp,lingering,prob,upstream_rev_repair_prefill,No,1.2206330666231224e-06,0.9998705387115479,1, No,3130513346f45177b78f15611fbce3b355560f7e9d4de9f5cfffbe0026eb302a
amouyal:44,set_21,gp,simple,prob,upstream_rev_repair_prefill,Yes,0.0038031127769500017,0.9996950030326843,0, No,c6223f697e4cf442619a4896b422ce264090bce32aa037282d84226ad28e6852
amouyal:45,set_21,gp,lingering,prob,upstream_rev_repair_prefill,No,0.00042804525583051145,0.9999131560325623,1, No,6c57b42ac5affa46278a9aad5e72103cef1580ff1481150d040db733f762346d
amouyal:46,set_21,non_gp,simple,prob,upstream_rev_repair_prefill,Yes,0.9993133544921875,0.9988376498222351,1, Yes,4de849547cb95c43e75a03bc46e63f81e9b80c9e275d0f92ffc5dabe535fef57
amouyal:47,set_21,non_gp,lingering,prob,upstream_rev_repair_prefill,No,0.8563544154167175,0.998157799243927,0, Yes,98f7b2ea318d48822af0dcb735d97d384d6ce5aaf377bafca1ca40416fe61e42
amouyal:48,set_22,gp,simple,prob,upstream_rev_repair_prefill,Yes,0.9361990094184875,0.9979275465011597,1, Yes,fc53cac56915d4e6a144057df9283c2ec722cd3141e73fd739854f538503049c
amouyal:49,set_22,gp,lingering,prob,upstream_rev_repair_prefill,No,0.09805218130350113,0.999579668045044,1, No,3b06526769516c5a719ca4b519a62a74bccfcc27865656cf56eb2bbaf4fb2134
amouyal:50,set_22,non_gp,simple,prob,upstream_rev_repair_prefill,Yes,0.9946613311767578,0.9979737401008606,1, Yes,5e509bf2f1f3d2b82b87a329f57e43b4f076ab5fe8ceab42ac7d95d26c853cc1
amouyal:51,set_22,non_gp,lingering,prob,upstream_rev_repair_prefill,No,0.014880022034049034,0.9997494220733643,1, No,aed35aefe21da2fd8ea09825ad78e5e0a410b8fc6ef9bfea6ec8ebdf84f46a7c
amouyal:52,set_23,gp,simple,prob,upstream_rev_repair_prefill,Yes,0.052815262228250504,0.999602735042572,0, No,507e3efb519224e074c05eb28e3c3a0fbedde11f809d5cdfd7e985121d44ce91
amouyal:53,set_23,gp,lingering,prob,upstream_rev_repair_prefill,No,0.013323850929737091,0.9996359348297119,1, No,d952342069d2ff2522cc53dd418261fd785c1e7b5fbfd597e5a5b8b8c692095e
amouyal:54,set_23,non_gp,simple,prob,upstream_rev_repair_prefill,Yes,0.9956406950950623,0.9995347261428833,1, Yes,4aae18a87f4b457b9aa4c3a6026420d95d40ce0abf10fe509d8182ba83548f84
amouyal:55,set_23,non_gp,lingering,prob,upstream_rev_repair_prefill,No,0.7806052565574646,0.9985297918319702,0, Yes,031342ddaf2cfaa5138ea645e032ac1bb82aac7f18a3c032371ceef1766a204f
amouyal:56,set_24,gp,simple,prob,upstream_rev_repair_prefill,Yes,0.30506429076194763,0.9989683032035828,0, No,abafc400b9ebe5d19d10235c30b86f2b9eb16dcddcfc09ce2d5d0012e9834718
amouyal:57,set_24,gp,lingering,prob,upstream_rev_repair_prefill,No,2.0781840248673689e-07,0.9999197125434875,1, No,8bd3e3b94c86eb0d66b817ab13df967d7d20e513d1ca900753d2c7b3b049dcf3
amouyal:58,set_24,non_gp,simple,prob,upstream_rev_repair_prefill,Yes,0.9856508374214172,0.9989938735961914,1, Yes,19f6734d6e93bc13e254ac427e40b69c8339db522be08d80aa9991f6c3a7a1de
amouyal:59,set_24,non_gp,lingering,prob,upstream_rev_repair_prefill,No,2.563165457658556e-09,0.9999335408210754,1, No,b475ca370d6a7c8d6abe4fb075c36a7296b8b2f178e33ab90f2b02ffd8e81b21
amouyal:60,set_25,gp,simple,prob,upstream_rev_repair_prefill,Yes,0.9714860916137695,0.9998034238815308,1, Yes,5dc8c1006a74138927ce199cc7c327541fe1644aaf92842335a286ecca3d39a5
amouyal:61,set_25,gp,lingering,prob,upstream_rev_repair_prefill,No,0.06875593960285187,0.9998422265052795,1, No,0981a1c57d8cdd910ae68bae40c5747c7f308a718972d3bea6e4f24f73eba358
amouyal:62,set_25,non_gp,simple,prob,upstream_rev_repair_prefill,Yes,0.994137704372406,0.9994734525680542,1, Yes,6d54bd86f1e6fdf60649a8c1df72720f62f6b32295278a049caf33d332fcab44
amouyal:63,set_25,non_gp,lingering,prob,upstream_rev_repair_prefill,No,0.8568695783615112,0.9991803765296936,0, Yes,6dd090c0f568347413bd81d01692c4fd6292370b75318dfb5b311aa01c742ac7
amouyal:64,set_26,gp,simple,prob,upstream_rev_repair_prefill,Yes,0.5483289361000061,0.9993703961372375,1, Yes,4ed53f8f0ff32e493d30369d0f90af9d63405d70eba3ffb0c12a664219201598
amouyal:65,set_26,gp,lingering,prob,upstream_rev_repair_prefill,No,8.000487241588417e-07,0.999936044216156,1, No,a6a87f097c1bc8608a0710fbcb5a8ab4a4373fee90d2065b738cc59ed309d01a
amouyal:66,set_26,non_gp,simple,prob,upstream_rev_repair_prefill,Yes,0.9961354732513428,0.9992229342460632,1, Yes,f062fde0b50a89093970feff4aae22ae74515f7a22d8b392d016854f0799e8e5
amouyal:67,set_26,non_gp,lingering,prob,upstream_rev_repair_prefill,No,0.4152465760707855,0.9985063672065735,1, No,baa76237a1fa7090124680b5b4678dd7e06071e933918f8bae43d65735ac1543
amouyal:68,set_27,gp,simple,prob,upstream_rev_repair_prefill,Yes,0.8423527479171753,0.9988165497779846,1, Yes,273b1df728fb57935b8bdc9d745f51173a1d74eb4a982b9367c6bd7dd0002876
amouyal:69,set_27,gp,lingering,prob,upstream_rev_repair_prefill,No,0.7153257131576538,0.9958617687225342,0, Yes,62803db28045feded20a327dc30bcb911e79245e5a02c4fec365ec0600bddba5
amouyal:70,set_27,non_gp,simple,prob,upstream_rev_repair_prefill,Yes,0.9869222640991211,0.9989408850669861,1, Yes,b72e56cf99eb5eb2d4e576dd0d78cc65b2356928e3ce87d1269eec9adb3d0ff7
amouyal:71,set_27,non_gp,lingering,prob,upstream_rev_repair_prefill,No,0.8094361424446106,0.995901346206665,0, Yes,1065e2695b4fdda308601ec763ccec164da9f25d919fa9adcd8b877d4064e735
amouyal:72,set_28,gp,simple,prob,upstream_rev_repair_prefill,Yes,0.007298165466636419,0.9994791150093079,0, No,00ad1dcfed33d68c2978133967d5f19a918aa23c773f83f9ca70817b1f400d97
amouyal:73,set_28,gp,lingering,prob,upstream_rev_repair_prefill,No,5.090029844723176e-06,0.9999254941940308,1, No,6d95ce4fe928da695f4758fb35ebebda7f56a2401b49cebbe506b6cc100faba4
amouyal:74,set_28,non_gp,simple,prob,upstream_rev_repair_prefill,Yes,0.91108638048172,0.9987084865570068,1, Yes,a12e7f128df4d060c217b9487f455d02349ad87ea49d2936808f249917e69477
amouyal:75,set_28,non_gp,lingering,prob,upstream_rev_repair_prefill,No,0.9983726739883423,0.9994933009147644,0, Yes,7236ef8df606b87b8e592168fda34e4f624d7fcaa1f3d16e335237844540f74d
amouyal:76,set_29,gp,simple,prob,upstream_rev_repair_prefill,Yes,0.24842624366283417,0.99942946434021,0, No,60ef1820a04d9e7754d80d28b43ff4539fdd10a49b39520b0f04d1c19be9f154
amouyal:77,set_29,gp,lingering,prob,upstream_rev_repair_prefill,No,0.010720831342041492,0.9998756051063538,1, No,b319f5eb8fa702c376a0c68a3d45a77d2af7a56c848e4ef85c27545e3b4025e6
amouyal:78,set_29,non_gp,simple,prob,upstream_rev_repair_prefill,Yes,0.9972080588340759,0.9990562796592712,1, Yes,17919452b26b1ad219ee98056ba18c135b5d4d389eb60ff39fc9442de9f7b8d1
amouyal:79,set_29,non_gp,lingering,prob,upstream_rev_repair_prefill,No,0.0012946887873113155,0.9998018741607666,1, No,6818a5fcec0bb8a8829c30c975080fdfa74b2cb244166a3b7fe1c1d54bc70c7e
amouyal:80,set_30,gp,simple,prob,upstream_rev_repair_prefill,Yes,0.9922981858253479,0.9994216561317444,1, Yes,5bb220d33377d1c18dfa6ea04e4e749c06c8ecf008d93be6e6d9e08f44436759
amouyal:81,set_30,gp,lingering,prob,upstream_rev_repair_prefill,No,0.00025040467153303325,0.9999051690101624,1, No,d293d5e704a07466280f97554eff7bd3a52d9489b08ae9fbc104d975eb893bad
amouyal:82,set_30,non_gp,simple,prob,upstream_rev_repair_prefill,Yes,0.9998309016227722,0.9989898204803467,1, Yes,176b4d55baed4156657021c8d52a035560dc2b047142d48f47397be47e78f3d1
amouyal:83,set_30,non_gp,lingering,prob,upstream_rev_repair_prefill,No,0.9745633602142334,0.9979372024536133,0, Yes,9440d69e2b6946495c28c62895106ce818f39c223124805de63adc8b80ac9a2d
amouyal:84,set_31,gp,simple,prob,upstream_rev_repair_prefill,Yes,0.02910946123301983,0.999884843826294,0, No,c83ba1013067e8ca8e74e007d0126248252688a22956fad950f8b2287a31641d
amouyal:85,set_31,gp,lingering,prob,upstream_rev_repair_prefill,No,1.9503175280988216e-05,0.9999809265136719,1, No,1074f0ab683e124a7c639fac5fb89f075674f4006c745cff1ee1fd8d62ec2655
amouyal:86,set_31,non_gp,simple,prob,upstream_rev_repair_prefill,Yes,0.997488260269165,0.9996238946914673,1, Yes,9f9ab9fc0b93b54ac760f48d88db10e0c9c7b7bb366e0d08e1b3eae4e0be3556
amouyal:87,set_31,non_gp,lingering,prob,upstream_rev_repair_prefill,No,0.6078905463218689,0.9989750385284424,0, Yes,3132908d950b46e4f3874a81fef6356f117ce5205203449faa348cdcafd069e6
amouyal:88,set_32,gp,simple,prob,upstream_rev_repair_prefill,Yes,0.1886063814163208,0.999343752861023,0, No,c1cde6da90d38af77f5d0ad0a556e048368c95a544e1e7d3e64b06c4fef1ee20
amouyal:89,set_32,gp,lingering,prob,upstream_rev_repair_prefill,No,4.7106621536840976e-07,0.9999229311943054,1, No,fbe5966c9fc80223283a9bfc1a5b4c2a8ecb216126ba29634788214193042f6b
amouyal:90,set_32,non_gp,simple,prob,upstream_rev_repair_prefill,Yes,0.9957361221313477,0.9991862773895264,1, Yes,704652645bad03754cf0a45b9d4053d59d0101855927adb155ac7ea89690f1df
amouyal:91,set_32,non_gp,lingering,prob,upstream_rev_repair_prefill,No,0.15988795459270477,0.9991962909698486,1, No,6552a90839da54acca2adc6e2e011c0c70942a9ceb4f18f0d7bd55e9a199e78b
amouyal:92,set_33,gp,simple,prob,upstream_rev_repair_prefill,Yes,0.00027737472555600107,0.9999781250953674,0, No,d3a538b13e15725a382e539ebf158ccdb1a1825d6ded0f61aafb63eb66b55793
amouyal:93,set_33,gp,lingering,prob,upstream_rev_repair_prefill,No,2.510067861294374e-05,0.999967634677887,1, No,45b5b75303d6b5eb358f690b0d30c1d0667d5a16dad6384f9841beee6ff1decc
amouyal:94,set_33,non_gp,simple,prob,upstream_rev_repair_prefill,Yes,0.999685525894165,0.9996705055236816,1, Yes,1f3b5236610ed5a82bc6c69ea32453b2331a60c8edb762cb2152ecbbafc4e019
amouyal:95,set_33,non_gp,lingering,prob,upstream_rev_repair_prefill,No,0.760377049446106,0.9989237785339355,0, Yes,cf055c06cc9574897e205a72bf83f399d6b154eae67cf1b0338788e07a7d858f
amouyal:96,set_34,gp,simple,prob,upstream_rev_repair_prefill,Yes,0.8457375764846802,0.9988760352134705,1, Yes,da13eabaeddee72d8bf1934e088e3a965ba32866d5b2a781e584b63a84917285
amouyal:97,set_34,gp,lingering,prob,upstream_rev_repair_prefill,No,1.6358801531168865e-06,0.9999113082885742,1, No,3358d8e13adc9f46408244bcfc30d91486f8b0b18b51e973427471f3635b48ad
amouyal:98,set_34,non_gp,simple,prob,upstream_rev_repair_prefill,Yes,0.9998730421066284,0.9990136623382568,1, Yes,357d9f8457c31257ea34f43fc1249ff6fd3d4f357e2bfab88819d352af0abb62
amouyal:99,set_34,non_gp,lingering,prob,upstream_rev_repair_prefill,No,0.6658161878585815,0.9991271495819092,0, Yes,fd1bd6ff47f9e833589bd6cb13f4a30b4392afe6488f16ba0b993e096e1d70a9
amouyal:100,set_35,gp,simple,prob,upstream_rev_repair_prefill,Yes,0.0003598362090997398,0.999754786491394,0, No,db2ecfd2f5631782daf6914ecfeccae1e20712790280f7c176d176b98f03be26
amouyal:101,set_35,gp,lingering,prob,upstream_rev_repair_prefill,No,0.00018391474441159517,0.9998142123222351,1, No,1f3bc602704b6a98bed7d3427cbfcbd15820f48ceb7a45199006d23d12010070
amouyal:102,set_35,non_gp,simple,prob,upstream_rev_repair_prefill,Yes,0.9957443475723267,0.9994062781333923,1, Yes,e4783bfc6242bdb742a687e84eeb230be72133c23467408e118b8f6da509d3de
amouyal:103,set_35,non_gp,lingering,prob,upstream_rev_repair_prefill,No,0.08690917491912842,0.9991177916526794,1, No,6a97cf5e0fb4aaabc36f465c6dc75369fdde44b1757845656780b00d4832853c
amouyal:104,set_36,gp,simple,prob,upstream_rev_repair_prefill,Yes,0.015226121060550213,0.9998687505722046,0, No,ee082dcfb85e5c28cf03014e3f63d4192302da8d7d2284da4514b003e3a2491b
amouyal:105,set_36,gp,lingering,prob,upstream_rev_repair_prefill,No,9.837194374995306e-05,0.9999544024467468,1, No,e1311db52149f1aba308e238517afe858cfd88b3e7a1493f6bb9f41a61ad3f79
amouyal:106,set_36,non_gp,simple,prob,upstream_rev_repair_prefill,Yes,0.9998881220817566,0.9991808533668518,1, Yes,b012403380ddd5d3e49cd9c5f6d215375add708444196eca3b34e1447a050fec
amouyal:107,set_36,non_gp,lingering,prob,upstream_rev_repair_prefill,No,0.5459135174751282,0.9988310933113098,0, Yes,244b04b9be89caf462bb745e4ba1f9e400de0aa3988b78375c6c8382b4041c12
amouyal:108,set_37,gp,simple,prob,upstream_rev_repair_prefill,Yes,4.296385668567382e-05,0.9999085664749146,0, No,cf8133649e3d9e929e4c612d45f203a0d5d82aaaa93d224bb5d0ce4170f1d664
amouyal:109,set_37,gp,lingering,prob,upstream_rev_repair_prefill,No,3.678573875731672e-06,0.9999507665634155,1, No,cf6b5959fa0414cf8c89629aee971cfe060089d573097f0384b8b6b255e20b9a
amouyal:110,set_37,non_gp,simple,prob,upstream_rev_repair_prefill,Yes,0.0050871716812253,0.999918520450592,0, No,f43f6c3fe30de647c4dffa2b1885f93219b0d711a0eb85e635bae8fe3dba1520
amouyal:111,set_37,non_gp,lingering,prob,upstream_rev_repair_prefill,No,0.0017486364813521504,0.9998959898948669,1, No,8199329555cac02fa5f9b1b31f252030e6e467e06db1e6f0ffc29b671fce3d19
amouyal:112,set_38,gp,simple,prob,upstream_rev_repair_prefill,Yes,0.00010430932888993993,0.9999181628227234,0, No,749f96bc62101644ee0a3024eafc49c6249ba2c6447b62e273af8224aac53c8a
amouyal:113,set_38,gp,lingering,prob,upstream_rev_repair_prefill,No,0.00030994825647212565,0.9999352097511292,1, No,6c1d538b0551fe0244fd22fb65ad46607daa3e1313dc2ad8125744b275869bd9
amouyal:114,set_38,non_gp,simple,prob,upstream_rev_repair_prefill,Yes,0.966050386428833,0.999343991279602,1, Yes,66e654a8b23f26bdc06bbe5568cc7fb40f4a49267e9508694e8e0c1f97a4f394
amouyal:115,set_38,non_gp,lingering,prob,upstream_rev_repair_prefill,No,9.029597514143006e-09,0.9999276995658875,1, No,c06625e1a29e04cd47ece9d1e90d749603334e6d68717315129e28a2c991c8dc
amouyal:116,set_39,gp,simple,prob,upstream_rev_repair_prefill,Yes,0.0017856231424957514,0.9998504519462585,0, No,0a13bce846c171f8cb4ad74628c70f7c306686328766be4fe37742b580d1aab2
amouyal:117,set_39,gp,lingering,prob,upstream_rev_repair_prefill,No,3.2398627809016034e-05,0.9999390244483948,1, No,7d7b11302912433d0390f5a36af125045114337637cbefdc181ca95c617e1b34
amouyal:118,set_39,non_gp,simple,prob,upstream_rev_repair_prefill,Yes,0.9982079267501831,0.9996340870857239,1, Yes,730e774816ee4164b5cdbdfb8725e848d6ff04b2dbe209ff542dd51b807be5cb
amouyal:119,set_39,non_gp,lingering,prob,upstream_rev_repair_prefill,No,0.9458419680595398,0.9991590976715088,0, Yes,3ed0005c67f0c0343ad32cf0cbd477ab135f1fc5829149eb29e09d9eb8f7ed67
amouyal:120,set_40,gp,simple,prob,upstream_rev_repair_prefill,Yes,0.0012465877225622535,0.9998517036437988,0, No,53d300adc28662fdcaa0aad6e2288fc66d523839c720fd7cb5371ff55f2c6173
amouyal:121,set_40,gp,lingering,prob,upstream_rev_repair_prefill,No,2.8018871489621233e-06,0.9999414086341858,1, No,d3c724e2d55b66ef021898bf02fb43f72ee2cfd0b57858bd03db0618732e8b5e
amouyal:122,set_40,non_gp,simple,prob,upstream_rev_repair_prefill,Yes,0.9812942743301392,0.9988769292831421,1, Yes,0c22c47db5b5bfa625db5009197b0f2e5c2da5b81ebf813b901daab8fbf3b6d0
amouyal:123,set_40,non_gp,lingering,prob,upstream_rev_repair_prefill,No,0.004877631552517414,0.9998621344566345,1, No,808924651db0f1c2e0062cd7261d98c0072c7c184cffb5a4f9c6f3fe63e5aca2
amouyal:124,set_41,gp,simple,prob,upstream_rev_repair_prefill,Yes,0.806969165802002,0.9992607831954956,1, Yes,87b9b2981b11ddaa2fb003c28fce594fc7ac2b2eef259bd38e2c0d7a0c24a1bd
amouyal:125,set_41,gp,lingering,prob,upstream_rev_repair_prefill,No,1.6766960470704362e-05,0.9998812675476074,1, No,7eb84cca462776947f0fbc7a90c38b60ddd862cf046e6e714126c539e6c547a1
amouyal:126,set_41,non_gp,simple,prob,upstream_rev_repair_prefill,Yes,0.9999606609344482,0.9992928504943848,1, Yes,0066db6aeeaa3b22eeb03a1fcf1dc5ffb37034260187976ed97d5eb210985454
amouyal:127,set_41,non_gp,lingering,prob,upstream_rev_repair_prefill,No,0.8595306277275085,0.994847297668457,0, Yes,37edb5dcf63c7e0c95ed088800eab584f11d689b39b547fe2c0c8a25af420f7b
amouyal:128,set_42,gp,simple,prob,upstream_rev_repair_prefill,Yes,0.9868457317352295,0.9997522234916687,1, Yes,7caeece37a5aea45dd2930db11b88b2937e2c7c61b92b8040f592004fed18d33
amouyal:129,set_42,gp,lingering,prob,upstream_rev_repair_prefill,No,0.34066271781921387,0.9993372559547424,1, No,658d4e2acef3cb8e6e440190883e6f8980b8a367e71e1117fd7596a4b43d3976
amouyal:130,set_42,non_gp,simple,prob,upstream_rev_repair_prefill,Yes,0.9998725652694702,0.9993844032287598,1, Yes,56579a7a57b4cf10207e39f4426ae8148ec180f5daa853814dbfbbf1c527ab64
amouyal:131,set_42,non_gp,lingering,prob,upstream_rev_repair_prefill,No,0.7171705365180969,0.9980457425117493,0, Yes,cc1188927f56a1755a4e7300613e1d00408ec2a4e4f322929bbb69bd697f0cfb
amouyal:132,set_43,gp,simple,prob,upstream_rev_repair_prefill,Yes,0.16937237977981567,0.9997701048851013,0, No,07cd0bdb9c0f13fdf16415031b1e9e9f0d755d0f73f92ccc34f73d46ba2ab2db
amouyal:133,set_43,gp,lingering,prob,upstream_rev_repair_prefill,No,2.58065597336099e-06,0.9999701976776123,1, No,902a6b380b30f009d92553748080365012685ee2cd1a214fc511e9bee8ad0125
amouyal:134,set_43,non_gp,simple,prob,upstream_rev_repair_prefill,Yes,0.9939771294593811,0.9992138743400574,1, Yes,f959a162bd87392c9ef2609e33541ceabdcc52f4a47a89c988f5e5ed5a6e2495
amouyal:135,set_43,non_gp,lingering,prob,upstream_rev_repair_prefill,No,0.9974963665008545,0.9989144206047058,0, Yes,087d9ac63c6f7ad88ba0ad59e6ad3a213fb4d48fa508504d1bf4fa4ad51de989
amouyal:136,set_44,gp,simple,prob,upstream_rev_repair_prefill,Yes,9.464850336371455e-06,0.9999354481697083,0, No,ae6ea89166de0d4756ce82ccd701ccb640d73e7ee916359974e1a74e62bd6c0d
amouyal:137,set_44,gp,lingering,prob,upstream_rev_repair_prefill,No,2.739259628015134e-07,0.9999275207519531,1, No,818300f63c3f835ccef6d36a468c35a7f93d9483fcf8a65d87c8a0e42440cc2b
amouyal:138,set_44,non_gp,simple,prob,upstream_rev_repair_prefill,Yes,0.05458653345704079,0.9994938373565674,0, No,1dc14014de5ff6a2ff6e399cd617d453d2bc0459a4aa56c15f8998f9c4ce4aaa
amouyal:139,set_44,non_gp,lingering,prob,upstream_rev_repair_prefill,No,6.492539796454366e-06,0.9999444484710693,1, No,f791db13c392c9ef53b7cfc5bf3f9170ae4479b4a4228f3a9ec0da4b75fe5f2e
amouyal:140,set_45,gp,simple,prob,upstream_rev_repair_prefill,Yes,0.0005894007626920938,0.9998047351837158,0, No,02434afc76f270db2028148bac045e6b4a9c4f0f3122ee324b155b4fa9d17cf6
amouyal:141,set_45,gp,lingering,prob,upstream_rev_repair_prefill,No,0.0012676623882725835,0.9998501539230347,1, No,43e24f9eaedcecea47ee770e2ec21598f3de68945d91525f68e0ef7e715048fa
amouyal:142,set_45,non_gp,simple,prob,upstream_rev_repair_prefill,Yes,0.9763583540916443,0.9981354475021362,1, Yes,88f7a3ab57354e1258325358a735fed67a48b0a23aede875c283349e5d17f3f2
amouyal:143,set_45,non_gp,lingering,prob,upstream_rev_repair_prefill,No,0.9853590130805969,0.9987218379974365,0, Yes,9c468eca6b0e04325aca15df1124d3075b435fb671b8841cf1c3be2ef31bf717
amouyal:144,set_hyp5_1,non_gp,simple,reflexive,upstream_rev_repair_prefill,Yes,0.9770809412002563,0.9983000755310059,1, Yes,0b5ba5b220a5d654207b37ecd21cc8452534ae4f0d58f1697c71d352da4cef91
amouyal:145,set_hyp5_1,non_gp,lingering,reflexive,upstream_rev_repair_prefill,No,0.9874280691146851,0.9992901682853699,0, Yes,665ebaca64fe05df58adbaac1f7d0335ba4dc3746435a3d77e785f911ddf3b97
amouyal:146,set_hyp5_2,non_gp,simple,reflexive,upstream_rev_repair_prefill,Yes,0.9986637234687805,0.9993565082550049,1, Yes,3fc954743ad5674a38186e4a7691fd1a38f524fc8cb75c13143f3e1daff73dc9
amouyal:147,set_hyp5_2,non_gp,lingering,reflexive,upstream_rev_repair_prefill,No,4.3094025570233896e-10,0.999975860118866,1, No,d53987e6b381d68eb200604b15c7c4ec7de684d3e41de670ca6e721ef3cfce65
amouyal:148,set_hyp5_3,non_gp,simple,reflexive,upstream_rev_repair_prefill,Yes,0.9996445775032043,0.999603271484375,1, Yes,b68e55ad758fcb3b8f46bb731e7a2830a197969b309c5189830f8a5cec927e1a
amouyal:149,set_hyp5_3,non_gp,lingering,reflexive,upstream_rev_repair_prefill,No,8.821720030027791e-07,0.999954104423523,1, No,f1e29391bf48658b746ccba6bdff4b13d1ad0731b76ca7d9af7d11b8d0339e84
amouyal:150,set_hyp5_4,non_gp,simple,reflexive,upstream_rev_repair_prefill,Yes,0.9349135756492615,0.9986362457275391,1, Yes,0b762c95ea0915de24ca14ee1691e5ebfc46c09a9750f41ca911bec202f747a1
amouyal:151,set_hyp5_4,non_gp,lingering,reflexive,upstream_rev_repair_prefill,No,0.0019789948128163815,0.9998685121536255,1, No,518b57e9d2fd030fa5e8370178d723a7f49f5c43da93943a0560a98a75202d5a
amouyal:152,set_hyp5_5,non_gp,simple,reflexive,upstream_rev_repair_prefill,Yes,0.9998301863670349,0.9992758631706238,1, Yes,5e97be1709f096dbdf08e390569031acde72df5774158f585116ba54a7155308
amouyal:153,set_hyp5_5,non_gp,lingering,reflexive,upstream_rev_repair_prefill,No,0.017728159204125404,0.9995850324630737,1, No,cb583c7e67e7f2e631efdcc4362165383badba8834c6f2d3d29483ec71daf1bf
amouyal:154,set_hyp5_6,non_gp,simple,reflexive,upstream_rev_repair_prefill,Yes,0.9941278696060181,0.999501645565033,1, Yes,8c10a7f1cc3164ffcf7b2f8cb104a50c3f3e0bd59b05a72acc7813845cac91db
amouyal:155,set_hyp5_6,non_gp,lingering,reflexive,upstream_rev_repair_prefill,No,3.965817450080067e-05,0.9999203681945801,1, No,8cc31831a99d59f5847d21deed96c7be759e77c9b2db728b75c33fa1cc2fcbfc
amouyal:156,set_hyp5_7,non_gp,simple,reflexive,upstream_rev_repair_prefill,Yes,0.9978840351104736,0.9992936253547668,1, Yes,e8dc99bad035b9239e80be3925bd9c04cde9a6d4bc4b4511bc16d1dd91d5098e
amouyal:157,set_hyp5_7,non_gp,lingering,reflexive,upstream_rev_repair_prefill,No,7.597039802931249e-05,0.9998652935028076,1, No,cbbff7f480301077102fa4bbfaeef1c119e988d4fa355c76d3c743f9e56940a8
amouyal:158,set_hyp5_8,non_gp,simple,reflexive,upstream_rev_repair_prefill,Yes,0.9957953095436096,0.9989270567893982,1, Yes,062800655502a0dd275404f275acd1607b4abd2d6f1e3a2d9d51fbe4909833ef
amouyal:159,set_hyp5_8,non_gp,lingering,reflexive,upstream_rev_repair_prefill,No,9.330809916718863e-06,0.9999216198921204,1, No,b9eb3119a6bec3e5edf4f6ef3621492ac67776dbbbb270575cd89496db09a286
amouyal:160,set_hyp5_9,non_gp,simple,reflexive,upstream_rev_repair_prefill,Yes,0.9947910308837891,0.9988142848014832,1, Yes,efe2eba04d0935374afc7a9532f4258db3c6c1b556be44a7dc4f0ca38720e86f
amouyal:161,set_hyp5_9,non_gp,lingering,reflexive,upstream_rev_repair_prefill,No,0.14076478779315948,0.9991405010223389,1, No,688e47158aa86eb5d862f19f4890cd8e2f19c2d8cf7739ff50b7b14c852c9132
amouyal:162,set_hyp5_10,non_gp,simple,reflexive,upstream_rev_repair_prefill,Yes,0.9986103177070618,0.9988477826118469,1, Yes,3c798b70e62b4b12e01610b699975f30d51a9d3c5894bf085b0e00d2a10fcc38
amouyal:163,set_hyp5_10,non_gp,lingering,reflexive,upstream_rev_repair_prefill,No,0.7074219584465027,0.998871922492981,0, Yes,ce0102314c5a47ade84c0009bafb5ac6fb1e8b254abb0e75155dfc2adf9c2d49
amouyal:164,set_hyp5_11,non_gp,simple,reflexive,upstream_rev_repair_prefill,Yes,0.9995405077934265,0.9994528889656067,1, Yes,cbfbbd3627e63850da3b79d705e5cdd68972796cbbb3e58fe9553867bb4f7797
amouyal:165,set_hyp5_11,non_gp,lingering,reflexive,upstream_rev_repair_prefill,No,1.8427883219374053e-08,0.9999641180038452,1, No,187e14723ed6d7d872864dcdd17d0420cdc7243b3dfcf4896358a17cca21b3f7
amouyal:166,set_hyp5_12,non_gp,simple,reflexive,upstream_rev_repair_prefill,Yes,0.9993228912353516,0.9989435076713562,1, Yes,3b8b1c39d8daf7bdd4c7ade3a4196e557788df7fde59e1bb7cc2b9b79ebf114c
amouyal:167,set_hyp5_12,non_gp,lingering,reflexive,upstream_rev_repair_prefill,No,0.004197299480438232,0.9999147057533264,1, No,827f01de052b3eaf98404ed937f8dccd2d2d022dea72669c8600ce6d8a31bc20
amouyal:168,set_hyp5_13,non_gp,simple,reflexive,upstream_rev_repair_prefill,Yes,0.9996135830879211,0.9993157386779785,1, Yes,d6b5fe23879567a1e63188a986c568f57efc3be93df6e5e970463d5600d89e54
amouyal:169,set_hyp5_13,non_gp,lingering,reflexive,upstream_rev_repair_prefill,No,0.06981975585222244,0.9994329810142517,1, No,363cf23374208cd32ce0c6f3e7c5b4a81a7adb41198c884ce9692003b447c065
amouyal:170,set_hyp5_14,non_gp,simple,reflexive,upstream_rev_repair_prefill,Yes,0.5963129997253418,0.9990231990814209,1, Yes,0985fc402b52f659424f2291e372f032be292c276f3db5933792fdcd363e7956
amouyal:171,set_hyp5_14,non_gp,lingering,reflexive,upstream_rev_repair_prefill,No,1.5531280723735108e-06,0.9998555183410645,1, No,d8ae22f1c531c31a2c0927bf4be268720004558f775609fa2af8b7af7590bad8
amouyal:172,set_hyp5_15,non_gp,simple,reflexive,upstream_rev_repair_prefill,Yes,0.9999585747718811,0.9993199706077576,1, Yes,768680f0b8b08bd8bc939e089d9adaaac5e6b3f5b8e2747adbb78535c35bc137
amouyal:173,set_hyp5_15,non_gp,lingering,reflexive,upstream_rev_repair_prefill,No,0.002666639629751444,0.9998695850372314,1, No,73c91c5a43bf664e650ffd691d65996a4aaafb269852f2e1dae3fc0f317b957a
amouyal:174,set_hyp5_16,non_gp,simple,reflexive,upstream_rev_repair_prefill,Yes,0.9990688562393188,0.9994895458221436,1, Yes,26ff7766d4894fb083d48bd53d904d180eaf86ca7657174479722cbf43887f21
amouyal:175,set_hyp5_16,non_gp,lingering,reflexive,upstream_rev_repair_prefill,No,0.03124970942735672,0.999176561832428,1, No,f64d20cc24e5de04c19d102ce61f1480436ac4682c3ba92df03f2214ac9e080c
amouyal:176,set_hyp5_17,non_gp,simple,reflexive,upstream_rev_repair_prefill,Yes,0.9979135990142822,0.9987889528274536,1, Yes,8bcca2ba0fb47ad9a00e464a118ffe63ba656bc169cbfb22240ec70282dc67d0
amouyal:177,set_hyp5_17,non_gp,lingering,reflexive,upstream_rev_repair_prefill,No,1.3242279806036095e-07,0.9999447464942932,1, No,54b8a74d42893f579c7bb22e101eae63eb1aca71f9ca82be2b1481efa8963e18
amouyal:178,set_hyp5_18,non_gp,simple,reflexive,upstream_rev_repair_prefill,Yes,8.494346559473342e-09,0.999934732913971,0, No,3a33b43b9c12dd70571615a8a8e17c4850a6c4d7a0c6a799778d6731b8126ce3
amouyal:179,set_hyp5_18,non_gp,lingering,reflexive,upstream_rev_repair_prefill,No,0.7458567023277283,0.9991239309310913,0, Yes,84f0fc9a7f421d00c7510c1cba6cd64a1c829438f4796d8bb1d8091099343289
amouyal:180,set_hyp5_19,non_gp,simple,reflexive,upstream_rev_repair_prefill,Yes,0.9987750053405762,0.9980608820915222,1, Yes,9ba7b887de6edf595adf6ab86257b16062f35592004f62d54467e878c498268e
amouyal:181,set_hyp5_19,non_gp,lingering,reflexive,upstream_rev_repair_prefill,No,0.027139820158481598,0.9995245337486267,1, No,8220b52d1d80a8b10a34976b454db2fcbf493df595becca46911e20285233ab2
amouyal:182,set_hyp5_20,non_gp,simple,reflexive,upstream_rev_repair_prefill,Yes,0.03429347649216652,0.9994362592697144,0, No,01ba9fa099ad2f0325da83e1b6954d9a4bc1ca62dd5ab9af24e388a1a83f08ea
amouyal:183,set_hyp5_20,non_gp,lingering,reflexive,upstream_rev_repair_prefill,No,1.739031904435251e-05,0.9998273849487305,1, No,39ebd890c7274ff0f72e24ac7ac4e03db6e1e558a446f078f178bb06de12adf6
amouyal:184,set_hyp5_21,non_gp,simple,reflexive,upstream_rev_repair_prefill,Yes,0.9509647488594055,0.9978010058403015,1, Yes,e87ca247597bd103804606cb1cbf41d12256909962b94d8e8c8c1438f4723342
amouyal:185,set_hyp5_21,non_gp,lingering,reflexive,upstream_rev_repair_prefill,No,0.6379332542419434,0.9992330074310303,0, Yes,4ff5b1c7c9de803d9f24a63fcfac93457eafaa7468edcf429ac93607a7d57f27
amouyal:186,set_hyp5_22,non_gp,simple,reflexive,upstream_rev_repair_prefill,Yes,0.992455244064331,0.9992989897727966,1, Yes,b075d4b88f2d5b044a599e766a679d70cc3e8dec8957108eefaac95de88cee7a
amouyal:187,set_hyp5_22,non_gp,lingering,reflexive,upstream_rev_repair_prefill,No,5.62391271330398e-08,0.9998832941055298,1, No,83427ef6b696cb3be8173cf8aa7350280bd04435731686932967f7c2fa34b1f3
amouyal:188,set_hyp5_23,non_gp,simple,reflexive,upstream_rev_repair_prefill,Yes,0.9999136924743652,0.9991540908813477,1, Yes,7c4b05851473f6b43a02c6b89d7b0ee76103f0e0adf44f04811aec93c215bec2
amouyal:189,set_hyp5_23,non_gp,lingering,reflexive,upstream_rev_repair_prefill,No,0.00015024555614218116,0.999963641166687,1, No,c85c233a4b5cc21561eb055ca5ccd31711b67063ba85b43071280143355efb22
amouyal:190,set_hyp5_24,non_gp,simple,reflexive,upstream_rev_repair_prefill,Yes,0.9999352097511292,0.9998067617416382,1, Yes,10a9160b7deed2db502e519bda6ef7abf043572caf4d7352f9e26c11461f544d
amouyal:191,set_hyp5_24,non_gp,lingering,reflexive,upstream_rev_repair_prefill,No,0.2436557114124298,0.9996242523193359,1, No,7422cc2b9eb48b277f43ced2aad7cd48d1538b5cea252516476126695921e6ed
amouyal:192,set_hyp5_1,gp,simple,reflexive,upstream_rev_repair_prefill,Yes,0.057512570172548294,0.9997613430023193,0, No,dc9173ae67d802187932672be7508efac23cd879e6f79789c1128310130b56ef
amouyal:193,set_hyp5_1,gp,lingering,reflexive,upstream_rev_repair_prefill,No,3.525265492498875e-05,0.9999677538871765,1, No,b6af67a6b3c6a08d85d12bedf379e1fce602a5f77dac837ff0fa691d4dc45ffe
amouyal:194,set_hyp5_2,gp,simple,reflexive,upstream_rev_repair_prefill,Yes,0.6073045134544373,0.9994795322418213,1, Yes,30d8b169f7a8e01cc0d867db7619c4086acd8337e9651e51e22a43bb89b830d4
amouyal:195,set_hyp5_2,gp,lingering,reflexive,upstream_rev_repair_prefill,No,1.8960996328587498e-08,0.9999783039093018,1, No,12d6df4ac75dbea08a9c3c003f41dc3b5cb74f110cabe1b5a78cdea1a3231019
amouyal:196,set_hyp5_3,gp,simple,reflexive,upstream_rev_repair_prefill,Yes,0.0010085629764944315,0.9999455213546753,0, No,b59c5b3dc4e4bcb54c3c739a4677366e69ebb806a098c7f4bab859a9fc540c85
amouyal:197,set_hyp5_3,gp,lingering,reflexive,upstream_rev_repair_prefill,No,0.00032632480724714696,0.9999377727508545,1, No,3bb899d5ba76e364723abc622281dd7edc28befac0e3f1d98cb031ef04049740
amouyal:198,set_hyp5_4,gp,simple,reflexive,upstream_rev_repair_prefill,Yes,0.01105415727943182,0.9998860359191895,0, No,fde84b0dd44aa858ac7605623fa17d725d036bbf63cdf1c9db0c03581fa6f604
amouyal:199,set_hyp5_4,gp,lingering,reflexive,upstream_rev_repair_prefill,No,0.00016911687271203846,0.9999462366104126,1, No,94324b582d99884af1604aa71c4302dd98f80c0c36968b7b9555289dbda8a373
amouyal:200,set_hyp5_5,gp,simple,reflexive,upstream_rev_repair_prefill,Yes,0.033053964376449585,0.9998286962509155,0, No,46399bb18143a0b80f78d8365e88a21840817df095c85da6f10e4ad5cfa1248d
amouyal:201,set_hyp5_5,gp,lingering,reflexive,upstream_rev_repair_prefill,No,5.06468995808973e-06,0.9999356269836426,1, No,14cbe8d79a996dcd9871f062688d5f29a2b923e2fbaf47ba6d1be3284e9ee107
amouyal:202,set_hyp5_6,gp,simple,reflexive,upstream_rev_repair_prefill,Yes,0.5789869427680969,0.9995644092559814,1, Yes,44dd062b609787ec6310c3fef951dc8fe89bf8038cfc11165ed69da3cf935b3b
amouyal:203,set_hyp5_6,gp,lingering,reflexive,upstream_rev_repair_prefill,No,0.3668851852416992,0.9986218810081482,1, No,af0a4cd768fd5336bb06c34e0a33ee842c5cfc701b4c4a89ab809ef1aa582e4a
amouyal:204,set_hyp5_7,gp,simple,reflexive,upstream_rev_repair_prefill,Yes,0.016946760937571526,0.9996724128723145,0, No,8bb1e317818084873ea74b4af074240a721bc5775d6dfbd6756f50c066451efc
amouyal:205,set_hyp5_7,gp,lingering,reflexive,upstream_rev_repair_prefill,No,5.900680844206363e-05,0.9999449849128723,1, No,183d68442be3beaaa4c9f1ef485abd341142322a92d0dc7872991e7407693668
amouyal:206,set_hyp5_8,gp,simple,reflexive,upstream_rev_repair_prefill,Yes,0.921058714389801,0.9990605711936951,1, Yes,a3cc850903239b32e0bcb9efc6f08a5be5a7ef32fc5941471146c98900da4729
amouyal:207,set_hyp5_8,gp,lingering,reflexive,upstream_rev_repair_prefill,No,2.3727536245132796e-05,0.9998902678489685,1, No,1f4db5d5d78f2f0ff91ba2856d95a210552ecc8025102a21104c73e2cdfc3267
amouyal:208,set_hyp5_9,gp,simple,reflexive,upstream_rev_repair_prefill,Yes,0.8414416313171387,0.9987450838088989,1, Yes,e06ab93285a60d8c3dd15f0a00ffca944626c01802abed533e03acf7cf8ca4b1
amouyal:209,set_hyp5_9,gp,lingering,reflexive,upstream_rev_repair_prefill,No,0.30580058693885803,0.9991836547851562,1, No,839786142b171e7ef68d8774862afa76482f29ed2d881823fc490f21de42408d
amouyal:210,set_hyp5_10,gp,simple,reflexive,upstream_rev_repair_prefill,Yes,0.6083681583404541,0.998887836933136,1, Yes,04fab6a033e25c4399e121465000cc5fea8ce42bbbba6b3a819101fcc4623080
amouyal:211,set_hyp5_10,gp,lingering,reflexive,upstream_rev_repair_prefill,No,0.00036102175363339484,0.9999282956123352,1, No,4b5823dd011917c5cdff310aae134e12637bac35cce50df9a24918f88e451d3f
amouyal:212,set_hyp5_11,gp,simple,reflexive,upstream_rev_repair_prefill,Yes,0.005153471603989601,0.9998735785484314,0, No,7f7ae1f55c3d589e1d03973622bfd7397918daca26e1b0fb93f7034c9d6b1c75
amouyal:213,set_hyp5_11,gp,lingering,reflexive,upstream_rev_repair_prefill,No,0.00020619065617211163,0.9999086856842041,1, No,0c5b1b4a2e16fecee10e4d397c3842e613138f697ad86715ad84434a7acf94f1
amouyal:214,set_hyp5_12,gp,simple,reflexive,upstream_rev_repair_prefill,Yes,0.8785783648490906,0.999225378036499,1, Yes,32256fe5db1506c58116f5666bf786c897eed5e0cd341e32f5998d1b688c2eaf
amouyal:215,set_hyp5_12,gp,lingering,reflexive,upstream_rev_repair_prefill,No,0.00027960925945080817,0.9999200105667114,1, No,15638652ebb35174f01f2dfbd43793fc9a686caf9da511de995704ee5cfcb5ea
amouyal:216,set_hyp5_13,gp,simple,reflexive,upstream_rev_repair_prefill,Yes,6.677526926068822e-06,0.9995379447937012,0, No,8a143fccc387ed741a8960cf1493529778dffc0c25588c96ad608dfaed151cec
amouyal:217,set_hyp5_13,gp,lingering,reflexive,upstream_rev_repair_prefill,No,3.9881056181911845e-06,0.9999402165412903,1, No,09e8191e38605181926b344966c3c16e7cbcc459b0ac88d049e487e5b964ea6a
amouyal:218,set_hyp5_14,gp,simple,reflexive,upstream_rev_repair_prefill,Yes,0.002769677434116602,0.9999337196350098,0, No,d10c4f018c2cf18dda2c64d02eb5cdd04bd06fb927a27bbbe269c3dac83ba0f7
amouyal:219,set_hyp5_14,gp,lingering,reflexive,upstream_rev_repair_prefill,No,3.893519533448853e-06,0.9998388886451721,1, No,0eebd6be288dac946a38185512844129449a1997f80c37dec8085171e7c443b3
amouyal:220,set_hyp5_15,gp,simple,reflexive,upstream_rev_repair_prefill,Yes,0.00015573536802548915,0.9999297857284546,0, No,a29b00f8d52f9a44f33ecae7a3a227cdb1ecdbbf24e9dc7a6b5a55ae4d5cbf3c
amouyal:221,set_hyp5_15,gp,lingering,reflexive,upstream_rev_repair_prefill,No,0.001930647762492299,0.9999369382858276,1, No,d2ce987c4b2d5e7fa74a83c56fdbd3c9c691ddc1a21a295503154784adcdd8f3
amouyal:222,set_hyp5_16,gp,simple,reflexive,upstream_rev_repair_prefill,Yes,0.008741660974919796,0.999762773513794,0, No,d801cb6d29bb3cd8f7f94f885ae2715ca091efbe9914ce36333b714c6ac379ca
amouyal:223,set_hyp5_16,gp,lingering,reflexive,upstream_rev_repair_prefill,No,0.0003834084200207144,0.9998115301132202,1, No,94989601b30ace1ccd4e4bd586f646c1a4ca54d6fca23502f1a42d185a68c29f
amouyal:224,set_hyp5_17,gp,simple,reflexive,upstream_rev_repair_prefill,Yes,0.9901455044746399,0.9991758465766907,1, Yes,8bb37b62d6ee95bdd2147a56a361f2fa90ca963e2cb39ce5917a5dc105ca433b
amouyal:225,set_hyp5_17,gp,lingering,reflexive,upstream_rev_repair_prefill,No,1.535183424827835e-09,0.999907910823822,1, No,5b03393bbb642252f65bed168b36d36a716bcf0f66a20964f3be31e7385929bd
amouyal:226,set_hyp5_18,gp,simple,reflexive,upstream_rev_repair_prefill,Yes,2.463723376422422e-07,0.9999809265136719,0, No,6a97c8f715aef9628e2e4879ed39e92f974c981c2a42f6eb62fea865115d8bab
amouyal:227,set_hyp5_18,gp,lingering,reflexive,upstream_rev_repair_prefill,No,0.006401630584150553,0.999867856502533,1, No,83d07a9b5eb1b703a01c080fc94bd615f11a171447fc0a05ed1752026b32dff8
amouyal:228,set_hyp5_19,gp,simple,reflexive,upstream_rev_repair_prefill,Yes,0.5233793258666992,0.9991371631622314,1, Yes,17fbf0cabac7f4e00b16d8e4dba3cc54ba77c5c4a22e3859aa7976d916300d9e
amouyal:229,set_hyp5_19,gp,lingering,reflexive,upstream_rev_repair_prefill,No,1.4484781786450185e-05,0.9999469518661499,1, No,da3b064d2d26134f1b69b97f85078b72697d51c88c8c4e91cecf81582fadbfc6
amouyal:230,set_hyp5_20,gp,simple,reflexive,upstream_rev_repair_prefill,Yes,0.05642678588628769,0.9995189309120178,0, No,2bac0b7ade594c112a98f20043fe12ac1aca625f5511fb028d37e9ffb7ede08c
amouyal:231,set_hyp5_20,gp,lingering,reflexive,upstream_rev_repair_prefill,No,1.8724728079178021e-06,0.999906599521637,1, No,64e0f8de9ef08a7049594e660a08aa7f613c2b917d1adc3de605ded9f78f8ade
amouyal:232,set_hyp5_21,gp,simple,reflexive,upstream_rev_repair_prefill,Yes,0.21596097946166992,0.9992541074752808,0, No,dbb84b309359344d78cdc5fae21bf8a0c747486b2a2880555fab9885f33b0ba2
amouyal:233,set_hyp5_21,gp,lingering,reflexive,upstream_rev_repair_prefill,No,8.499859177391045e-06,0.9999395608901978,1, No,4e92790834ac0910f540aed0ffb11efa5a5a8d74f637f7e6a2de97f23230ae8d
amouyal:234,set_hyp5_22,gp,simple,reflexive,upstream_rev_repair_prefill,Yes,0.010863278061151505,0.9995648860931396,0, No,cceff5b7cdaa57a5968ddf8accf26c552005e350f6063c1a51656b12b861f0fc
amouyal:235,set_hyp5_22,gp,lingering,reflexive,upstream_rev_repair_prefill,No,6.585039500350831e-07,0.9998506903648376,1, No,11c7fb0117e5cc07ff07f29b8767e673ebb9db32ed72f4a71884d15054e2f865
amouyal:236,set_hyp5_23,gp,simple,reflexive,upstream_rev_repair_prefill,Yes,0.2596004903316498,0.9991532564163208,0, No,f0966731d5276746fa2e3f64e7840cd9e15bbb49caf7f2360d6d529beb6d1e68
amouyal:237,set_hyp5_23,gp,lingering,reflexive,upstream_rev_repair_prefill,No,1.5739534546810319e-06,0.9999437928199768,1, No,a352da8eeee2020f3fc5cd448f4a435c0ca20e1a161ed5e4d2d17b8c5be9cc96
amouyal:238,set_hyp5_24,gp,simple,reflexive,upstream_rev_repair_prefill,Yes,0.955855131149292,0.9993049502372742,1, Yes,0d23cd7db8274a17291c4e44e15355dfda8bfa1a8f042e83290dd795b4f1eef6
amouyal:239,set_hyp5_24,gp,lingering,reflexive,upstream_rev_repair_prefill,No,0.0008685930515639484,0.9998701214790344,1, No,b95eaf8d552dcd5ebcb92e06915c0e53174ff5070908191d1cc853cdad8fee93
amouyal:240,set_1,gp,simple,prob,upstream_rev_repair_prefill,Yes,0.02449440024793148,0.9998894929885864,0, No,26aba3209ddad05e1bcc521b952ce914987b5097cf883e41b857f525d26df435
amouyal:241,set_1,gp,lingering,prob,upstream_rev_repair_prefill,No,2.7833841613755794e-06,0.9999747276306152,1, No,d08d0d9c94a82c8ef9a7fe7c456e405e6fd53eabbb8bce4063d22013f189ffa6
amouyal:242,set_1,non_gp,simple,prob,upstream_rev_repair_prefill,Yes,0.97135990858078,0.9994069933891296,1, Yes,45e07a7642adf849d688f444b8ddff4ebefac542f47e924fcc894d4165ff12d9
amouyal:243,set_1,non_gp,lingering,prob,upstream_rev_repair_prefill,No,0.22433343529701233,0.9994921684265137,1, No,3efdb9435fd1897561925000da1315ee19a4993fecbb3889265b049dd7d03a35
amouyal:244,set_2,gp,simple,prob,upstream_rev_repair_prefill,Yes,0.995390772819519,0.9996457695960999,1, Yes,8aded426e701afaee27aa138ddb2459d8da390fc87993dab841e24a3eb4bf645
amouyal:245,set_2,gp,lingering,prob,upstream_rev_repair_prefill,No,0.659757673740387,0.9993695616722107,0, Yes,e95cf1c157768a184af2d3606c876e1f2a8d7b3e3672bcb1fe5630ea62529242
amouyal:246,set_2,non_gp,simple,prob,upstream_rev_repair_prefill,Yes,0.9980388879776001,0.9994903802871704,1, Yes,e5d85f1df197d90b3a48353b28ae2544cdbb364b05c1ec7a3d0380459fcca2b8
amouyal:247,set_2,non_gp,lingering,prob,upstream_rev_repair_prefill,No,0.9404850006103516,0.9994170069694519,0, Yes,3ab57807202c8e9f4ffe5f048956425475946529406c2fb3f9f22de30d736bdc
amouyal:248,set_3,gp,simple,prob,upstream_rev_repair_prefill,Yes,0.010352835059165955,0.9998756051063538,0, No,6458c1fcb917b27a21ddf6201542a7419d8d8330ccbda02bb68ca2a3ccd652b1
amouyal:249,set_3,gp,lingering,prob,upstream_rev_repair_prefill,No,8.582419832237065e-05,0.9999716281890869,1, No,a4ede9af6b6ae372e6de4e87d4c56f5ec396a1b721d88a70f9c05821a1d8195c
amouyal:250,set_3,non_gp,simple,prob,upstream_rev_repair_prefill,Yes,0.9250040650367737,0.9991835355758667,1, Yes,013b5fc208914efa21012d8ba06270be7079e9ad62798ae6a5181ed2181e593d
amouyal:251,set_3,non_gp,lingering,prob,upstream_rev_repair_prefill,No,5.382088147598552e-06,0.9999796748161316,1, No,a6538a40590c9aedd3b3f36be9941626e9406c4ce66a6916600c8006e85b2273
amouyal:252,set_4,gp,simple,prob,upstream_rev_repair_prefill,Yes,0.10762542486190796,0.9994642734527588,0, No,d2e40cf4938c460e55edb2c520244f71544caf21fbfae5067b5714487c5699a5
amouyal:253,set_4,gp,lingering,prob,upstream_rev_repair_prefill,No,0.0008017226355150342,0.9999147057533264,1, No,7e73c9cdfc67d4a5b2d3f493f7d36cba51846b9dd30179148eeb3cc20c53c944
amouyal:254,set_4,non_gp,simple,prob,upstream_rev_repair_prefill,Yes,0.8528375625610352,0.9990498423576355,1, Yes,cbef6700058dfab37aef14c15a1f4440a136e7aaa40873cdfb5049511dd2e25e
amouyal:255,set_4,non_gp,lingering,prob,upstream_rev_repair_prefill,No,0.0015028512571007013,0.9998112320899963,1, No,75ea85464b3f851a564833f7f787452c5682821bcdaefcbbd0918b6decc8bec4
amouyal:256,set_5,gp,simple,prob,upstream_rev_repair_prefill,Yes,0.002026817062869668,0.9999659061431885,0, No,430210d6e1c04eed12bf0eb64e0d4ce52733b0a63d1640750cb8ce68e28c84e1
amouyal:257,set_5,gp,lingering,prob,upstream_rev_repair_prefill,No,6.892083348475353e-08,0.999963641166687,1, No,7ae6e3071ed29630976571a8b0fbb57c176cb830aeb73e8f581697f23731beef
amouyal:258,set_5,non_gp,simple,prob,upstream_rev_repair_prefill,Yes,0.9196680188179016,0.9995906352996826,1, Yes,8832cf7646fcb43b4681a0c5a70e3507557b8952053bb187623dc7433919b908
amouyal:259,set_5,non_gp,lingering,prob,upstream_rev_repair_prefill,No,0.00011116216774098575,0.9999408721923828,1, No,00f27737a026a3c155aad1e5cc3c87cdfc79f955a5cfde964d541302613f9f65
amouyal:260,set_6,gp,simple,prob,upstream_rev_repair_prefill,Yes,0.0055753253400325775,0.9998515844345093,0, No,edfbdd998f46f9e0db015f8951d547165cae3ea06fa9366da44bc2df92ae8faa
amouyal:261,set_6,gp,lingering,prob,upstream_rev_repair_prefill,No,6.053229299141094e-05,0.9999530911445618,1, No,d208faa8aaf7f7223b42cd9ab598a0a6e035544847400147f02f1379ba3c5065
amouyal:262,set_6,non_gp,simple,prob,upstream_rev_repair_prefill,Yes,0.9993354678153992,0.9996037483215332,1, Yes,f4d98f4fbdd9b75387dc0528d5b4b322d3db61be1d156d69fe8a63d49537ed66
amouyal:263,set_6,non_gp,lingering,prob,upstream_rev_repair_prefill,No,0.9306476712226868,0.9987350106239319,0, Yes,d6cc4e69d837b683cbb73d4a1acd6c7e6c80e11ea9fa657a9f37dbe76d4efd58
amouyal:264,set_7,gp,simple,prob,upstream_rev_repair_prefill,Yes,0.0012568143429234624,0.9997381567955017,0, No,47e7eb93a4b860615c0ad8b1032c3530fe2173e2b987497e6abc2d5365191d5a
amouyal:265,set_7,gp,lingering,prob,upstream_rev_repair_prefill,No,5.120194691698998e-05,0.9999284148216248,1, No,5f8b5c7a6e1a03543f80df08673e3a390239aeadb73a1ef11b57d9cbe93d96d6
amouyal:266,set_7,non_gp,simple,prob,upstream_rev_repair_prefill,Yes,0.9730603098869324,0.9992815852165222,1, Yes,89cfca98e9ff9c880fb17754ce81ade76d3e0b106909c9fd770f9c6d85c59f5c
amouyal:267,set_7,non_gp,lingering,prob,upstream_rev_repair_prefill,No,0.02014344558119774,0.9995852112770081,1, No,df2ea669297e56a277bec5786d494f197b6dc4d0b84ba5a9252ab864d786b01e
amouyal:268,set_8,gp,simple,prob,upstream_rev_repair_prefill,Yes,0.036793291568756104,0.999626636505127,0, No,d482897ffa947f7895d1444b9b3eef5395f2b4d7f383636c4866caeaf440036e
amouyal:269,set_8,gp,lingering,prob,upstream_rev_repair_prefill,No,3.0469493594864616e-06,0.9999722242355347,1, No,d932370322999452eedfcf5da68d306737342b56811e54cd60d2380ca459b1ac
amouyal:270,set_8,non_gp,simple,prob,upstream_rev_repair_prefill,Yes,0.9998990297317505,0.999485433101654,1, Yes,171d2a1847b02d485cdd92c0d95e6c8acd13f873f1ee6991409a0a8ef108ded7
amouyal:271,set_8,non_gp,lingering,prob,upstream_rev_repair_prefill,No,0.00211398396641016,0.9998956322669983,1, No,5b4f0dd87917048ffac9b86cabec60d2c6c4c2a02495abc6ddedbd42c9046855
amouyal:272,set_9,gp,simple,prob,upstream_rev_repair_prefill,Yes,0.0022047520615160465,0.9999432563781738,0, No,1bc02a151d402f3d2bae1a8877c331a14815f252fcf6937f89f47556cebdc991
amouyal:273,set_9,gp,lingering,prob,upstream_rev_repair_prefill,No,3.7479909224202856e-05,0.9999260902404785,1, No,543a48780fec961216c68dcfc3ec48b3871f646ea9851570af1a2d80b268dae7
amouyal:274,set_9,non_gp,simple,prob,upstream_rev_repair_prefill,Yes,0.9141073226928711,0.9986488223075867,1, Yes,7e8f508c6ca509d25ac082cb2a47131efba0b9d6dec905aba9ef14f17f93313e
amouyal:275,set_9,non_gp,lingering,prob,upstream_rev_repair_prefill,No,0.006690547801554203,0.9994535446166992,1, No,de17d25bee10cb58cd8165c4d9c23854210b68f799e340361c69b3acb984e0e3
