item_id,pair_id,condition,source_np_option,source_block,episode_anchor,target_kind,target_total_bits,target_word_count,followup_mean_bits,followup_temporal_scope,episodic_reference,sentence_sha256,target_context_sha256
E14:slattery2013:1:0:gp:none:source_reference,Slattery:1,gp,0,first12,none,source_reference,16.42938995361328,1,6.244164926132986,episodic,True,fd5fedde1ed1788a30a9447a0a554130ea468952fca062629f88b2b6593246ca,5ec54ea72b1d3241d3b8f1bb99388ef88946bf54636c7bd2e14e7f65cf1297d7
E14:slattery2013:1:0:gp:none:source_np,Slattery:1,gp,0,first12,none,source_np,0.7702070933301002,2,4.921052329195663,episodic,True,7862450b2d898fe04265de2e31813e3412f421383eaf7d2aec65bd1ee7aece58,5ec54ea72b1d3241d3b8f1bb99388ef88946bf54636c7bd2e14e7f65cf1297d7
E14:slattery2013:1:0:gp:same:source_reference,Slattery:1,gp,0,first12,same,source_reference,13.652469635009766,1,5.69249353664262,episodic,True,a41283844c743e4a77ec8d3adf2ed4f9fa4415dc4253dea73b7d25bb5a7b896b,4d5b0eb6b584d748a5da4d296d16092ce51e745e370f039c32822531a79a34f4
E14:slattery2013:1:0:gp:same:source_np,Slattery:1,gp,0,first12,same,source_np,0.9307481087744236,2,4.537194016824166,episodic,True,1df9151ef816ca6b6fc5b8e60ac09038776dd6beb6cac034390de2c0463d5197,4d5b0eb6b584d748a5da4d296d16092ce51e745e370f039c32822531a79a34f4
E14:slattery2013:1:0:gp:separate:source_reference,Slattery:1,gp,0,first12,separate,source_reference,11.934910774230957,1,5.548577556652682,episodic,True,889f64b03615479abaf1e8427d2823e5b8312eddcb31c2f0394c1aea1b36e56c,a6aef961781e6874d494c38f40b711a26d6272a6698f2b26818ad095f1096555
E14:slattery2013:1:0:gp:separate:source_np,Slattery:1,gp,0,first12,separate,source_np,0.9433482140302658,2,4.574887419740359,episodic,True,63fbe54616fa9f7569e2cad647d138e2249bcd340c5e6b78bd4e53b22d801263,a6aef961781e6874d494c38f40b711a26d6272a6698f2b26818ad095f1096555
E14:slattery2013:1:0:explicit_cue:none:source_reference,Slattery:1,explicit_cue,0,first12,none,source_reference,4.576843738555908,1,6.246163963938931,episodic,True,e0ec4ca3ea48be90eb71ef383b814eff1cc5ee014200847d295369c473115ec5,6a107b97fc6c62efb97b4a37da8a581df6a5ad6c809a47716869f6b0486a1fb5
E14:slattery2013:1:0:explicit_cue:none:source_np,Slattery:1,explicit_cue,0,first12,none,source_np,14.395798206329346,2,6.244814873548846,episodic,True,d9dbb672e141b89796247d100595b956210d0f9efc768929def7f787df9f0b5d,6a107b97fc6c62efb97b4a37da8a581df6a5ad6c809a47716869f6b0486a1fb5
E14:slattery2013:1:0:explicit_cue:same:source_reference,Slattery:1,explicit_cue,0,first12,same,source_reference,3.1774771213531494,1,5.86718687415123,episodic,True,8b703c78fd95196f844361cca568f706c5a56e06a405fb948748d609f7dcbb81,9a3e6d1f784f0a8b14cb952bd873c20067489b795ef0ebe1652c47a29cb8e166
E14:slattery2013:1:0:explicit_cue:same:source_np,Slattery:1,explicit_cue,0,first12,same,source_np,8.853936553001404,2,5.85808547437191,episodic,True,ad47fb95022993d99bdce55e80eb7d3af34f45ca69c82a843e3236e8c8bbe6f3,9a3e6d1f784f0a8b14cb952bd873c20067489b795ef0ebe1652c47a29cb8e166
E14:slattery2013:1:0:explicit_cue:separate:source_reference,Slattery:1,explicit_cue,0,first12,separate,source_reference,2.56577205657959,1,5.675896070099303,episodic,True,0a388d17484f7424ea2247e3445be525dceeec333254917421ecd84c65f802e6,6acb69d3d04bf0b1f685835ca667ca1db6ce8be55de3fcb105fa92a90ce888c3
E14:slattery2013:1:0:explicit_cue:separate:source_np,Slattery:1,explicit_cue,0,first12,separate,source_np,6.121330261230469,2,5.607260011633238,episodic,True,a8f17570ae40629895ab7746e717b5c8d20e34864d8af26d79f6782c80308437,6acb69d3d04bf0b1f685835ca667ca1db6ce8be55de3fcb105fa92a90ce888c3
E14:slattery2013:1:1:gp:none:source_reference,Slattery:1,gp,1,first12,none,source_reference,5.896624565124512,1,5.70758031308651,episodic,True,33aaedbd5786fd3ba805f9487288dd218ce5a49306467ae74c0c9a3450931573,75bdfbf9589534797f05852779a599133035380606bd4a835d010769aceed694
E14:slattery2013:1:1:gp:none:source_np,Slattery:1,gp,1,first12,none,source_np,0.8806722201406956,2,5.169602927317222,episodic,True,0d7a7654ddb9fd0949ceab12d4f970237c95b44f5bcff98a99821761ce6088f4,75bdfbf9589534797f05852779a599133035380606bd4a835d010769aceed694
E14:slattery2013:1:1:gp:same:source_reference,Slattery:1,gp,1,first12,same,source_reference,7.451444149017334,1,5.516811283571379,episodic,True,50199512264b12e33a470c2de5a56e933f6d2531d9ef5742eb874778650b9a8a,e3b50ffe352ba04a8835c763baf68507f60a0e26ecdef73c5b10845c45e4c4dc
E14:slattery2013:1:1:gp:same:source_np,Slattery:1,gp,1,first12,same,source_np,1.317673236131668,2,4.932693097988764,episodic,True,9c3ae68282f3daefd1605369959cf63fee7e950c99c0ef82322b8a924e14529d,e3b50ffe352ba04a8835c763baf68507f60a0e26ecdef73c5b10845c45e4c4dc
E14:slattery2013:1:1:gp:separate:source_reference,Slattery:1,gp,1,first12,separate,source_reference,6.409270286560059,1,5.4176861963101794,episodic,True,4ad26a7bd89d91bf5445e5af1c5c949f699c7f763ed37873e73bec46aac2ef01,2339626b35ef62088a8beb5417d47488dfdde77f9ac5d63a9fa81a882d362092
E14:slattery2013:1:1:gp:separate:source_np,Slattery:1,gp,1,first12,separate,source_np,1.51945161819458,2,4.992463008562724,episodic,True,5f71e291d9f9ac0ffb37c30d50a220bf93e8efd44680f03b9eae07a8d5791002,2339626b35ef62088a8beb5417d47488dfdde77f9ac5d63a9fa81a882d362092
E14:slattery2013:1:1:explicit_cue:none:source_reference,Slattery:1,explicit_cue,1,first12,none,source_reference,4.2663254737854,1,6.151334854940485,episodic,True,e4cd17fdbc2a157789b566d762e4a53585397c32197b0fd6daaeea8392f7d4a8,28853bc7c6e2074b9e7024bf098e859d88407e8eb4fa02154ca2c4aba8ab2e91
E14:slattery2013:1:1:explicit_cue:none:source_np,Slattery:1,explicit_cue,1,first12,none,source_np,12.148309469223022,2,6.021931562696894,episodic,True,a5bca174cfcb026671c85ee444aa7b74178194d727ebb0aae3f788b46e1b4dd9,28853bc7c6e2074b9e7024bf098e859d88407e8eb4fa02154ca2c4aba8ab2e91
E14:slattery2013:1:1:explicit_cue:same:source_reference,Slattery:1,explicit_cue,1,first12,same,source_reference,2.9142088890075684,1,5.629385291465691,episodic,True,c05ea441b3bedbeaa105c038459a2209d326ea693dc83585c2b0b523c516bcf9,4f378b29c8c59bd0fe30568b1a520a244623686b6f01125031e90f496946afe5
E14:slattery2013:1:1:explicit_cue:same:source_np,Slattery:1,explicit_cue,1,first12,same,source_np,10.06448769569397,2,6.041790586709976,episodic,True,83c93466bd60370046935cfba8ae3410533d24e208f868d5e3c055ca12c7d022,4f378b29c8c59bd0fe30568b1a520a244623686b6f01125031e90f496946afe5
E14:slattery2013:1:1:explicit_cue:separate:source_reference,Slattery:1,explicit_cue,1,first12,separate,source_reference,2.331113338470459,1,5.307128665702684,episodic,True,1466a187b8a2a3aaeb743cc0069c3e81682c34a0ae8a552ebe3bea3a28ec1e2d,35417a414e250482cda82a5bd4ec0d0d85932775f8368fb8d98e21b3ab514579
E14:slattery2013:1:1:explicit_cue:separate:source_np,Slattery:1,explicit_cue,1,first12,separate,source_np,5.879107117652893,2,5.451107946038246,episodic,True,daf9bd162508aa58f91faa13e7ff2b7f24fb85379ee144290fdf52f2e10f4064,35417a414e250482cda82a5bd4ec0d0d85932775f8368fb8d98e21b3ab514579
E14:slattery2013:2:0:gp:none:source_reference,Slattery:2,gp,0,first12,none,source_reference,10.032469749450684,1,4.4215144999325275,modal_or_dispositional,False,beda8262aff36c832be36e55c70e44eca99a5bc60596320f5760e95363c04c4f,f6a7f752ad3384ee87c4050aa0e6ef8c14d67ac26bda4fbe8fe9ff2302bd8a3a
E14:slattery2013:2:0:gp:none:source_np,Slattery:2,gp,0,first12,none,source_np,6.128515005111694,2,4.202774012790007,modal_or_dispositional,False,f5d4c7c346490a803cf9da63031f6fe9ea3596dde10b89e3faaa8bb85456d232,f6a7f752ad3384ee87c4050aa0e6ef8c14d67ac26bda4fbe8fe9ff2302bd8a3a
E14:slattery2013:2:0:gp:same:source_reference,Slattery:2,gp,0,first12,same,source_reference,10.418249130249023,1,4.121109524741769,modal_or_dispositional,False,0f71b3ba9c70a51123ac9e3afe1f60541e7b672b95f393be2112d2bb9fb1257f,1054366901467e80f2c37dabda4d081f77040fea0813193f097df22617012cbe
E14:slattery2013:2:0:gp:same:source_np,Slattery:2,gp,0,first12,same,source_np,6.125994443893433,2,3.927035785773221,modal_or_dispositional,False,c2f5ac33974c594a138b698fe214226f50c9a62b936c6dd8ba8e3382b21f4b50,1054366901467e80f2c37dabda4d081f77040fea0813193f097df22617012cbe
E14:slattery2013:2:0:gp:separate:source_reference,Slattery:2,gp,0,first12,separate,source_reference,7.963542461395264,1,3.6283717462792993,modal_or_dispositional,False,705d360e7f1de91491172f254cf26b3126d16c6108ff827b07c4e34144051e0f,7fe855875cb89e0c08bc94da03327fc3c2b05f414eb08fed1c4d2713b944fac2
E14:slattery2013:2:0:gp:separate:source_np,Slattery:2,gp,0,first12,separate,source_np,7.7439963817596436,2,3.888464512193904,modal_or_dispositional,False,914d444ca256de32c0c52d29956dac1064c620ab91b579f6d91d6f6c84e95f3a,7fe855875cb89e0c08bc94da03327fc3c2b05f414eb08fed1c4d2713b944fac2
E14:slattery2013:2:0:explicit_cue:none:source_reference,Slattery:2,explicit_cue,0,first12,none,source_reference,8.384038925170898,1,4.468804785050452,modal_or_dispositional,False,3531cbfc8d16967865e1bca04b2be38ca22a5f295a5390cfc0ec35d7986fd8a5,eb03bb622e74d355a095c019cedd561221525779139d0f2f9c9867fea5150fa5
E14:slattery2013:2:0:explicit_cue:none:source_np,Slattery:2,explicit_cue,0,first12,none,source_np,10.995830297470093,2,4.725865419296658,modal_or_dispositional,False,574e21b03ea9df0d7c868324a50f81c7c357cc4f4b436b4f151a01f00c068ada,eb03bb622e74d355a095c019cedd561221525779139d0f2f9c9867fea5150fa5
E14:slattery2013:2:0:explicit_cue:same:source_reference,Slattery:2,explicit_cue,0,first12,same,source_reference,8.756875038146973,1,3.9440914690494537,modal_or_dispositional,False,ad7bc39e66ede939fc781f8b4ab1ebb0e61f7a90285213a068c099cec94635ea,ab62ff5cc3513668556fc5f079d2ae9d6f2cbea4f8edc9ff1782615921afd07a
E14:slattery2013:2:0:explicit_cue:same:source_np,Slattery:2,explicit_cue,0,first12,same,source_np,11.13247561454773,2,4.337780007544686,modal_or_dispositional,False,aa5a23874c666b74ca08bc532220adae0d90ffeff5e6c542da6f8d3035aa045f,ab62ff5cc3513668556fc5f079d2ae9d6f2cbea4f8edc9ff1782615921afd07a
E14:slattery2013:2:0:explicit_cue:separate:source_reference,Slattery:2,explicit_cue,0,first12,separate,source_reference,6.999242305755615,1,3.720254716463387,modal_or_dispositional,False,7ce886e372bcab369fb4b10fad74ea4cff2d72b1937a813499263db0fd76e453,d26a6af6d854ea3fbe1f0b9dc91b4bbf95cb09da49fc03776fedbccd1b48c4d0
E14:slattery2013:2:0:explicit_cue:separate:source_np,Slattery:2,explicit_cue,0,first12,separate,source_np,10.80796766281128,2,4.206631001304178,modal_or_dispositional,False,a852a2c594723840b8a85f1697d326d57949e4d840e1f866865131e8f9478af0,d26a6af6d854ea3fbe1f0b9dc91b4bbf95cb09da49fc03776fedbccd1b48c4d0
E14:slattery2013:2:1:gp:none:source_reference,Slattery:2,gp,1,first12,none,source_reference,8.592621803283691,1,4.4735579788684845,modal_or_dispositional,False,a49504b427bdb8a524647e786a9144fbf0e6afb97692c69136c05e82fa504bcb,ff5717cdae8e19f0e46cf96102cc5cc743e45ebe3389dbd72091663f96216253
E14:slattery2013:2:1:gp:none:source_np,Slattery:2,gp,1,first12,none,source_np,4.969544529914856,2,4.389269355465384,modal_or_dispositional,False,f71a0e20a601299d16a1fc43302963db78777d1e2dd202159fb689692b549800,ff5717cdae8e19f0e46cf96102cc5cc743e45ebe3389dbd72091663f96216253
E14:slattery2013:2:1:gp:same:source_reference,Slattery:2,gp,1,first12,same,source_reference,8.433613777160645,1,3.8880094829946756,modal_or_dispositional,False,d2a3aa7bd9c932929570e4b10f89a949f2a75641c80298cac136487b77fb1085,df0f07e8b1bdf058f23a6f8c11031ce03f734daba41735e8f7b46f8aff1d700c
E14:slattery2013:2:1:gp:same:source_np,Slattery:2,gp,1,first12,same,source_np,7.306450247764587,2,4.153231121161404,modal_or_dispositional,False,eb313b0d50ab05e893e63d69ddb6b8f749d2434097cf16fd3164a77141d15b9f,df0f07e8b1bdf058f23a6f8c11031ce03f734daba41735e8f7b46f8aff1d700c
E14:slattery2013:2:1:gp:separate:source_reference,Slattery:2,gp,1,first12,separate,source_reference,7.042295932769775,1,3.6458679689094424,modal_or_dispositional,False,5db87056a6e7ede88a8ea7316363f94aec23725453d57a4d56e8d10c461fb426,408e6883007223a1599f699f0e64b0477af1379566ea5b346d7ed42e26bd454e
E14:slattery2013:2:1:gp:separate:source_np,Slattery:2,gp,1,first12,separate,source_np,7.011603236198425,2,3.9488769629422356,modal_or_dispositional,False,13730038c7a271ea3c9deb434aa4bd1d47910abd776369ca72aa3978c1147d21,408e6883007223a1599f699f0e64b0477af1379566ea5b346d7ed42e26bd454e
E14:slattery2013:2:1:explicit_cue:none:source_reference,Slattery:2,explicit_cue,1,first12,none,source_reference,10.12690544128418,1,4.41813312843442,modal_or_dispositional,False,ce5197e89e8cd198225e0a5e3ab9979c90faccba9065a03d2f20441ac3c3f3e9,36d6ce1f7d9f79097385d88924abae375b7e217b653349eaf533580fc9a9f098
E14:slattery2013:2:1:explicit_cue:none:source_np,Slattery:2,explicit_cue,1,first12,none,source_np,18.18389081954956,2,5.406332528766463,modal_or_dispositional,False,600834d6811aaa8dcc6583fd661e3735d5fa785458f3ad33c2f9f6e3eb130b27,36d6ce1f7d9f79097385d88924abae375b7e217b653349eaf533580fc9a9f098
E14:slattery2013:2:1:explicit_cue:same:source_reference,Slattery:2,explicit_cue,1,first12,same,source_reference,8.442160606384277,1,4.060694748535752,modal_or_dispositional,False,bd0a9bfa5545657baff94bfaabc0720387a6c35354cabc4a7105cf789640a7ad,0fb337211ea6bd11d647db0c87ed87ef7e7b3e3acd2fa3258a3895725ededfa2
E14:slattery2013:2:1:explicit_cue:same:source_np,Slattery:2,explicit_cue,1,first12,same,source_np,17.39677381515503,2,4.848659438245437,modal_or_dispositional,False,0b328aaa5dfc7e160d088dfb9d15b1a2d39e51003a6f25d1a7de264966a25407,0fb337211ea6bd11d647db0c87ed87ef7e7b3e3acd2fa3258a3895725ededfa2
E14:slattery2013:2:1:explicit_cue:separate:source_reference,Slattery:2,explicit_cue,1,first12,separate,source_reference,7.671821117401123,1,3.7642518347129226,modal_or_dispositional,False,e95072188701045e9779281c44b6edbd3d5406b3bac60e78a6986814685f8570,eb484ad25d2cc455e37ca5cc4e1042c973a1d0402736a9648e74129ea0d6909a
E14:slattery2013:2:1:explicit_cue:separate:source_np,Slattery:2,explicit_cue,1,first12,separate,source_np,15.092162132263184,2,4.570351861855563,modal_or_dispositional,False,5ff7fb7d105f0183bda1a8191f6c04f9a07aad8a03502d31c75ab394b265b9b1,eb484ad25d2cc455e37ca5cc4e1042c973a1d0402736a9648e74129ea0d6909a
E14:slattery2013:3:0:gp:none:source_reference,Slattery:3,gp,0,first12,none,source_reference,10.0055513381958,1,3.599750660932981,episodic,True,6fbf5cdcbce89e63015497a5d4e95c6dd654b16c8dee8830cc241e15a78460c6,7c5108def09425db9dc95601df43cb6fe312d39170c2cb5d72f9a0506154feb3
E14:slattery2013:3:0:gp:none:source_np,Slattery:3,gp,0,first12,none,source_np,0.08187199756503105,2,3.09658176638186,episodic,True,6eacce5c2c09aef7eb3556a23776104c9222eebc723e33242ccb587ba8b9a440,7c5108def09425db9dc95601df43cb6fe312d39170c2cb5d72f9a0506154feb3
E14:slattery2013:3:0:gp:same:source_reference,Slattery:3,gp,0,first12,same,source_reference,14.465946197509766,1,3.6469378792322598,episodic,True,8c2249446636c25d8617af51e7de96cabf5a70fdb2dbf54131ed9c173a1c3ecd,c80abb7ae19a6db1ef7e38dc3f9a5d665d4bc2eeff7013cfd0817560df6a01f9
E14:slattery2013:3:0:gp:same:source_np,Slattery:3,gp,0,first12,same,source_np,0.19594740122556686,2,2.8850382433405946,episodic,True,3808d448c2c67f2d9bf1952ae80d06e031e485ca290673e3c9123d189c2d57f0,c80abb7ae19a6db1ef7e38dc3f9a5d665d4bc2eeff7013cfd0817560df6a01f9
E14:slattery2013:3:0:gp:separate:source_reference,Slattery:3,gp,0,first12,separate,source_reference,14.006308555603027,1,3.5338097306398244,episodic,True,8f64c1dfa9667b65d78e470130bf62a6a39d31000a5bf2d6ff506b9e30a7772b,e63a4c472b3a83b82df3fe4d10e0a4df0075292e23065dd2f6cf956cb4f8191f
E14:slattery2013:3:0:gp:separate:source_np,Slattery:3,gp,0,first12,separate,source_np,0.42909806966781616,2,2.7910574121134624,episodic,True,e12f0d56e3aed44551d030a504838c7b6f81080cc7a775c4e298b7c96db46852,e63a4c472b3a83b82df3fe4d10e0a4df0075292e23065dd2f6cf956cb4f8191f
E14:slattery2013:3:0:explicit_cue:none:source_reference,Slattery:3,explicit_cue,0,first12,none,source_reference,7.400636196136475,1,3.1338629172398496,episodic,True,c35f58294791aece4c5e02fc58c75e5551b816c04d515cae0549dda74d633d8a,a8eb6734be68a991a73694cf936ef5785de6a48937e04a36788432efb99d0ec9
E14:slattery2013:3:0:explicit_cue:none:source_np,Slattery:3,explicit_cue,0,first12,none,source_np,5.91669026017189,2,3.432539546063968,episodic,True,635dfb5005e1cc8b1ff880bf7ac4c2ba844a6bcaeda89dec385f6c375e3d50b8,a8eb6734be68a991a73694cf936ef5785de6a48937e04a36788432efb99d0ec9
E14:slattery2013:3:0:explicit_cue:same:source_reference,Slattery:3,explicit_cue,0,first12,same,source_reference,7.15169620513916,1,3.085755398640266,episodic,True,4ac53ea206e7f33c305c09e492ee0d95bba5ea4549e3ecf2fcc83a7a8c8fe5dc,75255baf3c756f600363d08882c7bd815dae0d779d98d2cd9da9c717af23acaa
E14:slattery2013:3:0:explicit_cue:same:source_np,Slattery:3,explicit_cue,0,first12,same,source_np,6.751411557197571,2,3.2114737970488414,episodic,True,7e57cc7e7113cba2cb21788335607b3367dc66ea15c60af23d44a62f31ffccb2,75255baf3c756f600363d08882c7bd815dae0d779d98d2cd9da9c717af23acaa
E14:slattery2013:3:0:explicit_cue:separate:source_reference,Slattery:3,explicit_cue,0,first12,separate,source_reference,7.548725605010986,1,3.024543808056758,episodic,True,ea78e483cd505b9f23924be73002e6f53d47c2fe179385ba432d451c4d78a622,3524e6a9c5efc5a13adc992ad63c704973e3365301c3bfaee2cfc9473b535a7c
E14:slattery2013:3:0:explicit_cue:separate:source_np,Slattery:3,explicit_cue,0,first12,separate,source_np,2.4389011561870575,2,2.8223158440419605,episodic,True,313b8e6c07c7207ded546f66d777366df8b4067ad5baca2075cee4ab17c8cccd,3524e6a9c5efc5a13adc992ad63c704973e3365301c3bfaee2cfc9473b535a7c
E14:slattery2013:3:1:gp:none:source_reference,Slattery:3,gp,1,first12,none,source_reference,6.582959175109863,1,3.4458671785317936,episodic,True,7f3cb9c10a47ec92ed84b29cc276cac27bfc6dc5335a7247e01f61804aec3592,a79e1cea51cd8d0da105169a9b429731192e8437a2ba52553883002bfed9b892
E14:slattery2013:3:1:gp:none:source_np,Slattery:3,gp,1,first12,none,source_np,0.6389086842536926,2,2.76028696341174,episodic,True,1f6e9adceab631d7e99e0c2bfc0a3084b35fdb34e7a921b2e3bb9023512406f4,a79e1cea51cd8d0da105169a9b429731192e8437a2ba52553883002bfed9b892
E14:slattery2013:3:1:gp:same:source_reference,Slattery:3,gp,1,first12,same,source_reference,6.24595308303833,1,3.2052572690523586,episodic,True,53effdc720a7cdfe1674314a6f549962453fcc1d65f05331302e8cbe73781fce,c3973bbd1543967c264503ac7277e4be64aadb0d8907a0d365a84dd39aa68965
E14:slattery2013:3:1:gp:same:source_np,Slattery:3,gp,1,first12,same,source_np,0.630634255707264,2,2.787021888686078,episodic,True,35629627372d75fc3a568362fee418f3438f320cc30ac82dcca01b0b6c83c679,c3973bbd1543967c264503ac7277e4be64aadb0d8907a0d365a84dd39aa68965
E14:slattery2013:3:1:gp:separate:source_reference,Slattery:3,gp,1,first12,separate,source_reference,6.055660247802734,1,2.97599307848857,episodic,True,9fa03fac5a971b61365f8810eba8bc7ede969042d09cdb64a31b59a006e124e2,a4fc2aaaa403751a38bacd1f4cbfc7dc9d6c94ee761535d6bd5a2954b991d407
E14:slattery2013:3:1:gp:separate:source_np,Slattery:3,gp,1,first12,separate,source_np,0.9412789046764374,2,2.618516762341772,episodic,True,61ff14295c066a9d5a9a3dd159e5dd8eef506f79ad67bfca61b618f16ee19131,a4fc2aaaa403751a38bacd1f4cbfc7dc9d6c94ee761535d6bd5a2954b991d407
E14:slattery2013:3:1:explicit_cue:none:source_reference,Slattery:3,explicit_cue,1,first12,none,source_reference,9.478392601013184,1,3.205331871142754,episodic,True,63162a7fdb8bfade9e4d4ddd367a5e2b5e0d52e8791cf6b96b20d95aab77eb99,c859eb799b9edfc05d6892d7a06d280e3074dbf08da71780dee1d5917eaf52d4
E14:slattery2013:3:1:explicit_cue:none:source_np,Slattery:3,explicit_cue,1,first12,none,source_np,19.32621192932129,2,4.243266944374357,episodic,True,37acc5e9b2505d5f30b24ce835694182e06b6ecbe43fa0ca7f384d2d1d8277b5,c859eb799b9edfc05d6892d7a06d280e3074dbf08da71780dee1d5917eaf52d4
E14:slattery2013:3:1:explicit_cue:same:source_reference,Slattery:3,explicit_cue,1,first12,same,source_reference,8.001626014709473,1,3.2928114854372463,episodic,True,c3808c0caf6aa4ea9209804be0c363750e613fa6f3086c1f4afda1d6e36ecf45,dd8457bef10e0d76c392fd9b3cca08d98d130defa729312618078281888f21f7
E14:slattery2013:3:1:explicit_cue:same:source_np,Slattery:3,explicit_cue,1,first12,same,source_np,21.327510833740234,2,4.332795973334994,episodic,True,9b20505e7f57abead5781e8c4409e29b2e4aeda499c40f5547689d1357ba41a3,dd8457bef10e0d76c392fd9b3cca08d98d130defa729312618078281888f21f7
E14:slattery2013:3:1:explicit_cue:separate:source_reference,Slattery:3,explicit_cue,1,first12,separate,source_reference,8.406927108764648,1,3.2263349844859195,episodic,True,3e3671b27dd371ddae800f03526e6fbcfb709f828207c29a423701ca8fd95135,9b19b44e8759e2517718ed922b2ec49feb0d0f89d1dced31295c254459384f1f
E14:slattery2013:3:1:explicit_cue:separate:source_np,Slattery:3,explicit_cue,1,first12,separate,source_np,21.775919914245605,2,4.329758312020983,episodic,True,86b83684b22f69ab6ad931a2a0babcbd3d3e916b8a26aa9b6a8bf69a0e2c01b6,9b19b44e8759e2517718ed922b2ec49feb0d0f89d1dced31295c254459384f1f
E14:slattery2013:4:0:gp:none:source_reference,Slattery:4,gp,0,first12,none,source_reference,18.413373947143555,1,5.106196557836873,episodic,True,d22dbb9d769ef09a28b2663d63992ef2165aeabf7ed5dadb8e95963a135ca08f,a77de68056a5906b410b7f0026bf29b3fa013df591756f38bdd01f2e80f8dd20
E14:slattery2013:4:0:gp:none:source_np,Slattery:4,gp,0,first12,none,source_np,1.0478861378505826,2,3.52836752726386,episodic,True,5d4c7f80c0d19bae85b889dd3e970cb45835df1a32a4111909eb8c714649fa31,a77de68056a5906b410b7f0026bf29b3fa013df591756f38bdd01f2e80f8dd20
E14:slattery2013:4:0:gp:same:source_reference,Slattery:4,gp,0,first12,same,source_reference,18.20806312561035,1,4.976377218429532,episodic,True,a615d01a2aeacdbf8f9179616885aa8f35832bd779231dcdf77455f531617ba2,de11beb1e14db389ed38193faeab6b64304a49403f0dcbc83055ad6c171f2822
E14:slattery2013:4:0:gp:same:source_np,Slattery:4,gp,0,first12,same,source_np,0.18262080941349268,2,3.3711044771596788,episodic,True,fbc422a15022969804c0a2bcc56116a35eff14c01f20b350c51c0f9fa6af76a2,de11beb1e14db389ed38193faeab6b64304a49403f0dcbc83055ad6c171f2822
E14:slattery2013:4:0:gp:separate:source_reference,Slattery:4,gp,0,first12,separate,source_reference,14.858715057373047,1,4.721101235066142,episodic,True,988a984df2a87a5ae736ce08cdef17b523304af350d690e13aa6548e474325ed,29cea254e4a1506e096bc0b2fcc378dc760b83534f662187514ed9296b908866
E14:slattery2013:4:0:gp:separate:source_np,Slattery:4,gp,0,first12,separate,source_np,0.1648446787148714,2,3.480567734067639,episodic,True,daf719d0b09c71ca08e839f7aa514fd3cf57ac79637c40767f025b55cf5ff9df,29cea254e4a1506e096bc0b2fcc378dc760b83534f662187514ed9296b908866
E14:slattery2013:4:0:explicit_cue:none:source_reference,Slattery:4,explicit_cue,0,first12,none,source_reference,12.041537284851074,1,4.615280976385942,episodic,True,5d0a5209d3636852abefa0e77a6b62a8594bf09b88566d5ff6081dc7336021ea,c266708c85220469232b46fe668ecb9e0f9275c92c0277a2ef59cd87495e7d6e
E14:slattery2013:4:0:explicit_cue:none:source_np,Slattery:4,explicit_cue,0,first12,none,source_np,8.076541602611542,2,3.756630380824208,episodic,True,23a23af2a4122f1739e443b6bdee08c3068de07bad6c3ba39dfbc57d714e7073,c266708c85220469232b46fe668ecb9e0f9275c92c0277a2ef59cd87495e7d6e
E14:slattery2013:4:0:explicit_cue:same:source_reference,Slattery:4,explicit_cue,0,first12,same,source_reference,12.273075103759766,1,4.654246552714279,episodic,True,ff2b8be1202cbfb61a79510db2cf50341b58ea2c6ad01e290db509c787cba6c1,28ac55a076e6a29563f19b5da01e2bbf37f75a0fa0cba94b4cc9a596f6c61b7d
E14:slattery2013:4:0:explicit_cue:same:source_np,Slattery:4,explicit_cue,0,first12,same,source_np,3.8941659331321716,2,3.677232636635502,episodic,True,f72241e6a5b921930b4b267fb0ba9d83710ce235f8f5729146a59f068abaec14,28ac55a076e6a29563f19b5da01e2bbf37f75a0fa0cba94b4cc9a596f6c61b7d
E14:slattery2013:4:0:explicit_cue:separate:source_reference,Slattery:4,explicit_cue,0,first12,separate,source_reference,11.626745223999023,1,4.5781948134702235,episodic,True,268bd1a41170b7c0ce02486995c0f0cc86477c42b00842883728aab899ebc2f2,25ce9b12ffdfa2d650442fed077075b2118ccf8f96eb686a8395913b5a9d9e3e
E14:slattery2013:4:0:explicit_cue:separate:source_np,Slattery:4,explicit_cue,0,first12,separate,source_np,4.157277345657349,2,3.843932102248073,episodic,True,a2bac05e1a565fd72734ad710071903e6759b8636116747aa0fb1520aa304ffe,25ce9b12ffdfa2d650442fed077075b2118ccf8f96eb686a8395913b5a9d9e3e
E14:slattery2013:4:1:gp:none:source_reference,Slattery:4,gp,1,first12,none,source_reference,17.981212615966797,1,5.3310963580650945,episodic,True,056dcc73599980391822a8926ad7cf4dabed096b6eb363712d0aa3d79c50972e,b18b2603535e29bf5b53125d2e8af15d2ba424bec8196aabd5e0c6345e4bcda4
E14:slattery2013:4:1:gp:none:source_np,Slattery:4,gp,1,first12,none,source_np,0.3736453605815768,2,3.814966104614238,episodic,True,f80cacf623254fe1fa1c975d86fa5198f155abb81d95184b5e5f1b4f6bb52376,b18b2603535e29bf5b53125d2e8af15d2ba424bec8196aabd5e0c6345e4bcda4
E14:slattery2013:4:1:gp:same:source_reference,Slattery:4,gp,1,first12,same,source_reference,18.692611694335938,1,5.0588093139231205,episodic,True,22db1512a31c1ba3fe310583d283dbc0db24d7cb3abc7ab0f910beea228dbd98,262238f281789fc4ac445f08914366b06b3f3e01d31ea9b1b87eeac7ad17111f
E14:slattery2013:4:1:gp:same:source_np,Slattery:4,gp,1,first12,same,source_np,0.08989326923619956,2,3.5420310004847124,episodic,True,7fd72954eb11c38d7d15de7a75f4f3dda6ae804a45314725eb5625a4acdc20cf,262238f281789fc4ac445f08914366b06b3f3e01d31ea9b1b87eeac7ad17111f
E14:slattery2013:4:1:gp:separate:source_reference,Slattery:4,gp,1,first12,separate,source_reference,13.817058563232422,1,4.721212325351579,episodic,True,4d0ba60c4b05084cda20dc3e4f5ab3a86a749c3db07eb64b80bdefd5860ab5a8,3c5e9a3fde79151dc8a9bc0a06075dc9668268ff6b7208ed23d4303408d265c7
E14:slattery2013:4:1:gp:separate:source_np,Slattery:4,gp,1,first12,separate,source_np,0.061575292609632015,2,3.5379776196554302,episodic,True,6819b71c9cc8cbcfacfce680aa27447a4a3e190f039f23b71001d97fe65c68f6,3c5e9a3fde79151dc8a9bc0a06075dc9668268ff6b7208ed23d4303408d265c7
E14:slattery2013:4:1:explicit_cue:none:source_reference,Slattery:4,explicit_cue,1,first12,none,source_reference,9.666255950927734,1,4.823946382118655,episodic,True,d91f78f8c8b0049e3df51177cbf73c9a037f0f0b338427a89909559c41725be4,a22f93cf31363c81c9276882599f34c44baeddb0214ee5300a8e4cfacc7565f7
E14:slattery2013:4:1:explicit_cue:none:source_np,Slattery:4,explicit_cue,1,first12,none,source_np,8.922454059123993,2,4.105794240906834,episodic,True,773747cccee9d6255084bc305725c95716cf7de110772578d014753fb6004ff1,a22f93cf31363c81c9276882599f34c44baeddb0214ee5300a8e4cfacc7565f7
E14:slattery2013:4:1:explicit_cue:same:source_reference,Slattery:4,explicit_cue,1,first12,same,source_reference,9.363591194152832,1,4.6730889816369325,episodic,True,9bca5962954dbfd9d63279bf6a3acfbb46e5d3bd5819bcd24ae72c2605721467,1dce6b56480891b6f61397475eb10555512f00ec7ce98eb408e5442df1693d5e
E14:slattery2013:4:1:explicit_cue:same:source_np,Slattery:4,explicit_cue,1,first12,same,source_np,5.077324092388153,2,4.006718970214327,episodic,True,972150af97de0a10b9c8f93912e745a5938fbab07b9bddab6f543caf6ee64b31,1dce6b56480891b6f61397475eb10555512f00ec7ce98eb408e5442df1693d5e
E14:slattery2013:4:1:explicit_cue:separate:source_reference,Slattery:4,explicit_cue,1,first12,separate,source_reference,8.095518112182617,1,4.551799422529127,episodic,True,29061603aba1d8b9fdc93d0d599096731103f24fc28be8828cac22c941a5a7fe,83ca5adb1e19658520d7ad8ebd5da55517dd1ac79648d9670930ce1715d8c04d
E14:slattery2013:4:1:explicit_cue:separate:source_np,Slattery:4,explicit_cue,1,first12,separate,source_np,4.663803339004517,2,3.9852277434120578,episodic,True,7bc15a634bf7303527d9df996f57d5874525c44d235a5633475273f2637f4925,83ca5adb1e19658520d7ad8ebd5da55517dd1ac79648d9670930ce1715d8c04d
E14:slattery2013:5:0:gp:none:source_reference,Slattery:5,gp,0,first12,none,source_reference,9.355000495910645,1,7.55025119251675,generic_or_habitual,False,7e178e16a1d16b011bcd4069e405df8dd4a29cb5a6bb937d881e12d29c51c2f7,33b0ae7baf3e72b0a41e701f915a1ea78fa238f012daeea88a8c3f2e5029582e
E14:slattery2013:5:0:gp:none:source_np,Slattery:5,gp,0,first12,none,source_np,1.2044756412506104,2,6.225498557090759,generic_or_habitual,False,42544b3e5a022ed5d3b1996f2945e0db240112e5908e4afd2a7926b75d470683,33b0ae7baf3e72b0a41e701f915a1ea78fa238f012daeea88a8c3f2e5029582e
E14:slattery2013:5:0:gp:same:source_reference,Slattery:5,gp,0,first12,same,source_reference,13.322016716003418,1,7.651573446061876,generic_or_habitual,False,e799ee2aea5753c61d5e68b1ec308f43887e57ec6bc1877ab370b469fb2d354a,874b3a5808f93c7ed98602da311004fc05f1e3dc80f1e5b098c880e526d47bff
E14:slattery2013:5:0:gp:same:source_np,Slattery:5,gp,0,first12,same,source_np,0.5322656556963921,2,6.057836484164,generic_or_habitual,False,20d56c1ca757c0571530a094740735ec4f54a7a2d2bf19f030779de793bc5c20,874b3a5808f93c7ed98602da311004fc05f1e3dc80f1e5b098c880e526d47bff
E14:slattery2013:5:0:gp:separate:source_reference,Slattery:5,gp,0,first12,separate,source_reference,10.42798900604248,1,7.6492588255140515,generic_or_habitual,False,c96a581122512eeda20ba7fd9594d8a3a6c601eb5bf7b54ed8a38b7878fc5e23,41745470d528a4be143991eccd80c620a3649193698f8c35273aabbf50191ef1
E14:slattery2013:5:0:gp:separate:source_np,Slattery:5,gp,0,first12,separate,source_np,0.5405373349785805,2,5.849548385292292,generic_or_habitual,False,e0b4209e9b613902411fc3f09caee70ae51b8d68a0246f042a041d77cda1d5e4,41745470d528a4be143991eccd80c620a3649193698f8c35273aabbf50191ef1
E14:slattery2013:5:0:explicit_cue:none:source_reference,Slattery:5,explicit_cue,0,first12,none,source_reference,12.920653343200684,1,7.828140709135267,generic_or_habitual,False,304ee5d9ae512c491eaaa49da71dea66d388076633f5dc52fd5b93a50ea86d52,7439221c983d065738d128ac7725d4f90800b740718ded200c7ee4060061bba5
E14:slattery2013:5:0:explicit_cue:none:source_np,Slattery:5,explicit_cue,0,first12,none,source_np,12.507092475891113,2,8.02452552318573,generic_or_habitual,False,e8337906e18079c1d47376cd52a89f4688927a7dda9eea374651680970cc9070,7439221c983d065738d128ac7725d4f90800b740718ded200c7ee4060061bba5
E14:slattery2013:5:0:explicit_cue:same:source_reference,Slattery:5,explicit_cue,0,first12,same,source_reference,9.157390594482422,1,6.92674626244439,generic_or_habitual,False,4394a227f957548db49f2ba94c8b154093d2008893b793f4600cf0fe67250281,6d6ad77576d234bbfe6f75370ea007e80e901708bdcbd89c1218886ad5d5db62
E14:slattery2013:5:0:explicit_cue:same:source_np,Slattery:5,explicit_cue,0,first12,same,source_np,10.504791259765625,2,7.2400647640228275,generic_or_habitual,False,554f55eefff13fdfd4b21ae80baefd60d232ca8a5555775d0856d6a95dea8b6f,6d6ad77576d234bbfe6f75370ea007e80e901708bdcbd89c1218886ad5d5db62
E14:slattery2013:5:0:explicit_cue:separate:source_reference,Slattery:5,explicit_cue,0,first12,separate,source_reference,6.990175724029541,1,7.163951237996419,generic_or_habitual,False,a9d3c1fde3e03205b3b8d1fa9aedd273bc6eeef860bf160a2252220e4041409d,ec0693a80835ab3415e5c8d5e905a1a7ebb173ad10b08cb7221de10f2a2a9308
E14:slattery2013:5:0:explicit_cue:separate:source_np,Slattery:5,explicit_cue,0,first12,separate,source_np,6.950660943984985,2,6.843534398078918,generic_or_habitual,False,50dc1850f15e6147d72550a467642f3b21a90677a71e01f1133a4c24f7a722ad,ec0693a80835ab3415e5c8d5e905a1a7ebb173ad10b08cb7221de10f2a2a9308
E14:slattery2013:5:1:gp:none:source_reference,Slattery:5,gp,1,first12,none,source_reference,9.199546813964844,1,7.541518264346653,generic_or_habitual,False,7c0a287b88ca3b04e659e82b2fbfeb32e0222d98a502fc94a792b42dbafc2ea1,6c101401033480519bbddec153925f8e09c827b72ab2df868c8a02d4cffaf421
E14:slattery2013:5:1:gp:none:source_np,Slattery:5,gp,1,first12,none,source_np,1.1610534489154816,2,5.962494447827339,generic_or_habitual,False,af724c6ed124ac1c3a8fe395231d4f9126ec76115f101d6320966c02049acec1,6c101401033480519bbddec153925f8e09c827b72ab2df868c8a02d4cffaf421
E14:slattery2013:5:1:gp:same:source_reference,Slattery:5,gp,1,first12,same,source_reference,11.00610637664795,1,7.3003355662028,generic_or_habitual,False,cd7115d82750b31a4b7f835f610f6c5f3621d59de315e847597a56fc3fb5530b,2fbc65140d95a22d0c8f5dfea089e0726f77e7f9035309b935a26c42a7d37417
E14:slattery2013:5:1:gp:same:source_np,Slattery:5,gp,1,first12,same,source_np,1.4012650847434998,2,5.529616421461105,generic_or_habitual,False,1ffbeed107b26fd4efa649c2471946f526fcc501d6f6cf69c81a837b3a839e2f,2fbc65140d95a22d0c8f5dfea089e0726f77e7f9035309b935a26c42a7d37417
E14:slattery2013:5:1:gp:separate:source_reference,Slattery:5,gp,1,first12,separate,source_reference,7.049747467041016,1,6.976138326856825,generic_or_habitual,False,c428194194589cfd817d1b1653f72e55fda39fe0e0bc8787a23f09a3673f0c98,f8ea97ed367abc5f211e5db654b46c9ef87252dc9181d4a09c53089a49de96a5
E14:slattery2013:5:1:gp:separate:source_np,Slattery:5,gp,1,first12,separate,source_np,1.675952970981598,2,5.695031601190567,generic_or_habitual,False,118e0eaedb5e64aab47673de838bc9f844319885c5a8ae30118409fec175002d,f8ea97ed367abc5f211e5db654b46c9ef87252dc9181d4a09c53089a49de96a5
E14:slattery2013:5:1:explicit_cue:none:source_reference,Slattery:5,explicit_cue,1,first12,none,source_reference,10.595319747924805,1,7.426803827285767,generic_or_habitual,False,35a15be9dad320b4c484a94552769f73bee4d411580c6b9503d4cb92d0234548,d1877867f83b1f64d5b13a66a69516b5dc12d03b091c63695e66762a1fd02e18
E14:slattery2013:5:1:explicit_cue:none:source_np,Slattery:5,explicit_cue,1,first12,none,source_np,14.754066944122314,2,7.612864446640015,generic_or_habitual,False,4f713ae0caa49cafbdc3e481c3408f2a121b1a0ff30e080d140e0d7db17049f6,d1877867f83b1f64d5b13a66a69516b5dc12d03b091c63695e66762a1fd02e18
E14:slattery2013:5:1:explicit_cue:same:source_reference,Slattery:5,explicit_cue,1,first12,same,source_reference,12.055045127868652,1,7.79584182633294,generic_or_habitual,False,63386ab45deaf506ed9aa12b31e5b0b12defdffbf7182e3fd7b8a34693ee0665,3f97cb2d15805f47616db8b2cf3b4babcdf94b070f76690a2c0cf248c8f5c845
E14:slattery2013:5:1:explicit_cue:same:source_np,Slattery:5,explicit_cue,1,first12,same,source_np,17.62495183944702,2,7.92875874042511,generic_or_habitual,False,b212bfbe033bcae0d664c135d692ad6a8b9e0943f50cbd286840f772e68e4b02,3f97cb2d15805f47616db8b2cf3b4babcdf94b070f76690a2c0cf248c8f5c845
E14:slattery2013:5:1:explicit_cue:separate:source_reference,Slattery:5,explicit_cue,1,first12,separate,source_reference,8.277241706848145,1,7.2110939555697975,generic_or_habitual,False,45aa791e87c992a6eeb1449e805be182289e1cc33656cc2ed87e2cf5d2cc711e,6451592f93009dfb3c70374446f2ca2fb806d721ee012110340d887ceca84884
E14:slattery2013:5:1:explicit_cue:separate:source_np,Slattery:5,explicit_cue,1,first12,separate,source_np,15.146606922149658,2,7.463161897659302,generic_or_habitual,False,00159c440e93249e73b91d88218658941af47a1a2f4daf5f0797c92d95d8dbe7,6451592f93009dfb3c70374446f2ca2fb806d721ee012110340d887ceca84884
E14:slattery2013:6:0:gp:none:source_reference,Slattery:6,gp,0,first12,none,source_reference,14.771187782287598,1,6.221770823001862,generic_or_habitual,False,40ac33e4388cdb25298416b6f68f3b40c1e5dcd4155ff7eb684d06aa44d4458a,9f32ed4371212534f0980991758f61d0ac977eeed286c41be3337ddd30cf543d
E14:slattery2013:6:0:gp:none:source_np,Slattery:6,gp,0,first12,none,source_np,0.15390383452177048,2,3.9737897838155427,generic_or_habitual,False,1d7bb0c1804a80ab7240a950e56f398a01d9969859c0c1b9728814df974c3136,9f32ed4371212534f0980991758f61d0ac977eeed286c41be3337ddd30cf543d
E14:slattery2013:6:0:gp:same:source_reference,Slattery:6,gp,0,first12,same,source_reference,13.677301406860352,1,5.973783373832703,generic_or_habitual,False,06477e70845eda34a07394221e59d9318fdedf7733ec52cb414926d088de1ee5,407fdfaf22dd63e2800935303b506ae0ad516bb2249937c94533f8ee00b0f255
E14:slattery2013:6:0:gp:same:source_np,Slattery:6,gp,0,first12,same,source_np,0.25374457612633705,2,3.5509257287614875,generic_or_habitual,False,5226c080c4f840309aea530d89bf55d8fa82bed51d5f5cc97a7ec6ff899d9536,407fdfaf22dd63e2800935303b506ae0ad516bb2249937c94533f8ee00b0f255
E14:slattery2013:6:0:gp:separate:source_reference,Slattery:6,gp,0,first12,separate,source_reference,10.777643203735352,1,5.878921940922737,generic_or_habitual,False,67781ec69970a8d0dd356950a413975aac739eaf3b9751a2abfff766532a255b,84c14f70838d47ca0ee5eb8d36e884a2e7dbbdce153657ba3cae9e06247f1ac3
E14:slattery2013:6:0:gp:separate:source_np,Slattery:6,gp,0,first12,separate,source_np,0.2585793510079384,2,3.388237924211555,generic_or_habitual,False,1135e79e30a530b2433d99575d3ca9ef1b34f6423594cfc7c8c938551cb885ad,84c14f70838d47ca0ee5eb8d36e884a2e7dbbdce153657ba3cae9e06247f1ac3
E14:slattery2013:6:0:explicit_cue:none:source_reference,Slattery:6,explicit_cue,0,first12,none,source_reference,6.0945892333984375,1,4.547922760248184,generic_or_habitual,False,840cf04a655e1e39ef924e8e9404ab29377f75a85ea8e9862136b4aa2b601d7e,2c400aba6e9cf4fea73f89cc33541456d6e969568244390f6fef68ec33b5a2b5
E14:slattery2013:6:0:explicit_cue:none:source_np,Slattery:6,explicit_cue,0,first12,none,source_np,3.594247579574585,2,4.215618504418267,generic_or_habitual,False,28cf541c029e7cb55f676ad2e8f408b774e6b74896e9b040819aa5a9fbc5d4ed,2c400aba6e9cf4fea73f89cc33541456d6e969568244390f6fef68ec33b5a2b5
E14:slattery2013:6:0:explicit_cue:same:source_reference,Slattery:6,explicit_cue,0,first12,same,source_reference,4.535270690917969,1,4.265023201704025,generic_or_habitual,False,0e4671db761160ef38f5a63f521f469bd66302cc0ceb9d5f5b7ee4cab4fc8483,fa28071b9b6ef5e771087737ceb25e92f5a1ad7d6cc68a418d39403bb654a77e
E14:slattery2013:6:0:explicit_cue:same:source_np,Slattery:6,explicit_cue,0,first12,same,source_np,3.9106626510620117,2,4.024227499961853,generic_or_habitual,False,45d6cd7e03c3b3118fcef87581dabbe07e081f6f994ef7aad9a73d074ed62b9d,fa28071b9b6ef5e771087737ceb25e92f5a1ad7d6cc68a418d39403bb654a77e
E14:slattery2013:6:0:explicit_cue:separate:source_reference,Slattery:6,explicit_cue,0,first12,separate,source_reference,4.72934103012085,1,4.576418414711952,generic_or_habitual,False,7a394b8751226b9b87cc3b3f531453c57c80da3ac80c0b9995d583ea236fe737,a53acd322bbfe1fa7a042ef2c3eee6492653fd7ee227571a0caa7e05bf874eb9
E14:slattery2013:6:0:explicit_cue:separate:source_np,Slattery:6,explicit_cue,0,first12,separate,source_np,2.7865317165851593,2,3.885335130823983,generic_or_habitual,False,5f0e11eb766c166f573a4ea83c91cccc874106af1cb9759b893f8b85682b02f1,a53acd322bbfe1fa7a042ef2c3eee6492653fd7ee227571a0caa7e05bf874eb9
E14:slattery2013:6:1:gp:none:source_reference,Slattery:6,gp,1,first12,none,source_reference,8.288961410522461,1,5.719817876815796,generic_or_habitual,False,3e8d9c73850ab6f9e8b0ee597b481328d7443d0ba22badf791f306864f857848,d5b6a2599dfb3cb8559c7b08876f5ec8d39b222487b037ffb600371441cea55d
E14:slattery2013:6:1:gp:none:source_np,Slattery:6,gp,1,first12,none,source_np,0.14619350247085094,2,4.485219028054012,generic_or_habitual,False,d4b0649264bf838b77c4435f8a63e7c951cdd615a56e37f43cc9a07ed8101221,d5b6a2599dfb3cb8559c7b08876f5ec8d39b222487b037ffb600371441cea55d
E14:slattery2013:6:1:gp:same:source_reference,Slattery:6,gp,1,first12,same,source_reference,10.330733299255371,1,5.123171970248222,generic_or_habitual,False,56bb3e8ea5f07c23cc04d366fa8fab4e783b6667a92e7ae573685297e1e15c70,7f61466fe2ed994af46e0306e3cac69ad7df6c736580de0ba37ffecfe0c489af
E14:slattery2013:6:1:gp:same:source_np,Slattery:6,gp,1,first12,same,source_np,0.201935151591897,2,3.6858974275075727,generic_or_habitual,False,dd3a1f3e90c1db4947c7926b485ef52a0acedfd9f73f162f89dd469ecd6599e9,7f61466fe2ed994af46e0306e3cac69ad7df6c736580de0ba37ffecfe0c489af
E14:slattery2013:6:1:gp:separate:source_reference,Slattery:6,gp,1,first12,separate,source_reference,7.442154407501221,1,4.646594375371933,generic_or_habitual,False,7d5d17f65a472f826cb861f8184950c29f9fb203edfb726460f9e422afec60bf,a77cb0f033eff716b283520fb884d14370a4d372eded12ed91020903e23823a0
E14:slattery2013:6:1:gp:separate:source_np,Slattery:6,gp,1,first12,separate,source_np,0.6009789332747459,2,3.398770156006018,generic_or_habitual,False,1c8300e5857f62da51ea9a999906d8211a7dbe673d7886220a88ced7d9080010,a77cb0f033eff716b283520fb884d14370a4d372eded12ed91020903e23823a0
E14:slattery2013:6:1:explicit_cue:none:source_reference,Slattery:6,explicit_cue,1,first12,none,source_reference,4.035202980041504,1,5.10545489192009,generic_or_habitual,False,899485211cb6edbc67dcbe287622653ab995d44d668afb528c4e6d043d06cf13,640083a2594b8243a2e4cf5ab33f9c9825d67f32341527daedb1a32a77315d68
E14:slattery2013:6:1:explicit_cue:none:source_np,Slattery:6,explicit_cue,1,first12,none,source_np,13.341131687164307,2,5.4772688547770185,generic_or_habitual,False,883aacc223330085f1c24b8c6e643802e01aaf3c61c1bb3bc15dac95dc1f3da2,640083a2594b8243a2e4cf5ab33f9c9825d67f32341527daedb1a32a77315d68
E14:slattery2013:6:1:explicit_cue:same:source_reference,Slattery:6,explicit_cue,1,first12,same,source_reference,4.42947244644165,1,4.377204656600952,generic_or_habitual,False,23023a5052611125f927c847bedcf3bf85a69220a158f9244f3b467e26dfab5b,46be06ab175e97c1df0dc25cbc819e5b3f8d1088bfc98f42eadc7afa3a42ee08
E14:slattery2013:6:1:explicit_cue:same:source_np,Slattery:6,explicit_cue,1,first12,same,source_np,13.632489204406738,2,5.409310062726338,generic_or_habitual,False,9454ae7ba3a45753f37d457a137c65fc33e2b55dbf964be73da45dfbfde18fa8,46be06ab175e97c1df0dc25cbc819e5b3f8d1088bfc98f42eadc7afa3a42ee08
E14:slattery2013:6:1:explicit_cue:separate:source_reference,Slattery:6,explicit_cue,1,first12,separate,source_reference,4.451510906219482,1,4.411682173609734,generic_or_habitual,False,35b9185e1beefe5833bf1dd392be63933bc489b6b74e6d42437b1e938f6ee750,e8b0c0548b82fb84db3e7c48dd46f900378244e0087203f513d5d0b064d113cd
E14:slattery2013:6:1:explicit_cue:separate:source_np,Slattery:6,explicit_cue,1,first12,separate,source_np,12.356828451156616,2,5.21370001633962,generic_or_habitual,False,59b747771c83a52a6d82b8c06e77b4f29a1dd1bb305f38b9d1fc258d62fc966f,e8b0c0548b82fb84db3e7c48dd46f900378244e0087203f513d5d0b064d113cd
E14:slattery2013:7:0:gp:none:source_reference,Slattery:7,gp,0,first12,none,source_reference,12.389951705932617,1,5.129308839639028,generic_or_habitual,False,a944b3efa995ea2e03f779ce3ea85f05b4d0b284ed21e434f5f16625c30695f8,1815e06875720ec7d5ec9d5f2526f097a3acb62a3c6508b4b331cb6fbf82fbcc
E14:slattery2013:7:0:gp:none:source_np,Slattery:7,gp,0,first12,none,source_np,6.496258050203323,2,4.342009884233658,generic_or_habitual,False,a76ddb1a4a8fb73a7d53c529ae18902edea26cf8bf4983c3db6ee7ed9ae8b24b,1815e06875720ec7d5ec9d5f2526f097a3acb62a3c6508b4b331cb6fbf82fbcc
E14:slattery2013:7:0:gp:same:source_reference,Slattery:7,gp,0,first12,same,source_reference,3.0612196922302246,1,3.3716204315423965,generic_or_habitual,False,256379ff9e006099f9f940f2bdb809bbdadbd43e75f79af95a24c6c70046f415,77af1ef57dcd983d8fab034c2dbd07c97da504df16a7d167f2e4dce5e47a792b
E14:slattery2013:7:0:gp:same:source_np,Slattery:7,gp,0,first12,same,source_np,5.0034868866205215,2,3.4771778021867457,generic_or_habitual,False,bdfb907cc7bf20623f47455b6efab5e5fca1e999c72fa0852a4c275a4e7c85ab,77af1ef57dcd983d8fab034c2dbd07c97da504df16a7d167f2e4dce5e47a792b
E14:slattery2013:7:0:gp:separate:source_reference,Slattery:7,gp,0,first12,separate,source_reference,3.5889835357666016,1,3.5535622412959733,generic_or_habitual,False,10afbabe5f8919d62380511764910daf4625c485af7bf63f6ee87fb4ff2db4bd,f348f911094aae5a3c680a5df8a9459059e2574643d5a6f1089759536a79bce2
E14:slattery2013:7:0:gp:separate:source_np,Slattery:7,gp,0,first12,separate,source_np,6.276417255401611,2,3.8706687161555657,generic_or_habitual,False,cd177d6ee0e19b6a95c080c942f71f48f86e4d96143b46b5b6f784136e12531f,f348f911094aae5a3c680a5df8a9459059e2574643d5a6f1089759536a79bce2
E14:slattery2013:7:0:explicit_cue:none:source_reference,Slattery:7,explicit_cue,0,first12,none,source_reference,11.862160682678223,1,5.10554605225722,generic_or_habitual,False,a70f198de56f7ef164d315750be2da8de99a89989b4f4fceaf33cc340c32b728,ae078116b03ec38ec07df28ff704186a4488d04672716a639f102f67afec18ae
E14:slattery2013:7:0:explicit_cue:none:source_np,Slattery:7,explicit_cue,0,first12,none,source_np,9.71322774887085,2,4.754797713114665,generic_or_habitual,False,cd4e5d24212c647bf6400282f4252354f7c846c38ee7937101c1ee7cb115b18f,ae078116b03ec38ec07df28ff704186a4488d04672716a639f102f67afec18ae
E14:slattery2013:7:0:explicit_cue:same:source_reference,Slattery:7,explicit_cue,0,first12,same,source_reference,3.197396755218506,1,3.4968512281775475,generic_or_habitual,False,79d1568ba11138736e87f6cf07c0bf0b8a48eb761a30867d0318eb0a74350412,a9de8cb010e92e59887723c0c9f331c32ff7ef72886eb9c968ef5407c10040ac
E14:slattery2013:7:0:explicit_cue:same:source_np,Slattery:7,explicit_cue,0,first12,same,source_np,10.481373995542526,2,4.201767802238464,generic_or_habitual,False,9caba327b5c37cc4a1548108745bd3bf2db0028e91b6206086339ad8b305e417,a9de8cb010e92e59887723c0c9f331c32ff7ef72886eb9c968ef5407c10040ac
E14:slattery2013:7:0:explicit_cue:separate:source_reference,Slattery:7,explicit_cue,0,first12,separate,source_reference,3.3400790691375732,1,3.3810367196177444,generic_or_habitual,False,c8512d82f4e8d4ea5277bc2088e0e444286cba69d6475461e85f322acd5d37c3,a7dfcca0ff21e2a1d20bffce91e766683de74789d209b5dab98c5a05a64be0b5
E14:slattery2013:7:0:explicit_cue:separate:source_np,Slattery:7,explicit_cue,0,first12,separate,source_np,9.835079208016396,2,4.071130687227616,generic_or_habitual,False,1891befedaf5bf2227d18f2cff9fdf62baaa6393f252c73e2fa8437b4be48b79,a7dfcca0ff21e2a1d20bffce91e766683de74789d209b5dab98c5a05a64be0b5
E14:slattery2013:7:1:gp:none:source_reference,Slattery:7,gp,1,first12,none,source_reference,9.987049102783203,1,5.013085534175237,generic_or_habitual,False,329fea67959a772170f4fc5ea95b036d10d12264e9e1a4e99c5b75bef2b4ea72,3d6f743d1cd2d6b92d3dde3447abd429766a197fdc385ac10511b801ffff0561
E14:slattery2013:7:1:gp:none:source_np,Slattery:7,gp,1,first12,none,source_np,5.894940376281738,2,4.989429322572855,generic_or_habitual,False,79b0daefa847149d0b8b5c8bfc2277b1c27be23288fc8dc538355ea47b3c3c29,3d6f743d1cd2d6b92d3dde3447abd429766a197fdc385ac10511b801ffff0561
E14:slattery2013:7:1:gp:same:source_reference,Slattery:7,gp,1,first12,same,source_reference,3.1431713104248047,1,3.2331893034279346,generic_or_habitual,False,c15c6f9b8d8310678e13accde133eafa26176fd3cc1fef9d1841ffbf7eb651fe,52995584ed212f16f145723be5652deae37132d07034a15724bac0ac2aaacda6
E14:slattery2013:7:1:gp:same:source_np,Slattery:7,gp,1,first12,same,source_np,6.631507992744446,2,4.221096497315627,generic_or_habitual,False,26fe8c250a8d02f95a1894a6ca11cf3ce4a5251199ee6e8ef561f97c2e9c096f,52995584ed212f16f145723be5652deae37132d07034a15724bac0ac2aaacda6
E14:slattery2013:7:1:gp:separate:source_reference,Slattery:7,gp,1,first12,separate,source_reference,3.1130263805389404,1,3.3918557912111282,generic_or_habitual,False,8aaae8fff0cf92dd6e35271e48551af244f7a4486187d8311ce37f3bf91c4cc3,a93d7ea6f08e6883a46e79902004574041fcd42b8be6237246ae24ff98f41ee6
E14:slattery2013:7:1:gp:separate:source_np,Slattery:7,gp,1,first12,separate,source_np,7.399317979812622,2,4.371119004029494,generic_or_habitual,False,7bcd1fe009cf40d627281ee1ea3e81b65d2d6462de64feea872d14ad5f0dd20b,a93d7ea6f08e6883a46e79902004574041fcd42b8be6237246ae24ff98f41ee6
E14:slattery2013:7:1:explicit_cue:none:source_reference,Slattery:7,explicit_cue,1,first12,none,source_reference,11.060239791870117,1,5.491518547137578,generic_or_habitual,False,cf0152d0fc7e87f947d8bad01e7dd88f5ea0c9a67188a8d38d32fece3125cd05,e6ff906b58a19f1bb079a31f0be3584b33151ff9c210a44e1221e58f3afa5c2f
E14:slattery2013:7:1:explicit_cue:none:source_np,Slattery:7,explicit_cue,1,first12,none,source_np,10.322591304779053,2,5.343395095605117,generic_or_habitual,False,4ef9da2bba19635f11a174c0d55035bf4c968d5fa53af210a379bba263fbd1fe,e6ff906b58a19f1bb079a31f0be3584b33151ff9c210a44e1221e58f3afa5c2f
E14:slattery2013:7:1:explicit_cue:same:source_reference,Slattery:7,explicit_cue,1,first12,same,source_reference,3.9386861324310303,1,3.299340092887481,generic_or_habitual,False,cbcd75af04340f70a9fcfc49cde1371a456dbec452e89f9f878b9503b333f581,3fe79703ea05f6054afed193c46aabbe198eda028b862c7d7f0670c2fe89dc3f
E14:slattery2013:7:1:explicit_cue:same:source_np,Slattery:7,explicit_cue,1,first12,same,source_np,13.902595520019531,2,4.657797238001456,generic_or_habitual,False,ec33618bc9a04abfdeceda8e19d0b379b4d70af38cd1fd29c3c21b24eed623ef,3fe79703ea05f6054afed193c46aabbe198eda028b862c7d7f0670c2fe89dc3f
E14:slattery2013:7:1:explicit_cue:separate:source_reference,Slattery:7,explicit_cue,1,first12,separate,source_reference,3.761199951171875,1,3.5791669320315123,generic_or_habitual,False,56d7a08e596029576a8c022ba727ae94592a19624e51931fe4cbb82080bc3db8,5b5f8b19688b30f46b40ed164020ec63ca2c68af00f535ced4f5107c3c638f21
E14:slattery2013:7:1:explicit_cue:separate:source_np,Slattery:7,explicit_cue,1,first12,separate,source_np,11.354393482208252,2,4.658048989681097,generic_or_habitual,False,f40206379aa560058574d58f4b44c7f6f1fb29815673bea0748259ff5952abbc,5b5f8b19688b30f46b40ed164020ec63ca2c68af00f535ced4f5107c3c638f21
E14:slattery2013:8:0:gp:none:source_reference,Slattery:8,gp,0,first12,none,source_reference,15.588903427124023,1,6.3985842049121855,modal_or_dispositional,False,d2fef6699afe10df0f9c44211669d2218caee53344beed22bc88af5b56863641,9bc5ddb228cc287b05bf5cc992315626acbdd690d4fc511ee7f2ae9d6eb59aa6
E14:slattery2013:8:0:gp:none:source_np,Slattery:8,gp,0,first12,none,source_np,0.10256769694387913,2,4.319805169139396,modal_or_dispositional,False,b66526e619cceb91f9df2690760fabc09ffc7bedf7bd8d5508e149af6a14146a,9bc5ddb228cc287b05bf5cc992315626acbdd690d4fc511ee7f2ae9d6eb59aa6
E14:slattery2013:8:0:gp:same:source_reference,Slattery:8,gp,0,first12,same,source_reference,13.336222648620605,1,6.022321891784668,modal_or_dispositional,False,a41999f3fc5d635eded3d933f630dfc22837f73d319a1bbe67b92c7a12058c56,004847f0362e7947434f936fea99f655d9692024b6ea4762b620f28516cd0e51
E14:slattery2013:8:0:gp:same:source_np,Slattery:8,gp,0,first12,same,source_np,0.10853343084454536,2,4.158668758178299,modal_or_dispositional,False,ee19a0b472bbfb527e8bd927778c6f7c49bd7cd946f816ee9e51daba1b8b1f45,004847f0362e7947434f936fea99f655d9692024b6ea4762b620f28516cd0e51
E14:slattery2013:8:0:gp:separate:source_reference,Slattery:8,gp,0,first12,separate,source_reference,10.738569259643555,1,5.322366350889206,modal_or_dispositional,False,bf62a87f9b736bb64a501df0351bde0b4cd10d6f8cb1ec53e84aa352fd91edb0,b116d31502c44069327d368f0619ef49d57fb15cee55ec8d8dbfc460b0002bfc
E14:slattery2013:8:0:gp:separate:source_np,Slattery:8,gp,0,first12,separate,source_np,0.2391081638634205,2,3.9322025521912356,modal_or_dispositional,False,06e0a984eb12cbba9250136263f4d51e9cdc9295b69631ba9798dcd94aa94bf1,b116d31502c44069327d368f0619ef49d57fb15cee55ec8d8dbfc460b0002bfc
E14:slattery2013:8:0:explicit_cue:none:source_reference,Slattery:8,explicit_cue,0,first12,none,source_reference,18.399015426635742,1,7.448637603595853,modal_or_dispositional,False,84c576cf1e3286a06d269e3e734404a57cfcea6e556100534293d9e040699937,8b57fc707a3dab90861988ad4aad79e8c14102af1fc63264f87db644d0a25b2e
E14:slattery2013:8:0:explicit_cue:none:source_np,Slattery:8,explicit_cue,0,first12,none,source_np,13.227072473615408,2,6.3710760091516105,modal_or_dispositional,False,e735a8fb89e27e2b60834a2dccb64e12116a811f49b723a9363af7389bd8174f,8b57fc707a3dab90861988ad4aad79e8c14102af1fc63264f87db644d0a25b2e
E14:slattery2013:8:0:explicit_cue:same:source_reference,Slattery:8,explicit_cue,0,first12,same,source_reference,10.3815279006958,1,6.196778643131256,modal_or_dispositional,False,9166cd3dda2743c7b40658c9d3468c4a7349f5b6e636e1dfe7610fd4999dca12,1c887d9625900ee9fbacff5622088d1debe6160cd42afcdac2de8d829aad7053
E14:slattery2013:8:0:explicit_cue:same:source_np,Slattery:8,explicit_cue,0,first12,same,source_np,10.910023339092731,2,5.683579250492833,modal_or_dispositional,False,42c1026885a0ecd47598cb050db2caeef23ef4c522f7f3c15a9a9963ce737e98,1c887d9625900ee9fbacff5622088d1debe6160cd42afcdac2de8d829aad7053
E14:slattery2013:8:0:explicit_cue:separate:source_reference,Slattery:8,explicit_cue,0,first12,separate,source_reference,10.048123359680176,1,5.165041470527649,modal_or_dispositional,False,72ca6b08737146e74f9e0406cbc76a467852c08d3cf652060c30f9f729056713,5ae69e0270112de92f7338531da5cc6b34f24e6056f936757d3dc7bf15a8821d
E14:slattery2013:8:0:explicit_cue:separate:source_np,Slattery:8,explicit_cue,0,first12,separate,source_np,7.613988175988197,2,4.738365087996829,modal_or_dispositional,False,dd08c381989d6d6a2e698c0ef6c45533ddccb3adc996f407f45925fa8cffb2c3,5ae69e0270112de92f7338531da5cc6b34f24e6056f936757d3dc7bf15a8821d
E14:slattery2013:8:1:gp:none:source_reference,Slattery:8,gp,1,first12,none,source_reference,10.277234077453613,1,5.645824643969536,modal_or_dispositional,False,748f0ac73e182d874c1cb16a500b8779076df5ad847a2e649a6f69ef01e1eafa,26a1a703ad10f41624b24424198f8ecd4d564872ed113030bbf227aaef3c4e55
E14:slattery2013:8:1:gp:none:source_np,Slattery:8,gp,1,first12,none,source_np,0.22334354370832443,2,4.499337081882087,modal_or_dispositional,False,5b43e9ad5f241c2cfeac4ce1bff9c945c4c6a53540edec8e140e38010f05e33e,26a1a703ad10f41624b24424198f8ecd4d564872ed113030bbf227aaef3c4e55
E14:slattery2013:8:1:gp:same:source_reference,Slattery:8,gp,1,first12,same,source_reference,9.515054702758789,1,5.267015433311462,modal_or_dispositional,False,2174389cba0bc5fd19d84d209e0698fc74e3280bdf42eadf615fb8ad978068df,33ee3a8ecbc7076e774184d3885d893dfaa4d825ebb2e738499d0cd6b1573a31
E14:slattery2013:8:1:gp:same:source_np,Slattery:8,gp,1,first12,same,source_np,0.24104812555015087,2,4.272964046590707,modal_or_dispositional,False,c9250843a67108e93882214aa82d6fcb781391ee6bbba1711c28125012e4631c,33ee3a8ecbc7076e774184d3885d893dfaa4d825ebb2e738499d0cd6b1573a31
E14:slattery2013:8:1:gp:separate:source_reference,Slattery:8,gp,1,first12,separate,source_reference,7.000189304351807,1,4.7399915099143985,modal_or_dispositional,False,3a3dfff4cf0c2a0aafcb1b62abea196afb01ddc27d22749b1895c76682ab6b0b,e6cc988b2e288ec3b7769c8f6b6d1506680f276c6cd3eee916fad58495174bb6
E14:slattery2013:8:1:gp:separate:source_np,Slattery:8,gp,1,first12,separate,source_np,1.0985838919878006,2,4.061581271615895,modal_or_dispositional,False,e97506eafdf0a9b0f73938e4069077266e87e9ce775512616fbd6610b9ab457f,e6cc988b2e288ec3b7769c8f6b6d1506680f276c6cd3eee916fad58495174bb6
E14:slattery2013:8:1:explicit_cue:none:source_reference,Slattery:8,explicit_cue,1,first12,none,source_reference,13.617443084716797,1,6.124311929941177,modal_or_dispositional,False,b8d37ce27f6db81a10ba614537bdb149ec3a7f09a8365f1915018783988fea9a,b7583471020a326dc38a220dde7a2913624a6e48882cd44cf53323026c703b23
E14:slattery2013:8:1:explicit_cue:none:source_np,Slattery:8,explicit_cue,1,first12,none,source_np,11.41147232055664,2,5.833871928128329,modal_or_dispositional,False,971ac049f749ae6f9fb015c9df0912d32b20140f052067f724803eeab9a7454d,b7583471020a326dc38a220dde7a2913624a6e48882cd44cf53323026c703b23
E14:slattery2013:8:1:explicit_cue:same:source_reference,Slattery:8,explicit_cue,1,first12,same,source_reference,7.434961318969727,1,5.203073143959045,modal_or_dispositional,False,4aa7eebc7bd9456dbb524294c6edeed5a318865de26a0789625d261440810e26,34b5352732cfcb6f79e45b3558074eff07a182b439e31c24a6ffa901cd44304c
E14:slattery2013:8:1:explicit_cue:same:source_np,Slattery:8,explicit_cue,1,first12,same,source_np,12.988803386688232,2,6.0172201069918545,modal_or_dispositional,False,47a3dae611a185c37ed36a1adc2ae70d821f989451d64bb5de161cc25e394bf8,34b5352732cfcb6f79e45b3558074eff07a182b439e31c24a6ffa901cd44304c
E14:slattery2013:8:1:explicit_cue:separate:source_reference,Slattery:8,explicit_cue,1,first12,separate,source_reference,7.677401542663574,1,4.84490088224411,modal_or_dispositional,False,0288b1fe45b1fa4cbec578fde29467e91199883d2dc51afc104ad5348b143311,dee5a9b9ac416196e9cdfa5f8bab33bcc2e93a166a7e04d1ba21dc9709ed2cb8
E14:slattery2013:8:1:explicit_cue:separate:source_np,Slattery:8,explicit_cue,1,first12,separate,source_np,9.621612071990967,2,5.331591216000644,modal_or_dispositional,False,ff69d04375837fdfe9f8a012c3345c3294d9afc3f95777566f4a7db9e4a4ac75,dee5a9b9ac416196e9cdfa5f8bab33bcc2e93a166a7e04d1ba21dc9709ed2cb8
E14:slattery2013:11:0:gp:none:source_reference,Slattery:11,gp,0,first12,none,source_reference,14.855738639831543,1,6.950280740857124,generic_or_habitual,False,beb345ded658ab81fc644027e8289a8d0fb382dfd39674f98f8e4d43db499e58,970f4d9a93acd4014e754449b6922ca90880fff58d3dfe4cf93b4abee22d4607
E14:slattery2013:11:0:gp:none:source_np,Slattery:11,gp,0,first12,none,source_np,0.3167920261621475,2,6.275443646770257,generic_or_habitual,False,49e026bc2fb87a8feb1db95286412b10856329edf41b55e72dd17dd77f6e3328,970f4d9a93acd4014e754449b6922ca90880fff58d3dfe4cf93b4abee22d4607
E14:slattery2013:11:0:gp:same:source_reference,Slattery:11,gp,0,first12,same,source_reference,15.748696327209473,1,6.762133260567983,generic_or_habitual,False,d741a029d6e776d8a5191dba4bd4715b92d6ce7e4538c79ea51584b4177eafef,a0659604858b760e991b46cb69d893c2185686a54cd174b10ffafc0fc464bdc8
E14:slattery2013:11:0:gp:same:source_np,Slattery:11,gp,0,first12,same,source_np,0.5260990411043167,2,5.7502938107802315,generic_or_habitual,False,6510a54893b55a48025c6e7307cfefc17bc52bc8a04ccac1b897662f049c1ad3,a0659604858b760e991b46cb69d893c2185686a54cd174b10ffafc0fc464bdc8
E14:slattery2013:11:0:gp:separate:source_reference,Slattery:11,gp,0,first12,separate,source_reference,12.30968189239502,1,6.005725791056951,generic_or_habitual,False,bb907d01330f98adf5793e254e5d1d313150a63a764a013d5c594c979e2ee12e,76729cf3e6ab0a9a2bba8b84718d516642f68b05dd75a268968a5afbfac59a0a
E14:slattery2013:11:0:gp:separate:source_np,Slattery:11,gp,0,first12,separate,source_np,0.5096877664327621,2,5.402813933216608,generic_or_habitual,False,508613feed93f0bbf47e81ba36d7d54f2661ffca22b77ee4799758de37564c13,76729cf3e6ab0a9a2bba8b84718d516642f68b05dd75a268968a5afbfac59a0a
E14:slattery2013:11:0:explicit_cue:none:source_reference,Slattery:11,explicit_cue,0,first12,none,source_reference,17.299217224121094,1,7.63055623198549,generic_or_habitual,False,13b709366a97fd93b169aa30b20240b9fef0dd2eabda5fcafc6946caf606a2f1,d85def059d70f1b3521ecf822f8e777e0ff58e7d411e0838f14c99fec3e226cc
E14:slattery2013:11:0:explicit_cue:none:source_np,Slattery:11,explicit_cue,0,first12,none,source_np,4.787039279937744,2,7.013449063667884,generic_or_habitual,False,9d8614882a418d9717295f0d58a1a4a4e507451637b1a8d5224a8ecfbcd74d9e,d85def059d70f1b3521ecf822f8e777e0ff58e7d411e0838f14c99fec3e226cc
E14:slattery2013:11:0:explicit_cue:same:source_reference,Slattery:11,explicit_cue,0,first12,same,source_reference,10.88403606414795,1,6.950334525667131,generic_or_habitual,False,7893d1a787ad49147a1ea481765492bde9890ac5a61e430f04605801334710db,33d43faffd5a0bf48e6531aacd8663e4a1b4a340da1c98ead7ff8cd9e9019faf
E14:slattery2013:11:0:explicit_cue:same:source_np,Slattery:11,explicit_cue,0,first12,same,source_np,1.735065519809723,2,6.105322328897623,generic_or_habitual,False,d094d1795e5507126e7d9ef11f9718737a22098bebd4b1546a7f4897afe97630,33d43faffd5a0bf48e6531aacd8663e4a1b4a340da1c98ead7ff8cd9e9019faf
E14:slattery2013:11:0:explicit_cue:separate:source_reference,Slattery:11,explicit_cue,0,first12,separate,source_reference,8.24152660369873,1,6.160252406572302,generic_or_habitual,False,3563830505fa5c137635b93bbb4d9d55e93fae935ece065ca51565050326a57b,bae12b7e0e9fba94c7ccfa40629ceeb3f1aba11d74b2384504b05a180fa7d0fe
E14:slattery2013:11:0:explicit_cue:separate:source_np,Slattery:11,explicit_cue,0,first12,separate,source_np,2.8636102080345154,2,5.973896857637626,generic_or_habitual,False,9ebc65f3244065c01cbfec79bf580493c8820e037b715315649401a0c89859b8,bae12b7e0e9fba94c7ccfa40629ceeb3f1aba11d74b2384504b05a180fa7d0fe
E14:slattery2013:11:1:gp:none:source_reference,Slattery:11,gp,1,first12,none,source_reference,13.228147506713867,1,6.9857351904114084,generic_or_habitual,False,72217e77d9a64ecc98bd47dab34dc3a97e35290a09a531d57403bda020bbfd04,ac8a91f64b8874ccf53e242bf87bbe1b02feb52ba59babc544566f8bafcaeed9
E14:slattery2013:11:1:gp:none:source_np,Slattery:11,gp,1,first12,none,source_np,0.22776281088590622,2,6.036001929296897,generic_or_habitual,False,cfe6c2a388a8d52aae2d6550de62750cd3ad6f4aa49d86858eeab3a5e6b1ea94,ac8a91f64b8874ccf53e242bf87bbe1b02feb52ba59babc544566f8bafcaeed9
E14:slattery2013:11:1:gp:same:source_reference,Slattery:11,gp,1,first12,same,source_reference,11.974782943725586,1,6.902068731685479,generic_or_habitual,False,8c86177dd722b6fb46d271ca310b779f3f29d7efab2cf5b046dffd22cf45fcfb,06dc847b8a6cc8899692e99a69ae3a147004609f8d518a7b7e73aece5d96fcad
E14:slattery2013:11:1:gp:same:source_np,Slattery:11,gp,1,first12,same,source_np,0.3600986450910568,2,5.798833612066049,generic_or_habitual,False,f530bd828cc73410d3722f4234920a99a1b28e6b59f52ffa21ff5a7731c1f5ae,06dc847b8a6cc8899692e99a69ae3a147004609f8d518a7b7e73aece5d96fcad
E14:slattery2013:11:1:gp:separate:source_reference,Slattery:11,gp,1,first12,separate,source_reference,10.44837474822998,1,6.155111312866211,generic_or_habitual,False,047c99f498c01a0761c29ffc5c9c2c69aebf4f6919a6ff46da68047407d2315c,4f46f06aa76694aecf2f7879006320a5064468c5fbd5fa80a8b20c6fa8c54a5b
E14:slattery2013:11:1:gp:separate:source_np,Slattery:11,gp,1,first12,separate,source_np,0.5086613744497299,2,5.325773733166548,generic_or_habitual,False,138fa081514597f6b8cd481159604e5bc3884f33d695ffd746affa9d1096da41,4f46f06aa76694aecf2f7879006320a5064468c5fbd5fa80a8b20c6fa8c54a5b
E14:slattery2013:11:1:explicit_cue:none:source_reference,Slattery:11,explicit_cue,1,first12,none,source_reference,9.761774063110352,1,6.280241869390011,generic_or_habitual,False,1a1009a5539877b1eacbec7157aedb719f4505b6e8aa5e2af7f473eeaf662143,d8892d547af7aa1dd113e29f7e2d7a5829a4763fe8135df2397336f02484f1ad
E14:slattery2013:11:1:explicit_cue:none:source_np,Slattery:11,explicit_cue,1,first12,none,source_np,5.133825182914734,2,6.469527638875521,generic_or_habitual,False,02c00e64b76ef8f8dd013f98c749b48d5735b4657d141232f917f4096203cca9,d8892d547af7aa1dd113e29f7e2d7a5829a4763fe8135df2397336f02484f1ad
E14:slattery2013:11:1:explicit_cue:same:source_reference,Slattery:11,explicit_cue,1,first12,same,source_reference,8.18603515625,1,6.727984228481849,generic_or_habitual,False,97bc4922ebd96382264e2b8f884cc41f7f8232097129b42abe714bfc56fa0ac5,7b99d85a3e208323dea40412e4df64d3e6d3a0cf1ffbb3d55563a350ccba5790
E14:slattery2013:11:1:explicit_cue:same:source_np,Slattery:11,explicit_cue,1,first12,same,source_np,7.124974012374878,2,6.574337239448841,generic_or_habitual,False,5ac636c4efdd9b04f2ae7c8f79250d9033f71907a48f4d564f5f6bb00e14f3b2,7b99d85a3e208323dea40412e4df64d3e6d3a0cf1ffbb3d55563a350ccba5790
E14:slattery2013:11:1:explicit_cue:separate:source_reference,Slattery:11,explicit_cue,1,first12,separate,source_reference,7.281126022338867,1,6.007452546308438,generic_or_habitual,False,600b6d056304868e2fc9274a7dff63bc3d29cdab9db33e58ea4dd7fb82283102,fb3abba39a095b77e0d0a8456ab2733ac68c1457f53f06853c8d7196c765c4a6
E14:slattery2013:11:1:explicit_cue:separate:source_np,Slattery:11,explicit_cue,1,first12,separate,source_np,3.529268264770508,2,5.862284337098782,generic_or_habitual,False,f73367c25397cdab412c2d6ba4542777358205ed2c4a5746f6e96115b2488c57,fb3abba39a095b77e0d0a8456ab2733ac68c1457f53f06853c8d7196c765c4a6
E14:slattery2013:12:0:gp:none:source_reference,Slattery:12,gp,0,first12,none,source_reference,9.903077125549316,1,5.080171136693521,modal_or_dispositional,False,f880eb8b685a6779e12f38b63dff378a8f030acc09c5c409fdfcf127b43d5797,005bb39e85cb41d76c403579eaf77d5e029ec1e2136a8011b67c01212b9b77a3
E14:slattery2013:12:0:gp:none:source_np,Slattery:12,gp,0,first12,none,source_np,4.143084079027176,2,5.015428276111682,modal_or_dispositional,False,13a785d17205097bec11c7c471fdaab966d5f9866b6ca0741a4ef49e675d4f21,005bb39e85cb41d76c403579eaf77d5e029ec1e2136a8011b67c01212b9b77a3
E14:slattery2013:12:0:gp:same:source_reference,Slattery:12,gp,0,first12,same,source_reference,5.022988319396973,1,4.247734000737017,modal_or_dispositional,False,c7f8b25eb4176e3c7a7ed9991ed74e32916ea932ef120ffb55fa1d047d4ff503,3e5669bbebe979f41108ec7ed922d1dfa234b95efdfd21fb2a9744b956a2373b
E14:slattery2013:12:0:gp:same:source_np,Slattery:12,gp,0,first12,same,source_np,8.006532691419125,2,4.619501885647575,modal_or_dispositional,False,9ef391281d14a029e53e47a7eb31311342cf19463c277dd2453f20536564159c,3e5669bbebe979f41108ec7ed922d1dfa234b95efdfd21fb2a9744b956a2373b
E14:slattery2013:12:0:gp:separate:source_reference,Slattery:12,gp,0,first12,separate,source_reference,5.677389144897461,1,4.41689586233009,modal_or_dispositional,False,93e5498de3a7c6f354b1d47989b5ea5b39beb09d97e7622f997338a1b7533af2,f46597240d574a8290f3b8b96674420547e7057d9c7a0a40ef48a7b144945155
E14:slattery2013:12:0:gp:separate:source_np,Slattery:12,gp,0,first12,separate,source_np,8.75376282632351,2,5.120883832375209,modal_or_dispositional,False,75752f95de45a915589e56c9b548e1a3cc83efd9128ae080221d43f4e17514d9,f46597240d574a8290f3b8b96674420547e7057d9c7a0a40ef48a7b144945155
E14:slattery2013:12:0:explicit_cue:none:source_reference,Slattery:12,explicit_cue,0,first12,none,source_reference,10.423964500427246,1,5.953058902512897,modal_or_dispositional,False,aa051ce44c4e248905902e41d853f32f5cccd26d29ff34265ef775264b87f428,1fd0a29593ec7cb6ccc5cda5ec0d29b54bf6984b6841846370454d3a34a441d4
E14:slattery2013:12:0:explicit_cue:none:source_np,Slattery:12,explicit_cue,0,first12,none,source_np,9.980216428637505,2,5.678521045794089,modal_or_dispositional,False,fd75c1a6135c80217b6de289a6fdee81f31101a0d0142a836d162a0340abddb2,1fd0a29593ec7cb6ccc5cda5ec0d29b54bf6984b6841846370454d3a34a441d4
E14:slattery2013:12:0:explicit_cue:same:source_reference,Slattery:12,explicit_cue,0,first12,same,source_reference,6.747159957885742,1,4.518244880166921,modal_or_dispositional,False,44c2d9d26b11ea2b09473ed56a702f5a965bacb0cf96878b95efe5318f7fa8f5,faf333638c92814c3cbcb36f1438480bdb48baef0049e128f7306db016b6623f
E14:slattery2013:12:0:explicit_cue:same:source_np,Slattery:12,explicit_cue,0,first12,same,source_np,10.910631820559502,2,4.789075405647357,modal_or_dispositional,False,a01a97c5d687a94ac3504751f33c47c50258c99f5c9d62535306eadf609d34a5,faf333638c92814c3cbcb36f1438480bdb48baef0049e128f7306db016b6623f
E14:slattery2013:12:0:explicit_cue:separate:source_reference,Slattery:12,explicit_cue,0,first12,separate,source_reference,6.231412887573242,1,4.868999678302895,modal_or_dispositional,False,f2496c2687f9a04eaf4c290d0a13e7997694f37c147743e660360ee676e25520,aaf6d2c92f653c485cd62be7429cf0f0b819707e71a7357c37dca8354c8eba51
E14:slattery2013:12:0:explicit_cue:separate:source_np,Slattery:12,explicit_cue,0,first12,separate,source_np,10.242838263511658,2,5.043455000966787,modal_or_dispositional,False,15de7f1324c91c0f6c507b68ea2ac226cfc1b2a01ab1c15630811eb2dc8b6392,aaf6d2c92f653c485cd62be7429cf0f0b819707e71a7357c37dca8354c8eba51
E14:slattery2013:12:1:gp:none:source_reference,Slattery:12,gp,1,first12,none,source_reference,8.442468643188477,1,5.337094321846962,modal_or_dispositional,False,d2e0f449ddfb122a3c4789cebb7474c7bc96c1848b31edc460b4a4dc63e75055,d9a8de9847ee6b1558ae981bc41c3de31850dcd3cd7182617cc7799b8e885d11
E14:slattery2013:12:1:gp:none:source_np,Slattery:12,gp,1,first12,none,source_np,9.77185344696045,2,5.27189280713598,modal_or_dispositional,False,76a2788d5cc2560d0dcb7d7c61778742a84778129e5adbfce8a4fae8b5ed7251,d9a8de9847ee6b1558ae981bc41c3de31850dcd3cd7182617cc7799b8e885d11
E14:slattery2013:12:1:gp:same:source_reference,Slattery:12,gp,1,first12,same,source_reference,4.79727029800415,1,4.319676597687331,modal_or_dispositional,False,e74908694f8f3488e83a3a070cfdbe6ffd551a08c6ccb8c0d35f8a380acbfd1e,11a894a2945ccc46abd0b16e2a6c884b687596204ebd1264b0a0d534d2b7802b
E14:slattery2013:12:1:gp:same:source_np,Slattery:12,gp,1,first12,same,source_np,11.9584321975708,2,4.62883868937691,modal_or_dispositional,False,8d09411e23b417f4a837b7476e3aa54dc9a86ee83f48ddb2bbbcf99b05b4d9c5,11a894a2945ccc46abd0b16e2a6c884b687596204ebd1264b0a0d534d2b7802b
E14:slattery2013:12:1:gp:separate:source_reference,Slattery:12,gp,1,first12,separate,source_reference,4.751462459564209,1,4.343556473200971,modal_or_dispositional,False,660e9c5b60b00fcc9df3d72cb52226627b847a3b46c740dd44a3bc29f291530f,580faad92f5a96f61d5d87982ac26bc65bbe09bdc063f2cae136a1311f09ee7e
E14:slattery2013:12:1:gp:separate:source_np,Slattery:12,gp,1,first12,separate,source_np,9.559789180755615,2,4.613219238817692,modal_or_dispositional,False,12f92ea1c0c11e7ee6586de828f39d30a912bb169a57154f3b30ff0425027ba4,580faad92f5a96f61d5d87982ac26bc65bbe09bdc063f2cae136a1311f09ee7e
E14:slattery2013:12:1:explicit_cue:none:source_reference,Slattery:12,explicit_cue,1,first12,none,source_reference,9.02994441986084,1,5.517610602758148,modal_or_dispositional,False,42ea2c396ab000c6286b6db866bf3bb509398909413fabf20a7ab485df7a528a,4f77e43e51983912b6e0c60ce5a10f29a347928dbe23be706999d10f23f3c04d
E14:slattery2013:12:1:explicit_cue:none:source_np,Slattery:12,explicit_cue,1,first12,none,source_np,16.6955246925354,2,5.941725933303435,modal_or_dispositional,False,a1c1b6af1ff096bd273a7bf05c6376d6d29d8ac93ac1d38c9381c4ccd53dba3c,4f77e43e51983912b6e0c60ce5a10f29a347928dbe23be706999d10f23f3c04d
E14:slattery2013:12:1:explicit_cue:same:source_reference,Slattery:12,explicit_cue,1,first12,same,source_reference,5.85536527633667,1,4.957605456764048,modal_or_dispositional,False,4eeb8863fbee45d0a92c03f109ae40d5eaf80853f2c3cf012683a48ac8013ef5,80ba03ff7d10e8aae9d3db9ef304c8bfdb8c87b5f2772c27c3002dc53106ff75
E14:slattery2013:12:1:explicit_cue:same:source_np,Slattery:12,explicit_cue,1,first12,same,source_np,16.523375034332275,2,5.438566125929356,modal_or_dispositional,False,6ac096e3ce0144c7b337d801bb02e283a5beaa97dda78369d3925d71a4500fec,80ba03ff7d10e8aae9d3db9ef304c8bfdb8c87b5f2772c27c3002dc53106ff75
E14:slattery2013:12:1:explicit_cue:separate:source_reference,Slattery:12,explicit_cue,1,first12,separate,source_reference,5.629680156707764,1,4.703326924958012,modal_or_dispositional,False,e053c1daaa7d2ce218f5eda8a193c703de1b114dc265cd32cdc3d26266657f88,df2816adb352c3e130af817add7946a7199380615de2847ef13023e98e18770f
E14:slattery2013:12:1:explicit_cue:separate:source_np,Slattery:12,explicit_cue,1,first12,separate,source_np,11.17641532421112,2,5.083052872369687,modal_or_dispositional,False,be771902c7d169507f4f7181dc99fa311d1423f2b8731fbce59d44a1d9273c52,df2816adb352c3e130af817add7946a7199380615de2847ef13023e98e18770f
E14:slattery2013:13:0:gp:none:source_reference,Slattery:13,gp,0,last12,none,source_reference,11.458213552832603,2,6.8703366769477725,generic_or_habitual,False,297cf86e17885ef2378e88ebf94b3e6f6688b284018f09de93f2f444df1ec681,c6c147b7f79b9f7bdc548c82aba76e5b3c1ca1733fd82d6300cb47ef7775b436
E14:slattery2013:13:0:gp:none:source_np,Slattery:13,gp,0,last12,none,source_np,0.8109546154737473,2,7.549201567284763,generic_or_habitual,False,4d9e04305cb64b282ccad66c7f260de531434420d53f13edb316ff8ef025483e,c6c147b7f79b9f7bdc548c82aba76e5b3c1ca1733fd82d6300cb47ef7775b436
E14:slattery2013:13:0:gp:same:source_reference,Slattery:13,gp,0,last12,same,source_reference,8.446653915569186,2,5.650397183280438,generic_or_habitual,False,3d7088eed9882a8d68746e9f574ec44365dc521635867bf2da499144f6add46e,be46fbf032d84b46201d7f32a6451c20dc86bc16ad96944ccc92e556217b0685
E14:slattery2013:13:0:gp:same:source_np,Slattery:13,gp,0,last12,same,source_np,1.3346597030758858,2,6.415811879653484,generic_or_habitual,False,69fb41b9360cb18d54562682024efa24f802b16869667b012892af7c95d95be1,be46fbf032d84b46201d7f32a6451c20dc86bc16ad96944ccc92e556217b0685
E14:slattery2013:13:0:gp:separate:source_reference,Slattery:13,gp,0,last12,separate,source_reference,6.4215240073390305,2,5.718578593665734,generic_or_habitual,False,889fda5d6716de29d327144168147bbc6f39a1ce1431277754943034d32dbb32,9e6dc64f3d19e44c18f70c457119fc29af4a39b62cbdb3686637505d77d61f06
E14:slattery2013:13:0:gp:separate:source_np,Slattery:13,gp,0,last12,separate,source_np,1.3173431046307087,2,6.299138935096562,generic_or_habitual,False,0f24a68f26b4f67d1ed16d4367efa05b8e1035d0c763e908e90be2ec2fa17176,9e6dc64f3d19e44c18f70c457119fc29af4a39b62cbdb3686637505d77d61f06
E14:slattery2013:13:0:explicit_cue:none:source_reference,Slattery:13,explicit_cue,0,last12,none,source_reference,8.624118372332305,2,7.65055546532385,generic_or_habitual,False,0303fa43b1b1f8de3c101c077148bb0738d4a4da79d453c742d82af9952b6b1b,b17742ff06639c52f4c879bc17765c3142686381f6613e06d56615fd4100b9f8
E14:slattery2013:13:0:explicit_cue:none:source_np,Slattery:13,explicit_cue,0,last12,none,source_np,3.196890562772751,2,8.445031251758337,generic_or_habitual,False,6845212c8d2c9ad0017dfa3aabc9b2df408f77e931eacc4fea246dd522c7c14a,b17742ff06639c52f4c879bc17765c3142686381f6613e06d56615fd4100b9f8
E14:slattery2013:13:0:explicit_cue:same:source_reference,Slattery:13,explicit_cue,0,last12,same,source_reference,6.48833277169615,2,5.542402269598097,generic_or_habitual,False,30506d3adbe9de8bc553305b2f1c7ce590411e7142729ff0d761127c1ee23924,0b9338e979a47041c2e04e6bdecdc6755134ec6bf79cbdd909c943aa7777e850
E14:slattery2013:13:0:explicit_cue:same:source_np,Slattery:13,explicit_cue,0,last12,same,source_np,5.153976112604141,2,7.113755598478019,generic_or_habitual,False,dfbf898e57ac53c7397e4168f10a7200990a380d1bfebe667c03f88d8f09596f,0b9338e979a47041c2e04e6bdecdc6755134ec6bf79cbdd909c943aa7777e850
E14:slattery2013:13:0:explicit_cue:separate:source_reference,Slattery:13,explicit_cue,0,last12,separate,source_reference,4.850615169620141,2,5.508055614843033,generic_or_habitual,False,81b16cab1dbeffa5f79497d1badbea7669a9956682498d9a61ffa31064cb9e4d,f6ce9266453a341fd3eaeff786663b1e51893b67749a018cce1f7e1682d47e1f
E14:slattery2013:13:0:explicit_cue:separate:source_np,Slattery:13,explicit_cue,0,last12,separate,source_np,5.303884148597717,2,6.885524055175483,generic_or_habitual,False,065e857b6365f058545649ccf76462efc68b2ba1cffc0f7aab7eab89ccbd4ad1,f6ce9266453a341fd3eaeff786663b1e51893b67749a018cce1f7e1682d47e1f
E14:slattery2013:13:1:gp:none:source_reference,Slattery:13,gp,1,last12,none,source_reference,9.54932182841003,2,6.37498140539974,generic_or_habitual,False,04d857f82fbc130c91c8d38dd3d44929c6a2ffef71c5edde011ea73981d332a0,65a902cea0a9791679530bed1909132ab0be90a44f7e231f4797a09440c03591
E14:slattery2013:13:1:gp:none:source_np,Slattery:13,gp,1,last12,none,source_np,1.3058380484580994,2,7.47922528013587,generic_or_habitual,False,3ffb628e280aaf480013c3e0e2cbf255def5d114ea0dbd7aaae698c44cbf1e40,65a902cea0a9791679530bed1909132ab0be90a44f7e231f4797a09440c03591
E14:slattery2013:13:1:gp:same:source_reference,Slattery:13,gp,1,last12,same,source_reference,9.929962107911706,2,5.550518581829965,generic_or_habitual,False,2e86662d6d5d7a440ed940db919753b176e18b23813c71ec4523509f4ca74019,bd3b48907c6c1af79ffce8136b029af9d3b3fe4e9a181c11a46331dc707beab4
E14:slattery2013:13:1:gp:same:source_np,Slattery:13,gp,1,last12,same,source_np,1.45613993704319,2,6.32965566329658,generic_or_habitual,False,673cc4a7fa5df1c55a92b20632bea951a391a7b4f02c21c146571dc3ad1f56b2,bd3b48907c6c1af79ffce8136b029af9d3b3fe4e9a181c11a46331dc707beab4
E14:slattery2013:13:1:gp:separate:source_reference,Slattery:13,gp,1,last12,separate,source_reference,6.054749730974436,2,5.521110875718295,generic_or_habitual,False,e8db4e54e4261f23d2a335fd93016cead4a09f7e85e919d717a8a3b9dc3c54d1,6b4e8d356b31024e7e197baa558056a475a4a7e78ff836c1a119a8d2eb395fcc
E14:slattery2013:13:1:gp:separate:source_np,Slattery:13,gp,1,last12,separate,source_np,1.9844293296337128,2,6.027766112424433,generic_or_habitual,False,d40f05da37f8b95b9d465ae76ff9f2b6875c8472baeb924fd6ea118b4acf21ab,6b4e8d356b31024e7e197baa558056a475a4a7e78ff836c1a119a8d2eb395fcc
E14:slattery2013:13:1:explicit_cue:none:source_reference,Slattery:13,explicit_cue,1,last12,none,source_reference,7.854507910786197,2,7.111981356400065,generic_or_habitual,False,4651348969b3c0dac6e54e37fa2783493d8164fda17a54676aafcc9e7ed826d3,70fb285a7c34dd56824b0d16012f2b35c4649920011ff8b037d41e95209cb2d3
E14:slattery2013:13:1:explicit_cue:none:source_np,Slattery:13,explicit_cue,1,last12,none,source_np,10.974163055419922,2,9.021940959990024,generic_or_habitual,False,591bb4c1be52abbe434c37a710f33762b10aba03925776c880420e69a8f4ebbe,70fb285a7c34dd56824b0d16012f2b35c4649920011ff8b037d41e95209cb2d3
E14:slattery2013:13:1:explicit_cue:same:source_reference,Slattery:13,explicit_cue,1,last12,same,source_reference,7.811124403728172,2,5.820216450630687,generic_or_habitual,False,6eaa1dfaedd7d9690ac27398c5bbbf51ce05e85e5d7bbc2b7084a23ab3396d4d,1b356ddacd4f66d90db7072fbbf30bea3666fc3041e19d48d8fd93f0de0336a9
E14:slattery2013:13:1:explicit_cue:same:source_np,Slattery:13,explicit_cue,1,last12,same,source_np,10.713305950164795,2,7.793642212543636,generic_or_habitual,False,e193907ab7feb421d773f064a933194c957c1de5d12ec8302209a58ee7d5f736,1b356ddacd4f66d90db7072fbbf30bea3666fc3041e19d48d8fd93f0de0336a9
E14:slattery2013:13:1:explicit_cue:separate:source_reference,Slattery:13,explicit_cue,1,last12,separate,source_reference,5.415218798443675,2,5.252147484198213,generic_or_habitual,False,0e2658fde02dbdaada996cb6bb9b829524fde158ea17275c5cc7fe7ea6eb6d8a,3337761961e3ac6dbf851d20257721d77963f7397424b4a6c3a0cb387b00c1dd
E14:slattery2013:13:1:explicit_cue:separate:source_np,Slattery:13,explicit_cue,1,last12,separate,source_np,9.470643997192383,2,7.059279040060938,generic_or_habitual,False,65c5cdce6231ae990e938bf62306c2187e3ccabc222234813f16b4a55d697622,3337761961e3ac6dbf851d20257721d77963f7397424b4a6c3a0cb387b00c1dd
E14:slattery2013:14:0:gp:none:source_reference,Slattery:14,gp,0,last12,none,source_reference,8.339865619316697,2,6.086733374067328,generic_or_habitual,False,cb873202d419f8d5cdd59e99df6d0c62a4f78a3db69a3cec52585c1830990a41,5a36e88e85a2d67d62a56d7bfc181f5e1de4ef5fbb967dd117bace4cb6eb3eb3
E14:slattery2013:14:0:gp:none:source_np,Slattery:14,gp,0,last12,none,source_np,1.386243425309658,2,5.218946394764564,generic_or_habitual,False,dd1011408b607ce5520bab5997c34f6a7f48295d3e9a10053d8b9ec51962632f,5a36e88e85a2d67d62a56d7bfc181f5e1de4ef5fbb967dd117bace4cb6eb3eb3
E14:slattery2013:14:0:gp:same:source_reference,Slattery:14,gp,0,last12,same,source_reference,8.140453019179404,2,5.143867439505729,generic_or_habitual,False,0dba80c62230fd90ed9e722fba0122d0f7475327e21f2e562e986badb73037aa,8d48ad10461c9b08fc329dc63dab8eb29b4c7631782c103024dce8d6c56b65c0
E14:slattery2013:14:0:gp:same:source_np,Slattery:14,gp,0,last12,same,source_np,1.9454099014401436,2,4.440601553005928,generic_or_habitual,False,9f93c348f250ee8e17b00945ec020c7675a102156c7ec65bef39269f5e9bacad,8d48ad10461c9b08fc329dc63dab8eb29b4c7631782c103024dce8d6c56b65c0
E14:slattery2013:14:0:gp:separate:source_reference,Slattery:14,gp,0,last12,separate,source_reference,7.468058807775378,2,5.209570188583299,generic_or_habitual,False,3d18599cc874bbe327d2d1086dab8c19c3fb422928485ba3e3c478919d715ba6,fe58eef2cf538e2e17bbcb32efdec9c81afb31dd5cfa70744e1a4fcd107089f3
E14:slattery2013:14:0:gp:separate:source_np,Slattery:14,gp,0,last12,separate,source_np,2.0997210517525673,2,4.622339386492968,generic_or_habitual,False,28bac8793fbf2088dd9b964f2cd95d4ffb7450cdd6bc3e9612bfbcf443e93691,fe58eef2cf538e2e17bbcb32efdec9c81afb31dd5cfa70744e1a4fcd107089f3
E14:slattery2013:14:0:explicit_cue:none:source_reference,Slattery:14,explicit_cue,0,last12,none,source_reference,8.111637752503157,2,6.132749845019796,generic_or_habitual,False,14b5a4c1861ddf12fc4c61aaf9fc08a52b57becb3aa19646426057580be9615e,ee6e6f66a516672de358a594063f789419b0bdadeab4bde2376904337ccdbb03
E14:slattery2013:14:0:explicit_cue:none:source_np,Slattery:14,explicit_cue,0,last12,none,source_np,7.426629066467285,2,6.042853064835072,generic_or_habitual,False,cabc4bfe7670c6e92f0f2dadcaf0e26b4ce1e180eb3fd6cd2286979bf8d97d25,ee6e6f66a516672de358a594063f789419b0bdadeab4bde2376904337ccdbb03
E14:slattery2013:14:0:explicit_cue:same:source_reference,Slattery:14,explicit_cue,0,last12,same,source_reference,6.9110580063425004,2,5.308326589874923,generic_or_habitual,False,5cb2dff4cd4566f6d0ec508caf40dda909f9ce7231c8dfb14e2261af89ef9fc9,9a782111049e015dcf18e79f651c3c8852caf02900544c390bd15c82b7f4168c
E14:slattery2013:14:0:explicit_cue:same:source_np,Slattery:14,explicit_cue,0,last12,same,source_np,8.46030256152153,2,5.486819084691391,generic_or_habitual,False,7a63b5b022f234006c24836ee4a77929e5fe9bdee236c159c6dfab066729bf02,9a782111049e015dcf18e79f651c3c8852caf02900544c390bd15c82b7f4168c
E14:slattery2013:14:0:explicit_cue:separate:source_reference,Slattery:14,explicit_cue,0,last12,separate,source_reference,6.123605718836188,2,5.337897739288482,generic_or_habitual,False,730cba42e2f87b0a6cc5f30308369aac455032d6f6ede7c0b2c0797963ce38f4,9293e09eca6e99db594809381c6ceedba6142678ca3eefd7d81a1393b1d052cc
E14:slattery2013:14:0:explicit_cue:separate:source_np,Slattery:14,explicit_cue,0,last12,separate,source_np,8.028480291366577,2,5.605900575322184,generic_or_habitual,False,6927ccc35d5d5ddf06f0fb5f295b51d5b8b6818f76395a2553a7d1a2c11ed6da,9293e09eca6e99db594809381c6ceedba6142678ca3eefd7d81a1393b1d052cc
E14:slattery2013:14:1:gp:none:source_reference,Slattery:14,gp,1,last12,none,source_reference,7.425941227003932,2,5.946235816756433,generic_or_habitual,False,1a42785494ed7a3d6623994985b0c1dabf4f6907820187381195fd13c3758ee7,9d44dd0e6ff334f754ab2bb46bd5643867ee61d3df7eeb85d51f765aa20c0d09
E14:slattery2013:14:1:gp:none:source_np,Slattery:14,gp,1,last12,none,source_np,0.6240713521838188,2,6.27242843366482,generic_or_habitual,False,6f588e5e6d198872ecd9e49f419d14c7d28099914d611899a16a2af8c72ecbf5,9d44dd0e6ff334f754ab2bb46bd5643867ee61d3df7eeb85d51f765aa20c0d09
E14:slattery2013:14:1:gp:same:source_reference,Slattery:14,gp,1,last12,same,source_reference,5.089456474408507,2,4.796510268976404,generic_or_habitual,False,5d699e55d5073f550d302b36f6c1f52c0c11a4fcd9681a9864e6967e8ee570b9,3bd0e0a375df1f8571614df66dd70d7f3809d2841aa42ec0525144dcae1a862d
E14:slattery2013:14:1:gp:same:source_np,Slattery:14,gp,1,last12,same,source_np,2.159667193889618,2,5.200215131171387,generic_or_habitual,False,7088fe3e31a707bb519ffecb147635867966af1c393eb6501d1b07b622feb423,3bd0e0a375df1f8571614df66dd70d7f3809d2841aa42ec0525144dcae1a862d
E14:slattery2013:14:1:gp:separate:source_reference,Slattery:14,gp,1,last12,separate,source_reference,5.333613817580044,2,4.925781348635527,generic_or_habitual,False,225ac837533a5ca9cc65a09e8789a6c7afe4f0e79daab874d9dc02d796ce5c83,1577d84c81645d22999b8b207790313a2828d724540737c232bcc7efa8ecdc2a
E14:slattery2013:14:1:gp:separate:source_np,Slattery:14,gp,1,last12,separate,source_np,2.198177695274353,2,5.42565428736535,generic_or_habitual,False,d6ffb18fc52f98dc262cec1ff631ab184cf7f420bf706b77e724dc015a42d359,1577d84c81645d22999b8b207790313a2828d724540737c232bcc7efa8ecdc2a
E14:slattery2013:14:1:explicit_cue:none:source_reference,Slattery:14,explicit_cue,1,last12,none,source_reference,6.693446436431259,2,6.169706490356475,generic_or_habitual,False,ede6c1447052543feee92dfab956cbc6f8faad6892e9b3a80c8c639dc4bbe395,63056ab77cbb8aa08f4995c54756d50f5cffe00deb12033997f1658476920f45
E14:slattery2013:14:1:explicit_cue:none:source_np,Slattery:14,explicit_cue,1,last12,none,source_np,5.222601026296616,2,7.028884517875585,generic_or_habitual,False,ff5e17e2832cfed6eedc0a032c787b0f20f3dc6bc686638b27441444e7915d28,63056ab77cbb8aa08f4995c54756d50f5cffe00deb12033997f1658476920f45
E14:slattery2013:14:1:explicit_cue:same:source_reference,Slattery:14,explicit_cue,1,last12,same,source_reference,6.089770708349533,2,5.269142747232267,generic_or_habitual,False,6beaa9079ca137bfbc31f3563f7b028a2191b49aa1deef5f2b671179e7a80fd6,8c099f6781906e56475b51d8a285f6c0a222e71408f568a18359247d8fed2f69
E14:slattery2013:14:1:explicit_cue:same:source_np,Slattery:14,explicit_cue,1,last12,same,source_np,8.849951460957527,2,6.096554879395461,generic_or_habitual,False,a1572ceb7048ee7b5a08110571bf76a7002028bdd250182b84b394fa29c21f08,8c099f6781906e56475b51d8a285f6c0a222e71408f568a18359247d8fed2f69
E14:slattery2013:14:1:explicit_cue:separate:source_reference,Slattery:14,explicit_cue,1,last12,separate,source_reference,5.503931719111279,2,5.246390401110561,generic_or_habitual,False,2b900d9ddcea9268126cb4f894fc69b5b0f45182898bab5854feb4b44829f486,391fd52d7d5590018a38773d46a7775417f950a5ef832340f446e926b9aba40c
E14:slattery2013:14:1:explicit_cue:separate:source_np,Slattery:14,explicit_cue,1,last12,separate,source_np,7.804690882563591,2,6.2325154013339095,generic_or_habitual,False,39adfbb9567b410d2cabd9b74e8c4f5ef91d1e0df7b73bd262f4e126b77c89df,391fd52d7d5590018a38773d46a7775417f950a5ef832340f446e926b9aba40c
E14:slattery2013:15:0:gp:none:source_reference,Slattery:15,gp,0,last12,none,source_reference,3.944742539548315,2,5.476916077983333,generic_or_habitual,False,1af084ba1225885c8fd9d73341c09efc445641bbdde1d4d54363898f01c71bf2,e1c6e61180bef9b35c4566216e9e03cf608d442bce7ac8fb38e24c7536d8b896
E14:slattery2013:15:0:gp:none:source_np,Slattery:15,gp,0,last12,none,source_np,1.511182688176632,2,6.113177365933855,generic_or_habitual,False,78b589fd25314d240a95f12ea29b26ef1f556d766bf3015e08fe9fc30ed741b1,e1c6e61180bef9b35c4566216e9e03cf608d442bce7ac8fb38e24c7536d8b896
E14:slattery2013:15:0:gp:same:source_reference,Slattery:15,gp,0,last12,same,source_reference,4.464774243358988,2,4.506813835958989,generic_or_habitual,False,6792d0c88c641e96f1c85b57c93278785e5d6850d9e397345be579c68abf55ea,896e77a693264ce8f420ab62082f4fffdea5e00d9e863db7da3ae52f8231f727
E14:slattery2013:15:0:gp:same:source_np,Slattery:15,gp,0,last12,same,source_np,1.6519965678453445,2,4.8208590261638165,generic_or_habitual,False,1e2c456d2957568285f97a0b7a207ab8d80923d54d6c4d86e1b53620b24a21b2,896e77a693264ce8f420ab62082f4fffdea5e00d9e863db7da3ae52f8231f727
E14:slattery2013:15:0:gp:separate:source_reference,Slattery:15,gp,0,last12,separate,source_reference,4.405680921743624,2,4.920737154539286,generic_or_habitual,False,e20cf8323a93d356a067abd3c3343e49ff759f88dc1cee6be3b5515697c564b2,166371f5d21b0c76e6c95ebe6415fa57441573e469bf9ddb196f1a33caad53c5
E14:slattery2013:15:0:gp:separate:source_np,Slattery:15,gp,0,last12,separate,source_np,2.4613440707325935,2,5.1021508282671375,generic_or_habitual,False,ba8ad29c67b5ba6f4b4a1605df13ae60ddfecb301ca6acf5e38a7b3d9c687568,166371f5d21b0c76e6c95ebe6415fa57441573e469bf9ddb196f1a33caad53c5
E14:slattery2013:15:0:explicit_cue:none:source_reference,Slattery:15,explicit_cue,0,last12,none,source_reference,5.23496215819614,2,5.825205449660037,generic_or_habitual,False,ded02f3eb47f1f80fab5eb13643a2946761886af5b3e82e8ddec88807ec7af7e,8dbdd1d91ca208cd5cab25d86f3f045fca59b1776758b85dc37d9613374d94db
E14:slattery2013:15:0:explicit_cue:none:source_np,Slattery:15,explicit_cue,0,last12,none,source_np,7.173137664794922,2,6.515562931696574,generic_or_habitual,False,d1dd95b6f7e2befc79d419e6494255012e1c2b0d2cac984a062d1858aede189f,8dbdd1d91ca208cd5cab25d86f3f045fca59b1776758b85dc37d9613374d94db
E14:slattery2013:15:0:explicit_cue:same:source_reference,Slattery:15,explicit_cue,0,last12,same,source_reference,4.3769089471315965,2,4.577882005862193,generic_or_habitual,False,ff27885363fedfb8076adeea9e3ec8acfee353ea88d4ccf9b6ea948042430494,b165ad1f47e0a4243f66901e8a57ee468fd01b4b9e9fa9fd3a639d8272b57326
E14:slattery2013:15:0:explicit_cue:same:source_np,Slattery:15,explicit_cue,0,last12,same,source_np,11.91195011138916,2,5.254082977771759,generic_or_habitual,False,5233fe14339574e8d33efbe2e4902b43902d9aae3115a207173253e7986458c7,b165ad1f47e0a4243f66901e8a57ee468fd01b4b9e9fa9fd3a639d8272b57326
E14:slattery2013:15:0:explicit_cue:separate:source_reference,Slattery:15,explicit_cue,0,last12,separate,source_reference,4.362058007682208,2,4.854171039657861,generic_or_habitual,False,bcec7f81e746a52b8bf561cfe066abacd0e439e310b14539068c87a19de807a6,ed85767237ab868f2fa5ba81f6e67b5707cf9cc5d0639b5ee4e5b5bbace47b70
E14:slattery2013:15:0:explicit_cue:separate:source_np,Slattery:15,explicit_cue,0,last12,separate,source_np,12.260043144226074,2,5.722910091280937,generic_or_habitual,False,049e70d4780fe2a33299ff0ff48301fabc35e3c6a3a6249e4ff99d9ed36d6ea5,ed85767237ab868f2fa5ba81f6e67b5707cf9cc5d0639b5ee4e5b5bbace47b70
E14:slattery2013:15:1:gp:none:source_reference,Slattery:15,gp,1,last12,none,source_reference,4.4074064013548195,2,5.36570704577025,generic_or_habitual,False,fb67b455732e465212850e430793d922a433633263abebffa76b7022683e4b8d,1eb22d5b3e445232a195f23d809d7272b0a1b5360a71f4d3ea88d1fa5f53fd63
E14:slattery2013:15:1:gp:none:source_np,Slattery:15,gp,1,last12,none,source_np,5.374196529388428,2,5.719585041205089,generic_or_habitual,False,f8a56b402815c495f9240b2cebc50e33111e7aa1a9a38b308251637b87d71143,1eb22d5b3e445232a195f23d809d7272b0a1b5360a71f4d3ea88d1fa5f53fd63
E14:slattery2013:15:1:gp:same:source_reference,Slattery:15,gp,1,last12,same,source_reference,4.286927632289007,2,4.267830699003146,generic_or_habitual,False,dd4eb466906c9b4f49cab5163e1b0b3c5b563a5e6fda93f258c829927868dd4d,7a2b0722b35d15483fc03a4dddca6f0f7b9355f8f6b7167f35854bc3a8ab46c9
E14:slattery2013:15:1:gp:same:source_np,Slattery:15,gp,1,last12,same,source_np,4.530507266521454,2,4.782794341444969,generic_or_habitual,False,2fc7b1c67053a78a6510d493c3b35ae8040552549eb4b0529f466dce3ba8472f,7a2b0722b35d15483fc03a4dddca6f0f7b9355f8f6b7167f35854bc3a8ab46c9
E14:slattery2013:15:1:gp:separate:source_reference,Slattery:15,gp,1,last12,separate,source_reference,4.615777687868103,2,4.855140444027104,generic_or_habitual,False,ad2ac27c7c61cc3c0c6582cc897cc61b4df2dabc2d893b09b7b0fb3856c83ec6,6cabc419b8aa34f1013226cc80802b5b090cec204dcda0d2b226aa2c8a6aa16b
E14:slattery2013:15:1:gp:separate:source_np,Slattery:15,gp,1,last12,separate,source_np,4.648608416318893,2,5.054476164281368,generic_or_habitual,False,4b6d110955628eb99897afec08bc16dbe2b9574d1290de7cde1af82e7cf4fd8f,6cabc419b8aa34f1013226cc80802b5b090cec204dcda0d2b226aa2c8a6aa16b
E14:slattery2013:15:1:explicit_cue:none:source_reference,Slattery:15,explicit_cue,1,last12,none,source_reference,6.489549375604838,2,5.8183935364941135,generic_or_habitual,False,c0def80e52428213569897064e30e8083fbbcebb6105952f42c17659ee5e7029,b3f19e9d39fef27aa7ff2b40481dadfef703a2b34930e4c67b9f03ff10695670
E14:slattery2013:15:1:explicit_cue:none:source_np,Slattery:15,explicit_cue,1,last12,none,source_np,12.253177642822266,2,6.647399932146072,generic_or_habitual,False,a3c7ecb52bc49f86d7dd487f1b3e210c08b40b1bc47ec498daaaa9e33e3fbbbf,b3f19e9d39fef27aa7ff2b40481dadfef703a2b34930e4c67b9f03ff10695670
E14:slattery2013:15:1:explicit_cue:same:source_reference,Slattery:15,explicit_cue,1,last12,same,source_reference,4.940384440124035,2,4.285531768575311,generic_or_habitual,False,29b82d865d1964bb0255e113c261361db0a97e72d6cf95162642cb161aad3b07,c7f34c00dad2caf78b67eaf7f0667e296833789a367d7dd3430b906f01c5a9ea
E14:slattery2013:15:1:explicit_cue:same:source_np,Slattery:15,explicit_cue,1,last12,same,source_np,15.951709747314453,2,5.622909645239512,generic_or_habitual,False,d142d1499e768f0289481366ae318c17006f680f34af864a43b1f24bf668c1be,c7f34c00dad2caf78b67eaf7f0667e296833789a367d7dd3430b906f01c5a9ea
E14:slattery2013:15:1:explicit_cue:separate:source_reference,Slattery:15,explicit_cue,1,last12,separate,source_reference,5.299481597961858,2,4.869830034459786,generic_or_habitual,False,e2bf3dc0c7fca8085bf1a036d940f410fd460353c6a5a30f88283cc960c178d5,b61a8b709a04ad396384a36e7434166f133de94b03f11649a2323e405ee029e0
E14:slattery2013:15:1:explicit_cue:separate:source_np,Slattery:15,explicit_cue,1,last12,separate,source_np,12.396825790405273,2,6.137096966306369,generic_or_habitual,False,4d8424bb492fa8938b3e261b087e4d370e2f0e3c462f888bf2d0f6ed88db1010,b61a8b709a04ad396384a36e7434166f133de94b03f11649a2323e405ee029e0
E14:slattery2013:16:0:gp:none:source_reference,Slattery:16,gp,0,last12,none,source_reference,3.5927284345962107,2,7.062235223633858,generic_or_habitual,False,be4fa5cfdede77315c36617cd7a292239159caf15474d5d529b9df2cc0561c8a,e9e3dd2897a85f391b8f549ae7e37c8bd70e3421c9c5c1cd10b1374db603d2ed
E14:slattery2013:16:0:gp:none:source_np,Slattery:16,gp,0,last12,none,source_np,1.5845710225403309,2,7.210407159291208,generic_or_habitual,False,3f3baac6159546ab8ecbc8875d6ddfa828091ab75cacfeb3ca8ff848b353c72c,e9e3dd2897a85f391b8f549ae7e37c8bd70e3421c9c5c1cd10b1374db603d2ed
E14:slattery2013:16:0:gp:same:source_reference,Slattery:16,gp,0,last12,same,source_reference,5.634278048761189,2,5.7641478624815745,generic_or_habitual,False,a9ecf72657b88fe1aca4134927e774e0ef7949d094e2481e2019cebda03c6a05,dd099368614c20304966143cd1ca781e592220f66a6d46a27e61a6759e81e5e9
E14:slattery2013:16:0:gp:same:source_np,Slattery:16,gp,0,last12,same,source_np,0.5100620221346617,2,6.063756276310111,generic_or_habitual,False,ad4be3e6f24acb6e70fb20e7a38cf63b7eb9c81f65439a003400e54fa382b582,dd099368614c20304966143cd1ca781e592220f66a6d46a27e61a6759e81e5e9
E14:slattery2013:16:0:gp:separate:source_reference,Slattery:16,gp,0,last12,separate,source_reference,2.6536344015039504,2,5.77595257840585,generic_or_habitual,False,d7dd7df94c6952eb1e97181b2432d182df9d8cb657f4d6d23d977ef7073eba01,ab0cf7b47bf264f986167c394efcac84da2ddf2a1da73d76824d767368811eab
E14:slattery2013:16:0:gp:separate:source_np,Slattery:16,gp,0,last12,separate,source_np,1.1936888732016087,2,6.271760357854267,generic_or_habitual,False,10d4b7308d62eabd611300cc9b086ee97d81688144152558528139e912b080c5,ab0cf7b47bf264f986167c394efcac84da2ddf2a1da73d76824d767368811eab
E14:slattery2013:16:0:explicit_cue:none:source_reference,Slattery:16,explicit_cue,0,last12,none,source_reference,4.796775065886322,2,7.409865159585024,generic_or_habitual,False,48df990b0b7bfcc9b51b92a99da66f39a5d3a1408f2ccdb092bf766ffc09781c,2ea335e83ee27b1197da0b0b88c26d8fc26dcc822a96a932c39b41db5501fafc
E14:slattery2013:16:0:explicit_cue:none:source_np,Slattery:16,explicit_cue,0,last12,none,source_np,7.85938423871994,2,7.976629323636492,generic_or_habitual,False,000948ddecf609ba79a729d10c830f36610037f23216446e71a3b49251a6e713,2ea335e83ee27b1197da0b0b88c26d8fc26dcc822a96a932c39b41db5501fafc
E14:slattery2013:16:0:explicit_cue:same:source_reference,Slattery:16,explicit_cue,0,last12,same,source_reference,2.9690863400464877,2,5.789228271877316,generic_or_habitual,False,dfe2d266a15676ffaaa236c61d877f8fddd4b72023cf8290fd0fdd3721c105ef,dbad554b09286bb0c24ceb8bbe6e217305e4140d6fddd512c5ee4b7c32c0728e
E14:slattery2013:16:0:explicit_cue:same:source_np,Slattery:16,explicit_cue,0,last12,same,source_np,5.82231704890728,2,7.3015781898672385,generic_or_habitual,False,2ab930d05780478400c3d63997b885116813fcff3672aaf8d33b9db0789610d9,dbad554b09286bb0c24ceb8bbe6e217305e4140d6fddd512c5ee4b7c32c0728e
E14:slattery2013:16:0:explicit_cue:separate:source_reference,Slattery:16,explicit_cue,0,last12,separate,source_reference,2.449010883574374,2,5.937918014601261,generic_or_habitual,False,babda58bea9a75dd100d3ebf1f83f1f12afddb117db398a6386728dd32957d74,067e717f103bdadbde89ed11f171b1de6adbe52661cb4705e7de3987cee4b2ea
E14:slattery2013:16:0:explicit_cue:separate:source_np,Slattery:16,explicit_cue,0,last12,separate,source_np,6.156945735216141,2,6.977857179318865,generic_or_habitual,False,a7fbd9221f98f262409804311fe78966f539496f64dc848946ef603850a48e12,067e717f103bdadbde89ed11f171b1de6adbe52661cb4705e7de3987cee4b2ea
E14:slattery2013:16:1:gp:none:source_reference,Slattery:16,gp,1,last12,none,source_reference,4.114380910992622,2,6.694749461486936,generic_or_habitual,False,b9528133d5a2d081950dc738400576a487fa87694260f861be87915f34e8a7f2,db3a1a0e4298282e1269e73cb5de0af58297b404c796cd3fb8cb2600d3f1436e
E14:slattery2013:16:1:gp:none:source_np,Slattery:16,gp,1,last12,none,source_np,0.6827105581760406,2,6.482789695883791,generic_or_habitual,False,480249c19285d7b836d69c0159ca8da85d88d7291be993f9261e75fa8f555c59,db3a1a0e4298282e1269e73cb5de0af58297b404c796cd3fb8cb2600d3f1436e
E14:slattery2013:16:1:gp:same:source_reference,Slattery:16,gp,1,last12,same,source_reference,4.207119455561042,2,5.569801012791383,generic_or_habitual,False,81a21252ba6385d9c41b1497901f83556dfbb57e8d57e49b061e1868c71863c2,cf958e0703d0f594154d5e7a14f9fa4a643d155161f0507ea0340995008d52e3
E14:slattery2013:16:1:gp:same:source_np,Slattery:16,gp,1,last12,same,source_np,0.8544455766677856,2,5.777778258818823,generic_or_habitual,False,898cca2067470ef8ecff08aec91c32a173878ac58afb50dc241da23570423690,cf958e0703d0f594154d5e7a14f9fa4a643d155161f0507ea0340995008d52e3
E14:slattery2013:16:1:gp:separate:source_reference,Slattery:16,gp,1,last12,separate,source_reference,2.280434929765761,2,5.493752573927243,generic_or_habitual,False,f5d7c562a218923bfa4c939686d85eb2ab3dff34303038b2a2ac43e651111ca1,fcdd88245bc85354cf0d96877c2a90fb4045d96092f72dc5a9005c140050ba87
E14:slattery2013:16:1:gp:separate:source_np,Slattery:16,gp,1,last12,separate,source_np,1.7928187251091003,2,5.804097496516381,generic_or_habitual,False,86d29dc93118ff63bcc781a883e6cc35a6a92fe8367e4c87e214657e376226da,fcdd88245bc85354cf0d96877c2a90fb4045d96092f72dc5a9005c140050ba87
E14:slattery2013:16:1:explicit_cue:none:source_reference,Slattery:16,explicit_cue,1,last12,none,source_reference,5.415730760985753,2,6.8348427645857255,generic_or_habitual,False,ffd736d1ae7994dda6a27ee2d463158c1df6022cddf89139057dd488fc277089,87dfc78c4345a4561dc2c97ce80c260fa6de0532a23da692e99c7067b0066578
E14:slattery2013:16:1:explicit_cue:none:source_np,Slattery:16,explicit_cue,1,last12,none,source_np,12.70064926147461,2,7.577273263906439,generic_or_habitual,False,e565e8c13dc551bc992ea0faeee441bee5beedd0b321819ee9bc8e7b4d7a4338,87dfc78c4345a4561dc2c97ce80c260fa6de0532a23da692e99c7067b0066578
E14:slattery2013:16:1:explicit_cue:same:source_reference,Slattery:16,explicit_cue,1,last12,same,source_reference,3.133168962667696,2,5.718455166158189,generic_or_habitual,False,405522f24336e43d376d0e3bdac74c6421d2b38e72fab8ddbb3b25f54d0778ee,2cc26fa917ad1998c8a9542094113a2e11caceb76741ca3c4b16ed694a3491c8
E14:slattery2013:16:1:explicit_cue:same:source_np,Slattery:16,explicit_cue,1,last12,same,source_np,7.166506052017212,2,6.678005802910775,generic_or_habitual,False,97b10790618a07a64f4e9154407414bd8bea7c0391466c0ae091d976c02c51dd,2cc26fa917ad1998c8a9542094113a2e11caceb76741ca3c4b16ed694a3491c8
E14:slattery2013:16:1:explicit_cue:separate:source_reference,Slattery:16,explicit_cue,1,last12,separate,source_reference,2.854870794224553,2,5.802283941603188,generic_or_habitual,False,ea5ce1efd885866ca8e3eca2ce50d419d43fc7875c399355c26c9616f3344913,91a44dd87db36fd40121f62ab8beaf7574223db733729c302374ede41d9fda66
E14:slattery2013:16:1:explicit_cue:separate:source_np,Slattery:16,explicit_cue,1,last12,separate,source_np,7.617149889469147,2,6.663638734879593,generic_or_habitual,False,6d6d6d31c3021eb6c5952d5725116370f44698dcbb05b460c7ce64ed0ff6dad1,91a44dd87db36fd40121f62ab8beaf7574223db733729c302374ede41d9fda66
E14:slattery2013:17:0:gp:none:source_reference,Slattery:17,gp,0,last12,none,source_reference,6.657120861113071,2,5.103514096885919,generic_or_habitual,False,4bd42499ce6ffe8c0dcffacec7c5d3d30cccfcf2439add55e567408befcc6e52,f62e0f48909546cd02b59d1e8c4f0246e1793f3be9fc59d799f9087b3120030b
E14:slattery2013:17:0:gp:none:source_np,Slattery:17,gp,0,last12,none,source_np,2.484986901283264,2,4.623876231908798,generic_or_habitual,False,6644577d39f93983de4b235be28df6651ae72a59eabc29e1e402207426fd1dd9,f62e0f48909546cd02b59d1e8c4f0246e1793f3be9fc59d799f9087b3120030b
E14:slattery2013:17:0:gp:same:source_reference,Slattery:17,gp,0,last12,same,source_reference,5.694887796416879,2,3.6398748833686114,generic_or_habitual,False,3c86d99df5f0cd8716b1918f3676a805d30d039be8bcb2959556e36c55d7aaf0,82711d43c85969a9f921bb82d5450af75144308c70364de7ce5283d624d22f31
E14:slattery2013:17:0:gp:same:source_np,Slattery:17,gp,0,last12,same,source_np,5.797870695590973,2,3.559186373092234,generic_or_habitual,False,9cc4b3ecf68918d0ab860219c17f2ec91bae5878261bd855fe3793760d29bbf9,82711d43c85969a9f921bb82d5450af75144308c70364de7ce5283d624d22f31
E14:slattery2013:17:0:gp:separate:source_reference,Slattery:17,gp,0,last12,separate,source_reference,6.235166095197201,2,3.876695266738534,generic_or_habitual,False,c184938546b5746ab81872e34e8f7f65cb329aa47a3fb4aebbac6f9582b547c2,91676d32a150d31a8b769842367a07083d3a55a5a94c4c6b5b5d045939eb8bec
E14:slattery2013:17:0:gp:separate:source_np,Slattery:17,gp,0,last12,separate,source_np,5.711785852909088,2,3.9769897889345884,generic_or_habitual,False,e452a85aba99dae2939df9f8de37d300599cec4d6a421b3f73f0e26847717488,91676d32a150d31a8b769842367a07083d3a55a5a94c4c6b5b5d045939eb8bec
E14:slattery2013:17:0:explicit_cue:none:source_reference,Slattery:17,explicit_cue,0,last12,none,source_reference,7.744458475994179,2,5.300361815272481,generic_or_habitual,False,a5ad6c098f05a84ca2a66364d8f57476ffc882fcdf156c76e925f63d7733e6ce,cb6cc6971a030c65e2b06cdb039840f1d1147e43d1f37ed16ee202843420955b
E14:slattery2013:17:0:explicit_cue:none:source_np,Slattery:17,explicit_cue,0,last12,none,source_np,14.23690778017044,2,5.856021993607283,generic_or_habitual,False,b6fe85d38bc305ce32a45a6b278dbc6e3452d7a81515c36bd9270234046df897,cb6cc6971a030c65e2b06cdb039840f1d1147e43d1f37ed16ee202843420955b
E14:slattery2013:17:0:explicit_cue:same:source_reference,Slattery:17,explicit_cue,0,last12,same,source_reference,8.792528986014077,2,4.105468489021587,generic_or_habitual,False,7fcb13e790f4f5079ff4044966fba3aa940b73b6f53cadadb7027ea79de41144,95e17d9c16e0040d25f417c1a10e3ac984da27b9e74cc78b080775e9f05612b9
E14:slattery2013:17:0:explicit_cue:same:source_np,Slattery:17,explicit_cue,0,last12,same,source_np,13.258967876434326,2,4.830282641830854,generic_or_habitual,False,0b3656131539ec64c28a7bede302219fee03b08538280028cd358b48bf5d2998,95e17d9c16e0040d25f417c1a10e3ac984da27b9e74cc78b080775e9f05612b9
E14:slattery2013:17:0:explicit_cue:separate:source_reference,Slattery:17,explicit_cue,0,last12,separate,source_reference,8.79697840748122,2,4.328852727724007,generic_or_habitual,False,655fb1f9d82a68836ddfa49eaac3936732e91b30bdec04c1d9eaaa047705c588,7f6c01d74c9c613b304b8c11de8f50d0333df70179a59eb5bcf97131bb3bf1ac
E14:slattery2013:17:0:explicit_cue:separate:source_np,Slattery:17,explicit_cue,0,last12,separate,source_np,13.055626511573792,2,5.061257192865014,generic_or_habitual,False,e3e7e3b05aecc49b6766c09a00bf0dcf5b81cac13b10d0af8c78031889a11491,7f6c01d74c9c613b304b8c11de8f50d0333df70179a59eb5bcf97131bb3bf1ac
E14:slattery2013:17:1:gp:none:source_reference,Slattery:17,gp,1,last12,none,source_reference,6.9527134373784065,2,5.685605704039335,generic_or_habitual,False,5705872b0c12f0a6d7f51518f2a63a2ef3dbad911fb9e2afe4f1eb03343d3802,3f893b291dc467a66134e8efdd5a42d7baa130d3a3dced9c93bae1c25f73489b
E14:slattery2013:17:1:gp:none:source_np,Slattery:17,gp,1,last12,none,source_np,4.129798591136932,2,5.420654712617397,generic_or_habitual,False,3404d002059a5de7816f52f3303d2501b598ea42cf9dd54a3c98e0af0ed4f5db,3f893b291dc467a66134e8efdd5a42d7baa130d3a3dced9c93bae1c25f73489b
E14:slattery2013:17:1:gp:same:source_reference,Slattery:17,gp,1,last12,same,source_reference,6.437951542437077,2,3.6753006264567376,generic_or_habitual,False,16111998f952857629bba58a568bbf994bafb978ec212b857e9523bacc1c7d9a,0e44e1babb8686bb6e26631dc03657e2a82755300c62ee9db87f328cbdf141d0
E14:slattery2013:17:1:gp:same:source_np,Slattery:17,gp,1,last12,same,source_np,7.875583708286285,2,3.999683059006929,generic_or_habitual,False,b20aa70351edef6e90abc2f0b7222535f73dd245c3e5fcb7c14c3ac54a8c310a,0e44e1babb8686bb6e26631dc03657e2a82755300c62ee9db87f328cbdf141d0
E14:slattery2013:17:1:gp:separate:source_reference,Slattery:17,gp,1,last12,separate,source_reference,6.370336262509227,2,3.8587075153365733,generic_or_habitual,False,390bbe45d9f54126c78ceb413c13063a693410144175286f088d75e4718672f4,0c3bd46d1fe69bc64db788ad2758bb396e33d38cd371202b71890e0ac3cb1365
E14:slattery2013:17:1:gp:separate:source_np,Slattery:17,gp,1,last12,separate,source_np,7.527267575263977,2,4.230299861356616,generic_or_habitual,False,9c473392045cf5ceedb22b2373c26f399a16947e5214a618d57a3a526f1a28b6,0c3bd46d1fe69bc64db788ad2758bb396e33d38cd371202b71890e0ac3cb1365
E14:slattery2013:17:1:explicit_cue:none:source_reference,Slattery:17,explicit_cue,1,last12,none,source_reference,11.3388298740756,2,5.900776876231248,generic_or_habitual,False,5313bc966ebb33b1706df4a25b80cd492c929ae0ca8fd3c54622a299c7989ba9,91a3a4014cade99df2b514f099eb160eca05a00cfcf803e2bec08ec07ccf77b5
E14:slattery2013:17:1:explicit_cue:none:source_np,Slattery:17,explicit_cue,1,last12,none,source_np,18.518205165863037,2,6.777413417212665,generic_or_habitual,False,207855d16ce4e7f8c7a2ab33a974d1bb9b9ab96d72897de8cbc7a7455ae4e74a,91a3a4014cade99df2b514f099eb160eca05a00cfcf803e2bec08ec07ccf77b5
E14:slattery2013:17:1:explicit_cue:same:source_reference,Slattery:17,explicit_cue,1,last12,same,source_reference,9.437433550134301,2,4.5560410602716725,generic_or_habitual,False,efd5e6746cb5726a486c6b5d7dd7922f961e0c11f6b631b28a1b1c084580017e,20d3be81bb58dd0e2891c659bee2f899f503217759381c6bc43a4e23d3b61d30
E14:slattery2013:17:1:explicit_cue:same:source_np,Slattery:17,explicit_cue,1,last12,same,source_np,17.260931968688965,2,5.810772601212375,generic_or_habitual,False,005299a768810f1dba8e1f1fb378f7a3195714f8041466898671610b93b0f24f,20d3be81bb58dd0e2891c659bee2f899f503217759381c6bc43a4e23d3b61d30
E14:slattery2013:17:1:explicit_cue:separate:source_reference,Slattery:17,explicit_cue,1,last12,separate,source_reference,9.615041091339663,2,4.708438546047546,generic_or_habitual,False,0496a8ce50dfca94728022a5bee39150a814dae7024db02818ae9614184fc4cf,b24cd0533f5d827fc0e110f4ccead3edcb1ba9a69d585aa7f221d0ea41b4fe99
E14:slattery2013:17:1:explicit_cue:separate:source_np,Slattery:17,explicit_cue,1,last12,separate,source_np,15.221077919006348,2,5.802103804703802,generic_or_habitual,False,928a1282428a29fc99324d88a37cb83da01365e821ea4b42d6902459bfc8361f,b24cd0533f5d827fc0e110f4ccead3edcb1ba9a69d585aa7f221d0ea41b4fe99
E14:slattery2013:18:0:gp:none:source_reference,Slattery:18,gp,0,last12,none,source_reference,6.818481891416013,2,5.2550870765169915,generic_or_habitual,False,294277239eb4a7c008277e35202072adb36c27a319c8f7d54abf09fcc6e0bab6,46a6f060082c042d63c9b996ed5fc9ae3590aa582b3929af8b02e9f9d1e74e8e
E14:slattery2013:18:0:gp:none:source_np,Slattery:18,gp,0,last12,none,source_np,0.5912928730249405,2,4.7912591238590805,generic_or_habitual,False,68975f6e01f919ac85d0e13c26c360c7d2dd9a0028a6c5932c15f89aa294c927,46a6f060082c042d63c9b996ed5fc9ae3590aa582b3929af8b02e9f9d1e74e8e
E14:slattery2013:18:0:gp:same:source_reference,Slattery:18,gp,0,last12,same,source_reference,5.556762162595987,2,4.134080378762023,generic_or_habitual,False,e2a121ce7be142169ca7651a642d5386ad11c350f6c93fbf0128023674adaa4a,f3807d4b070b8cfc931195b4bf076c3e5f9f7f62b13db7a4966c7e6f9a420d04
E14:slattery2013:18:0:gp:same:source_np,Slattery:18,gp,0,last12,same,source_np,1.6483808159828186,2,3.9697734451937405,generic_or_habitual,False,d9cb6ed997c8fc4ef3d9db5f963b209a4142628c60eefbf8081c3c717c9de97a,f3807d4b070b8cfc931195b4bf076c3e5f9f7f62b13db7a4966c7e6f9a420d04
E14:slattery2013:18:0:gp:separate:source_reference,Slattery:18,gp,0,last12,separate,source_reference,4.98401297442615,2,4.249624461951581,generic_or_habitual,False,d85b72135df983ab49857c9b974519e5b900233936fa77b5d65e143a7140efd3,16031da075af5b026101e1fc41d10799ae828c7397e5356da14bb4021237ef66
E14:slattery2013:18:0:gp:separate:source_np,Slattery:18,gp,0,last12,separate,source_np,1.9299452379345894,2,4.120420545847579,generic_or_habitual,False,124e9ce8f2f09157012c01bdf0b321e728ecd40f16a3a0c6815b1c09b715d951,16031da075af5b026101e1fc41d10799ae828c7397e5356da14bb4021237ef66
E14:slattery2013:18:0:explicit_cue:none:source_reference,Slattery:18,explicit_cue,0,last12,none,source_reference,8.24534321250394,2,5.675338179931384,generic_or_habitual,False,98f203f3aee285504109fda9aae6814cabe61301f203bab9159e73b5ae86ec5b,3c90b75f1995985ebb89655dad91351c60da78f551985432ad203ff2cd0f1927
E14:slattery2013:18:0:explicit_cue:none:source_np,Slattery:18,explicit_cue,0,last12,none,source_np,7.132175654172897,2,5.568510180847212,generic_or_habitual,False,5c5390b372a1260e7d73014624708ec0a1763f053858ad38527b22fc35d8a5c3,3c90b75f1995985ebb89655dad91351c60da78f551985432ad203ff2cd0f1927
E14:slattery2013:18:0:explicit_cue:same:source_reference,Slattery:18,explicit_cue,0,last12,same,source_reference,6.595190475229174,2,4.849992385599762,generic_or_habitual,False,a1b63f8dd2b196ecda2313821751aee372fd5a7bb62a398a425a8f826cf4cada,b93d165ba456ef208bf65562435a72773a12a691c3b41615b5f77ef89f95bf27
E14:slattery2013:18:0:explicit_cue:same:source_np,Slattery:18,explicit_cue,0,last12,same,source_np,4.900602832436562,2,4.661159133115276,generic_or_habitual,False,e370499e92e1f15fc0b2ef1a8f7e0294e391a2699e6472e821ea73f51304529d,b93d165ba456ef208bf65562435a72773a12a691c3b41615b5f77ef89f95bf27
E14:slattery2013:18:0:explicit_cue:separate:source_reference,Slattery:18,explicit_cue,0,last12,separate,source_reference,6.063133938470855,2,4.837214373284951,generic_or_habitual,False,d82a1c882920e8c05b59cd53b1227a0eee5a10da42e2d6e4fea83e63dfc8b9f2,5bd6cd6163f10e74f1765731138c4579f2b71c4e04bcb19e322db89208c5c9d9
E14:slattery2013:18:0:explicit_cue:separate:source_np,Slattery:18,explicit_cue,0,last12,separate,source_np,6.623888552188873,2,4.888732907150618,generic_or_habitual,False,da08a8e537f6d54a0a2c075f127221bbf01ee79a8c7d80798c9d3699276060ca,5bd6cd6163f10e74f1765731138c4579f2b71c4e04bcb19e322db89208c5c9d9
E14:slattery2013:18:1:gp:none:source_reference,Slattery:18,gp,1,last12,none,source_reference,4.5988877806812525,2,4.678531587970528,generic_or_habitual,False,7974da675e52b36fdc425952b38514c15c2e44d9c561ea14d89e05180c38c0d5,31a98cc5fa375aeef57eef9f69ea6749eadf602a5d6c6033a8fa07c275c75ef2
E14:slattery2013:18:1:gp:none:source_np,Slattery:18,gp,1,last12,none,source_np,1.4268092960119247,2,4.677440140735019,generic_or_habitual,False,169788978f57735977a865e7afdd200cf4f7574a498167ee3ea86f8b43d0d722,31a98cc5fa375aeef57eef9f69ea6749eadf602a5d6c6033a8fa07c275c75ef2
E14:slattery2013:18:1:gp:same:source_reference,Slattery:18,gp,1,last12,same,source_reference,5.283466722816229,2,4.283733335111967,generic_or_habitual,False,ec56e581dedc441d9b3f8c532fab44b8685b7cf2b4f50449103d171d9028387b,19ca9bb011326f87f8282f8d97bd119cc54e93f683a5641c23ad856b03a40126
E14:slattery2013:18:1:gp:same:source_np,Slattery:18,gp,1,last12,same,source_np,3.7766757011413574,2,4.348408587996594,generic_or_habitual,False,d13cea46b27ff20e27ab0532bd017c936289c02f379699e0ae48aa151ddb3a79,19ca9bb011326f87f8282f8d97bd119cc54e93f683a5641c23ad856b03a40126
E14:slattery2013:18:1:gp:separate:source_reference,Slattery:18,gp,1,last12,separate,source_reference,5.169988116249442,2,4.084181879816407,generic_or_habitual,False,85c4653b2f66ec1b7b36d99ff77537454da1257649b402a0ca894f4ed056dfba,20a8b869724492a30b7b28c566d14ee7551c0ea36bb01b734a111790adc4596e
E14:slattery2013:18:1:gp:separate:source_np,Slattery:18,gp,1,last12,separate,source_np,1.6102528721094131,2,4.03347337406806,generic_or_habitual,False,26fbad0915b714ba127d28393784b22e227a647070b63019b19bfb543e5db223,20a8b869724492a30b7b28c566d14ee7551c0ea36bb01b734a111790adc4596e
E14:slattery2013:18:1:explicit_cue:none:source_reference,Slattery:18,explicit_cue,1,last12,none,source_reference,6.738833349198103,2,5.101570534096523,generic_or_habitual,False,f9bc66cd169e6ec8190d0f3a5bce8eacfd122bd9bdfb128a2ca87a11ac42de3d,3fa2348af4b83838622d8c5d022a56f1304fd7fd201011bce9ca69c13e3a8ed4
E14:slattery2013:18:1:explicit_cue:none:source_np,Slattery:18,explicit_cue,1,last12,none,source_np,6.949612259864807,2,5.417736172676086,generic_or_habitual,False,d7457a1a969d92c79231719d15b43c42d032aa3f6844f1ed4532c9faeb6b0791,3fa2348af4b83838622d8c5d022a56f1304fd7fd201011bce9ca69c13e3a8ed4
E14:slattery2013:18:1:explicit_cue:same:source_reference,Slattery:18,explicit_cue,1,last12,same,source_reference,6.9842867543920875,2,4.869118704905056,generic_or_habitual,False,571e96169c6e608396646d5e83b6a707f518656a68cafc57ac13e66da30c2861,fb0f34c90f757a5a5c7f86c28bb1ca17ab9ca947ead29da12e63d394a2b51bb4
E14:slattery2013:18:1:explicit_cue:same:source_np,Slattery:18,explicit_cue,1,last12,same,source_np,7.794418513774872,2,4.994238930267536,generic_or_habitual,False,e8344d0f4c2a50e0b017dc08b437ec87ba2cb5a428691ed64cc550407c9842b2,fb0f34c90f757a5a5c7f86c28bb1ca17ab9ca947ead29da12e63d394a2b51bb4
E14:slattery2013:18:1:explicit_cue:separate:source_reference,Slattery:18,explicit_cue,1,last12,separate,source_reference,5.43230463610962,2,4.361564174082807,generic_or_habitual,False,027f489145c6880fa086cdfda00f915811517304a74eb77b28fafe51f9c63d48,2ebaa3a2f3ba2db6ab7e3530f2e38956d9e47b5ade2009e089a67ad153737f18
E14:slattery2013:18:1:explicit_cue:separate:source_np,Slattery:18,explicit_cue,1,last12,separate,source_np,7.150163471698761,2,4.788771929812025,generic_or_habitual,False,90710348cb47a57c299ad8553948b6e3b36ea6033331fc80d17ddfc3cedc2431,2ebaa3a2f3ba2db6ab7e3530f2e38956d9e47b5ade2009e089a67ad153737f18
E14:slattery2013:19:0:gp:none:source_reference,Slattery:19,gp,0,last12,none,source_reference,5.940258479909971,2,3.9493502997638035,modal_or_dispositional,False,150f013c57ad48e96351ce558de78cf541f5aa3a095b49d46d2adbcfb869c6d7,a3b66ac492a49d3dc90130c98965bd79c88c6c6841d01d2ef5d0f49da388d283
E14:slattery2013:19:0:gp:none:source_np,Slattery:19,gp,0,last12,none,source_np,4.650914371013641,2,4.027375369767348,modal_or_dispositional,False,8a7b7847c6da1eba742a7192ee9e2369f373cbe197af5200c7f731ff2703a0f1,a3b66ac492a49d3dc90130c98965bd79c88c6c6841d01d2ef5d0f49da388d283
E14:slattery2013:19:0:gp:same:source_reference,Slattery:19,gp,0,last12,same,source_reference,6.313037276268005,2,3.6831859081983565,modal_or_dispositional,False,19fb9677071a606c5f94c797e47751bf6d8f281c8479582b2e5b65bed9333198,d2971e285e915ef42ec96d0a2374f2f80169f4a017ec0e204c6cb5091dc4c1a5
E14:slattery2013:19:0:gp:same:source_np,Slattery:19,gp,0,last12,same,source_np,5.92385296523571,2,3.7520015311737853,modal_or_dispositional,False,989d084379b226bc62f59a989484d3899bab6b24deaf749c5b4edd5268531b7e,d2971e285e915ef42ec96d0a2374f2f80169f4a017ec0e204c6cb5091dc4c1a5
E14:slattery2013:19:0:gp:separate:source_reference,Slattery:19,gp,0,last12,separate,source_reference,3.964491743594408,2,3.587677875906229,modal_or_dispositional,False,67502a60f868044c4488c2ca9beb5cf24e492097bd9389c80c8539d82aaa0466,f8deab24a47ce3cd7f27f02815686e0fd3a2c1563d161209b9cf09f5e63183d1
E14:slattery2013:19:0:gp:separate:source_np,Slattery:19,gp,0,last12,separate,source_np,4.385312512516975,2,3.789479433496793,modal_or_dispositional,False,b9dc0168a98b920d5936250a13b995887ce770bbef58b60976164748816458a1,f8deab24a47ce3cd7f27f02815686e0fd3a2c1563d161209b9cf09f5e63183d1
E14:slattery2013:19:0:explicit_cue:none:source_reference,Slattery:19,explicit_cue,0,last12,none,source_reference,5.568021956831217,2,4.045601478715738,modal_or_dispositional,False,e79b0a967726771e76470de67bd628a0b2a281d6fb3825db1205b870702d5bde,a17e86ece0d0507600765e32f222a59e7327e177729d312a5e87e4664c83f101
E14:slattery2013:19:0:explicit_cue:none:source_np,Slattery:19,explicit_cue,0,last12,none,source_np,17.049025535583496,2,4.915018491943678,modal_or_dispositional,False,98138f4e60916b0ac842928b372049e2fe3398817ae8257aa23635753c78001c,a17e86ece0d0507600765e32f222a59e7327e177729d312a5e87e4664c83f101
E14:slattery2013:19:0:explicit_cue:same:source_reference,Slattery:19,explicit_cue,0,last12,same,source_reference,6.650599241256714,2,3.624858229358991,modal_or_dispositional,False,3500d680463d098d7194462cb634bbb18107e1ac36f9768d34a29fa596bf5a92,efce6a016dd0ac82d3cf502d1e9fade632b2c78834f61321622c6ea98710b21d
E14:slattery2013:19:0:explicit_cue:same:source_np,Slattery:19,explicit_cue,0,last12,same,source_np,14.136610507965088,2,4.3261757552623745,modal_or_dispositional,False,f44c0cec40b6fec490212da49c9f963ea4764329adb7ac9cabb073616aab8def,efce6a016dd0ac82d3cf502d1e9fade632b2c78834f61321622c6ea98710b21d
E14:slattery2013:19:0:explicit_cue:separate:source_reference,Slattery:19,explicit_cue,0,last12,separate,source_reference,4.9040287578245625,2,3.5605795854935423,modal_or_dispositional,False,9d2fded0da6df390f7cf5d6ce5b02a9f0c57a5d7a2bd7a9ed2f1d068ceecc350,7a67ce526b018f43003b2061d6c8e04fc6cb33a5f3139f40eceb81af1c6c2c44
E14:slattery2013:19:0:explicit_cue:separate:source_np,Slattery:19,explicit_cue,0,last12,separate,source_np,10.802774906158447,2,4.357861281434695,modal_or_dispositional,False,40e2d8a537c0b84d92b0a4e61829609f5042633f1217d81fb925d9fbc37ef849,7a67ce526b018f43003b2061d6c8e04fc6cb33a5f3139f40eceb81af1c6c2c44
E14:slattery2013:19:1:gp:none:source_reference,Slattery:19,gp,1,last12,none,source_reference,4.840040252543986,2,3.9515726041669645,modal_or_dispositional,False,a067078cb5680677cc4a202f8ec07083d8e0223fab7238d0fce8a07821dc9a38,73e52c8a5463e0fabe3ce3be8bcd80ad5458128c5e1ee1b031d0ee0fef48e2f5
E14:slattery2013:19:1:gp:none:source_np,Slattery:19,gp,1,last12,none,source_np,6.546487987041473,2,4.14812133560578,modal_or_dispositional,False,208c96964a46f207d03f2e2271a5b7bbe22874d156ab0a01e6a65e466c9601c3,73e52c8a5463e0fabe3ce3be8bcd80ad5458128c5e1ee1b031d0ee0fef48e2f5
E14:slattery2013:19:1:gp:same:source_reference,Slattery:19,gp,1,last12,same,source_reference,4.778341177850962,2,3.7947418076296646,modal_or_dispositional,False,0606daba7cc08f893969749f5e45832dd5a915f0e0c3a874639c288d831949ac,ad28b5567a553db67ce07321e0834f215082327d58b2bb4136a68bc80316b97c
E14:slattery2013:19:1:gp:same:source_np,Slattery:19,gp,1,last12,same,source_np,5.406044781208038,2,3.9314209818840027,modal_or_dispositional,False,4069670504be1cf6ede2afffd03e13c50d836d977b6bdef2d12cbfbe1cff700b,ad28b5567a553db67ce07321e0834f215082327d58b2bb4136a68bc80316b97c
E14:slattery2013:19:1:gp:separate:source_reference,Slattery:19,gp,1,last12,separate,source_reference,3.8064824054017663,2,3.658085644803941,modal_or_dispositional,False,43972f8c20eca51b4d1373d48e8196efd0662233735b807c0c8a7b870e47b455,371022f2501caf13259b8ac9dbe071efc26be41f82579c4860080a51e7692824
E14:slattery2013:19:1:gp:separate:source_np,Slattery:19,gp,1,last12,separate,source_np,5.487875282764435,2,3.914224374294281,modal_or_dispositional,False,453414a805c7cd2eb917ad9312c76f05a85759ee86dabcf8dffc50a1d29877fb,371022f2501caf13259b8ac9dbe071efc26be41f82579c4860080a51e7692824
E14:slattery2013:19:1:explicit_cue:none:source_reference,Slattery:19,explicit_cue,1,last12,none,source_reference,5.693547695875168,2,4.092528478304545,modal_or_dispositional,False,821aa5dbd92ed04c713a535a977accea258986a96c6b538a1410ec1d01008ede,c6b6c3ecfa60fd7e8d01a969185a86c356dae3deffcaff7fa9808b59634c9bea
E14:slattery2013:19:1:explicit_cue:none:source_np,Slattery:19,explicit_cue,1,last12,none,source_np,17.464240074157715,2,4.94770983060201,modal_or_dispositional,False,de56bd152de25d9ded316612797625f812bc98079b11d37ba6a791186e5773df,c6b6c3ecfa60fd7e8d01a969185a86c356dae3deffcaff7fa9808b59634c9bea
E14:slattery2013:19:1:explicit_cue:same:source_reference,Slattery:19,explicit_cue,1,last12,same,source_reference,5.8446003794670105,2,3.583751647671064,modal_or_dispositional,False,84437fb6b9c292b725138016371c54ffe252a2f9086847cb00ee1331b1ce6ae9,f01cf69142f1a87a4ca2d3a6358ddee2532c9b25a0f3e751fa9dba1ec41554a5
E14:slattery2013:19:1:explicit_cue:same:source_np,Slattery:19,explicit_cue,1,last12,same,source_np,13.51648235321045,2,4.199944684902827,modal_or_dispositional,False,d8a1cf0e698126bb5766bfef8e8bfb9391b44ce8d02993f7bd0719413a6aa26e,f01cf69142f1a87a4ca2d3a6358ddee2532c9b25a0f3e751fa9dba1ec41554a5
E14:slattery2013:19:1:explicit_cue:separate:source_reference,Slattery:19,explicit_cue,1,last12,separate,source_reference,4.782405457983259,2,3.451952624790526,modal_or_dispositional,False,d460cf449610a7bad5c71fe03e69d03f3618548c64507092e51cb0781c2e2d50,62dba18c14b3ba058ca68ab3c999f22c6d1a1defaf4ef01f1cc2cfb770441de0
E14:slattery2013:19:1:explicit_cue:separate:source_np,Slattery:19,explicit_cue,1,last12,separate,source_np,11.067680835723877,2,4.272258661190668,modal_or_dispositional,False,49f2fee0d8efc642a119c2d3c241a75fafc208a92ea9e87de573a78bb70674e4,62dba18c14b3ba058ca68ab3c999f22c6d1a1defaf4ef01f1cc2cfb770441de0
E14:slattery2013:20:0:gp:none:source_reference,Slattery:20,gp,0,last12,none,source_reference,7.152282288298011,2,5.824542380683124,episodic,True,f98eb3b15cfec321a993c532743e5384a255c9d7715a27b188858e67996c655c,b64bcf608e34ec73c04d1d306b4c005a31dbb046fd611d2e4a2b4ca5570c6c76
E14:slattery2013:20:0:gp:none:source_np,Slattery:20,gp,0,last12,none,source_np,0.5305898524820805,2,5.943888322636485,episodic,True,1b297876d0ca66861f1df4e13f7e431a9b6a2cccd0e9d71924088a6d1b2e3e4e,b64bcf608e34ec73c04d1d306b4c005a31dbb046fd611d2e4a2b4ca5570c6c76
E14:slattery2013:20:0:gp:same:source_reference,Slattery:20,gp,0,last12,same,source_reference,6.373178887180984,2,5.16967216944322,episodic,True,0016cf965b94ad68c2275b84ff8289ebd620d01d1c62139156de8a627b611093,002c8422771bbd05adc680ed8ad8e31430b09d9ead0e509cb7ea9f64a30a0334
E14:slattery2013:20:0:gp:same:source_np,Slattery:20,gp,0,last12,same,source_np,0.45909184589982033,2,5.212239254266024,episodic,True,7afdb5185940072473e8adcc3162397f6f69863744e02e279eca3d17441cd7ae,002c8422771bbd05adc680ed8ad8e31430b09d9ead0e509cb7ea9f64a30a0334
E14:slattery2013:20:0:gp:separate:source_reference,Slattery:20,gp,0,last12,separate,source_reference,3.933755047619343,2,4.656419172976166,episodic,True,cf898f2e0c7e78da7169363e4a450bf74905d708e8717246ac24dcf3819e7422,54dc7e139962b34553fc2f6bd362693d3b292bf8a31867f35a60a1efc04f61f5
E14:slattery2013:20:0:gp:separate:source_np,Slattery:20,gp,0,last12,separate,source_np,0.6386720314621925,2,4.8210780412890015,episodic,True,961523107cdca157edef0d5820a8554a2c272e8db3fd1e819a9ff9d0d956f670,54dc7e139962b34553fc2f6bd362693d3b292bf8a31867f35a60a1efc04f61f5
E14:slattery2013:20:0:explicit_cue:none:source_reference,Slattery:20,explicit_cue,0,last12,none,source_reference,4.2100084841949865,2,5.776299723691773,episodic,True,7821abebf67b953c40a15f50913eda5be761e65b4393cf6cd0d3dabf810975cc,aff1ce4b37070d03f94cc93cb2580d94e8174eb74999a12d71af6e2daf884171
E14:slattery2013:20:0:explicit_cue:none:source_np,Slattery:20,explicit_cue,0,last12,none,source_np,8.871503829956055,2,7.384344685077667,episodic,True,26df6de5bba1642c6a0c9220bd3c1622c76d7817238bbad52c2c5a5a62fc4acd,aff1ce4b37070d03f94cc93cb2580d94e8174eb74999a12d71af6e2daf884171
E14:slattery2013:20:0:explicit_cue:same:source_reference,Slattery:20,explicit_cue,0,last12,same,source_reference,2.794429017463699,2,4.9935320802265775,episodic,True,2f0efe361a316c3ea8c25e6a507fce8e20ad56c57b3d71f47d0d9c423d0730b0,7d14c8eff5fe2eb0072b66b3c4aaab5993ebef1c8c566abe6a18a398ce2ce04f
E14:slattery2013:20:0:explicit_cue:same:source_np,Slattery:20,explicit_cue,0,last12,same,source_np,7.0198609828948975,2,6.303971272148192,episodic,True,6de590a1d16aea0ae03f14ff796b5312d83d9a3ffdb6feeb3eee47d147cfc138,7d14c8eff5fe2eb0072b66b3c4aaab5993ebef1c8c566abe6a18a398ce2ce04f
E14:slattery2013:20:0:explicit_cue:separate:source_reference,Slattery:20,explicit_cue,0,last12,separate,source_reference,3.3756094835698605,2,4.7435117775574325,episodic,True,57b9e238494b44c500c59bcc7380a769ed85246298ffaeac8f211bc4f3691519,edd69a1fb8659ad1a57c6e807bf6fc3e3428af0e71d65546a617c628a0d244b0
E14:slattery2013:20:0:explicit_cue:separate:source_np,Slattery:20,explicit_cue,0,last12,separate,source_np,7.4009469747543335,2,6.0688890485093,episodic,True,a3fb71e3fea5627c267c929d3adad4b5ebab52cb6d0bae6c06f75b94f7227e7a,edd69a1fb8659ad1a57c6e807bf6fc3e3428af0e71d65546a617c628a0d244b0
E14:slattery2013:20:1:gp:none:source_reference,Slattery:20,gp,1,last12,none,source_reference,7.852614708244801,2,5.830712462961674,episodic,True,5f4b11fdbe76b7d6b9c4878c878339c2587d9d0192787f9ccebddf1d803ec808,53e29618143876f91035e449da8a698efc3b06488f833142b9636dd9e97a1a92
E14:slattery2013:20:1:gp:none:source_np,Slattery:20,gp,1,last12,none,source_np,0.18177327141165733,2,5.936746012791991,episodic,True,f584ce0b4d4eb73ea894491ab668ecd9b0fe9610ec740b619100a4a696244c48,53e29618143876f91035e449da8a698efc3b06488f833142b9636dd9e97a1a92
E14:slattery2013:20:1:gp:same:source_reference,Slattery:20,gp,1,last12,same,source_reference,7.255136142484844,2,5.0796502195764335,episodic,True,2853401fc1863625487a5fce1a779c1ec158ec57ec8446aadf8b484e70d885dc,0f21b07f00938d73a105f975b2138d449dc0ad139d1a65070a4b62365e4afcd5
E14:slattery2013:20:1:gp:same:source_np,Slattery:20,gp,1,last12,same,source_np,0.27339738234877586,2,5.218686855724082,episodic,True,2ab66d8a74765de726d1368adf8b0bbf238b25d96ed0a98fed392e09c8842639,0f21b07f00938d73a105f975b2138d449dc0ad139d1a65070a4b62365e4afcd5
E14:slattery2013:20:1:gp:separate:source_reference,Slattery:20,gp,1,last12,separate,source_reference,3.8530497811734676,2,4.569354515522718,episodic,True,2dc4148c8f94e86d51f71519e296942d8c4c012267a21d943cfb4fcf0e01c2d8,73038d27e2ef0684768fd020b69035f265e7ddd93864bc297c69435ed0dcbc9d
E14:slattery2013:20:1:gp:separate:source_np,Slattery:20,gp,1,last12,separate,source_np,0.6164601370692253,2,4.891096206381917,episodic,True,1166f6973b04a92f335a380d9559158c06af398386972a309a224fd4d8627cd1,73038d27e2ef0684768fd020b69035f265e7ddd93864bc297c69435ed0dcbc9d
E14:slattery2013:20:1:explicit_cue:none:source_reference,Slattery:20,explicit_cue,1,last12,none,source_reference,5.869187183241593,2,5.861237612323021,episodic,True,a0888f9b9c6f9e175c54a8cd1c0ed006b207b2819885a4d213f2821ee860316f,cf87553d236f1de1149a04c994f8319a5b6d75d24df7c08931536b59236fcb3f
E14:slattery2013:20:1:explicit_cue:none:source_np,Slattery:20,explicit_cue,1,last12,none,source_np,9.687282085418701,2,7.056137306988239,episodic,True,dc089ac51ee84008ba37334342aff75ae96638c6742d43fbb1057a0e3d8be73d,cf87553d236f1de1149a04c994f8319a5b6d75d24df7c08931536b59236fcb3f
E14:slattery2013:20:1:explicit_cue:same:source_reference,Slattery:20,explicit_cue,1,last12,same,source_reference,3.703686121967621,2,4.924515041091945,episodic,True,f57fe9232bf5107636dfd4d736ff25e49af4aebfbf0c5fa7a59f4b298cc1c254,ffd163806a76567ee8816beacaa343891476fe25bc292c7a644d43c2a79653cf
E14:slattery2013:20:1:explicit_cue:same:source_np,Slattery:20,explicit_cue,1,last12,same,source_np,7.087289407849312,2,6.179078066837974,episodic,True,4ba95459a9f7c3bc68ac83c702d3eb9f620f05ddf4c550415f651f6a87be4c0f,ffd163806a76567ee8816beacaa343891476fe25bc292c7a644d43c2a79653cf
E14:slattery2013:20:1:explicit_cue:separate:source_reference,Slattery:20,explicit_cue,1,last12,separate,source_reference,3.4653761871159077,2,4.698998370487243,episodic,True,29d4dea93ec0cac20927d167717e29e10e5c50699537dfdd659eb7ff8b5643cd,5085760d07420cd1d9fea46c1cb88cefc61c7fc852b3683a8dfb7c58d6ac6ee4
E14:slattery2013:20:1:explicit_cue:separate:source_np,Slattery:20,explicit_cue,1,last12,separate,source_np,7.21448478102684,2,6.018116999510676,episodic,True,811a40533872a8c61de0416a22fa2bb0d75db039e72d92f5c6188345db19dc0a,5085760d07420cd1d9fea46c1cb88cefc61c7fc852b3683a8dfb7c58d6ac6ee4
E14:slattery2013:21:0:gp:none:source_reference,Slattery:21,gp,0,last12,none,source_reference,9.301795303821564,2,4.099337220191956,episodic,True,3a3e5e5c2f8eccf8d88a6e6a868e38174681713e736c0c0f6e27ffeed2b80744,d64f177d1189196e84b9a07bfcee6d2f58f8ac2df44af999356ca85d060a97af
E14:slattery2013:21:0:gp:none:source_np,Slattery:21,gp,0,last12,none,source_np,1.6581493318080902,2,3.7098791247064415,episodic,True,d9a89419a1cf7ec4e97b60abf64e5236f6f16bae25ae2ec8aec42c02af6e2c66,d64f177d1189196e84b9a07bfcee6d2f58f8ac2df44af999356ca85d060a97af
E14:slattery2013:21:0:gp:same:source_reference,Slattery:21,gp,0,last12,same,source_reference,8.514894306659698,2,3.404209624637257,episodic,True,56765d48c869ce0d296a8f48702aaff770d4f5d3d6dadcf2c78d6dfcf609b564,7e088a41ad11341565495b207bfec9e7f8913c549d80c88f3454329413961b2f
E14:slattery2013:21:0:gp:same:source_np,Slattery:21,gp,0,last12,same,source_np,2.6919054687023163,2,3.1089034215970472,episodic,True,4fe92bcf23848794a19efc037ae81abd7949e45fc4fdd69a43bc0312654bd7b6,7e088a41ad11341565495b207bfec9e7f8913c549d80c88f3454329413961b2f
E14:slattery2013:21:0:gp:separate:source_reference,Slattery:21,gp,0,last12,separate,source_reference,6.693377617746592,2,3.241225112906911,episodic,True,4acf7484c625c111098d66dcbd0a3f5647ce20749a052a2384103a076686b173,738ba1824a76606adac05f633059778e913d48b64076827db299abad5bf3d59e
E14:slattery2013:21:0:gp:separate:source_np,Slattery:21,gp,0,last12,separate,source_np,2.5643604397773743,2,3.240662460977381,episodic,True,607c1d74756ab2152cd10b2d219ee9b8f5695dc5123516f51d1db396a2e4104c,738ba1824a76606adac05f633059778e913d48b64076827db299abad5bf3d59e
E14:slattery2013:21:0:explicit_cue:none:source_reference,Slattery:21,explicit_cue,0,last12,none,source_reference,11.08664819598198,2,4.147757858037949,episodic,True,aca444834dae8acdca0bb97edd46e36725355e824e07efd1e66aa52e3ce469fc,53b63d83dfe2dfb3b8bba6ca413becc800d67b2ecf668028b87346bba05c5e17
E14:slattery2013:21:0:explicit_cue:none:source_np,Slattery:21,explicit_cue,0,last12,none,source_np,9.63142728805542,2,4.096611608158458,episodic,True,c24660cc51aecc9582488c9ffda40ebc95e245bc1d42ab56fb33833e88874f0c,53b63d83dfe2dfb3b8bba6ca413becc800d67b2ecf668028b87346bba05c5e17
E14:slattery2013:21:0:explicit_cue:same:source_reference,Slattery:21,explicit_cue,0,last12,same,source_reference,9.970417976379395,2,3.6809873526746575,episodic,True,99a2a3f23f14897ecb0a3ad17254861e23f924625ab4338c3bf3a9d2bf68943d,f9ef259e544bae2ef93bed95b12f5f201723001d4429e240e17c71cac10e2dc9
E14:slattery2013:21:0:explicit_cue:same:source_np,Slattery:21,explicit_cue,0,last12,same,source_np,13.86122465133667,2,4.075209585103122,episodic,True,fd5eed4744c45f7866dfb1324207294d26331f826d3b0231cf7765d2b0796dad,f9ef259e544bae2ef93bed95b12f5f201723001d4429e240e17c71cac10e2dc9
E14:slattery2013:21:0:explicit_cue:separate:source_reference,Slattery:21,explicit_cue,0,last12,separate,source_reference,8.720439150929451,2,3.5849273976954548,episodic,True,8d8dc1008b8c8299242ed1733316ce1d4b0e00dbe6703f93017402391886f6fe,e9237b9a4290c941c72be9197ff5d8e7e3afcdf03d5ead3e7fb4b554f0e39f14
E14:slattery2013:21:0:explicit_cue:separate:source_np,Slattery:21,explicit_cue,0,last12,separate,source_np,11.954147815704346,2,3.826081698591059,episodic,True,a4d0c33275c88ecc19d7bae30e7b3d6da8b51e44770fdce96716d89f20d73114,e9237b9a4290c941c72be9197ff5d8e7e3afcdf03d5ead3e7fb4b554f0e39f14
E14:slattery2013:21:1:gp:none:source_reference,Slattery:21,gp,1,last12,none,source_reference,9.205879151821136,2,4.471747550097379,episodic,True,9508827791874f36911fa3f95ca1c0276d0333fee87972443c2ff57a5f4485f8,72d59374d389adb388774f14830bcfc164845c35af3b3594d32592ba1cbf28a1
E14:slattery2013:21:1:gp:none:source_np,Slattery:21,gp,1,last12,none,source_np,2.8917906284332275,2,4.479061316360127,episodic,True,ea5455b5a5c2e66fc84e9f46ea6fde816cf96e32bca862edf4802c1f56460280,72d59374d389adb388774f14830bcfc164845c35af3b3594d32592ba1cbf28a1
E14:slattery2013:21:1:gp:same:source_reference,Slattery:21,gp,1,last12,same,source_reference,8.355115294456482,2,3.904243607412685,episodic,True,09f2a96f0ac44afb36b49a3639a1000f4de72a2ed09927f6c594f82677b88ee4,162a391c3624a0f1b23c927f3d0ff39567947e144560549012a6765e85ce1091
E14:slattery2013:21:1:gp:same:source_np,Slattery:21,gp,1,last12,same,source_np,4.006882071495056,2,4.032898499207064,episodic,True,75b1861398446d572763922e0c7e5a006321f3d425eed35b6442b9a9159a90b2,162a391c3624a0f1b23c927f3d0ff39567947e144560549012a6765e85ce1091
E14:slattery2013:21:1:gp:separate:source_reference,Slattery:21,gp,1,last12,separate,source_reference,7.16107115149498,2,3.7185824675993486,episodic,True,9da0c11640a9cf7914e1ae63316f02a13baba1972794b25303a225b2d326358d,2026af64077cb384d4787e5baeb9fe3184326736c1139943f8746933fafedea3
E14:slattery2013:21:1:gp:separate:source_np,Slattery:21,gp,1,last12,separate,source_np,4.1567161083221436,2,3.977835712107745,episodic,True,3aa35f3361c9d98d9d7e9b1576703d98201495db144dee9ba8aafff71c50e0bf,2026af64077cb384d4787e5baeb9fe3184326736c1139943f8746933fafedea3
E14:slattery2013:21:1:explicit_cue:none:source_reference,Slattery:21,explicit_cue,1,last12,none,source_reference,9.029111385345459,2,4.555255310101942,episodic,True,5f4bd46214338cf587d20a8da66b0b07f4fff0f34d04f9a289626a0a39ff0fee,862fb80b77de7e6d30370d84004ce25efda1f2f78c16304bc8d37a0a58c61bf7
E14:slattery2013:21:1:explicit_cue:none:source_np,Slattery:21,explicit_cue,1,last12,none,source_np,13.70256495475769,2,5.24021974476901,episodic,True,840155232d4d852b6ec56ab32846aedc2787bfc9c3acaeff4e7ad41d2ddbd6ee,862fb80b77de7e6d30370d84004ce25efda1f2f78c16304bc8d37a0a58c61bf7
E14:slattery2013:21:1:explicit_cue:same:source_reference,Slattery:21,explicit_cue,1,last12,same,source_reference,9.099401354789734,2,4.049005020748485,episodic,True,b93f34b80a67168f1752de9cd309bed10531900c7e05ebc72d16de09e8f579e7,376b9e7d53f9b146371366179f3d5aab349ec22e087c519f2ca949ec439d15c1
E14:slattery2013:21:1:explicit_cue:same:source_np,Slattery:21,explicit_cue,1,last12,same,source_np,13.349208354949951,2,4.711322437633168,episodic,True,ab19036003ed81a95270f60e2ffadbabcbefc8466035f4ce99540c1339ff6ef6,376b9e7d53f9b146371366179f3d5aab349ec22e087c519f2ca949ec439d15c1
E14:slattery2013:21:1:explicit_cue:separate:source_reference,Slattery:21,explicit_cue,1,last12,separate,source_reference,8.068749144673347,2,3.7927763529799203,episodic,True,0a2a3751cf30c9cb23143f2efe962d9ccaaf1186aff56f4857f8bd1774176cc4,d77e5b7908a811af3a5f5b1ea180c7965aee0ab3ec8f9461225b591bf5d7e6f7
E14:slattery2013:21:1:explicit_cue:separate:source_np,Slattery:21,explicit_cue,1,last12,separate,source_np,12.18198537826538,2,4.436682430180636,episodic,True,6258aab2cbd8ecdbef101780813a2d43555ae9328a727a07faf6f9d51887fd05,d77e5b7908a811af3a5f5b1ea180c7965aee0ab3ec8f9461225b591bf5d7e6f7
E14:slattery2013:22:0:gp:none:source_reference,Slattery:22,gp,0,last12,none,source_reference,4.536715210648254,2,3.888150539235486,episodic,True,72b13a40c1184552966f11c66628bdeb047f832ccf127263c01ee9a206b598f0,24b9a9cbb2b4486a0f20aeeeb0485dc2d8129788acfe9f918ae00583680d8b9b
E14:slattery2013:22:0:gp:none:source_np,Slattery:22,gp,0,last12,none,source_np,0.37679610401391983,2,3.6781995668870344,episodic,True,99fc44971d2fe7d477c63a619f4668c727354d6f3ac5f91716aac5cb45ffbf73,24b9a9cbb2b4486a0f20aeeeb0485dc2d8129788acfe9f918ae00583680d8b9b
E14:slattery2013:22:0:gp:same:source_reference,Slattery:22,gp,0,last12,same,source_reference,5.150398964993656,2,3.2408516648198096,episodic,True,fe5920c3b3d385439f33abe542a6dc74d556a6ea0d0fb197bf3fda70eaa18b63,f38db418d73e2abf7a575ba5c5e69caa4bd53572d6ad612c3af3a9f41483892b
E14:slattery2013:22:0:gp:same:source_np,Slattery:22,gp,0,last12,same,source_np,1.1410154234617949,2,3.094948387992404,episodic,True,acfe1c12acb439bb81b45cf73839b53c83c4b1567bb4c983b46eae37b594b47b,f38db418d73e2abf7a575ba5c5e69caa4bd53572d6ad612c3af3a9f41483892b
E14:slattery2013:22:0:gp:separate:source_reference,Slattery:22,gp,0,last12,separate,source_reference,6.249645768664777,2,3.6521358751034474,episodic,True,7d9ed7af0761feba965c88e61028a91c175fbec1008dd158b111d560dec6f187,572c85f8092d000e9a15abe23b7cacb8bd562c589663d32377b0045227d68a04
E14:slattery2013:22:0:gp:separate:source_np,Slattery:22,gp,0,last12,separate,source_np,0.6916839331388474,2,3.5323263695052662,episodic,True,d742b849ef284639efe0122867d97a1be3f9daed3eb45acfaa009fc7ef959da6,572c85f8092d000e9a15abe23b7cacb8bd562c589663d32377b0045227d68a04
E14:slattery2013:22:0:explicit_cue:none:source_reference,Slattery:22,explicit_cue,0,last12,none,source_reference,9.992535756435245,2,4.282453995615737,episodic,True,6bef288ccbc28c84dc8cde0182915755d9874243086aca1b9b4bb42ca53e1aff,5c42b307ad1c55e818e21c86f0b71f7fb466a182c0620bd83cba00f0d5dcd084
E14:slattery2013:22:0:explicit_cue:none:source_np,Slattery:22,explicit_cue,0,last12,none,source_np,11.177675366401672,2,4.488540689584196,episodic,True,1d75b467e1979855a7012a40ae7c3631eba10e5c6433cc105d2ca533a429e4b7,5c42b307ad1c55e818e21c86f0b71f7fb466a182c0620bd83cba00f0d5dcd084
E14:slattery2013:22:0:explicit_cue:same:source_reference,Slattery:22,explicit_cue,0,last12,same,source_reference,6.920199334621429,2,3.563020942308118,episodic,True,066d8c010524ef9225414d7dcd8a2b01189ba92e8d55cb301d7f2665d0daa5f2,f850fa9d763f1e358878c69da61a26d7fb429588955075b6fc62ff5399b1cb99
E14:slattery2013:22:0:explicit_cue:same:source_np,Slattery:22,explicit_cue,0,last12,same,source_np,8.905239179730415,2,3.7578109555384693,episodic,True,5b71be25b80371b16d1a4bd421e1e12dea6af9cfe109dc77b511e3f3743e7e01,f850fa9d763f1e358878c69da61a26d7fb429588955075b6fc62ff5399b1cb99
E14:slattery2013:22:0:explicit_cue:separate:source_reference,Slattery:22,explicit_cue,0,last12,separate,source_reference,5.171928351512179,2,3.645827871939058,episodic,True,e7f2ab9a907e234925a44e163bf50dfe3437da60a78f4fa0f9394bf6e77fda79,fbf07604676bc8b2649eb57a9dfb5594cccd379303af3d5cc424351d35fa7b7a
E14:slattery2013:22:0:explicit_cue:separate:source_np,Slattery:22,explicit_cue,0,last12,separate,source_np,7.023055821657181,2,3.8217286815702476,episodic,True,bccab2e5cb322b9ea941c62ccd10446bd6422ab475b4348c52658f20c5d83280,fbf07604676bc8b2649eb57a9dfb5594cccd379303af3d5cc424351d35fa7b7a
E14:slattery2013:22:1:gp:none:source_reference,Slattery:22,gp,1,last12,none,source_reference,5.628312357934192,2,3.9590960220872042,episodic,True,c28a3d72daba5db0878bb0ed2600b54b30253f9e4cbbafa1cfb4d260448c1396,2ccc609b71c6c1e36ef7b3bb4d5afdb1bb482f8b957cfa1246f5e4f36612f0e5
E14:slattery2013:22:1:gp:none:source_np,Slattery:22,gp,1,last12,none,source_np,1.436187207698822,2,3.853729510364835,episodic,True,c1bd4a7e9ddb79005a28c1387d379ba2794d1425584c1a7567c6bab41c0cdeb2,2ccc609b71c6c1e36ef7b3bb4d5afdb1bb482f8b957cfa1246f5e4f36612f0e5
E14:slattery2013:22:1:gp:same:source_reference,Slattery:22,gp,1,last12,same,source_reference,6.082853039260954,2,3.2842872210535194,episodic,True,ecf59e9d71417cb36dc759c9373d220eabeb98ccd449a31ac1c47f1021f93bba,58dca9bcbe8c3c45db4ea649592ce9c06199c8c6523957950c602c00c715d392
E14:slattery2013:22:1:gp:same:source_np,Slattery:22,gp,1,last12,same,source_np,2.1449235677719116,2,3.1218868155830184,episodic,True,d0c24c9ef80bb2e0a3d5186a09f2314ad267dc04dbd21b5c3e2445101aacbfb6,58dca9bcbe8c3c45db4ea649592ce9c06199c8c6523957950c602c00c715d392
E14:slattery2013:22:1:gp:separate:source_reference,Slattery:22,gp,1,last12,separate,source_reference,5.036669999361038,2,3.440969020347385,episodic,True,24ec23c99a141c3eeecc22551ee52f9033c2c77304e9f366249c5df02662b4d9,18c6114d8b2f0cc640ab332c59b3f2951f4ec8f8c2e3c072b42b78bfa6b619a1
E14:slattery2013:22:1:gp:separate:source_np,Slattery:22,gp,1,last12,separate,source_np,2.1724077463150024,2,3.382854862357764,episodic,True,764b27adc8b6aafec932c50321967192b51196354d46ddbd01bba32251ca8643,18c6114d8b2f0cc640ab332c59b3f2951f4ec8f8c2e3c072b42b78bfa6b619a1
E14:slattery2013:22:1:explicit_cue:none:source_reference,Slattery:22,explicit_cue,1,last12,none,source_reference,11.33695016632555,2,4.556933669376817,episodic,True,5701bde6eab2e711c89be061acad0d16f0724a4132187a515112d095b5b707bc,7f65a70aa4f8ca6b6ac638760d900a6740a99dc48b6531f1df9e124f992c3984
E14:slattery2013:22:1:explicit_cue:none:source_np,Slattery:22,explicit_cue,1,last12,none,source_np,12.168570041656494,2,4.73055843272082,episodic,True,e646851e6e1666d3175ee4796f3f2b7ef611bb7c6ded0c02874a60e37e994a26,7f65a70aa4f8ca6b6ac638760d900a6740a99dc48b6531f1df9e124f992c3984
E14:slattery2013:22:1:explicit_cue:same:source_reference,Slattery:22,explicit_cue,1,last12,same,source_reference,8.527009869925678,2,3.733749303742062,episodic,True,c615fe70a523ae307d008b21832fa9d03e4ccb7ff678e31d82d3314a8fd9a753,6e0151f030b858276bbe109a3373b22fe62f3ba6e031c6e17fbcb0a2698b720c
E14:slattery2013:22:1:explicit_cue:same:source_np,Slattery:22,explicit_cue,1,last12,same,source_np,11.861885786056519,2,4.0543619457967,episodic,True,7798c91a6d36b8a2a0959fe2331cb3d44dd24f5a1587658d1d687ff27e03d638,6e0151f030b858276bbe109a3373b22fe62f3ba6e031c6e17fbcb0a2698b720c
E14:slattery2013:22:1:explicit_cue:separate:source_reference,Slattery:22,explicit_cue,1,last12,separate,source_reference,6.161103805759922,2,3.7273604192305356,episodic,True,03d20742ca785aa3a8e963c5e534b206b8b83ac7822dba99e4648e2dbdc68bd3,a4b226a1bd1f096336ea3f38ab385ca4474065f54c8a7c4773cced7f54721bb1
E14:slattery2013:22:1:explicit_cue:separate:source_np,Slattery:22,explicit_cue,1,last12,separate,source_np,12.22393798828125,2,4.078963171519503,episodic,True,b08d1b8ab24677080d32feb395750eb09052437bdee32e197ecc208b4c56f619,a4b226a1bd1f096336ea3f38ab385ca4474065f54c8a7c4773cced7f54721bb1
E14:slattery2013:23:0:gp:none:source_reference,Slattery:23,gp,0,last12,none,source_reference,11.821091264486313,2,4.4003702665989595,episodic,True,06ae2656c5a5ed0a4ac83fd347d4860c4e6247165aefeb646bd316a2c51608e6,b721cbbb4b4ca8419df513eb6acf2b63d7453b38b1256226e40cfd44994365d6
E14:slattery2013:23:0:gp:none:source_np,Slattery:23,gp,0,last12,none,source_np,0.9748691916465759,2,3.8561197544137635,episodic,True,5fc626f58fe1752c56ed1226edaf0bcf12b0ffaa5190a9acba4079368484eaa9,b721cbbb4b4ca8419df513eb6acf2b63d7453b38b1256226e40cfd44994365d6
E14:slattery2013:23:0:gp:same:source_reference,Slattery:23,gp,0,last12,same,source_reference,8.24931425228715,2,3.303598878905177,episodic,True,4051227dabaef7f8f57dc63d0a7e275c20c558cfc924cf971a73a6b4a664060a,2793f265f032f78933b03d172965f02d566e3a0a3d24e1170a2a6a4161830740
E14:slattery2013:23:0:gp:same:source_np,Slattery:23,gp,0,last12,same,source_np,1.0408252254128456,2,3.1638579424470663,episodic,True,6e5be43f7335aa18620866fed8ba0f7b53e99867f84865e7b8dcf105bc7a5d00,2793f265f032f78933b03d172965f02d566e3a0a3d24e1170a2a6a4161830740
E14:slattery2013:23:0:gp:separate:source_reference,Slattery:23,gp,0,last12,separate,source_reference,3.3408715995028615,2,2.9098710940064243,episodic,True,9d53629c87a9eb3f9bc329d127fba3f6bff8866e118a9d3c61969441ccb97775,56a20fc43ee97fef3b6f60c7b7cac770e048b55f6fe3c19ce7a7cfc527896340
E14:slattery2013:23:0:gp:separate:source_np,Slattery:23,gp,0,last12,separate,source_np,2.9371472224593163,2,3.087214740614096,episodic,True,ef53d56266e35c54ed9cdd0688e747591d474111315f5f801daefabbdd573a8f,56a20fc43ee97fef3b6f60c7b7cac770e048b55f6fe3c19ce7a7cfc527896340
E14:slattery2013:23:0:explicit_cue:none:source_reference,Slattery:23,explicit_cue,0,last12,none,source_reference,6.848271913593635,2,3.753610542490302,episodic,True,fa910cc9c20ea7167fbc191f236f6a25fbccbd133e52402d40d27b7ecc4b3be2,be38452fa8389a9593c08e7124b63e444d6b0f2fbf14e4d0841b32ff54f9947f
E14:slattery2013:23:0:explicit_cue:none:source_np,Slattery:23,explicit_cue,0,last12,none,source_np,9.578429520130157,2,4.148829340934753,episodic,True,9a8b3c8282bb1446522918e42f18fd797f627efd69175dc169f931c71b4dc8c3,be38452fa8389a9593c08e7124b63e444d6b0f2fbf14e4d0841b32ff54f9947f
E14:slattery2013:23:0:explicit_cue:same:source_reference,Slattery:23,explicit_cue,0,last12,same,source_reference,6.357152830809355,2,3.0877756459328034,episodic,True,bf9a77134a35a0db38f8d986355def63cc2a94ad8ed5e023a4269e751ed61879,915023ca35273d7be7d2847b9a6319682f64321c710f5ce6229c5f75f0ed67f2
E14:slattery2013:23:0:explicit_cue:same:source_np,Slattery:23,explicit_cue,0,last12,same,source_np,7.742089092731476,2,3.3047936564932265,episodic,True,167b8e9971e555b8e277fa0af8b55d6918f22bdd50f88cca1db613c1076d0f3f,915023ca35273d7be7d2847b9a6319682f64321c710f5ce6229c5f75f0ed67f2
E14:slattery2013:23:0:explicit_cue:separate:source_reference,Slattery:23,explicit_cue,0,last12,separate,source_reference,4.934663786785677,2,3.2921754391281866,episodic,True,77a8bf7f3210f78ec43d9112fc928817c57bd8c124991be22607d718d475ed12,b7986495640aa46ca31148d9b19a3fc77fea2a7f6d16ebef072df7cbc09d9c4e
E14:slattery2013:23:0:explicit_cue:separate:source_np,Slattery:23,explicit_cue,0,last12,separate,source_np,8.697806656360626,2,3.527629420782129,episodic,True,c7f03ebdbb04475e9a793aecfa1117f53571b4784e4fc807ced04b09e69522cf,b7986495640aa46ca31148d9b19a3fc77fea2a7f6d16ebef072df7cbc09d9c4e
E14:slattery2013:23:1:gp:none:source_reference,Slattery:23,gp,1,last12,none,source_reference,10.21643480937928,2,4.3281197039565695,episodic,True,f18e80b0f6bc41c734ad9b371d02f4357f8dbec8772157fbdd8a96175aa4e805,950334f812546684494c5b37df3b57881642f55760229690074c130699b086c4
E14:slattery2013:23:1:gp:none:source_np,Slattery:23,gp,1,last12,none,source_np,2.462199866771698,2,4.245222061872482,episodic,True,ae0db83c8ba4e3805cfe17a71cddae2d80807233d5928027516ead37d090a72e,950334f812546684494c5b37df3b57881642f55760229690074c130699b086c4
E14:slattery2013:23:1:gp:same:source_reference,Slattery:23,gp,1,last12,same,source_reference,6.37273034453392,2,3.1982438694685698,episodic,True,ac6aedbf275b4f63e75831d8ea52167925cebba76e9f22b81098c15b4277dff6,d05ad70db515124defaf382c84a9fc38c9130fb8cda743144a049bbab97c78ad
E14:slattery2013:23:1:gp:same:source_np,Slattery:23,gp,1,last12,same,source_np,3.3904218822717667,2,3.456596185142795,episodic,True,0a4dd9add91899f2504724a8e5ad439f7a915cb97db58316a89cd25102bff754,d05ad70db515124defaf382c84a9fc38c9130fb8cda743144a049bbab97c78ad
E14:slattery2013:23:1:gp:separate:source_reference,Slattery:23,gp,1,last12,separate,source_reference,3.753927269484848,2,2.8806762249441817,episodic,True,421dd0f256aeb2f4e56e7d213cae1bb4b5bdc11fde4c6deef7336c3e69c6fca4,bb6f3409f10a989dcaa83a0a140c2a8d821e888c8036ce226395452b710f2e4b
E14:slattery2013:23:1:gp:separate:source_np,Slattery:23,gp,1,last12,separate,source_np,5.3290873020887375,2,3.509792061522603,episodic,True,40c044d1dae95572cf0568178b3b1fe8251b2dce45b023e4b22a4d77323af509,bb6f3409f10a989dcaa83a0a140c2a8d821e888c8036ce226395452b710f2e4b
E14:slattery2013:23:1:explicit_cue:none:source_reference,Slattery:23,explicit_cue,1,last12,none,source_reference,6.9436933202669024,2,3.752369998488575,episodic,True,80f8e38297244198a7b397ddcf3527225a16246341972afa73ab5912c651eed9,37ad34629583265d604b8741b0e124cf6a839c4769b16f98413baa5c3bb56bf4
E14:slattery2013:23:1:explicit_cue:none:source_np,Slattery:23,explicit_cue,1,last12,none,source_np,6.358669191598892,2,4.191344292834401,episodic,True,30e252d61b3ab387fa3d11274330ade5184dc8d273dc6fb347a789fd4fa49d19,37ad34629583265d604b8741b0e124cf6a839c4769b16f98413baa5c3bb56bf4
E14:slattery2013:23:1:explicit_cue:same:source_reference,Slattery:23,explicit_cue,1,last12,same,source_reference,6.7053529024124146,2,3.2308397724603615,episodic,True,36ade03678ff05df57080406e1916e1810f646ff6bb079c2a1e5d5b4ee390a6e,d715bac93e162ccef7d4d199af80adb95c4420396017af352d4678e38be41a0b
E14:slattery2013:23:1:explicit_cue:same:source_np,Slattery:23,explicit_cue,1,last12,same,source_np,12.005170345306396,2,3.9685449240108333,episodic,True,770cbdb940fe8888871b15602fe03d01a7bc69e0f2d9b18e057324d86a04c92f,d715bac93e162ccef7d4d199af80adb95c4420396017af352d4678e38be41a0b
E14:slattery2013:23:1:explicit_cue:separate:source_reference,Slattery:23,explicit_cue,1,last12,separate,source_reference,4.833279212936759,2,3.175608563857774,episodic,True,aa95952c59eba05b57b942a74f123cb68939bdc695d7bfc02d20e8f6b5e0fd55,1d8a27b0df6c29bf84acaa9025b4dfa6c109b244f342e34488e37edc42dd5cfe
E14:slattery2013:23:1:explicit_cue:separate:source_np,Slattery:23,explicit_cue,1,last12,separate,source_np,10.539907932281494,2,3.758598137026032,episodic,True,3c47c33269e2561555f870e04b625addf19e5f41c99724f82bf25ce73ef0f727,1d8a27b0df6c29bf84acaa9025b4dfa6c109b244f342e34488e37edc42dd5cfe
E14:slattery2013:24:0:gp:none:source_reference,Slattery:24,gp,0,last12,none,source_reference,11.390867725014687,2,5.573324954996888,generic_or_habitual,False,41171c07d0feca2d409933e227f91e10b46103da2d5b37841bb84f7dcb95f6e4,4a41f3e946b1ebba73e7d12f837766f3ad551108792874e2a0b93552d8caa9e4
E14:slattery2013:24:0:gp:none:source_np,Slattery:24,gp,0,last12,none,source_np,0.6821327321231365,2,4.468363596126437,generic_or_habitual,False,523d008e532e335fc94f05f336b0d6d2877edd8d02c1a1312cb5a59f5bd51698,4a41f3e946b1ebba73e7d12f837766f3ad551108792874e2a0b93552d8caa9e4
E14:slattery2013:24:0:gp:same:source_reference,Slattery:24,gp,0,last12,same,source_reference,0.5508425077423453,2,3.980660431767599,generic_or_habitual,False,e88dffd885e1842b2d7caa75089f4a12d2eee4a3d2681b1b0298fd96584b0ce6,72135f97197f30d2f802d4aa2cca6b575fedad38c28ad4d5d6b1b09245a589f0
E14:slattery2013:24:0:gp:same:source_np,Slattery:24,gp,0,last12,same,source_np,2.3404528200626373,2,4.0585187640972435,generic_or_habitual,False,cf639a3b670ae758c000886566d93983d14bc963bfcff883db7c6b43f8ceceae,72135f97197f30d2f802d4aa2cca6b575fedad38c28ad4d5d6b1b09245a589f0
E14:slattery2013:24:0:gp:separate:source_reference,Slattery:24,gp,0,last12,separate,source_reference,2.0206337510608137,2,4.204282867005811,generic_or_habitual,False,01cf4c930498c7c672a839b918586ab7de1b77b7511a3a57d109268b524238ce,72cc51e449d3c7934e3aff1ebb44418d5c02a1cabc6f258abe9e28d54c1ac1b2
E14:slattery2013:24:0:gp:separate:source_np,Slattery:24,gp,0,last12,separate,source_np,0.632676012814045,2,4.139709933123623,generic_or_habitual,False,d3c010f0ea71991e7aacee1bd868b61dd5aed8f01b6cd96bfc57b23f05502d9d,72cc51e449d3c7934e3aff1ebb44418d5c02a1cabc6f258abe9e28d54c1ac1b2
E14:slattery2013:24:0:explicit_cue:none:source_reference,Slattery:24,explicit_cue,0,last12,none,source_reference,1.781775966344867,2,5.105540433186643,generic_or_habitual,False,99e909f063d59fee5e5eb1b43e57215aec1fc58cf92247deb469880ee5ec9ab0,b55283f02b671592619df4a9ac70e9c4b64754488e101302588bbabfb3134e50
E14:slattery2013:24:0:explicit_cue:none:source_np,Slattery:24,explicit_cue,0,last12,none,source_np,3.997273050248623,2,4.855889263061377,generic_or_habitual,False,1f1860f15e97d4335646f64ea956890316b6de92005daf870fa94ec292125ee3,b55283f02b671592619df4a9ac70e9c4b64754488e101302588bbabfb3134e50
E14:slattery2013:24:0:explicit_cue:same:source_reference,Slattery:24,explicit_cue,0,last12,same,source_reference,1.281350588425994,2,4.2461269739477965,generic_or_habitual,False,62bb2d2a5aaf77fe1d3a98129dfaa0f6240ab46737312d3914fbfb0a8e484969,ba96c88580f9312d232c28a77236cd84dec1e479d0d2c030fba647049565e436
E14:slattery2013:24:0:explicit_cue:same:source_np,Slattery:24,explicit_cue,0,last12,same,source_np,7.12904380261898,2,4.539074211972407,generic_or_habitual,False,0545b37e8dc1fc301bd3ba3e94a32dea25bcf2b24c39df2a4e7c6ad278c8f9f2,ba96c88580f9312d232c28a77236cd84dec1e479d0d2c030fba647049565e436
E14:slattery2013:24:0:explicit_cue:separate:source_reference,Slattery:24,explicit_cue,0,last12,separate,source_reference,1.5245532530825585,2,4.4871511685912715,generic_or_habitual,False,fc82766727d56b4120b77381798edbe8dfb6184ff651ec8d835aefe83c891e25,f8a3cec6ed93085380d5d09b3b991e282cefa42822254f74c0a2b9bea9ae34b9
E14:slattery2013:24:0:explicit_cue:separate:source_np,Slattery:24,explicit_cue,0,last12,separate,source_np,6.344571962952614,2,4.7912685869333265,generic_or_habitual,False,8f39b55267ab082f16215490aab3a88f6af5d93d9c080e75a59d2503118b01ba,f8a3cec6ed93085380d5d09b3b991e282cefa42822254f74c0a2b9bea9ae34b9
E14:slattery2013:24:1:gp:none:source_reference,Slattery:24,gp,1,last12,none,source_reference,10.8967519775033,2,5.325737215291995,generic_or_habitual,False,6a2cf965d0ffeabd16009342f6c5da33a6917aa4d2bab70a04b882efd3ce6c74,cdc3f77ba473bed8bda3953710b11acc78e98b1b9e82c9ba7847ed46f4a3beaf
E14:slattery2013:24:1:gp:none:source_np,Slattery:24,gp,1,last12,none,source_np,0.7090418115258217,2,4.5590783681433935,generic_or_habitual,False,37118d30eb62cff2e18f9d76a305770938633c9a0913cc138874dd16fb988427,cdc3f77ba473bed8bda3953710b11acc78e98b1b9e82c9ba7847ed46f4a3beaf
E14:slattery2013:24:1:gp:same:source_reference,Slattery:24,gp,1,last12,same,source_reference,0.9218627903610468,2,4.146231263087919,generic_or_habitual,False,1864f24bc5835c0074c2f946fe4442bde22ae842e602b00849f9cf54d7ab4f03,20cf491381718765d48da60edd095239e53208d04278a512f10a3574556245a0
E14:slattery2013:24:1:gp:same:source_np,Slattery:24,gp,1,last12,same,source_np,3.2541511207818985,2,4.727363973497772,generic_or_habitual,False,dd9fe3af6c8be93b9f271146a3f5c4053235c9d8197ad3dfcfd7e26a324863f3,20cf491381718765d48da60edd095239e53208d04278a512f10a3574556245a0
E14:slattery2013:24:1:gp:separate:source_reference,Slattery:24,gp,1,last12,separate,source_reference,1.5706197903491557,2,4.377556827420799,generic_or_habitual,False,83915e2e02fa42f7a9453791630a64bf1b4c70f80aee1845d61a9044b959171c,9c862d49cff4d9d8787184631041cd8e6e4d93714ad7e7d37b01794dac7dbfb3
E14:slattery2013:24:1:gp:separate:source_np,Slattery:24,gp,1,last12,separate,source_np,1.2439435869455338,2,4.6425595309656975,generic_or_habitual,False,59f73b2ade63402924daebcc1f7781048077e66498b14178e9b1b4e6a043d85a,9c862d49cff4d9d8787184631041cd8e6e4d93714ad7e7d37b01794dac7dbfb3
E14:slattery2013:24:1:explicit_cue:none:source_reference,Slattery:24,explicit_cue,1,last12,none,source_reference,2.3908477146178484,2,4.527928537187668,generic_or_habitual,False,3d3f1ab20d8d3a41f416e03bad9d21d269536aa82e210d725b6c94f01e7ae972,10585d417e580cd6b546fcac9b3442c550a6a2339655cf3fb0e100f9f1ad5f0f
E14:slattery2013:24:1:explicit_cue:none:source_np,Slattery:24,explicit_cue,1,last12,none,source_np,8.414549589157104,2,5.1763161685890875,generic_or_habitual,False,9deb8b3202f8114d5dd82aae3859e8a02ccacdd407f322bbe7f36da304b94de7,10585d417e580cd6b546fcac9b3442c550a6a2339655cf3fb0e100f9f1ad5f0f
E14:slattery2013:24:1:explicit_cue:same:source_reference,Slattery:24,explicit_cue,1,last12,same,source_reference,1.5790841376874596,2,4.168920901881602,generic_or_habitual,False,fc039fd5641b392945a450db71293b81feeb9b2cbdada749cf2a8e20494f6dc1,e0da86ac3d6f91ed071871ee6ad42a7b5719ee742260860fbf126c343943c6b6
E14:slattery2013:24:1:explicit_cue:same:source_np,Slattery:24,explicit_cue,1,last12,same,source_np,8.701889872550964,2,5.1229820906704004,generic_or_habitual,False,e4a5282ed6a6ba71a7380b4ad31a7e0cd5cf27ae9407979fd9dcbecfc501a000,e0da86ac3d6f91ed071871ee6ad42a7b5719ee742260860fbf126c343943c6b6
E14:slattery2013:24:1:explicit_cue:separate:source_reference,Slattery:24,explicit_cue,1,last12,separate,source_reference,1.8768342949915677,2,4.515361041744025,generic_or_habitual,False,566a127aba70f82112a34477e392c638564dd933672750f61db89577bdbf1bcd,10bc493aab4f5bbad24e5c4347d3b78461e3d07903e02e954ade977e3f1a306d
E14:slattery2013:24:1:explicit_cue:separate:source_np,Slattery:24,explicit_cue,1,last12,separate,source_np,7.330445110797882,2,5.241918913840961,generic_or_habitual,False,7dbf23ed43445fa4fd26fbba146f2c52b7989d27766f764d140f38546c81300f,10bc493aab4f5bbad24e5c4347d3b78461e3d07903e02e954ade977e3f1a306d
